dataset,image_id,raw_gt_boxes,eligible_gt_boxes,raw_gt_relations,eligible_gt_relations,n_objects,n_relation_candidates,n_label_variables,n_relation_variables,n_binary_variables,n_constraints,n_domain_constraints,n_range_constraints,relation_budget,candidate_build_time_s,solver_time_s,repair_time_s,solver_pipeline_time_s,solve_wrapper_time_s,end_to_end_time_s,solver_status,fallback,fallback_trigger,objective_value,violations,applicable_checks_Q,constraint_compliance_pct,traceability_rate_pct,explanation_completeness_pct,avg_evidence_items_per_assertion,detector_tp,detector_fp,detector_fn,detector_precision,detector_recall,detector_f1,detector_miou,local_tp,local_fp,local_fn,local_precision,local_recall,local_f1,local_miou,ocosl_tp,ocosl_fp,ocosl_fn,ocosl_precision,ocosl_recall,ocosl_f1,ocosl_miou,rel_raw_tp,rel_raw_fp,rel_raw_fn,rel_raw_precision,rel_raw_recall,rel_raw_f1,rel_enrich_tp,rel_enrich_fp,rel_enrich_fn,rel_enrich_precision,rel_enrich_recall,rel_enrich_f1
COCO,397133,19,19,0,0,9,140,18,140,158,82,0,0,18,0.027384497000014107,0.2476885260000472,0.0,0.2476885260000472,0.2480640670000298,0.2754492259999779,Optimal,0,none,7.415990853309635,0,28,100.0,100.0,100.0,2.0,7,2,12,0.7777777777777778,0.3684210526315789,0.5,0.8169959153301155,7,2,12,0.7777777777777778,0.3684210526315789,0.5,0.8169959153301155,7,2,12,0.7777777777777778,0.3684210526315789,0.5,0.8169959153301155,0,0,0,0.0,0.0,0.0,0,0,0,0.0,0.0,0.0
COCO,37777,14,14,0,0,10,206,20,206,226,101,0,0,20,0.020069191000004594,0.015921650999985104,0.0,0.015921650999985104,0.016304703000002974,0.03637462299997196,Optimal,0,none,7.993419081874307,0,31,100.0,100.0,100.0,2.0,8,2,6,0.8,0.5714285714285714,0.6666666666666666,0.8665902376234738,8,2,6,0.8,0.5714285714285714,0.6666666666666666,0.8665902376234738,8,2,6,0.8,0.5714285714285714,0.6666666666666666,0.8665902376234738,0,0,0,0.0,0.0,0.0,0,0,0,0.0,0.0,0.0
COCO,252219,7,7,0,0,6,49,12,49,61,37,0,0,12,0.013771909000013238,0.009161079000023165,0.0,0.009161079000023165,0.009368969999968613,0.023141409000004387,Optimal,0,none,5.159939947814005,0,19,100.0,100.0,100.0,2.0,5,1,2,0.8333333333333334,0.7142857142857143,0.7692307692307692,0.9439183427943287,5,1,2,0.8333333333333334,0.7142857142857143,0.7692307692307692,0.9439183427943287,5,1,2,0.8333333333333334,0.7142857142857143,0.7692307692307692,0.9439183427943287,0,0,0,0.0,0.0,0.0,0,0,0,0.0,0.0,0.0
COCO,87038,17,17,0,0,14,287,28,287,315,197,0,0,28,0.06059680099997422,0.019079854000040086,0.0,0.019079854000040086,0.01967722199998434,0.0802744739999639,Optimal,0,none,10.95348351704188,0,43,100.0,100.0,100.0,2.0,8,6,9,0.5714285714285714,0.47058823529411764,0.5161290322580646,0.7713169576311789,8,6,9,0.5714285714285714,0.47058823529411764,0.5161290322580646,0.7713169576311789,8,6,9,0.5714285714285714,0.47058823529411764,0.5161290322580646,0.7713169576311789,0,0,0,0.0,0.0,0.0,0,0,0,0.0,0.0,0.0
COCO,174482,12,12,0,0,10,154,20,154,174,101,0,0,20,0.09598716499999682,0.012821411000004446,0.0,0.012821411000004446,0.013163881999957994,0.10915146899998263,Optimal,0,none,8.007033654212982,0,31,100.0,100.0,100.0,2.0,4,6,8,0.4,0.3333333333333333,0.3636363636363636,0.823688080298954,4,6,8,0.4,0.3333333333333333,0.3636363636363636,0.823688080298954,4,6,8,0.4,0.3333333333333333,0.3636363636363636,0.823688080298954,0,0,0,0.0,0.0,0.0,0,0,0,0.0,0.0,0.0
COCO,403385,2,2,0,0,3,10,6,10,16,10,0,0,6,0.05458148899998605,0.007073303999959535,0.0,0.007073303999959535,0.007206870000004528,0.06178882599999724,Optimal,0,none,2.399567849636078,0,10,100.0,100.0,100.0,2.0,2,1,0,0.6666666666666666,1.0,0.8,0.8313655951927312,2,1,0,0.6666666666666666,1.0,0.8,0.8313655951927312,2,1,0,0.6666666666666666,1.0,0.8,0.8313655951927312,0,0,0,0.0,0.0,0.0,0,0,0,0.0,0.0,0.0
COCO,6818,1,1,0,0,1,0,2,0,2,1,0,0,2,0.052912809000019934,0.005929019000006974,0.0,0.005929019000006974,0.005992881999986821,0.058906331000002865,Optimal,0,none,0.40166943470637007,0,2,100.0,100.0,100.0,2.0,1,0,0,1.0,1.0,1.0,0.865488981028744,1,0,0,1.0,1.0,1.0,0.865488981028744,1,0,0,1.0,1.0,1.0,0.865488981028744,0,0,0,0.0,0.0,0.0,0,0,0,0.0,0.0,0.0
COCO,480985,13,13,0,0,5,38,10,38,48,26,0,0,10,0.05483045300002232,0.009548306999988654,0.0,0.009548306999988654,0.009740220999958638,0.06457115300003125,Optimal,0,none,4.010178490479788,0,16,100.0,100.0,100.0,2.0,4,1,9,0.8,0.3076923076923077,0.4444444444444444,0.8246246488940939,4,1,9,0.8,0.3076923076923077,0.4444444444444444,0.8246246488940939,4,1,9,0.8,0.3076923076923077,0.4444444444444444,0.8246246488940939,0,0,0,0.0,0.0,0.0,0,0,0,0.0,0.0,0.0
COCO,458054,10,10,0,0,3,9,6,9,15,10,0,0,6,0.014906406000022798,0.006792179000001397,0.0,0.006792179000001397,0.006915311999989626,0.02182236499999135,Optimal,0,none,2.283347113132477,0,10,100.0,100.0,100.0,2.0,2,1,8,0.6666666666666666,0.2,0.30769230769230765,0.6486358711314193,2,1,8,0.6666666666666666,0.2,0.30769230769230765,0.6486358711314193,2,1,8,0.6666666666666666,0.2,0.30769230769230765,0.6486358711314193,0,0,0,0.0,0.0,0.0,0,0,0,0.0,0.0,0.0
COCO,331352,2,2,0,0,3,11,6,11,17,10,0,0,6,0.013573040000039782,0.0066229509999971015,0.0,0.0066229509999971015,0.00674600300004613,0.020319556000004013,Optimal,0,none,2.4495774768861396,0,10,100.0,100.0,100.0,2.0,1,2,1,0.3333333333333333,0.5,0.4,0.8180303677598093,1,2,1,0.3333333333333333,0.5,0.4,0.8180303677598093,1,2,1,0.3333333333333333,0.5,0.4,0.8180303677598093,0,0,0,0.0,0.0,0.0,0,0,0,0.0,0.0,0.0
COCO,296649,26,26,0,0,18,549,36,549,585,325,0,0,36,0.02136223700000528,0.02683129000001827,0.0,0.02683129000001827,0.02762650299996494,0.048989252000012584,Optimal,0,none,14.705665836181993,0,55,100.0,100.0,100.0,2.0,12,6,14,0.6666666666666666,0.46153846153846156,0.5454545454545455,0.745083718096633,12,6,14,0.6666666666666666,0.46153846153846156,0.5454545454545455,0.745083718096633,12,6,14,0.6666666666666666,0.46153846153846156,0.5454545454545455,0.745083718096633,0,0,0,0.0,0.0,0.0,0,0,0,0.0,0.0,0.0
COCO,386912,18,18,0,0,6,57,12,57,69,37,0,0,12,0.016070404000004146,0.009044882000011967,0.0,0.009044882000011967,0.009255738000035763,0.025326621999965937,Optimal,0,none,4.6811424123709715,0,19,100.0,100.0,100.0,2.0,1,5,17,0.16666666666666666,0.05555555555555555,0.08333333333333333,0.7858375823690464,1,5,17,0.16666666666666666,0.05555555555555555,0.08333333333333333,0.7858375823690464,1,5,17,0.16666666666666666,0.05555555555555555,0.08333333333333333,0.7858375823690464,0,0,0,0.0,0.0,0.0,0,0,0,0.0,0.0,0.0
COCO,502136,4,4,0,0,4,22,8,22,30,17,0,0,8,0.05694787400000223,0.007897006999996847,0.0,0.007897006999996847,0.008051071000011234,0.06499936500000558,Optimal,0,none,3.196127138564981,0,13,100.0,100.0,100.0,2.0,4,0,0,1.0,1.0,1.0,0.8149914915050892,4,0,0,1.0,1.0,1.0,0.8149914915050892,4,0,0,1.0,1.0,1.0,0.8149914915050892,0,0,0,0.0,0.0,0.0,0,0,0,0.0,0.0,0.0
COCO,491497,12,12,0,0,3,12,6,12,18,10,0,0,6,0.013778580999996848,0.006857431999947039,0.0,0.006857431999947039,0.006993589999979122,0.02077269000000115,Optimal,0,none,2.453831586837769,0,10,100.0,100.0,100.0,2.0,1,2,11,0.3333333333333333,0.08333333333333333,0.13333333333333333,0.95372730656882,1,2,11,0.3333333333333333,0.08333333333333333,0.13333333333333333,0.95372730656882,1,2,11,0.3333333333333333,0.08333333333333333,0.13333333333333333,0.95372730656882,0,0,0,0.0,0.0,0.0,0,0,0,0.0,0.0,0.0
COCO,184791,7,7,0,0,5,41,10,41,51,26,0,0,10,0.014406409000002895,0.008057632000031845,0.0,0.008057632000031845,0.008231975999990482,0.022638768000035725,Optimal,0,none,4.211628561801315,0,16,100.0,100.0,100.0,2.0,4,1,3,0.8,0.5714285714285714,0.6666666666666666,0.8904596346698382,4,1,3,0.8,0.5714285714285714,0.6666666666666666,0.8904596346698382,4,1,3,0.8,0.5714285714285714,0.6666666666666666,0.8904596346698382,0,0,0,0.0,0.0,0.0,0,0,0,0.0,0.0,0.0
COCO,348881,5,5,0,0,4,22,8,22,30,17,0,0,8,0.013996831000042675,0.007349571000020205,0.0,0.007349571000020205,0.007488424999962717,0.021485697999992226,Optimal,0,none,3.1243673769632987,0,13,100.0,100.0,100.0,2.0,3,1,2,0.75,0.6,0.6666666666666665,0.9009330709441116,3,1,2,0.75,0.6,0.6666666666666665,0.9009330709441116,3,1,2,0.75,0.6,0.6666666666666665,0.9009330709441116,0,0,0,0.0,0.0,0.0,0,0,0,0.0,0.0,0.0
COCO,289393,4,4,0,0,6,58,12,58,70,37,0,0,12,0.014443911999990178,0.009495778999962567,0.0,0.009495778999962567,0.009718577000001005,0.024163332000000537,Optimal,0,none,4.627753603458406,0,19,100.0,100.0,100.0,2.0,1,5,3,0.16666666666666666,0.25,0.2,0.9684531675177958,1,5,3,0.16666666666666666,0.25,0.2,0.9684531675177958,1,5,3,0.16666666666666666,0.25,0.2,0.9684531675177958,0,0,0,0.0,0.0,0.0,0,0,0,0.0,0.0,0.0
COCO,522713,13,13,0,0,3,12,6,12,18,10,0,0,6,0.013301705000003494,0.0068488139999658415,0.0,0.0068488139999658415,0.006970923999972456,0.020273164000002453,Optimal,0,none,2.365962276458741,0,10,100.0,100.0,100.0,2.0,2,1,11,0.6666666666666666,0.15384615384615385,0.25,0.899708122242201,2,1,11,0.6666666666666666,0.15384615384615385,0.25,0.899708122242201,2,1,11,0.6666666666666666,0.15384615384615385,0.25,0.899708122242201,0,0,0,0.0,0.0,0.0,0,0,0,0.0,0.0,0.0
COCO,181666,16,16,0,0,11,173,22,173,195,122,0,0,22,0.01460445999998683,0.013953575000016372,0.0,0.013953575000016372,0.014315988000021207,0.028920915999947283,Optimal,0,none,9.067154248555504,0,34,100.0,100.0,100.0,2.0,9,2,7,0.8181818181818182,0.5625,0.6666666666666666,0.8543766217032819,9,2,7,0.8181818181818182,0.5625,0.6666666666666666,0.8543766217032819,9,2,7,0.8181818181818182,0.5625,0.6666666666666666,0.8543766217032819,0,0,0,0.0,0.0,0.0,0,0,0,0.0,0.0,0.0
COCO,17627,16,16,0,0,13,241,26,241,267,170,0,0,26,0.017861435999975583,0.01688446399998611,0.0,0.01688446399998611,0.017287516999999752,0.035149477999993906,Optimal,0,none,10.890786124865217,0,40,100.0,100.0,100.0,2.0,12,1,4,0.9230769230769231,0.75,0.8275862068965517,0.8698758425245191,12,1,4,0.9230769230769231,0.75,0.8275862068965517,0.8698758425245191,12,1,4,0.9230769230769231,0.75,0.8275862068965517,0.8698758425245191,0,0,0,0.0,0.0,0.0,0,0,0,0.0,0.0,0.0
COCO,143931,2,2,0,0,3,12,6,12,18,10,0,0,6,0.014587672000004659,0.007042497999975694,0.0,0.007042497999975694,0.007164196000019274,0.021752257000002828,Optimal,0,none,2.2904903626441953,0,10,100.0,100.0,100.0,2.0,2,1,0,0.6666666666666666,1.0,0.8,0.9370136853511397,2,1,0,0.6666666666666666,1.0,0.8,0.9370136853511397,2,1,0,0.6666666666666666,1.0,0.8,0.9370136853511397,0,0,0,0.0,0.0,0.0,0,0,0,0.0,0.0,0.0
COCO,303818,18,18,0,0,13,263,26,263,289,170,0,0,26,0.017256530999986808,0.018135314000005565,0.0,0.018135314000005565,0.018569675000037478,0.03582666500000187,Optimal,0,none,10.652203837937765,0,40,100.0,100.0,100.0,2.0,12,1,6,0.9230769230769231,0.6666666666666666,0.7741935483870968,0.8007256033868532,12,1,6,0.9230769230769231,0.6666666666666666,0.7741935483870968,0.8007256033868532,12,1,6,0.9230769230769231,0.6666666666666666,0.7741935483870968,0.8007256033868532,0,0,0,0.0,0.0,0.0,0,0,0,0.0,0.0,0.0
COCO,463730,22,22,0,0,13,271,26,271,297,170,0,0,26,0.015743423999992956,0.021961777000001348,0.0,0.021961777000001348,0.022420454000041445,0.03816447500003051,Optimal,0,none,10.813683214014402,0,40,100.0,100.0,100.0,2.0,9,4,13,0.6923076923076923,0.4090909090909091,0.5142857142857142,0.8717693013268242,9,4,13,0.6923076923076923,0.4090909090909091,0.5142857142857142,0.8717693013268242,9,4,13,0.6923076923076923,0.4090909090909091,0.5142857142857142,0.8717693013268242,0,0,0,0.0,0.0,0.0,0,0,0,0.0,0.0,0.0
COCO,460347,7,7,0,0,6,53,12,53,65,37,0,0,12,0.01480630700001484,0.009601952000025449,0.0,0.009601952000025449,0.00981967400002759,0.024626442999988285,Optimal,0,none,5.201735758781434,0,19,100.0,100.0,100.0,2.0,6,0,1,1.0,0.8571428571428571,0.923076923076923,0.861551404788484,6,0,1,1.0,0.8571428571428571,0.923076923076923,0.861551404788484,6,0,1,1.0,0.8571428571428571,0.923076923076923,0.861551404788484,0,0,0,0.0,0.0,0.0,0,0,0,0.0,0.0,0.0
COCO,322864,6,6,0,0,9,137,18,137,155,82,0,0,18,0.014315109999984088,0.01391889399997126,0.0,0.01391889399997126,0.014265685999987454,0.02858123699996895,Optimal,0,none,7.368748041309775,0,28,100.0,100.0,100.0,2.0,6,3,0,0.6666666666666666,1.0,0.8,0.8508833946923676,6,3,0,0.6666666666666666,1.0,0.8,0.8508833946923676,6,3,0,0.6666666666666666,1.0,0.8,0.8508833946923676,0,0,0,0.0,0.0,0.0,0,0,0,0.0,0.0,0.0
COCO,226111,0,0,0,0,0,0,0,0,0,0,0,0,1,0.012624164999976983,0.005377581999994163,0.0,0.005377581999994163,0.005422103000000789,0.01804666499998575,Optimal,0,none,,0,1,100.0,0.0,0.0,0.0,0,0,0,0.0,0.0,0.0,0.0,0,0,0,0.0,0.0,0.0,0.0,0,0,0,0.0,0.0,0.0,0.0,0,0,0,0.0,0.0,0.0,0,0,0,0.0,0.0,0.0
COCO,153299,2,2,0,0,2,4,4,4,8,5,0,0,4,0.058447978000003786,0.0071916769999802455,0.0,0.0071916769999802455,0.007291626999972323,0.06574011899999732,Optimal,0,none,1.4176609309514365,0,5,100.0,100.0,100.0,2.0,2,0,0,1.0,1.0,1.0,0.9488826382422703,2,0,0,1.0,1.0,1.0,0.9488826382422703,2,0,0,1.0,1.0,1.0,0.9488826382422703,0,0,0,0.0,0.0,0.0,0,0,0,0.0,0.0,0.0
COCO,308394,4,4,0,0,4,22,8,22,30,17,0,0,8,0.013517502000013337,0.007980957999961902,0.0,0.007980957999961902,0.008139086000028328,0.021657151999988855,Optimal,0,none,3.3673338977495844,0,13,100.0,100.0,100.0,2.0,2,2,2,0.5,0.5,0.5,0.7329136725544038,2,2,2,0.5,0.5,0.5,0.7329136725544038,2,2,2,0.5,0.5,0.5,0.7329136725544038,0,0,0,0.0,0.0,0.0,0,0,0,0.0,0.0,0.0
COCO,456496,5,5,0,0,4,23,8,23,31,17,0,0,8,0.013722732000019278,0.008070615999997699,0.0,0.008070615999997699,0.008225503999994999,0.021948799000028885,Optimal,0,none,3.474457414993191,0,13,100.0,100.0,100.0,2.0,4,0,1,1.0,0.8,0.888888888888889,0.8763608343842586,4,0,1,1.0,0.8,0.888888888888889,0.8763608343842586,4,0,1,1.0,0.8,0.888888888888889,0.8763608343842586,0,0,0,0.0,0.0,0.0,0,0,0,0.0,0.0,0.0
COCO,58636,0,0,0,0,0,0,0,0,0,0,0,0,1,0.05670484300003409,0.005031337999980678,0.0,0.005031337999980678,0.005070191000015711,0.061775387000011506,Optimal,0,none,,0,1,100.0,0.0,0.0,0.0,0,0,0,0.0,0.0,0.0,0.0,0,0,0,0.0,0.0,0.0,0.0,0,0,0,0.0,0.0,0.0,0.0,0,0,0,0.0,0.0,0.0,0,0,0,0.0,0.0,0.0
COCO,41888,3,3,0,0,4,24,8,24,32,17,0,0,8,0.01664501699997345,0.00765344600000617,0.0,0.00765344600000617,0.007803329000012127,0.024448747000008098,Optimal,0,none,3.5362014267167847,0,13,100.0,100.0,100.0,2.0,3,1,0,0.75,1.0,0.8571428571428571,0.8432422714140281,3,1,0,0.75,1.0,0.8571428571428571,0.8432422714140281,3,1,0,0.75,1.0,0.8571428571428571,0.8432422714140281,0,0,0,0.0,0.0,0.0,0,0,0,0.0,0.0,0.0
COCO,184321,1,1,0,0,2,4,4,4,8,5,0,0,4,0.013916759999972328,0.006651395999995202,0.0,0.006651395999995202,0.006749944999967283,0.02066712899994627,Optimal,0,none,1.321432557900747,0,5,100.0,100.0,100.0,2.0,1,1,0,0.5,1.0,0.6666666666666666,0.8376666561543347,1,1,0,0.5,1.0,0.6666666666666666,0.8376666561543347,1,1,0,0.5,1.0,0.6666666666666666,0.8376666561543347,0,0,0,0.0,0.0,0.0,0,0,0,0.0,0.0,0.0
COCO,565778,7,7,0,0,6,62,12,62,74,37,0,0,12,0.015221617000008791,0.009129703999974481,0.0,0.009129703999974481,0.00935560299996041,0.024577614000008907,Optimal,0,none,4.765321777459583,0,19,100.0,100.0,100.0,2.0,2,4,5,0.3333333333333333,0.2857142857142857,0.30769230769230765,0.729957304856195,2,4,5,0.3333333333333333,0.2857142857142857,0.30769230769230765,0.729957304856195,2,4,5,0.3333333333333333,0.2857142857142857,0.30769230769230765,0.729957304856195,0,0,0,0.0,0.0,0.0,0,0,0,0.0,0.0,0.0
COCO,297343,1,1,0,0,1,0,2,0,2,1,0,0,2,0.012914085000033992,0.006875706000016635,0.0,0.006875706000016635,0.006941122999990057,0.019855549000055817,Optimal,0,none,0.6271525780359903,0,2,100.0,100.0,100.0,2.0,1,0,0,1.0,1.0,1.0,0.9501271700910937,1,0,0,1.0,1.0,1.0,0.9501271700910937,1,0,0,1.0,1.0,1.0,0.9501271700910937,0,0,0,0.0,0.0,0.0,0,0,0,0.0,0.0,0.0
COCO,336587,2,2,0,0,1,0,2,0,2,1,0,0,2,0.013262070999985553,0.006176305999986198,0.0,0.006176305999986198,0.006243206000021928,0.0195057120000115,Optimal,0,none,0.6377704779307047,0,2,100.0,100.0,100.0,2.0,1,0,1,1.0,0.5,0.6666666666666666,0.934051405058407,1,0,1,1.0,0.5,0.6666666666666666,0.934051405058407,1,0,1,1.0,0.5,0.6666666666666666,0.934051405058407,0,0,0,0.0,0.0,0.0,0,0,0,0.0,0.0,0.0
COCO,122745,1,1,0,0,1,0,2,0,2,1,0,0,2,0.011781689000031292,0.006019401999992624,0.0,0.006019401999992624,0.006088247999969099,0.01787040300001763,Optimal,0,none,0.6431759516398112,0,2,100.0,100.0,100.0,2.0,1,0,0,1.0,1.0,1.0,0.9355064658926157,1,0,0,1.0,1.0,1.0,0.9355064658926157,1,0,0,1.0,1.0,1.0,0.9355064658926157,0,0,0,0.0,0.0,0.0,0,0,0,0.0,0.0,0.0
COCO,219578,4,4,0,0,5,30,10,30,40,26,0,0,10,0.014935212000011688,0.008129789000008714,0.0,0.008129789000008714,0.008301028999994742,0.02323669399999062,Optimal,0,none,3.7787921230312054,0,16,100.0,100.0,100.0,2.0,2,3,2,0.4,0.5,0.4444444444444445,0.6966718592030589,2,3,2,0.4,0.5,0.4444444444444445,0.6966718592030589,2,3,2,0.4,0.5,0.4444444444444445,0.6966718592030589,0,0,0,0.0,0.0,0.0,0,0,0,0.0,0.0,0.0
COCO,555705,2,2,0,0,2,2,4,2,6,5,0,0,4,0.05500296800005344,0.00656231900001103,0.0,0.00656231900001103,0.006660140000008141,0.06166357400002198,Optimal,0,none,1.4991598733266194,0,5,100.0,100.0,100.0,2.0,2,0,0,1.0,1.0,1.0,0.9626401196979626,2,0,0,1.0,1.0,1.0,0.9626401196979626,2,0,0,1.0,1.0,1.0,0.9626401196979626,0,0,0,0.0,0.0,0.0,0,0,0,0.0,0.0,0.0
COCO,443303,3,3,0,0,3,10,6,10,16,10,0,0,6,0.01458736800003635,0.0065185749999727705,0.0,0.0065185749999727705,0.006643124999982319,0.021230934000016077,Optimal,0,none,2.494533546663379,0,10,100.0,100.0,100.0,2.0,2,1,1,0.6666666666666666,0.6666666666666666,0.6666666666666666,0.9661025522115054,2,1,1,0.6666666666666666,0.6666666666666666,0.6666666666666666,0.9661025522115054,2,1,1,0.6666666666666666,0.6666666666666666,0.6666666666666666,0.9661025522115054,0,0,0,0.0,0.0,0.0,0,0,0,0.0,0.0,0.0
COCO,500663,3,3,0,0,5,40,10,40,50,26,0,0,10,0.012875483000016175,0.007979766000005384,0.0,0.007979766000005384,0.008153625000034026,0.021029666000004,Optimal,0,none,4.046127796967826,0,16,100.0,100.0,100.0,2.0,2,3,1,0.4,0.6666666666666666,0.5,0.8226944120386419,2,3,1,0.4,0.6666666666666666,0.5,0.8226944120386419,2,3,1,0.4,0.6666666666666666,0.5,0.8226944120386419,0,0,0,0.0,0.0,0.0,0,0,0,0.0,0.0,0.0
COCO,418281,2,2,0,0,2,2,4,2,6,5,0,0,4,0.01565096199999516,0.006489086999977189,0.0,0.006489086999977189,0.0066056489999937185,0.02225697599999421,Optimal,0,none,1.4189747699101765,0,5,100.0,100.0,100.0,2.0,2,0,0,1.0,1.0,1.0,0.9271876557619712,2,0,0,1.0,1.0,1.0,0.9271876557619712,2,0,0,1.0,1.0,1.0,0.9271876557619712,0,0,0,0.0,0.0,0.0,0,0,0,0.0,0.0,0.0
COCO,25560,4,4,0,0,4,22,8,22,30,17,0,0,8,0.01345429600002035,0.007349963000024218,0.0,0.007349963000024218,0.0074945529999581595,0.020949303000008968,Optimal,0,none,3.560311493078869,0,13,100.0,100.0,100.0,2.0,4,0,0,1.0,1.0,1.0,0.9373551420853694,4,0,0,1.0,1.0,1.0,0.9373551420853694,4,0,0,1.0,1.0,1.0,0.9373551420853694,0,0,0,0.0,0.0,0.0,0,0,0,0.0,0.0,0.0
COCO,403817,3,3,0,0,3,10,6,10,16,10,0,0,6,0.012431939999999031,0.006551040999966062,0.0,0.006551040999966062,0.006690445999993244,0.019122741000046517,Optimal,0,none,2.3131408429145814,0,10,100.0,100.0,100.0,2.0,1,2,2,0.3333333333333333,0.3333333333333333,0.3333333333333333,0.9051428101129361,1,2,2,0.3333333333333333,0.3333333333333333,0.3333333333333333,0.9051428101129361,1,2,2,0.3333333333333333,0.3333333333333333,0.3333333333333333,0.9051428101129361,0,0,0,0.0,0.0,0.0,0,0,0,0.0,0.0,0.0
COCO,85329,2,2,0,0,2,5,4,5,9,5,0,0,4,0.011604143999988992,0.006281765000039741,0.0,0.006281765000039741,0.006383314999993672,0.01798793900002238,Optimal,0,none,1.3354805620511376,0,5,100.0,100.0,100.0,2.0,2,0,0,1.0,1.0,1.0,0.8781631361289199,2,0,0,1.0,1.0,1.0,0.8781631361289199,2,0,0,1.0,1.0,1.0,0.8781631361289199,0,0,0,0.0,0.0,0.0,0,0,0,0.0,0.0,0.0
COCO,329323,14,14,0,0,14,327,28,327,355,197,0,0,28,0.017078588000003947,0.02056452699997635,0.0,0.02056452699997635,0.021084111999982724,0.038163191000023744,Optimal,0,none,11.068013398633544,0,43,100.0,100.0,100.0,2.0,9,5,5,0.6428571428571429,0.6428571428571429,0.6428571428571429,0.7821009450737132,9,5,5,0.6428571428571429,0.6428571428571429,0.6428571428571429,0.7821009450737132,9,5,5,0.6428571428571429,0.6428571428571429,0.6428571428571429,0.7821009450737132,0,0,0,0.0,0.0,0.0,0,0,0,0.0,0.0,0.0
COCO,239274,14,14,0,0,9,138,18,138,156,82,0,0,18,0.019382741000015358,0.011776835999967261,0.0,0.011776835999967261,0.01235253200002262,0.031735974000014266,Optimal,0,none,6.873731297625851,0,28,100.0,100.0,100.0,2.0,7,2,7,0.7777777777777778,0.5,0.6086956521739131,0.7486403499161444,7,2,7,0.7777777777777778,0.5,0.6086956521739131,0.7486403499161444,7,2,7,0.7777777777777778,0.5,0.6086956521739131,0.7486403499161444,0,0,0,0.0,0.0,0.0,0,0,0,0.0,0.0,0.0
COCO,286994,9,9,0,0,8,106,16,106,122,65,0,0,16,0.016352079000000685,0.011164376000010634,0.0,0.011164376000010634,0.01140596799996274,0.027758497000036186,Optimal,0,none,7.016174465020501,0,25,100.0,100.0,100.0,2.0,8,0,1,1.0,0.8888888888888888,0.9411764705882353,0.9035310451846059,8,0,1,1.0,0.8888888888888888,0.9411764705882353,0.9035310451846059,8,0,1,1.0,0.8888888888888888,0.9411764705882353,0.9035310451846059,0,0,0,0.0,0.0,0.0,0,0,0,0.0,0.0,0.0
COCO,511321,4,4,0,0,2,4,4,4,8,5,0,0,4,0.014660111000011966,0.007004292000033274,0.0,0.007004292000033274,0.007112519999964206,0.021773155000005318,Optimal,0,none,1.49132621606191,0,5,100.0,100.0,100.0,2.0,2,0,2,1.0,0.5,0.6666666666666666,0.9047976793739541,2,0,2,1.0,0.5,0.6666666666666666,0.9047976793739541,2,0,2,1.0,0.5,0.6666666666666666,0.9047976793739541,0,0,0,0.0,0.0,0.0,0,0,0,0.0,0.0,0.0
COCO,314294,2,2,0,0,1,0,2,0,2,1,0,0,2,0.01429509400003326,0.006157604999998512,0.0,0.006157604999998512,0.006224610999993274,0.020520215000033204,Optimal,0,none,0.6317509333292644,0,2,100.0,100.0,100.0,2.0,1,0,1,1.0,0.5,0.6666666666666666,0.9550233309924421,1,0,1,1.0,0.5,0.6666666666666666,0.9550233309924421,1,0,1,1.0,0.5,0.6666666666666666,0.9550233309924421,0,0,0,0.0,0.0,0.0,0,0,0,0.0,0.0,0.0
COCO,233771,17,17,0,0,13,279,26,279,305,170,0,0,26,0.017294590000005883,0.017148175999977866,0.0,0.017148175999977866,0.017642143999978543,0.03493717800000695,Optimal,0,none,10.75404127390712,0,40,100.0,100.0,100.0,2.0,10,3,7,0.7692307692307693,0.5882352941176471,0.6666666666666667,0.8174450370727137,10,3,7,0.7692307692307693,0.5882352941176471,0.6666666666666667,0.8174450370727137,10,3,7,0.7692307692307693,0.5882352941176471,0.6666666666666667,0.8174450370727137,0,0,0,0.0,0.0,0.0,0,0,0,0.0,0.0,0.0
COCO,475779,1,1,0,0,1,0,2,0,2,1,0,0,2,0.016667982999990727,0.006194010000001526,0.0,0.006194010000001526,0.006262065999976585,0.02293051999998852,Optimal,0,none,0.633105484644572,0,2,100.0,100.0,100.0,2.0,1,0,0,1.0,1.0,1.0,0.9785257647243346,1,0,0,1.0,1.0,1.0,0.9785257647243346,1,0,0,1.0,1.0,1.0,0.9785257647243346,0,0,0,0.0,0.0,0.0,0,0,0,0.0,0.0,0.0
COCO,301867,7,7,0,0,8,91,16,91,107,65,0,0,16,0.015066112999988945,0.011126352000019324,0.0,0.011126352000019324,0.011405910999997104,0.026472576999992725,Optimal,0,none,6.570626293651309,0,25,100.0,100.0,100.0,2.0,5,3,2,0.625,0.7142857142857143,0.6666666666666666,0.9144348199788158,5,3,2,0.625,0.7142857142857143,0.6666666666666666,0.9144348199788158,5,3,2,0.625,0.7142857142857143,0.6666666666666666,0.9144348199788158,0,0,0,0.0,0.0,0.0,0,0,0,0.0,0.0,0.0
COCO,312421,12,12,0,0,6,56,12,56,68,37,0,0,12,0.015428731000042717,0.009276214999999866,0.0,0.009276214999999866,0.009488877000023876,0.024918170000034934,Optimal,0,none,4.820227384702566,0,19,100.0,100.0,100.0,2.0,6,0,6,1.0,0.5,0.6666666666666666,0.8189945394528281,6,0,6,1.0,0.5,0.6666666666666666,0.8189945394528281,6,0,6,1.0,0.5,0.6666666666666666,0.8189945394528281,0,0,0,0.0,0.0,0.0,0,0,0,0.0,0.0,0.0
COCO,185250,5,5,0,0,5,40,10,40,50,26,0,0,10,0.05435946700004024,0.008353757000008954,0.0,0.008353757000008954,0.008555020000017066,0.062914974000023,Optimal,0,none,4.287565458615623,0,16,100.0,100.0,100.0,2.0,4,1,1,0.8,0.8,0.8000000000000002,0.8601055273216794,4,1,1,0.8,0.8,0.8000000000000002,0.8601055273216794,4,1,1,0.8,0.8,0.8000000000000002,0.8601055273216794,0,0,0,0.0,0.0,0.0,0,0,0,0.0,0.0,0.0
COCO,356427,8,8,0,0,5,37,10,37,47,26,0,0,10,0.014304612999978872,0.008110842999997203,0.0,0.008110842999997203,0.008302138999965791,0.022607238999967194,Optimal,0,none,4.017825134818338,0,16,100.0,100.0,100.0,2.0,2,3,6,0.4,0.25,0.3076923076923077,0.8099377506462,2,3,6,0.4,0.25,0.3076923076923077,0.8099377506462,2,3,6,0.4,0.25,0.3076923076923077,0.8099377506462,0,0,0,0.0,0.0,0.0,0,0,0,0.0,0.0,0.0
COCO,572517,2,2,0,0,2,4,4,4,8,5,0,0,4,0.013986705999968763,0.006358126999998603,0.0,0.006358126999998603,0.006467221999969297,0.020454407999977775,Optimal,0,none,1.457701948483785,0,5,100.0,100.0,100.0,2.0,2,0,0,1.0,1.0,1.0,0.924342726378528,2,0,0,1.0,1.0,1.0,0.924342726378528,2,0,0,1.0,1.0,1.0,0.924342726378528,0,0,0,0.0,0.0,0.0,0,0,0,0.0,0.0,0.0
COCO,270244,1,1,0,0,1,0,2,0,2,1,0,0,2,0.01302593700000898,0.006887699000003522,0.0,0.006887699000003522,0.0069560869999918395,0.01998254900001939,Optimal,0,none,0.6308644215265911,0,2,100.0,100.0,100.0,2.0,1,0,0,1.0,1.0,1.0,0.840795439708816,1,0,0,1.0,1.0,1.0,0.840795439708816,1,0,0,1.0,1.0,1.0,0.840795439708816,0,0,0,0.0,0.0,0.0,0,0,0,0.0,0.0,0.0
COCO,516316,11,11,0,0,2,2,4,2,6,5,0,0,4,0.017933285999959026,0.007050681999999142,0.0,0.007050681999999142,0.007156075000011697,0.025089941999965504,Optimal,0,none,1.5535215266545612,0,5,100.0,100.0,100.0,2.0,2,0,9,1.0,0.18181818181818182,0.3076923076923077,0.9414513841583034,2,0,9,1.0,0.18181818181818182,0.3076923076923077,0.9414513841583034,2,0,9,1.0,0.18181818181818182,0.3076923076923077,0.9414513841583034,0,0,0,0.0,0.0,0.0,0,0,0,0.0,0.0,0.0
COCO,125211,1,1,0,0,3,12,6,12,18,10,0,0,6,0.014265102000024399,0.006473719000041456,0.0,0.006473719000041456,0.006599296999979742,0.020864914000014778,Optimal,0,none,2.3649517011642462,0,10,100.0,100.0,100.0,2.0,1,2,0,0.3333333333333333,1.0,0.5,0.963569132583068,1,2,0,0.3333333333333333,1.0,0.5,0.963569132583068,1,2,0,0.3333333333333333,1.0,0.5,0.963569132583068,0,0,0,0.0,0.0,0.0,0,0,0,0.0,0.0,0.0
COCO,562121,3,3,0,0,3,10,6,10,16,10,0,0,6,0.01408925100002989,0.0065654900000140515,0.0,0.0065654900000140515,0.00669422900000427,0.020783875000006446,Optimal,0,none,2.351312787532806,0,10,100.0,100.0,100.0,2.0,2,1,1,0.6666666666666666,0.6666666666666666,0.6666666666666666,0.7561501258585839,2,1,1,0.6666666666666666,0.6666666666666666,0.6666666666666666,0.7561501258585839,2,1,1,0.6666666666666666,0.6666666666666666,0.6666666666666666,0.7561501258585839,0,0,0,0.0,0.0,0.0,0,0,0,0.0,0.0,0.0
COCO,360661,7,7,0,0,9,129,18,129,147,82,0,0,18,0.013474483999971199,0.011812140999950316,0.0,0.011812140999950316,0.012139146000038181,0.025614123999957883,Optimal,0,none,7.685777737706435,0,28,100.0,100.0,100.0,2.0,7,2,0,0.7777777777777778,1.0,0.8750000000000001,0.9028823902591329,7,2,0,0.7777777777777778,1.0,0.8750000000000001,0.9028823902591329,7,2,0,0.7777777777777778,1.0,0.8750000000000001,0.9028823902591329,0,0,0,0.0,0.0,0.0,0,0,0,0.0,0.0,0.0
COCO,16228,21,21,0,0,14,322,28,322,350,197,0,0,28,0.01624167199997828,0.018872047999991537,0.0,0.018872047999991537,0.019424522999997862,0.03566687400001456,Optimal,0,none,10.767858353235804,0,43,100.0,100.0,100.0,2.0,10,4,11,0.7142857142857143,0.47619047619047616,0.5714285714285714,0.7741838276736939,10,4,11,0.7142857142857143,0.47619047619047616,0.5714285714285714,0.7741838276736939,10,4,11,0.7142857142857143,0.47619047619047616,0.5714285714285714,0.7741838276736939,0,0,0,0.0,0.0,0.0,0,0,0,0.0,0.0,0.0
COCO,382088,1,1,0,0,1,0,2,0,2,1,0,0,2,0.012804072999983873,0.006392173000051571,0.0,0.006392173000051571,0.0064607879999698525,0.01926557000001594,Optimal,0,none,0.6244161049524943,0,2,100.0,100.0,100.0,2.0,1,0,0,1.0,1.0,1.0,0.9699513852195896,1,0,0,1.0,1.0,1.0,0.9699513852195896,1,0,0,1.0,1.0,1.0,0.9699513852195896,0,0,0,0.0,0.0,0.0,0,0,0,0.0,0.0,0.0
COCO,266409,2,2,0,0,2,2,4,2,6,5,0,0,4,0.014380253000012999,0.006761307000033412,0.0,0.006761307000033412,0.006859329000008074,0.021240072000011878,Optimal,0,none,1.3411657842000326,0,5,100.0,100.0,100.0,2.0,2,0,0,1.0,1.0,1.0,0.7810603235767277,2,0,0,1.0,1.0,1.0,0.7810603235767277,2,0,0,1.0,1.0,1.0,0.7810603235767277,0,0,0,0.0,0.0,0.0,0,0,0,0.0,0.0,0.0
COCO,430961,4,4,0,0,5,40,10,40,50,26,0,0,10,0.012150357999985317,0.007874196999978267,0.0,0.007874196999978267,0.008054689000005055,0.02020553900001687,Optimal,0,none,3.9764236291249606,0,16,100.0,100.0,100.0,2.0,3,2,1,0.6,0.75,0.6666666666666665,0.7883610212908617,3,2,1,0.6,0.75,0.6666666666666665,0.7883610212908617,3,2,1,0.6,0.75,0.6666666666666665,0.7883610212908617,0,0,0,0.0,0.0,0.0,0,0,0,0.0,0.0,0.0
COCO,80671,2,2,0,0,2,5,4,5,9,5,0,0,4,0.013777659000027143,0.007191107999972246,0.0,0.007191107999972246,0.007293819000040003,0.021072013000036804,Optimal,0,none,1.3872120598958086,0,5,100.0,100.0,100.0,2.0,1,1,1,0.5,0.5,0.5,0.9670299623169736,1,1,1,0.5,0.5,0.5,0.9670299623169736,1,1,1,0.5,0.5,0.5,0.9670299623169736,0,0,0,0.0,0.0,0.0,0,0,0,0.0,0.0,0.0
COCO,577539,5,5,0,0,3,11,6,11,17,10,0,0,6,0.014264249999996537,0.007312573000035627,0.0,0.007312573000035627,0.007514275999994879,0.02177914500003908,Optimal,0,none,2.3271621799468996,0,10,100.0,100.0,100.0,2.0,1,2,4,0.3333333333333333,0.2,0.25,0.7554319873298312,1,2,4,0.3333333333333333,0.2,0.25,0.7554319873298312,1,2,4,0.3333333333333333,0.2,0.25,0.7554319873298312,0,0,0,0.0,0.0,0.0,0,0,0,0.0,0.0,0.0
COCO,104612,12,12,0,0,9,146,18,146,164,82,0,0,18,0.015349216000004162,0.012386429999992288,0.0,0.012386429999992288,0.012733034999996562,0.02808276600001136,Optimal,0,none,6.58403827428818,0,28,100.0,100.0,100.0,2.0,1,8,11,0.1111111111111111,0.08333333333333333,0.09523809523809525,0.6917891383749859,1,8,11,0.1111111111111111,0.08333333333333333,0.09523809523809525,0.6917891383749859,1,8,11,0.1111111111111111,0.08333333333333333,0.09523809523809525,0.6917891383749859,0,0,0,0.0,0.0,0.0,0,0,0,0.0,0.0,0.0
COCO,476258,2,2,0,0,2,2,4,2,6,5,0,0,4,0.013924848000044676,0.006624192000003859,0.0,0.006624192000003859,0.006760537999980443,0.020685930000013286,Optimal,0,none,1.5752455743153893,0,5,100.0,100.0,100.0,2.0,2,0,0,1.0,1.0,1.0,0.9719793232564455,2,0,0,1.0,1.0,1.0,0.9719793232564455,2,0,0,1.0,1.0,1.0,0.9719793232564455,0,0,0,0.0,0.0,0.0,0,0,0,0.0,0.0,0.0
COCO,448365,3,3,0,0,5,38,10,38,48,26,0,0,10,0.015788353000004918,0.010309280999990733,0.0,0.010309280999990733,0.010532689000001483,0.026321644999995897,Optimal,0,none,4.097281683043974,0,16,100.0,100.0,100.0,2.0,2,3,1,0.4,0.6666666666666666,0.5,0.9803119556281847,2,3,1,0.4,0.6666666666666666,0.5,0.9803119556281847,2,3,1,0.4,0.6666666666666666,0.5,0.9803119556281847,0,0,0,0.0,0.0,0.0,0,0,0,0.0,0.0,0.0
COCO,35197,3,3,0,0,4,24,8,24,32,17,0,0,8,0.014105659000051674,0.007456523000030302,0.0,0.007456523000030302,0.007600929000034284,0.021706993999998758,Optimal,0,none,3.3692140390874883,0,13,100.0,100.0,100.0,2.0,3,1,0,0.75,1.0,0.8571428571428571,0.8501119347283214,3,1,0,0.75,1.0,0.8571428571428571,0.8501119347283214,3,1,0,0.75,1.0,0.8571428571428571,0.8501119347283214,0,0,0,0.0,0.0,0.0,0,0,0,0.0,0.0,0.0
COCO,349860,8,8,0,0,6,59,12,59,71,37,0,0,12,0.021072332000017013,0.012726514999997107,0.0,0.012726514999997107,0.013175719000003028,0.03424904900003867,Optimal,0,none,5.021963761231294,0,19,100.0,100.0,100.0,2.0,5,1,3,0.8333333333333334,0.625,0.7142857142857143,0.8328911358115139,5,1,3,0.8333333333333334,0.625,0.7142857142857143,0.8328911358115139,5,1,3,0.8333333333333334,0.625,0.7142857142857143,0.8328911358115139,0,0,0,0.0,0.0,0.0,0,0,0,0.0,0.0,0.0
COCO,180135,2,2,0,0,3,6,6,6,12,10,0,0,6,0.014354296000021805,0.006969040000001314,0.0,0.006969040000001314,0.007100754999953551,0.021455622000019048,Optimal,0,none,2.442384905815125,0,10,100.0,100.0,100.0,2.0,2,1,0,0.6666666666666666,1.0,0.8,0.859106905817538,2,1,0,0.6666666666666666,1.0,0.8,0.859106905817538,2,1,0,0.6666666666666666,1.0,0.8,0.859106905817538,0,0,0,0.0,0.0,0.0,0,0,0,0.0,0.0,0.0
COCO,486438,9,9,0,0,9,136,18,136,154,82,0,0,18,0.01590143399999988,0.012821305999977994,0.0,0.012821305999977994,0.013244955000004666,0.029146943000000647,Optimal,0,none,8.1662691773041,0,28,100.0,100.0,100.0,2.0,8,1,1,0.8888888888888888,0.8888888888888888,0.8888888888888888,0.9179751336663114,8,1,1,0.8888888888888888,0.8888888888888888,0.8888888888888888,0.9179751336663114,8,1,1,0.8888888888888888,0.8888888888888888,0.8888888888888888,0.9179751336663114,0,0,0,0.0,0.0,0.0,0,0,0,0.0,0.0,0.0
COCO,400573,5,5,0,0,3,12,6,12,18,10,0,0,6,0.015415100999973674,0.007060168000009526,0.0,0.007060168000009526,0.007198939999966569,0.022614551000003758,Optimal,0,none,2.548252449035645,0,10,100.0,100.0,100.0,2.0,2,1,3,0.6666666666666666,0.4,0.5,0.9757622704224952,2,1,3,0.6666666666666666,0.4,0.5,0.9757622704224952,2,1,3,0.6666666666666666,0.4,0.5,0.9757622704224952,0,0,0,0.0,0.0,0.0,0,0,0,0.0,0.0,0.0
COCO,109798,4,4,0,0,4,21,8,21,29,17,0,0,8,0.014949661999992259,0.007886047999988932,0.0,0.007886047999988932,0.008062499999994088,0.023012665000010202,Optimal,0,none,3.662093499117686,0,13,100.0,100.0,100.0,2.0,3,1,1,0.75,0.75,0.75,0.9432513024400418,3,1,1,0.75,0.75,0.75,0.9432513024400418,3,1,1,0.75,0.75,0.75,0.9432513024400418,0,0,0,0.0,0.0,0.0,0,0,0,0.0,0.0,0.0
COCO,370677,16,16,0,0,18,612,36,612,648,325,0,0,36,0.016565243999991708,0.030855631999997968,0.0,0.030855631999997968,0.03171423099996673,0.04827995099998361,Optimal,0,none,14.330208261189371,0,55,100.0,100.0,100.0,2.0,7,11,9,0.3888888888888889,0.4375,0.411764705882353,0.9057104317179973,7,11,9,0.3888888888888889,0.4375,0.411764705882353,0.9057104317179973,7,11,9,0.3888888888888889,0.4375,0.411764705882353,0.9057104317179973,0,0,0,0.0,0.0,0.0,0,0,0,0.0,0.0,0.0
COCO,238866,12,12,0,0,30,1685,60,1685,1745,901,0,0,60,0.020595755999977428,0.07907241499998463,0.0,0.07907241499998463,0.0810022680000202,0.10159887999998318,Optimal,0,none,26.308433117634486,0,91,100.0,100.0,100.0,2.0,12,18,0,0.4,1.0,0.5714285714285715,0.9107780305779366,12,18,0,0.4,1.0,0.5714285714285715,0.9107780305779366,12,18,0,0.4,1.0,0.5714285714285715,0.9107780305779366,0,0,0,0.0,0.0,0.0,0,0,0,0.0,0.0,0.0
COCO,369370,7,7,0,0,5,40,10,40,50,26,0,0,10,0.014922315000035269,0.00908093199996074,0.0,0.00908093199996074,0.009266203999970912,0.02418898899998112,Optimal,0,none,4.072922168084817,0,16,100.0,100.0,100.0,2.0,4,1,3,0.8,0.5714285714285714,0.6666666666666666,0.8546483116348288,4,1,3,0.8,0.5714285714285714,0.6666666666666666,0.8546483116348288,4,1,3,0.8,0.5714285714285714,0.6666666666666666,0.8546483116348288,0,0,0,0.0,0.0,0.0,0,0,0,0.0,0.0,0.0
COCO,502737,4,4,0,0,7,76,14,76,90,50,0,0,14,0.015334058999997069,0.010888231000024007,0.0,0.010888231000024007,0.011141428000030373,0.026476048000006358,Optimal,0,none,5.234530965487164,0,22,100.0,100.0,100.0,2.0,3,4,1,0.42857142857142855,0.75,0.5454545454545454,0.8566480928121809,3,4,1,0.42857142857142855,0.75,0.5454545454545454,0.8566480928121809,3,4,1,0.42857142857142855,0.75,0.5454545454545454,0.8566480928121809,0,0,0,0.0,0.0,0.0,0,0,0,0.0,0.0,0.0
COCO,515579,7,7,0,0,2,4,4,4,8,5,0,0,4,0.01403421400004845,0.006730038999990029,0.0,0.006730038999990029,0.006853952000028585,0.020888692000028186,Optimal,0,none,1.4747676165898644,0,5,100.0,100.0,100.0,2.0,2,0,5,1.0,0.2857142857142857,0.4444444444444445,0.783969353238491,2,0,5,1.0,0.2857142857142857,0.4444444444444445,0.783969353238491,2,0,5,1.0,0.2857142857142857,0.4444444444444445,0.783969353238491,0,0,0,0.0,0.0,0.0,0,0,0,0.0,0.0,0.0
COCO,515445,7,7,0,0,8,74,16,74,90,65,0,0,16,0.014955758999974478,0.010750630000018191,0.0,0.010750630000018191,0.01107952799998202,0.02603585099996053,Optimal,0,none,6.700858277339621,0,25,100.0,100.0,100.0,2.0,5,3,2,0.625,0.7142857142857143,0.6666666666666666,0.7938453662874281,5,3,2,0.625,0.7142857142857143,0.6666666666666666,0.7938453662874281,5,3,2,0.625,0.7142857142857143,0.6666666666666666,0.7938453662874281,0,0,0,0.0,0.0,0.0,0,0,0,0.0,0.0,0.0
COCO,173383,4,4,0,0,3,12,6,12,18,10,0,0,6,0.015063148000024285,0.0072439449999706085,0.0,0.0072439449999706085,0.007384934000015164,0.022448511999982657,Optimal,0,none,2.245626947879792,0,10,100.0,100.0,100.0,2.0,1,2,3,0.3333333333333333,0.25,0.28571428571428575,0.9149517560863218,1,2,3,0.3333333333333333,0.25,0.28571428571428575,0.9149517560863218,1,2,3,0.3333333333333333,0.25,0.28571428571428575,0.9149517560863218,0,0,0,0.0,0.0,0.0,0,0,0,0.0,0.0,0.0
COCO,438862,10,10,0,0,6,51,12,51,63,37,0,0,12,0.014593900000022586,0.009185623000007581,0.0,0.009185623000007581,0.009401985000010882,0.023996314999976676,Optimal,0,none,5.493594141006471,0,19,100.0,100.0,100.0,2.0,6,0,4,1.0,0.6,0.7499999999999999,0.9175329006299647,6,0,4,1.0,0.6,0.7499999999999999,0.9175329006299647,6,0,4,1.0,0.6,0.7499999999999999,0.9175329006299647,0,0,0,0.0,0.0,0.0,0,0,0,0.0,0.0,0.0
COCO,180560,3,3,0,0,4,26,8,26,34,17,0,0,8,0.013550785999996151,0.008067884000013237,0.0,0.008067884000013237,0.008221548999983952,0.021772690999966926,Optimal,0,none,3.479647394816082,0,13,100.0,100.0,100.0,2.0,2,2,1,0.5,0.6666666666666666,0.5714285714285715,0.9246567324938604,2,2,1,0.5,0.6666666666666666,0.5714285714285715,0.9246567324938604,2,2,1,0.5,0.6666666666666666,0.5714285714285715,0.9246567324938604,0,0,0,0.0,0.0,0.0,0,0,0,0.0,0.0,0.0
COCO,347693,2,2,0,0,1,0,2,0,2,1,0,0,2,0.013323963999994248,0.006837252999957855,0.0,0.006837252999957855,0.00692796300000964,0.02025246799996694,Optimal,0,none,0.4791198412577311,0,2,100.0,100.0,100.0,2.0,0,1,2,0.0,0.0,0.0,0.0,0,1,2,0.0,0.0,0.0,0.0,0,1,2,0.0,0.0,0.0,0.0,0,0,0,0.0,0.0,0.0,0,0,0,0.0,0.0,0.0
COCO,39956,2,2,0,0,7,84,14,84,98,50,0,0,14,0.012951866000037171,0.010065338000003976,0.0,0.010065338000003976,0.010341660999984015,0.023294071000009353,Optimal,0,none,5.290322021017573,0,22,100.0,100.0,100.0,2.0,2,5,0,0.2857142857142857,1.0,0.4444444444444445,0.7466599717576614,2,5,0,0.2857142857142857,1.0,0.4444444444444445,0.7466599717576614,2,5,0,0.2857142857142857,1.0,0.4444444444444445,0.7466599717576614,0,0,0,0.0,0.0,0.0,0,0,0,0.0,0.0,0.0
COCO,321214,3,3,0,0,2,4,4,4,8,5,0,0,4,0.014046560999986468,0.006565728999987641,0.0,0.006565728999987641,0.006684559000007084,0.02073151299998699,Optimal,0,none,1.4393056186040245,0,5,100.0,100.0,100.0,2.0,2,0,1,1.0,0.6666666666666666,0.8,0.9113459526438414,2,0,1,1.0,0.6666666666666666,0.8,0.9113459526438414,2,0,1,1.0,0.6666666666666666,0.8,0.9113459526438414,0,0,0,0.0,0.0,0.0,0,0,0,0.0,0.0,0.0
COCO,474028,15,15,0,0,14,287,28,287,315,197,0,0,28,0.017660790000036286,0.01946633799997244,0.0,0.01946633799997244,0.020007357999986652,0.037668722000034904,Optimal,0,none,11.97839400570004,0,43,100.0,100.0,100.0,2.0,13,1,2,0.9285714285714286,0.8666666666666667,0.896551724137931,0.8798568280229836,13,1,2,0.9285714285714286,0.8666666666666667,0.896551724137931,0.8798568280229836,13,1,2,0.9285714285714286,0.8666666666666667,0.896551724137931,0.8798568280229836,0,0,0,0.0,0.0,0.0,0,0,0,0.0,0.0,0.0
COCO,66523,1,1,0,0,1,0,2,0,2,1,0,0,2,0.01410270000002356,0.006810735000044588,0.0,0.006810735000044588,0.0068804100000079416,0.020983661000002485,Optimal,0,none,0.6084539333979289,0,2,100.0,100.0,100.0,2.0,1,0,0,1.0,1.0,1.0,0.8785116209525657,1,0,0,1.0,1.0,1.0,0.8785116209525657,1,0,0,1.0,1.0,1.0,0.8785116209525657,0,0,0,0.0,0.0,0.0,0,0,0,0.0,0.0,0.0
COCO,355257,3,3,0,0,2,4,4,4,8,5,0,0,4,0.014921194000010018,0.006713368000021092,0.0,0.006713368000021092,0.0068239209999774175,0.021745839999994132,Optimal,0,none,1.2900133641560876,0,5,100.0,100.0,100.0,2.0,0,2,3,0.0,0.0,0.0,0.6923862629634103,0,2,3,0.0,0.0,0.0,0.6923862629634103,0,2,3,0.0,0.0,0.0,0.6923862629634103,0,0,0,0.0,0.0,0.0,0,0,0,0.0,0.0,0.0
COCO,142092,1,1,0,0,1,0,2,0,2,1,0,0,2,0.014046677000010277,0.006710332000011476,0.0,0.006710332000011476,0.006777174999967883,0.02082426600003373,Optimal,0,none,0.6015952269236247,0,2,100.0,100.0,100.0,2.0,1,0,0,1.0,1.0,1.0,0.9551595124292063,1,0,0,1.0,1.0,1.0,0.9551595124292063,1,0,0,1.0,1.0,1.0,0.9551595124292063,0,0,0,0.0,0.0,0.0,0,0,0,0.0,0.0,0.0
COCO,63154,2,2,0,0,4,25,8,25,33,17,0,0,8,0.014931009000008544,0.007960411999988537,0.0,0.007960411999988537,0.008107293000023219,0.02303872599998158,Optimal,0,none,3.0467217984480124,0,13,100.0,100.0,100.0,2.0,2,2,0,0.5,1.0,0.6666666666666666,0.6822770266517785,2,2,0,0.5,1.0,0.6666666666666666,0.6822770266517785,2,2,0,0.5,1.0,0.6666666666666666,0.6822770266517785,0,0,0,0.0,0.0,0.0,0,0,0,0.0,0.0,0.0
COCO,199551,2,2,0,0,2,3,4,3,7,5,0,0,4,0.012830405000045175,0.006501684999989266,0.0,0.006501684999989266,0.006598425000049701,0.019429308000042056,Optimal,0,none,1.3904587872823078,0,5,100.0,100.0,100.0,2.0,2,0,0,1.0,1.0,1.0,0.7729388578113188,2,0,0,1.0,1.0,1.0,0.7729388578113188,2,0,0,1.0,1.0,1.0,0.7729388578113188,0,0,0,0.0,0.0,0.0,0,0,0,0.0,0.0,0.0
COCO,239347,4,4,0,0,2,3,4,3,7,5,0,0,4,0.013625086999979885,0.006222806000039327,0.0,0.006222806000039327,0.006350771000029454,0.01997632099994462,Optimal,0,none,1.2263016613324487,0,5,100.0,100.0,100.0,2.0,0,2,4,0.0,0.0,0.0,0.0,0,2,4,0.0,0.0,0.0,0.0,0,2,4,0.0,0.0,0.0,0.0,0,0,0,0.0,0.0,0.0,0,0,0,0.0,0.0,0.0
COCO,514508,5,5,0,0,5,33,10,33,43,26,0,0,10,0.013548603000003823,0.007925337000017407,0.0,0.007925337000017407,0.008092894999947475,0.021641962999979114,Optimal,0,none,4.193400255044303,0,16,100.0,100.0,100.0,2.0,4,1,1,0.8,0.8,0.8000000000000002,0.8906448799261273,4,1,1,0.8,0.8,0.8000000000000002,0.8906448799261273,4,1,1,0.8,0.8,0.8000000000000002,0.8906448799261273,0,0,0,0.0,0.0,0.0,0,0,0,0.0,0.0,0.0
COCO,473237,3,3,0,0,2,6,4,6,10,5,0,0,4,0.012613031999990199,0.005970846999957757,0.0,0.005970846999957757,0.00606661200004055,0.018680114000005688,Optimal,0,none,1.507741359074911,0,5,100.0,100.0,100.0,2.0,2,0,1,1.0,0.6666666666666666,0.8,0.9471893976728669,2,0,1,1.0,0.6666666666666666,0.8,0.9471893976728669,2,0,1,1.0,0.6666666666666666,0.8,0.9471893976728669,0,0,0,0.0,0.0,0.0,0,0,0,0.0,0.0,0.0
COCO,228144,4,4,0,0,3,10,6,10,16,10,0,0,6,0.011573638000015762,0.006167446000006294,0.0,0.006167446000006294,0.006286948000024495,0.01786092700001518,Optimal,0,none,2.441006643772125,0,10,100.0,100.0,100.0,2.0,1,2,3,0.3333333333333333,0.25,0.28571428571428575,0.973989694078298,1,2,3,0.3333333333333333,0.25,0.28571428571428575,0.973989694078298,1,2,3,0.3333333333333333,0.25,0.28571428571428575,0.973989694078298,0,0,0,0.0,0.0,0.0,0,0,0,0.0,0.0,0.0
COCO,206027,6,6,0,0,6,49,12,49,61,37,0,0,12,0.014424257000030138,0.008455390999984047,0.0,0.008455390999984047,0.008643420999987939,0.023068122000040603,Optimal,0,none,5.0703329349178405,0,19,100.0,100.0,100.0,2.0,3,3,3,0.5,0.5,0.5,0.9307191306448191,3,3,3,0.5,0.5,0.5,0.9307191306448191,3,3,3,0.5,0.5,0.5,0.9307191306448191,0,0,0,0.0,0.0,0.0,0,0,0,0.0,0.0,0.0
COCO,78915,12,12,0,0,17,501,34,501,535,290,0,0,34,0.055551132000005055,0.024173942000004445,0.0,0.024173942000004445,0.024784799999963525,0.08033638400002019,Optimal,0,none,13.633683885099378,0,52,100.0,100.0,100.0,2.0,10,7,2,0.5882352941176471,0.8333333333333334,0.6896551724137931,0.8138860551421191,10,7,2,0.5882352941176471,0.8333333333333334,0.6896551724137931,0.8138860551421191,10,7,2,0.5882352941176471,0.8333333333333334,0.6896551724137931,0.8138860551421191,0,0,0,0.0,0.0,0.0,0,0,0,0.0,0.0,0.0
COCO,551215,2,2,0,0,1,0,2,0,2,1,0,0,2,0.015210228000000825,0.006239873000026819,0.0,0.006239873000026819,0.006309027000042988,0.021519882000006874,Optimal,0,none,0.6119760672251384,0,2,100.0,100.0,100.0,2.0,1,0,1,1.0,0.5,0.6666666666666666,0.9628013329020721,1,0,1,1.0,0.5,0.6666666666666666,0.9628013329020721,1,0,1,1.0,0.5,0.6666666666666666,0.9628013329020721,0,0,0,0.0,0.0,0.0,0,0,0,0.0,0.0,0.0
COCO,544519,2,2,0,0,4,28,8,28,36,17,0,0,8,0.013944256999991467,0.0077134119999868744,0.0,0.0077134119999868744,0.007866631000013058,0.02181130500002837,Optimal,0,none,3.2761344877878833,0,13,100.0,100.0,100.0,2.0,2,2,0,0.5,1.0,0.6666666666666666,0.8814649871980861,2,2,0,0.5,1.0,0.6666666666666666,0.8814649871980861,2,2,0,0.5,1.0,0.6666666666666666,0.8814649871980861,0,0,0,0.0,0.0,0.0,0,0,0,0.0,0.0,0.0
COCO,96493,3,3,0,0,3,9,6,9,15,10,0,0,6,0.013528473000008034,0.006710808999969231,0.0,0.006710808999969231,0.006835491000003913,0.020364416000006713,Optimal,0,none,2.563533673286438,0,10,100.0,100.0,100.0,2.0,1,2,2,0.3333333333333333,0.3333333333333333,0.3333333333333333,0.8816909517133402,1,2,2,0.3333333333333333,0.3333333333333333,0.3333333333333333,0.8816909517133402,1,2,2,0.3333333333333333,0.3333333333333333,0.3333333333333333,0.8816909517133402,0,0,0,0.0,0.0,0.0,0,0,0,0.0,0.0,0.0
COCO,23899,9,9,0,0,5,36,10,36,46,26,0,0,10,0.013171044999978676,0.009021060000009129,0.0,0.009021060000009129,0.009199389999992036,0.022370912999974735,Optimal,0,none,4.0786364421903345,0,16,100.0,100.0,100.0,2.0,2,3,7,0.4,0.2222222222222222,0.2857142857142857,0.6546844932699376,2,3,7,0.4,0.2222222222222222,0.2857142857142857,0.6546844932699376,2,3,7,0.4,0.2222222222222222,0.2857142857142857,0.6546844932699376,0,0,0,0.0,0.0,0.0,0,0,0,0.0,0.0,0.0
COCO,340175,29,29,0,0,6,60,12,60,72,37,0,0,12,0.014441798000007111,0.008992365999972662,0.0,0.008992365999972662,0.009215470000015102,0.023657880000030218,Optimal,0,none,4.8587615485777,0,19,100.0,100.0,100.0,2.0,5,1,24,0.8333333333333334,0.1724137931034483,0.28571428571428575,0.841383098291866,5,1,24,0.8333333333333334,0.1724137931034483,0.28571428571428575,0.841383098291866,5,1,24,0.8333333333333334,0.1724137931034483,0.28571428571428575,0.841383098291866,0,0,0,0.0,0.0,0.0,0,0,0,0.0,0.0,0.0
COCO,578500,14,14,0,0,12,247,24,247,271,145,0,0,24,0.052907868000033886,0.015956714000026295,0.0,0.015956714000026295,0.016407205999996677,0.06931575700002668,Optimal,0,none,9.197849225647559,0,37,100.0,100.0,100.0,2.0,5,7,9,0.4166666666666667,0.35714285714285715,0.3846153846153846,0.8384397394512377,5,7,9,0.4166666666666667,0.35714285714285715,0.3846153846153846,0.8384397394512377,5,7,9,0.4166666666666667,0.35714285714285715,0.3846153846153846,0.8384397394512377,0,0,0,0.0,0.0,0.0,0,0,0,0.0,0.0,0.0
COCO,366141,4,4,0,0,6,57,12,57,69,37,0,0,12,0.013305159000026379,0.008887959999981376,0.0,0.008887959999981376,0.009178467000026558,0.02248405100004902,Optimal,0,none,4.694483828544618,0,19,100.0,100.0,100.0,2.0,3,3,1,0.5,0.75,0.6,0.9002528195582031,3,3,1,0.5,0.75,0.6,0.9002528195582031,3,3,1,0.5,0.75,0.6,0.9002528195582031,0,0,0,0.0,0.0,0.0,0,0,0,0.0,0.0,0.0
COCO,57597,33,33,0,0,22,884,44,884,928,485,0,0,44,0.018307400000026064,0.04051847599998837,0.0,0.04051847599998837,0.041549532000033196,0.05985748699998794,Optimal,0,none,16.89726004294611,0,67,100.0,100.0,100.0,2.0,9,13,24,0.4090909090909091,0.2727272727272727,0.32727272727272727,0.7967535235225243,9,13,24,0.4090909090909091,0.2727272727272727,0.32727272727272727,0.7967535235225243,9,13,24,0.4090909090909091,0.2727272727272727,0.32727272727272727,0.7967535235225243,0,0,0,0.0,0.0,0.0,0,0,0,0.0,0.0,0.0
COCO,559842,18,18,0,0,18,506,36,506,542,325,0,0,36,0.017470229000025483,0.026043873000048734,0.0,0.026043873000048734,0.02682116299996551,0.044291933000010886,Optimal,0,none,15.531711472238971,0,55,100.0,100.0,100.0,2.0,13,5,5,0.7222222222222222,0.7222222222222222,0.7222222222222222,0.9029307827833747,13,5,5,0.7222222222222222,0.7222222222222222,0.7222222222222222,0.9029307827833747,13,5,5,0.7222222222222222,0.7222222222222222,0.7222222222222222,0.9029307827833747,0,0,0,0.0,0.0,0.0,0,0,0,0.0,0.0,0.0
COCO,434230,21,21,0,0,20,680,40,680,720,401,0,0,40,0.017389425000033043,0.03411214900000914,0.0,0.03411214900000914,0.03496513900000764,0.05235512699999845,Optimal,0,none,15.956580420303561,0,61,100.0,100.0,100.0,2.0,6,14,15,0.3,0.2857142857142857,0.2926829268292683,0.8120630893933579,6,14,15,0.3,0.2857142857142857,0.2926829268292683,0.8120630893933579,6,14,15,0.3,0.2857142857142857,0.2926829268292683,0.8120630893933579,0,0,0,0.0,0.0,0.0,0,0,0,0.0,0.0,0.0
COCO,428454,5,5,0,0,4,26,8,26,34,17,0,0,8,0.013944370999979583,0.007385514000020521,0.0,0.007385514000020521,0.007529537999971581,0.021474401999967085,Optimal,0,none,3.4333464519182852,0,13,100.0,100.0,100.0,2.0,2,2,3,0.5,0.4,0.4444444444444445,0.8460609578628362,2,2,3,0.5,0.4,0.4444444444444445,0.8460609578628362,2,2,3,0.5,0.4,0.4444444444444445,0.8460609578628362,0,0,0,0.0,0.0,0.0,0,0,0,0.0,0.0,0.0
COCO,399462,4,4,0,0,4,20,8,20,28,17,0,0,8,0.0133635469999831,0.007438750999995136,0.0,0.007438750999995136,0.0076004249999641615,0.020964407000008123,Optimal,0,none,3.763455197016399,0,13,100.0,100.0,100.0,2.0,4,0,0,1.0,1.0,1.0,0.9240872712801889,4,0,0,1.0,1.0,1.0,0.9240872712801889,4,0,0,1.0,1.0,1.0,0.9240872712801889,0,0,0,0.0,0.0,0.0,0,0,0,0.0,0.0,0.0
COCO,261061,5,5,0,0,2,4,4,4,8,5,0,0,4,0.013441501999977845,0.006732773000010184,0.0,0.006732773000010184,0.006831419999969057,0.020273397999972076,Optimal,0,none,1.5024348529179892,0,5,100.0,100.0,100.0,2.0,1,1,4,0.5,0.2,0.28571428571428575,0.9150726697509513,1,1,4,0.5,0.2,0.28571428571428575,0.9150726697509513,1,1,4,0.5,0.2,0.28571428571428575,0.9150726697509513,0,0,0,0.0,0.0,0.0,0,0,0,0.0,0.0,0.0
COCO,168330,7,7,0,0,5,40,10,40,50,26,0,0,10,0.012764033999985713,0.007973649999996724,0.0,0.007973649999996724,0.008143662000009044,0.020908136999992166,Optimal,0,none,4.169969697793326,0,16,100.0,100.0,100.0,2.0,4,1,3,0.8,0.5714285714285714,0.6666666666666666,0.8105873746987209,4,1,3,0.8,0.5714285714285714,0.6666666666666666,0.8105873746987209,4,1,3,0.8,0.5714285714285714,0.6666666666666666,0.8105873746987209,0,0,0,0.0,0.0,0.0,0,0,0,0.0,0.0,0.0
COCO,383384,12,12,0,0,6,54,12,54,66,37,0,0,12,0.014768978999995852,0.008270766000009644,0.0,0.008270766000009644,0.008470677000048,0.023240117999989707,Optimal,0,none,5.345673401355745,0,19,100.0,100.0,100.0,2.0,5,1,7,0.8333333333333334,0.4166666666666667,0.5555555555555556,0.9283994286995034,5,1,7,0.8333333333333334,0.4166666666666667,0.5555555555555556,0.9283994286995034,5,1,7,0.8333333333333334,0.4166666666666667,0.5555555555555556,0.9283994286995034,0,0,0,0.0,0.0,0.0,0,0,0,0.0,0.0,0.0
COCO,342006,4,4,0,0,3,12,6,12,18,10,0,0,6,0.013764708999985942,0.007132495000007566,0.0,0.007132495000007566,0.007263477999970291,0.021028683999986697,Optimal,0,none,2.5537247037887583,0,10,100.0,100.0,100.0,2.0,2,1,2,0.6666666666666666,0.5,0.5714285714285715,0.8480281867912208,2,1,2,0.6666666666666666,0.5,0.5714285714285715,0.8480281867912208,2,1,2,0.6666666666666666,0.5,0.5714285714285715,0.8480281867912208,0,0,0,0.0,0.0,0.0,0,0,0,0.0,0.0,0.0
COCO,217285,25,25,0,0,14,333,28,333,361,197,0,0,28,0.01705819099998962,0.01762651100000312,0.0,0.01762651100000312,0.018131351000022278,0.03519005399999742,Optimal,0,none,11.004278970559442,0,43,100.0,100.0,100.0,2.0,7,7,18,0.5,0.28,0.358974358974359,0.9295412223728424,7,7,18,0.5,0.28,0.358974358974359,0.9295412223728424,7,7,18,0.5,0.28,0.358974358974359,0.9295412223728424,0,0,0,0.0,0.0,0.0,0,0,0,0.0,0.0,0.0
COCO,236412,2,2,0,0,2,6,4,6,10,5,0,0,4,0.013987461999988682,0.006681581000009373,0.0,0.006681581000009373,0.006781375000002754,0.020769333999965056,Optimal,0,none,1.4322251151856136,0,5,100.0,100.0,100.0,2.0,1,1,1,0.5,0.5,0.5,0.8971391065323536,1,1,1,0.5,0.5,0.5,0.8971391065323536,1,1,1,0.5,0.5,0.5,0.8971391065323536,0,0,0,0.0,0.0,0.0,0,0,0,0.0,0.0,0.0
COCO,524456,6,6,0,0,3,12,6,12,18,10,0,0,6,0.013682725000023765,0.006994582000004357,0.0,0.006994582000004357,0.007123809000006531,0.020807072000025073,Optimal,0,none,2.458970556259156,0,10,100.0,100.0,100.0,2.0,2,1,4,0.6666666666666666,0.3333333333333333,0.4444444444444444,0.7738015083116703,2,1,4,0.6666666666666666,0.3333333333333333,0.4444444444444444,0.7738015083116703,2,1,4,0.6666666666666666,0.3333333333333333,0.4444444444444444,0.7738015083116703,0,0,0,0.0,0.0,0.0,0,0,0,0.0,0.0,0.0
COCO,153343,2,2,0,0,2,2,4,2,6,5,0,0,4,0.01375585300002058,0.0062399230000096395,0.0,0.0062399230000096395,0.006336488999977519,0.020092855000029886,Optimal,0,none,1.474818600018819,0,5,100.0,100.0,100.0,2.0,2,0,0,1.0,1.0,1.0,0.7295344181137527,2,0,0,1.0,1.0,1.0,0.7295344181137527,2,0,0,1.0,1.0,1.0,0.7295344181137527,0,0,0,0.0,0.0,0.0,0,0,0,0.0,0.0,0.0
COCO,95786,4,4,0,0,2,4,4,4,8,5,0,0,4,0.013750313000002734,0.006657402999962869,0.0,0.006657402999962869,0.006758137999952396,0.020509107999998832,Optimal,0,none,1.5401619466145835,0,5,100.0,100.0,100.0,2.0,1,1,3,0.5,0.25,0.3333333333333333,0.8905550079214837,1,1,3,0.5,0.25,0.3333333333333333,0.8905550079214837,1,1,3,0.5,0.25,0.3333333333333333,0.8905550079214837,0,0,0,0.0,0.0,0.0,0,0,0,0.0,0.0,0.0
COCO,326541,9,9,0,0,4,14,8,14,22,17,0,0,8,0.012978846999999405,0.007268971000030433,0.0,0.007268971000030433,0.007426843000018835,0.020406223999998474,Optimal,0,none,3.3631644598642993,0,13,100.0,100.0,100.0,2.0,4,0,5,1.0,0.4444444444444444,0.6153846153846153,0.8007324131271225,4,0,5,1.0,0.4444444444444444,0.6153846153846153,0.8007324131271225,4,0,5,1.0,0.4444444444444444,0.6153846153846153,0.8007324131271225,0,0,0,0.0,0.0,0.0,0,0,0,0.0,0.0,0.0
COCO,213086,5,5,0,0,4,20,8,20,28,17,0,0,8,0.014411743999971804,0.0075181180000072345,0.0,0.0075181180000072345,0.007915035000053194,0.022327353999969546,Optimal,0,none,3.2020464197794607,0,13,100.0,100.0,100.0,2.0,2,2,3,0.5,0.4,0.4444444444444445,0.8394845192353907,2,2,3,0.5,0.4,0.4444444444444445,0.8394845192353907,2,2,3,0.5,0.4,0.4444444444444445,0.8394845192353907,0,0,0,0.0,0.0,0.0,0,0,0,0.0,0.0,0.0
COCO,231339,3,3,0,0,4,27,8,27,35,17,0,0,8,0.01420664099998703,0.007514240000034533,0.0,0.007514240000034533,0.007659371999977793,0.021866407999993953,Optimal,0,none,3.3041406051317863,0,13,100.0,100.0,100.0,2.0,2,2,1,0.5,0.6666666666666666,0.5714285714285715,0.9008668480941948,2,2,1,0.5,0.6666666666666666,0.5714285714285715,0.9008668480941948,2,2,1,0.5,0.6666666666666666,0.5714285714285715,0.9008668480941948,0,0,0,0.0,0.0,0.0,0,0,0,0.0,0.0,0.0
COCO,508730,6,6,0,0,3,8,6,8,14,10,0,0,6,0.015104537000013352,0.006195568999999068,0.0,0.006195568999999068,0.006311671999981172,0.021416679000026306,Optimal,0,none,2.6933958005905154,0,10,100.0,100.0,100.0,2.0,2,1,4,0.6666666666666666,0.3333333333333333,0.4444444444444444,0.8823617082558394,2,1,4,0.6666666666666666,0.3333333333333333,0.4444444444444444,0.8823617082558394,2,1,4,0.6666666666666666,0.3333333333333333,0.4444444444444444,0.8823617082558394,0,0,0,0.0,0.0,0.0,0,0,0,0.0,0.0,0.0
COCO,550426,1,1,0,0,2,2,4,2,6,5,0,0,4,0.015374729999962256,0.006698270000015327,0.0,0.006698270000015327,0.006800123999994412,0.022175280999988445,Optimal,0,none,1.290987649758657,0,5,100.0,100.0,100.0,2.0,1,1,0,0.5,1.0,0.6666666666666666,0.8545613377320646,1,1,0,0.5,1.0,0.6666666666666666,0.8545613377320646,1,1,0,0.5,1.0,0.6666666666666666,0.8545613377320646,0,0,0,0.0,0.0,0.0,0,0,0,0.0,0.0,0.0
COCO,368294,2,2,0,0,1,0,2,0,2,1,0,0,2,0.013378798000019287,0.00641254800001434,0.0,0.00641254800001434,0.006485820000023068,0.019865032999973664,Optimal,0,none,0.620518938700358,0,2,100.0,100.0,100.0,2.0,1,0,1,1.0,0.5,0.6666666666666666,0.9240361720158045,1,0,1,1.0,0.5,0.6666666666666666,0.9240361720158045,1,0,1,1.0,0.5,0.6666666666666666,0.9240361720158045,0,0,0,0.0,0.0,0.0,0,0,0,0.0,0.0,0.0
COCO,171190,38,38,0,0,23,929,46,929,975,530,0,0,46,0.018022409999957745,0.0406862359999991,0.0,0.0406862359999991,0.04173445499998252,0.05975732799998923,Optimal,0,none,19.098698714731817,0,70,100.0,100.0,100.0,2.0,18,5,20,0.782608695652174,0.47368421052631576,0.5901639344262294,0.8259623767500133,18,5,20,0.782608695652174,0.47368421052631576,0.5901639344262294,0.8259623767500133,18,5,20,0.782608695652174,0.47368421052631576,0.5901639344262294,0.8259623767500133,0,0,0,0.0,0.0,0.0,0,0,0,0.0,0.0,0.0
COCO,301135,23,23,0,0,17,514,34,514,548,290,0,0,34,0.01808871100001852,0.025403718999996272,0.0,0.025403718999996272,0.026098293000018202,0.04418755800003282,Optimal,0,none,14.156732579036278,0,52,100.0,100.0,100.0,2.0,15,2,8,0.8823529411764706,0.6521739130434783,0.75,0.8494667196107635,15,2,8,0.8823529411764706,0.6521739130434783,0.75,0.8494667196107635,15,2,8,0.8823529411764706,0.6521739130434783,0.75,0.8494667196107635,0,0,0,0.0,0.0,0.0,0,0,0,0.0,0.0,0.0
COCO,580294,9,9,0,0,4,25,8,25,33,17,0,0,8,0.014570806999984143,0.007587673999978506,0.0,0.007587673999978506,0.007740197999964948,0.022311477000016566,Optimal,0,none,3.299091297785442,0,13,100.0,100.0,100.0,2.0,3,1,6,0.75,0.3333333333333333,0.46153846153846156,0.8151947127383519,3,1,6,0.75,0.3333333333333333,0.46153846153846156,0.8151947127383519,3,1,6,0.75,0.3333333333333333,0.46153846153846156,0.8151947127383519,0,0,0,0.0,0.0,0.0,0,0,0,0.0,0.0,0.0
COCO,494869,9,9,0,0,9,143,18,143,161,82,0,0,18,0.015539255000021512,0.012013873000000785,0.0,0.012013873000000785,0.01231423500001938,0.02785386400000789,Optimal,0,none,7.392263410515922,0,28,100.0,100.0,100.0,2.0,6,3,3,0.6666666666666666,0.6666666666666666,0.6666666666666666,0.805723434560441,6,3,3,0.6666666666666666,0.6666666666666666,0.6666666666666666,0.805723434560441,6,3,3,0.6666666666666666,0.6666666666666666,0.6666666666666666,0.805723434560441,0,0,0,0.0,0.0,0.0,0,0,0,0.0,0.0,0.0
COCO,33638,8,8,0,0,8,108,16,108,124,65,0,0,16,0.014837832000011986,0.012549528000022292,0.0,0.012549528000022292,0.012848247000022184,0.02768659700001308,Optimal,0,none,6.140163729985557,0,25,100.0,100.0,100.0,2.0,1,7,7,0.125,0.125,0.125,0.947072650630515,1,7,7,0.125,0.125,0.125,0.947072650630515,1,7,7,0.125,0.125,0.125,0.947072650630515,0,0,0,0.0,0.0,0.0,0,0,0,0.0,0.0,0.0
COCO,329219,21,21,0,0,8,104,16,104,120,65,0,0,16,0.015529604999983349,0.011138458999994327,0.0,0.011138458999994327,0.011422455000001719,0.026952563999998347,Optimal,0,none,6.177796968464,0,25,100.0,100.0,100.0,2.0,4,4,17,0.5,0.19047619047619047,0.27586206896551724,0.8193827855367825,4,4,17,0.5,0.19047619047619047,0.27586206896551724,0.8193827855367825,4,4,17,0.5,0.19047619047619047,0.27586206896551724,0.8193827855367825,0,0,0,0.0,0.0,0.0,0,0,0,0.0,0.0,0.0
COCO,34873,9,9,0,0,6,64,12,64,76,37,0,0,12,0.013603655999986586,0.008882324000012431,0.0,0.008882324000012431,0.009205641999983527,0.022809794000011152,Optimal,0,none,4.7728660903766835,0,19,100.0,100.0,100.0,2.0,3,3,6,0.5,0.3333333333333333,0.4,0.8713509323917258,3,3,6,0.5,0.3333333333333333,0.4,0.8713509323917258,3,3,6,0.5,0.3333333333333333,0.4,0.8713509323917258,0,0,0,0.0,0.0,0.0,0,0,0,0.0,0.0,0.0
COCO,186980,14,14,0,0,3,10,6,10,16,10,0,0,6,0.014723813999978574,0.0066569969999932255,0.0,0.0066569969999932255,0.006774183999993966,0.021498425000004318,Optimal,0,none,2.7286916685104377,0,10,100.0,100.0,100.0,2.0,3,0,11,1.0,0.21428571428571427,0.35294117647058826,0.8675551024719357,3,0,11,1.0,0.21428571428571427,0.35294117647058826,0.8675551024719357,3,0,11,1.0,0.21428571428571427,0.35294117647058826,0.8675551024719357,0,0,0,0.0,0.0,0.0,0,0,0,0.0,0.0,0.0
COCO,127182,10,10,0,0,7,81,14,81,95,50,0,0,14,0.013910648000035053,0.00991125899997769,0.0,0.00991125899997769,0.010161497000012787,0.02407256999998708,Optimal,0,none,5.5945286332827635,0,22,100.0,100.0,100.0,2.0,6,1,4,0.8571428571428571,0.6,0.7058823529411764,0.8335049108607965,6,1,4,0.8571428571428571,0.6,0.7058823529411764,0.8335049108607965,6,1,4,0.8571428571428571,0.6,0.7058823529411764,0.8335049108607965,0,0,0,0.0,0.0,0.0,0,0,0,0.0,0.0,0.0
COCO,356387,21,21,0,0,12,249,24,249,273,145,0,0,24,0.015897057999950448,0.01611240300002237,0.0,0.01611240300002237,0.01653504000000794,0.03243260899995448,Optimal,0,none,9.422076648768822,0,37,100.0,100.0,100.0,2.0,12,0,9,1.0,0.5714285714285714,0.7272727272727273,0.8202640248528955,12,0,9,1.0,0.5714285714285714,0.7272727272727273,0.8202640248528955,12,0,9,1.0,0.5714285714285714,0.7272727272727273,0.8202640248528955,0,0,0,0.0,0.0,0.0,0,0,0,0.0,0.0,0.0
COCO,367680,14,14,0,0,11,186,22,186,208,122,0,0,22,0.013520900999992591,0.013734165000016674,0.0,0.013734165000016674,0.014132692999965002,0.027654095999992023,Optimal,0,none,9.315687346634435,0,34,100.0,100.0,100.0,2.0,6,5,8,0.5454545454545454,0.42857142857142855,0.4799999999999999,0.9062309736226657,6,5,8,0.5454545454545454,0.42857142857142855,0.4799999999999999,0.9062309736226657,6,5,8,0.5454545454545454,0.42857142857142855,0.4799999999999999,0.9062309736226657,0,0,0,0.0,0.0,0.0,0,0,0,0.0,0.0,0.0
COCO,263796,1,1,0,0,1,0,2,0,2,1,0,0,2,0.014447841999981392,0.005948415999966983,0.0,0.005948415999966983,0.006013230999997177,0.02046149300002753,Optimal,0,none,0.39580103556315105,0,2,100.0,100.0,100.0,2.0,1,0,0,1.0,1.0,1.0,0.9143280734768966,1,0,0,1.0,1.0,1.0,0.9143280734768966,1,0,0,1.0,1.0,1.0,0.9143280734768966,0,0,0,0.0,0.0,0.0,0,0,0,0.0,0.0,0.0
COCO,117425,7,7,0,0,5,40,10,40,50,26,0,0,10,0.013764174000016283,0.00814138299995193,0.0,0.00814138299995193,0.008310434000009082,0.02207505299998047,Optimal,0,none,4.201052006085715,0,16,100.0,100.0,100.0,2.0,4,1,3,0.8,0.5714285714285714,0.6666666666666666,0.8749520951070928,4,1,3,0.8,0.5714285714285714,0.6666666666666666,0.8749520951070928,4,1,3,0.8,0.5714285714285714,0.6666666666666666,0.8749520951070928,0,0,0,0.0,0.0,0.0,0,0,0,0.0,0.0,0.0
COCO,365387,4,4,0,0,2,4,4,4,8,5,0,0,4,0.012023704000000635,0.0060901890000195635,0.0,0.0060901890000195635,0.006193367999969723,0.018217461000006097,Optimal,0,none,1.0890662105878195,0,5,100.0,100.0,100.0,2.0,0,2,4,0.0,0.0,0.0,0.9617112535954562,0,2,4,0.0,0.0,0.0,0.9617112535954562,0,2,4,0.0,0.0,0.0,0.9617112535954562,0,0,0,0.0,0.0,0.0,0,0,0,0.0,0.0,0.0
COCO,487583,2,2,0,0,3,12,6,12,18,10,0,0,6,0.012931658000013613,0.006637060000002748,0.0,0.006637060000002748,0.006761246999985815,0.01969338899999684,Optimal,0,none,2.518675441741944,0,10,100.0,100.0,100.0,2.0,2,1,0,0.6666666666666666,1.0,0.8,0.8109398257308542,2,1,0,0.6666666666666666,1.0,0.8,0.8109398257308542,2,1,0,0.6666666666666666,1.0,0.8,0.8109398257308542,0,0,0,0.0,0.0,0.0,0,0,0,0.0,0.0,0.0
COCO,504711,2,2,0,0,3,9,6,9,15,10,0,0,6,0.013172799000017221,0.005901477000008981,0.0,0.005901477000008981,0.0060110029999691506,0.019184274999986428,Optimal,0,none,2.5920395326614387,0,10,100.0,100.0,100.0,2.0,2,1,0,0.6666666666666666,1.0,0.8,0.9277282572955015,2,1,0,0.6666666666666666,1.0,0.8,0.9277282572955015,2,1,0,0.6666666666666666,1.0,0.8,0.9277282572955015,0,0,0,0.0,0.0,0.0,0,0,0,0.0,0.0,0.0
COCO,363840,12,12,0,0,8,103,16,103,119,65,0,0,16,0.01436718400003656,0.009912708999991082,0.0,0.009912708999991082,0.01018601700002364,0.02455379799999946,Optimal,0,none,7.0874570544560775,0,25,100.0,100.0,100.0,2.0,6,2,6,0.75,0.5,0.6,0.9368194119115727,6,2,6,0.75,0.5,0.6,0.9368194119115727,6,2,6,0.75,0.5,0.6,0.9368194119115727,0,0,0,0.0,0.0,0.0,0,0,0,0.0,0.0,0.0
COCO,214720,11,11,0,0,8,100,16,100,116,65,0,0,16,0.015115927000010743,0.01444099900004403,0.0,0.01444099900004403,0.01473775600004501,0.029854107999994994,Optimal,0,none,6.636469152768455,0,25,100.0,100.0,100.0,2.0,7,1,4,0.875,0.6363636363636364,0.7368421052631579,0.8736428801976958,7,1,4,0.875,0.6363636363636364,0.7368421052631579,0.8736428801976958,7,1,4,0.875,0.6363636363636364,0.7368421052631579,0.8736428801976958,0,0,0,0.0,0.0,0.0,0,0,0,0.0,0.0,0.0
COCO,379453,1,1,0,0,1,0,2,0,2,1,0,0,2,0.0145810939999933,0.00643025600004421,0.0,0.00643025600004421,0.006498283999974319,0.021079703999987487,Optimal,0,none,0.6391234556833902,0,2,100.0,100.0,100.0,2.0,1,0,0,1.0,1.0,1.0,0.9641252230743304,1,0,0,1.0,1.0,1.0,0.9641252230743304,1,0,0,1.0,1.0,1.0,0.9641252230743304,0,0,0,0.0,0.0,0.0,0,0,0,0.0,0.0,0.0
COCO,311295,10,10,0,0,7,82,14,82,96,50,0,0,14,0.01538416400001097,0.010027228000012656,0.0,0.010027228000012656,0.010273683000036726,0.025658341999985623,Optimal,0,none,5.579569342205091,0,22,100.0,100.0,100.0,2.0,5,2,5,0.7142857142857143,0.5,0.588235294117647,0.7817154089438959,5,2,5,0.7142857142857143,0.5,0.588235294117647,0.7817154089438959,5,2,5,0.7142857142857143,0.5,0.588235294117647,0.7817154089438959,0,0,0,0.0,0.0,0.0,0,0,0,0.0,0.0,0.0
COCO,29393,4,4,0,0,2,4,4,4,8,5,0,0,4,0.014171022000027733,0.0067110940000247865,0.0,0.0067110940000247865,0.006811981999987893,0.020983489000002464,Optimal,0,none,1.3685655029614767,0,5,100.0,100.0,100.0,2.0,1,1,3,0.5,0.25,0.3333333333333333,0.87309864089106,1,1,3,0.5,0.25,0.3333333333333333,0.87309864089106,1,1,3,0.5,0.25,0.3333333333333333,0.87309864089106,0,0,0,0.0,0.0,0.0,0,0,0,0.0,0.0,0.0
COCO,278848,10,10,0,0,10,167,20,167,187,101,0,0,20,0.014471726000010676,0.013243293000016365,0.0,0.013243293000016365,0.013587217999997847,0.0280593900000099,Optimal,0,none,8.646239725730357,0,31,100.0,100.0,100.0,2.0,9,1,1,0.9,0.9,0.9,0.868706593797786,9,1,1,0.9,0.9,0.9,0.868706593797786,9,1,1,0.9,0.9,0.9,0.868706593797786,0,0,0,0.0,0.0,0.0,0,0,0,0.0,0.0,0.0
COCO,166391,28,28,0,0,20,666,40,666,706,401,0,0,40,0.016857571000002736,0.032236503999968136,0.0,0.032236503999968136,0.03312668600000279,0.04998476399998708,Optimal,0,none,16.8233684899748,0,61,100.0,100.0,100.0,2.0,16,4,12,0.8,0.5714285714285714,0.6666666666666666,0.805913071641147,16,4,12,0.8,0.5714285714285714,0.6666666666666666,0.805913071641147,16,4,12,0.8,0.5714285714285714,0.6666666666666666,0.805913071641147,0,0,0,0.0,0.0,0.0,0,0,0,0.0,0.0,0.0
COCO,48153,2,2,0,0,1,0,2,0,2,1,0,0,2,0.015149597999993603,0.006028539999988425,0.0,0.006028539999988425,0.006097388999990017,0.021247527000014088,Optimal,0,none,0.5776742140452067,0,2,100.0,100.0,100.0,2.0,1,0,1,1.0,0.5,0.6666666666666666,0.8739167539511179,1,0,1,1.0,0.5,0.6666666666666666,0.8739167539511179,1,0,1,1.0,0.5,0.6666666666666666,0.8739167539511179,0,0,0,0.0,0.0,0.0,0,0,0,0.0,0.0,0.0
COCO,459153,4,4,0,0,4,28,8,28,36,17,0,0,8,0.01644585299999335,0.007891979000021365,0.0,0.007891979000021365,0.008047207000004164,0.024493505999998888,Optimal,0,none,3.388184097347622,0,13,100.0,100.0,100.0,2.0,3,1,1,0.75,0.75,0.75,0.9590179355313748,3,1,1,0.75,0.75,0.75,0.9590179355313748,3,1,1,0.75,0.75,0.75,0.9590179355313748,0,0,0,0.0,0.0,0.0,0,0,0,0.0,0.0,0.0
COCO,295713,12,12,0,0,11,211,22,211,233,121,0,0,22,0.01569741899999144,0.014033406999999443,0.0,0.014033406999999443,0.014428055999985645,0.030125918999999612,Optimal,0,none,8.794587906201683,0,34,100.0,100.0,100.0,2.0,9,2,3,0.8181818181818182,0.75,0.7826086956521738,0.8166307979200705,9,2,3,0.8181818181818182,0.75,0.7826086956521738,0.8166307979200705,9,2,3,0.8181818181818182,0.75,0.7826086956521738,0.8166307979200705,0,0,0,0.0,0.0,0.0,0,0,0,0.0,0.0,0.0
COCO,223130,1,1,0,0,2,4,4,4,8,5,0,0,4,0.014636697000014465,0.00605339499998081,0.0,0.00605339499998081,0.006148124000048938,0.020785298000021157,Optimal,0,none,1.3061979087193807,0,5,100.0,100.0,100.0,2.0,1,1,0,0.5,1.0,0.6666666666666666,0.8941213096049604,1,1,0,0.5,1.0,0.6666666666666666,0.8941213096049604,1,1,0,0.5,1.0,0.6666666666666666,0.8941213096049604,0,0,0,0.0,0.0,0.0,0,0,0,0.0,0.0,0.0
COCO,273132,3,3,0,0,1,0,2,0,2,1,0,0,2,0.016324913999994806,0.006428722999999081,0.0,0.006428722999999081,0.006496330000004491,0.02282181999999011,Optimal,0,none,0.5810126225153605,0,2,100.0,100.0,100.0,2.0,1,0,2,1.0,0.3333333333333333,0.5,0.8559722795090394,1,0,2,1.0,0.3333333333333333,0.5,0.8559722795090394,1,0,2,1.0,0.3333333333333333,0.5,0.8559722795090394,0,0,0,0.0,0.0,0.0,0,0,0,0.0,0.0,0.0
COCO,198960,3,3,0,0,3,6,6,6,12,10,0,0,6,0.014900731000011547,0.007343272000014167,0.0,0.007343272000014167,0.007475666999994246,0.022377088000041567,Optimal,0,none,2.66976930141449,0,10,100.0,100.0,100.0,2.0,3,0,0,1.0,1.0,1.0,0.885688643360627,3,0,0,1.0,1.0,1.0,0.885688643360627,3,0,0,1.0,1.0,1.0,0.885688643360627,0,0,0,0.0,0.0,0.0,0,0,0,0.0,0.0,0.0
COCO,344059,2,2,0,0,2,2,4,2,6,5,0,0,4,0.013760041000011825,0.007076646999962577,0.0,0.007076646999962577,0.007174395999982153,0.020934796000005917,Optimal,0,none,1.5499256261189778,0,5,100.0,100.0,100.0,2.0,2,0,0,1.0,1.0,1.0,0.9077329161889663,2,0,0,1.0,1.0,1.0,0.9077329161889663,2,0,0,1.0,1.0,1.0,0.9077329161889663,0,0,0,0.0,0.0,0.0,0,0,0,0.0,0.0,0.0
COCO,410428,10,10,0,0,12,253,24,253,277,145,0,0,24,0.015505378999989716,0.015321250999988933,0.0,0.015321250999988933,0.01574082500002305,0.0312466459999996,Optimal,0,none,9.84469669410121,0,37,100.0,100.0,100.0,2.0,6,6,4,0.5,0.6,0.5454545454545454,0.7794459535846027,6,6,4,0.5,0.6,0.5454545454545454,0.7794459535846027,6,6,4,0.5,0.6,0.5454545454545454,0.7794459535846027,0,0,0,0.0,0.0,0.0,0,0,0,0.0,0.0,0.0
COCO,87875,1,1,0,0,1,0,2,0,2,1,0,0,2,0.014920777000043017,0.006277873999977146,0.0,0.006277873999977146,0.006343008999976973,0.021264215000030617,Optimal,0,none,0.6409365336100261,0,2,100.0,100.0,100.0,2.0,1,0,0,1.0,1.0,1.0,0.9144831905377924,1,0,0,1.0,1.0,1.0,0.9144831905377924,1,0,0,1.0,1.0,1.0,0.9144831905377924,0,0,0,0.0,0.0,0.0,0,0,0,0.0,0.0,0.0
COCO,450758,7,7,0,0,7,46,14,46,60,50,0,0,14,0.014936879000003955,0.00875255300002209,0.0,0.00875255300002209,0.00896222400001534,0.023899604000007457,Optimal,0,none,6.204957968393959,0,22,100.0,100.0,100.0,2.0,7,0,0,1.0,1.0,1.0,0.8494010326745007,7,0,0,1.0,1.0,1.0,0.8494010326745007,7,0,0,1.0,1.0,1.0,0.8494010326745007,0,0,0,0.0,0.0,0.0,0,0,0,0.0,0.0,0.0
COCO,458790,0,0,0,0,0,0,0,0,0,0,0,0,1,0.010373433999973258,0.004803295999977308,0.0,0.004803295999977308,0.004839414000002762,0.015213293999977395,Optimal,0,none,,0,1,100.0,0.0,0.0,0.0,0,0,0,0.0,0.0,0.0,0.0,0,0,0,0.0,0.0,0.0,0.0,0,0,0,0.0,0.0,0.0,0.0,0,0,0,0.0,0.0,0.0,0,0,0,0.0,0.0,0.0
COCO,460160,1,1,0,0,2,4,4,4,8,5,0,0,4,0.01528502900004014,0.0069841839999753574,0.0,0.0069841839999753574,0.007094064999989769,0.022379609000040546,Optimal,0,none,1.2315901311238608,0,5,100.0,100.0,100.0,2.0,1,1,0,0.5,1.0,0.6666666666666666,0.5889659488370801,1,1,0,0.5,1.0,0.6666666666666666,0.5889659488370801,1,1,0,0.5,1.0,0.6666666666666666,0.5889659488370801,0,0,0,0.0,0.0,0.0,0,0,0,0.0,0.0,0.0
COCO,458109,5,5,0,0,1,0,2,0,2,1,0,0,2,0.013643193999996583,0.0062298570000507425,0.0,0.0062298570000507425,0.0063020390000474436,0.019945771999971385,Optimal,0,none,0.6125419775644938,0,2,100.0,100.0,100.0,2.0,1,0,4,1.0,0.2,0.33333333333333337,0.9784469930723705,1,0,4,1.0,0.2,0.33333333333333337,0.9784469930723705,1,0,4,1.0,0.2,0.33333333333333337,0.9784469930723705,0,0,0,0.0,0.0,0.0,0,0,0,0.0,0.0,0.0
COCO,30675,1,1,0,0,1,0,2,0,2,1,0,0,2,0.014157243999989078,0.005976026999974238,0.0,0.005976026999974238,0.0060429119999980685,0.020200587999966046,Optimal,0,none,0.6226968208948771,0,2,100.0,100.0,100.0,2.0,1,0,0,1.0,1.0,1.0,0.9684835372411207,1,0,0,1.0,1.0,1.0,0.9684835372411207,1,0,0,1.0,1.0,1.0,0.9684835372411207,0,0,0,0.0,0.0,0.0,0,0,0,0.0,0.0,0.0
COCO,566524,7,7,0,0,3,10,6,10,16,10,0,0,6,0.014508435999971425,0.006300323999994362,0.0,0.006300323999994362,0.006417494999993778,0.020926404999954684,Optimal,0,none,2.6965695095062263,0,10,100.0,100.0,100.0,2.0,3,0,4,1.0,0.42857142857142855,0.6,0.8854287480636353,3,0,4,1.0,0.42857142857142855,0.6,0.8854287480636353,3,0,4,1.0,0.42857142857142855,0.6,0.8854287480636353,0,0,0,0.0,0.0,0.0,0,0,0,0.0,0.0,0.0
COCO,338428,4,4,0,0,3,8,6,8,14,10,0,0,6,0.014488855000024614,0.006519947000015236,0.0,0.006519947000015236,0.006637268000019958,0.021126594000008936,Optimal,0,none,2.4895193433761595,0,10,100.0,100.0,100.0,2.0,2,1,2,0.6666666666666666,0.5,0.5714285714285715,0.8747796106435475,2,1,2,0.6666666666666666,0.5,0.5714285714285715,0.8747796106435475,2,1,2,0.6666666666666666,0.5,0.5714285714285715,0.8747796106435475,0,0,0,0.0,0.0,0.0,0,0,0,0.0,0.0,0.0
COCO,545826,2,2,0,0,3,12,6,12,18,10,0,0,6,0.01318343600001981,0.00690055599994821,0.0,0.00690055599994821,0.007033051000007617,0.02021709500002089,Optimal,0,none,2.3310938776887795,0,10,100.0,100.0,100.0,2.0,1,2,1,0.3333333333333333,0.5,0.4,0.954978788802796,1,2,1,0.3333333333333333,0.5,0.4,0.954978788802796,1,2,1,0.3333333333333333,0.5,0.4,0.954978788802796,0,0,0,0.0,0.0,0.0,0,0,0,0.0,0.0,0.0
COCO,166277,4,4,0,0,1,0,2,0,2,1,0,0,2,0.01425027299995918,0.006443404999970426,0.0,0.006443404999970426,0.006533999999987827,0.020784711999965566,Optimal,0,none,0.5658264557520549,0,2,100.0,100.0,100.0,2.0,1,0,3,1.0,0.25,0.4,0.9247761700797819,1,0,3,1.0,0.25,0.4,0.9247761700797819,1,0,3,1.0,0.25,0.4,0.9247761700797819,0,0,0,0.0,0.0,0.0,0,0,0,0.0,0.0,0.0
COCO,269314,2,2,0,0,1,0,2,0,2,1,0,0,2,0.013681006000012985,0.006735482999999931,0.0,0.006735482999999931,0.006806927000013729,0.020488662000047952,Optimal,0,none,0.5119006792704264,0,2,100.0,100.0,100.0,2.0,0,1,2,0.0,0.0,0.0,0.0,0,1,2,0.0,0.0,0.0,0.0,0,1,2,0.0,0.0,0.0,0.0,0,0,0,0.0,0.0,0.0,0,0,0,0.0,0.0,0.0
COCO,476415,2,2,0,0,2,3,4,3,7,5,0,0,4,0.012426105000031384,0.0064831560000016,0.0,0.0064831560000016,0.006578492000016922,0.019004993000010018,Optimal,0,none,1.4628771670659382,0,5,100.0,100.0,100.0,2.0,2,0,0,1.0,1.0,1.0,0.9567192318119859,2,0,0,1.0,1.0,1.0,0.9567192318119859,2,0,0,1.0,1.0,1.0,0.9567192318119859,0,0,0,0.0,0.0,0.0,0,0,0,0.0,0.0,0.0
COCO,292082,5,5,0,0,7,86,14,86,100,50,0,0,14,0.017169106000039847,0.009740744999987783,0.0,0.009740744999987783,0.009978910999961954,0.027148470000042835,Optimal,0,none,5.477080315748853,0,22,100.0,100.0,100.0,2.0,4,3,1,0.5714285714285714,0.8,0.6666666666666666,0.7700369183662548,4,3,1,0.5714285714285714,0.8,0.6666666666666666,0.7700369183662548,4,3,1,0.5714285714285714,0.8,0.6666666666666666,0.7700369183662548,0,0,0,0.0,0.0,0.0,0,0,0,0.0,0.0,0.0
COCO,360137,3,3,0,0,4,28,8,28,36,17,0,0,8,0.01669716399999288,0.00783475000002909,0.0,0.00783475000002909,0.007998022999970544,0.024695667999992565,Optimal,0,none,3.2203360788027453,0,13,100.0,100.0,100.0,2.0,3,1,0,0.75,1.0,0.8571428571428571,0.8118124155978078,3,1,0,0.75,1.0,0.8571428571428571,0.8118124155978078,3,1,0,0.75,1.0,0.8571428571428571,0.8118124155978078,0,0,0,0.0,0.0,0.0,0,0,0,0.0,0.0,0.0
COCO,122046,3,3,0,0,2,4,4,4,8,5,0,0,4,0.014643260000013925,0.006306529000028149,0.0,0.006306529000028149,0.006402787000013177,0.02104648800002451,Optimal,0,none,1.5632636578877768,0,5,100.0,100.0,100.0,2.0,2,0,1,1.0,0.6666666666666666,0.8,0.9588730851629108,2,0,1,1.0,0.6666666666666666,0.8,0.9588730851629108,2,0,1,1.0,0.6666666666666666,0.8,0.9588730851629108,0,0,0,0.0,0.0,0.0,0,0,0,0.0,0.0,0.0
COCO,352684,10,10,0,0,10,120,20,120,140,101,0,0,20,0.014078393000033884,0.011649732999956086,0.0,0.011649732999956086,0.012035480999998072,0.026114441999993687,Optimal,0,none,8.484969572226209,0,31,100.0,100.0,100.0,2.0,10,0,0,1.0,1.0,1.0,0.8589419244279707,10,0,0,1.0,1.0,1.0,0.8589419244279707,10,0,0,1.0,1.0,1.0,0.8589419244279707,0,0,0,0.0,0.0,0.0,0,0,0,0.0,0.0,0.0
COCO,512836,7,7,0,0,5,32,10,32,42,26,0,0,10,0.014822806999973182,0.008350463999988733,0.0,0.008350463999988733,0.00858961200003705,0.023413162999986525,Optimal,0,none,4.098112674554191,0,16,100.0,100.0,100.0,2.0,4,1,3,0.8,0.5714285714285714,0.6666666666666666,0.8559554579053819,4,1,3,0.8,0.5714285714285714,0.6666666666666666,0.8559554579053819,4,1,3,0.8,0.5714285714285714,0.6666666666666666,0.8559554579053819,0,0,0,0.0,0.0,0.0,0,0,0,0.0,0.0,0.0
COCO,8021,7,7,0,0,4,23,8,23,31,17,0,0,8,0.014323250000018106,0.007663841000010052,0.0,0.007663841000010052,0.007821520999982567,0.02214529500002982,Optimal,0,none,3.6632444111506155,0,13,100.0,100.0,100.0,2.0,4,0,3,1.0,0.5714285714285714,0.7272727272727273,0.9029937535561686,4,0,3,1.0,0.5714285714285714,0.7272727272727273,0.9029937535561686,4,0,3,1.0,0.5714285714285714,0.7272727272727273,0.9029937535561686,0,0,0,0.0,0.0,0.0,0,0,0,0.0,0.0,0.0
COCO,107226,18,18,0,0,12,244,24,244,268,145,0,0,24,0.014441871000030915,0.01592448400003832,0.0,0.01592448400003832,0.016345327000010457,0.03078764899998987,Optimal,0,none,9.868201695734408,0,37,100.0,100.0,100.0,2.0,9,3,9,0.75,0.5,0.6,0.7951350482885142,9,3,9,0.75,0.5,0.6,0.7951350482885142,9,3,9,0.75,0.5,0.6,0.7951350482885142,0,0,0,0.0,0.0,0.0,0,0,0,0.0,0.0,0.0
COCO,84477,3,3,0,0,4,23,8,23,31,17,0,0,8,0.014306159999989632,0.007115346000034606,0.0,0.007115346000034606,0.007257460000005267,0.021564068000031966,Optimal,0,none,3.463819493452709,0,13,100.0,100.0,100.0,2.0,3,1,0,0.75,1.0,0.8571428571428571,0.8527785615047079,3,1,0,0.75,1.0,0.8571428571428571,0.8527785615047079,3,1,0,0.75,1.0,0.8571428571428571,0.8527785615047079,0,0,0,0.0,0.0,0.0,0,0,0,0.0,0.0,0.0
COCO,562243,2,2,0,0,2,2,4,2,6,5,0,0,4,0.01597713000001022,0.006311918999983845,0.0,0.006311918999983845,0.0064070359999846005,0.022384719000001496,Optimal,0,none,1.5538693221410118,0,5,100.0,100.0,100.0,2.0,2,0,0,1.0,1.0,1.0,0.9452499027375001,2,0,0,1.0,1.0,1.0,0.9452499027375001,2,0,0,1.0,1.0,1.0,0.9452499027375001,0,0,0,0.0,0.0,0.0,0,0,0,0.0,0.0,0.0
COCO,181859,2,2,0,0,2,4,4,4,8,5,0,0,4,0.013163032000022667,0.0067387290000056055,0.0,0.0067387290000056055,0.006849536999993688,0.020013035000033597,Optimal,0,none,1.3300611766179404,0,5,100.0,100.0,100.0,2.0,1,1,1,0.5,0.5,0.5,0.9051673480356696,1,1,1,0.5,0.5,0.5,0.9051673480356696,1,1,1,0.5,0.5,0.5,0.9051673480356696,0,0,0,0.0,0.0,0.0,0,0,0,0.0,0.0,0.0
COCO,177015,6,6,0,0,4,22,8,22,30,17,0,0,8,0.014841844999978093,0.007906818000037674,0.0,0.007906818000037674,0.008130208000011407,0.022972535000008065,Optimal,0,none,3.3134823673083855,0,13,100.0,100.0,100.0,2.0,1,3,5,0.25,0.16666666666666666,0.2,0.7234368480178333,1,3,5,0.25,0.16666666666666666,0.2,0.7234368480178333,1,3,5,0.25,0.16666666666666666,0.2,0.7234368480178333,0,0,0,0.0,0.0,0.0,0,0,0,0.0,0.0,0.0
COCO,292236,7,7,0,0,7,78,14,78,92,50,0,0,14,0.014582845999996152,0.012881766000020889,0.0,0.012881766000020889,0.013107366999975056,0.027690691999964656,Optimal,0,none,5.76892561880565,0,22,100.0,100.0,100.0,2.0,6,1,1,0.8571428571428571,0.8571428571428571,0.8571428571428571,0.893688497863042,6,1,1,0.8571428571428571,0.8571428571428571,0.8571428571428571,0.893688497863042,6,1,1,0.8571428571428571,0.8571428571428571,0.8571428571428571,0.893688497863042,0,0,0,0.0,0.0,0.0,0,0,0,0.0,0.0,0.0
COCO,121506,9,9,0,0,7,83,14,83,97,50,0,0,14,0.019039530999975796,0.010826210000004721,0.0,0.010826210000004721,0.011065422999990915,0.03010538699999188,Optimal,0,none,5.434988236570316,0,22,100.0,100.0,100.0,2.0,3,4,6,0.42857142857142855,0.3333333333333333,0.375,0.7181045446797039,3,4,6,0.42857142857142855,0.3333333333333333,0.375,0.7181045446797039,3,4,6,0.42857142857142855,0.3333333333333333,0.375,0.7181045446797039,0,0,0,0.0,0.0,0.0,0,0,0,0.0,0.0,0.0
COCO,288042,3,3,0,0,3,11,6,11,17,10,0,0,6,0.014254780999976902,0.0068017759999747796,0.0,0.0068017759999747796,0.006941729999994095,0.02119695999999749,Optimal,0,none,2.5938087368011478,0,10,100.0,100.0,100.0,2.0,2,1,1,0.6666666666666666,0.6666666666666666,0.6666666666666666,0.7845448846188312,2,1,1,0.6666666666666666,0.6666666666666666,0.6666666666666666,0.7845448846188312,2,1,1,0.6666666666666666,0.6666666666666666,0.6666666666666666,0.7845448846188312,0,0,0,0.0,0.0,0.0,0,0,0,0.0,0.0,0.0
COCO,453860,2,2,0,0,4,16,8,16,24,17,0,0,8,0.013324603000000934,0.00805557400002499,0.0,0.00805557400002499,0.00820394100003341,0.02152905399998417,Optimal,0,none,3.300237430731457,0,13,100.0,100.0,100.0,2.0,1,3,1,0.25,0.5,0.3333333333333333,0.9661193704979427,1,3,1,0.25,0.5,0.3333333333333333,0.9661193704979427,1,3,1,0.25,0.5,0.3333333333333333,0.9661193704979427,0,0,0,0.0,0.0,0.0,0,0,0,0.0,0.0,0.0
COCO,500257,31,31,0,0,7,78,14,78,92,50,0,0,14,0.014991954000038277,0.009932214999992084,0.0,0.009932214999992084,0.01028092500001776,0.025273464000008516,Optimal,0,none,5.449409801165265,0,22,100.0,100.0,100.0,2.0,5,2,26,0.7142857142857143,0.16129032258064516,0.2631578947368421,0.8847033910318329,5,2,26,0.7142857142857143,0.16129032258064516,0.2631578947368421,0.8847033910318329,5,2,26,0.7142857142857143,0.16129032258064516,0.2631578947368421,0.8847033910318329,0,0,0,0.0,0.0,0.0,0,0,0,0.0,0.0,0.0
COCO,113403,4,4,0,0,3,10,6,10,16,10,0,0,6,0.013437027999998463,0.006657860000018445,0.0,0.006657860000018445,0.006779550999965522,0.02021705300001031,Optimal,0,none,2.448276998996735,0,10,100.0,100.0,100.0,2.0,3,0,1,1.0,0.75,0.8571428571428571,0.7085657194290721,3,0,1,1.0,0.75,0.8571428571428571,0.7085657194290721,3,0,1,1.0,0.75,0.8571428571428571,0.7085657194290721,0,0,0,0.0,0.0,0.0,0,0,0,0.0,0.0,0.0
COCO,125062,10,10,0,0,7,76,14,76,90,50,0,0,14,0.013222580999979527,0.009479475000034654,0.0,0.009479475000034654,0.009705582000037793,0.022928573000001506,Optimal,0,none,5.698517105190424,0,22,100.0,100.0,100.0,2.0,6,1,4,0.8571428571428571,0.6,0.7058823529411764,0.749772731848556,6,1,4,0.8571428571428571,0.6,0.7058823529411764,0.749772731848556,6,1,4,0.8571428571428571,0.6,0.7058823529411764,0.749772731848556,0,0,0,0.0,0.0,0.0,0,0,0,0.0,0.0,0.0
COCO,375015,1,1,0,0,1,0,2,0,2,1,0,0,2,0.01402496999997993,0.006190872999980002,0.0,0.006190872999980002,0.006259069000009276,0.020284484999990582,Optimal,0,none,0.6473310152689615,0,2,100.0,100.0,100.0,2.0,1,0,0,1.0,1.0,1.0,0.9733687616627542,1,0,0,1.0,1.0,1.0,0.9733687616627542,1,0,0,1.0,1.0,1.0,0.9733687616627542,0,0,0,0.0,0.0,0.0,0,0,0,0.0,0.0,0.0
COCO,334719,9,9,0,0,6,54,12,54,66,37,0,0,12,0.013073894000001474,0.009766650000017307,0.0,0.009766650000017307,0.01007094699997424,0.023145353000018076,Optimal,0,none,5.420140023231508,0,19,100.0,100.0,100.0,2.0,6,0,3,1.0,0.6666666666666666,0.8,0.9254134516325113,6,0,3,1.0,0.6666666666666666,0.8,0.9254134516325113,6,0,3,1.0,0.6666666666666666,0.8,0.9254134516325113,0,0,0,0.0,0.0,0.0,0,0,0,0.0,0.0,0.0
COCO,134112,3,3,0,0,3,10,6,10,16,10,0,0,6,0.013901844999963942,0.007025214999998752,0.0,0.007025214999998752,0.007185454000023128,0.02108782999999903,Optimal,0,none,2.6540937897351085,0,10,100.0,100.0,100.0,2.0,3,0,0,1.0,1.0,1.0,0.9669496938836611,3,0,0,1.0,1.0,1.0,0.9669496938836611,3,0,0,1.0,1.0,1.0,0.9669496938836611,0,0,0,0.0,0.0,0.0,0,0,0,0.0,0.0,0.0
COCO,283520,4,4,0,0,3,12,6,12,18,10,0,0,6,0.016026420999992297,0.006917057000009663,0.0,0.006917057000009663,0.007044296999993094,0.02307134400001587,Optimal,0,none,2.6030131173133855,0,10,100.0,100.0,100.0,2.0,3,0,1,1.0,0.75,0.8571428571428571,0.7757243562538525,3,0,1,1.0,0.75,0.8571428571428571,0.7757243562538525,3,0,1,1.0,0.75,0.8571428571428571,0.7757243562538525,0,0,0,0.0,0.0,0.0,0,0,0,0.0,0.0,0.0
COCO,31269,3,3,0,0,3,8,6,8,14,10,0,0,6,0.01496358499997541,0.007187260000023343,0.0,0.007187260000023343,0.007321847000014259,0.022285893999992368,Optimal,0,none,2.757599000930787,0,10,100.0,100.0,100.0,2.0,3,0,0,1.0,1.0,1.0,0.9480385348789141,3,0,0,1.0,1.0,1.0,0.9480385348789141,3,0,0,1.0,1.0,1.0,0.9480385348789141,0,0,0,0.0,0.0,0.0,0,0,0,0.0,0.0,0.0
COCO,319721,4,4,0,0,4,24,8,24,32,17,0,0,8,0.015804983999998967,0.007465194000019437,0.0,0.007465194000019437,0.007617492000008497,0.023423062999995636,Optimal,0,none,3.464929092612628,0,13,100.0,100.0,100.0,2.0,3,1,1,0.75,0.75,0.75,0.8791372285688736,3,1,1,0.75,0.75,0.75,0.8791372285688736,3,1,1,0.75,0.75,0.75,0.8791372285688736,0,0,0,0.0,0.0,0.0,0,0,0,0.0,0.0,0.0
COCO,165351,6,6,0,0,0,0,0,0,0,0,0,0,1,0.01608231599999499,0.005142876999968848,0.0,0.005142876999968848,0.0051812990000144055,0.021264002999998866,Optimal,0,none,,0,1,100.0,0.0,0.0,0.0,0,0,6,0.0,0.0,0.0,0.0,0,0,6,0.0,0.0,0.0,0.0,0,0,6,0.0,0.0,0.0,0.0,0,0,0,0.0,0.0,0.0,0,0,0,0.0,0.0,0.0
COCO,347265,2,2,0,0,3,10,6,10,16,10,0,0,6,0.014841850999971484,0.006599085000004834,0.0,0.006599085000004834,0.00672461800002111,0.021566870999947696,Optimal,0,none,2.4012710530028687,0,10,100.0,100.0,100.0,2.0,2,1,0,0.6666666666666666,1.0,0.8,0.7293135248154516,2,1,0,0.6666666666666666,1.0,0.8,0.7293135248154516,2,1,0,0.6666666666666666,1.0,0.8,0.7293135248154516,0,0,0,0.0,0.0,0.0,0,0,0,0.0,0.0,0.0
COCO,414170,7,7,0,0,5,39,10,39,49,26,0,0,10,0.014021049000007224,0.008806814000024588,0.0,0.008806814000024588,0.00898333099996762,0.023004813000000013,Optimal,0,none,4.353546453317008,0,16,100.0,100.0,100.0,2.0,5,0,2,1.0,0.7142857142857143,0.8333333333333333,0.8407176923240819,5,0,2,1.0,0.7142857142857143,0.8333333333333333,0.8407176923240819,5,0,2,1.0,0.7142857142857143,0.8333333333333333,0.8407176923240819,0,0,0,0.0,0.0,0.0,0,0,0,0.0,0.0,0.0
COCO,231508,26,26,0,0,13,305,26,305,331,170,0,0,26,0.016479148000030364,0.018800392999992255,0.0,0.018800392999992255,0.019286394999994627,0.03576603600004091,Optimal,0,none,10.347715086035306,0,40,100.0,100.0,100.0,2.0,10,3,16,0.7692307692307693,0.38461538461538464,0.5128205128205128,0.8075357231501343,10,3,16,0.7692307692307693,0.38461538461538464,0.5128205128205128,0.8075357231501343,10,3,16,0.7692307692307693,0.38461538461538464,0.5128205128205128,0.8075357231501343,0,0,0,0.0,0.0,0.0,0,0,0,0.0,0.0,0.0
COCO,389381,6,6,0,0,8,117,16,117,133,65,0,0,16,0.01658649399996648,0.011311041999988447,0.0,0.011311041999988447,0.011577262000002975,0.02816441999999597,Optimal,0,none,6.399347625573479,0,25,100.0,100.0,100.0,2.0,5,3,1,0.625,0.8333333333333334,0.7142857142857143,0.9122096908810884,5,3,1,0.625,0.8333333333333334,0.7142857142857143,0.9122096908810884,5,3,1,0.625,0.8333333333333334,0.7142857142857143,0.9122096908810884,0,0,0,0.0,0.0,0.0,0,0,0,0.0,0.0,0.0
COCO,118921,3,3,0,0,2,2,4,2,6,5,0,0,4,0.01414581800003134,0.006255270999986351,0.0,0.006255270999986351,0.006350757999996404,0.02049707399999079,Optimal,0,none,1.5745042594273886,0,5,100.0,100.0,100.0,2.0,2,0,1,1.0,0.6666666666666666,0.8,0.9614069036944757,2,0,1,1.0,0.6666666666666666,0.8,0.9614069036944757,2,0,1,1.0,0.6666666666666666,0.8,0.9614069036944757,0,0,0,0.0,0.0,0.0,0,0,0,0.0,0.0,0.0
COCO,21503,8,8,0,0,2,4,4,4,8,5,0,0,4,0.013290745999995579,0.00629595199995947,0.0,0.00629595199995947,0.006389895999973305,0.01968107999999802,Optimal,0,none,1.2043727548917138,0,5,100.0,100.0,100.0,2.0,0,2,8,0.0,0.0,0.0,0.9739677540679708,0,2,8,0.0,0.0,0.0,0.9739677540679708,0,2,8,0.0,0.0,0.0,0.9739677540679708,0,0,0,0.0,0.0,0.0,0,0,0,0.0,0.0,0.0
COCO,785,2,2,0,0,2,3,4,3,7,5,0,0,4,0.01326552100005074,0.006283080999992308,0.0,0.006283080999992308,0.00637495600000193,0.019640862000017023,Optimal,0,none,1.4314353736241658,0,5,100.0,100.0,100.0,2.0,2,0,0,1.0,1.0,1.0,0.9388114439911143,2,0,0,1.0,1.0,1.0,0.9388114439911143,2,0,0,1.0,1.0,1.0,0.9388114439911143,0,0,0,0.0,0.0,0.0,0,0,0,0.0,0.0,0.0
COCO,300842,1,1,0,0,2,2,4,2,6,5,0,0,4,0.011655794999967384,0.006271185000002788,0.0,0.006271185000002788,0.006374507000032281,0.018030756999962705,Optimal,0,none,1.2467365821202596,0,5,100.0,100.0,100.0,2.0,1,1,0,0.5,1.0,0.6666666666666666,0.6246241769296125,1,1,0,0.5,1.0,0.6666666666666666,0.6246241769296125,1,1,0,0.5,1.0,0.6666666666666666,0.6246241769296125,0,0,0,0.0,0.0,0.0,0,0,0,0.0,0.0,0.0
COCO,105014,6,6,0,0,5,40,10,40,50,26,0,0,10,0.01497769099995594,0.008014405999972496,0.0,0.008014405999972496,0.008207432000006065,0.023185561999980564,Optimal,0,none,3.9853529446139406,0,16,100.0,100.0,100.0,2.0,3,2,3,0.6,0.5,0.5454545454545454,0.9140180107666487,3,2,3,0.6,0.5,0.5454545454545454,0.9140180107666487,3,2,3,0.6,0.5,0.5454545454545454,0.9140180107666487,0,0,0,0.0,0.0,0.0,0,0,0,0.0,0.0,0.0
COCO,261982,5,5,0,0,4,18,8,18,26,17,0,0,8,0.01432337300002473,0.008217627000021821,0.0,0.008217627000021821,0.008360531999983323,0.022684368000000177,Optimal,0,none,3.325381595293682,0,13,100.0,100.0,100.0,2.0,4,0,1,1.0,0.8,0.888888888888889,0.7870664888990492,4,0,1,1.0,0.8,0.888888888888889,0.7870664888990492,4,0,1,1.0,0.8,0.888888888888889,0.7870664888990492,0,0,0,0.0,0.0,0.0,0,0,0,0.0,0.0,0.0
COCO,34205,3,3,0,0,1,0,2,0,2,1,0,0,2,0.014056848000052469,0.006709806000003482,0.0,0.006709806000003482,0.00678466100004016,0.02084202000003188,Optimal,0,none,0.5027727524439494,0,2,100.0,100.0,100.0,2.0,0,1,3,0.0,0.0,0.0,0.0,0,1,3,0.0,0.0,0.0,0.0,0,1,3,0.0,0.0,0.0,0.0,0,0,0,0.0,0.0,0.0,0,0,0,0.0,0.0,0.0
COCO,99242,2,2,0,0,2,4,4,4,8,5,0,0,4,0.012884165000002668,0.006657015999962823,0.0,0.006657015999962823,0.006757413000002543,0.019641960999990715,Optimal,0,none,1.5333660395940147,0,5,100.0,100.0,100.0,2.0,2,0,0,1.0,1.0,1.0,0.949831384565957,2,0,0,1.0,1.0,1.0,0.949831384565957,2,0,0,1.0,1.0,1.0,0.949831384565957,0,0,0,0.0,0.0,0.0,0,0,0,0.0,0.0,0.0
COCO,314709,2,2,0,0,2,2,4,2,6,5,0,0,4,0.01301179699999011,0.00682314799996675,0.0,0.00682314799996675,0.006920238000020618,0.019932517000029293,Optimal,0,none,1.5055587323506674,0,5,100.0,100.0,100.0,2.0,2,0,0,1.0,1.0,1.0,0.8746377502706686,2,0,0,1.0,1.0,1.0,0.8746377502706686,2,0,0,1.0,1.0,1.0,0.8746377502706686,0,0,0,0.0,0.0,0.0,0,0,0,0.0,0.0,0.0
COCO,460494,9,9,0,0,8,115,16,115,131,65,0,0,16,0.013879418999977133,0.011185454999974809,0.0,0.011185454999974809,0.01147868399999652,0.02535868299997901,Optimal,0,none,6.748327959442735,0,25,100.0,100.0,100.0,2.0,4,4,5,0.5,0.4444444444444444,0.47058823529411764,0.9241129953891677,4,4,5,0.5,0.4444444444444444,0.47058823529411764,0.9241129953891677,4,4,5,0.5,0.4444444444444444,0.47058823529411764,0.9241129953891677,0,0,0,0.0,0.0,0.0,0,0,0,0.0,0.0,0.0
COCO,339442,3,3,0,0,2,4,4,4,8,5,0,0,4,0.05372861199998624,0.006668269999977383,0.0,0.006668269999977383,0.00676577299998371,0.06049488600001496,Optimal,0,none,1.4258181126912435,0,5,100.0,100.0,100.0,2.0,2,0,1,1.0,0.6666666666666666,0.8,0.877672459733198,2,0,1,1.0,0.6666666666666666,0.8,0.877672459733198,2,0,1,1.0,0.6666666666666666,0.8,0.877672459733198,0,0,0,0.0,0.0,0.0,0,0,0,0.0,0.0,0.0
COCO,541055,11,11,0,0,6,49,12,49,61,37,0,0,12,0.013098196999976608,0.008640744000047107,0.0,0.008640744000047107,0.008836610999992445,0.02193521200001669,Optimal,0,none,5.313911931514741,0,19,100.0,100.0,100.0,2.0,5,1,6,0.8333333333333334,0.45454545454545453,0.5882352941176471,0.8017291553517246,5,1,6,0.8333333333333334,0.45454545454545453,0.5882352941176471,0.8017291553517246,5,1,6,0.8333333333333334,0.45454545454545453,0.5882352941176471,0.8017291553517246,0,0,0,0.0,0.0,0.0,0,0,0,0.0,0.0,0.0
COCO,409475,2,2,0,0,2,2,4,2,6,5,0,0,4,0.013420422000024246,0.006330838999986099,0.0,0.006330838999986099,0.006422933999999714,0.01984383199999229,Optimal,0,none,1.5488450892766314,0,5,100.0,100.0,100.0,2.0,2,0,0,1.0,1.0,1.0,0.9648421775265601,2,0,0,1.0,1.0,1.0,0.9648421775265601,2,0,0,1.0,1.0,1.0,0.9648421775265601,0,0,0,0.0,0.0,0.0,0,0,0,0.0,0.0,0.0
COCO,464786,2,2,0,0,3,10,6,10,16,10,0,0,6,0.012818161999973654,0.006281768999997439,0.0,0.006281768999997439,0.006403137000006609,0.019221694000009393,Optimal,0,none,2.3684870223561396,0,10,100.0,100.0,100.0,2.0,2,1,0,0.6666666666666666,1.0,0.8,0.7201163091241565,2,1,0,0.6666666666666666,1.0,0.8,0.7201163091241565,2,1,0,0.6666666666666666,1.0,0.8,0.7201163091241565,0,0,0,0.0,0.0,0.0,0,0,0,0.0,0.0,0.0
COCO,378605,4,4,0,0,2,4,4,4,8,5,0,0,4,0.012882626000020991,0.006367398000008961,0.0,0.006367398000008961,0.006465610000020661,0.019348690000015267,Optimal,0,none,1.61087344010671,0,5,100.0,100.0,100.0,2.0,2,0,2,1.0,0.5,0.6666666666666666,0.9233028275409204,2,0,2,1.0,0.5,0.6666666666666666,0.9233028275409204,2,0,2,1.0,0.5,0.6666666666666666,0.9233028275409204,0,0,0,0.0,0.0,0.0,0,0,0,0.0,0.0,0.0
COCO,331817,17,17,0,0,10,175,20,175,195,101,0,0,20,0.014621291000025849,0.012397312000018701,0.0,0.012397312000018701,0.012800677000029737,0.027422419000004084,Optimal,0,none,8.268385901186024,0,31,100.0,100.0,100.0,2.0,7,3,10,0.7,0.4117647058823529,0.5185185185185185,0.8689029725122198,7,3,10,0.7,0.4117647058823529,0.5185185185185185,0.8689029725122198,7,3,10,0.7,0.4117647058823529,0.5185185185185185,0.8689029725122198,0,0,0,0.0,0.0,0.0,0,0,0,0.0,0.0,0.0
COCO,218091,7,7,0,0,4,24,8,24,32,17,0,0,8,0.01448953000004849,0.007515687000022808,0.0,0.007515687000022808,0.007684455999992679,0.022174512000049162,Optimal,0,none,3.195138832728069,0,13,100.0,100.0,100.0,2.0,3,1,4,0.75,0.42857142857142855,0.5454545454545454,0.8603688495772271,3,1,4,0.75,0.42857142857142855,0.5454545454545454,0.8603688495772271,3,1,4,0.75,0.42857142857142855,0.5454545454545454,0.8603688495772271,0,0,0,0.0,0.0,0.0,0,0,0,0.0,0.0,0.0
COCO,578545,4,4,0,0,3,9,6,9,15,9,0,0,6,0.015563729000007243,0.006684823000000506,0.0,0.006684823000000506,0.006834434999973382,0.022398654000028273,Optimal,0,none,2.2166099095344545,0,9,100.0,100.0,100.0,2.0,2,1,2,0.6666666666666666,0.5,0.5714285714285715,0.9147801576368565,2,1,2,0.6666666666666666,0.5,0.5714285714285715,0.9147801576368565,2,1,2,0.6666666666666666,0.5,0.5714285714285715,0.9147801576368565,0,0,0,0.0,0.0,0.0,0,0,0,0.0,0.0,0.0
COCO,363207,14,14,0,0,11,207,22,207,229,122,0,0,22,0.016866246000006413,0.015989384999954837,0.0,0.015989384999954837,0.01640598400001636,0.03327278000000433,Optimal,0,none,8.854531272252403,0,34,100.0,100.0,100.0,2.0,8,3,6,0.7272727272727273,0.5714285714285714,0.64,0.804688324670919,8,3,6,0.7272727272727273,0.5714285714285714,0.64,0.804688324670919,8,3,6,0.7272727272727273,0.5714285714285714,0.64,0.804688324670919,0,0,0,0.0,0.0,0.0,0,0,0,0.0,0.0,0.0
COCO,372577,3,3,0,0,3,12,6,12,18,10,0,0,6,0.015111880000006295,0.006867451000005076,0.0,0.006867451000005076,0.006994177999956719,0.022106626000038432,Optimal,0,none,2.772107763290406,0,10,100.0,100.0,100.0,2.0,3,0,0,1.0,1.0,1.0,0.9097529512798928,3,0,0,1.0,1.0,1.0,0.9097529512798928,3,0,0,1.0,1.0,1.0,0.9097529512798928,0,0,0,0.0,0.0,0.0,0,0,0,0.0,0.0,0.0
COCO,212166,1,1,0,0,3,8,6,8,14,10,0,0,6,0.01668431400003101,0.00788700800001152,0.0,0.00788700800001152,0.008021153000015602,0.0247059089999766,Optimal,0,none,2.51949030984309,0,10,100.0,100.0,100.0,2.0,1,2,0,0.3333333333333333,1.0,0.5,0.9495531440125748,1,2,0,0.3333333333333333,1.0,0.5,0.9495531440125748,1,2,0,0.3333333333333333,1.0,0.5,0.9495531440125748,0,0,0,0.0,0.0,0.0,0,0,0,0.0,0.0,0.0
COCO,172571,8,8,0,0,10,171,20,171,191,101,0,0,20,0.022022793000019192,0.019332111999972312,0.0,0.019332111999972312,0.020204930999966564,0.04222845800001096,Optimal,0,none,8.025326320116775,0,31,100.0,100.0,100.0,2.0,4,6,4,0.4,0.5,0.4444444444444445,0.8191420774494611,4,6,4,0.4,0.5,0.4444444444444445,0.8191420774494611,4,6,4,0.4,0.5,0.4444444444444445,0.8191420774494611,0,0,0,0.0,0.0,0.0,0,0,0,0.0,0.0,0.0
COCO,294831,5,5,0,0,5,39,10,39,49,26,0,0,10,0.013062224999998762,0.00828421200003504,0.0,0.00828421200003504,0.008476873000006435,0.021539586000017152,Optimal,0,none,4.140927814362831,0,16,100.0,100.0,100.0,2.0,4,1,1,0.8,0.8,0.8000000000000002,0.9224557852448582,4,1,1,0.8,0.8,0.8000000000000002,0.9224557852448582,4,1,1,0.8,0.8,0.8000000000000002,0.9224557852448582,0,0,0,0.0,0.0,0.0,0,0,0,0.0,0.0,0.0
COCO,84431,2,2,0,0,3,9,6,9,15,10,0,0,6,0.05305056100002048,0.007420034999995551,0.0,0.007420034999995551,0.0075614169999767,0.06061248399998931,Optimal,0,none,2.717042925022662,0,10,100.0,100.0,100.0,2.0,2,1,0,0.6666666666666666,1.0,0.8,0.9625921249870519,2,1,0,0.6666666666666666,1.0,0.8,0.9625921249870519,2,1,0,0.6666666666666666,1.0,0.8,0.9625921249870519,0,0,0,0.0,0.0,0.0,0,0,0,0.0,0.0,0.0
COCO,323355,3,3,0,0,4,24,8,24,32,17,0,0,8,0.014357266000047275,0.006945541000050071,0.0,0.006945541000050071,0.007086684000000787,0.021444383000016387,Optimal,0,none,3.32408888022105,0,13,100.0,100.0,100.0,2.0,3,1,0,0.75,1.0,0.8571428571428571,0.8733983511998388,3,1,0,0.75,1.0,0.8571428571428571,0.8733983511998388,3,1,0,0.75,1.0,0.8571428571428571,0.8733983511998388,0,0,0,0.0,0.0,0.0,0,0,0,0.0,0.0,0.0
COCO,355325,11,11,0,0,6,50,12,50,62,37,0,0,12,0.01349184699995476,0.009192299999995157,0.0,0.009192299999995157,0.00940735799997583,0.022899686999949154,Optimal,0,none,5.202150576972225,0,19,100.0,100.0,100.0,2.0,6,0,5,1.0,0.5454545454545454,0.7058823529411764,0.850286302101436,6,0,5,1.0,0.5454545454545454,0.7058823529411764,0.850286302101436,6,0,5,1.0,0.5454545454545454,0.7058823529411764,0.850286302101436,0,0,0,0.0,0.0,0.0,0,0,0,0.0,0.0,0.0
COCO,100582,3,3,0,0,1,0,2,0,2,1,0,0,2,0.014657131999967987,0.00615728399998261,0.0,0.00615728399998261,0.006221310000000813,0.020878937999952996,Optimal,0,none,0.6329883495966593,0,2,100.0,100.0,100.0,2.0,1,0,2,1.0,0.3333333333333333,0.5,0.9753228332700247,1,0,2,1.0,0.3333333333333333,0.5,0.9753228332700247,1,0,2,1.0,0.3333333333333333,0.5,0.9753228332700247,0,0,0,0.0,0.0,0.0,0,0,0,0.0,0.0,0.0
COCO,555412,1,1,0,0,1,0,2,0,2,1,0,0,2,0.013715980000029049,0.006253000000015163,0.0,0.006253000000015163,0.006320936999998139,0.02003741400000081,Optimal,0,none,0.5891117493311564,0,2,100.0,100.0,100.0,2.0,1,0,0,1.0,1.0,1.0,0.9902382416618826,1,0,0,1.0,1.0,1.0,0.9902382416618826,1,0,0,1.0,1.0,1.0,0.9902382416618826,0,0,0,0.0,0.0,0.0,0,0,0,0.0,0.0,0.0
COCO,4495,3,3,0,0,3,12,6,12,18,10,0,0,6,0.016280316000006678,0.007624404000011964,0.0,0.007624404000011964,0.007820623999975851,0.02410159199996542,Optimal,0,none,2.7774795150756844,0,10,100.0,100.0,100.0,2.0,3,0,0,1.0,1.0,1.0,0.971326657339338,3,0,0,1.0,1.0,1.0,0.971326657339338,3,0,0,1.0,1.0,1.0,0.971326657339338,0,0,0,0.0,0.0,0.0,0,0,0,0.0,0.0,0.0
COCO,9483,6,6,0,0,7,76,14,76,90,50,0,0,14,0.0136083990000202,0.009809361000009176,0.0,0.009809361000009176,0.0100927980000165,0.02370170900002222,Optimal,0,none,5.9575637690226255,0,22,100.0,100.0,100.0,2.0,4,3,2,0.5714285714285714,0.6666666666666666,0.6153846153846153,0.9271515675043239,4,3,2,0.5714285714285714,0.6666666666666666,0.6153846153846153,0.9271515675043239,4,3,2,0.5714285714285714,0.6666666666666666,0.6153846153846153,0.9271515675043239,0,0,0,0.0,0.0,0.0,0,0,0,0.0,0.0,0.0
COCO,326082,17,17,0,0,8,107,16,107,123,65,0,0,16,0.014267078999978366,0.010816361000024699,0.0,0.010816361000024699,0.01107967899997675,0.025347215000010692,Optimal,0,none,6.779224394285761,0,25,100.0,100.0,100.0,2.0,5,3,12,0.625,0.29411764705882354,0.4,0.8709069137313326,5,3,12,0.625,0.29411764705882354,0.4,0.8709069137313326,5,3,12,0.625,0.29411764705882354,0.4,0.8709069137313326,0,0,0,0.0,0.0,0.0,0,0,0,0.0,0.0,0.0
COCO,398237,5,5,0,0,4,20,8,20,28,17,0,0,8,0.015936444999965715,0.007638482999993812,0.0,0.007638482999993812,0.0077855360000285145,0.023722470999985035,Optimal,0,none,3.2092069355646777,0,13,100.0,100.0,100.0,2.0,1,3,4,0.25,0.2,0.22222222222222224,0.9407520496306323,1,3,4,0.25,0.2,0.22222222222222224,0.9407520496306323,1,3,4,0.25,0.2,0.22222222222222224,0.9407520496306323,0,0,0,0.0,0.0,0.0,0,0,0,0.0,0.0,0.0
COCO,507223,9,9,0,0,7,74,14,74,88,50,0,0,14,0.014799484999969081,0.009684213000014097,0.0,0.009684213000014097,0.009925389999978051,0.024725326000009318,Optimal,0,none,5.863958329359693,0,22,100.0,100.0,100.0,2.0,6,1,3,0.8571428571428571,0.6666666666666666,0.75,0.8383738314803787,6,1,3,0.8571428571428571,0.6666666666666666,0.75,0.8383738314803787,6,1,3,0.8571428571428571,0.6666666666666666,0.75,0.8383738314803787,0,0,0,0.0,0.0,0.0,0,0,0,0.0,0.0,0.0
COCO,31050,1,1,0,0,3,10,6,10,16,10,0,0,6,0.013770744999987983,0.006295469999997749,0.0,0.006295469999997749,0.006442159000016545,0.020213312000009864,Optimal,0,none,2.2199258518218996,0,10,100.0,100.0,100.0,2.0,1,2,0,0.3333333333333333,1.0,0.5,0.8223771871650155,1,2,0,0.3333333333333333,1.0,0.5,0.8223771871650155,1,2,0,0.3333333333333333,1.0,0.5,0.8223771871650155,0,0,0,0.0,0.0,0.0,0,0,0,0.0,0.0,0.0
COCO,239537,3,3,0,0,3,12,6,12,18,10,0,0,6,0.013721967000037694,0.006293771000002835,0.0,0.006293771000002835,0.00641703899998447,0.020139453000012963,Optimal,0,none,2.7690569829940803,0,10,100.0,100.0,100.0,2.0,3,0,0,1.0,1.0,1.0,0.9293884688037761,3,0,0,1.0,1.0,1.0,0.9293884688037761,3,0,0,1.0,1.0,1.0,0.9293884688037761,0,0,0,0.0,0.0,0.0,0,0,0,0.0,0.0,0.0
COCO,340930,2,2,0,0,4,27,8,27,35,17,0,0,8,0.013228789999971013,0.008442844999990484,0.0,0.008442844999990484,0.008598744999972041,0.021828084999981456,Optimal,0,none,2.830129021072039,0,13,100.0,100.0,100.0,2.0,1,3,1,0.25,0.5,0.3333333333333333,0.9709569431307559,1,3,1,0.25,0.5,0.3333333333333333,0.9709569431307559,1,3,1,0.25,0.5,0.3333333333333333,0.9709569431307559,0,0,0,0.0,0.0,0.0,0,0,0,0.0,0.0,0.0
COCO,11813,2,2,0,0,0,0,0,0,0,0,0,0,1,0.012176031000024068,0.00506512700002304,0.0,0.00506512700002304,0.005103232999999818,0.017279643999984273,Optimal,0,none,,0,1,100.0,0.0,0.0,0.0,0,0,2,0.0,0.0,0.0,0.0,0,0,2,0.0,0.0,0.0,0.0,0,0,2,0.0,0.0,0.0,0.0,0,0,0,0.0,0.0,0.0,0,0,0,0.0,0.0,0.0
COCO,281414,3,3,0,0,2,5,4,5,9,5,0,0,4,0.013610600999982125,0.006632249999995565,0.0,0.006632249999995565,0.006729402000019036,0.020340410000017073,Optimal,0,none,1.4827946933110558,0,5,100.0,100.0,100.0,2.0,2,0,1,1.0,0.6666666666666666,0.8,0.7146498504646874,2,0,1,1.0,0.6666666666666666,0.8,0.7146498504646874,2,0,1,1.0,0.6666666666666666,0.8,0.7146498504646874,0,0,0,0.0,0.0,0.0,0,0,0,0.0,0.0,0.0
COCO,537991,7,7,0,0,6,60,12,60,72,37,0,0,12,0.014417489999971167,0.008735008999963156,0.0,0.008735008999963156,0.008944704999976238,0.023362710000014886,Optimal,0,none,5.216246588230135,0,19,100.0,100.0,100.0,2.0,5,1,2,0.8333333333333334,0.7142857142857143,0.7692307692307692,0.8368452238771,5,1,2,0.8333333333333334,0.7142857142857143,0.7692307692307692,0.8368452238771,5,1,2,0.8333333333333334,0.7142857142857143,0.7692307692307692,0.8368452238771,0,0,0,0.0,0.0,0.0,0,0,0,0.0,0.0,0.0
COCO,284282,1,1,0,0,1,0,2,0,2,1,0,0,2,0.012854134000008344,0.006176095999990139,0.0,0.006176095999990139,0.006246432000011737,0.019101042999977835,Optimal,0,none,0.5388722817103069,0,2,100.0,100.0,100.0,2.0,0,1,1,0.0,0.0,0.0,0.0,0,1,1,0.0,0.0,0.0,0.0,0,1,1,0.0,0.0,0.0,0.0,0,0,0,0.0,0.0,0.0,0,0,0,0.0,0.0,0.0
COCO,321333,3,3,0,0,3,10,6,10,16,10,0,0,6,0.013631231999966076,0.006655728999987787,0.0,0.006655728999987787,0.006780164999952376,0.020411950999971396,Optimal,0,none,2.4210903239250183,0,10,100.0,100.0,100.0,2.0,3,0,0,1.0,1.0,1.0,0.7391343798694344,3,0,0,1.0,1.0,1.0,0.7391343798694344,3,0,0,1.0,1.0,1.0,0.7391343798694344,0,0,0,0.0,0.0,0.0,0,0,0,0.0,0.0,0.0
COCO,521282,1,1,0,0,1,0,2,0,2,1,0,0,2,0.013030990000004294,0.0062993669999968915,0.0,0.0062993669999968915,0.006368145000010372,0.019399526000029255,Optimal,0,none,0.6139049688975016,0,2,100.0,100.0,100.0,2.0,1,0,0,1.0,1.0,1.0,0.9352123608465425,1,0,0,1.0,1.0,1.0,0.9352123608465425,1,0,0,1.0,1.0,1.0,0.9352123608465425,0,0,0,0.0,0.0,0.0,0,0,0,0.0,0.0,0.0
COCO,108026,3,3,0,0,3,12,6,12,18,10,0,0,6,0.013821852999967632,0.006627102000038576,0.0,0.006627102000038576,0.006753761000027225,0.02057608600000549,Optimal,0,none,2.333230709241781,0,10,100.0,100.0,100.0,2.0,2,1,1,0.6666666666666666,0.6666666666666666,0.6666666666666666,0.9760917511879516,2,1,1,0.6666666666666666,0.6666666666666666,0.6666666666666666,0.9760917511879516,2,1,1,0.6666666666666666,0.6666666666666666,0.6666666666666666,0.9760917511879516,0,0,0,0.0,0.0,0.0,0,0,0,0.0,0.0,0.0
COCO,243204,4,4,0,0,1,0,2,0,2,1,0,0,2,0.0142986700000165,0.006706876000009743,0.0,0.006706876000009743,0.0067756360000430504,0.02107481899997765,Optimal,0,none,0.528244177500407,0,2,100.0,100.0,100.0,2.0,1,0,3,1.0,0.25,0.4,0.5759383109687994,1,0,3,1.0,0.25,0.4,0.5759383109687994,1,0,3,1.0,0.25,0.4,0.5759383109687994,0,0,0,0.0,0.0,0.0,0,0,0,0.0,0.0,0.0
COCO,177935,13,13,0,0,3,14,6,14,20,10,0,0,6,0.015607389000024341,0.00709647399997948,0.0,0.00709647399997948,0.00723865200001228,0.02284654700002875,Optimal,0,none,2.355235514640809,0,10,100.0,100.0,100.0,2.0,2,1,11,0.6666666666666666,0.15384615384615385,0.25,0.7666417897667601,2,1,11,0.6666666666666666,0.15384615384615385,0.25,0.7666417897667601,2,1,11,0.6666666666666666,0.15384615384615385,0.25,0.7666417897667601,0,0,0,0.0,0.0,0.0,0,0,0,0.0,0.0,0.0
COCO,38829,12,12,0,0,9,121,18,121,139,82,0,0,18,0.01568129999998291,0.011917104000019663,0.0,0.011917104000019663,0.01226436899997907,0.027946522999968693,Optimal,0,none,7.929462592601778,0,28,100.0,100.0,100.0,2.0,8,1,4,0.8888888888888888,0.6666666666666666,0.761904761904762,0.8345108026770066,8,1,4,0.8888888888888888,0.6666666666666666,0.761904761904762,0.8345108026770066,8,1,4,0.8888888888888888,0.6666666666666666,0.761904761904762,0.8345108026770066,0,0,0,0.0,0.0,0.0,0,0,0,0.0,0.0,0.0
COCO,397327,2,2,0,0,2,4,4,4,8,5,0,0,4,0.012546917000008762,0.006872838999981923,0.0,0.006872838999981923,0.006992290000027879,0.019540012999982537,Optimal,0,none,1.4808430941899617,0,5,100.0,100.0,100.0,2.0,2,0,0,1.0,1.0,1.0,0.9013225225519692,2,0,0,1.0,1.0,1.0,0.9013225225519692,2,0,0,1.0,1.0,1.0,0.9013225225519692,0,0,0,0.0,0.0,0.0,0,0,0,0.0,0.0,0.0
COCO,501523,5,5,0,0,5,39,10,39,49,26,0,0,10,0.015705094999987068,0.008192144000020107,0.0,0.008192144000020107,0.008389829000009286,0.024095385000009628,Optimal,0,none,4.121529794534048,0,16,100.0,100.0,100.0,2.0,3,2,2,0.6,0.6,0.6,0.870832287083839,3,2,2,0.6,0.6,0.6,0.870832287083839,3,2,2,0.6,0.6,0.6,0.870832287083839,0,0,0,0.0,0.0,0.0,0,0,0,0.0,0.0,0.0
COCO,555050,18,18,0,0,10,175,20,175,195,101,0,0,20,0.014405743000054372,0.01290662600001724,0.0,0.01290662600001724,0.013278474999992795,0.027684736000026078,Optimal,0,none,8.357137347402904,0,31,100.0,100.0,100.0,2.0,6,4,12,0.6,0.3333333333333333,0.42857142857142855,0.7921844215907472,6,4,12,0.6,0.3333333333333333,0.42857142857142855,0.7921844215907472,6,4,12,0.6,0.3333333333333333,0.42857142857142855,0.7921844215907472,0,0,0,0.0,0.0,0.0,0,0,0,0.0,0.0,0.0
COCO,376442,2,2,0,0,1,0,2,0,2,1,0,0,2,0.012261911999985387,0.005885202999991179,0.0,0.005885202999991179,0.005948484999976245,0.018210828999997375,Optimal,0,none,0.5885992924372355,0,2,100.0,100.0,100.0,2.0,1,0,1,1.0,0.5,0.6666666666666666,0.8722026700887596,1,0,1,1.0,0.5,0.6666666666666666,0.8722026700887596,1,0,1,1.0,0.5,0.6666666666666666,0.8722026700887596,0,0,0,0.0,0.0,0.0,0,0,0,0.0,0.0,0.0
COCO,187243,3,3,0,0,2,4,4,4,8,5,0,0,4,0.012732341999992514,0.006776121000029889,0.0,0.006776121000029889,0.006872560999966026,0.019605363000039233,Optimal,0,none,1.5882376941045129,0,5,100.0,100.0,100.0,2.0,2,0,1,1.0,0.6666666666666666,0.8,0.9085969368180431,2,0,1,1.0,0.6666666666666666,0.8,0.9085969368180431,2,0,1,1.0,0.6666666666666666,0.8,0.9085969368180431,0,0,0,0.0,0.0,0.0,0,0,0,0.0,0.0,0.0
COCO,356347,3,3,0,0,1,0,2,0,2,1,0,0,2,0.015210875999969176,0.006341977000033694,0.0,0.006341977000033694,0.006414296999992075,0.021625656999958665,Optimal,0,none,0.48212229410807295,0,2,100.0,100.0,100.0,2.0,1,0,2,1.0,0.3333333333333333,0.5,0.7523007569186192,1,0,2,1.0,0.3333333333333333,0.5,0.7523007569186192,1,0,2,1.0,0.3333333333333333,0.5,0.7523007569186192,0,0,0,0.0,0.0,0.0,0,0,0,0.0,0.0,0.0
COCO,293044,4,4,0,0,3,12,6,12,18,10,0,0,6,0.011903504999963843,0.007453983000004882,0.0,0.007453983000004882,0.0075784819999853426,0.01948246099999551,Optimal,0,none,2.413514540195466,0,10,100.0,100.0,100.0,2.0,1,2,3,0.3333333333333333,0.25,0.28571428571428575,0.8496573051499077,1,2,3,0.3333333333333333,0.25,0.28571428571428575,0.8496573051499077,1,2,3,0.3333333333333333,0.25,0.28571428571428575,0.8496573051499077,0,0,0,0.0,0.0,0.0,0,0,0,0.0,0.0,0.0
COCO,560279,2,2,0,0,3,14,6,14,20,10,0,0,6,0.016795488000013847,0.006934768000007807,0.0,0.006934768000007807,0.007071630999973877,0.023867666999990433,Optimal,0,none,2.468518674373627,0,10,100.0,100.0,100.0,2.0,1,2,1,0.3333333333333333,0.5,0.4,0.850186984151144,1,2,1,0.3333333333333333,0.5,0.4,0.850186984151144,1,2,1,0.3333333333333333,0.5,0.4,0.850186984151144,0,0,0,0.0,0.0,0.0,0,0,0,0.0,0.0,0.0
COCO,42276,2,2,0,0,1,0,2,0,2,1,0,0,2,0.01344437900002049,0.006304704000001493,0.0,0.006304704000001493,0.0063710790000186535,0.019815917000016725,Optimal,0,none,0.6345086018244426,0,2,100.0,100.0,100.0,2.0,1,0,1,1.0,0.5,0.6666666666666666,0.9476919389631566,1,0,1,1.0,0.5,0.6666666666666666,0.9476919389631566,1,0,1,1.0,0.5,0.6666666666666666,0.9476919389631566,0,0,0,0.0,0.0,0.0,0,0,0,0.0,0.0,0.0
COCO,534827,10,10,0,0,8,81,16,81,97,65,0,0,16,0.016427666000026875,0.010140663000015593,0.0,0.010140663000015593,0.01040039299999762,0.02682857799999283,Optimal,0,none,6.555357950528465,0,25,100.0,100.0,100.0,2.0,6,2,4,0.75,0.6,0.6666666666666665,0.8370812200739354,6,2,4,0.75,0.6,0.6666666666666665,0.8370812200739354,6,2,4,0.75,0.6,0.6666666666666665,0.8370812200739354,0,0,0,0.0,0.0,0.0,0,0,0,0.0,0.0,0.0
COCO,190756,2,2,0,0,2,3,4,3,7,5,0,0,4,0.013296793999984402,0.006192683999984183,0.0,0.006192683999984183,0.0062874380000153,0.01958467100001826,Optimal,0,none,1.5421497853597006,0,5,100.0,100.0,100.0,2.0,2,0,0,1.0,1.0,1.0,0.9656006896621732,2,0,0,1.0,1.0,1.0,0.9656006896621732,2,0,0,1.0,1.0,1.0,0.9656006896621732,0,0,0,0.0,0.0,0.0,0,0,0,0.0,0.0,0.0
COCO,482917,5,5,0,0,4,23,8,23,31,17,0,0,8,0.012526463000028798,0.007213675000002695,0.0,0.007213675000002695,0.007353523000006135,0.019880470000032346,Optimal,0,none,3.3321185366312673,0,13,100.0,100.0,100.0,2.0,1,3,4,0.25,0.2,0.22222222222222224,0.8798177063475012,1,3,4,0.25,0.2,0.22222222222222224,0.8798177063475012,1,3,4,0.25,0.2,0.22222222222222224,0.8798177063475012,0,0,0,0.0,0.0,0.0,0,0,0,0.0,0.0,0.0
COCO,300659,7,7,0,0,7,83,14,83,97,50,0,0,14,0.01359514100005299,0.009441275999961363,0.0,0.009441275999961363,0.009739414999955898,0.02333512000001292,Optimal,0,none,6.489902683526269,0,22,100.0,100.0,100.0,2.0,7,0,0,1.0,1.0,1.0,0.9330553422827632,7,0,0,1.0,1.0,1.0,0.9330553422827632,7,0,0,1.0,1.0,1.0,0.9330553422827632,0,0,0,0.0,0.0,0.0,0,0,0,0.0,0.0,0.0
COCO,199977,1,1,0,0,1,0,2,0,2,1,0,0,2,0.0127000439999847,0.006452421999995295,0.0,0.006452421999995295,0.00651905600000191,0.01921953300001178,Optimal,0,none,0.5919734636942546,0,2,100.0,100.0,100.0,2.0,1,0,0,1.0,1.0,1.0,0.906019268830601,1,0,0,1.0,1.0,1.0,0.906019268830601,1,0,0,1.0,1.0,1.0,0.906019268830601,0,0,0,0.0,0.0,0.0,0,0,0,0.0,0.0,0.0
COCO,442480,4,4,0,0,2,4,4,4,8,5,0,0,4,0.014226183000005221,0.006712103999973351,0.0,0.006712103999973351,0.006813909000015883,0.02104058999998415,Optimal,0,none,1.1449789555867513,0,5,100.0,100.0,100.0,2.0,2,0,2,1.0,0.5,0.6666666666666666,0.7615744520837746,2,0,2,1.0,0.5,0.6666666666666666,0.7615744520837746,2,0,2,1.0,0.5,0.6666666666666666,0.7615744520837746,0,0,0,0.0,0.0,0.0,0,0,0,0.0,0.0,0.0
COCO,384350,2,2,0,0,3,12,6,12,18,10,0,0,6,0.01508317400003989,0.007242404999999508,0.0,0.007242404999999508,0.007380753999996159,0.022464590000026874,Optimal,0,none,2.376871116161347,0,10,100.0,100.0,100.0,2.0,2,1,0,0.6666666666666666,1.0,0.8,0.7029141418425526,2,1,0,0.6666666666666666,1.0,0.8,0.7029141418425526,2,1,0,0.6666666666666666,1.0,0.8,0.7029141418425526,0,0,0,0.0,0.0,0.0,0,0,0,0.0,0.0,0.0
COCO,383621,1,1,0,0,1,0,2,0,2,1,0,0,2,0.013382388000025003,0.006101810000018304,0.0,0.006101810000018304,0.006181104000006599,0.0195639540000343,Optimal,0,none,0.6118761936823527,0,2,100.0,100.0,100.0,2.0,1,0,0,1.0,1.0,1.0,0.959737782603842,1,0,0,1.0,1.0,1.0,0.959737782603842,1,0,0,1.0,1.0,1.0,0.959737782603842,0,0,0,0.0,0.0,0.0,0,0,0,0.0,0.0,0.0
COCO,189828,1,1,0,0,1,0,2,0,2,1,0,0,2,0.016244469000014305,0.006074658999978055,0.0,0.006074658999978055,0.006139367999992373,0.022384224000006725,Optimal,0,none,0.56853875319163,0,2,100.0,100.0,100.0,2.0,1,0,0,1.0,1.0,1.0,0.954096068324599,1,0,0,1.0,1.0,1.0,0.954096068324599,1,0,0,1.0,1.0,1.0,0.954096068324599,0,0,0,0.0,0.0,0.0,0,0,0,0.0,0.0,0.0
COCO,412894,20,20,0,0,14,339,28,339,367,197,0,0,28,0.015158691999999974,0.018733987000018715,0.0,0.018733987000018715,0.01923627299998998,0.03439553700002307,Optimal,0,none,11.830044812109088,0,43,100.0,100.0,100.0,2.0,10,4,10,0.7142857142857143,0.5,0.588235294117647,0.8451901754369707,10,4,10,0.7142857142857143,0.5,0.588235294117647,0.8451901754369707,10,4,10,0.7142857142857143,0.5,0.588235294117647,0.8451901754369707,0,0,0,0.0,0.0,0.0,0,0,0,0.0,0.0,0.0
COCO,537153,3,3,0,0,1,0,2,0,2,1,0,0,2,0.012573102000033032,0.006241539999962242,0.0,0.006241539999962242,0.006328516999985823,0.018902115999992475,Optimal,0,none,0.48606926600138345,0,2,100.0,100.0,100.0,2.0,1,0,2,1.0,0.3333333333333333,0.5,0.6674573483461398,1,0,2,1.0,0.3333333333333333,0.5,0.6674573483461398,1,0,2,1.0,0.3333333333333333,0.5,0.6674573483461398,0,0,0,0.0,0.0,0.0,0,0,0,0.0,0.0,0.0
COCO,361103,27,27,0,0,18,577,36,577,613,325,0,0,36,0.015444188000003578,0.027275839999958862,0.0,0.027275839999958862,0.02801041999998688,0.0434551320000196,Optimal,0,none,14.893393815139904,0,55,100.0,100.0,100.0,2.0,14,4,13,0.7777777777777778,0.5185185185185185,0.6222222222222222,0.8013939814934831,14,4,13,0.7777777777777778,0.5185185185185185,0.6222222222222222,0.8013939814934831,14,4,13,0.7777777777777778,0.5185185185185185,0.6222222222222222,0.8013939814934831,0,0,0,0.0,0.0,0.0,0,0,0,0.0,0.0,0.0
COCO,392722,15,15,0,0,11,199,22,199,221,122,0,0,22,0.01445796100000507,0.014086569000028248,0.0,0.014086569000028248,0.014467623000030017,0.028926135999995495,Optimal,0,none,9.36400282700857,0,34,100.0,100.0,100.0,2.0,10,1,5,0.9090909090909091,0.6666666666666666,0.7692307692307692,0.870452043526609,10,1,5,0.9090909090909091,0.6666666666666666,0.7692307692307692,0.870452043526609,10,1,5,0.9090909090909091,0.6666666666666666,0.7692307692307692,0.870452043526609,0,0,0,0.0,0.0,0.0,0,0,0,0.0,0.0,0.0
COCO,338560,12,12,0,0,7,76,14,76,90,50,0,0,14,0.015068790999976045,0.009252388999982486,0.0,0.009252388999982486,0.009488704999967013,0.024557891999961612,Optimal,0,none,5.989969313434653,0,22,100.0,100.0,100.0,2.0,6,1,6,0.8571428571428571,0.5,0.631578947368421,0.8967999603750051,6,1,6,0.8571428571428571,0.5,0.631578947368421,0.8967999603750051,6,1,6,0.8571428571428571,0.5,0.631578947368421,0.8967999603750051,0,0,0,0.0,0.0,0.0,0,0,0,0.0,0.0,0.0
COCO,264535,5,5,0,0,3,12,6,12,18,10,0,0,6,0.017320913999981258,0.006787274000032539,0.0,0.006787274000032539,0.006931629000007433,0.0242530759999795,Optimal,0,none,2.783860502243043,0,10,100.0,100.0,100.0,2.0,3,0,2,1.0,0.6,0.7499999999999999,0.8456928256938929,3,0,2,1.0,0.6,0.7499999999999999,0.8456928256938929,3,0,2,1.0,0.6,0.7499999999999999,0.8456928256938929,0,0,0,0.0,0.0,0.0,0,0,0,0.0,0.0,0.0
COCO,295231,7,7,0,0,8,106,16,106,122,65,0,0,16,0.01509963900002731,0.011907265999980154,0.0,0.011907265999980154,0.012195512000005237,0.027295695000020714,Optimal,0,none,6.429612266146581,0,25,100.0,100.0,100.0,2.0,7,1,0,0.875,1.0,0.9333333333333333,0.8057929456487629,7,1,0,0.875,1.0,0.9333333333333333,0.8057929456487629,7,1,0,0.875,1.0,0.9333333333333333,0.8057929456487629,0,0,0,0.0,0.0,0.0,0,0,0,0.0,0.0,0.0
COCO,154947,1,1,0,0,1,0,2,0,2,1,0,0,2,0.016015930999969896,0.006330352000020412,0.0,0.006330352000020412,0.006399615000020731,0.02241606799998408,Optimal,0,none,0.6338650385538738,0,2,100.0,100.0,100.0,2.0,1,0,0,1.0,1.0,1.0,0.9573888654076245,1,0,0,1.0,1.0,1.0,0.9573888654076245,1,0,0,1.0,1.0,1.0,0.9573888654076245,0,0,0,0.0,0.0,0.0,0,0,0,0.0,0.0,0.0
COCO,212559,10,10,0,0,8,107,16,107,123,65,0,0,16,0.01745919600000434,0.011475700000005418,0.0,0.011475700000005418,0.011749455999961356,0.029209103999960462,Optimal,0,none,7.31109883102946,0,25,100.0,100.0,100.0,2.0,8,0,2,1.0,0.8,0.888888888888889,0.9219433329514695,8,0,2,1.0,0.8,0.888888888888889,0.9219433329514695,8,0,2,1.0,0.8,0.888888888888889,0.9219433329514695,0,0,0,0.0,0.0,0.0,0,0,0,0.0,0.0,0.0
COCO,458755,6,6,0,0,4,19,8,19,27,17,0,0,8,0.01648682799998369,0.007851528000003327,0.0,0.007851528000003327,0.007999486000016987,0.024486813000009988,Optimal,0,none,3.2947586862246205,0,13,100.0,100.0,100.0,2.0,3,1,3,0.75,0.5,0.6,0.7228997762852023,3,1,3,0.75,0.5,0.6,0.7228997762852023,3,1,3,0.75,0.5,0.6,0.7228997762852023,0,0,0,0.0,0.0,0.0,0,0,0,0.0,0.0,0.0
COCO,104782,1,1,0,0,1,0,2,0,2,1,0,0,2,0.012859934999994493,0.006380025999987993,0.0,0.006380025999987993,0.00644921999997905,0.019309652999993432,Optimal,0,none,0.5914383808771769,0,2,100.0,100.0,100.0,2.0,1,0,0,1.0,1.0,1.0,0.9155935193633817,1,0,0,1.0,1.0,1.0,0.9155935193633817,1,0,0,1.0,1.0,1.0,0.9155935193633817,0,0,0,0.0,0.0,0.0,0,0,0,0.0,0.0,0.0
COCO,315257,1,1,0,0,2,2,4,2,6,5,0,0,4,0.015103189000001294,0.00657335700003614,0.0,0.00657335700003614,0.006672839999964708,0.021776521999981924,Optimal,0,none,1.381516316731771,0,5,100.0,100.0,100.0,2.0,1,1,0,0.5,1.0,0.6666666666666666,0.8913505017895305,1,1,0,0.5,1.0,0.6666666666666666,0.8913505017895305,1,1,0,0.5,1.0,0.6666666666666666,0.8913505017895305,0,0,0,0.0,0.0,0.0,0,0,0,0.0,0.0,0.0
COCO,130599,1,1,0,0,3,10,6,10,16,10,0,0,6,0.016193616999998994,0.006728034999980537,0.0,0.006728034999980537,0.006858876999956465,0.023053034999975353,Optimal,0,none,2.4428619217872622,0,10,100.0,100.0,100.0,2.0,1,2,0,0.3333333333333333,1.0,0.5,0.9767217599743299,1,2,0,0.3333333333333333,1.0,0.5,0.9767217599743299,1,2,0,0.3333333333333333,1.0,0.5,0.9767217599743299,0,0,0,0.0,0.0,0.0,0,0,0,0.0,0.0,0.0
COCO,227187,11,11,0,0,4,25,8,25,33,17,0,0,8,0.017280354000035913,0.0069476219999842215,0.0,0.0069476219999842215,0.007094358000017564,0.02437520600000198,Optimal,0,none,3.1628965584437063,0,13,100.0,100.0,100.0,2.0,2,2,9,0.5,0.18181818181818182,0.26666666666666666,0.8859978381347082,2,2,9,0.5,0.18181818181818182,0.26666666666666666,0.8859978381347082,2,2,9,0.5,0.18181818181818182,0.26666666666666666,0.8859978381347082,0,0,0,0.0,0.0,0.0,0,0,0,0.0,0.0,0.0
COCO,151662,2,2,0,0,2,4,4,4,8,5,0,0,4,0.013476136999997834,0.006649772999992365,0.0,0.006649772999992365,0.006743545000006179,0.020220165000012003,Optimal,0,none,1.3257102761550579,0,5,100.0,100.0,100.0,2.0,1,1,1,0.5,0.5,0.5,0.8553972986216068,1,1,1,0.5,0.5,0.5,0.8553972986216068,1,1,1,0.5,0.5,0.5,0.8553972986216068,0,0,0,0.0,0.0,0.0,0,0,0,0.0,0.0,0.0
COCO,461275,0,0,0,0,0,0,0,0,0,0,0,0,1,0.012900421999972878,0.005082393000009233,0.0,0.005082393000009233,0.005119158000013613,0.018019947999960095,Optimal,0,none,,0,1,100.0,0.0,0.0,0.0,0,0,0,0.0,0.0,0.0,0.0,0,0,0,0.0,0.0,0.0,0.0,0,0,0,0.0,0.0,0.0,0.0,0,0,0,0.0,0.0,0.0,0,0,0,0.0,0.0,0.0
COCO,523811,1,1,0,0,2,4,4,4,8,5,0,0,4,0.013887054999997872,0.006749583999976494,0.0,0.006749583999976494,0.006846298999960254,0.020734111999956895,Optimal,0,none,1.4433604033788048,0,5,100.0,100.0,100.0,2.0,1,1,0,0.5,1.0,0.6666666666666666,0.9388730819667033,1,1,0,0.5,1.0,0.6666666666666666,0.9388730819667033,1,1,0,0.5,1.0,0.6666666666666666,0.9388730819667033,0,0,0,0.0,0.0,0.0,0,0,0,0.0,0.0,0.0
COCO,456559,2,2,0,0,1,0,2,0,2,1,0,0,2,0.013680356999998367,0.006257650000009107,0.0,0.006257650000009107,0.006330567000020437,0.020011392000014894,Optimal,0,none,0.620830504099528,0,2,100.0,100.0,100.0,2.0,1,0,1,1.0,0.5,0.6666666666666666,0.9928997269596213,1,0,1,1.0,0.5,0.6666666666666666,0.9928997269596213,1,0,1,1.0,0.5,0.6666666666666666,0.9928997269596213,0,0,0,0.0,0.0,0.0,0,0,0,0.0,0.0,0.0
COCO,101068,2,2,0,0,4,26,8,26,34,17,0,0,8,0.014344891000007465,0.009440443000016785,0.0,0.009440443000016785,0.009595113999978366,0.02394037499999513,Optimal,0,none,3.2073234764734915,0,13,100.0,100.0,100.0,2.0,2,2,0,0.5,1.0,0.6666666666666666,0.9739245447219691,2,2,0,0.5,1.0,0.6666666666666666,0.9739245447219691,2,2,0,0.5,1.0,0.6666666666666666,0.9739245447219691,0,0,0,0.0,0.0,0.0,0,0,0,0.0,0.0,0.0
COCO,140640,11,11,0,0,6,54,12,54,66,37,0,0,12,0.013998936999996658,0.009366349000003993,0.0,0.009366349000003993,0.009566114999984165,0.023565375999965,Optimal,0,none,5.291047430461592,0,19,100.0,100.0,100.0,2.0,6,0,5,1.0,0.5454545454545454,0.7058823529411764,0.8211760837061045,6,0,5,1.0,0.5454545454545454,0.7058823529411764,0.8211760837061045,6,0,5,1.0,0.5454545454545454,0.7058823529411764,0.8211760837061045,0,0,0,0.0,0.0,0.0,0,0,0,0.0,0.0,0.0
COCO,516708,1,1,0,0,1,0,2,0,2,1,0,0,2,0.013579793000019436,0.006138600999975097,0.0,0.006138600999975097,0.00620421600001464,0.019784662000006392,Optimal,0,none,0.5697134653727214,0,2,100.0,100.0,100.0,2.0,1,0,0,1.0,1.0,1.0,0.9373437313083126,1,0,0,1.0,1.0,1.0,0.9373437313083126,1,0,0,1.0,1.0,1.0,0.9373437313083126,0,0,0,0.0,0.0,0.0,0,0,0,0.0,0.0,0.0
COCO,544605,1,1,0,0,0,0,0,0,0,0,0,0,1,0.011379265000016403,0.00491047799999933,0.0,0.00491047799999933,0.004946758000016871,0.016326284999991003,Optimal,0,none,,0,1,100.0,0.0,0.0,0.0,0,0,1,0.0,0.0,0.0,0.0,0,0,1,0.0,0.0,0.0,0.0,0,0,1,0.0,0.0,0.0,0.0,0,0,0,0.0,0.0,0.0,0,0,0,0.0,0.0,0.0
COCO,385190,5,5,0,0,4,24,8,24,32,17,0,0,8,0.013168833000008817,0.008116432999997869,0.0,0.008116432999997869,0.008263559999988956,0.021432817000004434,Optimal,0,none,3.1116028277079275,0,13,100.0,100.0,100.0,2.0,2,2,3,0.5,0.4,0.4444444444444445,0.6815374104688454,2,2,3,0.5,0.4,0.4444444444444445,0.6815374104688454,2,2,3,0.5,0.4,0.4444444444444445,0.6815374104688454,0,0,0,0.0,0.0,0.0,0,0,0,0.0,0.0,0.0
COCO,338986,4,4,0,0,3,10,6,10,16,10,0,0,6,0.014279634999979862,0.006593853000026684,0.0,0.006593853000026684,0.006718149000050744,0.020998222000002897,Optimal,0,none,2.3430193257331853,0,10,100.0,100.0,100.0,2.0,3,0,1,1.0,0.75,0.8571428571428571,0.8661425386053104,3,0,1,1.0,0.75,0.8571428571428571,0.8661425386053104,3,0,1,1.0,0.75,0.8571428571428571,0.8661425386053104,0,0,0,0.0,0.0,0.0,0,0,0,0.0,0.0,0.0
COCO,53994,4,4,0,0,2,4,4,4,8,5,0,0,4,0.015472208999995019,0.006547600000033071,0.0,0.006547600000033071,0.006673099000011007,0.022145724999973027,Optimal,0,none,1.4142155798276268,0,5,100.0,100.0,100.0,2.0,2,0,2,1.0,0.5,0.6666666666666666,0.6886766597182591,2,0,2,1.0,0.5,0.6666666666666666,0.6886766597182591,2,0,2,1.0,0.5,0.6666666666666666,0.6886766597182591,0,0,0,0.0,0.0,0.0,0,0,0,0.0,0.0,0.0
COCO,61171,7,7,0,0,4,20,8,20,28,17,0,0,8,0.014465379000000667,0.0071810720000371475,0.0,0.0071810720000371475,0.007323902999985421,0.02178965100000596,Optimal,0,none,3.1100407568613697,0,13,100.0,100.0,100.0,2.0,2,2,5,0.5,0.2857142857142857,0.36363636363636365,0.9133102383944613,2,2,5,0.5,0.2857142857142857,0.36363636363636365,0.9133102383944613,2,2,5,0.5,0.2857142857142857,0.36363636363636365,0.9133102383944613,0,0,0,0.0,0.0,0.0,0,0,0,0.0,0.0,0.0
COCO,314034,26,26,0,0,16,415,32,415,447,257,0,0,32,0.016775533999975778,0.023900398000023415,0.0,0.023900398000023415,0.024574497999992673,0.041350658999988354,Optimal,0,none,13.069696878574291,0,49,100.0,100.0,100.0,2.0,14,2,12,0.875,0.5384615384615384,0.6666666666666667,0.8451227153287657,14,2,12,0.875,0.5384615384615384,0.6666666666666667,0.8451227153287657,14,2,12,0.875,0.5384615384615384,0.6666666666666667,0.8451227153287657,0,0,0,0.0,0.0,0.0,0,0,0,0.0,0.0,0.0
COCO,291490,2,2,0,0,2,4,4,4,8,5,0,0,4,0.013582934999988083,0.006176163999953133,0.0,0.006176163999953133,0.006280257000014444,0.01986362099995631,Optimal,0,none,1.3668089040120441,0,5,100.0,100.0,100.0,2.0,2,0,0,1.0,1.0,1.0,0.9520920739969121,2,0,0,1.0,1.0,1.0,0.9520920739969121,2,0,0,1.0,1.0,1.0,0.9520920739969121,0,0,0,0.0,0.0,0.0,0,0,0,0.0,0.0,0.0
COCO,152740,15,15,0,0,18,587,36,587,623,325,0,0,36,0.05618621400003576,0.03781170900003872,0.0,0.03781170900003872,0.03925568100004284,0.09544283700000733,Optimal,0,none,14.829388851034258,0,55,100.0,100.0,100.0,2.0,13,5,2,0.7222222222222222,0.8666666666666667,0.7878787878787877,0.8934041850437908,13,5,2,0.7222222222222222,0.8666666666666667,0.7878787878787877,0.8934041850437908,13,5,2,0.7222222222222222,0.8666666666666667,0.7878787878787877,0.8934041850437908,0,0,0,0.0,0.0,0.0,0,0,0,0.0,0.0,0.0
COCO,24919,2,2,0,0,3,10,6,10,16,10,0,0,6,0.014916143999982978,0.006504816000017399,0.0,0.006504816000017399,0.006623476000015671,0.021540054000013242,Optimal,0,none,2.4726280999183654,0,10,100.0,100.0,100.0,2.0,2,1,0,0.6666666666666666,1.0,0.8,0.817789973409625,2,1,0,0.6666666666666666,1.0,0.8,0.817789973409625,2,1,0,0.6666666666666666,1.0,0.8,0.817789973409625,0,0,0,0.0,0.0,0.0,0,0,0,0.0,0.0,0.0
COCO,79837,8,8,0,0,6,50,12,50,62,37,0,0,12,0.013838813999996091,0.012283436000018355,0.0,0.012283436000018355,0.012525659999994332,0.02636509199999182,Optimal,0,none,4.447584612369539,0,19,100.0,100.0,100.0,2.0,3,3,5,0.5,0.375,0.42857142857142855,0.7948764565169627,3,3,5,0.5,0.375,0.42857142857142855,0.7948764565169627,3,3,5,0.5,0.375,0.42857142857142855,0.7948764565169627,0,0,0,0.0,0.0,0.0,0,0,0,0.0,0.0,0.0
COCO,21903,3,3,0,0,3,10,6,10,16,10,0,0,6,0.01466559599998618,0.006553031999999348,0.0,0.006553031999999348,0.006679710000014438,0.021345801999984815,Optimal,0,none,2.703339571952821,0,10,100.0,100.0,100.0,2.0,3,0,0,1.0,1.0,1.0,0.9374358062118082,3,0,0,1.0,1.0,1.0,0.9374358062118082,3,0,0,1.0,1.0,1.0,0.9374358062118082,0,0,0,0.0,0.0,0.0,0,0,0,0.0,0.0,0.0
COCO,564133,8,8,0,0,7,48,14,48,62,50,0,0,14,0.01484172599998601,0.008744273999980123,0.0,0.008744273999980123,0.008950254000012592,0.02379242099999601,Optimal,0,none,5.367093565730017,0,22,100.0,100.0,100.0,2.0,6,1,2,0.8571428571428571,0.75,0.7999999999999999,0.7694253703289595,6,1,2,0.8571428571428571,0.75,0.7999999999999999,0.7694253703289595,6,1,2,0.8571428571428571,0.75,0.7999999999999999,0.7694253703289595,0,0,0,0.0,0.0,0.0,0,0,0,0.0,0.0,0.0
COCO,337055,2,2,0,0,2,4,4,4,8,5,0,0,4,0.01312433099997179,0.006716393000033349,0.0,0.006716393000033349,0.006817600000033508,0.019942370999956438,Optimal,0,none,1.3899355443318688,0,5,100.0,100.0,100.0,2.0,2,0,0,1.0,1.0,1.0,0.961586854787534,2,0,0,1.0,1.0,1.0,0.961586854787534,2,0,0,1.0,1.0,1.0,0.961586854787534,0,0,0,0.0,0.0,0.0,0,0,0,0.0,0.0,0.0
COCO,110638,3,3,0,0,3,10,6,10,16,10,0,0,6,0.013288425999974152,0.006472766999991109,0.0,0.006472766999991109,0.006591764000006606,0.019880548999992698,Optimal,0,none,2.616460437774659,0,10,100.0,100.0,100.0,2.0,3,0,0,1.0,1.0,1.0,0.918255705597665,3,0,0,1.0,1.0,1.0,0.918255705597665,3,0,0,1.0,1.0,1.0,0.918255705597665,0,0,0,0.0,0.0,0.0,0,0,0,0.0,0.0,0.0
COCO,34139,4,4,0,0,5,30,10,30,40,26,0,0,10,0.013734562000024653,0.0076720779999845945,0.0,0.0076720779999845945,0.007834123000009185,0.021569129999988945,Optimal,0,none,4.207070823510489,0,16,100.0,100.0,100.0,2.0,4,1,0,0.8,1.0,0.888888888888889,0.7450511570250864,4,1,0,0.8,1.0,0.888888888888889,0.7450511570250864,4,1,0,0.8,1.0,0.888888888888889,0.7450511570250864,0,0,0,0.0,0.0,0.0,0,0,0,0.0,0.0,0.0
COCO,80340,20,20,0,0,13,279,26,279,305,170,0,0,26,0.01469768300000851,0.017181605000018862,0.0,0.017181605000018862,0.017630547999999635,0.03232863300002009,Optimal,0,none,11.09354555765788,0,40,100.0,100.0,100.0,2.0,10,3,10,0.7692307692307693,0.5,0.6060606060606061,0.8379906451862676,10,3,10,0.7692307692307693,0.5,0.6060606060606061,0.8379906451862676,10,3,10,0.7692307692307693,0.5,0.6060606060606061,0.8379906451862676,0,0,0,0.0,0.0,0.0,0,0,0,0.0,0.0,0.0
COCO,83113,2,2,0,0,3,6,6,6,12,10,0,0,6,0.015337211999963074,0.0061897740000063095,0.0,0.0061897740000063095,0.00631091899998637,0.02164869500001032,Optimal,0,none,2.2657118821144104,0,10,100.0,100.0,100.0,2.0,2,1,0,0.6666666666666666,1.0,0.8,0.9467498027636616,2,1,0,0.6666666666666666,1.0,0.8,0.9467498027636616,2,1,0,0.6666666666666666,1.0,0.8,0.9467498027636616,0,0,0,0.0,0.0,0.0,0,0,0,0.0,0.0,0.0
COCO,173033,2,2,0,0,2,3,4,3,7,5,0,0,4,0.014372525999988284,0.006703523999988192,0.0,0.006703523999988192,0.006800799000018287,0.02117380400000002,Optimal,0,none,1.3625273497899375,0,5,100.0,100.0,100.0,2.0,1,1,1,0.5,0.5,0.5,0.8176949299712849,1,1,1,0.5,0.5,0.5,0.8176949299712849,1,1,1,0.5,0.5,0.5,0.8176949299712849,0,0,0,0.0,0.0,0.0,0,0,0,0.0,0.0,0.0
COCO,255664,2,2,0,0,2,4,4,4,8,5,0,0,4,0.014565711999978248,0.006761645999972643,0.0,0.006761645999972643,0.006872084000008272,0.021438255000020945,Optimal,0,none,1.6306509049733484,0,5,100.0,100.0,100.0,2.0,2,0,0,1.0,1.0,1.0,0.9557815193194596,2,0,0,1.0,1.0,1.0,0.9557815193194596,2,0,0,1.0,1.0,1.0,0.9557815193194596,0,0,0,0.0,0.0,0.0,0,0,0,0.0,0.0,0.0
COCO,72813,3,3,0,0,3,13,6,13,19,10,0,0,6,0.013390383000000838,0.0068307230000073105,0.0,0.0068307230000073105,0.006961103999969964,0.020351937999976144,Optimal,0,none,2.653773531913758,0,10,100.0,100.0,100.0,2.0,3,0,0,1.0,1.0,1.0,0.9378210184867952,3,0,0,1.0,1.0,1.0,0.9378210184867952,3,0,0,1.0,1.0,1.0,0.9378210184867952,0,0,0,0.0,0.0,0.0,0,0,0,0.0,0.0,0.0
COCO,545129,3,3,0,0,3,8,6,8,14,10,0,0,6,0.013263593999965906,0.0066305670000019745,0.0,0.0066305670000019745,0.006751035999968735,0.020015302999979667,Optimal,0,none,2.8120187234878546,0,10,100.0,100.0,100.0,2.0,3,0,0,1.0,1.0,1.0,0.946982214873196,3,0,0,1.0,1.0,1.0,0.946982214873196,3,0,0,1.0,1.0,1.0,0.946982214873196,0,0,0,0.0,0.0,0.0,0,0,0,0.0,0.0,0.0
COCO,546011,3,3,0,0,3,8,6,8,14,10,0,0,6,0.014148116999990634,0.006662254999980632,0.0,0.006662254999980632,0.00678323099998579,0.02093178600000556,Optimal,0,none,2.773530540776517,0,10,100.0,100.0,100.0,2.0,3,0,0,1.0,1.0,1.0,0.9213547433582822,3,0,0,1.0,1.0,1.0,0.9213547433582822,3,0,0,1.0,1.0,1.0,0.9213547433582822,0,0,0,0.0,0.0,0.0,0,0,0,0.0,0.0,0.0
COCO,121031,8,8,0,0,6,50,12,50,62,37,0,0,12,0.015389379999987796,0.008697735999987799,0.0,0.008697735999987799,0.008919743000035396,0.024309587999994164,Optimal,0,none,5.12528053045273,0,19,100.0,100.0,100.0,2.0,6,0,2,1.0,0.75,0.8571428571428571,0.8643620771062207,6,0,2,1.0,0.75,0.8571428571428571,0.8643620771062207,6,0,2,1.0,0.75,0.8571428571428571,0.8643620771062207,0,0,0,0.0,0.0,0.0,0,0,0,0.0,0.0,0.0
COCO,172547,7,7,0,0,3,8,6,8,14,10,0,0,6,0.014110200000004625,0.006602235000002565,0.0,0.006602235000002565,0.006724980000001324,0.020835612999974273,Optimal,0,none,2.2108576118023175,0,10,100.0,100.0,100.0,2.0,3,0,4,1.0,0.42857142857142855,0.6,0.7913030108529644,3,0,4,1.0,0.42857142857142855,0.6,0.7913030108529644,3,0,4,1.0,0.42857142857142855,0.6,0.7913030108529644,0,0,0,0.0,0.0,0.0,0,0,0,0.0,0.0,0.0
COCO,369081,3,3,0,0,3,6,6,6,12,10,0,0,6,0.015673477000007097,0.006566448999990371,0.0,0.006566448999990371,0.006691491000026417,0.02236545099998466,Optimal,0,none,2.741981401443482,0,10,100.0,100.0,100.0,2.0,3,0,0,1.0,1.0,1.0,0.9459870538102654,3,0,0,1.0,1.0,1.0,0.9459870538102654,3,0,0,1.0,1.0,1.0,0.9459870538102654,0,0,0,0.0,0.0,0.0,0,0,0,0.0,0.0,0.0
COCO,509131,9,9,0,0,8,110,16,110,126,65,0,0,16,0.012842642000009619,0.010916309999970508,0.0,0.010916309999970508,0.011190634999991289,0.024033754000015506,Optimal,0,none,5.9985495830552,0,25,100.0,100.0,100.0,2.0,3,5,6,0.375,0.3333333333333333,0.35294117647058826,0.8278254382474042,3,5,6,0.375,0.3333333333333333,0.35294117647058826,0.8278254382474042,3,5,6,0.375,0.3333333333333333,0.35294117647058826,0.8278254382474042,0,0,0,0.0,0.0,0.0,0,0,0,0.0,0.0,0.0
COCO,578922,7,7,0,0,5,36,10,36,46,26,0,0,10,0.01618343399997002,0.008165013999985149,0.0,0.008165013999985149,0.00833930699997154,0.024523208999994495,Optimal,0,none,4.059174311955771,0,16,100.0,100.0,100.0,2.0,3,2,4,0.6,0.42857142857142855,0.5,0.8348349418003936,3,2,4,0.6,0.42857142857142855,0.5,0.8348349418003936,3,2,4,0.6,0.42857142857142855,0.5,0.8348349418003936,0,0,0,0.0,0.0,0.0,0,0,0,0.0,0.0,0.0
COCO,464089,14,14,0,0,11,207,22,207,229,122,0,0,22,0.016719673000011426,0.015148657999986881,0.0,0.015148657999986881,0.015531713999962449,0.03225186599996732,Optimal,0,none,9.394638279518427,0,34,100.0,100.0,100.0,2.0,7,4,7,0.6363636363636364,0.5,0.56,0.8442054314059344,7,4,7,0.6363636363636364,0.5,0.56,0.8442054314059344,7,4,7,0.6363636363636364,0.5,0.56,0.8442054314059344,0,0,0,0.0,0.0,0.0,0,0,0,0.0,0.0,0.0
COCO,453708,14,14,0,0,11,200,22,200,222,122,0,0,22,0.01461364900001172,0.014192782999998599,0.0,0.014192782999998599,0.01463754600001721,0.0292515680000065,Optimal,0,none,9.115890593694116,0,34,100.0,100.0,100.0,2.0,9,2,5,0.8181818181818182,0.6428571428571429,0.7200000000000001,0.9049084072869792,9,2,5,0.8181818181818182,0.6428571428571429,0.7200000000000001,0.9049084072869792,9,2,5,0.8181818181818182,0.6428571428571429,0.7200000000000001,0.9049084072869792,0,0,0,0.0,0.0,0.0,0,0,0,0.0,0.0,0.0
COCO,177714,11,11,0,0,6,62,12,62,74,37,0,0,12,0.014041176000034739,0.009782739999991463,0.0,0.009782739999991463,0.010006214999975782,0.02404778200002511,Optimal,0,none,4.475996549129487,0,19,100.0,100.0,100.0,2.0,5,1,6,0.8333333333333334,0.45454545454545453,0.5882352941176471,0.8431720114000063,5,1,6,0.8333333333333334,0.45454545454545453,0.5882352941176471,0.8431720114000063,5,1,6,0.8333333333333334,0.45454545454545453,0.5882352941176471,0.8431720114000063,0,0,0,0.0,0.0,0.0,0,0,0,0.0,0.0,0.0
COCO,459887,3,3,0,0,2,4,4,4,8,5,0,0,4,0.014709783000000698,0.006544235999967896,0.0,0.006544235999967896,0.006658053000023756,0.021368741999992835,Optimal,0,none,1.3839559314058143,0,5,100.0,100.0,100.0,2.0,1,1,2,0.5,0.3333333333333333,0.4,0.7531811884082626,1,1,2,0.5,0.3333333333333333,0.4,0.7531811884082626,1,1,2,0.5,0.3333333333333333,0.4,0.7531811884082626,0,0,0,0.0,0.0,0.0,0,0,0,0.0,0.0,0.0
COCO,155179,2,2,0,0,1,0,2,0,2,1,0,0,2,0.01344869000001836,0.006241674999955649,0.0,0.006241674999955649,0.006305713000017477,0.019755029999998897,Optimal,0,none,0.6076735178629558,0,2,100.0,100.0,100.0,2.0,1,0,1,1.0,0.5,0.6666666666666666,0.9830019692150641,1,0,1,1.0,0.5,0.6666666666666666,0.9830019692150641,1,0,1,1.0,0.5,0.6666666666666666,0.9830019692150641,0,0,0,0.0,0.0,0.0,0,0,0,0.0,0.0,0.0
COCO,261116,11,11,0,0,5,37,10,37,47,26,0,0,10,0.013111591000040335,0.007933445999981359,0.0,0.007933445999981359,0.00811205500002643,0.021224187000029815,Optimal,0,none,4.121961081822714,0,16,100.0,100.0,100.0,2.0,4,1,7,0.8,0.36363636363636365,0.5000000000000001,0.9363489440426733,4,1,7,0.8,0.36363636363636365,0.5000000000000001,0.9363489440426733,4,1,7,0.8,0.36363636363636365,0.5000000000000001,0.9363489440426733,0,0,0,0.0,0.0,0.0,0,0,0,0.0,0.0,0.0
COCO,396274,1,1,0,0,0,0,0,0,0,0,0,0,1,0.013083406000021114,0.004559757000038189,0.0,0.004559757000038189,0.004594215999986773,0.01767795300003172,Optimal,0,none,,0,1,100.0,0.0,0.0,0.0,0,0,1,0.0,0.0,0.0,0.0,0,0,1,0.0,0.0,0.0,0.0,0,0,1,0.0,0.0,0.0,0.0,0,0,0,0.0,0.0,0.0,0,0,0,0.0,0.0,0.0
COCO,29640,14,14,0,0,15,411,30,411,441,226,0,0,30,0.01588288100003865,0.021448046999978487,0.0,0.021448046999978487,0.022041640999987067,0.03792493100002048,Optimal,0,none,11.498164306005538,0,46,100.0,100.0,100.0,2.0,5,10,9,0.3333333333333333,0.35714285714285715,0.3448275862068965,0.8215166190605508,5,10,9,0.3333333333333333,0.35714285714285715,0.3448275862068965,0.8215166190605508,5,10,9,0.3333333333333333,0.35714285714285715,0.3448275862068965,0.8215166190605508,0,0,0,0.0,0.0,0.0,0,0,0,0.0,0.0,0.0
COCO,141328,16,16,0,0,7,79,14,79,93,50,0,0,14,0.015176618999987568,0.009558443999992505,0.0,0.009558443999992505,0.009786099999985254,0.024963205999995353,Optimal,0,none,5.49350486914317,0,22,100.0,100.0,100.0,2.0,6,1,10,0.8571428571428571,0.375,0.5217391304347825,0.7677965976554569,6,1,10,0.8571428571428571,0.375,0.5217391304347825,0.7677965976554569,6,1,10,0.8571428571428571,0.375,0.5217391304347825,0.7677965976554569,0,0,0,0.0,0.0,0.0,0,0,0,0.0,0.0,0.0
COCO,308430,18,18,0,0,12,279,24,279,303,145,0,0,24,0.015645331999962764,0.016273818999991363,0.0,0.016273818999991363,0.016729290000000674,0.03237506499999654,Optimal,0,none,8.837160936042594,0,37,100.0,100.0,100.0,2.0,3,9,15,0.25,0.16666666666666666,0.2,0.7887787937480116,3,9,15,0.25,0.16666666666666666,0.2,0.7887787937480116,3,9,15,0.25,0.16666666666666666,0.2,0.7887787937480116,0,0,0,0.0,0.0,0.0,0,0,0,0.0,0.0,0.0
COCO,43314,5,5,0,0,5,41,10,41,51,26,0,0,10,0.014930980999963595,0.0084640649999983,0.0,0.0084640649999983,0.008644009000022379,0.023575539999967532,Optimal,0,none,3.8191679301031782,0,16,100.0,100.0,100.0,2.0,2,3,3,0.4,0.4,0.4000000000000001,0.6539924375406793,2,3,3,0.4,0.4,0.4000000000000001,0.6539924375406793,2,3,3,0.4,0.4,0.4000000000000001,0.6539924375406793,0,0,0,0.0,0.0,0.0,0,0,0,0.0,0.0,0.0
COCO,273715,5,5,0,0,7,84,14,84,98,50,0,0,14,0.014642686999991383,0.009942105999982687,0.0,0.009942105999982687,0.010183647000019391,0.024826884999981758,Optimal,0,none,5.948347015909567,0,22,100.0,100.0,100.0,2.0,4,3,1,0.5714285714285714,0.8,0.6666666666666666,0.8971839872764442,4,3,1,0.5714285714285714,0.8,0.6666666666666666,0.8971839872764442,4,3,1,0.5714285714285714,0.8,0.6666666666666666,0.8971839872764442,0,0,0,0.0,0.0,0.0,0,0,0,0.0,0.0,0.0
COCO,456303,6,6,0,0,2,3,4,3,7,5,0,0,4,0.012899663000041528,0.006345807999991848,0.0,0.006345807999991848,0.006439274999991085,0.019339420000051177,Optimal,0,none,1.2773582728703818,0,5,100.0,100.0,100.0,2.0,2,0,4,1.0,0.3333333333333333,0.5,0.7619587032859825,2,0,4,1.0,0.3333333333333333,0.5,0.7619587032859825,2,0,4,1.0,0.3333333333333333,0.5,0.7619587032859825,0,0,0,0.0,0.0,0.0,0,0,0,0.0,0.0,0.0
COCO,406611,25,25,0,0,15,409,30,409,439,226,0,0,30,0.016609197999969183,0.02185753700001669,0.0,0.02185753700001669,0.022534313999983624,0.03914412299997139,Optimal,0,none,11.391826596336841,0,46,100.0,100.0,100.0,2.0,5,10,20,0.3333333333333333,0.2,0.25,0.7943711777723046,5,10,20,0.3333333333333333,0.2,0.25,0.7943711777723046,5,10,20,0.3333333333333333,0.2,0.25,0.7943711777723046,0,0,0,0.0,0.0,0.0,0,0,0,0.0,0.0,0.0
COCO,475064,4,4,0,0,5,36,10,36,46,26,0,0,10,0.013993604999996023,0.00820440399996869,0.0,0.00820440399996869,0.008394676000023082,0.02238870600001519,Optimal,0,none,4.084845579465232,0,16,100.0,100.0,100.0,2.0,3,2,1,0.6,0.75,0.6666666666666665,0.7820017217719577,3,2,1,0.6,0.75,0.6666666666666665,0.7820017217719577,3,2,1,0.6,0.75,0.6666666666666665,0.7820017217719577,0,0,0,0.0,0.0,0.0,0,0,0,0.0,0.0,0.0
COCO,466567,1,1,0,0,2,4,4,4,8,5,0,0,4,0.014693322999960401,0.006341227000007166,0.0,0.006341227000007166,0.006440485000041463,0.021134233999987373,Optimal,0,none,1.480821665128072,0,5,100.0,100.0,100.0,2.0,0,2,1,0.0,0.0,0.0,0.9437410664196373,0,2,1,0.0,0.0,0.0,0.9437410664196373,0,2,1,0.0,0.0,0.0,0.9437410664196373,0,0,0,0.0,0.0,0.0,0,0,0,0.0,0.0,0.0
COCO,137246,17,17,0,0,9,141,18,141,159,82,0,0,18,0.013813131999995676,0.01154295800000682,0.0,0.01154295800000682,0.01190556699998524,0.025719223999999485,Optimal,0,none,7.599412100987382,0,28,100.0,100.0,100.0,2.0,4,5,13,0.4444444444444444,0.23529411764705882,0.30769230769230765,0.8518099227486928,4,5,13,0.4444444444444444,0.23529411764705882,0.30769230769230765,0.8518099227486928,4,5,13,0.4444444444444444,0.23529411764705882,0.30769230769230765,0.8518099227486928,0,0,0,0.0,0.0,0.0,0,0,0,0.0,0.0,0.0
COCO,15079,3,3,0,0,5,36,10,36,46,26,0,0,10,0.013233523999986119,0.008304224999960752,0.0,0.008304224999960752,0.008489286000042284,0.021723339999994096,Optimal,0,none,3.9852503784497593,0,16,100.0,100.0,100.0,2.0,2,3,1,0.4,0.6666666666666666,0.5,0.8469678215182074,2,3,1,0.4,0.6666666666666666,0.5,0.8469678215182074,2,3,1,0.4,0.6666666666666666,0.5,0.8469678215182074,0,0,0,0.0,0.0,0.0,0,0,0,0.0,0.0,0.0
COCO,296284,10,10,0,0,1,0,2,0,2,1,0,0,2,0.013002110000002176,0.0091044750000151,0.0,0.0091044750000151,0.009184370000014042,0.02218694600003346,Optimal,0,none,0.3820167104403178,0,2,100.0,100.0,100.0,2.0,0,1,10,0.0,0.0,0.0,0.0,0,1,10,0.0,0.0,0.0,0.0,0,1,10,0.0,0.0,0.0,0.0,0,0,0,0.0,0.0,0.0,0,0,0,0.0,0.0,0.0
COCO,226147,21,21,0,0,10,175,20,175,195,101,0,0,20,0.014419920000023012,0.012709265000012238,0.0,0.012709265000012238,0.013153420999969967,0.027573821000032694,Optimal,0,none,8.17452140728633,0,31,100.0,100.0,100.0,2.0,6,4,15,0.6,0.2857142857142857,0.3870967741935483,0.8543508731813249,6,4,15,0.6,0.2857142857142857,0.3870967741935483,0.8543508731813249,6,4,15,0.6,0.2857142857142857,0.3870967741935483,0.8543508731813249,0,0,0,0.0,0.0,0.0,0,0,0,0.0,0.0,0.0
COCO,226903,22,22,0,0,10,170,20,170,190,101,0,0,20,0.014453945000013846,0.013065772000004472,0.0,0.013065772000004472,0.013419168999973863,0.02787353799999437,Optimal,0,none,7.474788217100894,0,31,100.0,100.0,100.0,2.0,3,7,19,0.3,0.13636363636363635,0.18749999999999997,0.7092654892231033,3,7,19,0.3,0.13636363636363635,0.18749999999999997,0.7092654892231033,3,7,19,0.3,0.13636363636363635,0.18749999999999997,0.7092654892231033,0,0,0,0.0,0.0,0.0,0,0,0,0.0,0.0,0.0
COCO,127517,11,11,0,0,11,144,22,144,166,122,0,0,22,0.016323403000001235,0.012174313000002712,0.0,0.012174313000002712,0.012510001000009652,0.02883388000003606,Optimal,0,none,9.641150313283807,0,34,100.0,100.0,100.0,2.0,9,2,2,0.8181818181818182,0.8181818181818182,0.8181818181818182,0.8896725990326215,9,2,2,0.8181818181818182,0.8181818181818182,0.8181818181818182,0.8896725990326215,9,2,2,0.8181818181818182,0.8181818181818182,0.8181818181818182,0.8896725990326215,0,0,0,0.0,0.0,0.0,0,0,0,0.0,0.0,0.0
COCO,162092,16,16,0,0,10,162,20,162,182,101,0,0,20,0.017291671999998925,0.2790864589999842,0.0,0.2790864589999842,0.2794306069999948,0.29672278200001756,Optimal,0,none,8.390789677302045,0,31,100.0,100.0,100.0,2.0,9,1,7,0.9,0.5625,0.6923076923076923,0.8242647608165731,9,1,7,0.9,0.5625,0.6923076923076923,0.8242647608165731,9,1,7,0.9,0.5625,0.6923076923076923,0.8242647608165731,0,0,0,0.0,0.0,0.0,0,0,0,0.0,0.0,0.0
COCO,131379,1,1,0,0,1,0,2,0,2,1,0,0,2,0.01467074700002513,0.006472363000000314,0.0,0.006472363000000314,0.006542022999951769,0.021213213999999425,Optimal,0,none,0.5487436930338542,0,2,100.0,100.0,100.0,2.0,0,1,1,0.0,0.0,0.0,0.9784078925009425,0,1,1,0.0,0.0,0.0,0.9784078925009425,0,1,1,0.0,0.0,0.0,0.9784078925009425,0,0,0,0.0,0.0,0.0,0,0,0,0.0,0.0,0.0
COCO,366611,2,2,0,0,3,6,6,6,12,10,0,0,6,0.014939715000025444,0.006425133000050209,0.0,0.006425133000050209,0.006553735000011329,0.02149386600001435,Optimal,0,none,2.3861777567863465,0,10,100.0,100.0,100.0,2.0,2,1,0,0.6666666666666666,1.0,0.8,0.950684469994791,2,1,0,0.6666666666666666,1.0,0.8,0.950684469994791,2,1,0,0.6666666666666666,1.0,0.8,0.950684469994791,0,0,0,0.0,0.0,0.0,0,0,0,0.0,0.0,0.0
COCO,263969,5,5,0,0,4,24,8,24,32,17,0,0,8,0.016903678000005584,0.0074634099999570935,0.0,0.0074634099999570935,0.00764486000002762,0.024549663000016153,Optimal,0,none,3.46745726744334,0,13,100.0,100.0,100.0,2.0,4,0,1,1.0,0.8,0.888888888888889,0.8511010915734772,4,0,1,1.0,0.8,0.888888888888889,0.8511010915734772,4,0,1,1.0,0.8,0.888888888888889,0.8511010915734772,0,0,0,0.0,0.0,0.0,0,0,0,0.0,0.0,0.0
COCO,551439,3,3,0,0,1,0,2,0,2,1,0,0,2,0.01316542600000048,0.00599721599996883,0.0,0.00599721599996883,0.006065712999998141,0.019231512000033035,Optimal,0,none,0.5625510613123577,0,2,100.0,100.0,100.0,2.0,1,0,2,1.0,0.3333333333333333,0.5,0.9525406683108321,1,0,2,1.0,0.3333333333333333,0.5,0.9525406683108321,1,0,2,1.0,0.3333333333333333,0.5,0.9525406683108321,0,0,0,0.0,0.0,0.0,0,0,0,0.0,0.0,0.0
COCO,474167,9,9,0,0,7,82,14,82,96,50,0,0,14,0.013994075999960387,0.009572626999954537,0.0,0.009572626999954537,0.009814714000015101,0.023809186999983467,Optimal,0,none,6.020635795959162,0,22,100.0,100.0,100.0,2.0,5,2,4,0.7142857142857143,0.5555555555555556,0.6250000000000001,0.7855161787913876,5,2,4,0.7142857142857143,0.5555555555555556,0.6250000000000001,0.7855161787913876,5,2,4,0.7142857142857143,0.5555555555555556,0.6250000000000001,0.7855161787913876,0,0,0,0.0,0.0,0.0,0,0,0,0.0,0.0,0.0
COCO,159458,3,3,0,0,5,40,10,40,50,26,0,0,10,0.014759694000019863,0.008135708999986946,0.0,0.008135708999986946,0.008309582000038063,0.023069706999990558,Optimal,0,none,3.891315825780234,0,16,100.0,100.0,100.0,2.0,2,3,1,0.4,0.6666666666666666,0.5,0.875507861241545,2,3,1,0.4,0.6666666666666666,0.5,0.875507861241545,2,3,1,0.4,0.6666666666666666,0.5,0.875507861241545,0,0,0,0.0,0.0,0.0,0,0,0,0.0,0.0,0.0
COCO,554735,2,2,0,0,2,2,4,2,6,5,0,0,4,0.012973343999988174,0.006343174999983603,0.0,0.006343174999983603,0.006438760000037291,0.019412821999992502,Optimal,0,none,1.4365733750661211,0,5,100.0,100.0,100.0,2.0,2,0,0,1.0,1.0,1.0,0.9659736728320856,2,0,0,1.0,1.0,1.0,0.9659736728320856,2,0,0,1.0,1.0,1.0,0.9659736728320856,0,0,0,0.0,0.0,0.0,0,0,0,0.0,0.0,0.0
COCO,99428,5,5,0,0,1,0,2,0,2,1,0,0,2,0.01406264799999235,0.006205065000017385,0.0,0.006205065000017385,0.006273797999995168,0.02033684900004573,Optimal,0,none,0.37886478106180826,0,2,100.0,100.0,100.0,2.0,0,1,5,0.0,0.0,0.0,0.9617021736321146,0,1,5,0.0,0.0,0.0,0.9617021736321146,0,1,5,0.0,0.0,0.0,0.9617021736321146,0,0,0,0.0,0.0,0.0,0,0,0,0.0,0.0,0.0
COCO,386352,13,13,0,0,11,183,22,183,205,122,0,0,22,0.014070354000011775,0.013470562000009068,0.0,0.013470562000009068,0.013822330999971655,0.02789312400000199,Optimal,0,none,9.212367263635002,0,34,100.0,100.0,100.0,2.0,11,0,2,1.0,0.8461538461538461,0.9166666666666666,0.8148399763994639,11,0,2,1.0,0.8461538461538461,0.9166666666666666,0.8148399763994639,11,0,2,1.0,0.8461538461538461,0.9166666666666666,0.8148399763994639,0,0,0,0.0,0.0,0.0,0,0,0,0.0,0.0,0.0
COCO,173004,15,15,0,0,12,252,24,252,276,145,0,0,24,0.015360761000010825,0.014971513999967101,0.0,0.014971513999967101,0.015367705999949521,0.03072886800003971,Optimal,0,none,10.378828129533316,0,37,100.0,100.0,100.0,2.0,12,0,3,1.0,0.8,0.888888888888889,0.8719620944026424,12,0,3,1.0,0.8,0.888888888888889,0.8719620944026424,12,0,3,1.0,0.8,0.888888888888889,0.8719620944026424,0,0,0,0.0,0.0,0.0,0,0,0,0.0,0.0,0.0
COCO,311394,2,2,0,0,2,4,4,4,8,5,0,0,4,0.01362718699999732,0.006145077000041965,0.0,0.006145077000041965,0.006242781000025843,0.01987041099999942,Optimal,0,none,1.4115528949101765,0,5,100.0,100.0,100.0,2.0,2,0,0,1.0,1.0,1.0,0.8887054292746652,2,0,0,1.0,1.0,1.0,0.8887054292746652,2,0,0,1.0,1.0,1.0,0.8887054292746652,0,0,0,0.0,0.0,0.0,0,0,0,0.0,0.0,0.0
COCO,578489,11,11,0,0,9,117,18,117,135,82,0,0,18,0.014600442000016756,0.011204426000006151,0.0,0.011204426000006151,0.011479491999978109,0.026080454000009468,Optimal,0,none,7.695079164505008,0,28,100.0,100.0,100.0,2.0,9,0,2,1.0,0.8181818181818182,0.9,0.8401052883585963,9,0,2,1.0,0.8181818181818182,0.9,0.8401052883585963,9,0,2,1.0,0.8181818181818182,0.9,0.8401052883585963,0,0,0,0.0,0.0,0.0,0,0,0,0.0,0.0,0.0
COCO,189310,1,1,0,0,5,32,10,32,42,26,0,0,10,0.013826837000010528,0.00848796200000379,0.0,0.00848796200000379,0.008661433999975543,0.02248868700002049,Optimal,0,none,4.065666061242423,0,16,100.0,100.0,100.0,2.0,1,4,0,0.2,1.0,0.33333333333333337,0.9522381368177906,1,4,0,0.2,1.0,0.33333333333333337,0.9522381368177906,1,4,0,0.2,1.0,0.33333333333333337,0.9522381368177906,0,0,0,0.0,0.0,0.0,0,0,0,0.0,0.0,0.0
COCO,491366,10,10,0,0,7,71,14,71,85,50,0,0,14,0.013765822999971533,0.009040061999996851,0.0,0.009040061999996851,0.009281374000011056,0.02304768599998397,Optimal,0,none,5.50492915954525,0,22,100.0,100.0,100.0,2.0,3,4,7,0.42857142857142855,0.3,0.3529411764705882,0.9401394255789028,3,4,7,0.42857142857142855,0.3,0.3529411764705882,0.9401394255789028,3,4,7,0.42857142857142855,0.3,0.3529411764705882,0.9401394255789028,0,0,0,0.0,0.0,0.0,0,0,0,0.0,0.0,0.0
COCO,448076,17,17,0,0,10,150,20,150,170,101,0,0,20,0.012949022999976023,0.011143613999990976,0.0,0.011143613999990976,0.011453153999980259,0.024402633999955015,Optimal,0,none,8.539945046106975,0,31,100.0,100.0,100.0,2.0,7,3,10,0.7,0.4117647058823529,0.5185185185185185,0.8616559004543343,7,3,10,0.7,0.4117647058823529,0.5185185185185185,0.8616559004543343,7,3,10,0.7,0.4117647058823529,0.5185185185185185,0.8616559004543343,0,0,0,0.0,0.0,0.0,0,0,0,0.0,0.0,0.0
COCO,293804,6,6,0,0,4,28,8,28,36,17,0,0,8,0.012883951999981491,0.007715032000021438,0.0,0.007715032000021438,0.00786723900000652,0.02075158399998145,Optimal,0,none,3.3905666807610446,0,13,100.0,100.0,100.0,2.0,3,1,3,0.75,0.5,0.6,0.8512038826351704,3,1,3,0.75,0.5,0.6,0.8512038826351704,3,1,3,0.75,0.5,0.6,0.8512038826351704,0,0,0,0.0,0.0,0.0,0,0,0,0.0,0.0,0.0
COCO,312237,23,23,0,0,7,82,14,82,96,50,0,0,14,0.012132970000038767,0.008836631999997735,0.0,0.008836631999997735,0.009074003000023367,0.02120734900000798,Optimal,0,none,5.245245626885545,0,22,100.0,100.0,100.0,2.0,4,3,19,0.5714285714285714,0.17391304347826086,0.26666666666666666,0.8102681049403455,4,3,19,0.5714285714285714,0.17391304347826086,0.26666666666666666,0.8102681049403455,4,3,19,0.5714285714285714,0.17391304347826086,0.26666666666666666,0.8102681049403455,0,0,0,0.0,0.0,0.0,0,0,0,0.0,0.0,0.0
COCO,221291,2,2,0,0,2,4,4,4,8,5,0,0,4,0.01183126099999754,0.006047416000001249,0.0,0.006047416000001249,0.00613291700000218,0.017964765999977317,Optimal,0,none,1.5471529277165734,0,5,100.0,100.0,100.0,2.0,2,0,0,1.0,1.0,1.0,0.9415164979239002,2,0,0,1.0,1.0,1.0,0.9415164979239002,2,0,0,1.0,1.0,1.0,0.9415164979239002,0,0,0,0.0,0.0,0.0,0,0,0,0.0,0.0,0.0
COCO,141821,5,5,0,0,10,180,20,180,200,101,0,0,20,0.015462130999992496,0.013002470999992966,0.0,0.013002470999992966,0.01337188799999467,0.02883445199995549,Optimal,0,none,8.159074856319647,0,31,100.0,100.0,100.0,2.0,4,6,1,0.4,0.8,0.5333333333333333,0.9440538381207947,4,6,1,0.4,0.8,0.5333333333333333,0.9440538381207947,4,6,1,0.4,0.8,0.5333333333333333,0.9440538381207947,0,0,0,0.0,0.0,0.0,0,0,0,0.0,0.0,0.0
COCO,410650,30,30,0,0,15,390,30,390,420,226,0,0,30,0.014780605999987984,0.021377467000036177,0.0,0.021377467000036177,0.021984151000026486,0.036765172999992046,Optimal,0,none,11.344305506559762,0,46,100.0,100.0,100.0,2.0,7,8,23,0.4666666666666667,0.23333333333333334,0.31111111111111117,0.8380368366024863,7,8,23,0.4666666666666667,0.23333333333333334,0.31111111111111117,0.8380368366024863,7,8,23,0.4666666666666667,0.23333333333333334,0.31111111111111117,0.8380368366024863,0,0,0,0.0,0.0,0.0,0,0,0,0.0,0.0,0.0
COCO,199310,2,2,0,0,2,4,4,4,8,5,0,0,4,0.014495700999987093,0.006934475000036855,0.0,0.006934475000036855,0.007034456000042155,0.021530863000009504,Optimal,0,none,1.5538481267293296,0,5,100.0,100.0,100.0,2.0,2,0,0,1.0,1.0,1.0,0.8020857371917955,2,0,0,1.0,1.0,1.0,0.8020857371917955,2,0,0,1.0,1.0,1.0,0.8020857371917955,0,0,0,0.0,0.0,0.0,0,0,0,0.0,0.0,0.0
COCO,323151,5,5,0,0,4,24,8,24,32,17,0,0,8,0.013653862000012396,0.007489183000018329,0.0,0.007489183000018329,0.007632374000024811,0.021286680999992313,Optimal,0,none,3.573608061472576,0,13,100.0,100.0,100.0,2.0,4,0,1,1.0,0.8,0.888888888888889,0.9038192642883328,4,0,1,1.0,0.8,0.888888888888889,0.9038192642883328,4,0,1,1.0,0.8,0.888888888888889,0.9038192642883328,0,0,0,0.0,0.0,0.0,0,0,0,0.0,0.0,0.0
COCO,89648,38,38,0,0,20,715,40,715,755,401,0,0,40,0.016981778999991093,0.032202508000011676,0.0,0.032202508000011676,0.033142205999979524,0.05012460400001828,Optimal,0,none,16.95855826362027,0,61,100.0,100.0,100.0,2.0,11,9,27,0.55,0.2894736842105263,0.37931034482758624,0.8365582489686976,11,9,27,0.55,0.2894736842105263,0.37931034482758624,0.8365582489686976,11,9,27,0.55,0.2894736842105263,0.37931034482758624,0.8365582489686976,0,0,0,0.0,0.0,0.0,0,0,0,0.0,0.0,0.0
COCO,219283,5,5,0,0,1,0,2,0,2,1,0,0,2,0.014096907999999075,0.006278199999997014,0.0,0.006278199999997014,0.006342219000032401,0.020439551000038136,Optimal,0,none,0.5778266827265421,0,2,100.0,100.0,100.0,2.0,1,0,4,1.0,0.2,0.33333333333333337,0.9362874977913946,1,0,4,1.0,0.2,0.33333333333333337,0.9362874977913946,1,0,4,1.0,0.2,0.33333333333333337,0.9362874977913946,0,0,0,0.0,0.0,0.0,0,0,0,0.0,0.0,0.0
COCO,471869,3,3,0,0,1,0,2,0,2,1,0,0,2,0.014879774000007728,0.005634073000010176,0.0,0.005634073000010176,0.005702504999987923,0.02058260500001552,Optimal,0,none,0.6188058296839396,0,2,100.0,100.0,100.0,2.0,1,0,2,1.0,0.3333333333333333,0.5,0.9591372547815642,1,0,2,1.0,0.3333333333333333,0.5,0.9591372547815642,1,0,2,1.0,0.3333333333333333,0.5,0.9591372547815642,0,0,0,0.0,0.0,0.0,0,0,0,0.0,0.0,0.0
COCO,520264,18,18,0,0,11,195,22,195,217,122,0,0,22,0.015541045000020404,0.013698618999967493,0.0,0.013698618999967493,0.0141385520000199,0.029680202999998073,Optimal,0,none,8.835750249226892,0,34,100.0,100.0,100.0,2.0,7,4,11,0.6363636363636364,0.3888888888888889,0.4827586206896552,0.8092725182811518,7,4,11,0.6363636363636364,0.3888888888888889,0.4827586206896552,0.8092725182811518,7,4,11,0.6363636363636364,0.3888888888888889,0.4827586206896552,0.8092725182811518,0,0,0,0.0,0.0,0.0,0,0,0,0.0,0.0,0.0
COCO,111179,2,2,0,0,2,4,4,4,8,5,0,0,4,0.014291444999969372,0.006591946000014559,0.0,0.006591946000014559,0.006708606999950462,0.02100057399997013,Optimal,0,none,1.3732584389050806,0,5,100.0,100.0,100.0,2.0,2,0,0,1.0,1.0,1.0,0.880647537167424,2,0,0,1.0,1.0,1.0,0.880647537167424,2,0,0,1.0,1.0,1.0,0.880647537167424,0,0,0,0.0,0.0,0.0,0,0,0,0.0,0.0,0.0
COCO,151000,13,13,0,0,6,57,12,57,69,37,0,0,12,0.013926782999988063,0.008912818999988303,0.0,0.008912818999988303,0.009113751999962005,0.023041248000026826,Optimal,0,none,5.035961239865577,0,19,100.0,100.0,100.0,2.0,4,2,9,0.6666666666666666,0.3076923076923077,0.42105263157894735,0.8179692093753292,4,2,9,0.6666666666666666,0.3076923076923077,0.42105263157894735,0.8179692093753292,4,2,9,0.6666666666666666,0.3076923076923077,0.42105263157894735,0.8179692093753292,0,0,0,0.0,0.0,0.0,0,0,0,0.0,0.0,0.0
COCO,100624,9,9,0,0,6,51,12,51,63,37,0,0,12,0.012342554000042583,0.008694877999971595,0.0,0.008694877999971595,0.008897969999964062,0.0212410270000305,Optimal,0,none,5.145978255271913,0,19,100.0,100.0,100.0,2.0,4,2,5,0.6666666666666666,0.4444444444444444,0.5333333333333333,0.7897308704780196,4,2,5,0.6666666666666666,0.4444444444444444,0.5333333333333333,0.7897308704780196,4,2,5,0.6666666666666666,0.4444444444444444,0.5333333333333333,0.7897308704780196,0,0,0,0.0,0.0,0.0,0,0,0,0.0,0.0,0.0
COCO,332570,2,2,0,0,3,11,6,11,17,10,0,0,6,0.013811818000021958,0.00691491700001734,0.0,0.00691491700001734,0.007140270999968834,0.020952614000009362,Optimal,0,none,2.6549591053832784,0,10,100.0,100.0,100.0,2.0,2,1,0,0.6666666666666666,1.0,0.8,0.9405366263391322,2,1,0,0.6666666666666666,1.0,0.8,0.9405366263391322,2,1,0,0.6666666666666666,1.0,0.8,0.9405366263391322,0,0,0,0.0,0.0,0.0,0,0,0,0.0,0.0,0.0
COCO,57238,4,4,0,0,5,34,10,34,44,26,0,0,10,0.013401338999983636,0.007855905999974766,0.0,0.007855905999974766,0.008030689000008806,0.02143250699998589,Optimal,0,none,4.18976459334298,0,16,100.0,100.0,100.0,2.0,3,2,1,0.6,0.75,0.6666666666666665,0.8569450863852365,3,2,1,0.6,0.75,0.6666666666666665,0.8569450863852365,3,2,1,0.6,0.75,0.6666666666666665,0.8569450863852365,0,0,0,0.0,0.0,0.0,0,0,0,0.0,0.0,0.0
COCO,502732,1,1,0,0,1,0,2,0,2,1,0,0,2,0.01183848300001955,0.005654608999975608,0.0,0.005654608999975608,0.005717160000017429,0.017556243999990784,Optimal,0,none,0.576458470026652,0,2,100.0,100.0,100.0,2.0,1,0,0,1.0,1.0,1.0,0.8046445139912097,1,0,0,1.0,1.0,1.0,0.8046445139912097,1,0,0,1.0,1.0,1.0,0.8046445139912097,0,0,0,0.0,0.0,0.0,0,0,0,0.0,0.0,0.0
COCO,135561,8,8,0,0,3,12,6,12,18,10,0,0,6,0.014670126999988042,0.007323574999986704,0.0,0.007323574999986704,0.007477754999968056,0.022148340999990523,Optimal,0,none,2.5509363269805916,0,10,100.0,100.0,100.0,2.0,2,1,6,0.6666666666666666,0.25,0.36363636363636365,0.8556293469627709,2,1,6,0.6666666666666666,0.25,0.36363636363636365,0.8556293469627709,2,1,6,0.6666666666666666,0.25,0.36363636363636365,0.8556293469627709,0,0,0,0.0,0.0,0.0,0,0,0,0.0,0.0,0.0
COCO,8277,13,13,0,0,5,37,10,37,47,26,0,0,10,0.01727419999997437,0.00770915700002206,0.0,0.00770915700002206,0.007905870999991294,0.025180535000004056,Optimal,0,none,3.6915473349889134,0,16,100.0,100.0,100.0,2.0,2,3,11,0.4,0.15384615384615385,0.2222222222222222,0.8945459471516676,2,3,11,0.4,0.15384615384615385,0.2222222222222222,0.8945459471516676,2,3,11,0.4,0.15384615384615385,0.2222222222222222,0.8945459471516676,0,0,0,0.0,0.0,0.0,0,0,0,0.0,0.0,0.0
COCO,173044,1,1,0,0,1,0,2,0,2,1,0,0,2,0.012708873000008225,0.005698926000036408,0.0,0.005698926000036408,0.005760381000015968,0.01846959599998854,Optimal,0,none,0.6063735882441204,0,2,100.0,100.0,100.0,2.0,1,0,0,1.0,1.0,1.0,0.9627509487217645,1,0,0,1.0,1.0,1.0,0.9627509487217645,1,0,0,1.0,1.0,1.0,0.9627509487217645,0,0,0,0.0,0.0,0.0,0,0,0,0.0,0.0,0.0
COCO,168458,1,1,0,0,4,24,8,24,32,17,0,0,8,0.014182248999986768,0.007492157999990923,0.0,0.007492157999990923,0.007639881000045534,0.02182256899999402,Optimal,0,none,3.3592671124140434,0,13,100.0,100.0,100.0,2.0,1,3,0,0.25,1.0,0.4,0.9299461285082627,1,3,0,0.25,1.0,0.4,0.9299461285082627,1,3,0,0.25,1.0,0.4,0.9299461285082627,0,0,0,0.0,0.0,0.0,0,0,0,0.0,0.0,0.0
COCO,512194,1,1,0,0,3,12,6,12,18,10,0,0,6,0.01363238999999794,0.006425606999982847,0.0,0.006425606999982847,0.006548218000034467,0.020181017000027168,Optimal,0,none,2.554426975250245,0,10,100.0,100.0,100.0,2.0,1,2,0,0.3333333333333333,1.0,0.5,0.9254353651847711,1,2,0,0.3333333333333333,1.0,0.5,0.9254353651847711,1,2,0,0.3333333333333333,1.0,0.5,0.9254353651847711,0,0,0,0.0,0.0,0.0,0,0,0,0.0,0.0,0.0
COCO,370042,14,14,0,0,11,183,22,183,205,122,0,0,22,0.013679448000004868,0.012878547000013896,0.0,0.012878547000013896,0.013329366999982994,0.027009304999978667,Optimal,0,none,8.545925064881647,0,34,100.0,100.0,100.0,2.0,9,2,5,0.8181818181818182,0.6428571428571429,0.7200000000000001,0.8856384425637391,9,2,5,0.8181818181818182,0.6428571428571429,0.7200000000000001,0.8856384425637391,9,2,5,0.8181818181818182,0.6428571428571429,0.7200000000000001,0.8856384425637391,0,0,0,0.0,0.0,0.0,0,0,0,0.0,0.0,0.0
COCO,189436,5,5,0,0,1,0,2,0,2,1,0,0,2,0.013494979000029161,0.006350843000006989,0.0,0.006350843000006989,0.006433712999978525,0.019929064000052676,Optimal,0,none,0.6405987898508707,0,2,100.0,100.0,100.0,2.0,1,0,4,1.0,0.2,0.33333333333333337,0.9747679364583862,1,0,4,1.0,0.2,0.33333333333333337,0.9747679364583862,1,0,4,1.0,0.2,0.33333333333333337,0.9747679364583862,0,0,0,0.0,0.0,0.0,0,0,0,0.0,0.0,0.0
COCO,533958,1,1,0,0,2,6,4,6,10,5,0,0,4,0.015340083000012328,0.00603340399999297,0.0,0.00603340399999297,0.0061284550000095805,0.021468871000024592,Optimal,0,none,1.1342545541127524,0,5,100.0,100.0,100.0,2.0,0,2,1,0.0,0.0,0.0,0.0,0,2,1,0.0,0.0,0.0,0.0,0,2,1,0.0,0.0,0.0,0.0,0,0,0,0.0,0.0,0.0,0,0,0,0.0,0.0,0.0
COCO,117645,2,2,0,0,1,0,2,0,2,1,0,0,2,0.012386923999997634,0.006009794000021884,0.0,0.006009794000021884,0.006077833999995619,0.018465233000029002,Optimal,0,none,0.5531428972880046,0,2,100.0,100.0,100.0,2.0,1,0,1,1.0,0.5,0.6666666666666666,0.8321714947103925,1,0,1,1.0,0.5,0.6666666666666666,0.8321714947103925,1,0,1,1.0,0.5,0.6666666666666666,0.8321714947103925,0,0,0,0.0,0.0,0.0,0,0,0,0.0,0.0,0.0
COCO,221708,9,9,0,0,4,18,8,18,26,17,0,0,8,0.015307296000003134,0.0075742140000443214,0.0,0.0075742140000443214,0.007717151000008471,0.023024875000032807,Optimal,0,none,3.685858947436016,0,13,100.0,100.0,100.0,2.0,4,0,5,1.0,0.4444444444444444,0.6153846153846153,0.9337063477415561,4,0,5,1.0,0.4444444444444444,0.6153846153846153,0.9337063477415561,4,0,5,1.0,0.4444444444444444,0.6153846153846153,0.9337063477415561,0,0,0,0.0,0.0,0.0,0,0,0,0.0,0.0,0.0
COCO,202228,1,1,0,0,2,3,4,3,7,5,0,0,4,0.012766440999996576,0.0067692019999867625,0.0,0.0067692019999867625,0.006882713999971202,0.019649625999988984,Optimal,0,none,1.3819415839513147,0,5,100.0,100.0,100.0,2.0,1,1,0,0.5,1.0,0.6666666666666666,0.960806719607414,1,1,0,0.5,1.0,0.6666666666666666,0.960806719607414,1,1,0,0.5,1.0,0.6666666666666666,0.960806719607414,0,0,0,0.0,0.0,0.0,0,0,0,0.0,0.0,0.0
COCO,403565,3,3,0,0,2,4,4,4,8,5,0,0,4,0.01424131000004536,0.006480382000006557,0.0,0.006480382000006557,0.006586027999958333,0.02082778600004076,Optimal,0,none,1.5066656621297203,0,5,100.0,100.0,100.0,2.0,2,0,1,1.0,0.6666666666666666,0.8,0.9038158593467307,2,0,1,1.0,0.6666666666666666,0.8,0.9038158593467307,2,0,1,1.0,0.6666666666666666,0.8,0.9038158593467307,0,0,0,0.0,0.0,0.0,0,0,0,0.0,0.0,0.0
COCO,211042,2,2,0,0,3,6,6,6,12,10,0,0,6,0.014192003000005116,0.006695078000007015,0.0,0.006695078000007015,0.0068169410000109565,0.021009387999981755,Optimal,0,none,2.354026713371277,0,10,100.0,100.0,100.0,2.0,1,2,1,0.3333333333333333,0.5,0.4,0.7689845405847505,1,2,1,0.3333333333333333,0.5,0.4,0.7689845405847505,1,2,1,0.3333333333333333,0.5,0.4,0.7689845405847505,0,0,0,0.0,0.0,0.0,0,0,0,0.0,0.0,0.0
COCO,492878,8,8,0,0,4,24,8,24,32,17,0,0,8,0.016889536000007865,0.007559543000013491,0.0,0.007559543000013491,0.007703800000001593,0.02459382500001084,Optimal,0,none,3.1841269699732475,0,13,100.0,100.0,100.0,2.0,2,2,6,0.5,0.25,0.3333333333333333,0.8753922143288593,2,2,6,0.5,0.25,0.3333333333333333,0.8753922143288593,2,2,6,0.5,0.25,0.3333333333333333,0.8753922143288593,0,0,0,0.0,0.0,0.0,0,0,0,0.0,0.0,0.0
COCO,441586,10,10,0,0,9,129,18,129,147,82,0,0,18,0.015099866000014117,0.011147687999994105,0.0,0.011147687999994105,0.01145150599995759,0.026551772000004803,Optimal,0,none,7.31781027555466,0,28,100.0,100.0,100.0,2.0,5,4,5,0.5555555555555556,0.5,0.5263157894736842,0.8340208720239519,5,4,5,0.5555555555555556,0.5,0.5263157894736842,0.8340208720239519,5,4,5,0.5555555555555556,0.5,0.5263157894736842,0.8340208720239519,0,0,0,0.0,0.0,0.0,0,0,0,0.0,0.0,0.0
COCO,547816,4,4,0,0,3,8,6,8,14,10,0,0,6,0.01328993999999284,0.006547933999968336,0.0,0.006547933999968336,0.006687314000032529,0.01997769199999766,Optimal,0,none,2.1966509866714476,0,10,100.0,100.0,100.0,2.0,1,2,3,0.3333333333333333,0.25,0.28571428571428575,0.9315770581189947,1,2,3,0.3333333333333333,0.25,0.28571428571428575,0.9315770581189947,1,2,3,0.3333333333333333,0.25,0.28571428571428575,0.9315770581189947,0,0,0,0.0,0.0,0.0,0,0,0,0.0,0.0,0.0
COCO,306733,7,7,0,0,3,12,6,12,18,10,0,0,6,0.013561944000002768,0.006635747000018455,0.0,0.006635747000018455,0.006766878000007637,0.020329243999981372,Optimal,0,none,2.354086131627997,0,10,100.0,100.0,100.0,2.0,1,2,6,0.3333333333333333,0.14285714285714285,0.2,0.8703744953506753,1,2,6,0.3333333333333333,0.14285714285714285,0.2,0.8703744953506753,1,2,6,0.3333333333333333,0.14285714285714285,0.2,0.8703744953506753,0,0,0,0.0,0.0,0.0,0,0,0,0.0,0.0,0.0
COCO,530099,2,2,0,0,2,2,4,2,6,5,0,0,4,0.012640968000027897,0.006233927999971911,0.0,0.006233927999971911,0.0063249719999589615,0.01896635499997501,Optimal,0,none,1.2064426692326866,0,5,100.0,100.0,100.0,2.0,2,0,0,1.0,1.0,1.0,0.9004214645812172,2,0,0,1.0,1.0,1.0,0.9004214645812172,2,0,0,1.0,1.0,1.0,0.9004214645812172,0,0,0,0.0,0.0,0.0,0,0,0,0.0,0.0,0.0
COCO,312278,2,2,0,0,0,0,0,0,0,0,0,0,1,0.012117213000010452,0.004960852000010618,0.0,0.004960852000010618,0.004997459000037452,0.017115028000034727,Optimal,0,none,,0,1,100.0,0.0,0.0,0.0,0,0,2,0.0,0.0,0.0,0.0,0,0,2,0.0,0.0,0.0,0.0,0,0,2,0.0,0.0,0.0,0.0,0,0,0,0.0,0.0,0.0,0,0,0,0.0,0.0,0.0
COCO,97679,5,5,0,0,2,2,4,2,6,5,0,0,4,0.014240018999998938,0.006191884000031678,0.0,0.006191884000031678,0.0063485310000146455,0.02058905999996341,Optimal,0,none,1.5259603627522784,0,5,100.0,100.0,100.0,2.0,2,0,3,1.0,0.4,0.5714285714285715,0.8606319645786741,2,0,3,1.0,0.4,0.5714285714285715,0.8606319645786741,2,0,3,1.0,0.4,0.5714285714285715,0.8606319645786741,0,0,0,0.0,0.0,0.0,0,0,0,0.0,0.0,0.0
COCO,564127,1,1,0,0,1,0,2,0,2,1,0,0,2,0.012669402999961221,0.00596885699997074,0.0,0.00596885699997074,0.0060350420000077065,0.018704883999987487,Optimal,0,none,0.6202795902887981,0,2,100.0,100.0,100.0,2.0,1,0,0,1.0,1.0,1.0,0.9529408435692113,1,0,0,1.0,1.0,1.0,0.9529408435692113,1,0,0,1.0,1.0,1.0,0.9529408435692113,0,0,0,0.0,0.0,0.0,0,0,0,0.0,0.0,0.0
COCO,251065,1,1,0,0,1,0,2,0,2,1,0,0,2,0.013952890999973988,0.00616063799998301,0.0,0.00616063799998301,0.006228626999984499,0.020181965999995555,Optimal,0,none,0.5766080061594645,0,2,100.0,100.0,100.0,2.0,1,0,0,1.0,1.0,1.0,0.9377720493096505,1,0,0,1.0,1.0,1.0,0.9377720493096505,1,0,0,1.0,1.0,1.0,0.9377720493096505,0,0,0,0.0,0.0,0.0,0,0,0,0.0,0.0,0.0
COCO,3845,12,12,0,0,8,107,16,107,123,65,0,0,16,0.015160344999969766,0.011143213000025298,0.0,0.011143213000025298,0.011530043999982809,0.026690995999956613,Optimal,0,none,6.580070085384999,0,25,100.0,100.0,100.0,2.0,6,2,6,0.75,0.5,0.6,0.8806702712095187,6,2,6,0.75,0.5,0.6,0.8806702712095187,6,2,6,0.75,0.5,0.6,0.8806702712095187,0,0,0,0.0,0.0,0.0,0,0,0,0.0,0.0,0.0
COCO,138819,2,2,0,0,3,12,6,12,18,10,0,0,6,0.013396729000021423,0.006988909999961379,0.0,0.006988909999961379,0.00712804900001629,0.020525243000008686,Optimal,0,none,2.4169951176643383,0,10,100.0,100.0,100.0,2.0,2,1,0,0.6666666666666666,1.0,0.8,0.9486534952132669,2,1,0,0.6666666666666666,1.0,0.8,0.9486534952132669,2,1,0,0.6666666666666666,1.0,0.8,0.9486534952132669,0,0,0,0.0,0.0,0.0,0,0,0,0.0,0.0,0.0
COCO,205834,2,2,0,0,2,4,4,4,8,5,0,0,4,0.013531049999983225,0.006804192999993575,0.0,0.006804192999993575,0.006903440999963095,0.020434946000023047,Optimal,0,none,1.5794843705495198,0,5,100.0,100.0,100.0,2.0,2,0,0,1.0,1.0,1.0,0.9142704308732034,2,0,0,1.0,1.0,1.0,0.9142704308732034,2,0,0,1.0,1.0,1.0,0.9142704308732034,0,0,0,0.0,0.0,0.0,0,0,0,0.0,0.0,0.0
COCO,348708,3,3,0,0,4,20,8,20,28,17,0,0,8,0.013237641000046096,0.007561165000026904,0.0,0.007561165000026904,0.007704430999979195,0.02094244600004913,Optimal,0,none,3.461107236452205,0,13,100.0,100.0,100.0,2.0,3,1,0,0.75,1.0,0.8571428571428571,0.8643957860247777,3,1,0,0.75,1.0,0.8571428571428571,0.8643957860247777,3,1,0,0.75,1.0,0.8571428571428571,0.8643957860247777,0,0,0,0.0,0.0,0.0,0,0,0,0.0,0.0,0.0
COCO,166521,16,16,0,0,3,12,6,12,18,10,0,0,6,0.012722005000000536,0.006324573999961558,0.0,0.006324573999961558,0.006444048999981078,0.01916643499998827,Optimal,0,none,2.585651943683625,0,10,100.0,100.0,100.0,2.0,3,0,13,1.0,0.1875,0.3157894736842105,0.8336324896513707,3,0,13,1.0,0.1875,0.3157894736842105,0.8336324896513707,3,0,13,1.0,0.1875,0.3157894736842105,0.8336324896513707,0,0,0,0.0,0.0,0.0,0,0,0,0.0,0.0,0.0
COCO,485802,1,1,0,0,1,0,2,0,2,1,0,0,2,0.012324712999998155,0.006401525000001129,0.0,0.006401525000001129,0.006475643000044329,0.018800779000002876,Optimal,0,none,0.39792163769404093,0,2,100.0,100.0,100.0,2.0,1,0,0,1.0,1.0,1.0,0.833891837254592,1,0,0,1.0,1.0,1.0,0.833891837254592,1,0,0,1.0,1.0,1.0,0.833891837254592,0,0,0,0.0,0.0,0.0,0,0,0,0.0,0.0,0.0
COCO,99054,6,6,0,0,1,0,2,0,2,1,0,0,2,0.012884213999996064,0.006448015999978907,0.0,0.006448015999978907,0.006518722000009802,0.01940347199996495,Optimal,0,none,0.4902946631113688,0,2,100.0,100.0,100.0,2.0,1,0,5,1.0,0.16666666666666666,0.2857142857142857,0.9348492043479494,1,0,5,1.0,0.16666666666666666,0.2857142857142857,0.9348492043479494,1,0,5,1.0,0.16666666666666666,0.2857142857142857,0.9348492043479494,0,0,0,0.0,0.0,0.0,0,0,0,0.0,0.0,0.0
COCO,22969,2,2,0,0,2,4,4,4,8,5,0,0,4,0.014285076999954072,0.006938081999976475,0.0,0.006938081999976475,0.007041622000031111,0.02132723099998657,Optimal,0,none,1.599253443082174,0,5,100.0,100.0,100.0,2.0,2,0,0,1.0,1.0,1.0,0.9693355611794725,2,0,0,1.0,1.0,1.0,0.9693355611794725,2,0,0,1.0,1.0,1.0,0.9693355611794725,0,0,0,0.0,0.0,0.0,0,0,0,0.0,0.0,0.0
COCO,570539,8,8,0,0,7,84,14,84,98,50,0,0,14,0.01452030199999399,0.01027755999996316,0.0,0.01027755999996316,0.010636959999999362,0.025157794999984162,Optimal,0,none,5.8058100625914335,0,22,100.0,100.0,100.0,2.0,3,4,5,0.42857142857142855,0.375,0.39999999999999997,0.8811620433824916,3,4,5,0.42857142857142855,0.375,0.39999999999999997,0.8811620433824916,3,4,5,0.42857142857142855,0.375,0.39999999999999997,0.8811620433824916,0,0,0,0.0,0.0,0.0,0,0,0,0.0,0.0,0.0
COCO,278353,1,1,0,0,1,0,2,0,2,1,0,0,2,0.01824682199998051,0.006071764000012081,0.0,0.006071764000012081,0.006140017999996417,0.024387308999962443,Optimal,0,none,0.578274170557658,0,2,100.0,100.0,100.0,2.0,1,0,0,1.0,1.0,1.0,0.9578346109403065,1,0,0,1.0,1.0,1.0,0.9578346109403065,1,0,0,1.0,1.0,1.0,0.9578346109403065,0,0,0,0.0,0.0,0.0,0,0,0,0.0,0.0,0.0
COCO,158548,20,20,0,0,4,24,8,24,32,17,0,0,8,0.015723092999962773,0.007871379999983219,0.0,0.007871379999983219,0.008038005999992492,0.02376161699999102,Optimal,0,none,3.5290769783655813,0,13,100.0,100.0,100.0,2.0,3,1,17,0.75,0.15,0.24999999999999997,0.9017658603730687,3,1,17,0.75,0.15,0.24999999999999997,0.9017658603730687,3,1,17,0.75,0.15,0.24999999999999997,0.9017658603730687,0,0,0,0.0,0.0,0.0,0,0,0,0.0,0.0,0.0
COCO,461405,12,12,0,0,14,288,28,288,316,197,0,0,28,0.016635476000033123,0.01743852700002435,0.0,0.01743852700002435,0.017943544999980077,0.0345795750000093,Optimal,0,none,11.92946359565219,0,43,100.0,100.0,100.0,2.0,12,2,0,0.8571428571428571,1.0,0.923076923076923,0.8390839775160623,12,2,0,0.8571428571428571,1.0,0.923076923076923,0.8390839775160623,12,2,0,0.8571428571428571,1.0,0.923076923076923,0.8390839775160623,0,0,0,0.0,0.0,0.0,0,0,0,0.0,0.0,0.0
COCO,176606,4,4,0,0,3,8,6,8,14,10,0,0,6,0.0157807010000397,0.006502470000043559,0.0,0.006502470000043559,0.006622225000000981,0.02240340600002355,Optimal,0,none,2.474139730930329,0,10,100.0,100.0,100.0,2.0,2,1,2,0.6666666666666666,0.5,0.5714285714285715,0.7990863592407426,2,1,2,0.6666666666666666,0.5,0.5714285714285715,0.7990863592407426,2,1,2,0.6666666666666666,0.5,0.5714285714285715,0.7990863592407426,0,0,0,0.0,0.0,0.0,0,0,0,0.0,0.0,0.0
COCO,44699,4,4,0,0,6,52,12,52,64,37,0,0,12,0.014763147999985904,0.00834758299998839,0.0,0.00834758299998839,0.008555390000026364,0.023318872000004376,Optimal,0,none,5.122725827693941,0,19,100.0,100.0,100.0,2.0,4,2,0,0.6666666666666666,1.0,0.8,0.8782082041418229,4,2,0,0.6666666666666666,1.0,0.8,0.8782082041418229,4,2,0,0.6666666666666666,1.0,0.8,0.8782082041418229,0,0,0,0.0,0.0,0.0,0,0,0,0.0,0.0,0.0
COCO,559956,9,9,0,0,7,77,14,77,91,50,0,0,14,0.015388342999983706,0.010547702999986086,0.0,0.010547702999986086,0.010857149000003119,0.026246041999968384,Optimal,0,none,6.324351786225668,0,22,100.0,100.0,100.0,2.0,7,0,2,1.0,0.7777777777777778,0.8750000000000001,0.9137481237394685,7,0,2,1.0,0.7777777777777778,0.8750000000000001,0.9137481237394685,7,0,2,1.0,0.7777777777777778,0.8750000000000001,0.9137481237394685,0,0,0,0.0,0.0,0.0,0,0,0,0.0,0.0,0.0
COCO,268996,0,0,0,0,0,0,0,0,0,0,0,0,1,0.011072655000020859,0.005160901000010654,0.0,0.005160901000010654,0.005196343000022807,0.016269276999992144,Optimal,0,none,,0,1,100.0,0.0,0.0,0.0,0,0,0,0.0,0.0,0.0,0.0,0,0,0,0.0,0.0,0.0,0.0,0,0,0,0.0,0.0,0.0,0.0,0,0,0,0.0,0.0,0.0,0,0,0,0.0,0.0,0.0
COCO,11197,16,16,0,0,13,294,26,294,320,170,0,0,26,0.016052172000001974,0.017084508999971604,0.0,0.017084508999971604,0.017550143999983447,0.03360285900004101,Optimal,0,none,10.617609823154563,0,40,100.0,100.0,100.0,2.0,8,5,8,0.6153846153846154,0.5,0.5517241379310345,0.8137442761835367,8,5,8,0.6153846153846154,0.5,0.5517241379310345,0.8137442761835367,8,5,8,0.6153846153846154,0.5,0.5517241379310345,0.8137442761835367,0,0,0,0.0,0.0,0.0,0,0,0,0.0,0.0,0.0
COCO,483667,3,3,0,0,2,5,4,5,9,5,0,0,4,0.012995692000004055,0.006746297000006507,0.0,0.006746297000006507,0.006845056000031491,0.019841242000040893,Optimal,0,none,1.564479068120321,0,5,100.0,100.0,100.0,2.0,2,0,1,1.0,0.6666666666666666,0.8,0.962524660460117,2,0,1,1.0,0.6666666666666666,0.8,0.962524660460117,2,0,1,1.0,0.6666666666666666,0.8,0.962524660460117,0,0,0,0.0,0.0,0.0,0,0,0,0.0,0.0,0.0
COCO,448810,1,1,0,0,1,0,2,0,2,1,0,0,2,0.013668448999965221,0.006448397000042405,0.0,0.006448397000042405,0.006519346000004589,0.0201882629999659,Optimal,0,none,0.5637685457865398,0,2,100.0,100.0,100.0,2.0,1,0,0,1.0,1.0,1.0,0.946043850042844,1,0,0,1.0,1.0,1.0,0.946043850042844,1,0,0,1.0,1.0,1.0,0.946043850042844,0,0,0,0.0,0.0,0.0,0,0,0,0.0,0.0,0.0
COCO,724,4,4,0,0,3,12,6,12,18,10,0,0,6,0.013064902999985861,0.006751418000021658,0.0,0.006751418000021658,0.006882881000024099,0.01994824799999151,Optimal,0,none,2.4039040064811714,0,10,100.0,100.0,100.0,2.0,2,1,2,0.6666666666666666,0.5,0.5714285714285715,0.9076024874958515,2,1,2,0.6666666666666666,0.5,0.5714285714285715,0.9076024874958515,2,1,2,0.6666666666666666,0.5,0.5714285714285715,0.9076024874958515,0,0,0,0.0,0.0,0.0,0,0,0,0.0,0.0,0.0
COCO,51961,1,1,0,0,1,0,2,0,2,1,0,0,2,0.013521889000003284,0.006048059999955058,0.0,0.006048059999955058,0.00611451700001453,0.019636761000015213,Optimal,0,none,0.5840691248575847,0,2,100.0,100.0,100.0,2.0,1,0,0,1.0,1.0,1.0,0.9112041780244143,1,0,0,1.0,1.0,1.0,0.9112041780244143,1,0,0,1.0,1.0,1.0,0.9112041780244143,0,0,0,0.0,0.0,0.0,0,0,0,0.0,0.0,0.0
COCO,375278,6,6,0,0,4,24,8,24,32,17,0,0,8,0.012920980999979292,0.007528636000017741,0.0,0.007528636000017741,0.0076809400000001915,0.020602376999988792,Optimal,0,none,3.243756438891094,0,13,100.0,100.0,100.0,2.0,2,2,4,0.5,0.3333333333333333,0.4,0.845115255983003,2,2,4,0.5,0.3333333333333333,0.4,0.845115255983003,2,2,4,0.5,0.3333333333333333,0.4,0.845115255983003,0,0,0,0.0,0.0,0.0,0,0,0,0.0,0.0,0.0
COCO,302165,10,10,0,0,7,85,14,85,99,50,0,0,14,0.01447739000002457,0.009634172000005492,0.0,0.009634172000005492,0.009960158000012598,0.024437995000027968,Optimal,0,none,5.6888865471823475,0,22,100.0,100.0,100.0,2.0,5,2,5,0.7142857142857143,0.5,0.588235294117647,0.8284016556863125,5,2,5,0.7142857142857143,0.5,0.588235294117647,0.8284016556863125,5,2,5,0.7142857142857143,0.5,0.588235294117647,0.8284016556863125,0,0,0,0.0,0.0,0.0,0,0,0,0.0,0.0,0.0
COCO,131131,2,2,0,0,4,23,8,23,31,17,0,0,8,0.013712341999962518,0.007734102000028997,0.0,0.007734102000028997,0.00794089700002587,0.021653673999992407,Optimal,0,none,3.241240808169048,0,13,100.0,100.0,100.0,2.0,2,2,0,0.5,1.0,0.6666666666666666,0.7677164211841179,2,2,0,0.5,1.0,0.6666666666666666,0.7677164211841179,2,2,0,0.5,1.0,0.6666666666666666,0.7677164211841179,0,0,0,0.0,0.0,0.0,0,0,0,0.0,0.0,0.0
COCO,98839,3,3,0,0,2,1,4,1,5,4,0,0,4,0.013189064999949096,0.006321115999980975,0.0,0.006321115999980975,0.006409229999974286,0.019598775999952522,Optimal,0,none,1.3252169593175251,0,4,100.0,100.0,100.0,2.0,2,0,1,1.0,0.6666666666666666,0.8,0.9296182221697726,2,0,1,1.0,0.6666666666666666,0.8,0.9296182221697726,2,0,1,1.0,0.6666666666666666,0.8,0.9296182221697726,0,0,0,0.0,0.0,0.0,0,0,0,0.0,0.0,0.0
COCO,402992,10,10,0,0,12,261,24,261,285,145,0,0,24,0.01656012399996598,0.015939424000009694,0.0,0.015939424000009694,0.016361278000033508,0.03292191799999955,Optimal,0,none,10.918785113424578,0,37,100.0,100.0,100.0,2.0,10,2,0,0.8333333333333334,1.0,0.9090909090909091,0.8337211851894555,10,2,0,0.8333333333333334,1.0,0.9090909090909091,0.8337211851894555,10,2,0,0.8333333333333334,1.0,0.9090909090909091,0.8337211851894555,0,0,0,0.0,0.0,0.0,0,0,0,0.0,0.0,0.0
COCO,465675,3,3,0,0,2,6,4,6,10,5,0,0,4,0.013756575000002158,0.006598176000011335,0.0,0.006598176000011335,0.006703609999988203,0.020460686999967947,Optimal,0,none,1.4207473357518512,0,5,100.0,100.0,100.0,2.0,0,2,3,0.0,0.0,0.0,0.0,0,2,3,0.0,0.0,0.0,0.0,0,2,3,0.0,0.0,0.0,0.0,0,0,0,0.0,0.0,0.0,0,0,0,0.0,0.0,0.0
COCO,240754,3,3,0,0,2,2,4,2,6,5,0,0,4,0.015143349000027229,0.006497400999990077,0.0,0.006497400999990077,0.006596446999992622,0.02174041500001067,Optimal,0,none,1.5677824385960895,0,5,100.0,100.0,100.0,2.0,2,0,1,1.0,0.6666666666666666,0.8,0.9374972986259438,2,0,1,1.0,0.6666666666666666,0.8,0.9374972986259438,2,0,1,1.0,0.6666666666666666,0.8,0.9374972986259438,0,0,0,0.0,0.0,0.0,0,0,0,0.0,0.0,0.0
COCO,21167,4,4,0,0,4,23,8,23,31,17,0,0,8,0.013300852999975632,0.008071140999959425,0.0,0.008071140999959425,0.008241121000025942,0.021542482999961976,Optimal,0,none,3.482257477561843,0,13,100.0,100.0,100.0,2.0,4,0,0,1.0,1.0,1.0,0.8290211230040816,4,0,0,1.0,1.0,1.0,0.8290211230040816,4,0,0,1.0,1.0,1.0,0.8290211230040816,0,0,0,0.0,0.0,0.0,0,0,0,0.0,0.0,0.0
COCO,148730,2,2,0,0,1,0,2,0,2,1,0,0,2,0.016569558000014695,0.006212898999990557,0.0,0.006212898999990557,0.006281377999982851,0.02285178099998575,Optimal,0,none,0.42415440479914346,0,2,100.0,100.0,100.0,2.0,0,1,2,0.0,0.0,0.0,0.0,0,1,2,0.0,0.0,0.0,0.0,0,1,2,0.0,0.0,0.0,0.0,0,0,0,0.0,0.0,0.0,0,0,0,0.0,0.0,0.0
COCO,384468,6,6,0,0,6,53,12,53,65,37,0,0,12,0.01576815800001441,0.00887265500000467,0.0,0.00887265500000467,0.009076091999986602,0.024844697999981236,Optimal,0,none,5.084173830501146,0,19,100.0,100.0,100.0,2.0,5,1,1,0.8333333333333334,0.8333333333333334,0.8333333333333334,0.8874762085439867,5,1,1,0.8333333333333334,0.8333333333333334,0.8333333333333334,0.8874762085439867,5,1,1,0.8333333333333334,0.8333333333333334,0.8333333333333334,0.8874762085439867,0,0,0,0.0,0.0,0.0,0,0,0,0.0,0.0,0.0
COCO,253742,29,29,0,0,30,1642,60,1642,1702,901,0,0,60,0.019740020999961416,0.07168436099999553,0.0,0.07168436099999553,0.07354975999999169,0.09329043799999681,Optimal,0,none,25.45593083452401,0,91,100.0,100.0,100.0,2.0,20,10,9,0.6666666666666666,0.6896551724137931,0.6779661016949153,0.8318561968380379,20,10,9,0.6666666666666666,0.6896551724137931,0.6779661016949153,0.8318561968380379,20,10,9,0.6666666666666666,0.6896551724137931,0.6779661016949153,0.8318561968380379,0,0,0,0.0,0.0,0.0,0,0,0,0.0,0.0,0.0
COCO,186873,10,10,0,0,7,70,14,70,84,50,0,0,14,0.017158792000032008,0.010274690000017017,0.0,0.010274690000017017,0.010506818000010298,0.02766619599998421,Optimal,0,none,5.589182649728979,0,22,100.0,100.0,100.0,2.0,7,0,3,1.0,0.7,0.8235294117647058,0.7362334662283712,7,0,3,1.0,0.7,0.8235294117647058,0.7362334662283712,7,0,3,1.0,0.7,0.8235294117647058,0.7362334662283712,0,0,0,0.0,0.0,0.0,0,0,0,0.0,0.0,0.0
COCO,82180,3,3,0,0,3,11,6,11,17,10,0,0,6,0.013941922000014983,0.006572822000009637,0.0,0.006572822000009637,0.006694717000016226,0.020637016000023323,Optimal,0,none,2.609673460671819,0,10,100.0,100.0,100.0,2.0,2,1,1,0.6666666666666666,0.6666666666666666,0.6666666666666666,0.9278227407072488,2,1,1,0.6666666666666666,0.6666666666666666,0.6666666666666666,0.9278227407072488,2,1,1,0.6666666666666666,0.6666666666666666,0.6666666666666666,0.9278227407072488,0,0,0,0.0,0.0,0.0,0,0,0,0.0,0.0,0.0
COCO,446522,4,4,0,0,3,12,6,12,18,10,0,0,6,0.014994752000006883,0.006496111999979348,0.0,0.006496111999979348,0.006692700000030527,0.02168802199997799,Optimal,0,none,2.608398331378624,0,10,100.0,100.0,100.0,2.0,3,0,1,1.0,0.75,0.8571428571428571,0.9152148149455698,3,0,1,1.0,0.75,0.8571428571428571,0.9152148149455698,3,0,1,1.0,0.75,0.8571428571428571,0.9152148149455698,0,0,0,0.0,0.0,0.0,0,0,0,0.0,0.0,0.0
COCO,552902,1,1,0,0,1,0,2,0,2,1,0,0,2,0.014763661000017692,0.006369625000047563,0.0,0.006369625000047563,0.006448701000010715,0.0212127849999888,Optimal,0,none,0.637745992342631,0,2,100.0,100.0,100.0,2.0,1,0,0,1.0,1.0,1.0,0.9592138525269956,1,0,0,1.0,1.0,1.0,0.9592138525269956,1,0,0,1.0,1.0,1.0,0.9592138525269956,0,0,0,0.0,0.0,0.0,0,0,0,0.0,0.0,0.0
COCO,125405,3,3,0,0,2,4,4,4,8,5,0,0,4,0.01308612599996195,0.006829637000009825,0.0,0.006829637000009825,0.006945374999986598,0.020032048999951257,Optimal,0,none,1.5294100316365564,0,5,100.0,100.0,100.0,2.0,2,0,1,1.0,0.6666666666666666,0.8,0.9505019205392922,2,0,1,1.0,0.6666666666666666,0.8,0.9505019205392922,2,0,1,1.0,0.6666666666666666,0.8,0.9505019205392922,0,0,0,0.0,0.0,0.0,0,0,0,0.0,0.0,0.0
COCO,110211,5,5,0,0,5,28,10,28,38,26,0,0,10,0.014519371999995201,0.007850625999992644,0.0,0.007850625999992644,0.008020882999971946,0.0225409609999474,Optimal,0,none,4.185179236274719,0,16,100.0,100.0,100.0,2.0,4,1,1,0.8,0.8,0.8000000000000002,0.9219506776090214,4,1,1,0.8,0.8,0.8000000000000002,0.9219506776090214,4,1,1,0.8,0.8,0.8000000000000002,0.9219506776090214,0,0,0,0.0,0.0,0.0,0,0,0,0.0,0.0,0.0
COCO,16010,5,5,0,0,5,38,10,38,48,26,0,0,10,0.014546794000011687,0.007661589000008462,0.0,0.007661589000008462,0.007838624999976673,0.022385888000030718,Optimal,0,none,4.135424955685934,0,16,100.0,100.0,100.0,2.0,1,4,4,0.2,0.2,0.20000000000000004,0.9162979671900963,1,4,4,0.2,0.2,0.20000000000000004,0.9162979671900963,1,4,4,0.2,0.2,0.20000000000000004,0.9162979671900963,0,0,0,0.0,0.0,0.0,0,0,0,0.0,0.0,0.0
COCO,64462,2,2,0,0,2,5,4,5,9,5,0,0,4,0.014890651000030175,0.006368432999977358,0.0,0.006368432999977358,0.006467520999990484,0.021358534999990297,Optimal,0,none,1.531265324756299,0,5,100.0,100.0,100.0,2.0,2,0,0,1.0,1.0,1.0,0.8549246898894727,2,0,0,1.0,1.0,1.0,0.8549246898894727,2,0,0,1.0,1.0,1.0,0.8549246898894727,0,0,0,0.0,0.0,0.0,0,0,0,0.0,0.0,0.0
COCO,314182,9,9,0,0,13,309,26,309,335,170,0,0,26,0.015622706999977254,0.018145468000000164,0.0,0.018145468000000164,0.018625838999980715,0.03424902999995538,Optimal,0,none,10.901547794043163,0,40,100.0,100.0,100.0,2.0,7,6,2,0.5384615384615384,0.7777777777777778,0.6363636363636364,0.8859952198689586,7,6,2,0.5384615384615384,0.7777777777777778,0.6363636363636364,0.8859952198689586,7,6,2,0.5384615384615384,0.7777777777777778,0.6363636363636364,0.8859952198689586,0,0,0,0.0,0.0,0.0,0,0,0,0.0,0.0,0.0
COCO,248980,10,10,0,0,6,66,12,66,78,37,0,0,12,0.014866162999965127,0.008807916000023397,0.0,0.008807916000023397,0.009020388999999795,0.023887027999990096,Optimal,0,none,4.682909436225893,0,19,100.0,100.0,100.0,2.0,3,3,7,0.5,0.3,0.37499999999999994,0.7380094049072886,3,3,7,0.5,0.3,0.37499999999999994,0.7380094049072886,3,3,7,0.5,0.3,0.37499999999999994,0.7380094049072886,0,0,0,0.0,0.0,0.0,0,0,0,0.0,0.0,0.0
COCO,68387,7,7,0,0,7,88,14,88,102,50,0,0,14,0.01334780999997065,0.009797765000030267,0.0,0.009797765000030267,0.010027960999991592,0.023376198999983444,Optimal,0,none,6.258003857548165,0,22,100.0,100.0,100.0,2.0,6,1,1,0.8571428571428571,0.8571428571428571,0.8571428571428571,0.8949391251719021,6,1,1,0.8571428571428571,0.8571428571428571,0.8571428571428571,0.8949391251719021,6,1,1,0.8571428571428571,0.8571428571428571,0.8571428571428571,0.8949391251719021,0,0,0,0.0,0.0,0.0,0,0,0,0.0,0.0,0.0
COCO,429281,18,18,0,0,6,55,12,55,67,37,0,0,12,0.014856353000027411,0.008565090000047348,0.0,0.008565090000047348,0.00876064999999926,0.02361739299999499,Optimal,0,none,4.668549571929456,0,19,100.0,100.0,100.0,2.0,1,5,17,0.16666666666666666,0.05555555555555555,0.08333333333333333,0.528257801081957,1,5,17,0.16666666666666666,0.05555555555555555,0.08333333333333333,0.528257801081957,1,5,17,0.16666666666666666,0.05555555555555555,0.08333333333333333,0.528257801081957,0,0,0,0.0,0.0,0.0,0,0,0,0.0,0.0,0.0
COCO,345466,11,11,0,0,7,67,14,67,81,50,0,0,14,0.014107314000000315,0.009252940999999737,0.0,0.009252940999999737,0.009501365000005535,0.023609138999972856,Optimal,0,none,5.977377914587659,0,22,100.0,100.0,100.0,2.0,7,0,4,1.0,0.6363636363636364,0.7777777777777778,0.889455410055331,7,0,4,1.0,0.6363636363636364,0.7777777777777778,0.889455410055331,7,0,4,1.0,0.6363636363636364,0.7777777777777778,0.889455410055331,0,0,0,0.0,0.0,0.0,0,0,0,0.0,0.0,0.0
COCO,352900,9,9,0,0,9,145,18,145,163,82,0,0,18,0.01406448100004809,0.011251819999984036,0.0,0.011251819999984036,0.011543445000029351,0.02560841199999686,Optimal,0,none,7.066857199668887,0,28,100.0,100.0,100.0,2.0,5,4,4,0.5555555555555556,0.5555555555555556,0.5555555555555556,0.8726769413247352,5,4,4,0.5555555555555556,0.5555555555555556,0.5555555555555556,0.8726769413247352,5,4,4,0.5555555555555556,0.5555555555555556,0.5555555555555556,0.8726769413247352,0,0,0,0.0,0.0,0.0,0,0,0,0.0,0.0,0.0
COCO,118367,10,10,0,0,2,2,4,2,6,5,0,0,4,0.011995797999986735,0.006203457999959028,0.0,0.006203457999959028,0.006292121999990741,0.018288324999957695,Optimal,0,none,1.3970034011205037,0,5,100.0,100.0,100.0,2.0,1,1,9,0.5,0.1,0.16666666666666669,0.8229930160033092,1,1,9,0.5,0.1,0.16666666666666669,0.8229930160033092,1,1,9,0.5,0.1,0.16666666666666669,0.8229930160033092,0,0,0,0.0,0.0,0.0,0,0,0,0.0,0.0,0.0
COCO,113235,4,4,0,0,3,12,6,12,18,10,0,0,6,0.014555329000017991,0.006697997999992822,0.0,0.006697997999992822,0.006846596999992016,0.02140233199997965,Optimal,0,none,2.6186755275726328,0,10,100.0,100.0,100.0,2.0,1,2,3,0.3333333333333333,0.25,0.28571428571428575,0.7350805785624357,1,2,3,0.3333333333333333,0.25,0.28571428571428575,0.7350805785624357,1,2,3,0.3333333333333333,0.25,0.28571428571428575,0.7350805785624357,0,0,0,0.0,0.0,0.0,0,0,0,0.0,0.0,0.0
COCO,311303,8,8,0,0,8,103,16,103,119,65,0,0,16,0.015659678000019994,0.010719598999969548,0.0,0.010719598999969548,0.010991875999991407,0.02665195700001277,Optimal,0,none,6.44436112212573,0,25,100.0,100.0,100.0,2.0,5,3,3,0.625,0.625,0.625,0.8335895742082647,5,3,3,0.625,0.625,0.625,0.8335895742082647,5,3,3,0.625,0.625,0.625,0.8335895742082647,0,0,0,0.0,0.0,0.0,0,0,0,0.0,0.0,0.0
COCO,163640,6,6,0,0,5,32,10,32,42,26,0,0,10,0.014496304999966014,0.008137349999969956,0.0,0.008137349999969956,0.008383707999996659,0.02288054299998521,Optimal,0,none,4.387752697177589,0,16,100.0,100.0,100.0,2.0,4,1,2,0.8,0.6666666666666666,0.7272727272727272,0.8699263897107847,4,1,2,0.8,0.6666666666666666,0.7272727272727272,0.8699263897107847,4,1,2,0.8,0.6666666666666666,0.7272727272727272,0.8699263897107847,0,0,0,0.0,0.0,0.0,0,0,0,0.0,0.0,0.0
COCO,370999,0,0,0,0,2,4,4,4,8,5,0,0,4,0.018099087999985386,0.008973874999981035,0.0,0.008973874999981035,0.009147734000009677,0.02724764499998855,Optimal,0,none,1.5789858849843346,0,5,100.0,100.0,100.0,2.0,0,2,0,0.0,0.0,0.0,0.0,0,2,0,0.0,0.0,0.0,0.0,0,2,0,0.0,0.0,0.0,0.0,0,0,0,0.0,0.0,0.0,0,0,0,0.0,0.0,0.0
COCO,1490,2,2,0,0,2,3,4,3,7,5,0,0,4,0.013279596000018046,0.006307326000012381,0.0,0.006307326000012381,0.006401164999999764,0.019681509000008646,Optimal,0,none,1.3066491158803304,0,5,100.0,100.0,100.0,2.0,2,0,0,1.0,1.0,1.0,0.9055431309203354,2,0,0,1.0,1.0,1.0,0.9055431309203354,2,0,0,1.0,1.0,1.0,0.9055431309203354,0,0,0,0.0,0.0,0.0,0,0,0,0.0,0.0,0.0
COCO,329456,9,9,0,0,7,65,14,65,79,49,0,0,14,0.0150558010000168,0.010748094000007313,0.0,0.010748094000007313,0.01101525999996511,0.026071623999996518,Optimal,0,none,6.087270522859307,0,22,100.0,100.0,100.0,2.0,5,2,4,0.7142857142857143,0.5555555555555556,0.6250000000000001,0.885890344537023,5,2,4,0.7142857142857143,0.5555555555555556,0.6250000000000001,0.885890344537023,5,2,4,0.7142857142857143,0.5555555555555556,0.6250000000000001,0.885890344537023,0,0,0,0.0,0.0,0.0,0,0,0,0.0,0.0,0.0
COCO,570471,10,10,0,0,7,76,14,76,90,50,0,0,14,0.01389716299996735,0.009471835999988798,0.0,0.009471835999988798,0.009697437999989234,0.023595022999984394,Optimal,0,none,5.560146140257519,0,22,100.0,100.0,100.0,2.0,5,2,5,0.7142857142857143,0.5,0.588235294117647,0.9178980356973575,5,2,5,0.7142857142857143,0.5,0.588235294117647,0.9178980356973575,5,2,5,0.7142857142857143,0.5,0.588235294117647,0.9178980356973575,0,0,0,0.0,0.0,0.0,0,0,0,0.0,0.0,0.0
COCO,88269,4,4,0,0,4,27,8,27,35,17,0,0,8,0.014021794000029786,0.007128425000018979,0.0,0.007128425000018979,0.007289406000040799,0.02131169099999397,Optimal,0,none,3.3130655066172294,0,13,100.0,100.0,100.0,2.0,2,2,2,0.5,0.5,0.5,0.928593763192893,2,2,2,0.5,0.5,0.5,0.928593763192893,2,2,2,0.5,0.5,0.5,0.928593763192893,0,0,0,0.0,0.0,0.0,0,0,0,0.0,0.0,0.0
COCO,260470,23,23,0,0,16,465,32,465,497,257,0,0,32,0.016331804999992983,0.022221813999976803,0.0,0.022221813999976803,0.022903476000010414,0.039235811999958514,Optimal,0,none,12.784485183520337,0,49,100.0,100.0,100.0,2.0,9,7,14,0.5625,0.391304347826087,0.46153846153846156,0.8657233584295185,9,7,14,0.5625,0.391304347826087,0.46153846153846156,0.8657233584295185,9,7,14,0.5625,0.391304347826087,0.46153846153846156,0.8657233584295185,0,0,0,0.0,0.0,0.0,0,0,0,0.0,0.0,0.0
COCO,193494,1,1,0,0,1,0,2,0,2,1,0,0,2,0.013940158000025349,0.0068862910000007105,0.0,0.0068862910000007105,0.006961193000051935,0.02090181300002314,Optimal,0,none,0.6154029051462809,0,2,100.0,100.0,100.0,2.0,1,0,0,1.0,1.0,1.0,0.9140857748794872,1,0,0,1.0,1.0,1.0,0.9140857748794872,1,0,0,1.0,1.0,1.0,0.9140857748794872,0,0,0,0.0,0.0,0.0,0,0,0,0.0,0.0,0.0
COCO,252776,5,5,0,0,4,22,8,22,30,17,0,0,8,0.013380963000031443,0.007806814999980816,0.0,0.007806814999980816,0.007956963000026462,0.021338698000022305,Optimal,0,none,3.588173170975078,0,13,100.0,100.0,100.0,2.0,3,1,2,0.75,0.6,0.6666666666666665,0.9492642394328801,3,1,2,0.75,0.6,0.6666666666666665,0.9492642394328801,3,1,2,0.75,0.6,0.6666666666666665,0.9492642394328801,0,0,0,0.0,0.0,0.0,0,0,0,0.0,0.0,0.0
COCO,201072,5,5,0,0,8,86,16,86,102,65,0,0,16,0.01600673400002961,0.009785460999978568,0.0,0.009785460999978568,0.010033314999986942,0.026040581000017937,Optimal,0,none,6.4304616779133195,0,25,100.0,100.0,100.0,2.0,5,3,0,0.625,1.0,0.7692307692307693,0.8203950224635678,5,3,0,0.625,1.0,0.7692307692307693,0.8203950224635678,5,3,0,0.625,1.0,0.7692307692307693,0.8203950224635678,0,0,0,0.0,0.0,0.0,0,0,0,0.0,0.0,0.0
COCO,18150,7,7,0,0,3,6,6,6,12,10,0,0,6,0.014912304000006316,0.007142763999979707,0.0,0.007142763999979707,0.0072734329999661895,0.022186185000009573,Optimal,0,none,2.6142064237594607,0,10,100.0,100.0,100.0,2.0,3,0,4,1.0,0.42857142857142855,0.6,0.8995785349642255,3,0,4,1.0,0.42857142857142855,0.6,0.8995785349642255,3,0,4,1.0,0.42857142857142855,0.6,0.8995785349642255,0,0,0,0.0,0.0,0.0,0,0,0,0.0,0.0,0.0
COCO,337498,6,6,0,0,5,44,10,44,54,26,0,0,10,0.014842928000007305,0.008655266999994637,0.0,0.008655266999994637,0.008856664000006731,0.023700099999985014,Optimal,0,none,4.320547805020395,0,16,100.0,100.0,100.0,2.0,4,1,2,0.8,0.6666666666666666,0.7272727272727272,0.9092122264347658,4,1,2,0.8,0.6666666666666666,0.7272727272727272,0.9092122264347658,4,1,2,0.8,0.6666666666666666,0.7272727272727272,0.9092122264347658,0,0,0,0.0,0.0,0.0,0,0,0,0.0,0.0,0.0
COCO,521405,2,2,0,0,1,0,2,0,2,1,0,0,2,0.01335541599996759,0.006471297000018694,0.0,0.006471297000018694,0.00653901000003998,0.019895222000002377,Optimal,0,none,0.4171760479609172,0,2,100.0,100.0,100.0,2.0,1,0,1,1.0,0.5,0.6666666666666666,0.8180909534359526,1,0,1,1.0,0.5,0.6666666666666666,0.8180909534359526,1,0,1,1.0,0.5,0.6666666666666666,0.8180909534359526,0,0,0,0.0,0.0,0.0,0,0,0,0.0,0.0,0.0
COCO,518770,22,22,0,0,13,285,26,285,311,170,0,0,26,0.014694082000005437,0.01706712200001448,0.0,0.01706712200001448,0.017559871999992538,0.03225453999999672,Optimal,0,none,10.676603817145033,0,40,100.0,100.0,100.0,2.0,10,3,12,0.7692307692307693,0.45454545454545453,0.5714285714285714,0.831760543079157,10,3,12,0.7692307692307693,0.45454545454545453,0.5714285714285714,0.831760543079157,10,3,12,0.7692307692307693,0.45454545454545453,0.5714285714285714,0.831760543079157,0,0,0,0.0,0.0,0.0,0,0,0,0.0,0.0,0.0
COCO,201646,4,4,0,0,2,4,4,4,8,5,0,0,4,0.013080044999981055,0.005937801000015952,0.0,0.005937801000015952,0.006027929000026688,0.019108479000010448,Optimal,0,none,1.41323134024938,0,5,100.0,100.0,100.0,2.0,1,1,3,0.5,0.25,0.3333333333333333,0.975574034698679,1,1,3,0.5,0.25,0.3333333333333333,0.975574034698679,1,1,3,0.5,0.25,0.3333333333333333,0.975574034698679,0,0,0,0.0,0.0,0.0,0,0,0,0.0,0.0,0.0
COCO,36936,22,22,0,0,13,315,26,315,341,170,0,0,26,0.014291768000020966,0.018106257999988884,0.0,0.018106257999988884,0.018605684000021938,0.032897956999988764,Optimal,0,none,10.571782983995552,0,40,100.0,100.0,100.0,2.0,8,5,14,0.6153846153846154,0.36363636363636365,0.4571428571428572,0.7772250023568317,8,5,14,0.6153846153846154,0.36363636363636365,0.4571428571428572,0.7772250023568317,8,5,14,0.6153846153846154,0.36363636363636365,0.4571428571428572,0.7772250023568317,0,0,0,0.0,0.0,0.0,0,0,0,0.0,0.0,0.0
COCO,59044,20,20,0,0,13,273,26,273,299,170,0,0,26,0.013916552000011961,0.01633539300001985,0.0,0.01633539300001985,0.016879990999996153,0.030797129000006862,Optimal,0,none,10.206021036307021,0,40,100.0,100.0,100.0,2.0,9,4,11,0.6923076923076923,0.45,0.5454545454545455,0.8573211334930854,9,4,11,0.6923076923076923,0.45,0.5454545454545455,0.8573211334930854,9,4,11,0.6923076923076923,0.45,0.5454545454545455,0.8573211334930854,0,0,0,0.0,0.0,0.0,0,0,0,0.0,0.0,0.0
COCO,172946,21,21,0,0,10,165,20,165,185,101,0,0,20,0.013735399999973197,0.012802808000003552,0.0,0.012802808000003552,0.013134520000050998,0.026870434999977988,Optimal,0,none,8.031106521562892,0,31,100.0,100.0,100.0,2.0,9,1,12,0.9,0.42857142857142855,0.5806451612903225,0.8217836488922646,9,1,12,0.9,0.42857142857142855,0.5806451612903225,0.8217836488922646,9,1,12,0.9,0.42857142857142855,0.5806451612903225,0.8217836488922646,0,0,0,0.0,0.0,0.0,0,0,0,0.0,0.0,0.0
COCO,234607,5,5,0,0,4,24,8,24,32,17,0,0,8,0.013668648999953348,0.00763203000002477,0.0,0.00763203000002477,0.007781168000008165,0.021450217999984034,Optimal,0,none,3.0723637143424547,0,13,100.0,100.0,100.0,2.0,3,1,2,0.75,0.6,0.6666666666666665,0.6687653720416579,3,1,2,0.75,0.6,0.6666666666666665,0.6687653720416579,3,1,2,0.75,0.6,0.6666666666666665,0.6687653720416579,0,0,0,0.0,0.0,0.0,0,0,0,0.0,0.0,0.0
COCO,532690,5,5,0,0,7,89,14,89,103,50,0,0,14,0.015540801999975429,0.00985204299996667,0.0,0.00985204299996667,0.010193549000007351,0.025734857999964333,Optimal,0,none,5.684211950707675,0,22,100.0,100.0,100.0,2.0,4,3,1,0.5714285714285714,0.8,0.6666666666666666,0.8177469461687633,4,3,1,0.5714285714285714,0.8,0.6666666666666666,0.8177469461687633,4,3,1,0.5714285714285714,0.8,0.6666666666666666,0.8177469461687633,0,0,0,0.0,0.0,0.0,0,0,0,0.0,0.0,0.0
COCO,323895,3,3,0,0,2,4,4,4,8,5,0,0,4,0.01409085000000232,0.006198883999957161,0.0,0.006198883999957161,0.006313360999968154,0.02040472199996657,Optimal,0,none,1.4329256327946984,0,5,100.0,100.0,100.0,2.0,2,0,1,1.0,0.6666666666666666,0.8,0.8836660044692364,2,0,1,1.0,0.6666666666666666,0.8,0.8836660044692364,2,0,1,1.0,0.6666666666666666,0.8,0.8836660044692364,0,0,0,0.0,0.0,0.0,0,0,0,0.0,0.0,0.0
COCO,384670,4,4,0,0,3,12,6,12,18,10,0,0,6,0.013090426000019306,0.006740851000017756,0.0,0.006740851000017756,0.006865816000015457,0.019956779999972696,Optimal,0,none,2.803930339813233,0,10,100.0,100.0,100.0,2.0,3,0,1,1.0,0.75,0.8571428571428571,0.9223083774477759,3,0,1,1.0,0.75,0.8571428571428571,0.9223083774477759,3,0,1,1.0,0.75,0.8571428571428571,0.9223083774477759,0,0,0,0.0,0.0,0.0,0,0,0,0.0,0.0,0.0
COCO,50326,3,3,0,0,2,2,4,2,6,5,0,0,4,0.012975189000030696,0.006465601000002152,0.0,0.006465601000002152,0.006559399000025223,0.019535074000032182,Optimal,0,none,1.3042979367574055,0,5,100.0,100.0,100.0,2.0,1,1,2,0.5,0.3333333333333333,0.4,0.9334470440710452,1,1,2,0.5,0.3333333333333333,0.4,0.9334470440710452,1,1,2,0.5,0.3333333333333333,0.4,0.9334470440710452,0,0,0,0.0,0.0,0.0,0,0,0,0.0,0.0,0.0
COCO,205542,1,1,0,0,1,0,2,0,2,1,0,0,2,0.013671786999964297,0.0060740490000057434,0.0,0.0060740490000057434,0.006139685999983158,0.01981190700001889,Optimal,0,none,0.634652558962504,0,2,100.0,100.0,100.0,2.0,1,0,0,1.0,1.0,1.0,0.9489499488430384,1,0,0,1.0,1.0,1.0,0.9489499488430384,1,0,0,1.0,1.0,1.0,0.9489499488430384,0,0,0,0.0,0.0,0.0,0,0,0,0.0,0.0,0.0
COCO,217957,1,1,0,0,1,0,2,0,2,1,0,0,2,0.013532891000011205,0.006004944999972395,0.0,0.006004944999972395,0.0060657760000140115,0.019599133999975038,Optimal,0,none,0.5328731934229534,0,2,100.0,100.0,100.0,2.0,1,0,0,1.0,1.0,1.0,0.8487018978666845,1,0,0,1.0,1.0,1.0,0.8487018978666845,1,0,0,1.0,1.0,1.0,0.8487018978666845,0,0,0,0.0,0.0,0.0,0,0,0,0.0,0.0,0.0
COCO,162035,5,5,0,0,4,24,8,24,32,17,0,0,8,0.013769780000018272,0.006945244999997158,0.0,0.006945244999997158,0.0070993209999983264,0.020869557000025907,Optimal,0,none,3.1164757219950365,0,13,100.0,100.0,100.0,2.0,3,1,2,0.75,0.6,0.6666666666666665,0.9469053117589766,3,1,2,0.75,0.6,0.6666666666666665,0.9469053117589766,3,1,2,0.75,0.6,0.6666666666666665,0.9469053117589766,0,0,0,0.0,0.0,0.0,0,0,0,0.0,0.0,0.0
COCO,415727,11,11,0,0,3,12,6,12,18,10,0,0,6,0.013127608999980112,0.00702172899997322,0.0,0.00702172899997322,0.007153442999992876,0.02028152399998362,Optimal,0,none,2.4658404207229623,0,10,100.0,100.0,100.0,2.0,3,0,8,1.0,0.2727272727272727,0.42857142857142855,0.8761020348685618,3,0,8,1.0,0.2727272727272727,0.42857142857142855,0.8761020348685618,3,0,8,1.0,0.2727272727272727,0.42857142857142855,0.8761020348685618,0,0,0,0.0,0.0,0.0,0,0,0,0.0,0.0,0.0
COCO,46252,5,5,0,0,6,47,12,47,59,37,0,0,12,0.015624199999990651,0.009116297999980816,0.0,0.009116297999980816,0.009330305999981192,0.02495490799998379,Optimal,0,none,5.155201878544343,0,19,100.0,100.0,100.0,2.0,5,1,0,0.8333333333333334,1.0,0.9090909090909091,0.8288402795774221,5,1,0,0.8333333333333334,1.0,0.9090909090909091,0.8288402795774221,5,1,0,0.8333333333333334,1.0,0.9090909090909091,0.8288402795774221,0,0,0,0.0,0.0,0.0,0,0,0,0.0,0.0,0.0
COCO,182021,5,5,0,0,2,4,4,4,8,5,0,0,4,0.012792745000012928,0.006314302000021144,0.0,0.006314302000021144,0.00641193699999576,0.019205122000016672,Optimal,0,none,1.5236757787068687,0,5,100.0,100.0,100.0,2.0,2,0,3,1.0,0.4,0.5714285714285715,0.8738058947937053,2,0,3,1.0,0.4,0.5714285714285715,0.8738058947937053,2,0,3,1.0,0.4,0.5714285714285715,0.8738058947937053,0,0,0,0.0,0.0,0.0,0,0,0,0.0,0.0,0.0
COCO,231747,15,15,0,0,3,10,6,10,16,10,0,0,6,0.015044283999998243,0.0066333220000274196,0.0,0.0066333220000274196,0.006770346999985577,0.02181509899997991,Optimal,0,none,2.5266716790199286,0,10,100.0,100.0,100.0,2.0,1,2,14,0.3333333333333333,0.06666666666666667,0.1111111111111111,0.9077236840081677,1,2,14,0.3333333333333333,0.06666666666666667,0.1111111111111111,0.9077236840081677,1,2,14,0.3333333333333333,0.06666666666666667,0.1111111111111111,0.9077236840081677,0,0,0,0.0,0.0,0.0,0,0,0,0.0,0.0,0.0
COCO,90284,2,2,0,0,2,4,4,4,8,5,0,0,4,0.015424723999956313,0.0067384679999804575,0.0,0.0067384679999804575,0.006838684999991074,0.022263812999995025,Optimal,0,none,1.5094906218846638,0,5,100.0,100.0,100.0,2.0,2,0,0,1.0,1.0,1.0,0.9421793899846145,2,0,0,1.0,1.0,1.0,0.9421793899846145,2,0,0,1.0,1.0,1.0,0.9421793899846145,0,0,0,0.0,0.0,0.0,0,0,0,0.0,0.0,0.0
COCO,286553,18,18,0,0,10,169,20,169,189,101,0,0,20,0.014573455999993712,0.012699419999989914,0.0,0.012699419999989914,0.013024717000007513,0.027598633000025075,Optimal,0,none,8.37928347720032,0,31,100.0,100.0,100.0,2.0,8,2,10,0.8,0.4444444444444444,0.5714285714285714,0.8660496627138461,8,2,10,0.8,0.4444444444444444,0.5714285714285714,0.8660496627138461,8,2,10,0.8,0.4444444444444444,0.5714285714285714,0.8660496627138461,0,0,0,0.0,0.0,0.0,0,0,0,0.0,0.0,0.0
COCO,488736,2,2,0,0,2,2,4,2,6,5,0,0,4,0.015395354000020234,0.0065916529999867635,0.0,0.0065916529999867635,0.006708879999962392,0.0221047719999774,Optimal,0,none,1.4840525992711382,0,5,100.0,100.0,100.0,2.0,2,0,0,1.0,1.0,1.0,0.9026703529625753,2,0,0,1.0,1.0,1.0,0.9026703529625753,2,0,0,1.0,1.0,1.0,0.9026703529625753,0,0,0,0.0,0.0,0.0,0,0,0,0.0,0.0,0.0
COCO,63602,8,8,0,0,2,2,4,2,6,5,0,0,4,0.013126266000028863,0.0062979659999768955,0.0,0.0062979659999768955,0.006387805999963803,0.019514526000023125,Optimal,0,none,1.532375825246175,0,5,100.0,100.0,100.0,2.0,2,0,6,1.0,0.25,0.4,0.8943323950655163,2,0,6,1.0,0.25,0.4,0.8943323950655163,2,0,6,1.0,0.25,0.4,0.8943323950655163,0,0,0,0.0,0.0,0.0,0,0,0,0.0,0.0,0.0
COCO,383386,4,4,0,0,3,6,6,6,12,10,0,0,6,0.014030054999977892,0.006573440000011033,0.0,0.006573440000011033,0.006696548999968854,0.020727051999983814,Optimal,0,none,2.63794454574585,0,10,100.0,100.0,100.0,2.0,3,0,1,1.0,0.75,0.8571428571428571,0.9500904647182716,3,0,1,1.0,0.75,0.8571428571428571,0.9500904647182716,3,0,1,1.0,0.75,0.8571428571428571,0.9500904647182716,0,0,0,0.0,0.0,0.0,0,0,0,0.0,0.0,0.0
COCO,450686,2,2,0,0,2,4,4,4,8,5,0,0,4,0.013213498000027357,0.00646064799997248,0.0,0.00646064799997248,0.006560158000013416,0.01977407999999059,Optimal,0,none,1.4852408917744957,0,5,100.0,100.0,100.0,2.0,2,0,0,1.0,1.0,1.0,0.867341779930295,2,0,0,1.0,1.0,1.0,0.867341779930295,2,0,0,1.0,1.0,1.0,0.867341779930295,0,0,0,0.0,0.0,0.0,0,0,0,0.0,0.0,0.0
COCO,5060,2,2,0,0,3,12,6,12,18,10,0,0,6,0.01399941099998614,0.0065563680000195745,0.0,0.0065563680000195745,0.006676538000021992,0.020676387999969847,Optimal,0,none,2.2991521692276007,0,10,100.0,100.0,100.0,2.0,1,2,1,0.3333333333333333,0.5,0.4,0.8270077823111914,1,2,1,0.3333333333333333,0.5,0.4,0.8270077823111914,1,2,1,0.3333333333333333,0.5,0.4,0.8270077823111914,0,0,0,0.0,0.0,0.0,0,0,0,0.0,0.0,0.0
COCO,286523,2,2,0,0,5,42,10,42,52,26,0,0,10,0.015192629000011948,0.007952502999955868,0.0,0.007952502999955868,0.008179372000029161,0.023372447999975066,Optimal,0,none,3.804845770200095,0,16,100.0,100.0,100.0,2.0,2,3,0,0.4,1.0,0.5714285714285715,0.8822373870545746,2,3,0,0.4,1.0,0.5714285714285715,0.8822373870545746,2,3,0,0.4,1.0,0.5714285714285715,0.8822373870545746,0,0,0,0.0,0.0,0.0,0,0,0,0.0,0.0,0.0
COCO,120420,26,26,0,0,9,135,18,135,153,82,0,0,18,0.015530053999952997,0.011521162999997614,0.0,0.011521162999997614,0.011840055000050143,0.027370597999947677,Optimal,0,none,7.309163084030154,0,28,100.0,100.0,100.0,2.0,8,1,18,0.8888888888888888,0.3076923076923077,0.4571428571428572,0.8474267422969297,8,1,18,0.8888888888888888,0.3076923076923077,0.4571428571428572,0.8474267422969297,8,1,18,0.8888888888888888,0.3076923076923077,0.4571428571428572,0.8474267422969297,0,0,0,0.0,0.0,0.0,0,0,0,0.0,0.0,0.0
COCO,579655,16,16,0,0,2,6,4,6,10,5,0,0,4,0.013043735999985984,0.0063793950000103905,0.0,0.0063793950000103905,0.006486752000000706,0.019530970000005254,Optimal,0,none,1.355353954633077,0,5,100.0,100.0,100.0,2.0,2,0,14,1.0,0.125,0.2222222222222222,0.7751295660964403,2,0,14,1.0,0.125,0.2222222222222222,0.7751295660964403,2,0,14,1.0,0.125,0.2222222222222222,0.7751295660964403,0,0,0,0.0,0.0,0.0,0,0,0,0.0,0.0,0.0
COCO,117908,9,9,0,0,6,54,12,54,66,37,0,0,12,0.013099797000052149,0.01027373599998782,0.0,0.01027373599998782,0.010489731999996366,0.023590053000020816,Optimal,0,none,4.829058122634889,0,19,100.0,100.0,100.0,2.0,4,2,5,0.6666666666666666,0.4444444444444444,0.5333333333333333,0.8848111978268024,4,2,5,0.6666666666666666,0.4444444444444444,0.5333333333333333,0.8848111978268024,4,2,5,0.6666666666666666,0.4444444444444444,0.5333333333333333,0.8848111978268024,0,0,0,0.0,0.0,0.0,0,0,0,0.0,0.0,0.0
COCO,550322,6,6,0,0,5,34,10,34,44,26,0,0,10,0.014280071000030148,0.008133631000021069,0.0,0.008133631000021069,0.008324389999984305,0.022604900000033012,Optimal,0,none,3.979320617516837,0,16,100.0,100.0,100.0,2.0,2,3,4,0.4,0.3333333333333333,0.3636363636363636,0.7627840592800125,2,3,4,0.4,0.3333333333333333,0.3636363636363636,0.7627840592800125,2,3,4,0.4,0.3333333333333333,0.3636363636363636,0.7627840592800125,0,0,0,0.0,0.0,0.0,0,0,0,0.0,0.0,0.0
COCO,322844,2,2,0,0,3,10,6,10,16,10,0,0,6,0.015102861999992001,0.006800869999949555,0.0,0.006800869999949555,0.00693386300002885,0.022037192999960098,Optimal,0,none,2.2986614060401918,0,10,100.0,100.0,100.0,2.0,2,1,0,0.6666666666666666,1.0,0.8,0.7131785703696225,2,1,0,0.6666666666666666,1.0,0.8,0.7131785703696225,2,1,0,0.6666666666666666,1.0,0.8,0.7131785703696225,0,0,0,0.0,0.0,0.0,0,0,0,0.0,0.0,0.0
COCO,218362,8,8,0,0,4,24,8,24,32,17,0,0,8,0.014192498999989311,0.008131998999999723,0.0,0.008131998999999723,0.008280496999987008,0.022473462999982985,Optimal,0,none,2.9927268401781726,0,13,100.0,100.0,100.0,2.0,2,2,6,0.5,0.25,0.3333333333333333,0.937701447940108,2,2,6,0.5,0.25,0.3333333333333333,0.937701447940108,2,2,6,0.5,0.25,0.3333333333333333,0.937701447940108,0,0,0,0.0,0.0,0.0,0,0,0,0.0,0.0,0.0
COCO,213224,6,6,0,0,10,166,20,166,186,101,0,0,20,0.01507894399998122,0.01275499499996613,0.0,0.01275499499996613,0.013159813000015674,0.02823933499996656,Optimal,0,none,7.997672268549604,0,31,100.0,100.0,100.0,2.0,4,6,2,0.4,0.6666666666666666,0.5,0.8979722434985224,4,6,2,0.4,0.6666666666666666,0.5,0.8979722434985224,4,6,2,0.4,0.6666666666666666,0.5,0.8979722434985224,0,0,0,0.0,0.0,0.0,0,0,0,0.0,0.0,0.0
COCO,223747,3,3,0,0,2,4,4,4,8,5,0,0,4,0.012337600000023485,0.0064411719999952766,0.0,0.0064411719999952766,0.0065609850000214465,0.018899017000023832,Optimal,0,none,1.1082227381070455,0,5,100.0,100.0,100.0,2.0,0,2,3,0.0,0.0,0.0,0.6519603900993971,0,2,3,0.0,0.0,0.0,0.6519603900993971,0,2,3,0.0,0.0,0.0,0.6519603900993971,0,0,0,0.0,0.0,0.0,0,0,0,0.0,0.0,0.0
COCO,297578,10,10,0,0,5,34,10,34,44,26,0,0,10,0.01351005899999791,0.008386777999987771,0.0,0.008386777999987771,0.008638324000003195,0.022148780999998507,Optimal,0,none,4.281995297273001,0,16,100.0,100.0,100.0,2.0,5,0,5,1.0,0.5,0.6666666666666666,0.8123425380073479,5,0,5,1.0,0.5,0.6666666666666666,0.8123425380073479,5,0,5,1.0,0.5,0.6666666666666666,0.8123425380073479,0,0,0,0.0,0.0,0.0,0,0,0,0.0,0.0,0.0
COCO,458992,4,4,0,0,5,40,10,40,50,26,0,0,10,0.01457309899996062,0.008302708999963215,0.0,0.008302708999963215,0.008490294000012,0.02306382599999779,Optimal,0,none,4.2977308853467315,0,16,100.0,100.0,100.0,2.0,2,3,2,0.4,0.5,0.4444444444444445,0.9689432985424111,2,3,2,0.4,0.5,0.4444444444444445,0.9689432985424111,2,3,2,0.4,0.5,0.4444444444444445,0.9689432985424111,0,0,0,0.0,0.0,0.0,0,0,0,0.0,0.0,0.0
COCO,78266,15,15,0,0,1,0,2,0,2,1,0,0,2,0.014428589000033298,0.006466579000004913,0.0,0.006466579000004913,0.006536006999965593,0.020964961999993648,Optimal,0,none,0.4805604616800944,0,2,100.0,100.0,100.0,2.0,0,1,15,0.0,0.0,0.0,0.0,0,1,15,0.0,0.0,0.0,0.0,0,1,15,0.0,0.0,0.0,0.0,0,0,0,0.0,0.0,0.0,0,0,0,0.0,0.0,0.0
COCO,164602,6,6,0,0,3,8,6,8,14,10,0,0,6,0.013632310999980746,0.0060501469999962865,0.0,0.0060501469999962865,0.006174246000000494,0.019806926000001113,Optimal,0,none,2.420210387706757,0,10,100.0,100.0,100.0,2.0,2,1,4,0.6666666666666666,0.3333333333333333,0.4444444444444444,0.8206120707890363,2,1,4,0.6666666666666666,0.3333333333333333,0.4444444444444444,0.8206120707890363,2,1,4,0.6666666666666666,0.3333333333333333,0.4444444444444444,0.8206120707890363,0,0,0,0.0,0.0,0.0,0,0,0,0.0,0.0,0.0
COCO,440475,26,26,0,0,8,107,16,107,123,65,0,0,16,0.01467570599999135,0.010385190000022249,0.0,0.010385190000022249,0.010650241999996979,0.025326392000010856,Optimal,0,none,6.461389677766753,0,25,100.0,100.0,100.0,2.0,5,3,21,0.625,0.19230769230769232,0.29411764705882354,0.7828076450952566,5,3,21,0.625,0.19230769230769232,0.29411764705882354,0.7828076450952566,5,3,21,0.625,0.19230769230769232,0.29411764705882354,0.7828076450952566,0,0,0,0.0,0.0,0.0,0,0,0,0.0,0.0,0.0
COCO,101762,2,2,0,0,2,4,4,4,8,5,0,0,4,0.013868133000016769,0.006596046000026945,0.0,0.006596046000026945,0.006699311000033958,0.02056795700002567,Optimal,0,none,1.5245363744099936,0,5,100.0,100.0,100.0,2.0,2,0,0,1.0,1.0,1.0,0.8099170356554997,2,0,0,1.0,1.0,1.0,0.8099170356554997,2,0,0,1.0,1.0,1.0,0.8099170356554997,0,0,0,0.0,0.0,0.0,0,0,0,0.0,0.0,0.0
COCO,557501,2,2,0,0,2,2,4,2,6,5,0,0,4,0.013091726000027393,0.006668211000032898,0.0,0.006668211000032898,0.006762675999993917,0.0198547440000425,Optimal,0,none,1.425895155270894,0,5,100.0,100.0,100.0,2.0,2,0,0,1.0,1.0,1.0,0.901446982380051,2,0,0,1.0,1.0,1.0,0.901446982380051,2,0,0,1.0,1.0,1.0,0.901446982380051,0,0,0,0.0,0.0,0.0,0,0,0,0.0,0.0,0.0
COCO,203317,1,1,0,0,1,0,2,0,2,1,0,0,2,0.015315419999978985,0.005865154000048278,0.0,0.005865154000048278,0.005930533000025662,0.021246337999969,Optimal,0,none,0.6421681801478067,0,2,100.0,100.0,100.0,2.0,1,0,0,1.0,1.0,1.0,0.9783740828404816,1,0,0,1.0,1.0,1.0,0.9783740828404816,1,0,0,1.0,1.0,1.0,0.9783740828404816,0,0,0,0.0,0.0,0.0,0,0,0,0.0,0.0,0.0
COCO,368940,1,1,0,0,2,4,4,4,8,5,0,0,4,0.013707979000002979,0.006228474999943501,0.0,0.006228474999943501,0.006321214000024611,0.020029562000047463,Optimal,0,none,1.2648962091064426,0,5,100.0,100.0,100.0,2.0,1,1,0,0.5,1.0,0.6666666666666666,0.7949256734460757,1,1,0,0.5,1.0,0.6666666666666666,0.7949256734460757,1,1,0,0.5,1.0,0.6666666666666666,0.7949256734460757,0,0,0,0.0,0.0,0.0,0,0,0,0.0,0.0,0.0
COCO,569917,5,5,0,0,3,12,6,12,18,10,0,0,6,0.01532973499996615,0.006762042999980622,0.0,0.006762042999980622,0.006886085000019193,0.022216244999981427,Optimal,0,none,2.2413849163921387,0,10,100.0,100.0,100.0,2.0,2,1,3,0.6666666666666666,0.4,0.5,0.8701704476211356,2,1,3,0.6666666666666666,0.4,0.5,0.8701704476211356,2,1,3,0.6666666666666666,0.4,0.5,0.8701704476211356,0,0,0,0.0,0.0,0.0,0,0,0,0.0,0.0,0.0
COCO,144798,4,4,0,0,2,4,4,4,8,5,0,0,4,0.013032662000000528,0.0061666189999982635,0.0,0.0061666189999982635,0.006259985999975015,0.019293049999987488,Optimal,0,none,1.5059102567036948,0,5,100.0,100.0,100.0,2.0,2,0,2,1.0,0.5,0.6666666666666666,0.9410266629148343,2,0,2,1.0,0.5,0.6666666666666666,0.9410266629148343,2,0,2,1.0,0.5,0.6666666666666666,0.9410266629148343,0,0,0,0.0,0.0,0.0,0,0,0,0.0,0.0,0.0
COCO,284623,5,5,0,0,3,10,6,10,16,10,0,0,6,0.0129839420000053,0.00680336499999612,0.0,0.00680336499999612,0.006951660999959586,0.01993596899995964,Optimal,0,none,2.570961015224457,0,10,100.0,100.0,100.0,2.0,3,0,2,1.0,0.6,0.7499999999999999,0.948762621337833,3,0,2,1.0,0.6,0.7499999999999999,0.948762621337833,3,0,2,1.0,0.6,0.7499999999999999,0.948762621337833,0,0,0,0.0,0.0,0.0,0,0,0,0.0,0.0,0.0
COCO,520301,1,1,0,0,1,0,2,0,2,1,0,0,2,0.013606864999985646,0.006429365999963466,0.0,0.006429365999963466,0.0065043959999684375,0.020111749999955464,Optimal,0,none,0.6055704275767009,0,2,100.0,100.0,100.0,2.0,1,0,0,1.0,1.0,1.0,0.9815471516032039,1,0,0,1.0,1.0,1.0,0.9815471516032039,1,0,0,1.0,1.0,1.0,0.9815471516032039,0,0,0,0.0,0.0,0.0,0,0,0,0.0,0.0,0.0
COCO,127987,3,3,0,0,3,13,6,13,19,10,0,0,6,0.013201842999990276,0.006776043999991543,0.0,0.006776043999991543,0.006907817000012528,0.02011016300002666,Optimal,0,none,2.6436856073879738,0,10,100.0,100.0,100.0,2.0,2,1,1,0.6666666666666666,0.6666666666666666,0.6666666666666666,0.9320577366590089,2,1,1,0.6666666666666666,0.6666666666666666,0.6666666666666666,0.9320577366590089,2,1,1,0.6666666666666666,0.6666666666666666,0.6666666666666666,0.9320577366590089,0,0,0,0.0,0.0,0.0,0,0,0,0.0,0.0,0.0
COCO,63740,11,11,0,0,11,211,22,211,233,122,0,0,22,0.01610789599999407,0.014327890000004118,0.0,0.014327890000004118,0.014773907999995117,0.030882309999981317,Optimal,0,none,9.299833457071509,0,34,100.0,100.0,100.0,2.0,8,3,3,0.7272727272727273,0.7272727272727273,0.7272727272727273,0.8832138281943049,8,3,3,0.7272727272727273,0.7272727272727273,0.7272727272727273,0.8832138281943049,8,3,3,0.7272727272727273,0.7272727272727273,0.7272727272727273,0.8832138281943049,0,0,0,0.0,0.0,0.0,0,0,0,0.0,0.0,0.0
COCO,36494,52,52,0,0,21,793,42,793,835,442,0,0,42,0.017071791999967445,0.036370890999990024,0.0,0.036370890999990024,0.03753421099997922,0.05460660599999301,Optimal,0,none,15.844737183488526,0,64,100.0,100.0,100.0,2.0,13,8,39,0.6190476190476191,0.25,0.3561643835616438,0.8157270056320051,13,8,39,0.6190476190476191,0.25,0.3561643835616438,0.8157270056320051,13,8,39,0.6190476190476191,0.25,0.3561643835616438,0.8157270056320051,0,0,0,0.0,0.0,0.0,0,0,0,0.0,0.0,0.0
COCO,210032,15,15,0,0,5,38,10,38,48,26,0,0,10,0.013807565999968574,0.007752099000015278,0.0,0.007752099000015278,0.007937427999991087,0.021745442999986153,Optimal,0,none,4.08782260020574,0,16,100.0,100.0,100.0,2.0,3,2,12,0.6,0.2,0.3,0.7268895447074504,3,2,12,0.6,0.2,0.3,0.7268895447074504,3,2,12,0.6,0.2,0.3,0.7268895447074504,0,0,0,0.0,0.0,0.0,0,0,0,0.0,0.0,0.0
Visual Genome,83,25,1,16,0,28,1429,56,1429,1485,785,0,0,56,0.019313741000019036,0.06178798700000243,0.0,0.06178798700000243,0.06338952800001607,0.08270385899999155,Optimal,0,none,22.699173180846394,0,85,100.0,100.0,100.0,2.0,0,28,1,0.0,0.0,0.0,0.0,0,28,1,0.0,0.0,0.0,0.0,0,28,1,0.0,0.0,0.0,0.0,0,0,0,0.0,0.0,0.0,0,0,0,0.0,0.0,0.0
Visual Genome,347,13,1,7,0,14,352,28,352,380,197,0,0,28,0.015348675000041112,0.020326997000040592,0.0,0.020326997000040592,0.020867639000016425,0.036216935000027206,Optimal,0,none,11.684041680073499,0,43,100.0,100.0,100.0,2.0,1,13,0,0.07142857142857142,1.0,0.13333333333333333,0.6088530700244924,1,13,0,0.07142857142857142,1.0,0.13333333333333333,0.6088530700244924,1,13,0,0.07142857142857142,1.0,0.13333333333333333,0.6088530700244924,0,0,0,0.0,0.0,0.0,0,0,0,0.0,0.0,0.0
Visual Genome,532,28,1,49,0,1,0,2,0,2,1,0,0,2,0.013138924000031693,0.006192223000027752,0.0,0.006192223000027752,0.00625774600001705,0.019397121999986666,Optimal,0,none,0.604728881518046,0,2,100.0,100.0,100.0,2.0,1,0,0,1.0,1.0,1.0,0.8996194252227986,1,0,0,1.0,1.0,1.0,0.8996194252227986,1,0,0,1.0,1.0,1.0,0.8996194252227986,0,0,0,0.0,0.0,0.0,0,0,0,0.0,0.0,0.0
Visual Genome,1045,35,1,22,0,28,1407,56,1407,1463,785,0,0,56,0.020083045000035327,0.06226964299997917,0.0,0.06226964299997917,0.06395413699999608,0.08403778199999579,Optimal,0,none,23.418768662192438,0,85,100.0,100.0,100.0,2.0,1,27,0,0.03571428571428571,1.0,0.0689655172413793,0.9619170594332537,1,27,0,0.03571428571428571,1.0,0.0689655172413793,0.9619170594332537,1,27,0,0.03571428571428571,1.0,0.0689655172413793,0.9619170594332537,0,0,0,0.0,0.0,0.0,0,0,0,0.0,0.0,0.0
Visual Genome,1139,30,0,25,0,7,80,14,80,94,50,0,0,14,0.01406315799999902,0.01278581599996187,0.0,0.01278581599996187,0.013052238000000216,0.027115876999971533,Optimal,0,none,5.295514153955299,0,22,100.0,100.0,100.0,2.0,0,7,0,0.0,0.0,0.0,0.0,0,7,0,0.0,0.0,0.0,0.0,0,7,0,0.0,0.0,0.0,0.0,0,0,0,0.0,0.0,0.0,0,0,0,0.0,0.0,0.0
Visual Genome,1716,28,8,20,0,15,372,30,372,402,226,0,0,30,0.01678658800000221,0.02023267500004522,0.0,0.02023267500004522,0.020834847000003265,0.03762198399999761,Optimal,0,none,12.127404987812048,0,46,100.0,100.0,100.0,2.0,6,9,2,0.4,0.75,0.5217391304347827,0.8845121658533279,6,9,2,0.4,0.75,0.5217391304347827,0.8845121658533279,6,9,2,0.4,0.75,0.5217391304347827,0.8845121658533279,0,0,0,0.0,0.0,0.0,0,0,0,0.0,0.0,0.0
Visual Genome,2159,25,3,14,0,8,102,16,102,118,65,0,0,16,0.014847442999951,0.010959254999988843,0.0,0.010959254999988843,0.01122890900001039,0.026076837999994495,Optimal,0,none,6.057708433470597,0,25,100.0,100.0,100.0,2.0,2,6,1,0.25,0.6666666666666666,0.36363636363636365,0.8814663573441348,2,6,1,0.25,0.6666666666666666,0.36363636363636365,0.8814663573441348,2,6,1,0.25,0.6666666666666666,0.36363636363636365,0.8814663573441348,0,0,0,0.0,0.0,0.0,0,0,0,0.0,0.0,0.0
Visual Genome,2813,14,0,8,0,0,0,0,0,0,0,0,0,1,0.0126976909999712,0.005372449999981654,0.0,0.005372449999981654,0.005417825999984416,0.0181158799999821,Optimal,0,none,,0,1,100.0,0.0,0.0,0.0,0,0,0,0.0,0.0,0.0,0.0,0,0,0,0.0,0.0,0.0,0.0,0,0,0,0.0,0.0,0.0,0.0,0,0,0,0.0,0.0,0.0,0,0,0,0.0,0.0,0.0
Visual Genome,3040,18,2,15,0,3,12,6,12,18,10,0,0,6,0.01469456000000946,0.007001557000023695,0.0,0.007001557000023695,0.007129969000004621,0.021825011999965227,Optimal,0,none,2.577692975997926,0,10,100.0,100.0,100.0,2.0,1,2,1,0.3333333333333333,0.5,0.4,0.9134589780294818,1,2,1,0.3333333333333333,0.5,0.4,0.9134589780294818,1,2,1,0.3333333333333333,0.5,0.4,0.9134589780294818,0,0,0,0.0,0.0,0.0,0,0,0,0.0,0.0,0.0
Visual Genome,3575,11,1,11,0,1,0,2,0,2,1,0,0,2,0.016173895000008542,0.006448976000001494,0.0,0.006448976000001494,0.006535358999997243,0.022709690999988652,Optimal,0,none,0.3771908680597941,0,2,100.0,100.0,100.0,2.0,0,1,1,0.0,0.0,0.0,0.0,0,1,1,0.0,0.0,0.0,0.0,0,1,1,0.0,0.0,0.0,0.0,0,0,0,0.0,0.0,0.0,0,0,0,0.0,0.0,0.0
Visual Genome,3781,62,16,62,0,9,114,18,114,132,82,0,0,18,0.014613230000009025,0.010994431000028726,0.0,0.010994431000028726,0.011308241999984148,0.025921895999999833,Optimal,0,none,6.64191254442561,0,28,100.0,100.0,100.0,2.0,5,4,11,0.5555555555555556,0.3125,0.39999999999999997,0.6661520308401749,5,4,11,0.5555555555555556,0.3125,0.39999999999999997,0.6661520308401749,5,4,11,0.5555555555555556,0.3125,0.39999999999999997,0.6661520308401749,0,0,0,0.0,0.0,0.0,0,0,0,0.0,0.0,0.0
Visual Genome,4218,5,0,3,0,0,0,0,0,0,0,0,0,1,0.015040204999991147,0.004875971999979356,0.0,0.004875971999979356,0.004914347999999791,0.019955012999957944,Optimal,0,none,,0,1,100.0,0.0,0.0,0.0,0,0,0,0.0,0.0,0.0,0.0,0,0,0,0.0,0.0,0.0,0.0,0,0,0,0.0,0.0,0.0,0.0,0,0,0,0.0,0.0,0.0,0,0,0,0.0,0.0,0.0
Visual Genome,4434,8,1,15,0,2,4,4,4,8,5,0,0,4,0.01386503199995559,0.006678098999998383,0.0,0.006678098999998383,0.006776622999950632,0.020642179999981636,Optimal,0,none,1.285396679242452,0,5,100.0,100.0,100.0,2.0,0,2,1,0.0,0.0,0.0,0.7734870065833309,0,2,1,0.0,0.0,0.0,0.7734870065833309,0,2,1,0.0,0.0,0.0,0.7734870065833309,0,0,0,0.0,0.0,0.0,0,0,0,0.0,0.0,0.0
Visual Genome,4483,24,2,13,0,4,18,8,18,26,17,0,0,8,0.053884489999973084,0.0077574839999670075,0.0,0.0077574839999670075,0.007906813999966289,0.061791750999987016,Optimal,0,none,3.4485973183314016,0,13,100.0,100.0,100.0,2.0,2,2,0,0.5,1.0,0.6666666666666666,0.9674957532201804,2,2,0,0.5,1.0,0.6666666666666666,0.9674957532201804,2,2,0,0.5,1.0,0.6666666666666666,0.9674957532201804,0,0,0,0.0,0.0,0.0,0,0,0,0.0,0.0,0.0
Visual Genome,4525,23,1,13,0,0,0,0,0,0,0,0,0,1,0.011651240999981383,0.005010639000033734,0.0,0.005010639000033734,0.005049100999997336,0.016700671000023704,Optimal,0,none,,0,1,100.0,0.0,0.0,0.0,0,0,1,0.0,0.0,0.0,0.0,0,0,1,0.0,0.0,0.0,0.0,0,0,1,0.0,0.0,0.0,0.0,0,0,0,0.0,0.0,0.0,0,0,0,0.0,0.0,0.0
Visual Genome,285666,4,0,1,0,3,10,6,10,16,10,0,0,6,0.02046982899997829,0.007480185000019901,0.0,0.007480185000019901,0.007667486000002555,0.0281376959999875,Optimal,0,none,2.4952497673034673,0,10,100.0,100.0,100.0,2.0,0,3,0,0.0,0.0,0.0,0.0,0,3,0,0.0,0.0,0.0,0.0,0,3,0,0.0,0.0,0.0,0.0,0,0,0,0.0,0.0,0.0,0,0,0,0.0,0.0,0.0
Visual Genome,497981,32,1,14,0,4,24,8,24,32,17,0,0,8,0.016796456000008675,0.007242640000015399,0.0,0.007242640000015399,0.00739274700003989,0.02418972800001029,Optimal,0,none,2.9293096510569265,0,13,100.0,100.0,100.0,2.0,0,4,1,0.0,0.0,0.0,0.0,0,4,1,0.0,0.0,0.0,0.0,0,4,1,0.0,0.0,0.0,0.0,0,0,0,0.0,0.0,0.0,0,0,0,0.0,0.0,0.0
Visual Genome,498311,27,4,18,0,3,12,6,12,18,10,0,0,6,0.02025050800000372,0.007085120999988703,0.0,0.007085120999988703,0.007234777999997277,0.02748572199999444,Optimal,0,none,2.450601445261082,0,10,100.0,100.0,100.0,2.0,3,0,1,1.0,0.75,0.8571428571428571,0.8355290348399967,3,0,1,1.0,0.75,0.8571428571428571,0.8355290348399967,3,0,1,1.0,0.75,0.8571428571428571,0.8355290348399967,0,0,0,0.0,0.0,0.0,0,0,0,0.0,0.0,0.0
Visual Genome,713027,8,1,2,0,5,42,10,42,52,26,0,0,10,0.028293031000032443,0.008129585000006045,0.0,0.008129585000006045,0.008335574000000179,0.0366290790000221,Optimal,0,none,3.6227026422818516,0,16,100.0,100.0,100.0,2.0,1,4,0,0.2,1.0,0.33333333333333337,0.7393753385839741,1,4,0,0.2,1.0,0.33333333333333337,0.7393753385839741,1,4,0,0.2,1.0,0.33333333333333337,0.7393753385839741,0,0,0,0.0,0.0,0.0,0,0,0,0.0,0.0,0.0
Visual Genome,713431,16,0,8,0,4,22,8,22,30,17,0,0,8,0.018237558000009813,0.007546306999984154,0.0,0.007546306999984154,0.007706714999983433,0.02594475699999066,Optimal,0,none,3.4191180245081596,0,13,100.0,100.0,100.0,2.0,0,4,0,0.0,0.0,0.0,0.0,0,4,0,0.0,0.0,0.0,0.0,0,4,0,0.0,0.0,0.0,0.0,0,0,0,0.0,0.0,0.0,0,0,0,0.0,0.0,0.0
Visual Genome,713491,32,0,16,0,19,589,38,589,627,362,0,0,38,0.023289802000022064,0.02821206800001619,0.0,0.02821206800001619,0.028965860000027988,0.05225614599999062,Optimal,0,none,15.167105811505744,0,58,100.0,100.0,100.0,2.0,0,19,0,0.0,0.0,0.0,0.0,0,19,0,0.0,0.0,0.0,0.0,0,19,0,0.0,0.0,0.0,0.0,0,0,0,0.0,0.0,0.0,0,0,0,0.0,0.0,0.0
Visual Genome,1159279,36,5,23,0,17,525,34,525,559,290,0,0,34,0.023221729999988838,0.025636202999976376,0.0,0.025636202999976376,0.02636806000003844,0.04959026699998503,Optimal,0,none,14.325144956559711,0,52,100.0,100.0,100.0,2.0,4,13,1,0.23529411764705882,0.8,0.3636363636363636,0.8425969705101859,4,13,1,0.23529411764705882,0.8,0.3636363636363636,0.8425969705101859,4,13,1,0.23529411764705882,0.8,0.3636363636363636,0.8425969705101859,0,0,0,0.0,0.0,0.0,0,0,0,0.0,0.0,0.0
Visual Genome,1159540,26,12,42,1,18,561,36,561,597,325,0,0,36,0.023299011000005976,0.02764486199998828,0.0,0.02764486199998828,0.02842326399996864,0.051722836000010375,Optimal,0,none,14.555710713719561,0,55,100.0,100.0,100.0,2.0,11,7,1,0.6111111111111112,0.9166666666666666,0.7333333333333334,0.8354765472541626,11,7,1,0.6111111111111112,0.9166666666666666,0.7333333333333334,0.8354765472541626,11,7,1,0.6111111111111112,0.9166666666666666,0.7333333333333334,0.8354765472541626,0,2,1,0.0,0.0,0.0,0,4,1,0.0,0.0,0.0
Visual Genome,1159694,18,4,10,0,13,311,26,311,337,170,0,0,26,0.022431288000007044,0.018762424000044575,0.0,0.018762424000044575,0.01927296399998113,0.041704680000009375,Optimal,0,none,11.235788588520888,0,40,100.0,100.0,100.0,2.0,3,10,1,0.23076923076923078,0.75,0.3529411764705882,0.8296596976299591,3,10,1,0.23076923076923078,0.75,0.3529411764705882,0.8296596976299591,3,10,1,0.23076923076923078,0.75,0.3529411764705882,0.8296596976299591,0,0,0,0.0,0.0,0.0,0,0,0,0.0,0.0,0.0
Visual Genome,1159744,41,12,32,0,23,906,46,906,952,530,0,0,46,0.02444415300004721,0.041139244000021336,0.0,0.041139244000021336,0.042242312999974274,0.06668713600004139,Optimal,0,none,20.139875265898247,0,70,100.0,100.0,100.0,2.0,10,13,2,0.43478260869565216,0.8333333333333334,0.5714285714285714,0.8698763170042644,10,13,2,0.43478260869565216,0.8333333333333334,0.5714285714285714,0.8698763170042644,10,13,2,0.43478260869565216,0.8333333333333334,0.5714285714285714,0.8698763170042644,0,0,0,0.0,0.0,0.0,0,0,0,0.0,0.0,0.0
Visual Genome,1159873,5,0,4,0,8,101,16,101,117,65,0,0,16,0.020365034999997533,0.009995242000002236,0.0,0.009995242000002236,0.010260247000019262,0.030625741999983802,Optimal,0,none,6.627297252019249,0,25,100.0,100.0,100.0,2.0,0,8,0,0.0,0.0,0.0,0.0,0,8,0,0.0,0.0,0.0,0.0,0,8,0,0.0,0.0,0.0,0.0,0,0,0,0.0,0.0,0.0,0,0,0,0.0,0.0,0.0
Visual Genome,1159972,34,2,29,0,9,114,18,114,132,82,0,0,18,0.02113137200001347,0.011315495000019382,0.0,0.011315495000019382,0.011599592999971264,0.032731784000020525,Optimal,0,none,7.451251595020297,0,28,100.0,100.0,100.0,2.0,0,9,2,0.0,0.0,0.0,0.0,0,9,2,0.0,0.0,0.0,0.0,0,9,2,0.0,0.0,0.0,0.0,0,0,0,0.0,0.0,0.0,0,0,0,0.0,0.0,0.0
Visual Genome,1159995,19,2,10,0,5,34,10,34,44,26,0,0,10,0.02096514500004787,0.007713324000008015,0.0,0.007713324000008015,0.007893478000028153,0.028859094000040386,Optimal,0,none,4.207706399758658,0,16,100.0,100.0,100.0,2.0,2,3,0,0.4,1.0,0.5714285714285715,0.6924770637989253,2,3,0,0.4,1.0,0.5714285714285715,0.6924770637989253,2,3,0,0.4,1.0,0.5714285714285715,0.6924770637989253,0,0,0,0.0,0.0,0.0,0,0,0,0.0,0.0,0.0
Visual Genome,1160034,11,9,16,0,11,163,22,163,185,120,0,0,22,0.020007999999961612,0.01291042700000844,0.0,0.01291042700000844,0.013252451999960613,0.033260974999961945,Optimal,0,none,8.819616551510263,0,34,100.0,100.0,100.0,2.0,6,5,3,0.5454545454545454,0.6666666666666666,0.6,0.89110472777296,6,5,3,0.5454545454545454,0.6666666666666666,0.6,0.89110472777296,6,5,3,0.5454545454545454,0.6666666666666666,0.6,0.89110472777296,0,0,0,0.0,0.0,0.0,0,0,0,0.0,0.0,0.0
Visual Genome,1591822,35,2,22,0,8,109,16,109,125,65,0,0,16,0.020758171000011316,0.010726723999994192,0.0,0.010726723999994192,0.011011917000018911,0.031770569000002524,Optimal,0,none,6.321787496147637,0,25,100.0,100.0,100.0,2.0,1,7,1,0.125,0.5,0.2,0.6235740313892145,1,7,1,0.125,0.5,0.2,0.6235740313892145,1,7,1,0.125,0.5,0.2,0.6235740313892145,0,0,0,0.0,0.0,0.0,0,0,0,0.0,0.0,0.0
Visual Genome,1591881,31,3,25,0,12,242,24,242,266,145,0,0,24,0.02110030499994764,0.01524232200000597,0.0,0.01524232200000597,0.01569739900003242,0.036798253999961617,Optimal,0,none,10.021616909319018,0,37,100.0,100.0,100.0,2.0,1,11,2,0.08333333333333333,0.3333333333333333,0.13333333333333333,0.6787048330779393,1,11,2,0.08333333333333333,0.3333333333333333,0.13333333333333333,0.6787048330779393,1,11,2,0.08333333333333333,0.3333333333333333,0.13333333333333333,0.6787048330779393,0,0,0,0.0,0.0,0.0,0,0,0,0.0,0.0,0.0
Visual Genome,1592256,29,3,19,0,9,125,18,125,143,82,0,0,18,0.018757387999983166,0.013696389000017462,0.0,0.013696389000017462,0.013995902000033311,0.03275373599996101,Optimal,0,none,7.100584838390353,0,28,100.0,100.0,100.0,2.0,2,7,1,0.2222222222222222,0.6666666666666666,0.3333333333333333,0.8159010489979763,2,7,1,0.2222222222222222,0.6666666666666666,0.3333333333333333,0.8159010489979763,2,7,1,0.2222222222222222,0.6666666666666666,0.3333333333333333,0.8159010489979763,0,0,0,0.0,0.0,0.0,0,0,0,0.0,0.0,0.0
Visual Genome,1592323,51,1,63,0,9,123,18,123,141,82,0,0,18,0.0196686150000005,0.011036378999961016,0.0,0.011036378999961016,0.011348699999985001,0.031017809999980273,Optimal,0,none,7.7466627407074,0,28,100.0,100.0,100.0,2.0,1,8,0,0.1111111111111111,1.0,0.19999999999999998,0.776802185012198,1,8,0,0.1111111111111111,1.0,0.19999999999999998,0.776802185012198,1,8,0,0.1111111111111111,1.0,0.19999999999999998,0.776802185012198,0,0,0,0.0,0.0,0.0,0,0,0,0.0,0.0,0.0
Visual Genome,1592611,40,0,27,0,1,0,2,0,2,1,0,0,2,0.019897370000023784,0.006491680000010547,0.0,0.006491680000010547,0.006559095999989495,0.026456928000015978,Optimal,0,none,0.6021134773890178,0,2,100.0,100.0,100.0,2.0,0,1,0,0.0,0.0,0.0,0.0,0,1,0,0.0,0.0,0.0,0.0,0,1,0,0.0,0.0,0.0,0.0,0,0,0,0.0,0.0,0.0,0,0,0,0.0,0.0,0.0
Visual Genome,1592779,18,0,3,0,1,0,2,0,2,1,0,0,2,0.027282065000008515,0.006089595999981157,0.0,0.006089595999981157,0.006160432999990917,0.03344296000000213,Optimal,0,none,0.6368072907129924,0,2,100.0,100.0,100.0,2.0,0,1,0,0.0,0.0,0.0,0.0,0,1,0,0.0,0.0,0.0,0.0,0,1,0,0.0,0.0,0.0,0.0,0,0,0,0.0,0.0,0.0,0,0,0,0.0,0.0,0.0
Visual Genome,1592852,19,0,18,0,2,3,4,3,7,5,0,0,4,0.02129235699999299,0.007555213999978605,0.0,0.007555213999978605,0.007690986999989491,0.028983768000045984,Optimal,0,none,1.5564013036092126,0,5,100.0,100.0,100.0,2.0,0,2,0,0.0,0.0,0.0,0.0,0,2,0,0.0,0.0,0.0,0.0,0,2,0,0.0,0.0,0.0,0.0,0,0,0,0.0,0.0,0.0,0,0,0,0.0,0.0,0.0
Visual Genome,1592930,31,5,25,0,13,310,26,310,336,170,0,0,26,0.021556244999999308,0.017155800000011823,0.0,0.017155800000011823,0.017616390000000592,0.039173218999962955,Optimal,0,none,10.16419013471176,0,40,100.0,100.0,100.0,2.0,2,11,3,0.15384615384615385,0.4,0.2222222222222222,0.6453768870996018,2,11,3,0.15384615384615385,0.4,0.2222222222222222,0.6453768870996018,2,11,3,0.15384615384615385,0.4,0.2222222222222222,0.6453768870996018,0,0,0,0.0,0.0,0.0,0,0,0,0.0,0.0,0.0
Visual Genome,1593021,24,4,27,0,19,602,38,602,640,362,0,0,38,0.022623508999970454,0.028463014999999814,0.0,0.028463014999999814,0.02926817200000187,0.05189225300000544,Optimal,0,none,15.99663134711258,0,58,100.0,100.0,100.0,2.0,4,15,0,0.21052631578947367,1.0,0.34782608695652173,0.8217650179857863,4,15,0,0.21052631578947367,1.0,0.34782608695652173,0.8217650179857863,4,15,0,0.21052631578947367,1.0,0.34782608695652173,0.8217650179857863,0,0,0,0.0,0.0,0.0,0,0,0,0.0,0.0,0.0
Visual Genome,1593068,19,1,14,0,11,200,22,200,222,122,0,0,22,0.019943478000016057,0.015210825000053774,0.0,0.015210825000053774,0.01565047299999378,0.035594769999988785,Optimal,0,none,8.579836629207195,0,34,100.0,100.0,100.0,2.0,1,10,0,0.09090909090909091,1.0,0.16666666666666669,0.8701733024820818,1,10,0,0.09090909090909091,1.0,0.16666666666666669,0.8701733024820818,1,10,0,0.09090909090909091,1.0,0.16666666666666669,0.8701733024820818,0,0,0,0.0,0.0,0.0,0,0,0,0.0,0.0,0.0
Visual Genome,1593241,43,3,36,0,3,10,6,10,16,10,0,0,6,0.020742041999994854,0.00735948199996983,0.0,0.00735948199996983,0.007485738000013953,0.028228296999998292,Optimal,0,none,2.631452021598817,0,10,100.0,100.0,100.0,2.0,1,2,2,0.3333333333333333,0.3333333333333333,0.3333333333333333,0.8156696063298604,1,2,2,0.3333333333333333,0.3333333333333333,0.3333333333333333,0.8156696063298604,1,2,2,0.3333333333333333,0.3333333333333333,0.3333333333333333,0.8156696063298604,0,0,0,0.0,0.0,0.0,0,0,0,0.0,0.0,0.0
Visual Genome,1593259,21,0,18,0,4,14,8,14,22,17,0,0,8,0.01920046300000422,0.007723150000003898,0.0,0.007723150000003898,0.00786106599997538,0.027061940000010054,Optimal,0,none,3.4349237934748342,0,13,100.0,100.0,100.0,2.0,0,4,0,0.0,0.0,0.0,0.0,0,4,0,0.0,0.0,0.0,0.0,0,4,0,0.0,0.0,0.0,0.0,0,0,0,0.0,0.0,0.0,0,0,0,0.0,0.0,0.0
Visual Genome,2315399,12,2,7,0,5,30,10,30,40,26,0,0,10,0.012085114999990765,0.007733623999968131,0.0,0.007733623999968131,0.007914274000029309,0.019999980000022788,Optimal,0,none,3.8201230627756178,0,16,100.0,100.0,100.0,2.0,1,4,1,0.2,0.5,0.28571428571428575,0.5988938412361628,1,4,1,0.2,0.5,0.28571428571428575,0.5988938412361628,1,4,1,0.2,0.5,0.28571428571428575,0.5988938412361628,0,0,0,0.0,0.0,0.0,0,0,0,0.0,0.0,0.0
Visual Genome,2315969,22,2,16,0,2,5,4,5,9,5,0,0,4,0.013758667999979934,0.006677230000036616,0.0,0.006677230000036616,0.0067765669999744205,0.02053565599999274,Optimal,0,none,1.3352857025464377,0,5,100.0,100.0,100.0,2.0,1,1,1,0.5,0.5,0.5,0.9220600539057656,1,1,1,0.5,0.5,0.5,0.9220600539057656,1,1,1,0.5,0.5,0.5,0.9220600539057656,0,0,0,0.0,0.0,0.0,0,0,0,0.0,0.0,0.0
Visual Genome,2316439,33,2,27,0,3,14,6,14,20,10,0,0,6,0.014551016999973854,0.007364230999996835,0.0,0.007364230999996835,0.007506105999993906,0.022057641000003514,Optimal,0,none,2.681041651871797,0,10,100.0,100.0,100.0,2.0,2,1,0,0.6666666666666666,1.0,0.8,0.9267288609740352,2,1,0,0.6666666666666666,1.0,0.8,0.9267288609740352,2,1,0,0.6666666666666666,1.0,0.8,0.9267288609740352,0,0,0,0.0,0.0,0.0,0,0,0,0.0,0.0,0.0
Visual Genome,2316445,35,2,34,0,3,8,6,8,14,10,0,0,6,0.014341806000004453,0.006999555999982476,0.0,0.006999555999982476,0.007133050000049934,0.021493320999979915,Optimal,0,none,2.5079620409011847,0,10,100.0,100.0,100.0,2.0,1,2,1,0.3333333333333333,0.5,0.4,0.9618071904725842,1,2,1,0.3333333333333333,0.5,0.4,0.9618071904725842,1,2,1,0.3333333333333333,0.5,0.4,0.9618071904725842,0,0,0,0.0,0.0,0.0,0,0,0,0.0,0.0,0.0
Visual Genome,2316585,21,0,12,0,10,166,20,166,186,101,0,0,20,0.014711984999962624,0.013081136999971932,0.0,0.013081136999971932,0.013415156000007755,0.028127592999965145,Optimal,0,none,7.9500608182496375,0,31,100.0,100.0,100.0,2.0,0,10,0,0.0,0.0,0.0,0.0,0,10,0,0.0,0.0,0.0,0.0,0,10,0,0.0,0.0,0.0,0.0,0,0,0,0.0,0.0,0.0,0,0,0,0.0,0.0,0.0
Visual Genome,2316628,25,2,36,0,2,2,4,2,6,5,0,0,4,0.013377972999990106,0.006573551000030875,0.0,0.006573551000030875,0.006668766000018422,0.02004720500002577,Optimal,0,none,1.4710322650273642,0,5,100.0,100.0,100.0,2.0,1,1,1,0.5,0.5,0.5,0.8945761929588115,1,1,1,0.5,0.5,0.5,0.8945761929588115,1,1,1,0.5,0.5,0.5,0.8945761929588115,0,0,0,0.0,0.0,0.0,0,0,0,0.0,0.0,0.0
Visual Genome,2316897,15,1,21,0,1,0,2,0,2,1,0,0,2,0.014157769000007647,0.006284617999995135,0.0,0.006284617999995135,0.006355644999985088,0.020513834000041697,Optimal,0,none,0.5468794743220011,0,2,100.0,100.0,100.0,2.0,0,1,1,0.0,0.0,0.0,0.0,0,1,1,0.0,0.0,0.0,0.0,0,1,1,0.0,0.0,0.0,0.0,0,0,0,0.0,0.0,0.0,0,0,0,0.0,0.0,0.0
Visual Genome,2317399,34,2,36,0,1,0,2,0,2,1,0,0,2,0.012540850999982922,0.006114471999978832,0.0,0.006114471999978832,0.006186071000001903,0.018727320999971653,Optimal,0,none,0.42590518395106,0,2,100.0,100.0,100.0,2.0,1,0,1,1.0,0.5,0.6666666666666666,0.653543668096767,1,0,1,1.0,0.5,0.6666666666666666,0.653543668096767,1,0,1,1.0,0.5,0.6666666666666666,0.653543668096767,0,0,0,0.0,0.0,0.0,0,0,0,0.0,0.0,0.0
Visual Genome,2317578,14,0,9,0,17,523,34,523,557,290,0,0,34,0.017057622000038464,0.030069480000008753,0.0,0.030069480000008753,0.030768128000033812,0.047826234000012846,Optimal,0,none,13.523255986012026,0,52,100.0,100.0,100.0,2.0,0,17,0,0.0,0.0,0.0,0.0,0,17,0,0.0,0.0,0.0,0.0,0,17,0,0.0,0.0,0.0,0.0,0,0,0,0.0,0.0,0.0,0,0,0,0.0,0.0,0.0
Visual Genome,2318115,26,3,22,0,2,4,4,4,8,5,0,0,4,0.013312816999984989,0.006786034000015206,0.0,0.006786034000015206,0.006925756999976329,0.020239092999986497,Optimal,0,none,1.1838766368230185,0,5,100.0,100.0,100.0,2.0,0,2,3,0.0,0.0,0.0,0.5385246586041468,0,2,3,0.0,0.0,0.0,0.5385246586041468,0,2,3,0.0,0.0,0.0,0.5385246586041468,0,0,0,0.0,0.0,0.0,0,0,0,0.0,0.0,0.0
Visual Genome,2318369,25,1,19,0,2,4,4,4,8,5,0,0,4,0.013674564999973882,0.006523613000013029,0.0,0.006523613000013029,0.006620420999979615,0.02029555699999719,Optimal,0,none,1.471520951588949,0,5,100.0,100.0,100.0,2.0,0,2,1,0.0,0.0,0.0,0.0,0,2,1,0.0,0.0,0.0,0.0,0,2,1,0.0,0.0,0.0,0.0,0,0,0,0.0,0.0,0.0,0,0,0,0.0,0.0,0.0
Visual Genome,2318440,45,7,22,0,18,518,36,518,554,325,0,0,36,0.01703821199998856,0.025888193000014326,0.0,0.025888193000014326,0.026593020000007073,0.04363173100000495,Optimal,0,none,14.632175454657654,0,55,100.0,100.0,100.0,2.0,7,11,0,0.3888888888888889,1.0,0.56,0.8341131472950086,7,11,0,0.3888888888888889,1.0,0.56,0.8341131472950086,7,11,0,0.3888888888888889,1.0,0.56,0.8341131472950086,0,0,0,0.0,0.0,0.0,0,0,0,0.0,0.0,0.0
Visual Genome,2318496,24,3,16,0,1,0,2,0,2,1,0,0,2,0.013493116999995891,0.006110759000023336,0.0,0.006110759000023336,0.006177563999983704,0.019671085999959814,Optimal,0,none,0.6368696371714274,0,2,100.0,100.0,100.0,2.0,1,0,2,1.0,0.3333333333333333,0.5,0.9727585314413646,1,0,2,1.0,0.3333333333333333,0.5,0.9727585314413646,1,0,2,1.0,0.3333333333333333,0.5,0.9727585314413646,0,0,0,0.0,0.0,0.0,0,0,0,0.0,0.0,0.0
Visual Genome,2318583,31,1,19,0,5,42,10,42,52,26,0,0,10,0.01267869499997687,0.008249950999982048,0.0,0.008249950999982048,0.008426439000004393,0.021105552999983956,Optimal,0,none,3.894055663233259,0,16,100.0,100.0,100.0,2.0,0,5,1,0.0,0.0,0.0,0.0,0,5,1,0.0,0.0,0.0,0.0,0,5,1,0.0,0.0,0.0,0.0,0,0,0,0.0,0.0,0.0,0,0,0,0.0,0.0,0.0
Visual Genome,2318913,20,1,22,0,4,21,8,21,29,17,0,0,8,0.012864200000024084,0.008240580000006048,0.0,0.008240580000006048,0.008395491999976912,0.021260213000005024,Optimal,0,none,3.2049075663031403,0,13,100.0,100.0,100.0,2.0,1,3,0,0.25,1.0,0.4,0.8794220349310278,1,3,0,0.25,1.0,0.4,0.8794220349310278,1,3,0,0.25,1.0,0.4,0.8794220349310278,0,0,0,0.0,0.0,0.0,0,0,0,0.0,0.0,0.0
Visual Genome,2318942,38,0,26,0,1,0,2,0,2,1,0,0,2,0.014871025999980247,0.0062965360000362125,0.0,0.0062965360000362125,0.006368446000010408,0.021239985000022443,Optimal,0,none,0.5936402241388956,0,2,100.0,100.0,100.0,2.0,0,1,0,0.0,0.0,0.0,0.0,0,1,0,0.0,0.0,0.0,0.0,0,1,0,0.0,0.0,0.0,0.0,0,0,0,0.0,0.0,0.0,0,0,0,0.0,0.0,0.0
Visual Genome,2319079,13,0,19,0,1,0,2,0,2,1,0,0,2,0.05546332199998005,0.0064092669999809004,0.0,0.0064092669999809004,0.006477824000000965,0.061941595999996935,Optimal,0,none,0.624840752283732,0,2,100.0,100.0,100.0,2.0,0,1,0,0.0,0.0,0.0,0.0,0,1,0,0.0,0.0,0.0,0.0,0,1,0,0.0,0.0,0.0,0.0,0,0,0,0.0,0.0,0.0,0,0,0,0.0,0.0,0.0
Visual Genome,2319149,15,0,9,0,1,0,2,0,2,1,0,0,2,0.015664459999982228,0.006161357999985739,0.0,0.006161357999985739,0.006229851999989933,0.021894803999998658,Optimal,0,none,0.5748338381449382,0,2,100.0,100.0,100.0,2.0,0,1,0,0.0,0.0,0.0,0.0,0,1,0,0.0,0.0,0.0,0.0,0,1,0,0.0,0.0,0.0,0.0,0,0,0,0.0,0.0,0.0,0,0,0,0.0,0.0,0.0
Visual Genome,2319501,35,0,32,0,3,8,6,8,14,10,0,0,6,0.014528757000050518,0.007751939000002039,0.0,0.007751939000002039,0.00788864100002229,0.022417944000039824,Optimal,0,none,2.293679914474488,0,10,100.0,100.0,100.0,2.0,0,3,0,0.0,0.0,0.0,0.0,0,3,0,0.0,0.0,0.0,0.0,0,3,0,0.0,0.0,0.0,0.0,0,0,0,0.0,0.0,0.0,0,0,0,0.0,0.0,0.0
Visual Genome,2319669,46,6,56,0,9,131,18,131,149,82,0,0,18,0.016115350000006856,0.011914397999987614,0.0,0.011914397999987614,0.012226661999989119,0.028342484000006607,Optimal,0,none,7.2734933963700525,0,28,100.0,100.0,100.0,2.0,2,7,4,0.2222222222222222,0.3333333333333333,0.26666666666666666,0.9062500736351848,2,7,4,0.2222222222222222,0.3333333333333333,0.26666666666666666,0.9062500736351848,2,7,4,0.2222222222222222,0.3333333333333333,0.26666666666666666,0.9062500736351848,0,0,0,0.0,0.0,0.0,0,0,0,0.0,0.0,0.0
Visual Genome,2319710,18,0,37,0,1,0,2,0,2,1,0,0,2,0.012528603000021121,0.00680952499999421,0.0,0.00680952499999421,0.006881139999961761,0.019410161999985576,Optimal,0,none,0.6129119078318278,0,2,100.0,100.0,100.0,2.0,0,1,0,0.0,0.0,0.0,0.0,0,1,0,0.0,0.0,0.0,0.0,0,1,0,0.0,0.0,0.0,0.0,0,0,0,0.0,0.0,0.0,0,0,0,0.0,0.0,0.0
Visual Genome,2320251,17,3,15,0,6,52,12,52,64,37,0,0,12,0.014199541000039062,0.008919757000001027,0.0,0.008919757000001027,0.009124616000008245,0.023324510000009013,Optimal,0,none,5.107084100922951,0,19,100.0,100.0,100.0,2.0,3,3,0,0.5,1.0,0.6666666666666666,0.846949519283982,3,3,0,0.5,1.0,0.6666666666666666,0.846949519283982,3,3,0,0.5,1.0,0.6666666666666666,0.846949519283982,0,0,0,0.0,0.0,0.0,0,0,0,0.0,0.0,0.0
Visual Genome,2320648,25,0,13,0,4,24,8,24,32,17,0,0,8,0.012437892999969336,0.007171142999993663,0.0,0.007171142999993663,0.0073167319999924985,0.01975519100000156,Optimal,0,none,3.24318946282069,0,13,100.0,100.0,100.0,2.0,0,4,0,0.0,0.0,0.0,0.0,0,4,0,0.0,0.0,0.0,0.0,0,4,0,0.0,0.0,0.0,0.0,0,0,0,0.0,0.0,0.0,0,0,0,0.0,0.0,0.0
Visual Genome,2320698,33,1,21,0,17,505,34,505,539,290,0,0,34,0.01706629199998133,0.030116716999998516,0.0,0.030116716999998516,0.030851192000000083,0.04791790299998411,Optimal,0,none,13.233295024012325,0,52,100.0,100.0,100.0,2.0,1,16,0,0.058823529411764705,1.0,0.1111111111111111,0.5606073482804698,1,16,0,0.058823529411764705,1.0,0.1111111111111111,0.5606073482804698,1,16,0,0.058823529411764705,1.0,0.1111111111111111,0.5606073482804698,0,0,0,0.0,0.0,0.0,0,0,0,0.0,0.0,0.0
Visual Genome,2320927,8,0,3,0,1,0,2,0,2,1,0,0,2,0.013581080999983897,0.006166433000032612,0.0,0.006166433000032612,0.0062350259999561786,0.019816548999983752,Optimal,0,none,0.6494154373804728,0,2,100.0,100.0,100.0,2.0,0,1,0,0.0,0.0,0.0,0.0,0,1,0,0.0,0.0,0.0,0.0,0,1,0,0.0,0.0,0.0,0.0,0,0,0,0.0,0.0,0.0,0,0,0,0.0,0.0,0.0
Visual Genome,2320957,46,2,28,0,18,567,36,567,603,325,0,0,36,0.01643243099999836,0.028376494999974966,0.0,0.028376494999974966,0.02914954499999567,0.04558249699999806,Optimal,0,none,14.865171803764241,0,55,100.0,100.0,100.0,2.0,2,16,0,0.1111111111111111,1.0,0.19999999999999998,0.7217771505586337,2,16,0,0.1111111111111111,1.0,0.19999999999999998,0.7217771505586337,2,16,0,0.1111111111111111,1.0,0.19999999999999998,0.7217771505586337,0,0,0,0.0,0.0,0.0,0,0,0,0.0,0.0,0.0
Visual Genome,2321001,13,1,37,0,3,10,6,10,16,10,0,0,6,0.013930859000026885,0.007146583000007922,0.0,0.007146583000007922,0.007272328999988531,0.021203595000031328,Optimal,0,none,2.519432327747346,0,10,100.0,100.0,100.0,2.0,1,2,0,0.3333333333333333,1.0,0.5,0.9754633261690219,1,2,0,0.3333333333333333,1.0,0.5,0.9754633261690219,1,2,0,0.3333333333333333,1.0,0.5,0.9754633261690219,0,0,0,0.0,0.0,0.0,0,0,0,0.0,0.0,0.0
Visual Genome,2321381,27,1,14,0,2,2,4,2,6,5,0,0,4,0.012310799000033512,0.006511927000019568,0.0,0.006511927000019568,0.006608430999961001,0.01891966499999853,Optimal,0,none,1.414297712643941,0,5,100.0,100.0,100.0,2.0,0,2,1,0.0,0.0,0.0,0.0,0,2,1,0.0,0.0,0.0,0.0,0,2,1,0.0,0.0,0.0,0.0,0,0,0,0.0,0.0,0.0,0,0,0,0.0,0.0,0.0
Visual Genome,2322129,22,2,23,0,3,10,6,10,16,10,0,0,6,0.05452144500003442,0.00769152700001996,0.0,0.00769152700001996,0.00784421499997734,0.06236625400003959,Optimal,0,none,2.588338155746461,0,10,100.0,100.0,100.0,2.0,1,2,1,0.3333333333333333,0.5,0.4,0.9178453088764963,1,2,1,0.3333333333333333,0.5,0.4,0.9178453088764963,1,2,1,0.3333333333333333,0.5,0.4,0.9178453088764963,0,0,0,0.0,0.0,0.0,0,0,0,0.0,0.0,0.0
Visual Genome,2322284,20,0,12,0,2,2,4,2,6,5,0,0,4,0.014683394000030603,0.006269911999993383,0.0,0.006269911999993383,0.006362842999976692,0.021046687000023212,Optimal,0,none,1.357858851750692,0,5,100.0,100.0,100.0,2.0,0,2,0,0.0,0.0,0.0,0.0,0,2,0,0.0,0.0,0.0,0.0,0,2,0,0.0,0.0,0.0,0.0,0,0,0,0.0,0.0,0.0,0,0,0,0.0,0.0,0.0
Visual Genome,2322814,33,1,36,0,1,0,2,0,2,1,0,0,2,0.015089891000002353,0.006496695000009822,0.0,0.006496695000009822,0.006585657000016454,0.02167607000001226,Optimal,0,none,0.5520261208216349,0,2,100.0,100.0,100.0,2.0,0,1,1,0.0,0.0,0.0,0.9343860740934696,0,1,1,0.0,0.0,0.0,0.9343860740934696,0,1,1,0.0,0.0,0.0,0.9343860740934696,0,0,0,0.0,0.0,0.0,0,0,0,0.0,0.0,0.0
Visual Genome,2322943,13,0,18,0,3,12,6,12,18,10,0,0,6,0.014557525999975951,0.006660095999961868,0.0,0.006660095999961868,0.006781399000033161,0.021339338999950996,Optimal,0,none,2.5556212282180795,0,10,100.0,100.0,100.0,2.0,0,3,0,0.0,0.0,0.0,0.0,0,3,0,0.0,0.0,0.0,0.0,0,3,0,0.0,0.0,0.0,0.0,0,0,0,0.0,0.0,0.0,0,0,0,0.0,0.0,0.0
Visual Genome,2323305,9,0,1,0,1,0,2,0,2,1,0,0,2,0.014018404000012197,0.006585632999986046,0.0,0.006585632999986046,0.00665838099996563,0.0206773680000083,Optimal,0,none,0.3908850351969401,0,2,100.0,100.0,100.0,2.0,0,1,0,0.0,0.0,0.0,0.0,0,1,0,0.0,0.0,0.0,0.0,0,1,0,0.0,0.0,0.0,0.0,0,0,0,0.0,0.0,0.0,0,0,0,0.0,0.0,0.0
Visual Genome,2323847,19,2,41,0,10,162,20,162,182,101,0,0,20,0.013579667999977119,0.013236618999997063,0.0,0.013236618999997063,0.01357420900001216,0.02715440600002239,Optimal,0,none,8.255503639079985,0,31,100.0,100.0,100.0,2.0,2,8,0,0.2,1.0,0.33333333333333337,0.9033838555081262,2,8,0,0.2,1.0,0.33333333333333337,0.9033838555081262,2,8,0,0.2,1.0,0.33333333333333337,0.9033838555081262,0,0,0,0.0,0.0,0.0,0,0,0,0.0,0.0,0.0
Visual Genome,2324675,12,1,12,0,6,58,12,58,70,37,0,0,12,0.013882356999999956,0.010067398999979105,0.0,0.010067398999979105,0.010279972000034832,0.024162777000015012,Optimal,0,none,4.852659482607508,0,19,100.0,100.0,100.0,2.0,1,5,0,0.16666666666666666,1.0,0.2857142857142857,0.9585482759962924,1,5,0,0.16666666666666666,1.0,0.2857142857142857,0.9585482759962924,1,5,0,0.16666666666666666,1.0,0.2857142857142857,0.9585482759962924,0,0,0,0.0,0.0,0.0,0,0,0,0.0,0.0,0.0
Visual Genome,2324842,36,4,27,0,6,50,12,50,62,37,0,0,12,0.015474678000032327,0.008883105999984764,0.0,0.008883105999984764,0.009083524000004672,0.02455891500000007,Optimal,0,none,5.247487695217134,0,19,100.0,100.0,100.0,2.0,4,2,0,0.6666666666666666,1.0,0.8,0.9047986782062509,4,2,0,0.6666666666666666,1.0,0.8,0.9047986782062509,4,2,0,0.6666666666666666,1.0,0.8,0.9047986782062509,0,0,0,0.0,0.0,0.0,0,0,0,0.0,0.0,0.0
Visual Genome,2324854,17,1,24,0,6,57,12,57,69,37,0,0,12,0.014665596999975605,0.008691784999996344,0.0,0.008691784999996344,0.008918767000011485,0.023584885999980543,Optimal,0,none,4.7602282047271745,0,19,100.0,100.0,100.0,2.0,0,6,1,0.0,0.0,0.0,0.0,0,6,1,0.0,0.0,0.0,0.0,0,6,1,0.0,0.0,0.0,0.0,0,0,0,0.0,0.0,0.0,0,0,0,0.0,0.0,0.0
Visual Genome,2324932,34,2,27,0,18,574,36,574,610,325,0,0,36,0.016534194999962892,0.02845543500001213,0.0,0.02845543500001213,0.029221019000033266,0.04575564399999621,Optimal,0,none,13.937866180842018,0,55,100.0,100.0,100.0,2.0,1,17,1,0.05555555555555555,0.5,0.09999999999999999,0.6485480486290633,1,17,1,0.05555555555555555,0.5,0.09999999999999999,0.6485480486290633,1,17,1,0.05555555555555555,0.5,0.09999999999999999,0.6485480486290633,0,0,0,0.0,0.0,0.0,0,0,0,0.0,0.0,0.0
Visual Genome,2325308,43,0,48,0,4,34,8,34,42,17,0,0,8,0.013671432000023742,0.009293189000004531,0.0,0.009293189000004531,0.009492168000008405,0.02316411600003221,Optimal,0,none,3.4854282394312923,0,13,100.0,100.0,100.0,2.0,0,4,0,0.0,0.0,0.0,0.0,0,4,0,0.0,0.0,0.0,0.0,0,4,0,0.0,0.0,0.0,0.0,0,0,0,0.0,0.0,0.0,0,0,0,0.0,0.0,0.0
Visual Genome,2326698,24,8,8,0,1,0,2,0,2,1,0,0,2,0.013810765000016545,0.006627226999967206,0.0,0.006627226999967206,0.006736481000018557,0.020547738000004756,Optimal,0,none,0.6206393639246623,0,2,100.0,100.0,100.0,2.0,0,1,8,0.0,0.0,0.0,0.0,0,1,8,0.0,0.0,0.0,0.0,0,1,8,0.0,0.0,0.0,0.0,0,0,0,0.0,0.0,0.0,0,0,0,0.0,0.0,0.0
Visual Genome,2326699,20,6,7,0,2,4,4,4,8,5,0,0,4,0.01373038099995938,0.0063941810000187616,0.0,0.0063941810000187616,0.006489804000011645,0.02022060399997372,Optimal,0,none,1.4001966150601706,0,5,100.0,100.0,100.0,2.0,2,0,4,1.0,0.3333333333333333,0.5,0.9313888542796381,2,0,4,1.0,0.3333333333333333,0.5,0.9313888542796381,2,0,4,1.0,0.3333333333333333,0.5,0.9313888542796381,0,0,0,0.0,0.0,0.0,0,0,0,0.0,0.0,0.0
Visual Genome,2326969,30,2,26,0,2,2,4,2,6,5,0,0,4,0.015130440000007184,0.007376080000028651,0.0,0.007376080000028651,0.0075104489999944235,0.02264150099995277,Optimal,0,none,1.2692853363355003,0,5,100.0,100.0,100.0,2.0,1,1,1,0.5,0.5,0.5,0.7977640374410985,1,1,1,0.5,0.5,0.5,0.7977640374410985,1,1,1,0.5,0.5,0.5,0.7977640374410985,0,0,0,0.0,0.0,0.0,0,0,0,0.0,0.0,0.0
Visual Genome,2327066,14,0,6,0,2,5,4,5,9,5,0,0,4,0.01321409100000892,0.006270575999963057,0.0,0.006270575999963057,0.00637069699996573,0.019585245000030227,Optimal,0,none,1.373117569287618,0,5,100.0,100.0,100.0,2.0,0,2,0,0.0,0.0,0.0,0.0,0,2,0,0.0,0.0,0.0,0.0,0,2,0,0.0,0.0,0.0,0.0,0,0,0,0.0,0.0,0.0,0,0,0,0.0,0.0,0.0
Visual Genome,2327344,19,2,11,0,4,23,8,23,31,17,0,0,8,0.013628388999961771,0.007635045999961676,0.0,0.007635045999961676,0.007783715999948981,0.021412629999986166,Optimal,0,none,3.266570223967235,0,13,100.0,100.0,100.0,2.0,2,2,0,0.5,1.0,0.6666666666666666,0.8164031548649267,2,2,0,0.5,1.0,0.6666666666666666,0.8164031548649267,2,2,0,0.5,1.0,0.6666666666666666,0.8164031548649267,0,0,0,0.0,0.0,0.0,0,0,0,0.0,0.0,0.0
Visual Genome,2327444,25,3,27,1,2,4,4,4,8,5,0,0,4,0.012950410999962969,0.006647176999990734,0.0,0.006647176999990734,0.00678375400002551,0.019734616999983245,Optimal,0,none,1.2454339536031087,0,5,100.0,100.0,100.0,2.0,0,2,3,0.0,0.0,0.0,0.9245800110095818,0,2,3,0.0,0.0,0.0,0.9245800110095818,0,2,3,0.0,0.0,0.0,0.9245800110095818,0,0,1,0.0,0.0,0.0,0,0,1,0.0,0.0,0.0
Visual Genome,2327650,14,0,7,0,2,4,4,4,8,5,0,0,4,0.016612043999998605,0.008494865000045593,0.0,0.008494865000045593,0.008611279999968247,0.025223836000009214,Optimal,0,none,1.5797962697347008,0,5,100.0,100.0,100.0,2.0,0,2,0,0.0,0.0,0.0,0.0,0,2,0,0.0,0.0,0.0,0.0,0,2,0,0.0,0.0,0.0,0.0,0,0,0,0.0,0.0,0.0,0,0,0,0.0,0.0,0.0
Visual Genome,2327696,9,1,38,0,4,23,8,23,31,17,0,0,8,0.0140436940000086,0.007601265000005242,0.0,0.007601265000005242,0.007781040999986999,0.021825114000023405,Optimal,0,none,3.4526605335871388,0,13,100.0,100.0,100.0,2.0,0,4,1,0.0,0.0,0.0,0.0,0,4,1,0.0,0.0,0.0,0.0,0,4,1,0.0,0.0,0.0,0.0,0,0,0,0.0,0.0,0.0,0,0,0,0.0,0.0,0.0
Visual Genome,2327918,10,0,15,0,4,24,8,24,32,17,0,0,8,0.014132761999974264,0.007461597000030906,0.0,0.007461597000030906,0.007624507000002723,0.021757821999983662,Optimal,0,none,3.564690109888714,0,13,100.0,100.0,100.0,2.0,0,4,0,0.0,0.0,0.0,0.0,0,4,0,0.0,0.0,0.0,0.0,0,4,0,0.0,0.0,0.0,0.0,0,0,0,0.0,0.0,0.0,0,0,0,0.0,0.0,0.0
Visual Genome,2328070,20,4,12,0,15,389,30,389,419,226,0,0,30,0.01866674000001467,0.021489086999963547,0.0,0.021489086999963547,0.022055047000037575,0.04072229700000207,Optimal,0,none,12.345642237180755,0,46,100.0,100.0,100.0,2.0,2,13,2,0.13333333333333333,0.5,0.2105263157894737,0.6292557789268508,2,13,2,0.13333333333333333,0.5,0.2105263157894737,0.6292557789268508,2,13,2,0.13333333333333333,0.5,0.2105263157894737,0.6292557789268508,0,0,0,0.0,0.0,0.0,0,0,0,0.0,0.0,0.0
Visual Genome,2328175,26,2,11,0,5,40,10,40,50,26,0,0,10,0.015318486000012399,0.008554970000034245,0.0,0.008554970000034245,0.008749368999986018,0.024068561000035515,Optimal,0,none,4.384150787194571,0,16,100.0,100.0,100.0,2.0,2,3,0,0.4,1.0,0.5714285714285715,0.9330003665863946,2,3,0,0.4,1.0,0.5714285714285715,0.9330003665863946,2,3,0,0.4,1.0,0.5714285714285715,0.9330003665863946,0,0,0,0.0,0.0,0.0,0,0,0,0.0,0.0,0.0
Visual Genome,2328345,9,0,23,0,5,32,10,32,42,26,0,0,10,0.01395668600002864,0.0082372240000268,0.0,0.0082372240000268,0.008426783999993859,0.022383834000038405,Optimal,0,none,3.966554582913718,0,16,100.0,100.0,100.0,2.0,0,5,0,0.0,0.0,0.0,0.0,0,5,0,0.0,0.0,0.0,0.0,0,5,0,0.0,0.0,0.0,0.0,0,0,0,0.0,0.0,0.0,0,0,0,0.0,0.0,0.0
Visual Genome,2328417,11,0,8,0,5,34,10,34,44,26,0,0,10,0.014687215999970249,0.008177918000001227,0.0,0.008177918000001227,0.008368027000017264,0.023055731999988893,Optimal,0,none,4.604679210980734,0,16,100.0,100.0,100.0,2.0,0,5,0,0.0,0.0,0.0,0.0,0,5,0,0.0,0.0,0.0,0.0,0,5,0,0.0,0.0,0.0,0.0,0,0,0,0.0,0.0,0.0,0,0,0,0.0,0.0,0.0
Visual Genome,2328583,12,0,5,0,6,47,12,47,59,37,0,0,12,0.01564945100000159,0.009020214000031501,0.0,0.009020214000031501,0.009233845999972345,0.024883767999995143,Optimal,0,none,5.461806821823121,0,19,100.0,100.0,100.0,2.0,0,6,0,0.0,0.0,0.0,0.0,0,6,0,0.0,0.0,0.0,0.0,0,6,0,0.0,0.0,0.0,0.0,0,0,0,0.0,0.0,0.0,0,0,0,0.0,0.0,0.0
Visual Genome,2329266,15,0,16,0,2,4,4,4,8,5,0,0,4,0.013840445999960593,0.006245936000027541,0.0,0.006245936000027541,0.006342824000000746,0.020183712000005016,Optimal,0,none,1.2472136114371772,0,5,100.0,100.0,100.0,2.0,0,2,0,0.0,0.0,0.0,0.0,0,2,0,0.0,0.0,0.0,0.0,0,2,0,0.0,0.0,0.0,0.0,0,0,0,0.0,0.0,0.0,0,0,0,0.0,0.0,0.0
Visual Genome,2330342,23,0,22,0,2,4,4,4,8,5,0,0,4,0.014838694999980362,0.0066834990000188554,0.0,0.0066834990000188554,0.006798387999992883,0.021637556000030145,Optimal,0,none,1.528381470044454,0,5,100.0,100.0,100.0,2.0,0,2,0,0.0,0.0,0.0,0.0,0,2,0,0.0,0.0,0.0,0.0,0,2,0,0.0,0.0,0.0,0.0,0,0,0,0.0,0.0,0.0,0,0,0,0.0,0.0,0.0
Visual Genome,2331047,31,2,28,0,6,48,12,48,60,37,0,0,12,0.013898288999996566,0.00843934499999932,0.0,0.00843934499999932,0.008647194000047875,0.022546028000022034,Optimal,0,none,5.138137443065645,0,19,100.0,100.0,100.0,2.0,1,5,1,0.16666666666666666,0.5,0.25,0.838841774528702,1,5,1,0.16666666666666666,0.5,0.25,0.838841774528702,1,5,1,0.16666666666666666,0.5,0.25,0.838841774528702,0,0,0,0.0,0.0,0.0,0,0,0,0.0,0.0,0.0
Visual Genome,2331383,18,1,10,0,3,13,6,13,19,10,0,0,6,0.014814484999988053,0.007873575000019173,0.0,0.007873575000019173,0.008013153999968381,0.022828139000012015,Optimal,0,none,2.5029084345184582,0,10,100.0,100.0,100.0,2.0,1,2,0,0.3333333333333333,1.0,0.5,0.8839755286819685,1,2,0,0.3333333333333333,1.0,0.5,0.8839755286819685,1,2,0,0.3333333333333333,1.0,0.5,0.8839755286819685,0,0,0,0.0,0.0,0.0,0,0,0,0.0,0.0,0.0
Visual Genome,2331993,36,13,21,0,4,20,8,20,28,17,0,0,8,0.013780697000015607,0.007808444000033887,0.0,0.007808444000033887,0.008005169000000478,0.021786324999993667,Optimal,0,none,3.095568733216313,0,13,100.0,100.0,100.0,2.0,4,0,9,1.0,0.3076923076923077,0.47058823529411764,0.831566404058143,4,0,9,1.0,0.3076923076923077,0.47058823529411764,0.831566404058143,4,0,9,1.0,0.3076923076923077,0.47058823529411764,0.831566404058143,0,0,0,0.0,0.0,0.0,0,0,0,0.0,0.0,0.0
Visual Genome,2332038,22,2,10,0,6,53,12,53,65,37,0,0,12,0.01450187199998254,0.009387010000011742,0.0,0.009387010000011742,0.00959784999997737,0.024100258999965263,Optimal,0,none,4.845242469310762,0,19,100.0,100.0,100.0,2.0,0,6,2,0.0,0.0,0.0,0.0,0,6,2,0.0,0.0,0.0,0.0,0,6,2,0.0,0.0,0.0,0.0,0,0,0,0.0,0.0,0.0,0,0,0,0.0,0.0,0.0
Visual Genome,2332066,17,1,16,0,2,2,4,2,6,5,0,0,4,0.01312762399999201,0.006624405000025035,0.0,0.006624405000025035,0.00676893999997219,0.019897122999964267,Optimal,0,none,1.5453911574681602,0,5,100.0,100.0,100.0,2.0,1,1,0,0.5,1.0,0.6666666666666666,0.9820808154422621,1,1,0,0.5,1.0,0.6666666666666666,0.9820808154422621,1,1,0,0.5,1.0,0.6666666666666666,0.9820808154422621,0,0,0,0.0,0.0,0.0,0,0,0,0.0,0.0,0.0
Visual Genome,2332239,14,0,11,0,5,38,10,38,48,26,0,0,10,0.014321093999967616,0.008823208000023897,0.0,0.008823208000023897,0.009035844999971232,0.023357388999954765,Optimal,0,none,4.265603197613315,0,16,100.0,100.0,100.0,2.0,0,5,0,0.0,0.0,0.0,0.0,0,5,0,0.0,0.0,0.0,0.0,0,5,0,0.0,0.0,0.0,0.0,0,0,0,0.0,0.0,0.0,0,0,0,0.0,0.0,0.0
Visual Genome,2332341,13,2,13,0,2,4,4,4,8,5,0,0,4,0.013896938000016235,0.006518691999986004,0.0,0.006518691999986004,0.006623933000014404,0.020521384000005582,Optimal,0,none,1.5730290921529138,0,5,100.0,100.0,100.0,2.0,2,0,0,1.0,1.0,1.0,0.7473577807689658,2,0,0,1.0,1.0,1.0,0.7473577807689658,2,0,0,1.0,1.0,1.0,0.7473577807689658,0,0,0,0.0,0.0,0.0,0,0,0,0.0,0.0,0.0
Visual Genome,2333282,20,1,19,0,1,0,2,0,2,1,0,0,2,0.014779863000001114,0.006257819999973435,0.0,0.006257819999973435,0.006327622000014799,0.021107889000006708,Optimal,0,none,0.6318252484003704,0,2,100.0,100.0,100.0,2.0,1,0,0,1.0,1.0,1.0,0.8701625090428022,1,0,0,1.0,1.0,1.0,0.8701625090428022,1,0,0,1.0,1.0,1.0,0.8701625090428022,0,0,0,0.0,0.0,0.0,0,0,0,0.0,0.0,0.0
Visual Genome,2333291,25,1,44,0,2,2,4,2,6,5,0,0,4,0.01325500100000454,0.006295419999958085,0.0,0.006295419999958085,0.006406486000003042,0.01966195099998913,Optimal,0,none,1.4427630456288658,0,5,100.0,100.0,100.0,2.0,1,1,0,0.5,1.0,0.6666666666666666,0.9275117816895031,1,1,0,0.5,1.0,0.6666666666666666,0.9275117816895031,1,1,0,0.5,1.0,0.6666666666666666,0.9275117816895031,0,0,0,0.0,0.0,0.0,0,0,0,0.0,0.0,0.0
Visual Genome,2333601,16,0,12,0,1,0,2,0,2,1,0,0,2,0.014087442000004557,0.0064212990000100945,0.0,0.0064212990000100945,0.006492250999997395,0.020580139000003328,Optimal,0,none,0.6201555411020915,0,2,100.0,100.0,100.0,2.0,0,1,0,0.0,0.0,0.0,0.0,0,1,0,0.0,0.0,0.0,0.0,0,1,0,0.0,0.0,0.0,0.0,0,0,0,0.0,0.0,0.0,0,0,0,0.0,0.0,0.0
Visual Genome,2334041,25,4,23,1,7,64,14,64,78,50,0,0,14,0.013728129000014633,0.009752757000001111,0.0,0.009752757000001111,0.00999193299998069,0.023720513000000665,Optimal,0,none,5.351978484789533,0,22,100.0,100.0,100.0,2.0,3,4,1,0.42857142857142855,0.75,0.5454545454545454,0.9094720186826395,3,4,1,0.42857142857142855,0.75,0.5454545454545454,0.9094720186826395,3,4,1,0.42857142857142855,0.75,0.5454545454545454,0.9094720186826395,0,0,1,0.0,0.0,0.0,0,0,1,0.0,0.0,0.0
Visual Genome,2334757,27,1,25,0,4,22,8,22,30,17,0,0,8,0.013287929999989956,0.008257139999955143,0.0,0.008257139999955143,0.008410273999970741,0.02169867800000702,Optimal,0,none,3.3480413166681937,0,13,100.0,100.0,100.0,2.0,0,4,1,0.0,0.0,0.0,0.0,0,4,1,0.0,0.0,0.0,0.0,0,4,1,0.0,0.0,0.0,0.0,0,0,0,0.0,0.0,0.0,0,0,0,0.0,0.0,0.0
Visual Genome,2334959,32,5,36,0,8,91,16,91,107,65,0,0,16,0.014347408000048745,0.009708593999960158,0.0,0.009708593999960158,0.009972333000007438,0.02432024900002716,Optimal,0,none,6.405201225855164,0,25,100.0,100.0,100.0,2.0,1,7,4,0.125,0.2,0.15384615384615385,0.8183981938881679,1,7,4,0.125,0.2,0.15384615384615385,0.8183981938881679,1,7,4,0.125,0.2,0.15384615384615385,0.8183981938881679,0,0,0,0.0,0.0,0.0,0,0,0,0.0,0.0,0.0
Visual Genome,2335066,33,0,31,0,1,0,2,0,2,1,0,0,2,0.01692743699999255,0.006264337999994041,0.0,0.006264337999994041,0.00633587400000124,0.023263749000022926,Optimal,0,none,0.6264131943384806,0,2,100.0,100.0,100.0,2.0,0,1,0,0.0,0.0,0.0,0.0,0,1,0,0.0,0.0,0.0,0.0,0,1,0,0.0,0.0,0.0,0.0,0,0,0,0.0,0.0,0.0,0,0,0,0.0,0.0,0.0
Visual Genome,2335180,14,1,9,0,2,4,4,4,8,5,0,0,4,0.015421527999990303,0.006499932999986413,0.0,0.006499932999986413,0.006600445999993099,0.022022424999988743,Optimal,0,none,1.4899323495229089,0,5,100.0,100.0,100.0,2.0,1,1,0,0.5,1.0,0.6666666666666666,0.9823313923353587,1,1,0,0.5,1.0,0.6666666666666666,0.9823313923353587,1,1,0,0.5,1.0,0.6666666666666666,0.9823313923353587,0,0,0,0.0,0.0,0.0,0,0,0,0.0,0.0,0.0
Visual Genome,2335341,24,0,16,0,1,0,2,0,2,1,0,0,2,0.013196983999989698,0.006272382000020116,0.0,0.006272382000020116,0.006342036000035023,0.019555301000025338,Optimal,0,none,0.6377031485239665,0,2,100.0,100.0,100.0,2.0,0,1,0,0.0,0.0,0.0,0.0,0,1,0,0.0,0.0,0.0,0.0,0,1,0,0.0,0.0,0.0,0.0,0,0,0,0.0,0.0,0.0,0,0,0,0.0,0.0,0.0
Visual Genome,2335407,28,0,47,0,3,16,6,16,22,10,0,0,6,0.014797909999970216,0.007051360999980716,0.0,0.007051360999980716,0.007183938999958173,0.021982376999972075,Optimal,0,none,2.642981991767884,0,10,100.0,100.0,100.0,2.0,0,3,0,0.0,0.0,0.0,0.0,0,3,0,0.0,0.0,0.0,0.0,0,3,0,0.0,0.0,0.0,0.0,0,0,0,0.0,0.0,0.0,0,0,0,0.0,0.0,0.0
Visual Genome,2335564,40,0,29,0,0,0,0,0,0,0,0,0,1,0.013680179000004955,0.0049283760000093935,0.0,0.0049283760000093935,0.00496701600002325,0.01864755700000842,Optimal,0,none,,0,1,100.0,0.0,0.0,0.0,0,0,0,0.0,0.0,0.0,0.0,0,0,0,0.0,0.0,0.0,0.0,0,0,0,0.0,0.0,0.0,0.0,0,0,0,0.0,0.0,0.0,0,0,0,0.0,0.0,0.0
Visual Genome,2335895,29,0,7,0,4,18,8,18,26,17,0,0,8,0.01380892299999914,0.00747299700003623,0.0,0.00747299700003623,0.0076184209999610175,0.02142777700004217,Optimal,0,none,3.4925775973002127,0,13,100.0,100.0,100.0,2.0,0,4,0,0.0,0.0,0.0,0.0,0,4,0,0.0,0.0,0.0,0.0,0,4,0,0.0,0.0,0.0,0.0,0,0,0,0.0,0.0,0.0,0,0,0,0.0,0.0,0.0
Visual Genome,2336031,19,1,12,0,2,2,4,2,6,5,0,0,4,0.014441706999946291,0.006429113000024245,0.0,0.006429113000024245,0.006546712000044863,0.020989099999951577,Optimal,0,none,1.434942425092061,0,5,100.0,100.0,100.0,2.0,0,2,1,0.0,0.0,0.0,0.0,0,2,1,0.0,0.0,0.0,0.0,0,2,1,0.0,0.0,0.0,0.0,0,0,0,0.0,0.0,0.0,0,0,0,0.0,0.0,0.0
Visual Genome,2336123,31,1,22,0,2,5,4,5,9,5,0,0,4,0.012591355999973075,0.008019429000000855,0.0,0.008019429000000855,0.00813548799999353,0.020727428999975928,Optimal,0,none,1.2801354130071574,0,5,100.0,100.0,100.0,2.0,1,1,0,0.5,1.0,0.6666666666666666,0.6670337835386154,1,1,0,0.5,1.0,0.6666666666666666,0.6670337835386154,1,1,0,0.5,1.0,0.6666666666666666,0.6670337835386154,0,0,0,0.0,0.0,0.0,0,0,0,0.0,0.0,0.0
Visual Genome,2336165,9,0,5,0,1,0,2,0,2,1,0,0,2,0.015471795999985716,0.006342236000023149,0.0,0.006342236000023149,0.006414617000018552,0.02188689700000168,Optimal,0,none,0.6070181528727214,0,2,100.0,100.0,100.0,2.0,0,1,0,0.0,0.0,0.0,0.0,0,1,0,0.0,0.0,0.0,0.0,0,1,0,0.0,0.0,0.0,0.0,0,0,0,0.0,0.0,0.0,0,0,0,0.0,0.0,0.0
Visual Genome,2336245,28,10,26,3,15,407,30,407,437,226,0,0,30,0.016537763999963317,0.02145245999997769,0.0,0.02145245999997769,0.022116902999982813,0.038655257999948844,Optimal,0,none,12.165529659913716,0,46,100.0,100.0,100.0,2.0,8,7,2,0.5333333333333333,0.8,0.64,0.9039653201663661,8,7,2,0.5333333333333333,0.8,0.64,0.9039653201663661,8,7,2,0.5333333333333333,0.8,0.64,0.9039653201663661,0,5,3,0.0,0.0,0.0,0,8,3,0.0,0.0,0.0
Visual Genome,2336275,17,3,8,0,2,2,4,2,6,5,0,0,4,0.013109330000020236,0.006623950999994577,0.0,0.006623950999994577,0.006722383999999693,0.019832226999994873,Optimal,0,none,1.282959378560384,0,5,100.0,100.0,100.0,2.0,2,0,1,1.0,0.6666666666666666,0.8,0.8327867288425702,2,0,1,1.0,0.6666666666666666,0.8,0.8327867288425702,2,0,1,1.0,0.6666666666666666,0.8,0.8327867288425702,0,0,0,0.0,0.0,0.0,0,0,0,0.0,0.0,0.0
Visual Genome,2336668,22,3,23,0,5,37,10,37,47,26,0,0,10,0.014889820999997028,0.008069329999955244,0.0,0.008069329999955244,0.008248832999981914,0.023139141000001473,Optimal,0,none,4.162935133775076,0,16,100.0,100.0,100.0,2.0,1,4,2,0.2,0.3333333333333333,0.25,0.8586068584520259,1,4,2,0.2,0.3333333333333333,0.25,0.8586068584520259,1,4,2,0.2,0.3333333333333333,0.25,0.8586068584520259,0,0,0,0.0,0.0,0.0,0,0,0,0.0,0.0,0.0
Visual Genome,2336871,17,0,15,0,5,38,10,38,48,26,0,0,10,0.014298192000012477,0.00830123299999741,0.0,0.00830123299999741,0.008495759000027192,0.022794524999994792,Optimal,0,none,4.320259292920432,0,16,100.0,100.0,100.0,2.0,0,5,0,0.0,0.0,0.0,0.0,0,5,0,0.0,0.0,0.0,0.0,0,5,0,0.0,0.0,0.0,0.0,0,0,0,0.0,0.0,0.0,0,0,0,0.0,0.0,0.0
Visual Genome,2337319,19,2,18,0,4,18,8,18,26,17,0,0,8,0.014427953999984311,0.007502784999985579,0.0,0.007502784999985579,0.007683444000008421,0.02211209899996902,Optimal,0,none,3.4377489034334827,0,13,100.0,100.0,100.0,2.0,1,3,1,0.25,0.5,0.3333333333333333,0.810913491422817,1,3,1,0.25,0.5,0.3333333333333333,0.810913491422817,1,3,1,0.25,0.5,0.3333333333333333,0.810913491422817,0,0,0,0.0,0.0,0.0,0,0,0,0.0,0.0,0.0
Visual Genome,2337466,9,1,8,0,3,13,6,13,19,10,0,0,6,0.01629865899997185,0.00704865500000551,0.0,0.00704865500000551,0.007179949000033048,0.023479076000000987,Optimal,0,none,2.5324604264771735,0,10,100.0,100.0,100.0,2.0,0,3,1,0.0,0.0,0.0,0.0,0,3,1,0.0,0.0,0.0,0.0,0,3,1,0.0,0.0,0.0,0.0,0,0,0,0.0,0.0,0.0,0,0,0,0.0,0.0,0.0
Visual Genome,2337482,27,0,2,0,9,136,18,136,154,82,0,0,18,0.014943778999963797,0.011543136000000231,0.0,0.011543136000000231,0.011915213000008862,0.0268595499999833,Optimal,0,none,6.924873476573905,0,28,100.0,100.0,100.0,2.0,0,9,0,0.0,0.0,0.0,0.0,0,9,0,0.0,0.0,0.0,0.0,0,9,0,0.0,0.0,0.0,0.0,0,0,0,0.0,0.0,0.0,0,0,0,0.0,0.0,0.0
Visual Genome,2337637,15,2,4,0,6,62,12,62,74,37,0,0,12,0.014949747000002844,0.009524415999976554,0.0,0.009524415999976554,0.009765614000002643,0.02471579699999893,Optimal,0,none,5.06196233034134,0,19,100.0,100.0,100.0,2.0,2,4,0,0.3333333333333333,1.0,0.5,0.9674484975568464,2,4,0,0.3333333333333333,1.0,0.5,0.9674484975568464,2,4,0,0.3333333333333333,1.0,0.5,0.9674484975568464,0,0,0,0.0,0.0,0.0,0,0,0,0.0,0.0,0.0
Visual Genome,2338009,25,1,34,0,1,0,2,0,2,1,0,0,2,0.012964669999973921,0.0059369989999709105,0.0,0.0059369989999709105,0.006004388000008021,0.018969816999970135,Optimal,0,none,0.5479696194330852,0,2,100.0,100.0,100.0,2.0,1,0,0,1.0,1.0,1.0,0.8753635533747561,1,0,0,1.0,1.0,1.0,0.8753635533747561,1,0,0,1.0,1.0,1.0,0.8753635533747561,0,0,0,0.0,0.0,0.0,0,0,0,0.0,0.0,0.0
Visual Genome,2338027,44,1,20,0,12,238,24,238,262,145,0,0,24,0.014345234000018081,0.01668253499997263,0.0,0.01668253499997263,0.01724815900001886,0.03159398100001454,Optimal,0,none,9.813193308979137,0,37,100.0,100.0,100.0,2.0,1,11,0,0.08333333333333333,1.0,0.15384615384615385,0.5402556754337245,1,11,0,0.08333333333333333,1.0,0.15384615384615385,0.5402556754337245,1,11,0,0.08333333333333333,1.0,0.15384615384615385,0.5402556754337245,0,0,0,0.0,0.0,0.0,0,0,0,0.0,0.0,0.0
Visual Genome,2338369,28,4,33,0,4,20,8,20,28,17,0,0,8,0.013777730000015254,0.007422887000018363,0.0,0.007422887000018363,0.007574786000020595,0.021352965000005497,Optimal,0,none,3.4021742669741326,0,13,100.0,100.0,100.0,2.0,2,2,2,0.5,0.5,0.5,0.747684714291541,2,2,2,0.5,0.5,0.5,0.747684714291541,2,2,2,0.5,0.5,0.5,0.747684714291541,0,0,0,0.0,0.0,0.0,0,0,0,0.0,0.0,0.0
Visual Genome,2338540,31,0,8,0,3,8,6,8,14,10,0,0,6,0.01317037500001561,0.00678091399998948,0.0,0.00678091399998948,0.006916476000014882,0.020087412999998833,Optimal,0,none,2.4333437032949745,0,10,100.0,100.0,100.0,2.0,0,3,0,0.0,0.0,0.0,0.0,0,3,0,0.0,0.0,0.0,0.0,0,3,0,0.0,0.0,0.0,0.0,0,0,0,0.0,0.0,0.0,0,0,0,0.0,0.0,0.0
Visual Genome,2338778,12,0,3,0,1,0,2,0,2,1,0,0,2,0.01381485199999588,0.0062024290000408655,0.0,0.0062024290000408655,0.006269742999961636,0.020085096999991947,Optimal,0,none,0.6171351353327433,0,2,100.0,100.0,100.0,2.0,0,1,0,0.0,0.0,0.0,0.0,0,1,0,0.0,0.0,0.0,0.0,0,1,0,0.0,0.0,0.0,0.0,0,0,0,0.0,0.0,0.0,0,0,0,0.0,0.0,0.0
Visual Genome,2338877,9,1,3,0,6,63,12,63,75,37,0,0,12,0.014420407999978124,0.009542329999987942,0.0,0.009542329999987942,0.00975864599996612,0.024179566999976032,Optimal,0,none,4.798184540190274,0,19,100.0,100.0,100.0,2.0,1,5,0,0.16666666666666666,1.0,0.2857142857142857,0.7929333296172959,1,5,0,0.16666666666666666,1.0,0.2857142857142857,0.7929333296172959,1,5,0,0.16666666666666666,1.0,0.2857142857142857,0.7929333296172959,0,0,0,0.0,0.0,0.0,0,0,0,0.0,0.0,0.0
Visual Genome,2338982,17,1,4,0,1,0,2,0,2,1,0,0,2,0.013868915999978526,0.006148714999994809,0.0,0.006148714999994809,0.006214981000027819,0.020084672999985287,Optimal,0,none,0.5656678835550943,0,2,100.0,100.0,100.0,2.0,1,0,0,1.0,1.0,1.0,0.9703044428613877,1,0,0,1.0,1.0,1.0,0.9703044428613877,1,0,0,1.0,1.0,1.0,0.9703044428613877,0,0,0,0.0,0.0,0.0,0,0,0,0.0,0.0,0.0
Visual Genome,2339184,17,1,10,0,2,2,4,2,6,5,0,0,4,0.012935180999988916,0.006507987000020421,0.0,0.006507987000020421,0.006611157000008916,0.019546802999968804,Optimal,0,none,1.5247127023425682,0,5,100.0,100.0,100.0,2.0,1,1,0,0.5,1.0,0.6666666666666666,0.8004205914712496,1,1,0,0.5,1.0,0.6666666666666666,0.8004205914712496,1,1,0,0.5,1.0,0.6666666666666666,0.8004205914712496,0,0,0,0.0,0.0,0.0,0,0,0,0.0,0.0,0.0
Visual Genome,2339493,13,1,8,0,2,4,4,4,8,5,0,0,4,0.012342457999977796,0.006292588999997406,0.0,0.006292588999997406,0.006390964999980042,0.018733789000009438,Optimal,0,none,1.3665192874272667,0,5,100.0,100.0,100.0,2.0,1,1,0,0.5,1.0,0.6666666666666666,0.516079914019872,1,1,0,0.5,1.0,0.6666666666666666,0.516079914019872,1,1,0,0.5,1.0,0.6666666666666666,0.516079914019872,0,0,0,0.0,0.0,0.0,0,0,0,0.0,0.0,0.0
Visual Genome,2339752,24,0,33,0,5,36,10,36,46,26,0,0,10,0.013160802000015792,0.008171031000017592,0.0,0.008171031000017592,0.0083420990000036,0.02150329200003398,Optimal,0,none,4.276814194520316,0,16,100.0,100.0,100.0,2.0,0,5,0,0.0,0.0,0.0,0.0,0,5,0,0.0,0.0,0.0,0.0,0,5,0,0.0,0.0,0.0,0.0,0,0,0,0.0,0.0,0.0,0,0,0,0.0,0.0,0.0
Visual Genome,2339763,23,0,13,0,4,22,8,22,30,17,0,0,8,0.013478340999995453,0.00784612699999343,0.0,0.00784612699999343,0.008004226999958064,0.021483212000021012,Optimal,0,none,2.9583155930501297,0,13,100.0,100.0,100.0,2.0,0,4,0,0.0,0.0,0.0,0.0,0,4,0,0.0,0.0,0.0,0.0,0,4,0,0.0,0.0,0.0,0.0,0,0,0,0.0,0.0,0.0,0,0,0,0.0,0.0,0.0
Visual Genome,2339984,18,1,16,0,1,0,2,0,2,1,0,0,2,0.015284046000033413,0.008032100000036735,0.0,0.008032100000036735,0.008107433000020592,0.02339195600001176,Optimal,0,none,0.5435446421305339,0,2,100.0,100.0,100.0,2.0,1,0,0,1.0,1.0,1.0,0.9472556535413281,1,0,0,1.0,1.0,1.0,0.9472556535413281,1,0,0,1.0,1.0,1.0,0.9472556535413281,0,0,0,0.0,0.0,0.0,0,0,0,0.0,0.0,0.0
Visual Genome,2340059,7,0,4,0,7,78,14,78,92,50,0,0,14,0.013798637999968832,0.009599938999997448,0.0,0.009599938999997448,0.009830022000016925,0.02362907899998845,Optimal,0,none,5.326742750803631,0,22,100.0,100.0,100.0,2.0,0,7,0,0.0,0.0,0.0,0.0,0,7,0,0.0,0.0,0.0,0.0,0,7,0,0.0,0.0,0.0,0.0,0,0,0,0.0,0.0,0.0,0,0,0,0.0,0.0,0.0
Visual Genome,2340282,34,0,26,0,9,138,18,138,156,82,0,0,18,0.015298704999963775,0.011254564000012124,0.0,0.011254564000012124,0.01156289700003299,0.02686206499998889,Optimal,0,none,7.477294688224795,0,28,100.0,100.0,100.0,2.0,0,9,0,0.0,0.0,0.0,0.0,0,9,0,0.0,0.0,0.0,0.0,0,9,0,0.0,0.0,0.0,0.0,0,0,0,0.0,0.0,0.0,0,0,0,0.0,0.0,0.0
Visual Genome,2340394,25,1,21,0,4,22,8,22,30,17,0,0,8,0.014327455999989525,0.0076533569999810425,0.0,0.0076533569999810425,0.0078038339999579875,0.022131725999997798,Optimal,0,none,3.2869599714570743,0,13,100.0,100.0,100.0,2.0,1,3,0,0.25,1.0,0.4,0.7827116794435219,1,3,0,0.25,1.0,0.4,0.7827116794435219,1,3,0,0.25,1.0,0.4,0.7827116794435219,0,0,0,0.0,0.0,0.0,0,0,0,0.0,0.0,0.0
Visual Genome,2340552,33,3,29,0,5,48,10,48,58,26,0,0,10,0.0156723239999792,0.008730981999974574,0.0,0.008730981999974574,0.008937126000034823,0.024609951000002184,Optimal,0,none,4.148454303939888,0,16,100.0,100.0,100.0,2.0,1,4,2,0.2,0.3333333333333333,0.25,0.8667102324559143,1,4,2,0.2,0.3333333333333333,0.25,0.8667102324559143,1,4,2,0.2,0.3333333333333333,0.25,0.8667102324559143,0,0,0,0.0,0.0,0.0,0,0,0,0.0,0.0,0.0
Visual Genome,2340775,14,0,4,0,3,10,6,10,16,10,0,0,6,0.01451538199995639,0.006640854000011132,0.0,0.006640854000011132,0.006770936000009442,0.02128679499998043,Optimal,0,none,2.3654817533493047,0,10,100.0,100.0,100.0,2.0,0,3,0,0.0,0.0,0.0,0.0,0,3,0,0.0,0.0,0.0,0.0,0,3,0,0.0,0.0,0.0,0.0,0,0,0,0.0,0.0,0.0,0,0,0,0.0,0.0,0.0
Visual Genome,2342080,23,3,19,0,1,0,2,0,2,1,0,0,2,0.013587699999959568,0.006418919999987338,0.0,0.006418919999987338,0.006488234000016746,0.020076405999986946,Optimal,0,none,0.6186350981394451,0,2,100.0,100.0,100.0,2.0,1,0,2,1.0,0.3333333333333333,0.5,0.9031484571685277,1,0,2,1.0,0.3333333333333333,0.5,0.9031484571685277,1,0,2,1.0,0.3333333333333333,0.5,0.9031484571685277,0,0,0,0.0,0.0,0.0,0,0,0,0.0,0.0,0.0
Visual Genome,2342353,40,2,37,0,9,135,18,135,153,82,0,0,18,0.01433960299999626,0.011440859000003911,0.0,0.011440859000003911,0.011748263000015413,0.026088307999998506,Optimal,0,none,7.290401929207334,0,28,100.0,100.0,100.0,2.0,2,7,0,0.2222222222222222,1.0,0.3636363636363636,0.8107248583425581,2,7,0,0.2222222222222222,1.0,0.3636363636363636,0.8107248583425581,2,7,0,0.2222222222222222,1.0,0.3636363636363636,0.8107248583425581,0,0,0,0.0,0.0,0.0,0,0,0,0.0,0.0,0.0
Visual Genome,2342444,38,0,35,0,2,2,4,2,6,5,0,0,4,0.01477522299995826,0.008411879000050249,0.0,0.008411879000050249,0.008575907000022198,0.0233516579999673,Optimal,0,none,1.5248310454686482,0,5,100.0,100.0,100.0,2.0,0,2,0,0.0,0.0,0.0,0.0,0,2,0,0.0,0.0,0.0,0.0,0,2,0,0.0,0.0,0.0,0.0,0,0,0,0.0,0.0,0.0,0,0,0,0.0,0.0,0.0
Visual Genome,2342599,22,0,24,0,2,2,4,2,6,5,0,0,4,0.015107101000012335,0.006636125999989417,0.0,0.006636125999989417,0.006738169000016114,0.0218457039999862,Optimal,0,none,1.345328009923299,0,5,100.0,100.0,100.0,2.0,0,2,0,0.0,0.0,0.0,0.0,0,2,0,0.0,0.0,0.0,0.0,0,2,0,0.0,0.0,0.0,0.0,0,0,0,0.0,0.0,0.0,0,0,0,0.0,0.0,0.0
Visual Genome,2342650,35,0,42,0,1,0,2,0,2,1,0,0,2,0.01317593100003478,0.006333962999974574,0.0,0.006333962999974574,0.006400802000030126,0.019577113000025292,Optimal,0,none,0.6137698809305827,0,2,100.0,100.0,100.0,2.0,0,1,0,0.0,0.0,0.0,0.0,0,1,0,0.0,0.0,0.0,0.0,0,1,0,0.0,0.0,0.0,0.0,0,0,0,0.0,0.0,0.0,0,0,0,0.0,0.0,0.0
Visual Genome,2342674,23,1,17,0,1,0,2,0,2,1,0,0,2,0.01352711000004092,0.0060729639999976825,0.0,0.0060729639999976825,0.006142614999987472,0.019670442000006005,Optimal,0,none,0.6285443941752116,0,2,100.0,100.0,100.0,2.0,1,0,0,1.0,1.0,1.0,0.968972368181047,1,0,0,1.0,1.0,1.0,0.968972368181047,1,0,0,1.0,1.0,1.0,0.968972368181047,0,0,0,0.0,0.0,0.0,0,0,0,0.0,0.0,0.0
Visual Genome,2342695,17,2,5,0,12,265,24,265,289,145,0,0,24,0.01610577200000307,0.016959493000001657,0.0,0.016959493000001657,0.01741990599998644,0.03352620199996181,Optimal,0,none,9.474125340977922,0,37,100.0,100.0,100.0,2.0,1,11,1,0.08333333333333333,0.5,0.14285714285714285,0.8078739044843859,1,11,1,0.08333333333333333,0.5,0.14285714285714285,0.8078739044843859,1,11,1,0.08333333333333333,0.5,0.14285714285714285,0.8078739044843859,0,0,0,0.0,0.0,0.0,0,0,0,0.0,0.0,0.0
Visual Genome,2342749,19,0,19,0,2,2,4,2,6,5,0,0,4,0.013275376999956734,0.00623194299998886,0.0,0.00623194299998886,0.006323908000013034,0.019599795999965863,Optimal,0,none,1.546809304555257,0,5,100.0,100.0,100.0,2.0,0,2,0,0.0,0.0,0.0,0.0,0,2,0,0.0,0.0,0.0,0.0,0,2,0,0.0,0.0,0.0,0.0,0,0,0,0.0,0.0,0.0,0,0,0,0.0,0.0,0.0
Visual Genome,2342915,37,2,32,0,7,80,14,80,94,50,0,0,14,0.014354400999991412,0.009864595000010468,0.0,0.009864595000010468,0.0101057520000154,0.02446069100000159,Optimal,0,none,5.697611613943611,0,22,100.0,100.0,100.0,2.0,2,5,0,0.2857142857142857,1.0,0.4444444444444445,0.8324771512511024,2,5,0,0.2857142857142857,1.0,0.4444444444444445,0.8324771512511024,2,5,0,0.2857142857142857,1.0,0.4444444444444445,0.8324771512511024,0,0,0,0.0,0.0,0.0,0,0,0,0.0,0.0,0.0
Visual Genome,2342937,37,4,47,0,4,22,8,22,30,17,0,0,8,0.014300306999984969,0.008030039000004763,0.0,0.008030039000004763,0.008195587999978216,0.022496413999988363,Optimal,0,none,3.7311427084604913,0,13,100.0,100.0,100.0,2.0,3,1,1,0.75,0.75,0.75,0.9587044871139351,3,1,1,0.75,0.75,0.75,0.9587044871139351,3,1,1,0.75,0.75,0.75,0.9587044871139351,0,0,0,0.0,0.0,0.0,0,0,0,0.0,0.0,0.0
Visual Genome,2343037,23,1,38,0,2,6,4,6,10,5,0,0,4,0.01345413799998596,0.006627955000055863,0.0,0.006627955000055863,0.006750961999955507,0.020205565999958708,Optimal,0,none,1.3340007336934412,0,5,100.0,100.0,100.0,2.0,1,1,0,0.5,1.0,0.6666666666666666,0.9573980174507343,1,1,0,0.5,1.0,0.6666666666666666,0.9573980174507343,1,1,0,0.5,1.0,0.6666666666666666,0.9573980174507343,0,0,0,0.0,0.0,0.0,0,0,0,0.0,0.0,0.0
Visual Genome,2343345,32,0,28,0,1,0,2,0,2,1,0,0,2,0.013983741999993526,0.006415614999980335,0.0,0.006415614999980335,0.006486521999988781,0.02047066399995856,Optimal,0,none,0.6534347454706828,0,2,100.0,100.0,100.0,2.0,0,1,0,0.0,0.0,0.0,0.0,0,1,0,0.0,0.0,0.0,0.0,0,1,0,0.0,0.0,0.0,0.0,0,0,0,0.0,0.0,0.0,0,0,0,0.0,0.0,0.0
Visual Genome,2344045,18,1,38,0,7,78,14,78,92,50,0,0,14,0.01474905600002785,0.009946458000001712,0.0,0.009946458000001712,0.010181064999983391,0.024930588000017906,Optimal,0,none,5.805049487875044,0,22,100.0,100.0,100.0,2.0,1,6,0,0.14285714285714285,1.0,0.25,0.5152751961663408,1,6,0,0.14285714285714285,1.0,0.25,0.5152751961663408,1,6,0,0.14285714285714285,1.0,0.25,0.5152751961663408,0,0,0,0.0,0.0,0.0,0,0,0,0.0,0.0,0.0
Visual Genome,2344446,13,0,20,0,2,4,4,4,8,5,0,0,4,0.01464183200005209,0.006507763000001887,0.0,0.006507763000001887,0.006604291999963152,0.02124663700004703,Optimal,0,none,1.2336417229970298,0,5,100.0,100.0,100.0,2.0,0,2,0,0.0,0.0,0.0,0.0,0,2,0,0.0,0.0,0.0,0.0,0,2,0,0.0,0.0,0.0,0.0,0,0,0,0.0,0.0,0.0,0,0,0,0.0,0.0,0.0
Visual Genome,2344459,28,2,19,1,3,8,6,8,14,10,0,0,6,0.013552738999976555,0.006718145000036202,0.0,0.006718145000036202,0.006841254999983448,0.020394438999971953,Optimal,0,none,2.5786836671829225,0,10,100.0,100.0,100.0,2.0,2,1,0,0.6666666666666666,1.0,0.8,0.9320963410150773,2,1,0,0.6666666666666666,1.0,0.8,0.9320963410150773,2,1,0,0.6666666666666666,1.0,0.8,0.9320963410150773,0,2,1,0.0,0.0,0.0,0,2,1,0.0,0.0,0.0
Visual Genome,2344493,68,4,38,0,27,1283,54,1283,1337,730,0,0,54,0.018885868000040773,0.056360351000023456,0.0,0.056360351000023456,0.05771558899999718,0.07660196200004066,Optimal,0,none,21.96378865685794,0,82,100.0,100.0,100.0,2.0,2,25,2,0.07407407407407407,0.5,0.12903225806451613,0.689328930829678,2,25,2,0.07407407407407407,0.5,0.12903225806451613,0.689328930829678,2,25,2,0.07407407407407407,0.5,0.12903225806451613,0.689328930829678,0,0,0,0.0,0.0,0.0,0,0,0,0.0,0.0,0.0
Visual Genome,2344534,19,1,22,0,12,257,24,257,281,145,0,0,24,0.015371689000005517,0.01516995899999074,0.0,0.01516995899999074,0.015679816999977447,0.031052097999975103,Optimal,0,none,9.884197642803194,0,37,100.0,100.0,100.0,2.0,0,12,1,0.0,0.0,0.0,0.0,0,12,1,0.0,0.0,0.0,0.0,0,12,1,0.0,0.0,0.0,0.0,0,0,0,0.0,0.0,0.0,0,0,0,0.0,0.0,0.0
Visual Genome,2344546,36,1,40,0,16,390,32,390,422,257,0,0,32,0.01859923600000002,0.02200022100004162,0.0,0.02200022100004162,0.02264269800002694,0.04124259799999663,Optimal,0,none,12.74389316526016,0,49,100.0,100.0,100.0,2.0,1,15,0,0.0625,1.0,0.11764705882352941,0.7702196377690929,1,15,0,0.0625,1.0,0.11764705882352941,0.7702196377690929,1,15,0,0.0625,1.0,0.11764705882352941,0.7702196377690929,0,0,0,0.0,0.0,0.0,0,0,0,0.0,0.0,0.0
Visual Genome,2345476,28,1,39,0,1,0,2,0,2,1,0,0,2,0.013772111000037057,0.006355407000000923,0.0,0.006355407000000923,0.006424880999986726,0.020197455000015907,Optimal,0,none,0.5926706711451213,0,2,100.0,100.0,100.0,2.0,1,0,0,1.0,1.0,1.0,0.9605248428469926,1,0,0,1.0,1.0,1.0,0.9605248428469926,1,0,0,1.0,1.0,1.0,0.9605248428469926,0,0,0,0.0,0.0,0.0,0,0,0,0.0,0.0,0.0
Visual Genome,2346047,22,1,17,0,2,6,4,6,10,5,0,0,4,0.012990922000028604,0.007390353999994659,0.0,0.007390353999994659,0.007508099000006041,0.020499652000012247,Optimal,0,none,1.3343206675847372,0,5,100.0,100.0,100.0,2.0,0,2,1,0.0,0.0,0.0,0.9701094345180722,0,2,1,0.0,0.0,0.0,0.9701094345180722,0,2,1,0.0,0.0,0.0,0.9701094345180722,0,0,0,0.0,0.0,0.0,0,0,0,0.0,0.0,0.0
Visual Genome,2346565,39,2,36,0,2,2,4,2,6,5,0,0,4,0.013652116000002934,0.00657340700001896,0.0,0.00657340700001896,0.006667925999977342,0.02032035399997767,Optimal,0,none,1.3152058696583697,0,5,100.0,100.0,100.0,2.0,2,0,0,1.0,1.0,1.0,0.8120305679694171,2,0,0,1.0,1.0,1.0,0.8120305679694171,2,0,0,1.0,1.0,1.0,0.8120305679694171,0,0,0,0.0,0.0,0.0,0,0,0,0.0,0.0,0.0
Visual Genome,2346611,14,1,5,0,4,16,8,16,24,17,0,0,8,0.01326914899999565,0.007775250000008782,0.0,0.007775250000008782,0.007935843000041132,0.021205434000023615,Optimal,0,none,3.25665333340208,0,13,100.0,100.0,100.0,2.0,0,4,1,0.0,0.0,0.0,0.0,0,4,1,0.0,0.0,0.0,0.0,0,4,1,0.0,0.0,0.0,0.0,0,0,0,0.0,0.0,0.0,0,0,0,0.0,0.0,0.0
Visual Genome,2347057,27,1,10,0,4,22,8,22,30,17,0,0,8,0.01331456299999445,0.007197013999984847,0.0,0.007197013999984847,0.007348567000008188,0.020663894999984223,Optimal,0,none,3.323413345019024,0,13,100.0,100.0,100.0,2.0,1,3,0,0.25,1.0,0.4,0.6270888103891472,1,3,0,0.25,1.0,0.4,0.6270888103891472,1,3,0,0.25,1.0,0.4,0.6270888103891472,0,0,0,0.0,0.0,0.0,0,0,0,0.0,0.0,0.0
Visual Genome,2347297,25,3,18,0,4,27,8,27,35,17,0,0,8,0.01355588199999147,0.007838230000004387,0.0,0.007838230000004387,0.007990289000019857,0.021546659000023283,Optimal,0,none,3.137699573347967,0,13,100.0,100.0,100.0,2.0,2,2,1,0.5,0.6666666666666666,0.5714285714285715,0.6612533720916604,2,2,1,0.5,0.6666666666666666,0.5714285714285715,0.6612533720916604,2,2,1,0.5,0.6666666666666666,0.5714285714285715,0.6612533720916604,0,0,0,0.0,0.0,0.0,0,0,0,0.0,0.0,0.0
Visual Genome,2348575,26,0,42,0,14,353,28,353,381,197,0,0,28,0.01557840599997462,0.019491850000008526,0.0,0.019491850000008526,0.020062876999986656,0.035641786999974556,Optimal,0,none,10.8414885369033,0,43,100.0,100.0,100.0,2.0,0,14,0,0.0,0.0,0.0,0.0,0,14,0,0.0,0.0,0.0,0.0,0,14,0,0.0,0.0,0.0,0.0,0,0,0,0.0,0.0,0.0,0,0,0,0.0,0.0,0.0
Visual Genome,2349159,19,3,4,0,8,97,16,97,113,65,0,0,16,0.01477511399997411,0.01145246299995506,0.0,0.01145246299995506,0.011733794999997826,0.0265094360000262,Optimal,0,none,6.575716036160789,0,25,100.0,100.0,100.0,2.0,1,7,2,0.125,0.3333333333333333,0.18181818181818182,0.9748456928993501,1,7,2,0.125,0.3333333333333333,0.18181818181818182,0.9748456928993501,1,7,2,0.125,0.3333333333333333,0.18181818181818182,0.9748456928993501,0,0,0,0.0,0.0,0.0,0,0,0,0.0,0.0,0.0
Visual Genome,2349416,30,0,21,0,4,18,8,18,26,17,0,0,8,0.014861333999988346,0.008751754000002165,0.0,0.008751754000002165,0.00900703699994665,0.023868935999985297,Optimal,0,none,3.2431768303453072,0,13,100.0,100.0,100.0,2.0,0,4,0,0.0,0.0,0.0,0.0,0,4,0,0.0,0.0,0.0,0.0,0,4,0,0.0,0.0,0.0,0.0,0,0,0,0.0,0.0,0.0,0,0,0,0.0,0.0,0.0
Visual Genome,2349496,38,2,21,0,3,12,6,12,18,10,0,0,6,0.01443851299995913,0.0071804180000185625,0.0,0.0071804180000185625,0.007310664999977234,0.021749709999994593,Optimal,0,none,2.385477123260499,0,10,100.0,100.0,100.0,2.0,1,2,1,0.3333333333333333,0.5,0.4,0.8453084160795524,1,2,1,0.3333333333333333,0.5,0.4,0.8453084160795524,1,2,1,0.3333333333333333,0.5,0.4,0.8453084160795524,0,0,0,0.0,0.0,0.0,0,0,0,0.0,0.0,0.0
Visual Genome,2349564,47,7,45,0,18,595,36,595,631,325,0,0,36,0.01637058099998967,0.026918890999979794,0.0,0.026918890999979794,0.02767583900003956,0.04404715900000156,Optimal,0,none,15.333186883500492,0,55,100.0,100.0,100.0,2.0,5,13,2,0.2777777777777778,0.7142857142857143,0.4,0.8832104850714688,5,13,2,0.2777777777777778,0.7142857142857143,0.4,0.8832104850714688,5,13,2,0.2777777777777778,0.7142857142857143,0.4,0.8832104850714688,0,0,0,0.0,0.0,0.0,0,0,0,0.0,0.0,0.0
Visual Genome,2349670,23,1,46,0,4,26,8,26,34,17,0,0,8,0.012189422999995259,0.007830069000021922,0.0,0.007830069000021922,0.007977237999966746,0.020167149000030804,Optimal,0,none,3.472537037531536,0,13,100.0,100.0,100.0,2.0,1,3,0,0.25,1.0,0.4,0.6313864828938006,1,3,0,0.25,1.0,0.4,0.6313864828938006,1,3,0,0.25,1.0,0.4,0.6313864828938006,0,0,0,0.0,0.0,0.0,0,0,0,0.0,0.0,0.0
Visual Genome,2349796,36,3,25,0,7,90,14,90,104,50,0,0,14,0.015323935000026268,0.010363815999994586,0.0,0.010363815999994586,0.010627517999978409,0.025951974000008704,Optimal,0,none,5.870909550347391,0,22,100.0,100.0,100.0,2.0,1,6,2,0.14285714285714285,0.3333333333333333,0.2,0.9895138790696053,1,6,2,0.14285714285714285,0.3333333333333333,0.2,0.9895138790696053,1,6,2,0.14285714285714285,0.3333333333333333,0.2,0.9895138790696053,0,0,0,0.0,0.0,0.0,0,0,0,0.0,0.0,0.0
Visual Genome,2350875,18,0,3,0,7,62,14,62,76,50,0,0,14,0.013127194999981384,0.009557060000020101,0.0,0.009557060000020101,0.009778089999997519,0.022905723000008038,Optimal,0,none,5.481209510966578,0,22,100.0,100.0,100.0,2.0,0,7,0,0.0,0.0,0.0,0.0,0,7,0,0.0,0.0,0.0,0.0,0,7,0,0.0,0.0,0.0,0.0,0,0,0,0.0,0.0,0.0,0,0,0,0.0,0.0,0.0
Visual Genome,2350894,28,0,7,0,2,4,4,4,8,5,0,0,4,0.014267329999995582,0.0070895449999852644,0.0,0.0070895449999852644,0.007212018999950942,0.021479888999976993,Optimal,0,none,1.4929046885620867,0,5,100.0,100.0,100.0,2.0,0,2,0,0.0,0.0,0.0,0.0,0,2,0,0.0,0.0,0.0,0.0,0,2,0,0.0,0.0,0.0,0.0,0,0,0,0.0,0.0,0.0,0,0,0,0.0,0.0,0.0
Visual Genome,2351741,28,5,13,1,12,238,24,238,262,145,0,0,24,0.015928855000026942,0.016315315999975155,0.0,0.016315315999975155,0.016769967000016095,0.032699331999992864,Optimal,0,none,10.129025617192534,0,37,100.0,100.0,100.0,2.0,2,10,3,0.16666666666666666,0.4,0.23529411764705882,0.880661507688992,2,10,3,0.16666666666666666,0.4,0.23529411764705882,0.880661507688992,2,10,3,0.16666666666666666,0.4,0.23529411764705882,0.880661507688992,0,0,1,0.0,0.0,0.0,0,0,1,0.0,0.0,0.0
Visual Genome,2352582,16,1,9,0,1,0,2,0,2,1,0,0,2,0.013652358000001641,0.007458033999967029,0.0,0.007458033999967029,0.007526273999985733,0.021179157000005944,Optimal,0,none,0.6032750288645427,0,2,100.0,100.0,100.0,2.0,1,0,0,1.0,1.0,1.0,0.9880095467083457,1,0,0,1.0,1.0,1.0,0.9880095467083457,1,0,0,1.0,1.0,1.0,0.9880095467083457,0,0,0,0.0,0.0,0.0,0,0,0,0.0,0.0,0.0
Visual Genome,2352788,20,0,11,0,3,9,6,9,15,10,0,0,6,0.014915497000004052,0.006736465000017233,0.0,0.006736465000017233,0.006864339000003383,0.021780363000004854,Optimal,0,none,2.720702370384963,0,10,100.0,100.0,100.0,2.0,0,3,0,0.0,0.0,0.0,0.0,0,3,0,0.0,0.0,0.0,0.0,0,3,0,0.0,0.0,0.0,0.0,0,0,0,0.0,0.0,0.0,0,0,0,0.0,0.0,0.0
Visual Genome,2352954,18,1,17,0,2,2,4,2,6,5,0,0,4,0.014485513000010997,0.006254302000002099,0.0,0.006254302000002099,0.006350188999988404,0.0208361640000021,Optimal,0,none,1.3637756617863976,0,5,100.0,100.0,100.0,2.0,1,1,0,0.5,1.0,0.6666666666666666,0.8303920705541995,1,1,0,0.5,1.0,0.6666666666666666,0.8303920705541995,1,1,0,0.5,1.0,0.6666666666666666,0.8303920705541995,0,0,0,0.0,0.0,0.0,0,0,0,0.0,0.0,0.0
Visual Genome,2353074,21,0,14,0,5,40,10,40,50,26,0,0,10,0.013456610999980967,0.008756155000014587,0.0,0.008756155000014587,0.009021133000032933,0.02247829999998885,Optimal,0,none,4.255656292721313,0,16,100.0,100.0,100.0,2.0,0,5,0,0.0,0.0,0.0,0.0,0,5,0,0.0,0.0,0.0,0.0,0,5,0,0.0,0.0,0.0,0.0,0,0,0,0.0,0.0,0.0,0,0,0,0.0,0.0,0.0
Visual Genome,2353084,27,1,20,0,2,4,4,4,8,5,0,0,4,0.014028504000009434,0.006928030999972634,0.0,0.006928030999972634,0.007025159000022541,0.021054127000013523,Optimal,0,none,1.4144437583287561,0,5,100.0,100.0,100.0,2.0,1,1,0,0.5,1.0,0.6666666666666666,0.8977589025099135,1,1,0,0.5,1.0,0.6666666666666666,0.8977589025099135,1,1,0,0.5,1.0,0.6666666666666666,0.8977589025099135,0,0,0,0.0,0.0,0.0,0,0,0,0.0,0.0,0.0
Visual Genome,2353616,21,0,40,0,1,0,2,0,2,1,0,0,2,0.014830775999996604,0.006491125999957603,0.0,0.006491125999957603,0.006564074999971581,0.021395271000017146,Optimal,0,none,0.6433757940928142,0,2,100.0,100.0,100.0,2.0,0,1,0,0.0,0.0,0.0,0.0,0,1,0,0.0,0.0,0.0,0.0,0,1,0,0.0,0.0,0.0,0.0,0,0,0,0.0,0.0,0.0,0,0,0,0.0,0.0,0.0
Visual Genome,2355068,14,0,11,0,2,4,4,4,8,5,0,0,4,0.015587793999998212,0.006319885999971575,0.0,0.006319885999971575,0.006416129000001547,0.022004361999961475,Optimal,0,none,1.293736151059469,0,5,100.0,100.0,100.0,2.0,0,2,0,0.0,0.0,0.0,0.0,0,2,0,0.0,0.0,0.0,0.0,0,2,0,0.0,0.0,0.0,0.0,0,0,0,0.0,0.0,0.0,0,0,0,0.0,0.0,0.0
Visual Genome,2355207,11,0,18,0,2,5,4,5,9,5,0,0,4,0.013644300000009935,0.007381949999967219,0.0,0.007381949999967219,0.007481114000029265,0.021125890999996955,Optimal,0,none,1.6089363397015841,0,5,100.0,100.0,100.0,2.0,0,2,0,0.0,0.0,0.0,0.0,0,2,0,0.0,0.0,0.0,0.0,0,2,0,0.0,0.0,0.0,0.0,0,0,0,0.0,0.0,0.0,0,0,0,0.0,0.0,0.0
Visual Genome,2355714,27,2,17,0,5,32,10,32,42,26,0,0,10,0.014652579000028254,0.009377964000009342,0.0,0.009377964000009342,0.009567759999981718,0.02422082000003911,Optimal,0,none,3.8716555436452245,0,16,100.0,100.0,100.0,2.0,0,5,2,0.0,0.0,0.0,0.0,0,5,2,0.0,0.0,0.0,0.0,0,5,2,0.0,0.0,0.0,0.0,0,0,0,0.0,0.0,0.0,0,0,0,0.0,0.0,0.0
Visual Genome,2356074,32,0,32,0,8,91,16,91,107,65,0,0,16,0.01376717200002986,0.01138975499998196,0.0,0.01138975499998196,0.011688941999977942,0.025456898000015826,Optimal,0,none,6.720395796189789,0,25,100.0,100.0,100.0,2.0,0,8,0,0.0,0.0,0.0,0.0,0,8,0,0.0,0.0,0.0,0.0,0,8,0,0.0,0.0,0.0,0.0,0,0,0,0.0,0.0,0.0,0,0,0,0.0,0.0,0.0
Visual Genome,2356121,24,2,12,0,1,0,2,0,2,1,0,0,2,0.013685181999960605,0.006570323000005374,0.0,0.006570323000005374,0.006656727999995837,0.02034255899997106,Optimal,0,none,0.5930221954981486,0,2,100.0,100.0,100.0,2.0,0,1,2,0.0,0.0,0.0,0.0,0,1,2,0.0,0.0,0.0,0.0,0,1,2,0.0,0.0,0.0,0.0,0,0,0,0.0,0.0,0.0,0,0,0,0.0,0.0,0.0
Visual Genome,2356259,25,3,37,0,3,10,6,10,16,10,0,0,6,0.013486924000005729,0.006865520000019387,0.0,0.006865520000019387,0.006993024999985664,0.020480403999954433,Optimal,0,none,2.605460638999939,0,10,100.0,100.0,100.0,2.0,1,2,2,0.3333333333333333,0.3333333333333333,0.3333333333333333,0.7299104519327438,1,2,2,0.3333333333333333,0.3333333333333333,0.3333333333333333,0.7299104519327438,1,2,2,0.3333333333333333,0.3333333333333333,0.3333333333333333,0.7299104519327438,0,0,0,0.0,0.0,0.0,0,0,0,0.0,0.0,0.0
Visual Genome,2356511,42,0,25,0,6,63,12,63,75,37,0,0,12,0.016774557000019286,0.00910076399998161,0.0,0.00910076399998161,0.009305855000036445,0.02608084600001348,Optimal,0,none,4.851154155731203,0,19,100.0,100.0,100.0,2.0,0,6,0,0.0,0.0,0.0,0.0,0,6,0,0.0,0.0,0.0,0.0,0,6,0,0.0,0.0,0.0,0.0,0,0,0,0.0,0.0,0.0,0,0,0,0.0,0.0,0.0
Visual Genome,2357259,15,0,15,0,3,6,6,6,12,10,0,0,6,0.013914272000022265,0.0066284589999554555,0.0,0.0066284589999554555,0.006746906000046238,0.020661562000043432,Optimal,0,none,2.5489200258255007,0,10,100.0,100.0,100.0,2.0,0,3,0,0.0,0.0,0.0,0.0,0,3,0,0.0,0.0,0.0,0.0,0,3,0,0.0,0.0,0.0,0.0,0,0,0,0.0,0.0,0.0,0,0,0,0.0,0.0,0.0
Visual Genome,2357707,19,1,26,0,1,0,2,0,2,1,0,0,2,0.013411553000025833,0.006708279000008588,0.0,0.006708279000008588,0.006784810999988622,0.02019680800003698,Optimal,0,none,0.6133577267328898,0,2,100.0,100.0,100.0,2.0,1,0,0,1.0,1.0,1.0,0.638578106695172,1,0,0,1.0,1.0,1.0,0.638578106695172,1,0,0,1.0,1.0,1.0,0.638578106695172,0,0,0,0.0,0.0,0.0,0,0,0,0.0,0.0,0.0
Visual Genome,2357774,26,1,24,0,4,24,8,24,32,17,0,0,8,0.01343353599997954,0.007276218000015433,0.0,0.007276218000015433,0.007431477000011455,0.02086546499998576,Optimal,0,none,3.591665658156078,0,13,100.0,100.0,100.0,2.0,1,3,0,0.25,1.0,0.4,0.9447582551175747,1,3,0,0.25,1.0,0.4,0.9447582551175747,1,3,0,0.25,1.0,0.4,0.9447582551175747,0,0,0,0.0,0.0,0.0,0,0,0,0.0,0.0,0.0
Visual Genome,2358408,24,2,39,0,4,26,8,26,34,17,0,0,8,0.013733376999994107,0.007218646000012541,0.0,0.007218646000012541,0.007397205000017948,0.021131038999953944,Optimal,0,none,3.5820098129908255,0,13,100.0,100.0,100.0,2.0,0,4,2,0.0,0.0,0.0,0.9248231811054941,0,4,2,0.0,0.0,0.0,0.9248231811054941,0,4,2,0.0,0.0,0.0,0.9248231811054941,0,0,0,0.0,0.0,0.0,0,0,0,0.0,0.0,0.0
Visual Genome,2358470,27,0,12,0,3,12,6,12,18,10,0,0,6,0.012536437999983718,0.007006141999966076,0.0,0.007006141999966076,0.007133712999973341,0.019670596999958434,Optimal,0,none,2.279298279285432,0,10,100.0,100.0,100.0,2.0,0,3,0,0.0,0.0,0.0,0.0,0,3,0,0.0,0.0,0.0,0.0,0,3,0,0.0,0.0,0.0,0.0,0,0,0,0.0,0.0,0.0,0,0,0,0.0,0.0,0.0
Visual Genome,2358536,26,1,21,0,1,0,2,0,2,1,0,0,2,0.01334638499997709,0.007485019999990072,0.0,0.007485019999990072,0.007551014000000578,0.020897821999994903,Optimal,0,none,0.6223483959833781,0,2,100.0,100.0,100.0,2.0,1,0,0,1.0,1.0,1.0,0.9557403787202033,1,0,0,1.0,1.0,1.0,0.9557403787202033,1,0,0,1.0,1.0,1.0,0.9557403787202033,0,0,0,0.0,0.0,0.0,0,0,0,0.0,0.0,0.0
Visual Genome,2358600,33,2,14,0,2,4,4,4,8,5,0,0,4,0.014449033999994754,0.006630477999976847,0.0,0.006630477999976847,0.006730333999996674,0.021179785000015272,Optimal,0,none,1.2167913111050925,0,5,100.0,100.0,100.0,2.0,1,1,1,0.5,0.5,0.5,0.872075471213656,1,1,1,0.5,0.5,0.5,0.872075471213656,1,1,1,0.5,0.5,0.5,0.872075471213656,0,0,0,0.0,0.0,0.0,0,0,0,0.0,0.0,0.0
Visual Genome,2358626,23,1,33,0,4,26,8,26,34,17,0,0,8,0.014666994999970484,0.007995680000021821,0.0,0.007995680000021821,0.008184481000000687,0.022851928999955362,Optimal,0,none,3.475986110984657,0,13,100.0,100.0,100.0,2.0,0,4,1,0.0,0.0,0.0,0.0,0,4,1,0.0,0.0,0.0,0.0,0,4,1,0.0,0.0,0.0,0.0,0,0,0,0.0,0.0,0.0,0,0,0,0.0,0.0,0.0
Visual Genome,2358828,30,3,36,0,3,10,6,10,16,10,0,0,6,0.013119045999985701,0.00664000799997666,0.0,0.00664000799997666,0.00678684299998622,0.019906604000027528,Optimal,0,none,2.6762144947052007,0,10,100.0,100.0,100.0,2.0,1,2,2,0.3333333333333333,0.3333333333333333,0.3333333333333333,0.9341066085431622,1,2,2,0.3333333333333333,0.3333333333333333,0.3333333333333333,0.9341066085431622,1,2,2,0.3333333333333333,0.3333333333333333,0.3333333333333333,0.9341066085431622,0,0,0,0.0,0.0,0.0,0,0,0,0.0,0.0,0.0
Visual Genome,2359262,25,0,23,0,2,4,4,4,8,5,0,0,4,0.013127478999990672,0.006903926999996202,0.0,0.006903926999996202,0.007002542000009271,0.02013033399998676,Optimal,0,none,1.34353283961614,0,5,100.0,100.0,100.0,2.0,0,2,0,0.0,0.0,0.0,0.0,0,2,0,0.0,0.0,0.0,0.0,0,2,0,0.0,0.0,0.0,0.0,0,0,0,0.0,0.0,0.0,0,0,0,0.0,0.0,0.0
Visual Genome,2360042,33,0,22,0,5,38,10,38,48,26,0,0,10,0.014587671000015234,0.008042294999995647,0.0,0.008042294999995647,0.008226725999975315,0.02281481700003951,Optimal,0,none,4.489323024344206,0,16,100.0,100.0,100.0,2.0,0,5,0,0.0,0.0,0.0,0.0,0,5,0,0.0,0.0,0.0,0.0,0,5,0,0.0,0.0,0.0,0.0,0,0,0,0.0,0.0,0.0,0,0,0,0.0,0.0,0.0
Visual Genome,2360765,33,2,41,0,20,713,40,713,753,401,0,0,40,0.016965110000001005,0.04109290500002771,0.0,0.04109290500002771,0.04208936000003405,0.05905499499999678,Optimal,0,none,15.616051626611386,0,61,100.0,100.0,100.0,2.0,2,18,0,0.1,1.0,0.18181818181818182,0.8501164900843361,2,18,0,0.1,1.0,0.18181818181818182,0.8501164900843361,2,18,0,0.1,1.0,0.18181818181818182,0.8501164900843361,0,0,0,0.0,0.0,0.0,0,0,0,0.0,0.0,0.0
Visual Genome,2361228,17,2,12,0,5,32,10,32,42,26,0,0,10,0.015648250000026565,0.009424635000016224,0.0,0.009424635000016224,0.00960261900002024,0.025251367999999275,Optimal,0,none,4.064250794504228,0,16,100.0,100.0,100.0,2.0,1,4,1,0.2,0.5,0.28571428571428575,0.951037535995869,1,4,1,0.2,0.5,0.28571428571428575,0.951037535995869,1,4,1,0.2,0.5,0.28571428571428575,0.951037535995869,0,0,0,0.0,0.0,0.0,0,0,0,0.0,0.0,0.0
Visual Genome,2361287,28,2,44,0,5,38,10,38,48,26,0,0,10,0.01421218999996654,0.008025255999996261,0.0,0.008025255999996261,0.008214173999988361,0.022426833999986684,Optimal,0,none,4.271388741334281,0,16,100.0,100.0,100.0,2.0,0,5,2,0.0,0.0,0.0,0.0,0,5,2,0.0,0.0,0.0,0.0,0,5,2,0.0,0.0,0.0,0.0,0,0,0,0.0,0.0,0.0,0,0,0,0.0,0.0,0.0
Visual Genome,2361514,32,0,45,0,4,16,8,16,24,17,0,0,8,0.014066437999986192,0.007756728999993356,0.0,0.007756728999993356,0.007897906000039256,0.021964788999980556,Optimal,0,none,3.24284409985279,0,13,100.0,100.0,100.0,2.0,0,4,0,0.0,0.0,0.0,0.0,0,4,0,0.0,0.0,0.0,0.0,0,4,0,0.0,0.0,0.0,0.0,0,0,0,0.0,0.0,0.0,0,0,0,0.0,0.0,0.0
Visual Genome,2361531,24,0,21,0,4,20,8,20,28,17,0,0,8,0.013659924000023693,0.007605507999983274,0.0,0.007605507999983274,0.0077494409999872005,0.021409755999968638,Optimal,0,none,3.7361606804529837,0,13,100.0,100.0,100.0,2.0,0,4,0,0.0,0.0,0.0,0.0,0,4,0,0.0,0.0,0.0,0.0,0,4,0,0.0,0.0,0.0,0.0,0,0,0,0.0,0.0,0.0,0,0,0,0.0,0.0,0.0
Visual Genome,2361736,27,0,23,0,1,0,2,0,2,1,0,0,2,0.014037460999986706,0.006463128000007146,0.0,0.006463128000007146,0.00653580399995235,0.020573764999994637,Optimal,0,none,0.6106069723765055,0,2,100.0,100.0,100.0,2.0,0,1,0,0.0,0.0,0.0,0.0,0,1,0,0.0,0.0,0.0,0.0,0,1,0,0.0,0.0,0.0,0.0,0,0,0,0.0,0.0,0.0,0,0,0,0.0,0.0,0.0
Visual Genome,2361898,28,1,29,0,10,166,20,166,186,101,0,0,20,0.015285326000025634,0.013381863000006433,0.0,0.013381863000006433,0.013773574999959237,0.029059331000041766,Optimal,0,none,8.540040923178573,0,31,100.0,100.0,100.0,2.0,1,9,0,0.1,1.0,0.18181818181818182,0.921030833356819,1,9,0,0.1,1.0,0.18181818181818182,0.921030833356819,1,9,0,0.1,1.0,0.18181818181818182,0.921030833356819,0,0,0,0.0,0.0,0.0,0,0,0,0.0,0.0,0.0
Visual Genome,2362268,20,1,17,0,4,30,8,30,38,17,0,0,8,0.01299363599997605,0.008070441000029405,0.0,0.008070441000029405,0.008221702000014375,0.02121583399997462,Optimal,0,none,3.175383214606634,0,13,100.0,100.0,100.0,2.0,0,4,1,0.0,0.0,0.0,0.0,0,4,1,0.0,0.0,0.0,0.0,0,4,1,0.0,0.0,0.0,0.0,0,0,0,0.0,0.0,0.0,0,0,0,0.0,0.0,0.0
Visual Genome,2362364,41,5,20,0,5,32,10,32,42,26,0,0,10,0.015676103999965108,0.007958040999994864,0.0,0.007958040999994864,0.008156289999988076,0.023833190000004834,Optimal,0,none,4.283994360764823,0,16,100.0,100.0,100.0,2.0,4,1,1,0.8,0.8,0.8000000000000002,0.8427719660986777,4,1,1,0.8,0.8,0.8000000000000002,0.8427719660986777,4,1,1,0.8,0.8,0.8000000000000002,0.8427719660986777,0,0,0,0.0,0.0,0.0,0,0,0,0.0,0.0,0.0
Visual Genome,2362923,24,2,19,0,9,123,18,123,141,82,0,0,18,0.014531550000015159,0.011569091000012577,0.0,0.011569091000012577,0.011873323000031633,0.026405332000024373,Optimal,0,none,7.751429519342881,0,28,100.0,100.0,100.0,2.0,1,8,1,0.1111111111111111,0.5,0.1818181818181818,0.9711507730753784,1,8,1,0.1111111111111111,0.5,0.1818181818181818,0.9711507730753784,1,8,1,0.1111111111111111,0.5,0.1818181818181818,0.9711507730753784,0,0,0,0.0,0.0,0.0,0,0,0,0.0,0.0,0.0
Visual Genome,2364039,19,0,29,0,2,6,4,6,10,5,0,0,4,0.012316522000048735,0.006589090999966629,0.0,0.006589090999966629,0.006690339000044787,0.01900727800000368,Optimal,0,none,1.2099407300410099,0,5,100.0,100.0,100.0,2.0,0,2,0,0.0,0.0,0.0,0.0,0,2,0,0.0,0.0,0.0,0.0,0,2,0,0.0,0.0,0.0,0.0,0,0,0,0.0,0.0,0.0,0,0,0,0.0,0.0,0.0
Visual Genome,2364080,11,0,23,0,0,0,0,0,0,0,0,0,1,0.014587048999999297,0.005006578999996236,0.0,0.005006578999996236,0.005045278000011422,0.01963288500002136,Optimal,0,none,,0,1,100.0,0.0,0.0,0.0,0,0,0,0.0,0.0,0.0,0.0,0,0,0,0.0,0.0,0.0,0.0,0,0,0,0.0,0.0,0.0,0.0,0,0,0,0.0,0.0,0.0,0,0,0,0.0,0.0,0.0
Visual Genome,2364407,54,1,26,0,14,354,28,354,382,197,0,0,28,0.015702775000022484,0.01941950299999462,0.0,0.01941950299999462,0.01995322400000532,0.03565648700003976,Optimal,0,none,11.20202954820653,0,43,100.0,100.0,100.0,2.0,1,13,0,0.07142857142857142,1.0,0.13333333333333333,0.827231921761312,1,13,0,0.07142857142857142,1.0,0.13333333333333333,0.827231921761312,1,13,0,0.07142857142857142,1.0,0.13333333333333333,0.827231921761312,0,0,0,0.0,0.0,0.0,0,0,0,0.0,0.0,0.0
Visual Genome,2364413,48,3,19,0,6,60,12,60,72,37,0,0,12,0.013226986999995916,0.008467248999977528,0.0,0.008467248999977528,0.008688996999978826,0.021916399000019737,Optimal,0,none,4.9161148738861105,0,19,100.0,100.0,100.0,2.0,1,5,2,0.16666666666666666,0.3333333333333333,0.2222222222222222,0.6691042257540837,1,5,2,0.16666666666666666,0.3333333333333333,0.2222222222222222,0.6691042257540837,1,5,2,0.16666666666666666,0.3333333333333333,0.2222222222222222,0.6691042257540837,0,0,0,0.0,0.0,0.0,0,0,0,0.0,0.0,0.0
Visual Genome,2364445,31,0,20,0,3,13,6,13,19,10,0,0,6,0.015069329999960246,0.007767150000006495,0.0,0.007767150000006495,0.007894322000026932,0.022964458999979342,Optimal,0,none,2.4721711182594306,0,10,100.0,100.0,100.0,2.0,0,3,0,0.0,0.0,0.0,0.0,0,3,0,0.0,0.0,0.0,0.0,0,3,0,0.0,0.0,0.0,0.0,0,0,0,0.0,0.0,0.0,0,0,0,0.0,0.0,0.0
Visual Genome,2364508,34,1,33,0,20,523,40,523,563,401,0,0,40,0.016869986000017434,0.028753984999980275,0.0,0.028753984999980275,0.029771198999981152,0.04664171500002112,Optimal,0,none,16.292738792384938,0,61,100.0,100.0,100.0,2.0,1,19,0,0.05,1.0,0.09523809523809523,0.934127149600834,1,19,0,0.05,1.0,0.09523809523809523,0.934127149600834,1,19,0,0.05,1.0,0.09523809523809523,0.934127149600834,0,0,0,0.0,0.0,0.0,0,0,0,0.0,0.0,0.0
Visual Genome,2364565,33,1,21,0,2,2,4,2,6,5,0,0,4,0.013656493999974373,0.0063841670000215345,0.0,0.0063841670000215345,0.006479411000043456,0.02013642899999013,Optimal,0,none,1.4906586201985679,0,5,100.0,100.0,100.0,2.0,1,1,0,0.5,1.0,0.6666666666666666,0.9268419942121483,1,1,0,0.5,1.0,0.6666666666666666,0.9268419942121483,1,1,0,0.5,1.0,0.6666666666666666,0.9268419942121483,0,0,0,0.0,0.0,0.0,0,0,0,0.0,0.0,0.0
Visual Genome,2364584,31,2,20,0,6,45,12,45,57,37,0,0,12,0.013708699000005709,0.008813436000025376,0.0,0.008813436000025376,0.009040584999979728,0.02274979099996699,Optimal,0,none,5.145696325302126,0,19,100.0,100.0,100.0,2.0,2,4,0,0.3333333333333333,1.0,0.5,0.9149688689237434,2,4,0,0.3333333333333333,1.0,0.5,0.9149688689237434,2,4,0,0.3333333333333333,1.0,0.5,0.9149688689237434,0,0,0,0.0,0.0,0.0,0,0,0,0.0,0.0,0.0
Visual Genome,2364645,23,0,19,0,1,0,2,0,2,1,0,0,2,0.012198732000001655,0.006404325000005429,0.0,0.006404325000005429,0.006470750999994834,0.01866988599999786,Optimal,0,none,0.36685041586558026,0,2,100.0,100.0,100.0,2.0,0,1,0,0.0,0.0,0.0,0.0,0,1,0,0.0,0.0,0.0,0.0,0,1,0,0.0,0.0,0.0,0.0,0,0,0,0.0,0.0,0.0,0,0,0,0.0,0.0,0.0
Visual Genome,2365315,24,0,25,0,2,4,4,4,8,5,0,0,4,0.019811920999984522,0.00802134399998522,0.0,0.00802134399998522,0.008187195999994401,0.028000023999993573,Optimal,0,none,1.3058474334081014,0,5,100.0,100.0,100.0,2.0,0,2,0,0.0,0.0,0.0,0.0,0,2,0,0.0,0.0,0.0,0.0,0,2,0,0.0,0.0,0.0,0.0,0,0,0,0.0,0.0,0.0,0,0,0,0.0,0.0,0.0
Visual Genome,2365681,41,1,21,0,2,6,4,6,10,5,0,0,4,0.014521709000007377,0.0067253799999775765,0.0,0.0067253799999775765,0.006824084000015773,0.02134624799998619,Optimal,0,none,1.357275870641073,0,5,100.0,100.0,100.0,2.0,1,1,0,0.5,1.0,0.6666666666666666,0.8027307780303025,1,1,0,0.5,1.0,0.6666666666666666,0.8027307780303025,1,1,0,0.5,1.0,0.6666666666666666,0.8027307780303025,0,0,0,0.0,0.0,0.0,0,0,0,0.0,0.0,0.0
Visual Genome,2366193,24,5,17,0,9,121,18,121,139,82,0,0,18,0.014299429999994118,0.01163991500004613,0.0,0.01163991500004613,0.011949010000023463,0.026248887999997805,Optimal,0,none,7.0208332382398435,0,28,100.0,100.0,100.0,2.0,2,7,3,0.2222222222222222,0.4,0.2857142857142857,0.8017267949135661,2,7,3,0.2222222222222222,0.4,0.2857142857142857,0.8017267949135661,2,7,3,0.2222222222222222,0.4,0.2857142857142857,0.8017267949135661,0,0,0,0.0,0.0,0.0,0,0,0,0.0,0.0,0.0
Visual Genome,2366660,23,3,7,0,3,14,6,14,20,10,0,0,6,0.014964716999998018,0.006794162000005599,0.0,0.006794162000005599,0.006923257999972066,0.021888531000001876,Optimal,0,none,2.6713639162164773,0,10,100.0,100.0,100.0,2.0,1,2,2,0.3333333333333333,0.3333333333333333,0.3333333333333333,0.944537047709943,1,2,2,0.3333333333333333,0.3333333333333333,0.3333333333333333,0.944537047709943,1,2,2,0.3333333333333333,0.3333333333333333,0.3333333333333333,0.944537047709943,0,0,0,0.0,0.0,0.0,0,0,0,0.0,0.0,0.0
Visual Genome,2367354,37,2,17,0,9,142,18,142,160,82,0,0,18,0.013923159999990276,0.012355133000028218,0.0,0.012355133000028218,0.012687210999956733,0.026610747999995965,Optimal,0,none,7.42840755939484,0,28,100.0,100.0,100.0,2.0,2,7,0,0.2222222222222222,1.0,0.3636363636363636,0.804161880835255,2,7,0,0.2222222222222222,1.0,0.3636363636363636,0.804161880835255,2,7,0,0.2222222222222222,1.0,0.3636363636363636,0.804161880835255,0,0,0,0.0,0.0,0.0,0,0,0,0.0,0.0,0.0
Visual Genome,2368110,37,1,24,0,16,348,32,348,380,257,0,0,32,0.017089836999957697,0.021963115000005473,0.0,0.021963115000005473,0.022545205999961127,0.03963552299995854,Optimal,0,none,12.253336573449815,0,49,100.0,100.0,100.0,2.0,0,16,1,0.0,0.0,0.0,0.0,0,16,1,0.0,0.0,0.0,0.0,0,16,1,0.0,0.0,0.0,0.0,0,0,0,0.0,0.0,0.0,0,0,0,0.0,0.0,0.0
Visual Genome,2368192,33,0,37,0,4,20,8,20,28,17,0,0,8,0.013381550000019615,0.007736036999972384,0.0,0.007736036999972384,0.00791445999999496,0.021296548000009352,Optimal,0,none,3.3233218876520803,0,13,100.0,100.0,100.0,2.0,0,4,0,0.0,0.0,0.0,0.0,0,4,0,0.0,0.0,0.0,0.0,0,4,0,0.0,0.0,0.0,0.0,0,0,0,0.0,0.0,0.0,0,0,0,0.0,0.0,0.0
Visual Genome,2368508,29,2,10,0,12,239,24,239,263,145,0,0,24,0.015748970000004192,0.016952213000024585,0.0,0.016952213000024585,0.017431672999975945,0.03318125600003441,Optimal,0,none,9.66932037084198,0,37,100.0,100.0,100.0,2.0,0,12,2,0.0,0.0,0.0,0.0,0,12,2,0.0,0.0,0.0,0.0,0,12,2,0.0,0.0,0.0,0.0,0,0,0,0.0,0.0,0.0,0,0,0,0.0,0.0,0.0
Visual Genome,2368774,9,1,34,0,1,0,2,0,2,1,0,0,2,0.013186477000033392,0.006452134000028309,0.0,0.006452134000028309,0.006519630000013876,0.01970655100001295,Optimal,0,none,0.6369913736979167,0,2,100.0,100.0,100.0,2.0,1,0,0,1.0,1.0,1.0,0.9735759765124221,1,0,0,1.0,1.0,1.0,0.9735759765124221,1,0,0,1.0,1.0,1.0,0.9735759765124221,0,0,0,0.0,0.0,0.0,0,0,0,0.0,0.0,0.0
Visual Genome,2368817,18,0,10,0,1,0,2,0,2,1,0,0,2,0.013424696000015501,0.0063264379999736775,0.0,0.0063264379999736775,0.006418964000033611,0.019844131000013476,Optimal,0,none,0.5963319937388103,0,2,100.0,100.0,100.0,2.0,0,1,0,0.0,0.0,0.0,0.0,0,1,0,0.0,0.0,0.0,0.0,0,1,0,0.0,0.0,0.0,0.0,0,0,0,0.0,0.0,0.0,0,0,0,0.0,0.0,0.0
Visual Genome,2368996,26,0,17,0,4,21,8,21,29,17,0,0,8,0.014091121999967982,0.008094498000048134,0.0,0.008094498000048134,0.008242829000039364,0.022334472000011374,Optimal,0,none,3.0947903362909965,0,13,100.0,100.0,100.0,2.0,0,4,0,0.0,0.0,0.0,0.0,0,4,0,0.0,0.0,0.0,0.0,0,4,0,0.0,0.0,0.0,0.0,0,0,0,0.0,0.0,0.0,0,0,0,0.0,0.0,0.0
Visual Genome,2369534,20,0,23,0,1,0,2,0,2,1,0,0,2,0.01213920500003951,0.006134172000031413,0.0,0.006134172000031413,0.0062208109999914996,0.018360502999996697,Optimal,0,none,0.5949761311213175,0,2,100.0,100.0,100.0,2.0,0,1,0,0.0,0.0,0.0,0.0,0,1,0,0.0,0.0,0.0,0.0,0,1,0,0.0,0.0,0.0,0.0,0,0,0,0.0,0.0,0.0,0,0,0,0.0,0.0,0.0
Visual Genome,2369615,25,9,17,0,13,313,26,313,339,170,0,0,26,0.015122007000002213,0.017947291000041332,0.0,0.017947291000041332,0.018439384999965114,0.03356182700002819,Optimal,0,none,10.386930720482404,0,40,100.0,100.0,100.0,2.0,7,6,2,0.5384615384615384,0.7777777777777778,0.6363636363636364,0.7874401110891681,7,6,2,0.5384615384615384,0.7777777777777778,0.6363636363636364,0.7874401110891681,7,6,2,0.5384615384615384,0.7777777777777778,0.6363636363636364,0.7874401110891681,0,0,0,0.0,0.0,0.0,0,0,0,0.0,0.0,0.0
Visual Genome,2370016,32,1,14,0,5,40,10,40,50,26,0,0,10,0.014621107999971628,0.008332854999991923,0.0,0.008332854999991923,0.00852579299998979,0.02314730599999848,Optimal,0,none,4.067109812239957,0,16,100.0,100.0,100.0,2.0,0,5,1,0.0,0.0,0.0,0.7943040579683818,0,5,1,0.0,0.0,0.0,0.7943040579683818,0,5,1,0.0,0.0,0.0,0.7943040579683818,0,0,0,0.0,0.0,0.0,0,0,0,0.0,0.0,0.0
Visual Genome,2370071,58,0,40,0,1,0,2,0,2,1,0,0,2,0.014328660999979093,0.006511404000036691,0.0,0.006511404000036691,0.006582437000020036,0.02091152799999918,Optimal,0,none,0.6200937191645304,0,2,100.0,100.0,100.0,2.0,0,1,0,0.0,0.0,0.0,0.0,0,1,0,0.0,0.0,0.0,0.0,0,1,0,0.0,0.0,0.0,0.0,0,0,0,0.0,0.0,0.0,0,0,0,0.0,0.0,0.0
Visual Genome,2370681,26,0,16,0,5,43,10,43,53,26,0,0,10,0.013152273999992303,0.009994893999987653,0.0,0.009994893999987653,0.010193182000023171,0.023345947999985128,Optimal,0,none,4.309359520276389,0,16,100.0,100.0,100.0,2.0,0,5,0,0.0,0.0,0.0,0.0,0,5,0,0.0,0.0,0.0,0.0,0,5,0,0.0,0.0,0.0,0.0,0,0,0,0.0,0.0,0.0,0,0,0,0.0,0.0,0.0
Visual Genome,2370826,42,6,15,0,3,11,6,11,17,10,0,0,6,0.01304455499996493,0.006876309000006131,0.0,0.006876309000006131,0.007006114999967394,0.0200511269999879,Optimal,0,none,2.489775135252162,0,10,100.0,100.0,100.0,2.0,1,2,5,0.3333333333333333,0.16666666666666666,0.2222222222222222,0.8514258980387372,1,2,5,0.3333333333333333,0.16666666666666666,0.2222222222222222,0.8514258980387372,1,2,5,0.3333333333333333,0.16666666666666666,0.2222222222222222,0.8514258980387372,0,0,0,0.0,0.0,0.0,0,0,0,0.0,0.0,0.0
Visual Genome,2371479,8,0,18,0,2,5,4,5,9,5,0,0,4,0.014173483000035958,0.006540634999964823,0.0,0.006540634999964823,0.006643924999991668,0.020817864000036934,Optimal,0,none,1.511533610855454,0,5,100.0,100.0,100.0,2.0,0,2,0,0.0,0.0,0.0,0.0,0,2,0,0.0,0.0,0.0,0.0,0,2,0,0.0,0.0,0.0,0.0,0,0,0,0.0,0.0,0.0,0,0,0,0.0,0.0,0.0
Visual Genome,2371520,16,1,14,0,2,6,4,6,10,5,0,0,4,0.013138028000014401,0.0065357589999734955,0.0,0.0065357589999734955,0.006635183000014422,0.019773643000007723,Optimal,0,none,1.5521272691090906,0,5,100.0,100.0,100.0,2.0,1,1,0,0.5,1.0,0.6666666666666666,0.9722370321974267,1,1,0,0.5,1.0,0.6666666666666666,0.9722370321974267,1,1,0,0.5,1.0,0.6666666666666666,0.9722370321974267,0,0,0,0.0,0.0,0.0,0,0,0,0.0,0.0,0.0
Visual Genome,2371844,32,0,20,0,1,0,2,0,2,1,0,0,2,0.014954693999982283,0.006653943999992862,0.0,0.006653943999992862,0.006725896000034481,0.021681052000019463,Optimal,0,none,0.6153026501337687,0,2,100.0,100.0,100.0,2.0,0,1,0,0.0,0.0,0.0,0.0,0,1,0,0.0,0.0,0.0,0.0,0,1,0,0.0,0.0,0.0,0.0,0,0,0,0.0,0.0,0.0,0,0,0,0.0,0.0,0.0
Visual Genome,2372054,15,0,7,0,9,131,18,131,149,82,0,0,18,0.013914690999968116,0.0115052799999944,0.0,0.0115052799999944,0.01182843000003686,0.025743565999960083,Optimal,0,none,6.933813493251803,0,28,100.0,100.0,100.0,2.0,0,9,0,0.0,0.0,0.0,0.0,0,9,0,0.0,0.0,0.0,0.0,0,9,0,0.0,0.0,0.0,0.0,0,0,0,0.0,0.0,0.0,0,0,0,0.0,0.0,0.0
Visual Genome,2372677,18,0,25,0,1,0,2,0,2,1,0,0,2,0.012772480000023734,0.006087282999999388,0.0,0.006087282999999388,0.006165435000013986,0.018938359999992826,Optimal,0,none,0.6191528956095378,0,2,100.0,100.0,100.0,2.0,0,1,0,0.0,0.0,0.0,0.0,0,1,0,0.0,0.0,0.0,0.0,0,1,0,0.0,0.0,0.0,0.0,0,0,0,0.0,0.0,0.0,0,0,0,0.0,0.0,0.0
Visual Genome,2373246,29,2,10,0,7,74,14,74,88,50,0,0,14,0.014228333000005478,0.010007915000016965,0.0,0.010007915000016965,0.010260750000043117,0.024489471000038066,Optimal,0,none,6.141801326631531,0,22,100.0,100.0,100.0,2.0,2,5,0,0.2857142857142857,1.0,0.4444444444444445,0.9666060664790499,2,5,0,0.2857142857142857,1.0,0.4444444444444445,0.9666060664790499,2,5,0,0.2857142857142857,1.0,0.4444444444444445,0.9666060664790499,0,0,0,0.0,0.0,0.0,0,0,0,0.0,0.0,0.0
Visual Genome,2373277,16,0,14,0,3,10,6,10,16,10,0,0,6,0.013146478999999545,0.006960415999969882,0.0,0.006960415999969882,0.0070805649999670095,0.02022756699994943,Optimal,0,none,2.518497653007508,0,10,100.0,100.0,100.0,2.0,0,3,0,0.0,0.0,0.0,0.0,0,3,0,0.0,0.0,0.0,0.0,0,3,0,0.0,0.0,0.0,0.0,0,0,0,0.0,0.0,0.0,0,0,0,0.0,0.0,0.0
Visual Genome,2373324,28,3,12,0,7,73,14,73,87,50,0,0,14,0.014273682000009558,0.009331198000040786,0.0,0.009331198000040786,0.00955954500000189,0.023833597000020745,Optimal,0,none,5.9798932003557494,0,22,100.0,100.0,100.0,2.0,3,4,0,0.42857142857142855,1.0,0.6,0.9028823782123999,3,4,0,0.42857142857142855,1.0,0.6,0.9028823782123999,3,4,0,0.42857142857142855,1.0,0.6,0.9028823782123999,0,0,0,0.0,0.0,0.0,0,0,0,0.0,0.0,0.0
Visual Genome,2373416,26,3,17,0,8,102,16,102,118,65,0,0,16,0.016584410999996635,0.010524292000013702,0.0,0.010524292000013702,0.010831368999959068,0.027416282999979558,Optimal,0,none,6.916693251927696,0,25,100.0,100.0,100.0,2.0,1,7,2,0.125,0.3333333333333333,0.18181818181818182,0.7743484016201378,1,7,2,0.125,0.3333333333333333,0.18181818181818182,0.7743484016201378,1,7,2,0.125,0.3333333333333333,0.18181818181818182,0.7743484016201378,0,0,0,0.0,0.0,0.0,0,0,0,0.0,0.0,0.0
Visual Genome,2373675,33,1,19,0,0,0,0,0,0,0,0,0,1,0.012413116999994145,0.004907901999956721,0.0,0.004907901999956721,0.004945838000026015,0.017359336999959396,Optimal,0,none,,0,1,100.0,0.0,0.0,0.0,0,0,1,0.0,0.0,0.0,0.0,0,0,1,0.0,0.0,0.0,0.0,0,0,1,0.0,0.0,0.0,0.0,0,0,0,0.0,0.0,0.0,0,0,0,0.0,0.0,0.0
Visual Genome,2374347,30,1,32,0,3,13,6,13,19,10,0,0,6,0.014328057999989596,0.006691191999948387,0.0,0.006691191999948387,0.006815603999996256,0.021144096000000445,Optimal,0,none,2.51635895729065,0,10,100.0,100.0,100.0,2.0,0,3,1,0.0,0.0,0.0,0.0,0,3,1,0.0,0.0,0.0,0.0,0,3,1,0.0,0.0,0.0,0.0,0,0,0,0.0,0.0,0.0,0,0,0,0.0,0.0,0.0
Visual Genome,2375149,18,1,23,0,4,26,8,26,34,17,0,0,8,0.012858639000000949,0.007906281000032322,0.0,0.007906281000032322,0.008057876999998825,0.02091699800001834,Optimal,0,none,3.8129729620842916,0,13,100.0,100.0,100.0,2.0,1,3,0,0.25,1.0,0.4,0.9557630451098762,1,3,0,0.25,1.0,0.4,0.9557630451098762,1,3,0,0.25,1.0,0.4,0.9557630451098762,0,0,0,0.0,0.0,0.0,0,0,0,0.0,0.0,0.0
Visual Genome,2375342,30,0,34,0,13,273,26,273,299,170,0,0,26,0.01508409500002017,0.01658140900002536,0.0,0.01658140900002536,0.017026035000014872,0.032110593000027166,Optimal,0,none,11.023785773721304,0,40,100.0,100.0,100.0,2.0,0,13,0,0.0,0.0,0.0,0.0,0,13,0,0.0,0.0,0.0,0.0,0,13,0,0.0,0.0,0.0,0.0,0,0,0,0.0,0.0,0.0,0,0,0,0.0,0.0,0.0
Visual Genome,2375655,25,1,17,0,1,0,2,0,2,1,0,0,2,0.012532389000000421,0.006082190999961767,0.0,0.006082190999961767,0.006146117000014328,0.018678896999972494,Optimal,0,none,0.6020429293314615,0,2,100.0,100.0,100.0,2.0,1,0,0,1.0,1.0,1.0,0.8105545949681806,1,0,0,1.0,1.0,1.0,0.8105545949681806,1,0,0,1.0,1.0,1.0,0.8105545949681806,0,0,0,0.0,0.0,0.0,0,0,0,0.0,0.0,0.0
Visual Genome,2375995,6,2,16,0,4,24,8,24,32,17,0,0,8,0.017103350000013506,0.007695775000001959,0.0,0.007695775000001959,0.00785317300000088,0.024957000000028984,Optimal,0,none,3.2314864508310963,0,13,100.0,100.0,100.0,2.0,2,2,0,0.5,1.0,0.6666666666666666,0.8676748654298814,2,2,0,0.5,1.0,0.6666666666666666,0.8676748654298814,2,2,0,0.5,1.0,0.6666666666666666,0.8676748654298814,0,0,0,0.0,0.0,0.0,0,0,0,0.0,0.0,0.0
Visual Genome,2376311,28,2,20,0,4,17,8,17,25,17,0,0,8,0.01360930699996743,0.007925711000041247,0.0,0.007925711000041247,0.008069440999975086,0.021679195999979584,Optimal,0,none,3.5896782700220755,0,13,100.0,100.0,100.0,2.0,2,2,0,0.5,1.0,0.6666666666666666,0.8921250120923783,2,2,0,0.5,1.0,0.6666666666666666,0.8921250120923783,2,2,0,0.5,1.0,0.6666666666666666,0.8921250120923783,0,0,0,0.0,0.0,0.0,0,0,0,0.0,0.0,0.0
Visual Genome,2376313,22,0,11,0,2,2,4,2,6,5,0,0,4,0.014249172000006638,0.006739527999968686,0.0,0.006739527999968686,0.006849352000017461,0.021098979999976564,Optimal,0,none,1.5211857446034747,0,5,100.0,100.0,100.0,2.0,0,2,0,0.0,0.0,0.0,0.0,0,2,0,0.0,0.0,0.0,0.0,0,2,0,0.0,0.0,0.0,0.0,0,0,0,0.0,0.0,0.0,0,0,0,0.0,0.0,0.0
Visual Genome,2376333,24,2,44,0,3,12,6,12,18,10,0,0,6,0.012832365999997819,0.007087953999985075,0.0,0.007087953999985075,0.007227465000028133,0.020060307999983706,Optimal,0,none,2.5628041958808905,0,10,100.0,100.0,100.0,2.0,2,1,0,0.6666666666666666,1.0,0.8,0.6420651687523234,2,1,0,0.6666666666666666,1.0,0.8,0.6420651687523234,2,1,0,0.6666666666666666,1.0,0.8,0.6420651687523234,0,0,0,0.0,0.0,0.0,0,0,0,0.0,0.0,0.0
Visual Genome,2376562,25,3,26,0,7,77,14,77,91,50,0,0,14,0.014456271000028664,0.01032664299998487,0.0,0.01032664299998487,0.010579190999976618,0.02503598700002385,Optimal,0,none,5.833025721837033,0,22,100.0,100.0,100.0,2.0,2,5,1,0.2857142857142857,0.6666666666666666,0.4,0.827644078393735,2,5,1,0.2857142857142857,0.6666666666666666,0.4,0.827644078393735,2,5,1,0.2857142857142857,0.6666666666666666,0.4,0.827644078393735,0,0,0,0.0,0.0,0.0,0,0,0,0.0,0.0,0.0
Visual Genome,2377208,28,1,25,0,3,11,6,11,17,10,0,0,6,0.014343463999978212,0.006681627999967077,0.0,0.006681627999967077,0.006809412999984943,0.021153282999989642,Optimal,0,none,2.5409275436401373,0,10,100.0,100.0,100.0,2.0,1,2,0,0.3333333333333333,1.0,0.5,0.6587808123042451,1,2,0,0.3333333333333333,1.0,0.5,0.6587808123042451,1,2,0,0.3333333333333333,1.0,0.5,0.6587808123042451,0,0,0,0.0,0.0,0.0,0,0,0,0.0,0.0,0.0
Visual Genome,2377681,24,1,21,0,8,109,16,109,125,65,0,0,16,0.014883720999989691,0.01074338500001204,0.0,0.01074338500001204,0.011005601000022125,0.02588977599998543,Optimal,0,none,6.891861604060166,0,25,100.0,100.0,100.0,2.0,0,8,1,0.0,0.0,0.0,0.0,0,8,1,0.0,0.0,0.0,0.0,0,8,1,0.0,0.0,0.0,0.0,0,0,0,0.0,0.0,0.0,0,0,0,0.0,0.0,0.0
Visual Genome,2378406,44,6,37,0,6,34,12,34,46,37,0,0,12,0.014290115999983755,0.008344501000010496,0.0,0.008344501000010496,0.00854378399998268,0.022834331000012753,Optimal,0,none,4.241435096263886,0,19,100.0,100.0,100.0,2.0,3,3,3,0.5,0.5,0.5,0.8166123155257042,3,3,3,0.5,0.5,0.5,0.8166123155257042,3,3,3,0.5,0.5,0.5,0.8166123155257042,0,0,0,0.0,0.0,0.0,0,0,0,0.0,0.0,0.0
Visual Genome,2379084,18,0,28,0,3,12,6,12,18,10,0,0,6,0.01402824900003452,0.007218971999975565,0.0,0.007218971999975565,0.00737220499996738,0.021400991000007252,Optimal,0,none,2.5618163204193123,0,10,100.0,100.0,100.0,2.0,0,3,0,0.0,0.0,0.0,0.0,0,3,0,0.0,0.0,0.0,0.0,0,3,0,0.0,0.0,0.0,0.0,0,0,0,0.0,0.0,0.0,0,0,0,0.0,0.0,0.0
Visual Genome,2379285,20,0,7,0,4,18,8,18,26,17,0,0,8,0.01420004900001004,0.00783769999998185,0.0,0.00783769999998185,0.007992118000004211,0.022192500000016935,Optimal,0,none,3.670406014124554,0,13,100.0,100.0,100.0,2.0,0,4,0,0.0,0.0,0.0,0.0,0,4,0,0.0,0.0,0.0,0.0,0,4,0,0.0,0.0,0.0,0.0,0,0,0,0.0,0.0,0.0,0,0,0,0.0,0.0,0.0
Visual Genome,2379457,18,2,15,1,1,0,2,0,2,1,0,0,2,0.013321125000004486,0.006734463999976015,0.0,0.006734463999976015,0.006806053000047996,0.020127549999983785,Optimal,0,none,0.6069845596949259,0,2,100.0,100.0,100.0,2.0,1,0,1,1.0,0.5,0.6666666666666666,0.9644248297935641,1,0,1,1.0,0.5,0.6666666666666666,0.9644248297935641,1,0,1,1.0,0.5,0.6666666666666666,0.9644248297935641,0,0,1,0.0,0.0,0.0,0,0,1,0.0,0.0,0.0
Visual Genome,2379567,26,1,21,0,4,16,8,16,24,17,0,0,8,0.014386128000012377,0.007929592000039065,0.0,0.007929592000039065,0.008090224000000035,0.02247687700003098,Optimal,0,none,3.4470169703165703,0,13,100.0,100.0,100.0,2.0,1,3,0,0.25,1.0,0.4,0.9819032603496385,1,3,0,0.25,1.0,0.4,0.9819032603496385,1,3,0,0.25,1.0,0.4,0.9819032603496385,0,0,0,0.0,0.0,0.0,0,0,0,0.0,0.0,0.0
Visual Genome,2379786,22,2,23,1,2,4,4,4,8,5,0,0,4,0.014716200999998819,0.006605066999952669,0.0,0.006605066999952669,0.006700741999964066,0.021417326999994657,Optimal,0,none,1.5785281451543174,0,5,100.0,100.0,100.0,2.0,2,0,0,1.0,1.0,1.0,0.9618426506064761,2,0,0,1.0,1.0,1.0,0.9618426506064761,2,0,0,1.0,1.0,1.0,0.9618426506064761,0,2,1,0.0,0.0,0.0,0,2,1,0.0,0.0,0.0
Visual Genome,2379993,19,0,20,0,5,36,10,36,46,26,0,0,10,0.014763493000032213,0.008035898999992241,0.0,0.008035898999992241,0.008215782999968724,0.0229797769999891,Optimal,0,none,4.259810038407645,0,16,100.0,100.0,100.0,2.0,0,5,0,0.0,0.0,0.0,0.0,0,5,0,0.0,0.0,0.0,0.0,0,5,0,0.0,0.0,0.0,0.0,0,0,0,0.0,0.0,0.0,0,0,0,0.0,0.0,0.0
Visual Genome,2380286,21,1,25,0,3,10,6,10,16,10,0,0,6,0.012921457000004466,0.008025692999979128,0.0,0.008025692999979128,0.008151913999995486,0.021073839999985466,Optimal,0,none,2.67391161441803,0,10,100.0,100.0,100.0,2.0,1,2,0,0.3333333333333333,1.0,0.5,0.7216540727958111,1,2,0,0.3333333333333333,1.0,0.5,0.7216540727958111,1,2,0,0.3333333333333333,1.0,0.5,0.7216540727958111,0,0,0,0.0,0.0,0.0,0,0,0,0.0,0.0,0.0
Visual Genome,2380294,28,5,44,0,10,162,20,162,182,101,0,0,20,0.014369353000006413,0.012716130000001158,0.0,0.012716130000001158,0.013121173999991242,0.02749103000002151,Optimal,0,none,8.070404768516756,0,31,100.0,100.0,100.0,2.0,5,5,0,0.5,1.0,0.6666666666666666,0.8381764773874426,5,5,0,0.5,1.0,0.6666666666666666,0.8381764773874426,5,5,0,0.5,1.0,0.6666666666666666,0.8381764773874426,0,0,0,0.0,0.0,0.0,0,0,0,0.0,0.0,0.0
Visual Genome,2380388,21,0,20,0,6,66,12,66,78,37,0,0,12,0.014832511000008708,0.009144618000050286,0.0,0.009144618000050286,0.009374765000018215,0.024207832000001872,Optimal,0,none,4.699310761813714,0,19,100.0,100.0,100.0,2.0,0,6,0,0.0,0.0,0.0,0.0,0,6,0,0.0,0.0,0.0,0.0,0,6,0,0.0,0.0,0.0,0.0,0,0,0,0.0,0.0,0.0,0,0,0,0.0,0.0,0.0
Visual Genome,2380673,22,0,5,0,0,0,0,0,0,0,0,0,1,0.012778615000001992,0.005102424000028805,0.0,0.005102424000028805,0.005141326999989815,0.017920285000002423,Optimal,0,none,,0,1,100.0,0.0,0.0,0.0,0,0,0,0.0,0.0,0.0,0.0,0,0,0,0.0,0.0,0.0,0.0,0,0,0,0.0,0.0,0.0,0.0,0,0,0,0.0,0.0,0.0,0,0,0,0.0,0.0,0.0
Visual Genome,2380711,17,1,26,0,2,4,4,4,8,5,0,0,4,0.013545573999977023,0.006668369999999868,0.0,0.006668369999999868,0.006772181999963323,0.020318213999985346,Optimal,0,none,1.4079134376843774,0,5,100.0,100.0,100.0,2.0,1,1,0,0.5,1.0,0.6666666666666666,0.9592121428860978,1,1,0,0.5,1.0,0.6666666666666666,0.9592121428860978,1,1,0,0.5,1.0,0.6666666666666666,0.9592121428860978,0,0,0,0.0,0.0,0.0,0,0,0,0.0,0.0,0.0
Visual Genome,2380719,27,6,19,0,11,207,22,207,229,122,0,0,22,0.01476824700000634,0.01431340600004205,0.0,0.01431340600004205,0.01469262500000923,0.02946129600002223,Optimal,0,none,9.36569820171251,0,34,100.0,100.0,100.0,2.0,4,7,2,0.36363636363636365,0.6666666666666666,0.4705882352941177,0.7910234209233572,4,7,2,0.36363636363636365,0.6666666666666666,0.4705882352941177,0.7910234209233572,4,7,2,0.36363636363636365,0.6666666666666666,0.4705882352941177,0.7910234209233572,0,0,0,0.0,0.0,0.0,0,0,0,0.0,0.0,0.0
Visual Genome,2380732,32,5,39,3,9,127,18,127,145,82,0,0,18,0.01511271399999714,0.011660835999975916,0.0,0.011660835999975916,0.011952118000010614,0.02706570599997349,Optimal,0,none,7.780353612206532,0,28,100.0,100.0,100.0,2.0,3,6,2,0.3333333333333333,0.6,0.42857142857142855,0.8815305159523931,3,6,2,0.3333333333333333,0.6,0.42857142857142855,0.8815305159523931,3,6,2,0.3333333333333333,0.6,0.42857142857142855,0.8815305159523931,0,0,3,0.0,0.0,0.0,0,0,3,0.0,0.0,0.0
Visual Genome,2380910,17,1,26,0,3,11,6,11,17,10,0,0,6,0.01386701000001267,0.007059625000010783,0.0,0.007059625000010783,0.007190140999966843,0.02105760500000997,Optimal,0,none,2.3983079515878174,0,10,100.0,100.0,100.0,2.0,1,2,0,0.3333333333333333,1.0,0.5,0.9155847540428212,1,2,0,0.3333333333333333,1.0,0.5,0.9155847540428212,1,2,0,0.3333333333333333,1.0,0.5,0.9155847540428212,0,0,0,0.0,0.0,0.0,0,0,0,0.0,0.0,0.0
Visual Genome,2381146,24,1,34,0,4,23,8,23,31,17,0,0,8,0.014286324000011064,0.007677294000018264,0.0,0.007677294000018264,0.007832485999983874,0.02211945999999898,Optimal,0,none,3.453788248527146,0,13,100.0,100.0,100.0,2.0,1,3,0,0.25,1.0,0.4,0.94221015579727,1,3,0,0.25,1.0,0.4,0.94221015579727,1,3,0,0.25,1.0,0.4,0.94221015579727,0,0,0,0.0,0.0,0.0,0,0,0,0.0,0.0,0.0
Visual Genome,2381575,10,0,27,0,1,0,2,0,2,1,0,0,2,0.013167150000015226,0.006300544999987778,0.0,0.006300544999987778,0.006392769999990833,0.01956038000002991,Optimal,0,none,0.5924026886622111,0,2,100.0,100.0,100.0,2.0,0,1,0,0.0,0.0,0.0,0.0,0,1,0,0.0,0.0,0.0,0.0,0,1,0,0.0,0.0,0.0,0.0,0,0,0,0.0,0.0,0.0,0,0,0,0.0,0.0,0.0
Visual Genome,2381641,13,4,21,0,13,277,26,277,303,170,0,0,26,0.014672500000017408,0.018648975999951745,0.0,0.018648975999951745,0.019113414000003104,0.0337864460000219,Optimal,0,none,10.680733380244915,0,40,100.0,100.0,100.0,2.0,3,10,1,0.23076923076923078,0.75,0.3529411764705882,0.7687616785956773,3,10,1,0.23076923076923078,0.75,0.3529411764705882,0.7687616785956773,3,10,1,0.23076923076923078,0.75,0.3529411764705882,0.7687616785956773,0,0,0,0.0,0.0,0.0,0,0,0,0.0,0.0,0.0
Visual Genome,2382289,16,0,28,0,2,2,4,2,6,5,0,0,4,0.014313240000035421,0.007025099000031787,0.0,0.007025099000031787,0.007164268999986234,0.021478063000017755,Optimal,0,none,1.3788528831799827,0,5,100.0,100.0,100.0,2.0,0,2,0,0.0,0.0,0.0,0.0,0,2,0,0.0,0.0,0.0,0.0,0,2,0,0.0,0.0,0.0,0.0,0,0,0,0.0,0.0,0.0,0,0,0,0.0,0.0,0.0
Visual Genome,2382368,24,2,6,0,6,52,12,52,64,37,0,0,12,0.0143839169999751,0.008784372000036456,0.0,0.008784372000036456,0.00902346300000545,0.0234082719999833,Optimal,0,none,4.961906766891481,0,19,100.0,100.0,100.0,2.0,1,5,1,0.16666666666666666,0.5,0.25,0.5900527047356758,1,5,1,0.16666666666666666,0.5,0.25,0.5900527047356758,1,5,1,0.16666666666666666,0.5,0.25,0.5900527047356758,0,0,0,0.0,0.0,0.0,0,0,0,0.0,0.0,0.0
Visual Genome,2382609,23,2,36,0,13,283,26,283,309,170,0,0,26,0.01492906400000038,0.017282956000030936,0.0,0.017282956000030936,0.017732252000030257,0.032661781999991035,Optimal,0,none,10.90836806493476,0,40,100.0,100.0,100.0,2.0,1,12,1,0.07692307692307693,0.5,0.13333333333333336,0.9362432005506065,1,12,1,0.07692307692307693,0.5,0.13333333333333336,0.9362432005506065,1,12,1,0.07692307692307693,0.5,0.13333333333333336,0.9362432005506065,0,0,0,0.0,0.0,0.0,0,0,0,0.0,0.0,0.0
Visual Genome,2382779,23,1,32,0,1,0,2,0,2,1,0,0,2,0.014582143999973596,0.006377802999963933,0.0,0.006377802999963933,0.0064498909999883836,0.021032687000001715,Optimal,0,none,0.621933929125468,0,2,100.0,100.0,100.0,2.0,1,0,0,1.0,1.0,1.0,0.9366134492685653,1,0,0,1.0,1.0,1.0,0.9366134492685653,1,0,0,1.0,1.0,1.0,0.9366134492685653,0,0,0,0.0,0.0,0.0,0,0,0,0.0,0.0,0.0
Visual Genome,2382880,22,2,34,1,2,2,4,2,6,5,0,0,4,0.014132023000001936,0.006482562999963193,0.0,0.006482562999963193,0.006595532000005733,0.020728041000040776,Optimal,0,none,1.5364444382985432,0,5,100.0,100.0,100.0,2.0,2,0,0,1.0,1.0,1.0,0.9644299972906968,2,0,0,1.0,1.0,1.0,0.9644299972906968,2,0,0,1.0,1.0,1.0,0.9644299972906968,0,2,1,0.0,0.0,0.0,0,2,1,0.0,0.0,0.0
Visual Genome,2383143,46,3,17,1,2,2,4,2,6,5,0,0,4,0.014706343000000288,0.006441719999997986,0.0,0.006441719999997986,0.006539244000009603,0.021246111000039036,Optimal,0,none,1.2676314123471577,0,5,100.0,100.0,100.0,2.0,1,1,2,0.5,0.3333333333333333,0.4,0.8967788408006196,1,1,2,0.5,0.3333333333333333,0.4,0.8967788408006196,1,1,2,0.5,0.3333333333333333,0.4,0.8967788408006196,0,0,1,0.0,0.0,0.0,0,0,1,0.0,0.0,0.0
Visual Genome,2383321,16,1,8,0,4,26,8,26,34,17,0,0,8,0.01508832799999027,0.007924596000009387,0.0,0.007924596000009387,0.00808574199999157,0.023174643999993805,Optimal,0,none,3.5203962794939687,0,13,100.0,100.0,100.0,2.0,1,3,0,0.25,1.0,0.4,0.9453517630809188,1,3,0,0.25,1.0,0.4,0.9453517630809188,1,3,0,0.25,1.0,0.4,0.9453517630809188,0,0,0,0.0,0.0,0.0,0,0,0,0.0,0.0,0.0
Visual Genome,2383979,18,2,12,0,4,22,8,22,30,17,0,0,8,0.015349128999957884,0.007324449999998706,0.0,0.007324449999998706,0.007471646999988479,0.022821185999987392,Optimal,0,none,3.2284246293703727,0,13,100.0,100.0,100.0,2.0,1,3,1,0.25,0.5,0.3333333333333333,0.5570951727689705,1,3,1,0.25,0.5,0.3333333333333333,0.5570951727689705,1,3,1,0.25,0.5,0.3333333333333333,0.5570951727689705,0,0,0,0.0,0.0,0.0,0,0,0,0.0,0.0,0.0
Visual Genome,2383998,26,0,31,0,2,2,4,2,6,5,0,0,4,0.012847261999979764,0.006759144000000106,0.0,0.006759144000000106,0.0068710549999764226,0.019718801000010444,Optimal,0,none,1.525738433202108,0,5,100.0,100.0,100.0,2.0,0,2,0,0.0,0.0,0.0,0.0,0,2,0,0.0,0.0,0.0,0.0,0,2,0,0.0,0.0,0.0,0.0,0,0,0,0.0,0.0,0.0,0,0,0,0.0,0.0,0.0
Visual Genome,2384583,18,0,12,0,1,0,2,0,2,1,0,0,2,0.013486021000005621,0.006867785999986609,0.0,0.006867785999986609,0.006933297000045968,0.020419719000017267,Optimal,0,none,0.6069163719813029,0,2,100.0,100.0,100.0,2.0,0,1,0,0.0,0.0,0.0,0.0,0,1,0,0.0,0.0,0.0,0.0,0,1,0,0.0,0.0,0.0,0.0,0,0,0,0.0,0.0,0.0,0,0,0,0.0,0.0,0.0
Visual Genome,2384873,21,2,29,0,3,12,6,12,18,10,0,0,6,0.013486218000025474,0.0069956710000269595,0.0,0.0069956710000269595,0.007126656000025378,0.02061329400004297,Optimal,0,none,2.293894689431352,0,10,100.0,100.0,100.0,2.0,0,3,2,0.0,0.0,0.0,0.6239795399151861,0,3,2,0.0,0.0,0.0,0.6239795399151861,0,3,2,0.0,0.0,0.0,0.6239795399151861,0,0,0,0.0,0.0,0.0,0,0,0,0.0,0.0,0.0
Visual Genome,2384897,18,0,22,0,4,24,8,24,32,17,0,0,8,0.014043905999983508,0.007716275999996469,0.0,0.007716275999996469,0.007882774999984576,0.021927181000023666,Optimal,0,none,3.808010106481235,0,13,100.0,100.0,100.0,2.0,0,4,0,0.0,0.0,0.0,0.0,0,4,0,0.0,0.0,0.0,0.0,0,4,0,0.0,0.0,0.0,0.0,0,0,0,0.0,0.0,0.0,0,0,0,0.0,0.0,0.0
Visual Genome,2385235,25,0,33,0,0,0,0,0,0,0,0,0,1,0.012267957000005936,0.005134316000010131,0.0,0.005134316000010131,0.0051716769999643475,0.017439954999986185,Optimal,0,none,,0,1,100.0,0.0,0.0,0.0,0,0,0,0.0,0.0,0.0,0.0,0,0,0,0.0,0.0,0.0,0.0,0,0,0,0.0,0.0,0.0,0.0,0,0,0,0.0,0.0,0.0,0,0,0,0.0,0.0,0.0
Visual Genome,2385443,5,0,12,0,3,12,6,12,18,10,0,0,6,0.0145114640000088,0.007240800000033687,0.0,0.007240800000033687,0.007392031999984283,0.021903980999979922,Optimal,0,none,2.750568981170655,0,10,100.0,100.0,100.0,2.0,0,3,0,0.0,0.0,0.0,0.0,0,3,0,0.0,0.0,0.0,0.0,0,3,0,0.0,0.0,0.0,0.0,0,0,0,0.0,0.0,0.0,0,0,0,0.0,0.0,0.0
Visual Genome,2386236,9,0,26,0,3,8,6,8,14,10,0,0,6,0.01377835400001004,0.00713310899999442,0.0,0.00713310899999442,0.0072709460000055515,0.021049837000020943,Optimal,0,none,2.203212458743578,0,10,100.0,100.0,100.0,2.0,0,3,0,0.0,0.0,0.0,0.0,0,3,0,0.0,0.0,0.0,0.0,0,3,0,0.0,0.0,0.0,0.0,0,0,0,0.0,0.0,0.0,0,0,0,0.0,0.0,0.0
Visual Genome,2386409,21,0,18,0,1,0,2,0,2,1,0,0,2,0.01427301600000419,0.006264539000028435,0.0,0.006264539000028435,0.006331595000006018,0.020604993999995713,Optimal,0,none,0.621640960375468,0,2,100.0,100.0,100.0,2.0,0,1,0,0.0,0.0,0.0,0.0,0,1,0,0.0,0.0,0.0,0.0,0,1,0,0.0,0.0,0.0,0.0,0,0,0,0.0,0.0,0.0,0,0,0,0.0,0.0,0.0
Visual Genome,2386658,24,0,18,0,1,0,2,0,2,1,0,0,2,0.01259856300004003,0.006647596999982852,0.0,0.006647596999982852,0.006715428000006796,0.019314451000013833,Optimal,0,none,0.6265020291010539,0,2,100.0,100.0,100.0,2.0,0,1,0,0.0,0.0,0.0,0.0,0,1,0,0.0,0.0,0.0,0.0,0,1,0,0.0,0.0,0.0,0.0,0,0,0,0.0,0.0,0.0,0,0,0,0.0,0.0,0.0
Visual Genome,2386697,22,0,37,0,1,0,2,0,2,1,0,0,2,0.012626327000020865,0.00625302600002442,0.0,0.00625302600002442,0.006318432999989909,0.018945158999997602,Optimal,0,none,0.6049474636713663,0,2,100.0,100.0,100.0,2.0,0,1,0,0.0,0.0,0.0,0.0,0,1,0,0.0,0.0,0.0,0.0,0,1,0,0.0,0.0,0.0,0.0,0,0,0,0.0,0.0,0.0,0,0,0,0.0,0.0,0.0
Visual Genome,2387359,44,0,38,0,8,110,16,110,126,65,0,0,16,0.014524348999998438,0.011329389999957584,0.0,0.011329389999957584,0.01165176900002507,0.026176659999975982,Optimal,0,none,6.594341915448509,0,25,100.0,100.0,100.0,2.0,0,8,0,0.0,0.0,0.0,0.0,0,8,0,0.0,0.0,0.0,0.0,0,8,0,0.0,0.0,0.0,0.0,0,0,0,0.0,0.0,0.0,0,0,0,0.0,0.0,0.0
Visual Genome,2387380,30,0,36,0,1,0,2,0,2,1,0,0,2,0.01307025600004863,0.007853630999989036,0.0,0.007853630999989036,0.008106811999994079,0.02117779600001768,Optimal,0,none,0.6316531340281168,0,2,100.0,100.0,100.0,2.0,0,1,0,0.0,0.0,0.0,0.0,0,1,0,0.0,0.0,0.0,0.0,0,1,0,0.0,0.0,0.0,0.0,0,0,0,0.0,0.0,0.0,0,0,0,0.0,0.0,0.0
Visual Genome,2387453,11,1,4,0,10,170,20,170,190,101,0,0,20,0.014655406000031235,0.01375303999998323,0.0,0.01375303999998323,0.01410758800000167,0.028763505000029,Optimal,0,none,8.792570515245602,0,31,100.0,100.0,100.0,2.0,1,9,0,0.1,1.0,0.18181818181818182,0.9271578025397303,1,9,0,0.1,1.0,0.18181818181818182,0.9271578025397303,1,9,0,0.1,1.0,0.18181818181818182,0.9271578025397303,0,0,0,0.0,0.0,0.0,0,0,0,0.0,0.0,0.0
Visual Genome,2387511,27,2,13,0,1,0,2,0,2,1,0,0,2,0.013101990999984992,0.00738999100002502,0.0,0.00738999100002502,0.007479742999976224,0.02058228200002077,Optimal,0,none,0.6414102474848429,0,2,100.0,100.0,100.0,2.0,1,0,1,1.0,0.5,0.6666666666666666,0.9480294866598885,1,0,1,1.0,0.5,0.6666666666666666,0.9480294866598885,1,0,1,1.0,0.5,0.6666666666666666,0.9480294866598885,0,0,0,0.0,0.0,0.0,0,0,0,0.0,0.0,0.0
Visual Genome,2388051,21,2,14,0,3,8,6,8,14,10,0,0,6,0.014148543000032987,0.006720781000012721,0.0,0.006720781000012721,0.006902609999997367,0.021051728000031744,Optimal,0,none,2.4113866223118774,0,10,100.0,100.0,100.0,2.0,2,1,0,0.6666666666666666,1.0,0.8,0.6772746660054639,2,1,0,0.6666666666666666,1.0,0.8,0.6772746660054639,2,1,0,0.6666666666666666,1.0,0.8,0.6772746660054639,0,0,0,0.0,0.0,0.0,0,0,0,0.0,0.0,0.0
Visual Genome,2388069,25,1,27,0,3,10,6,10,16,10,0,0,6,0.012440300000037041,0.006875071000024491,0.0,0.006875071000024491,0.0070133760000317125,0.019454177000000072,Optimal,0,none,2.4880364966392525,0,10,100.0,100.0,100.0,2.0,0,3,1,0.0,0.0,0.0,0.0,0,3,1,0.0,0.0,0.0,0.0,0,3,1,0.0,0.0,0.0,0.0,0,0,0,0.0,0.0,0.0,0,0,0,0.0,0.0,0.0
Visual Genome,2388190,11,2,9,0,5,38,10,38,48,26,0,0,10,0.015733054000008906,0.008090059999972254,0.0,0.008090059999972254,0.008289707000017188,0.024023252999995748,Optimal,0,none,4.101579666932425,0,16,100.0,100.0,100.0,2.0,1,4,1,0.2,0.5,0.28571428571428575,0.9104290135329718,1,4,1,0.2,0.5,0.28571428571428575,0.9104290135329718,1,4,1,0.2,0.5,0.28571428571428575,0.9104290135329718,0,0,0,0.0,0.0,0.0,0,0,0,0.0,0.0,0.0
Visual Genome,2388367,19,1,11,0,5,43,10,43,53,26,0,0,10,0.015265595000016674,0.008870721999983289,0.0,0.008870721999983289,0.009071548999997958,0.024337591000005432,Optimal,0,none,4.118728143534977,0,16,100.0,100.0,100.0,2.0,1,4,0,0.2,1.0,0.33333333333333337,0.8776213506291872,1,4,0,0.2,1.0,0.33333333333333337,0.8776213506291872,1,4,0,0.2,1.0,0.33333333333333337,0.8776213506291872,0,0,0,0.0,0.0,0.0,0,0,0,0.0,0.0,0.0
Visual Genome,2388946,18,2,13,0,4,21,8,21,29,17,0,0,8,0.013747931000011704,0.00731908399995973,0.0,0.00731908399995973,0.007474230000013904,0.02122258200000715,Optimal,0,none,3.3315881101290397,0,13,100.0,100.0,100.0,2.0,2,2,0,0.5,1.0,0.6666666666666666,0.6703326216018306,2,2,0,0.5,1.0,0.6666666666666666,0.6703326216018306,2,2,0,0.5,1.0,0.6666666666666666,0.6703326216018306,0,0,0,0.0,0.0,0.0,0,0,0,0.0,0.0,0.0
Visual Genome,2389025,2,0,1,0,30,1671,60,1671,1731,901,0,0,60,0.022981227999991916,0.07042146399999183,0.0,0.07042146399999183,0.0721760140000356,0.09515785399997867,Optimal,0,none,24.157793785745238,0,91,100.0,100.0,100.0,2.0,0,30,0,0.0,0.0,0.0,0.0,0,30,0,0.0,0.0,0.0,0.0,0,30,0,0.0,0.0,0.0,0.0,0,0,0,0.0,0.0,0.0,0,0,0,0.0,0.0,0.0
Visual Genome,2389145,36,6,38,1,8,108,16,108,124,65,0,0,16,0.015512308999973357,0.012555852999980743,0.0,0.012555852999980743,0.012926188000051297,0.028439090000006217,Optimal,0,none,6.644140249093375,0,25,100.0,100.0,100.0,2.0,4,4,2,0.5,0.6666666666666666,0.5714285714285715,0.7307540873696319,4,4,2,0.5,0.6666666666666666,0.5714285714285715,0.7307540873696319,4,4,2,0.5,0.6666666666666666,0.5714285714285715,0.7307540873696319,0,1,1,0.0,0.0,0.0,0,2,1,0.0,0.0,0.0
Visual Genome,2389222,14,0,6,0,2,4,4,4,8,5,0,0,4,0.01431137699989904,0.006727867999984483,0.0,0.006727867999984483,0.006842729000027248,0.02115457799993692,Optimal,0,none,1.5069041045506797,0,5,100.0,100.0,100.0,2.0,0,2,0,0.0,0.0,0.0,0.0,0,2,0,0.0,0.0,0.0,0.0,0,2,0,0.0,0.0,0.0,0.0,0,0,0,0.0,0.0,0.0,0,0,0,0.0,0.0,0.0
Visual Genome,2389596,21,0,26,0,2,6,4,6,10,5,0,0,4,0.014091590000020915,0.006633892999957425,0.0,0.006633892999957425,0.0067375950000041485,0.02082968299998811,Optimal,0,none,1.5683644088109339,0,5,100.0,100.0,100.0,2.0,0,2,0,0.0,0.0,0.0,0.0,0,2,0,0.0,0.0,0.0,0.0,0,2,0,0.0,0.0,0.0,0.0,0,0,0,0.0,0.0,0.0,0,0,0,0.0,0.0,0.0
Visual Genome,2390045,12,1,7,0,4,23,8,23,31,17,0,0,8,0.014106287999993583,0.007455091999986507,0.0,0.007455091999986507,0.007604022000009536,0.02171069799999259,Optimal,0,none,3.42941322485606,0,13,100.0,100.0,100.0,2.0,1,3,0,0.25,1.0,0.4,0.9443840321725907,1,3,0,0.25,1.0,0.4,0.9443840321725907,1,3,0,0.25,1.0,0.4,0.9443840321725907,0,0,0,0.0,0.0,0.0,0,0,0,0.0,0.0,0.0
Visual Genome,2390293,23,1,14,0,2,4,4,4,8,5,0,0,4,0.014900902000022143,0.006708698000011282,0.0,0.006708698000011282,0.006810091999909673,0.021711477000053492,Optimal,0,none,1.5290918620427454,0,5,100.0,100.0,100.0,2.0,1,1,0,0.5,1.0,0.6666666666666666,0.9538427338742848,1,1,0,0.5,1.0,0.6666666666666666,0.9538427338742848,1,1,0,0.5,1.0,0.6666666666666666,0.9538427338742848,0,0,0,0.0,0.0,0.0,0,0,0,0.0,0.0,0.0
Visual Genome,2390699,27,2,2,0,8,102,16,102,118,65,0,0,16,0.012901341999963734,0.010685463999948297,0.0,0.010685463999948297,0.01095799100005479,0.023859799999968345,Optimal,0,none,7.278147247246076,0,25,100.0,100.0,100.0,2.0,2,6,0,0.25,1.0,0.4,0.9170420031123248,2,6,0,0.25,1.0,0.4,0.9170420031123248,2,6,0,0.25,1.0,0.4,0.9170420031123248,0,0,0,0.0,0.0,0.0,0,0,0,0.0,0.0,0.0
Visual Genome,2391028,29,0,16,0,3,14,6,14,20,10,0,0,6,0.013867344999994202,0.007001196999908643,0.0,0.007001196999908643,0.007130798999924082,0.020998596999902475,Optimal,0,none,2.417169711589814,0,10,100.0,100.0,100.0,2.0,0,3,0,0.0,0.0,0.0,0.0,0,3,0,0.0,0.0,0.0,0.0,0,3,0,0.0,0.0,0.0,0.0,0,0,0,0.0,0.0,0.0,0,0,0,0.0,0.0,0.0
Visual Genome,2391050,12,1,2,0,14,306,28,306,334,197,0,0,28,0.015711825000039426,0.01840061500001866,0.0,0.01840061500001866,0.018895315999998274,0.0346075730000166,Optimal,0,none,11.533840050951403,0,43,100.0,100.0,100.0,2.0,1,13,0,0.07142857142857142,1.0,0.13333333333333333,0.7493429973622909,1,13,0,0.07142857142857142,1.0,0.13333333333333333,0.7493429973622909,1,13,0,0.07142857142857142,1.0,0.13333333333333333,0.7493429973622909,0,0,0,0.0,0.0,0.0,0,0,0,0.0,0.0,0.0
Visual Genome,2392484,4,0,13,0,4,20,8,20,28,17,0,0,8,0.01290241000003789,0.0075195469999016495,0.0,0.0075195469999016495,0.007667570999956297,0.020570437000060338,Optimal,0,none,3.5964749112637744,0,13,100.0,100.0,100.0,2.0,0,4,0,0.0,0.0,0.0,0.0,0,4,0,0.0,0.0,0.0,0.0,0,4,0,0.0,0.0,0.0,0.0,0,0,0,0.0,0.0,0.0,0,0,0,0.0,0.0,0.0
Visual Genome,2392623,14,0,20,0,2,2,4,2,6,5,0,0,4,0.012284836999924664,0.006327100000021346,0.0,0.006327100000021346,0.0064215449999665,0.018707053999946766,Optimal,0,none,1.3860303290685017,0,5,100.0,100.0,100.0,2.0,0,2,0,0.0,0.0,0.0,0.0,0,2,0,0.0,0.0,0.0,0.0,0,2,0,0.0,0.0,0.0,0.0,0,0,0,0.0,0.0,0.0,0,0,0,0.0,0.0,0.0
Visual Genome,2393640,14,0,27,0,1,0,2,0,2,1,0,0,2,0.013623281000036513,0.007665221999900496,0.0,0.007665221999900496,0.007746373000031781,0.02137029400000756,Optimal,0,none,0.5941985766092936,0,2,100.0,100.0,100.0,2.0,0,1,0,0.0,0.0,0.0,0.0,0,1,0,0.0,0.0,0.0,0.0,0,1,0,0.0,0.0,0.0,0.0,0,0,0,0.0,0.0,0.0,0,0,0,0.0,0.0,0.0
Visual Genome,2393968,39,1,79,0,1,0,2,0,2,1,0,0,2,0.014776736000044366,0.006368872000052761,0.0,0.006368872000052761,0.006437531000074159,0.0212150530001054,Optimal,0,none,0.45129539171854655,0,2,100.0,100.0,100.0,2.0,0,1,1,0.0,0.0,0.0,0.0,0,1,1,0.0,0.0,0.0,0.0,0,1,1,0.0,0.0,0.0,0.0,0,0,0,0.0,0.0,0.0,0,0,0,0.0,0.0,0.0
Visual Genome,2394145,40,1,44,0,2,4,4,4,8,5,0,0,4,0.0133184030000848,0.006579336999948282,0.0,0.006579336999948282,0.006675265000012587,0.019994165000071007,Optimal,0,none,1.4575288565953577,0,5,100.0,100.0,100.0,2.0,0,2,1,0.0,0.0,0.0,0.0,0,2,1,0.0,0.0,0.0,0.0,0,2,1,0.0,0.0,0.0,0.0,0,0,0,0.0,0.0,0.0,0,0,0,0.0,0.0,0.0
Visual Genome,2394523,16,0,28,0,1,0,2,0,2,1,0,0,2,0.013059165999948164,0.00620575599998574,0.0,0.00620575599998574,0.006284505999929024,0.01934425399997508,Optimal,0,none,0.6502946535746257,0,2,100.0,100.0,100.0,2.0,0,1,0,0.0,0.0,0.0,0.0,0,1,0,0.0,0.0,0.0,0.0,0,1,0,0.0,0.0,0.0,0.0,0,0,0,0.0,0.0,0.0,0,0,0,0.0,0.0,0.0
Visual Genome,2395092,29,3,48,0,8,100,16,100,116,65,0,0,16,0.014977036999994198,0.01070204300003752,0.0,0.01070204300003752,0.010969115999955648,0.025946604000068874,Optimal,0,none,6.918275621732079,0,25,100.0,100.0,100.0,2.0,2,6,1,0.25,0.6666666666666666,0.36363636363636365,0.7754447371587372,2,6,1,0.25,0.6666666666666666,0.36363636363636365,0.7754447371587372,2,6,1,0.25,0.6666666666666666,0.36363636363636365,0.7754447371587372,0,0,0,0.0,0.0,0.0,0,0,0,0.0,0.0,0.0
Visual Genome,2395198,10,0,20,0,0,0,0,0,0,0,0,0,1,0.012186928999994961,0.0051644289999330795,0.0,0.0051644289999330795,0.005205741999930069,0.017393073999983244,Optimal,0,none,,0,1,100.0,0.0,0.0,0.0,0,0,0,0.0,0.0,0.0,0.0,0,0,0,0.0,0.0,0.0,0.0,0,0,0,0.0,0.0,0.0,0.0,0,0,0,0.0,0.0,0.0,0,0,0,0.0,0.0,0.0
Visual Genome,2395697,6,0,4,0,4,21,8,21,29,17,0,0,8,0.014216148999935285,0.00763771699996596,0.0,0.00763771699996596,0.007784351000054812,0.022000896999998076,Optimal,0,none,3.6482866921911943,0,13,100.0,100.0,100.0,2.0,0,4,0,0.0,0.0,0.0,0.0,0,4,0,0.0,0.0,0.0,0.0,0,4,0,0.0,0.0,0.0,0.0,0,0,0,0.0,0.0,0.0,0,0,0,0.0,0.0,0.0
Visual Genome,2395770,16,0,8,0,2,4,4,4,8,5,0,0,4,0.014575847999935831,0.006927027999950042,0.0,0.006927027999950042,0.007027897000057237,0.021604157999945528,Optimal,0,none,1.370866456826528,0,5,100.0,100.0,100.0,2.0,0,2,0,0.0,0.0,0.0,0.0,0,2,0,0.0,0.0,0.0,0.0,0,2,0,0.0,0.0,0.0,0.0,0,0,0,0.0,0.0,0.0,0,0,0,0.0,0.0,0.0
Visual Genome,2395864,23,0,15,0,3,10,6,10,16,10,0,0,6,0.013604353000005176,0.006993458000010833,0.0,0.006993458000010833,0.007119528999965041,0.02072439400001258,Optimal,0,none,2.708591074943543,0,10,100.0,100.0,100.0,2.0,0,3,0,0.0,0.0,0.0,0.0,0,3,0,0.0,0.0,0.0,0.0,0,3,0,0.0,0.0,0.0,0.0,0,0,0,0.0,0.0,0.0,0,0,0,0.0,0.0,0.0
Visual Genome,2396008,21,0,21,0,3,10,6,10,16,10,0,0,6,0.015711750000036773,0.0076374050000822535,0.0,0.0076374050000822535,0.007781615999988389,0.02349382800002786,Optimal,0,none,2.278009399491381,0,10,100.0,100.0,100.0,2.0,0,3,0,0.0,0.0,0.0,0.0,0,3,0,0.0,0.0,0.0,0.0,0,3,0,0.0,0.0,0.0,0.0,0,0,0,0.0,0.0,0.0,0,0,0,0.0,0.0,0.0
Visual Genome,2396300,49,2,59,1,2,4,4,4,8,5,0,0,4,0.014005098999973598,0.007106009000040103,0.0,0.007106009000040103,0.00720605499998328,0.021211624999978085,Optimal,0,none,1.3467780621846517,0,5,100.0,100.0,100.0,2.0,1,1,1,0.5,0.5,0.5,0.9101042150971752,1,1,1,0.5,0.5,0.5,0.9101042150971752,1,1,1,0.5,0.5,0.5,0.9101042150971752,0,0,1,0.0,0.0,0.0,0,0,1,0.0,0.0,0.0
Visual Genome,2396794,12,0,17,0,0,0,0,0,0,0,0,0,1,0.011291367000012542,0.005132370000069386,0.0,0.005132370000069386,0.005205715999977656,0.016497506000064277,Optimal,0,none,,0,1,100.0,0.0,0.0,0.0,0,0,0,0.0,0.0,0.0,0.0,0,0,0,0.0,0.0,0.0,0.0,0,0,0,0.0,0.0,0.0,0.0,0,0,0,0.0,0.0,0.0,0,0,0,0.0,0.0,0.0
Visual Genome,2397054,31,0,58,0,11,204,22,204,226,122,0,0,22,0.01581926200003636,0.014048026000068603,0.0,0.014048026000068603,0.014424713000039446,0.03024444000004678,Optimal,0,none,9.240498074039678,0,34,100.0,100.0,100.0,2.0,0,11,0,0.0,0.0,0.0,0.0,0,11,0,0.0,0.0,0.0,0.0,0,11,0,0.0,0.0,0.0,0.0,0,0,0,0.0,0.0,0.0,0,0,0,0.0,0.0,0.0
Visual Genome,2397354,5,2,1,0,2,2,4,2,6,5,0,0,4,0.013858588999937638,0.0064976370000522365,0.0,0.0064976370000522365,0.006591104999984054,0.020450173999961407,Optimal,0,none,1.4537658103307087,0,5,100.0,100.0,100.0,2.0,1,1,1,0.5,0.5,0.5,0.875618698865749,1,1,1,0.5,0.5,0.5,0.875618698865749,1,1,1,0.5,0.5,0.5,0.875618698865749,0,0,0,0.0,0.0,0.0,0,0,0,0.0,0.0,0.0
Visual Genome,2397355,26,1,34,0,2,4,4,4,8,5,0,0,4,0.013635043000022051,0.006377877999966586,0.0,0.006377877999966586,0.006479075000015655,0.020114534999947864,Optimal,0,none,1.4436279328664146,0,5,100.0,100.0,100.0,2.0,0,2,1,0.0,0.0,0.0,0.0,0,2,1,0.0,0.0,0.0,0.0,0,2,1,0.0,0.0,0.0,0.0,0,0,0,0.0,0.0,0.0,0,0,0,0.0,0.0,0.0
Visual Genome,2397722,20,0,14,0,2,4,4,4,8,5,0,0,4,0.012779666000028556,0.00640006399999038,0.0,0.00640006399999038,0.006495004000043991,0.019275235999998586,Optimal,0,none,1.4130027087529502,0,5,100.0,100.0,100.0,2.0,0,2,0,0.0,0.0,0.0,0.0,0,2,0,0.0,0.0,0.0,0.0,0,2,0,0.0,0.0,0.0,0.0,0,0,0,0.0,0.0,0.0,0,0,0,0.0,0.0,0.0
Visual Genome,2397905,27,2,24,0,7,73,14,73,87,50,0,0,14,0.014679074000014225,0.009901246999902469,0.0,0.009901246999902469,0.010132157000043662,0.02481173800003944,Optimal,0,none,5.3801194016138725,0,22,100.0,100.0,100.0,2.0,1,6,1,0.14285714285714285,0.5,0.22222222222222224,0.7842495849588886,1,6,1,0.14285714285714285,0.5,0.22222222222222224,0.7842495849588886,1,6,1,0.14285714285714285,0.5,0.22222222222222224,0.7842495849588886,0,0,0,0.0,0.0,0.0,0,0,0,0.0,0.0,0.0
Visual Genome,2398185,19,0,20,0,1,0,2,0,2,1,0,0,2,0.011792526000022008,0.0059547219999558365,0.0,0.0059547219999558365,0.006020283000111704,0.017813240999998925,Optimal,0,none,0.5982215801874797,0,2,100.0,100.0,100.0,2.0,0,1,0,0.0,0.0,0.0,0.0,0,1,0,0.0,0.0,0.0,0.0,0,1,0,0.0,0.0,0.0,0.0,0,0,0,0.0,0.0,0.0,0,0,0,0.0,0.0,0.0
Visual Genome,2398459,23,0,37,0,2,2,4,2,6,5,0,0,4,0.013696045000074264,0.00679561599997669,0.0,0.00679561599997669,0.006895451999980651,0.020592112000031193,Optimal,0,none,1.493108738263448,0,5,100.0,100.0,100.0,2.0,0,2,0,0.0,0.0,0.0,0.0,0,2,0,0.0,0.0,0.0,0.0,0,2,0,0.0,0.0,0.0,0.0,0,0,0,0.0,0.0,0.0,0,0,0,0.0,0.0,0.0
Visual Genome,2398695,17,1,41,1,1,0,2,0,2,1,0,0,2,0.016390150999995967,0.007045896000022367,0.0,0.007045896000022367,0.007112942000048861,0.023503574999949706,Optimal,0,none,0.5396812121073404,0,2,100.0,100.0,100.0,2.0,1,0,0,1.0,1.0,1.0,0.7770374389683273,1,0,0,1.0,1.0,1.0,0.7770374389683273,1,0,0,1.0,1.0,1.0,0.7770374389683273,0,0,1,0.0,0.0,0.0,0,0,1,0.0,0.0,0.0
Visual Genome,2398805,15,0,23,0,8,102,16,102,118,65,0,0,16,0.014976601000057599,0.010219590000019707,0.0,0.010219590000019707,0.010526292000008652,0.025503360000016073,Optimal,0,none,7.0613372262318945,0,25,100.0,100.0,100.0,2.0,0,8,0,0.0,0.0,0.0,0.0,0,8,0,0.0,0.0,0.0,0.0,0,8,0,0.0,0.0,0.0,0.0,0,0,0,0.0,0.0,0.0,0,0,0,0.0,0.0,0.0
Visual Genome,2399024,26,1,17,0,22,831,44,831,875,485,0,0,44,0.01643728400006239,0.04016106699998545,0.0,0.04016106699998545,0.0411382820000199,0.057576259000029495,Optimal,0,none,18.274394483947958,0,67,100.0,100.0,100.0,2.0,1,21,0,0.045454545454545456,1.0,0.08695652173913045,0.8973843619759786,1,21,0,0.045454545454545456,1.0,0.08695652173913045,0.8973843619759786,1,21,0,0.045454545454545456,1.0,0.08695652173913045,0.8973843619759786,0,0,0,0.0,0.0,0.0,0,0,0,0.0,0.0,0.0
Visual Genome,2399108,20,0,7,0,1,0,2,0,2,1,0,0,2,0.014037705999953687,0.006415245999960462,0.0,0.006415245999960462,0.006486927999958425,0.020525219999967703,Optimal,0,none,0.6203032414118449,0,2,100.0,100.0,100.0,2.0,0,1,0,0.0,0.0,0.0,0.0,0,1,0,0.0,0.0,0.0,0.0,0,1,0,0.0,0.0,0.0,0.0,0,0,0,0.0,0.0,0.0,0,0,0,0.0,0.0,0.0
Visual Genome,2400148,20,0,8,0,9,125,18,125,143,82,0,0,18,0.014117405999968469,0.011597942999969746,0.0,0.011597942999969746,0.011900796999952945,0.026018951999958517,Optimal,0,none,8.294997451252923,0,28,100.0,100.0,100.0,2.0,0,9,0,0.0,0.0,0.0,0.0,0,9,0,0.0,0.0,0.0,0.0,0,9,0,0.0,0.0,0.0,0.0,0,0,0,0.0,0.0,0.0,0,0,0,0.0,0.0,0.0
Visual Genome,2400255,4,1,19,0,4,28,8,28,36,17,0,0,8,0.014100133000056303,0.0077304730000378186,0.0,0.0077304730000378186,0.007880000999989534,0.021980558999985078,Optimal,0,none,3.3058908272256318,0,13,100.0,100.0,100.0,2.0,1,3,0,0.25,1.0,0.4,0.6457312321875482,1,3,0,0.25,1.0,0.4,0.6457312321875482,1,3,0,0.25,1.0,0.4,0.6457312321875482,0,0,0,0.0,0.0,0.0,0,0,0,0.0,0.0,0.0
Visual Genome,2400322,31,0,22,0,22,865,44,865,909,485,0,0,44,0.017653260999964004,0.0382190029999947,0.0,0.0382190029999947,0.03921655099998134,0.056870474999982434,Optimal,0,none,18.59547027588406,0,67,100.0,100.0,100.0,2.0,0,22,0,0.0,0.0,0.0,0.0,0,22,0,0.0,0.0,0.0,0.0,0,22,0,0.0,0.0,0.0,0.0,0,0,0,0.0,0.0,0.0,0,0,0,0.0,0.0,0.0
Visual Genome,2400544,21,3,20,0,5,32,10,32,42,26,0,0,10,0.012869577000060417,0.007975984000040626,0.0,0.007975984000040626,0.008164422000049854,0.021034488000054807,Optimal,0,none,4.470992966492972,0,16,100.0,100.0,100.0,2.0,2,3,1,0.4,0.6666666666666666,0.5,0.8723738729911115,2,3,1,0.4,0.6666666666666666,0.5,0.8723738729911115,2,3,1,0.4,0.6666666666666666,0.5,0.8723738729911115,0,0,0,0.0,0.0,0.0,0,0,0,0.0,0.0,0.0
Visual Genome,2400777,5,1,12,0,1,0,2,0,2,1,0,0,2,0.013913863999960085,0.00614315899997564,0.0,0.00614315899997564,0.006211632000031386,0.0201259250000021,Optimal,0,none,0.6353842417399089,0,2,100.0,100.0,100.0,2.0,0,1,1,0.0,0.0,0.0,0.0,0,1,1,0.0,0.0,0.0,0.0,0,1,1,0.0,0.0,0.0,0.0,0,0,0,0.0,0.0,0.0,0,0,0,0.0,0.0,0.0
Visual Genome,2401046,46,2,42,0,18,548,36,548,584,325,0,0,36,0.016153432999999495,0.028201443999932962,0.0,0.028201443999932962,0.02912200200000825,0.04527603300005012,Optimal,0,none,13.874926178956422,0,55,100.0,100.0,100.0,2.0,1,17,1,0.05555555555555555,0.5,0.09999999999999999,0.9239373094023102,1,17,1,0.05555555555555555,0.5,0.09999999999999999,0.9239373094023102,1,17,1,0.05555555555555555,0.5,0.09999999999999999,0.9239373094023102,0,0,0,0.0,0.0,0.0,0,0,0,0.0,0.0,0.0
Visual Genome,2401262,22,1,22,0,9,138,18,138,156,82,0,0,18,0.014524319999964064,0.012114132999954563,0.0,0.012114132999954563,0.012487151999948765,0.02701203499998428,Optimal,0,none,7.668294130928528,0,28,100.0,100.0,100.0,2.0,1,8,0,0.1111111111111111,1.0,0.19999999999999998,0.942720337968296,1,8,0,0.1111111111111111,1.0,0.19999999999999998,0.942720337968296,1,8,0,0.1111111111111111,1.0,0.19999999999999998,0.942720337968296,0,0,0,0.0,0.0,0.0,0,0,0,0.0,0.0,0.0
Visual Genome,2401768,9,0,23,0,2,4,4,4,8,5,0,0,4,0.013002120000010109,0.006660951999947429,0.0,0.006660951999947429,0.006818105999968793,0.019820875999926102,Optimal,0,none,1.3502222569783533,0,5,100.0,100.0,100.0,2.0,0,2,0,0.0,0.0,0.0,0.0,0,2,0,0.0,0.0,0.0,0.0,0,2,0,0.0,0.0,0.0,0.0,0,0,0,0.0,0.0,0.0,0,0,0,0.0,0.0,0.0
Visual Genome,2401798,34,2,4,0,3,10,6,10,16,10,0,0,6,0.012679459999958453,0.006757655999990675,0.0,0.006757655999990675,0.006879526000034275,0.01955942799997956,Optimal,0,none,2.583794279098511,0,10,100.0,100.0,100.0,2.0,2,1,0,0.6666666666666666,1.0,0.8,0.8678119118329747,2,1,0,0.6666666666666666,1.0,0.8,0.8678119118329747,2,1,0,0.6666666666666666,1.0,0.8,0.8678119118329747,0,0,0,0.0,0.0,0.0,0,0,0,0.0,0.0,0.0
Visual Genome,2401971,32,4,45,0,6,56,12,56,68,37,0,0,12,0.0148333110000749,0.009139739000033842,0.0,0.009139739000033842,0.00934519299994463,0.024178957999993145,Optimal,0,none,5.115656957626344,0,19,100.0,100.0,100.0,2.0,4,2,0,0.6666666666666666,1.0,0.8,0.8601086458341748,4,2,0,0.6666666666666666,1.0,0.8,0.8601086458341748,4,2,0,0.6666666666666666,1.0,0.8,0.8601086458341748,0,0,0,0.0,0.0,0.0,0,0,0,0.0,0.0,0.0
Visual Genome,2402222,27,1,38,0,2,4,4,4,8,5,0,0,4,0.013803415999973367,0.006475266999927953,0.0,0.006475266999927953,0.006580833999919378,0.020384686999932455,Optimal,0,none,1.5336725505193076,0,5,100.0,100.0,100.0,2.0,1,1,0,0.5,1.0,0.6666666666666666,0.9359897706916649,1,1,0,0.5,1.0,0.6666666666666666,0.9359897706916649,1,1,0,0.5,1.0,0.6666666666666666,0.9359897706916649,0,0,0,0.0,0.0,0.0,0,0,0,0.0,0.0,0.0
Visual Genome,2402373,7,0,29,0,1,0,2,0,2,1,0,0,2,0.014111861000060344,0.006633712000052583,0.0,0.006633712000052583,0.006703321000031792,0.020815650000031383,Optimal,0,none,0.489576784769694,0,2,100.0,100.0,100.0,2.0,0,1,0,0.0,0.0,0.0,0.0,0,1,0,0.0,0.0,0.0,0.0,0,1,0,0.0,0.0,0.0,0.0,0,0,0,0.0,0.0,0.0,0,0,0,0.0,0.0,0.0
Visual Genome,2402873,39,3,25,0,11,215,22,215,237,122,0,0,22,0.014025166000010358,0.01488983100000496,0.0,0.01488983100000496,0.01528812099991228,0.029313705000049595,Optimal,0,none,8.464797582427636,0,34,100.0,100.0,100.0,2.0,0,11,3,0.0,0.0,0.0,0.9558202062645343,0,11,3,0.0,0.0,0.0,0.9558202062645343,0,11,3,0.0,0.0,0.0,0.9558202062645343,0,0,0,0.0,0.0,0.0,0,0,0,0.0,0.0,0.0
Visual Genome,2403106,23,0,13,0,3,10,6,10,16,10,0,0,6,0.014348130000030324,0.0073219669999389225,0.0,0.0073219669999389225,0.007462831999987429,0.02181146999998873,Optimal,0,none,2.818073363304139,0,10,100.0,100.0,100.0,2.0,0,3,0,0.0,0.0,0.0,0.0,0,3,0,0.0,0.0,0.0,0.0,0,3,0,0.0,0.0,0.0,0.0,0,0,0,0.0,0.0,0.0,0,0,0,0.0,0.0,0.0
Visual Genome,2404039,4,0,5,0,2,2,4,2,6,5,0,0,4,0.013847202999954789,0.006954487000029985,0.0,0.006954487000029985,0.0070638259999213915,0.020911538999939694,Optimal,0,none,1.4613645442326861,0,5,100.0,100.0,100.0,2.0,0,2,0,0.0,0.0,0.0,0.0,0,2,0,0.0,0.0,0.0,0.0,0,2,0,0.0,0.0,0.0,0.0,0,0,0,0.0,0.0,0.0,0,0,0,0.0,0.0,0.0
Visual Genome,2404251,28,0,20,0,1,0,2,0,2,1,0,0,2,0.013864840999985972,0.00640176500007783,0.0,0.00640176500007783,0.006469799000001331,0.0203350550000323,Optimal,0,none,0.5107000748316447,0,2,100.0,100.0,100.0,2.0,0,1,0,0.0,0.0,0.0,0.0,0,1,0,0.0,0.0,0.0,0.0,0,1,0,0.0,0.0,0.0,0.0,0,0,0,0.0,0.0,0.0,0,0,0,0.0,0.0,0.0
Visual Genome,2404690,31,3,38,0,16,489,32,489,521,257,0,0,32,0.016709089000073618,0.02601226400008727,0.0,0.02601226400008727,0.02671369400002277,0.043423421000056805,Optimal,0,none,13.258814948663101,0,49,100.0,100.0,100.0,2.0,2,14,1,0.125,0.6666666666666666,0.21052631578947367,0.9338007442961843,2,14,1,0.125,0.6666666666666666,0.21052631578947367,0.9338007442961843,2,14,1,0.125,0.6666666666666666,0.21052631578947367,0.9338007442961843,0,0,0,0.0,0.0,0.0,0,0,0,0.0,0.0,0.0
Visual Genome,2404756,29,1,47,0,3,11,6,11,17,10,0,0,6,0.015063542999996571,0.007219078000048285,0.0,0.007219078000048285,0.007355725000024904,0.0224197570000797,Optimal,0,none,2.4425706495024295,0,10,100.0,100.0,100.0,2.0,1,2,0,0.3333333333333333,1.0,0.5,0.7481921766613737,1,2,0,0.3333333333333333,1.0,0.5,0.7481921766613737,1,2,0,0.3333333333333333,1.0,0.5,0.7481921766613737,0,0,0,0.0,0.0,0.0,0,0,0,0.0,0.0,0.0
Visual Genome,2405144,21,2,11,0,2,4,4,4,8,5,0,0,4,0.014778263999914998,0.007125727000016013,0.0,0.007125727000016013,0.007256790000042201,0.022035549999941395,Optimal,0,none,1.3742481861103837,0,5,100.0,100.0,100.0,2.0,2,0,0,1.0,1.0,1.0,0.8773534433126005,2,0,0,1.0,1.0,1.0,0.8773534433126005,2,0,0,1.0,1.0,1.0,0.8773534433126005,0,0,0,0.0,0.0,0.0,0,0,0,0.0,0.0,0.0
Visual Genome,2405594,30,1,23,0,2,5,4,5,9,5,0,0,4,0.013805573000013283,0.006742372000076102,0.0,0.006742372000076102,0.006850870000107534,0.020656883000015114,Optimal,0,none,1.4896100412836293,0,5,100.0,100.0,100.0,2.0,1,1,0,0.5,1.0,0.6666666666666666,0.7742761072596874,1,1,0,0.5,1.0,0.6666666666666666,0.7742761072596874,1,1,0,0.5,1.0,0.6666666666666666,0.7742761072596874,0,0,0,0.0,0.0,0.0,0,0,0,0.0,0.0,0.0
Visual Genome,2406302,25,0,35,0,2,4,4,4,8,5,0,0,4,0.01367918500000087,0.006491991999951097,0.0,0.006491991999951097,0.006587329000012687,0.020266997000021547,Optimal,0,none,1.4831474097569783,0,5,100.0,100.0,100.0,2.0,0,2,0,0.0,0.0,0.0,0.0,0,2,0,0.0,0.0,0.0,0.0,0,2,0,0.0,0.0,0.0,0.0,0,0,0,0.0,0.0,0.0,0,0,0,0.0,0.0,0.0
Visual Genome,2406726,20,2,24,0,4,22,8,22,30,17,0,0,8,0.01385207900000296,0.008071180000001732,0.0,0.008071180000001732,0.008229702999983601,0.02208224399998926,Optimal,0,none,3.156122263206112,0,13,100.0,100.0,100.0,2.0,2,2,0,0.5,1.0,0.6666666666666666,0.9023003408029155,2,2,0,0.5,1.0,0.6666666666666666,0.9023003408029155,2,2,0,0.5,1.0,0.6666666666666666,0.9023003408029155,0,0,0,0.0,0.0,0.0,0,0,0,0.0,0.0,0.0
Visual Genome,2406748,30,2,44,0,14,366,28,366,394,197,0,0,28,0.015844978000018273,0.020448005000048397,0.0,0.020448005000048397,0.0209724979999919,0.0368179089999785,Optimal,0,none,11.514042719842495,0,43,100.0,100.0,100.0,2.0,1,13,1,0.07142857142857142,0.5,0.125,0.8133780807099547,1,13,1,0.07142857142857142,0.5,0.125,0.8133780807099547,1,13,1,0.07142857142857142,0.5,0.125,0.8133780807099547,0,0,0,0.0,0.0,0.0,0,0,0,0.0,0.0,0.0
Visual Genome,2406990,31,1,35,0,5,36,10,36,46,26,0,0,10,0.0148487250000926,0.00837206400001378,0.0,0.00837206400001378,0.00856137599998874,0.023410588000047028,Optimal,0,none,4.745133100102756,0,16,100.0,100.0,100.0,2.0,1,4,0,0.2,1.0,0.33333333333333337,0.9024504293007054,1,4,0,0.2,1.0,0.33333333333333337,0.9024504293007054,1,4,0,0.2,1.0,0.33333333333333337,0.9024504293007054,0,0,0,0.0,0.0,0.0,0,0,0,0.0,0.0,0.0
Visual Genome,2407062,30,1,32,0,23,916,46,916,962,530,0,0,46,0.0172353350000094,0.041229520000001685,0.0,0.041229520000001685,0.04230350299997099,0.05953933800003597,Optimal,0,none,18.025241370405674,0,70,100.0,100.0,100.0,2.0,1,22,0,0.043478260869565216,1.0,0.08333333333333333,0.8661688244416784,1,22,0,0.043478260869565216,1.0,0.08333333333333333,0.8661688244416784,1,22,0,0.043478260869565216,1.0,0.08333333333333333,0.8661688244416784,0,0,0,0.0,0.0,0.0,0,0,0,0.0,0.0,0.0
Visual Genome,2407236,16,2,12,0,2,4,4,4,8,5,0,0,4,0.013451201000066249,0.006557744999895476,0.0,0.006557744999895476,0.006656454999983907,0.020108055000036984,Optimal,0,none,1.5551517041524252,0,5,100.0,100.0,100.0,2.0,2,0,0,1.0,1.0,1.0,0.9494661353579216,2,0,0,1.0,1.0,1.0,0.9494661353579216,2,0,0,1.0,1.0,1.0,0.9494661353579216,0,0,0,0.0,0.0,0.0,0,0,0,0.0,0.0,0.0
Visual Genome,2407380,11,0,26,0,3,7,6,7,13,10,0,0,6,0.013794003000043631,0.007516741000017646,0.0,0.007516741000017646,0.007647259000009399,0.02144175199998699,Optimal,0,none,2.508938230782152,0,10,100.0,100.0,100.0,2.0,0,3,0,0.0,0.0,0.0,0.0,0,3,0,0.0,0.0,0.0,0.0,0,3,0,0.0,0.0,0.0,0.0,0,0,0,0.0,0.0,0.0,0,0,0,0.0,0.0,0.0
Visual Genome,2407567,19,0,14,0,1,0,2,0,2,1,0,0,2,0.01323378999995839,0.006428626000001714,0.0,0.006428626000001714,0.006510151000043152,0.01974440300000424,Optimal,0,none,0.6292114655176799,0,2,100.0,100.0,100.0,2.0,0,1,0,0.0,0.0,0.0,0.0,0,1,0,0.0,0.0,0.0,0.0,0,1,0,0.0,0.0,0.0,0.0,0,0,0,0.0,0.0,0.0,0,0,0,0.0,0.0,0.0
Visual Genome,2407743,27,2,33,0,3,8,6,8,14,10,0,0,6,0.012549465000006421,0.006901521000031607,0.0,0.006901521000031607,0.007087985999987723,0.019637909000039144,Optimal,0,none,2.4423657274246215,0,10,100.0,100.0,100.0,2.0,0,3,2,0.0,0.0,0.0,0.0,0,3,2,0.0,0.0,0.0,0.0,0,3,2,0.0,0.0,0.0,0.0,0,0,0,0.0,0.0,0.0,0,0,0,0.0,0.0,0.0
Visual Genome,2408419,27,1,19,0,5,39,10,39,49,26,0,0,10,0.014112500999999611,0.008679698000037206,0.0,0.008679698000037206,0.008891292000043904,0.023004236000019773,Optimal,0,none,4.040960276921591,0,16,100.0,100.0,100.0,2.0,1,4,0,0.2,1.0,0.33333333333333337,0.9704579380797779,1,4,0,0.2,1.0,0.33333333333333337,0.9704579380797779,1,4,0,0.2,1.0,0.33333333333333337,0.9704579380797779,0,0,0,0.0,0.0,0.0,0,0,0,0.0,0.0,0.0
Visual Genome,2408537,35,1,21,0,15,394,30,394,424,226,0,0,30,0.016693607999968663,0.02155827399997179,0.0,0.02155827399997179,0.022185557999932826,0.038879743999927996,Optimal,0,none,12.888601599974466,0,46,100.0,100.0,100.0,2.0,0,15,1,0.0,0.0,0.0,0.0,0,15,1,0.0,0.0,0.0,0.0,0,15,1,0.0,0.0,0.0,0.0,0,0,0,0.0,0.0,0.0,0,0,0,0.0,0.0,0.0
Visual Genome,2408545,16,0,25,0,1,0,2,0,2,1,0,0,2,0.01868968999997378,0.00661265500002628,0.0,0.00661265500002628,0.006681769000010718,0.025371956999947542,Optimal,0,none,0.6002487579981486,0,2,100.0,100.0,100.0,2.0,0,1,0,0.0,0.0,0.0,0.0,0,1,0,0.0,0.0,0.0,0.0,0,1,0,0.0,0.0,0.0,0.0,0,0,0,0.0,0.0,0.0,0,0,0,0.0,0.0,0.0
Visual Genome,2408628,31,1,50,0,6,60,12,60,72,37,0,0,12,0.014537889999928666,0.009191322999981821,0.0,0.009191322999981821,0.009440307000090797,0.02397876999998516,Optimal,0,none,4.897065429911257,0,19,100.0,100.0,100.0,2.0,0,6,1,0.0,0.0,0.0,0.0,0,6,1,0.0,0.0,0.0,0.0,0,6,1,0.0,0.0,0.0,0.0,0,0,0,0.0,0.0,0.0,0,0,0,0.0,0.0,0.0
Visual Genome,2408655,20,1,6,0,7,85,14,85,99,50,0,0,14,0.013684436000062306,0.010159105999946405,0.0,0.010159105999946405,0.010450977999994393,0.024135892000003878,Optimal,0,none,5.8004335387897585,0,22,100.0,100.0,100.0,2.0,0,7,1,0.0,0.0,0.0,0.0,0,7,1,0.0,0.0,0.0,0.0,0,7,1,0.0,0.0,0.0,0.0,0,0,0,0.0,0.0,0.0,0,0,0,0.0,0.0,0.0
Visual Genome,2408732,19,1,44,0,2,4,4,4,8,5,0,0,4,0.014879081999993105,0.007166195000081643,0.0,0.007166195000081643,0.007327536999923723,0.022207143999935397,Optimal,0,none,1.419661405881246,0,5,100.0,100.0,100.0,2.0,1,1,0,0.5,1.0,0.6666666666666666,0.8821846285887227,1,1,0,0.5,1.0,0.6666666666666666,0.8821846285887227,1,1,0,0.5,1.0,0.6666666666666666,0.8821846285887227,0,0,0,0.0,0.0,0.0,0,0,0,0.0,0.0,0.0
Visual Genome,2408931,39,1,59,0,1,0,2,0,2,1,0,0,2,0.014473315000032017,0.0064016950000223005,0.0,0.0064016950000223005,0.006468241999982638,0.02094195100005436,Optimal,0,none,0.6423979679743449,0,2,100.0,100.0,100.0,2.0,0,1,1,0.0,0.0,0.0,0.0,0,1,1,0.0,0.0,0.0,0.0,0,1,1,0.0,0.0,0.0,0.0,0,0,0,0.0,0.0,0.0,0,0,0,0.0,0.0,0.0
Visual Genome,2409452,26,0,24,0,10,136,20,136,156,101,0,0,20,0.016140480999979445,0.012745701999961057,0.0,0.012745701999961057,0.013090562000002137,0.02923157899999751,Optimal,0,none,8.047873969281305,0,31,100.0,100.0,100.0,2.0,0,10,0,0.0,0.0,0.0,0.0,0,10,0,0.0,0.0,0.0,0.0,0,10,0,0.0,0.0,0.0,0.0,0,0,0,0.0,0.0,0.0,0,0,0,0.0,0.0,0.0
Visual Genome,2409552,27,5,17,0,7,76,14,76,90,50,0,0,14,0.013996894999991127,0.009852493999915168,0.0,0.009852493999915168,0.01008676200001446,0.02408416200000829,Optimal,0,none,5.931086124706074,0,22,100.0,100.0,100.0,2.0,3,4,2,0.42857142857142855,0.6,0.5,0.7082774649445575,3,4,2,0.42857142857142855,0.6,0.5,0.7082774649445575,3,4,2,0.42857142857142855,0.6,0.5,0.7082774649445575,0,0,0,0.0,0.0,0.0,0,0,0,0.0,0.0,0.0
Visual Genome,2410121,31,0,40,0,2,4,4,4,8,5,0,0,4,0.012402305000023262,0.006857738000007885,0.0,0.006857738000007885,0.006969042000037007,0.01937184899998101,Optimal,0,none,1.3871429642041524,0,5,100.0,100.0,100.0,2.0,0,2,0,0.0,0.0,0.0,0.0,0,2,0,0.0,0.0,0.0,0.0,0,2,0,0.0,0.0,0.0,0.0,0,0,0,0.0,0.0,0.0,0,0,0,0.0,0.0,0.0
Visual Genome,2410242,39,4,40,0,7,80,14,80,94,50,0,0,14,0.014787978999947882,0.011792762000027324,0.0,0.011792762000027324,0.012023889000033705,0.026812370000016017,Optimal,0,none,6.262166463534039,0,22,100.0,100.0,100.0,2.0,3,4,1,0.42857142857142855,0.75,0.5454545454545454,0.839101703017035,3,4,1,0.42857142857142855,0.75,0.5454545454545454,0.839101703017035,3,4,1,0.42857142857142855,0.75,0.5454545454545454,0.839101703017035,0,0,0,0.0,0.0,0.0,0,0,0,0.0,0.0,0.0
Visual Genome,2410715,5,1,16,0,4,22,8,22,30,17,0,0,8,0.014042931000062708,0.007076395000012781,0.0,0.007076395000012781,0.007224010000072667,0.021267359000034958,Optimal,0,none,3.731633731524151,0,13,100.0,100.0,100.0,2.0,1,3,0,0.25,1.0,0.4,0.9671789551050197,1,3,0,0.25,1.0,0.4,0.9671789551050197,1,3,0,0.25,1.0,0.4,0.9671789551050197,0,0,0,0.0,0.0,0.0,0,0,0,0.0,0.0,0.0
Visual Genome,2410992,28,0,35,0,2,2,4,2,6,5,0,0,4,0.012862818999906267,0.0066825510000398936,0.0,0.0066825510000398936,0.0067782430000988825,0.01964149799994175,Optimal,0,none,1.5153093942006426,0,5,100.0,100.0,100.0,2.0,0,2,0,0.0,0.0,0.0,0.0,0,2,0,0.0,0.0,0.0,0.0,0,2,0,0.0,0.0,0.0,0.0,0,0,0,0.0,0.0,0.0,0,0,0,0.0,0.0,0.0
Visual Genome,2411122,34,2,56,0,1,0,2,0,2,1,0,0,2,0.012712861000068187,0.006423591000043416,0.0,0.006423591000043416,0.006508814999961032,0.0192221800000425,Optimal,0,none,0.5525416294733683,0,2,100.0,100.0,100.0,2.0,1,0,1,1.0,0.5,0.6666666666666666,0.630330861091809,1,0,1,1.0,0.5,0.6666666666666666,0.630330861091809,1,0,1,1.0,0.5,0.6666666666666666,0.630330861091809,0,0,0,0.0,0.0,0.0,0,0,0,0.0,0.0,0.0
Visual Genome,2411532,8,0,29,0,9,122,18,122,140,82,0,0,18,0.014503633999993326,0.011746048999953018,0.0,0.011746048999953018,0.012056146999952944,0.0265602529999569,Optimal,0,none,7.504488491633528,0,28,100.0,100.0,100.0,2.0,0,9,0,0.0,0.0,0.0,0.0,0,9,0,0.0,0.0,0.0,0.0,0,9,0,0.0,0.0,0.0,0.0,0,0,0,0.0,0.0,0.0,0,0,0,0.0,0.0,0.0
Visual Genome,2411908,15,1,27,0,1,0,2,0,2,1,0,0,2,0.014452577000042766,0.0062311860000363595,0.0,0.0062311860000363595,0.006299398000010115,0.02075234599999476,Optimal,0,none,0.642204229036967,0,2,100.0,100.0,100.0,2.0,1,0,0,1.0,1.0,1.0,0.9608458973954536,1,0,0,1.0,1.0,1.0,0.9608458973954536,1,0,0,1.0,1.0,1.0,0.9608458973954536,0,0,0,0.0,0.0,0.0,0,0,0,0.0,0.0,0.0
Visual Genome,2412143,55,2,43,0,4,24,8,24,32,17,0,0,8,0.013894711000034476,0.007355183999948167,0.0,0.007355183999948167,0.007530519999932039,0.021425650999958634,Optimal,0,none,3.356655975977581,0,13,100.0,100.0,100.0,2.0,2,2,0,0.5,1.0,0.6666666666666666,0.8469842025893768,2,2,0,0.5,1.0,0.6666666666666666,0.8469842025893768,2,2,0,0.5,1.0,0.6666666666666666,0.8469842025893768,0,0,0,0.0,0.0,0.0,0,0,0,0.0,0.0,0.0
Visual Genome,2412219,34,1,33,0,5,30,10,30,40,26,0,0,10,0.014698443000042971,0.008870369999954164,0.0,0.008870369999954164,0.0090787999999975,0.023777748000043175,Optimal,0,none,4.405107673009238,0,16,100.0,100.0,100.0,2.0,1,4,0,0.2,1.0,0.33333333333333337,0.8820503150859047,1,4,0,0.2,1.0,0.33333333333333337,0.8820503150859047,1,4,0,0.2,1.0,0.33333333333333337,0.8820503150859047,0,0,0,0.0,0.0,0.0,0,0,0,0.0,0.0,0.0
Visual Genome,2412631,29,3,30,0,5,37,10,37,47,26,0,0,10,0.014554018000012547,0.008699939000052836,0.0,0.008699939000052836,0.008890830000041205,0.02344524199997977,Optimal,0,none,4.503901959260306,0,16,100.0,100.0,100.0,2.0,2,3,1,0.4,0.6666666666666666,0.5,0.912155100869197,2,3,1,0.4,0.6666666666666666,0.5,0.912155100869197,2,3,1,0.4,0.6666666666666666,0.5,0.912155100869197,0,0,0,0.0,0.0,0.0,0,0,0,0.0,0.0,0.0
Visual Genome,2412879,25,0,25,0,2,3,4,3,7,5,0,0,4,0.012428421999970851,0.006478955000034148,0.0,0.006478955000034148,0.006576082000037786,0.019004897999934656,Optimal,0,none,1.4947562774022418,0,5,100.0,100.0,100.0,2.0,0,2,0,0.0,0.0,0.0,0.0,0,2,0,0.0,0.0,0.0,0.0,0,2,0,0.0,0.0,0.0,0.0,0,0,0,0.0,0.0,0.0,0,0,0,0.0,0.0,0.0
Visual Genome,2413066,37,0,31,0,2,5,4,5,9,5,0,0,4,0.013638998000033098,0.006628598000020247,0.0,0.006628598000020247,0.006736774000046353,0.02037615899996581,Optimal,0,none,1.3560215871992018,0,5,100.0,100.0,100.0,2.0,0,2,0,0.0,0.0,0.0,0.0,0,2,0,0.0,0.0,0.0,0.0,0,2,0,0.0,0.0,0.0,0.0,0,0,0,0.0,0.0,0.0,0,0,0,0.0,0.0,0.0
Visual Genome,2413140,13,1,14,0,2,4,4,4,8,5,0,0,4,0.015209308000066812,0.00997680099999343,0.0,0.00997680099999343,0.010136730999988686,0.025346763000015926,Optimal,0,none,1.4593737157185873,0,5,100.0,100.0,100.0,2.0,1,1,0,0.5,1.0,0.6666666666666666,0.8901616155326365,1,1,0,0.5,1.0,0.6666666666666666,0.8901616155326365,1,1,0,0.5,1.0,0.6666666666666666,0.8901616155326365,0,0,0,0.0,0.0,0.0,0,0,0,0.0,0.0,0.0
Visual Genome,2413274,34,1,28,0,4,22,8,22,30,17,0,0,8,0.013084395999953813,0.007398439999974471,0.0,0.007398439999974471,0.00755654699992192,0.020641381000018555,Optimal,0,none,3.3211542812983206,0,13,100.0,100.0,100.0,2.0,1,3,0,0.25,1.0,0.4,0.8967022095641637,1,3,0,0.25,1.0,0.4,0.8967022095641637,1,3,0,0.25,1.0,0.4,0.8967022095641637,0,0,0,0.0,0.0,0.0,0,0,0,0.0,0.0,0.0
Visual Genome,2413603,16,1,16,0,5,38,10,38,48,26,0,0,10,0.014137745999960316,0.008073649999914778,0.0,0.008073649999914778,0.008259881999947538,0.02239809200000309,Optimal,0,none,4.397551484902701,0,16,100.0,100.0,100.0,2.0,0,5,1,0.0,0.0,0.0,0.0,0,5,1,0.0,0.0,0.0,0.0,0,5,1,0.0,0.0,0.0,0.0,0,0,0,0.0,0.0,0.0,0,0,0,0.0,0.0,0.0
Visual Genome,2413953,7,4,8,0,7,66,14,66,80,50,0,0,14,0.014842380000004596,0.009758270000020275,0.0,0.009758270000020275,0.010005356999954529,0.024848219999967114,Optimal,0,none,5.266627854506177,0,22,100.0,100.0,100.0,2.0,4,3,0,0.5714285714285714,1.0,0.7272727272727273,0.8085047412779596,4,3,0,0.5714285714285714,1.0,0.7272727272727273,0.8085047412779596,4,3,0,0.5714285714285714,1.0,0.7272727272727273,0.8085047412779596,0,0,0,0.0,0.0,0.0,0,0,0,0.0,0.0,0.0
Visual Genome,2413992,26,0,6,0,1,0,2,0,2,1,0,0,2,0.013952068999969924,0.006132597999908285,0.0,0.006132597999908285,0.006202658999995947,0.020155164000016157,Optimal,0,none,0.543680230776469,0,2,100.0,100.0,100.0,2.0,0,1,0,0.0,0.0,0.0,0.0,0,1,0,0.0,0.0,0.0,0.0,0,1,0,0.0,0.0,0.0,0.0,0,0,0,0.0,0.0,0.0,0,0,0,0.0,0.0,0.0
Visual Genome,2414643,14,0,7,0,2,4,4,4,8,5,0,0,4,0.013575689999925089,0.006451426000012361,0.0,0.006451426000012361,0.006551524999963476,0.02012772699993093,Optimal,0,none,1.532726958592733,0,5,100.0,100.0,100.0,2.0,0,2,0,0.0,0.0,0.0,0.0,0,2,0,0.0,0.0,0.0,0.0,0,2,0,0.0,0.0,0.0,0.0,0,0,0,0.0,0.0,0.0,0,0,0,0.0,0.0,0.0
Visual Genome,2415055,46,2,43,0,8,98,16,98,114,65,0,0,16,0.01528015399992455,0.013152495999975145,0.0,0.013152495999975145,0.013426904000084505,0.028707656999927167,Optimal,0,none,6.279128987901172,0,25,100.0,100.0,100.0,2.0,1,7,1,0.125,0.5,0.2,0.557149229280185,1,7,1,0.125,0.5,0.2,0.557149229280185,1,7,1,0.125,0.5,0.2,0.557149229280185,0,0,0,0.0,0.0,0.0,0,0,0,0.0,0.0,0.0
Visual Genome,2415419,15,0,5,0,9,140,18,140,158,82,0,0,18,0.015411567000001014,0.012022190999914528,0.0,0.012022190999914528,0.012334693999946467,0.02774669100006122,Optimal,0,none,7.450962399538001,0,28,100.0,100.0,100.0,2.0,0,9,0,0.0,0.0,0.0,0.0,0,9,0,0.0,0.0,0.0,0.0,0,9,0,0.0,0.0,0.0,0.0,0,0,0,0.0,0.0,0.0,0,0,0,0.0,0.0,0.0
Visual Genome,2416071,9,1,5,0,5,39,10,39,49,26,0,0,10,0.01486211999997522,0.007507674999942537,0.0,0.007507674999942537,0.007693027999948754,0.022555620000048293,Optimal,0,none,4.012446459134421,0,16,100.0,100.0,100.0,2.0,1,4,0,0.2,1.0,0.33333333333333337,0.7982703011336538,1,4,0,0.2,1.0,0.33333333333333337,0.7982703011336538,1,4,0,0.2,1.0,0.33333333333333337,0.7982703011336538,0,0,0,0.0,0.0,0.0,0,0,0,0.0,0.0,0.0
Visual Genome,2416171,17,1,15,0,4,23,8,23,31,17,0,0,8,0.01548590000004424,0.007571804999997767,0.0,0.007571804999997767,0.007772724000005837,0.0232590870000422,Optimal,0,none,3.09087217728297,0,13,100.0,100.0,100.0,2.0,1,3,0,0.25,1.0,0.4,0.8929215026214226,1,3,0,0.25,1.0,0.4,0.8929215026214226,1,3,0,0.25,1.0,0.4,0.8929215026214226,0,0,0,0.0,0.0,0.0,0,0,0,0.0,0.0,0.0
Visual Genome,2416250,19,0,8,0,6,63,12,63,75,37,0,0,12,0.014763010000024224,0.00957046899998204,0.0,0.00957046899998204,0.009800075000043762,0.0245635390000416,Optimal,0,none,4.70527717224619,0,19,100.0,100.0,100.0,2.0,0,6,0,0.0,0.0,0.0,0.0,0,6,0,0.0,0.0,0.0,0.0,0,6,0,0.0,0.0,0.0,0.0,0,0,0,0.0,0.0,0.0,0,0,0,0.0,0.0,0.0
Visual Genome,2416319,10,0,4,0,7,83,14,83,97,50,0,0,14,0.013364252999963355,0.00968286399995577,0.0,0.00968286399995577,0.009978597999975136,0.02334342699998615,Optimal,0,none,6.0701398436228455,0,22,100.0,100.0,100.0,2.0,0,7,0,0.0,0.0,0.0,0.0,0,7,0,0.0,0.0,0.0,0.0,0,7,0,0.0,0.0,0.0,0.0,0,0,0,0.0,0.0,0.0,0,0,0,0.0,0.0,0.0
Visual Genome,2417304,16,0,20,0,6,62,12,62,74,37,0,0,12,0.01433269200003906,0.008801146999985576,0.0,0.008801146999985576,0.009004892999996628,0.023337952000019868,Optimal,0,none,5.0823016708423605,0,19,100.0,100.0,100.0,2.0,0,6,0,0.0,0.0,0.0,0.0,0,6,0,0.0,0.0,0.0,0.0,0,6,0,0.0,0.0,0.0,0.0,0,0,0,0.0,0.0,0.0,0,0,0,0.0,0.0,0.0
Open Images,0071f62f5d703904,10,0,5,0,8,116,16,116,132,65,0,0,16,0.025810008000007656,0.01042123399997763,0.0,0.01042123399997763,0.010689609999985805,0.03649998100001994,Optimal,0,none,7.365867845222358,0,25,100.0,100.0,100.0,2.0,0,8,0,0.0,0.0,0.0,0.0,0,8,0,0.0,0.0,0.0,0.0,0,8,0,0.0,0.0,0.0,0.0,0,0,0,0.0,0.0,0.0,0,0,0,0.0,0.0,0.0
Open Images,00e0a53e14bf2447,8,0,2,0,5,39,10,39,49,26,0,0,10,0.016189195000038126,0.007037279999963175,0.0,0.007037279999963175,0.007199109999987741,0.023388767000028565,Optimal,0,none,4.249485548337302,0,16,100.0,100.0,100.0,2.0,0,5,0,0.0,0.0,0.0,0.0,0,5,0,0.0,0.0,0.0,0.0,0,5,0,0.0,0.0,0.0,0.0,0,0,0,0.0,0.0,0.0,0,0,0,0.0,0.0,0.0
Open Images,01bf00da5f94e942,37,3,25,0,6,30,12,30,42,37,0,0,12,0.024223517999985233,0.006862300999955551,0.0,0.006862300999955551,0.007022296999934952,0.031246177999946667,Optimal,0,none,5.236993865966794,0,19,100.0,100.0,100.0,2.0,0,6,3,0.0,0.0,0.0,0.0,0,6,3,0.0,0.0,0.0,0.0,0,6,3,0.0,0.0,0.0,0.0,0,0,0,0.0,0.0,0.0,0,0,0,0.0,0.0,0.0
Open Images,020c7b8e6d605069,12,0,1,0,0,0,0,0,0,0,0,0,1,0.014082858999927339,0.004247701000053894,0.0,0.004247701000053894,0.004275907999954143,0.018359132999989924,Optimal,0,none,,0,1,100.0,0.0,0.0,0.0,0,0,0,0.0,0.0,0.0,0.0,0,0,0,0.0,0.0,0.0,0.0,0,0,0,0.0,0.0,0.0,0.0,0,0,0,0.0,0.0,0.0,0,0,0,0.0,0.0,0.0
Open Images,0319faa662ff5d06,34,0,2,0,3,6,6,6,12,10,0,0,6,0.016196297999954368,0.0056834409999737545,0.0,0.0056834409999737545,0.005790585999989162,0.021987293999927715,Optimal,0,none,2.498656966686249,0,10,100.0,100.0,100.0,2.0,0,3,0,0.0,0.0,0.0,0.0,0,3,0,0.0,0.0,0.0,0.0,0,3,0,0.0,0.0,0.0,0.0,0,0,0,0.0,0.0,0.0,0,0,0,0.0,0.0,0.0
Open Images,060091417ccafbcf,5,0,1,0,2,4,4,4,8,5,0,0,4,0.017104039000059856,0.006138339000017368,0.0,0.006138339000017368,0.006233973000007609,0.023338384999988193,Optimal,0,none,1.1579282434781393,0,5,100.0,100.0,100.0,2.0,0,2,0,0.0,0.0,0.0,0.0,0,2,0,0.0,0.0,0.0,0.0,0,2,0,0.0,0.0,0.0,0.0,0,0,0,0.0,0.0,0.0,0,0,0,0.0,0.0,0.0
Open Images,0649557c211985bd,23,3,2,0,7,79,14,79,93,50,0,0,14,0.016606468000077257,0.009232283000073949,0.0,0.009232283000073949,0.009471245999975508,0.02607812400003695,Optimal,0,none,5.687061622041179,0,22,100.0,100.0,100.0,2.0,3,4,0,0.42857142857142855,1.0,0.6,0.8290115739859113,3,4,0,0.42857142857142855,1.0,0.6,0.8290115739859113,3,4,0,0.42857142857142855,1.0,0.6,0.8290115739859113,0,0,0,0.0,0.0,0.0,0,0,0,0.0,0.0,0.0
Open Images,078fd57f81047cf3,28,2,4,0,8,98,16,98,114,65,0,0,16,0.016906579999954374,0.009101637999947343,0.0,0.009101637999947343,0.009346410000034666,0.026253391999944142,Optimal,0,none,6.81192744334539,0,25,100.0,100.0,100.0,2.0,2,6,0,0.25,1.0,0.4,0.8740967205181647,2,6,0,0.25,1.0,0.4,0.8740967205181647,2,6,0,0.25,1.0,0.4,0.8740967205181647,0,0,0,0.0,0.0,0.0,0,0,0,0.0,0.0,0.0
Open Images,07c216b2baad22e7,24,0,10,0,7,70,14,70,84,50,0,0,14,0.016555889999949613,0.009286744000064573,0.0,0.009286744000064573,0.009495905999983734,0.02605217099994661,Optimal,0,none,5.55357746521632,0,22,100.0,100.0,100.0,2.0,0,7,0,0.0,0.0,0.0,0.0,0,7,0,0.0,0.0,0.0,0.0,0,7,0,0.0,0.0,0.0,0.0,0,0,0,0.0,0.0,0.0,0,0,0,0.0,0.0,0.0
Open Images,09625dc24eb205b4,41,0,1,0,11,180,22,180,202,122,0,0,22,0.019677394999916942,0.012883137000017086,0.0,0.012883137000017086,0.013481221999995796,0.03315917499992338,Optimal,0,none,8.504947454137442,0,34,100.0,100.0,100.0,2.0,0,11,0,0.0,0.0,0.0,0.0,0,11,0,0.0,0.0,0.0,0.0,0,11,0,0.0,0.0,0.0,0.0,0,0,0,0.0,0.0,0.0,0,0,0,0.0,0.0,0.0
Open Images,09e617d9d3120b32,15,1,2,0,3,11,6,11,17,10,0,0,6,0.021259571000086908,0.006523975999925824,0.0,0.006523975999925824,0.006642814999963775,0.027903043000037542,Optimal,0,none,2.5558987957018116,0,10,100.0,100.0,100.0,2.0,0,3,1,0.0,0.0,0.0,0.0,0,3,1,0.0,0.0,0.0,0.0,0,3,1,0.0,0.0,0.0,0.0,0,0,0,0.0,0.0,0.0,0,0,0,0.0,0.0,0.0
Open Images,0a02c648d24f39fb,12,0,1,0,1,0,2,0,2,1,0,0,2,0.016067039000063232,0.005541824000033557,0.0,0.005541824000033557,0.005600064999953247,0.021667509000053542,Optimal,0,none,0.5674958149592082,0,2,100.0,100.0,100.0,2.0,0,1,0,0.0,0.0,0.0,0.0,0,1,0,0.0,0.0,0.0,0.0,0,1,0,0.0,0.0,0.0,0.0,0,0,0,0.0,0.0,0.0,0,0,0,0.0,0.0,0.0
Open Images,0d16c88ec322340f,19,0,1,0,4,24,8,24,32,17,0,0,8,0.02078016200005095,0.006394940000063798,0.0,0.006394940000063798,0.006589657999938936,0.027370345000008456,Optimal,0,none,3.3592860428492237,0,13,100.0,100.0,100.0,2.0,0,4,0,0.0,0.0,0.0,0.0,0,4,0,0.0,0.0,0.0,0.0,0,4,0,0.0,0.0,0.0,0.0,0,0,0,0.0,0.0,0.0,0,0,0,0.0,0.0,0.0
Open Images,0dce9e80f546efc6,19,1,1,0,3,12,6,12,18,10,0,0,6,0.017322291999903427,0.006415819000039846,0.0,0.006415819000039846,0.006550975999971342,0.02387370699989333,Optimal,0,none,2.530522892475129,0,10,100.0,100.0,100.0,2.0,1,2,0,0.3333333333333333,1.0,0.5,0.7046153732685831,1,2,0,0.3333333333333333,1.0,0.5,0.7046153732685831,1,2,0,0.3333333333333333,1.0,0.5,0.7046153732685831,0,0,0,0.0,0.0,0.0,0,0,0,0.0,0.0,0.0
Open Images,0e481ee0c6655eb1,3,0,2,0,2,4,4,4,8,5,0,0,4,0.015565095000056317,0.005719657999975425,0.0,0.005719657999975425,0.0058084070000177235,0.021373838000044998,Optimal,0,none,1.449170013173388,0,5,100.0,100.0,100.0,2.0,0,2,0,0.0,0.0,0.0,0.0,0,2,0,0.0,0.0,0.0,0.0,0,2,0,0.0,0.0,0.0,0.0,0,0,0,0.0,0.0,0.0,0,0,0,0.0,0.0,0.0
Open Images,0ff8dd7e1d0f6010,4,1,3,0,2,2,4,2,6,5,0,0,4,0.015210403999958544,0.005655021000052329,0.0,0.005655021000052329,0.005739802999983112,0.02095061500006068,Optimal,0,none,1.4677614720662437,0,5,100.0,100.0,100.0,2.0,1,1,0,0.5,1.0,0.6666666666666666,0.9869070773309073,1,1,0,0.5,1.0,0.6666666666666666,0.9869070773309073,1,1,0,0.5,1.0,0.6666666666666666,0.9869070773309073,0,0,0,0.0,0.0,0.0,0,0,0,0.0,0.0,0.0
Open Images,106c8de22ed8d1d4,18,7,8,0,10,175,20,175,195,101,0,0,20,0.02014644199994109,0.013323458000058963,0.0,0.013323458000058963,0.013661936999938007,0.033808740999916154,Optimal,0,none,8.362076700452132,0,31,100.0,100.0,100.0,2.0,5,5,2,0.5,0.7142857142857143,0.588235294117647,0.8323545091694653,5,5,2,0.5,0.7142857142857143,0.588235294117647,0.8323545091694653,5,5,2,0.5,0.7142857142857143,0.588235294117647,0.8323545091694653,0,0,0,0.0,0.0,0.0,0,0,0,0.0,0.0,0.0
Open Images,10cae64b8b77b511,13,0,2,0,2,2,4,2,6,5,0,0,4,0.01889461299992945,0.005739389000041228,0.0,0.005739389000041228,0.005825103000006493,0.024720126999909553,Optimal,0,none,1.3695692308743794,0,5,100.0,100.0,100.0,2.0,0,2,0,0.0,0.0,0.0,0.0,0,2,0,0.0,0.0,0.0,0.0,0,2,0,0.0,0.0,0.0,0.0,0,0,0,0.0,0.0,0.0,0,0,0,0.0,0.0,0.0
Open Images,115150a6ba4eb0ca,16,1,3,0,1,0,2,0,2,1,0,0,2,0.015708018000054835,0.00542906500004392,0.0,0.00542906500004392,0.005489585999953306,0.02119795900000554,Optimal,0,none,0.6326337973276774,0,2,100.0,100.0,100.0,2.0,0,1,1,0.0,0.0,0.0,0.0,0,1,1,0.0,0.0,0.0,0.0,0,1,1,0.0,0.0,0.0,0.0,0,0,0,0.0,0.0,0.0,0,0,0,0.0,0.0,0.0
Open Images,116cb9c709ca88e7,4,0,1,0,2,4,4,4,8,5,0,0,4,0.014590576000045985,0.006245794999927057,0.0,0.006245794999927057,0.006403917000056936,0.020995037000034245,Optimal,0,none,1.1918768471474044,0,5,100.0,100.0,100.0,2.0,0,2,0,0.0,0.0,0.0,0.0,0,2,0,0.0,0.0,0.0,0.0,0,2,0,0.0,0.0,0.0,0.0,0,0,0,0.0,0.0,0.0,0,0,0,0.0,0.0,0.0
Open Images,1220e474e709cdf1,2,1,1,0,2,6,4,6,10,5,0,0,4,0.018943396000054236,0.00577054199993654,0.0,0.00577054199993654,0.0058611199999631935,0.024804854000080923,Optimal,0,none,1.1392493923359799,0,5,100.0,100.0,100.0,2.0,0,2,1,0.0,0.0,0.0,0.5293717936907415,0,2,1,0.0,0.0,0.0,0.5293717936907415,0,2,1,0.0,0.0,0.0,0.5293717936907415,0,0,0,0.0,0.0,0.0,0,0,0,0.0,0.0,0.0
Open Images,122259cbb3d91b12,13,0,3,0,2,6,4,6,10,5,0,0,4,0.02027780100002019,0.005956489000027432,0.0,0.005956489000027432,0.00605022000002009,0.02632838800002446,Optimal,0,none,1.409488442738851,0,5,100.0,100.0,100.0,2.0,0,2,0,0.0,0.0,0.0,0.0,0,2,0,0.0,0.0,0.0,0.0,0,2,0,0.0,0.0,0.0,0.0,0,0,0,0.0,0.0,0.0,0,0,0,0.0,0.0,0.0
Open Images,1313a4add388424c,12,1,2,0,1,0,2,0,2,1,0,0,2,0.024355638999963958,0.005517307999980403,0.0,0.005517307999980403,0.005578119999995579,0.02993408699990141,Optimal,0,none,0.5470439116160075,0,2,100.0,100.0,100.0,2.0,0,1,1,0.0,0.0,0.0,0.0,0,1,1,0.0,0.0,0.0,0.0,0,1,1,0.0,0.0,0.0,0.0,0,0,0,0.0,0.0,0.0,0,0,0,0.0,0.0,0.0
Open Images,135deaa5afb21894,13,0,1,0,0,0,0,0,0,0,0,0,1,0.01672856799996225,0.004788684999994075,0.0,0.004788684999994075,0.004823327000053723,0.02155229100003453,Optimal,0,none,,0,1,100.0,0.0,0.0,0.0,0,0,0,0.0,0.0,0.0,0.0,0,0,0,0.0,0.0,0.0,0.0,0,0,0,0.0,0.0,0.0,0.0,0,0,0,0.0,0.0,0.0,0,0,0,0.0,0.0,0.0
Open Images,13d93884b48bc28c,15,1,2,0,2,4,4,4,8,5,0,0,4,0.01901313799999116,0.006407492999983333,0.0,0.006407492999983333,0.00649910100003126,0.025512716999969598,Optimal,0,none,1.5140567334493005,0,5,100.0,100.0,100.0,2.0,1,1,0,0.5,1.0,0.6666666666666666,0.9686775280588595,1,1,0,0.5,1.0,0.6666666666666666,0.9686775280588595,1,1,0,0.5,1.0,0.6666666666666666,0.9686775280588595,0,0,0,0.0,0.0,0.0,0,0,0,0.0,0.0,0.0
Open Images,13ffeb4fec0d2c49,14,1,3,0,2,3,4,3,7,5,0,0,4,0.017388816999982737,0.006292669000004025,0.0,0.006292669000004025,0.00641190099997857,0.02380115799996929,Optimal,0,none,1.539178613026937,0,5,100.0,100.0,100.0,2.0,1,1,0,0.5,1.0,0.6666666666666666,0.6660247313233517,1,1,0,0.5,1.0,0.6666666666666666,0.6660247313233517,1,1,0,0.5,1.0,0.6666666666666666,0.6660247313233517,0,0,0,0.0,0.0,0.0,0,0,0,0.0,0.0,0.0
Open Images,141d8961e111ead7,60,0,9,0,21,783,42,783,825,442,0,0,42,0.021051543999988098,0.03657273399994665,0.0,0.03657273399994665,0.03754240099999606,0.05859436799994455,Optimal,0,none,17.93371315256689,0,64,100.0,100.0,100.0,2.0,0,21,0,0.0,0.0,0.0,0.0,0,21,0,0.0,0.0,0.0,0.0,0,21,0,0.0,0.0,0.0,0.0,0,0,0,0.0,0.0,0.0,0,0,0,0.0,0.0,0.0
Open Images,146316cdeb2aef2a,38,2,4,0,15,407,30,407,437,226,0,0,30,0.02199978499993449,0.021915598000077807,0.0,0.021915598000077807,0.022508189000063794,0.04450846099996397,Optimal,0,none,12.385170756350687,0,46,100.0,100.0,100.0,2.0,2,13,0,0.13333333333333333,1.0,0.23529411764705882,0.9291522064053678,2,13,0,0.13333333333333333,1.0,0.23529411764705882,0.9291522064053678,2,13,0,0.13333333333333333,1.0,0.23529411764705882,0.9291522064053678,0,0,0,0.0,0.0,0.0,0,0,0,0.0,0.0,0.0
Open Images,1654c86093ada840,9,1,2,0,8,109,16,109,125,65,0,0,16,0.017004884000016318,0.010861835000014253,0.0,0.010861835000014253,0.011119760000042334,0.028125162000037562,Optimal,0,none,6.3666421351983065,0,25,100.0,100.0,100.0,2.0,1,7,0,0.125,1.0,0.2222222222222222,0.8307949200990739,1,7,0,0.125,1.0,0.2222222222222222,0.8307949200990739,1,7,0,0.125,1.0,0.2222222222222222,0.8307949200990739,0,0,0,0.0,0.0,0.0,0,0,0,0.0,0.0,0.0
Open Images,169795b5dffa3dc6,45,4,2,0,10,173,20,173,193,101,0,0,20,0.01900605399998767,0.012757194999949206,0.0,0.012757194999949206,0.013095151000015903,0.03210167200006708,Optimal,0,none,8.755984160049106,0,31,100.0,100.0,100.0,2.0,2,8,2,0.2,0.5,0.28571428571428575,0.958175805994731,2,8,2,0.2,0.5,0.28571428571428575,0.958175805994731,2,8,2,0.2,0.5,0.28571428571428575,0.958175805994731,0,0,0,0.0,0.0,0.0,0,0,0,0.0,0.0,0.0
Open Images,18f5b21c06c6f3d1,15,1,8,0,4,27,8,27,35,17,0,0,8,0.01618995600006201,0.007619554000029893,0.0,0.007619554000029893,0.0077663859999574925,0.023956853000072442,Optimal,0,none,3.282915440410872,0,13,100.0,100.0,100.0,2.0,0,4,1,0.0,0.0,0.0,0.6140335437478744,0,4,1,0.0,0.0,0.0,0.6140335437478744,0,4,1,0.0,0.0,0.0,0.6140335437478744,0,0,0,0.0,0.0,0.0,0,0,0,0.0,0.0,0.0
Open Images,19aa926f2f7d9782,7,1,1,0,4,25,8,25,33,17,0,0,8,0.022555302000000665,0.007579685999985486,0.0,0.007579685999985486,0.007741550999980973,0.030297356999994918,Optimal,0,none,3.4991718260447193,0,13,100.0,100.0,100.0,2.0,1,3,0,0.25,1.0,0.4,0.9191967725615501,1,3,0,0.25,1.0,0.4,0.9191967725615501,1,3,0,0.25,1.0,0.4,0.9191967725615501,0,0,0,0.0,0.0,0.0,0,0,0,0.0,0.0,0.0
Open Images,1ad1b75ba69177b3,2,0,1,0,0,0,0,0,0,0,0,0,1,0.017772797999896284,0.004700227999933304,0.0,0.004700227999933304,0.004732759000035003,0.02250584599994454,Optimal,0,none,,0,1,100.0,0.0,0.0,0.0,0,0,0,0.0,0.0,0.0,0.0,0,0,0,0.0,0.0,0.0,0.0,0,0,0,0.0,0.0,0.0,0.0,0,0,0,0.0,0.0,0.0,0,0,0,0.0,0.0,0.0
Open Images,1b02d463464d45f3,5,1,1,0,3,10,6,10,16,10,0,0,6,0.01504108400001769,0.006021898999961195,0.0,0.006021898999961195,0.006134323000082986,0.021175862000063717,Optimal,0,none,2.492304286956788,0,10,100.0,100.0,100.0,2.0,0,3,1,0.0,0.0,0.0,0.0,0,3,1,0.0,0.0,0.0,0.0,0,3,1,0.0,0.0,0.0,0.0,0,0,0,0.0,0.0,0.0,0,0,0,0.0,0.0,0.0
Open Images,1b75ec99a2b81fa6,6,2,2,0,2,4,4,4,8,5,0,0,4,0.01523325199991632,0.006044179000014083,0.0,0.006044179000014083,0.006135075999964101,0.021368791999975656,Optimal,0,none,1.2707750829060873,0,5,100.0,100.0,100.0,2.0,1,1,1,0.5,0.5,0.5,0.9420698098033362,1,1,1,0.5,0.5,0.5,0.9420698098033362,1,1,1,0.5,0.5,0.5,0.9420698098033362,0,0,0,0.0,0.0,0.0,0,0,0,0.0,0.0,0.0
Open Images,1b8c4e46421a0a9f,13,1,1,0,2,2,4,2,6,5,0,0,4,0.015786331999947834,0.005820633999974234,0.0,0.005820633999974234,0.005974574999981996,0.02176138299989816,Optimal,0,none,1.530704811414083,0,5,100.0,100.0,100.0,2.0,0,2,1,0.0,0.0,0.0,0.0,0,2,1,0.0,0.0,0.0,0.0,0,2,1,0.0,0.0,0.0,0.0,0,0,0,0.0,0.0,0.0,0,0,0,0.0,0.0,0.0
Open Images,1bde6aa77c1a45fb,29,25,4,0,20,693,40,693,733,401,0,0,40,0.019883156000105373,0.033451154000090355,0.0,0.033451154000090355,0.034372256999972706,0.05425604000004114,Optimal,0,none,16.502481374196076,0,61,100.0,100.0,100.0,2.0,13,7,12,0.65,0.52,0.5777777777777778,0.8325844373758025,13,7,12,0.65,0.52,0.5777777777777778,0.8325844373758025,13,7,12,0.65,0.52,0.5777777777777778,0.8325844373758025,0,0,0,0.0,0.0,0.0,0,0,0,0.0,0.0,0.0
Open Images,1c1a752a8b9553f7,21,0,1,0,5,40,10,40,50,26,0,0,10,0.021700215000009848,0.007375454999987596,0.0,0.007375454999987596,0.007557128999906126,0.02925774300001649,Optimal,0,none,4.330292781194053,0,16,100.0,100.0,100.0,2.0,0,5,0,0.0,0.0,0.0,0.0,0,5,0,0.0,0.0,0.0,0.0,0,5,0,0.0,0.0,0.0,0.0,0,0,0,0.0,0.0,0.0,0,0,0,0.0,0.0,0.0
Open Images,1d6468e90f600660,5,0,2,0,1,0,2,0,2,1,0,0,2,0.015496645999974135,0.005828110000038578,0.0,0.005828110000038578,0.00588823800001137,0.02138531899993268,Optimal,0,none,0.48808366457621255,0,2,100.0,100.0,100.0,2.0,0,1,0,0.0,0.0,0.0,0.0,0,1,0,0.0,0.0,0.0,0.0,0,1,0,0.0,0.0,0.0,0.0,0,0,0,0.0,0.0,0.0,0,0,0,0.0,0.0,0.0
Open Images,1d8766876ad7362a,6,1,1,0,1,0,2,0,2,1,0,0,2,0.017384915999969053,0.005615816999920753,0.0,0.005615816999920753,0.005676241000060145,0.02306154300003982,Optimal,0,none,0.5012473980585734,0,2,100.0,100.0,100.0,2.0,1,0,0,1.0,1.0,1.0,0.9733708221357734,1,0,0,1.0,1.0,1.0,0.9733708221357734,1,0,0,1.0,1.0,1.0,0.9733708221357734,0,0,0,0.0,0.0,0.0,0,0,0,0.0,0.0,0.0
Open Images,1e7b2a58768e328c,10,0,2,0,1,0,2,0,2,1,0,0,2,0.014054962000045634,0.005592782000007901,0.0,0.005592782000007901,0.005652595000015026,0.019708043000036923,Optimal,0,none,0.6336860577265422,0,2,100.0,100.0,100.0,2.0,0,1,0,0.0,0.0,0.0,0.0,0,1,0,0.0,0.0,0.0,0.0,0,1,0,0.0,0.0,0.0,0.0,0,0,0,0.0,0.0,0.0,0,0,0,0.0,0.0,0.0
Open Images,1f05d514448663fc,7,0,1,0,4,28,8,28,36,17,0,0,8,0.016230298999971637,0.007059558000037214,0.0,0.007059558000037214,0.007221963000006326,0.02345264699999916,Optimal,0,none,3.275505005518596,0,13,100.0,100.0,100.0,2.0,0,4,0,0.0,0.0,0.0,0.0,0,4,0,0.0,0.0,0.0,0.0,0,4,0,0.0,0.0,0.0,0.0,0,0,0,0.0,0.0,0.0,0,0,0,0.0,0.0,0.0
Open Images,1f6c156f2cb2d4f2,9,0,2,0,1,0,2,0,2,1,0,0,2,0.01868071899991719,0.005623668999987785,0.0,0.005623668999987785,0.005684280999957991,0.02436535399999684,Optimal,0,none,0.4944753090540568,0,2,100.0,100.0,100.0,2.0,0,1,0,0.0,0.0,0.0,0.0,0,1,0,0.0,0.0,0.0,0.0,0,1,0,0.0,0.0,0.0,0.0,0,0,0,0.0,0.0,0.0,0,0,0,0.0,0.0,0.0
Open Images,1f7c30f0c24fda91,15,0,4,0,4,20,8,20,28,17,0,0,8,0.017738010000016402,0.006861764000063886,0.0,0.006861764000063886,0.006997966999961136,0.024736415000006673,Optimal,0,none,3.398326382584655,0,13,100.0,100.0,100.0,2.0,0,4,0,0.0,0.0,0.0,0.0,0,4,0,0.0,0.0,0.0,0.0,0,4,0,0.0,0.0,0.0,0.0,0,0,0,0.0,0.0,0.0,0,0,0,0.0,0.0,0.0
Open Images,1fe277f5abfc7d74,14,0,4,0,1,0,2,0,2,1,0,0,2,0.013897288999942248,0.005397236000021621,0.0,0.005397236000021621,0.005457216999957382,0.019354911999926117,Optimal,0,none,0.5522892634073893,0,2,100.0,100.0,100.0,2.0,0,1,0,0.0,0.0,0.0,0.0,0,1,0,0.0,0.0,0.0,0.0,0,1,0,0.0,0.0,0.0,0.0,0,0,0,0.0,0.0,0.0,0,0,0,0.0,0.0,0.0
Open Images,2198847783e240e7,3,0,2,0,1,0,2,0,2,1,0,0,2,0.019177946000013435,0.0054941519999829325,0.0,0.0054941519999829325,0.005552176000037434,0.02473052799996367,Optimal,0,none,0.6498980919520061,0,2,100.0,100.0,100.0,2.0,0,1,0,0.0,0.0,0.0,0.0,0,1,0,0.0,0.0,0.0,0.0,0,1,0,0.0,0.0,0.0,0.0,0,0,0,0.0,0.0,0.0,0,0,0,0.0,0.0,0.0
Open Images,231a40bf7aa6ddb9,24,0,3,0,2,2,4,2,6,5,0,0,4,0.01773713599993698,0.005735995000009098,0.0,0.005735995000009098,0.005820301999960975,0.0235577739999826,Optimal,0,none,1.5168820269902545,0,5,100.0,100.0,100.0,2.0,0,2,0,0.0,0.0,0.0,0.0,0,2,0,0.0,0.0,0.0,0.0,0,2,0,0.0,0.0,0.0,0.0,0,0,0,0.0,0.0,0.0,0,0,0,0.0,0.0,0.0
Open Images,23282811e70b4df7,14,0,4,0,2,4,4,4,8,5,0,0,4,0.016185768000013923,0.006097751999959655,0.0,0.006097751999959655,0.0061952449999580494,0.022381502999905933,Optimal,0,none,1.2759353407224017,0,5,100.0,100.0,100.0,2.0,0,2,0,0.0,0.0,0.0,0.0,0,2,0,0.0,0.0,0.0,0.0,0,2,0,0.0,0.0,0.0,0.0,0,0,0,0.0,0.0,0.0,0,0,0,0.0,0.0,0.0
Open Images,24ecee17e7b53fab,21,0,2,0,4,22,8,22,30,17,0,0,8,0.020246695000082582,0.0075629780000099345,0.0,0.0075629780000099345,0.007713065999951141,0.027960342000028504,Optimal,0,none,3.7260514465967827,0,13,100.0,100.0,100.0,2.0,0,4,0,0.0,0.0,0.0,0.0,0,4,0,0.0,0.0,0.0,0.0,0,4,0,0.0,0.0,0.0,0.0,0,0,0,0.0,0.0,0.0,0,0,0,0.0,0.0,0.0
Open Images,25ce96bd10afe1b0,46,1,9,0,8,101,16,101,117,65,0,0,16,0.016624751999984255,0.010033038999949895,0.0,0.010033038999949895,0.010283014999913576,0.026908169999956044,Optimal,0,none,6.805458134015404,0,25,100.0,100.0,100.0,2.0,1,7,0,0.125,1.0,0.2222222222222222,0.7878359443574888,1,7,0,0.125,1.0,0.2222222222222222,0.7878359443574888,1,7,0,0.125,1.0,0.2222222222222222,0.7878359443574888,0,0,0,0.0,0.0,0.0,0,0,0,0.0,0.0,0.0
Open Images,26d3e6efda2035c0,20,0,2,0,1,0,2,0,2,1,0,0,2,0.015202605000013136,0.0055718049999313735,0.0,0.0055718049999313735,0.0056442310000193174,0.02084726900000078,Optimal,0,none,0.6185739676157633,0,2,100.0,100.0,100.0,2.0,0,1,0,0.0,0.0,0.0,0.0,0,1,0,0.0,0.0,0.0,0.0,0,1,0,0.0,0.0,0.0,0.0,0,0,0,0.0,0.0,0.0,0,0,0,0.0,0.0,0.0
Open Images,2722015316635d05,15,1,1,0,2,4,4,4,8,5,0,0,4,0.020231603999945946,0.005828141000051801,0.0,0.005828141000051801,0.005920800000012605,0.026152801999955955,Optimal,0,none,1.5091525204976397,0,5,100.0,100.0,100.0,2.0,1,1,0,0.5,1.0,0.6666666666666666,0.9277365489355252,1,1,0,0.5,1.0,0.6666666666666666,0.9277365489355252,1,1,0,0.5,1.0,0.6666666666666666,0.9277365489355252,0,0,0,0.0,0.0,0.0,0,0,0,0.0,0.0,0.0
Open Images,286de7c921469cec,6,0,2,0,6,61,12,61,73,37,0,0,12,0.018075633999956153,0.008068136000019877,0.0,0.008068136000019877,0.008264936000045964,0.02634099600004447,Optimal,0,none,4.841648862885429,0,19,100.0,100.0,100.0,2.0,0,6,0,0.0,0.0,0.0,0.0,0,6,0,0.0,0.0,0.0,0.0,0,6,0,0.0,0.0,0.0,0.0,0,0,0,0.0,0.0,0.0,0,0,0,0.0,0.0,0.0
Open Images,2bded1f9cb587843,6,0,1,0,2,3,4,3,7,5,0,0,4,0.019301394000081018,0.0061683590000711774,0.0,0.0061683590000711774,0.006270187000041005,0.025571970999976656,Optimal,0,none,1.4189045079549152,0,5,100.0,100.0,100.0,2.0,0,2,0,0.0,0.0,0.0,0.0,0,2,0,0.0,0.0,0.0,0.0,0,2,0,0.0,0.0,0.0,0.0,0,0,0,0.0,0.0,0.0,0,0,0,0.0,0.0,0.0
Open Images,2ce0d48f1957670e,3,0,1,0,2,2,4,2,6,5,0,0,4,0.015132824000033906,0.005965356000046995,0.0,0.005965356000046995,0.006053645000065444,0.021186885000020084,Optimal,0,none,1.112633851369222,0,5,100.0,100.0,100.0,2.0,0,2,0,0.0,0.0,0.0,0.0,0,2,0,0.0,0.0,0.0,0.0,0,2,0,0.0,0.0,0.0,0.0,0,0,0,0.0,0.0,0.0,0,0,0,0.0,0.0,0.0
Open Images,2dab4bf641b91d2a,20,1,2,0,4,18,8,18,26,17,0,0,8,0.015628472999992482,0.007157961999951112,0.0,0.007157961999951112,0.007297830999959842,0.022926728000015828,Optimal,0,none,3.3153839008013417,0,13,100.0,100.0,100.0,2.0,1,3,0,0.25,1.0,0.4,0.9404980766693047,1,3,0,0.25,1.0,0.4,0.9404980766693047,1,3,0,0.25,1.0,0.4,0.9404980766693047,0,0,0,0.0,0.0,0.0,0,0,0,0.0,0.0,0.0
Open Images,2e08a3701ae74310,14,3,1,0,4,18,8,18,26,17,0,0,8,0.015796561999991354,0.0074564770000051794,0.0,0.0074564770000051794,0.007589851000034287,0.023386832999904072,Optimal,0,none,3.572542351881664,0,13,100.0,100.0,100.0,2.0,3,1,0,0.75,1.0,0.8571428571428571,0.8311407638447051,3,1,0,0.75,1.0,0.8571428571428571,0.8311407638447051,3,1,0,0.75,1.0,0.8571428571428571,0.8311407638447051,0,0,0,0.0,0.0,0.0,0,0,0,0.0,0.0,0.0
Open Images,2e1b6b5c14f7d522,58,0,1,0,22,878,44,878,922,485,0,0,44,0.02289554499998303,0.03706264499999179,0.0,0.03706264499999179,0.03813146400000278,0.06102755699998852,Optimal,0,none,17.432239037946722,0,67,100.0,100.0,100.0,2.0,0,22,0,0.0,0.0,0.0,0.0,0,22,0,0.0,0.0,0.0,0.0,0,22,0,0.0,0.0,0.0,0.0,0,0,0,0.0,0.0,0.0,0,0,0,0.0,0.0,0.0
Open Images,2e6ed3de36f341f7,27,0,4,0,8,105,16,105,121,65,0,0,16,0.017872440000019196,0.010045895999951426,0.0,0.010045895999951426,0.010307654999905935,0.028180487999975412,Optimal,0,none,6.868904681746895,0,25,100.0,100.0,100.0,2.0,0,8,0,0.0,0.0,0.0,0.0,0,8,0,0.0,0.0,0.0,0.0,0,8,0,0.0,0.0,0.0,0.0,0,0,0,0.0,0.0,0.0,0,0,0,0.0,0.0,0.0
Open Images,2ed000d799794d71,9,3,2,2,4,22,8,22,30,17,0,0,8,0.02094079200003307,0.006882056999984343,0.0,0.006882056999984343,0.007019651999939924,0.02796074800005499,Optimal,0,none,3.2402165584205767,0,13,100.0,100.0,100.0,2.0,2,2,1,0.5,0.6666666666666666,0.5714285714285715,0.8809923565849919,2,2,1,0.5,0.6666666666666666,0.5714285714285715,0.8809923565849919,2,2,1,0.5,0.6666666666666666,0.5714285714285715,0.8809923565849919,0,1,2,0.0,0.0,0.0,0,2,2,0.0,0.0,0.0
Open Images,2eeec709f51ecd0d,7,3,1,0,3,13,6,13,19,10,0,0,6,0.01877160100002584,0.006222825999998349,0.0,0.006222825999998349,0.00633796700003586,0.02510990000007496,Optimal,0,none,2.507648972026066,0,10,100.0,100.0,100.0,2.0,1,2,2,0.3333333333333333,0.3333333333333333,0.3333333333333333,0.7083609059484535,1,2,2,0.3333333333333333,0.3333333333333333,0.3333333333333333,0.7083609059484535,1,2,2,0.3333333333333333,0.3333333333333333,0.3333333333333333,0.7083609059484535,0,0,0,0.0,0.0,0.0,0,0,0,0.0,0.0,0.0
Open Images,2f8ff99a443af1df,12,1,1,0,6,41,12,41,53,37,0,0,12,0.017591116999938095,0.007467714999961572,0.0,0.007467714999961572,0.007645932999935212,0.02523753000002671,Optimal,0,none,5.252360770702363,0,19,100.0,100.0,100.0,2.0,0,6,1,0.0,0.0,0.0,0.9657239857995885,0,6,1,0.0,0.0,0.0,0.9657239857995885,0,6,1,0.0,0.0,0.0,0.9657239857995885,0,0,0,0.0,0.0,0.0,0,0,0,0.0,0.0,0.0
Open Images,30ace30967aca271,17,0,4,0,2,2,4,2,6,5,0,0,4,0.017813421999903767,0.005796831999987262,0.0,0.005796831999987262,0.005932646000019304,0.023746451999954843,Optimal,0,none,1.4289038785298664,0,5,100.0,100.0,100.0,2.0,0,2,0,0.0,0.0,0.0,0.0,0,2,0,0.0,0.0,0.0,0.0,0,2,0,0.0,0.0,0.0,0.0,0,0,0,0.0,0.0,0.0,0,0,0,0.0,0.0,0.0
Open Images,333452abf04d1b2b,25,4,3,0,14,348,28,348,376,197,0,0,28,0.020708474000002752,0.018418207000081566,0.0,0.018418207000081566,0.018912951999936922,0.03962186700005077,Optimal,0,none,10.56008641423607,0,43,100.0,100.0,100.0,2.0,1,13,3,0.07142857142857142,0.25,0.11111111111111112,0.9417375249681935,1,13,3,0.07142857142857142,0.25,0.11111111111111112,0.9417375249681935,1,13,3,0.07142857142857142,0.25,0.11111111111111112,0.9417375249681935,0,0,0,0.0,0.0,0.0,0,0,0,0.0,0.0,0.0
Open Images,366209cb2cfa7f73,15,1,3,0,2,5,4,5,9,5,0,0,4,0.030510380999999143,0.005818384999997761,0.0,0.005818384999997761,0.005910385999982282,0.03642113400007929,Optimal,0,none,1.5667322905858359,0,5,100.0,100.0,100.0,2.0,1,1,0,0.5,1.0,0.6666666666666666,0.9763294847710651,1,1,0,0.5,1.0,0.6666666666666666,0.9763294847710651,1,1,0,0.5,1.0,0.6666666666666666,0.9763294847710651,0,0,0,0.0,0.0,0.0,0,0,0,0.0,0.0,0.0
Open Images,36a1f2f6d9539824,4,0,2,0,3,12,6,12,18,10,0,0,6,0.01761098800000127,0.005913393000014366,0.0,0.005913393000014366,0.006022519999987708,0.023633886000084203,Optimal,0,none,2.4158232116699225,0,10,100.0,100.0,100.0,2.0,0,3,0,0.0,0.0,0.0,0.0,0,3,0,0.0,0.0,0.0,0.0,0,3,0,0.0,0.0,0.0,0.0,0,0,0,0.0,0.0,0.0,0,0,0,0.0,0.0,0.0
Open Images,3881457cb3a6585e,8,0,7,0,0,0,0,0,0,0,0,0,1,0.01640292500007945,0.004140231000064887,0.0,0.004140231000064887,0.004168124999978318,0.020571354000026076,Optimal,0,none,,0,1,100.0,0.0,0.0,0.0,0,0,0,0.0,0.0,0.0,0.0,0,0,0,0.0,0.0,0.0,0.0,0,0,0,0.0,0.0,0.0,0.0,0,0,0,0.0,0.0,0.0,0,0,0,0.0,0.0,0.0
Open Images,38dde2b71edf6611,17,0,7,0,1,0,2,0,2,1,0,0,2,0.015912535999973443,0.005186958000081177,0.0,0.005186958000081177,0.005239616999915597,0.021152624000023934,Optimal,0,none,0.6259068648020427,0,2,100.0,100.0,100.0,2.0,0,1,0,0.0,0.0,0.0,0.0,0,1,0,0.0,0.0,0.0,0.0,0,1,0,0.0,0.0,0.0,0.0,0,0,0,0.0,0.0,0.0,0,0,0,0.0,0.0,0.0
Open Images,3b2444d13b3b30e1,14,2,1,0,4,27,8,27,35,17,0,0,8,0.02115871499995592,0.007052064999925278,0.0,0.007052064999925278,0.0071924860000081026,0.028351585999985218,Optimal,0,none,3.62683763186137,0,13,100.0,100.0,100.0,2.0,2,2,0,0.5,1.0,0.6666666666666666,0.7416443980189081,2,2,0,0.5,1.0,0.6666666666666666,0.7416443980189081,2,2,0,0.5,1.0,0.6666666666666666,0.7416443980189081,0,0,0,0.0,0.0,0.0,0,0,0,0.0,0.0,0.0
Open Images,3b78e75f33d9b90a,10,2,5,0,2,4,4,4,8,5,0,0,4,0.017155317000060677,0.006508978000056231,0.0,0.006508978000056231,0.0066062479999118295,0.023762034000014864,Optimal,0,none,1.472061498959859,0,5,100.0,100.0,100.0,2.0,0,2,2,0.0,0.0,0.0,0.0,0,2,2,0.0,0.0,0.0,0.0,0,2,2,0.0,0.0,0.0,0.0,0,0,0,0.0,0.0,0.0,0,0,0,0.0,0.0,0.0
Open Images,3ba112bd2a75b755,11,0,2,0,2,2,4,2,6,5,0,0,4,0.019581510999955754,0.0064411360000349305,0.0,0.0064411360000349305,0.006536123000046246,0.026118057999951816,Optimal,0,none,1.0605557449658711,0,5,100.0,100.0,100.0,2.0,0,2,0,0.0,0.0,0.0,0.0,0,2,0,0.0,0.0,0.0,0.0,0,2,0,0.0,0.0,0.0,0.0,0,0,0,0.0,0.0,0.0,0,0,0,0.0,0.0,0.0
Open Images,3bbedd517e851024,28,4,4,0,4,24,8,24,32,17,0,0,8,0.016529650000052243,0.007288908000077754,0.0,0.007288908000077754,0.007449125999983153,0.023979415999974663,Optimal,0,none,3.477640065352123,0,13,100.0,100.0,100.0,2.0,0,4,4,0.0,0.0,0.0,0.0,0,4,4,0.0,0.0,0.0,0.0,0,4,4,0.0,0.0,0.0,0.0,0,0,0,0.0,0.0,0.0,0,0,0,0.0,0.0,0.0
Open Images,3be189900a496924,18,2,5,0,2,4,4,4,8,5,0,0,4,0.015939989000003152,0.006239196000024094,0.0,0.006239196000024094,0.006331157999966308,0.02227157699996951,Optimal,0,none,1.5276188643773398,0,5,100.0,100.0,100.0,2.0,0,2,2,0.0,0.0,0.0,0.0,0,2,2,0.0,0.0,0.0,0.0,0,2,2,0.0,0.0,0.0,0.0,0,0,0,0.0,0.0,0.0,0,0,0,0.0,0.0,0.0
Open Images,3c134d48cbb1e25c,15,0,1,0,7,78,14,78,92,50,0,0,14,0.019195629000023473,0.00997738700004902,0.0,0.00997738700004902,0.010200765000035972,0.029396856000062144,Optimal,0,none,5.354841416781365,0,22,100.0,100.0,100.0,2.0,0,7,0,0.0,0.0,0.0,0.0,0,7,0,0.0,0.0,0.0,0.0,0,7,0,0.0,0.0,0.0,0.0,0,0,0,0.0,0.0,0.0,0,0,0,0.0,0.0,0.0
Open Images,3ce9353aae8238b1,34,1,1,0,9,122,18,122,140,82,0,0,18,0.02064679599993724,0.011526793000030011,0.0,0.011526793000030011,0.01183251800000562,0.03247978799993234,Optimal,0,none,6.994173042774204,0,28,100.0,100.0,100.0,2.0,1,8,0,0.1111111111111111,1.0,0.19999999999999998,0.8952752120231794,1,8,0,0.1111111111111111,1.0,0.19999999999999998,0.8952752120231794,1,8,0,0.1111111111111111,1.0,0.19999999999999998,0.8952752120231794,0,0,0,0.0,0.0,0.0,0,0,0,0.0,0.0,0.0
Open Images,3d1275028c1dcd88,41,8,3,0,8,103,16,103,119,65,0,0,16,0.021921323000015036,0.009881651000000602,0.0,0.009881651000000602,0.010125189999939721,0.03204696199998125,Optimal,0,none,6.733682657918186,0,25,100.0,100.0,100.0,2.0,3,5,5,0.375,0.375,0.375,0.8094657921470095,3,5,5,0.375,0.375,0.375,0.8094657921470095,3,5,5,0.375,0.375,0.375,0.8094657921470095,0,0,0,0.0,0.0,0.0,0,0,0,0.0,0.0,0.0
Open Images,3d42dd0fca5505cf,8,0,4,0,3,8,6,8,14,10,0,0,6,0.020967509999991307,0.006065528999897651,0.0,0.006065528999897651,0.006182007000006706,0.027149937999979556,Optimal,0,none,2.358098704814911,0,10,100.0,100.0,100.0,2.0,0,3,0,0.0,0.0,0.0,0.0,0,3,0,0.0,0.0,0.0,0.0,0,3,0,0.0,0.0,0.0,0.0,0,0,0,0.0,0.0,0.0,0,0,0,0.0,0.0,0.0
Open Images,3e3f45d51c4a049e,22,0,2,0,3,10,6,10,16,10,0,0,6,0.024238264000018717,0.006277167000007466,0.0,0.006277167000007466,0.006400966999990487,0.03063966900003834,Optimal,0,none,2.1814411330223082,0,10,100.0,100.0,100.0,2.0,0,3,0,0.0,0.0,0.0,0.0,0,3,0,0.0,0.0,0.0,0.0,0,3,0,0.0,0.0,0.0,0.0,0,0,0,0.0,0.0,0.0,0,0,0,0.0,0.0,0.0
Open Images,3e6029e1509f1dd1,12,1,1,0,2,4,4,4,8,5,0,0,4,0.015575484000009965,0.005863710999960858,0.0,0.005863710999960858,0.005950586000039948,0.021526454999957423,Optimal,0,none,1.3039254983266195,0,5,100.0,100.0,100.0,2.0,0,2,1,0.0,0.0,0.0,0.0,0,2,1,0.0,0.0,0.0,0.0,0,2,1,0.0,0.0,0.0,0.0,0,0,0,0.0,0.0,0.0,0,0,0,0.0,0.0,0.0
Open Images,3efce935d21b765a,33,1,1,0,4,20,8,20,28,17,0,0,8,0.028770164999968983,0.006980974000043716,0.0,0.006980974000043716,0.007116359999940869,0.03588700299997072,Optimal,0,none,3.581880542437237,0,13,100.0,100.0,100.0,2.0,1,3,0,0.25,1.0,0.4,0.9834501803810545,1,3,0,0.25,1.0,0.4,0.9834501803810545,1,3,0,0.25,1.0,0.4,0.9834501803810545,0,0,0,0.0,0.0,0.0,0,0,0,0.0,0.0,0.0
Open Images,3f2cc085cfc23975,26,2,1,0,2,2,4,2,6,5,0,0,4,0.015690781999978753,0.006000913999969271,0.0,0.006000913999969271,0.006086275000029673,0.021777501999963533,Optimal,0,none,1.5358788855870564,0,5,100.0,100.0,100.0,2.0,0,2,2,0.0,0.0,0.0,0.0,0,2,2,0.0,0.0,0.0,0.0,0,2,2,0.0,0.0,0.0,0.0,0,0,0,0.0,0.0,0.0,0,0,0,0.0,0.0,0.0
Open Images,3f67ddce3448e74c,19,1,1,0,2,4,4,4,8,5,0,0,4,0.017263192999962484,0.00575498700004573,0.0,0.00575498700004573,0.005843890000051033,0.023107474999960687,Optimal,0,none,1.4666102202733362,0,5,100.0,100.0,100.0,2.0,1,1,0,0.5,1.0,0.6666666666666666,0.8218840960745321,1,1,0,0.5,1.0,0.6666666666666666,0.8218840960745321,1,1,0,0.5,1.0,0.6666666666666666,0.8218840960745321,0,0,0,0.0,0.0,0.0,0,0,0,0.0,0.0,0.0
Open Images,3f7d5b7ffa990565,27,8,12,0,7,80,14,80,94,49,0,0,14,0.019337657999926705,0.009114473999943584,0.0,0.009114473999943584,0.009338122000031035,0.028676251999968372,Optimal,0,none,5.580904852549238,0,22,100.0,100.0,100.0,2.0,2,5,6,0.2857142857142857,0.25,0.26666666666666666,0.7044107466659228,2,5,6,0.2857142857142857,0.25,0.26666666666666666,0.7044107466659228,2,5,6,0.2857142857142857,0.25,0.26666666666666666,0.7044107466659228,0,0,0,0.0,0.0,0.0,0,0,0,0.0,0.0,0.0
Open Images,408209a5977369e8,14,0,6,0,1,0,2,0,2,1,0,0,2,0.014288698999962435,0.00569073099995876,0.0,0.00569073099995876,0.005750584999987041,0.020039661999931013,Optimal,0,none,0.6049686829249064,0,2,100.0,100.0,100.0,2.0,0,1,0,0.0,0.0,0.0,0.0,0,1,0,0.0,0.0,0.0,0.0,0,1,0,0.0,0.0,0.0,0.0,0,0,0,0.0,0.0,0.0,0,0,0,0.0,0.0,0.0
Open Images,41a362d2cf8dd3f8,12,0,2,0,1,0,2,0,2,1,0,0,2,0.020118637999985367,0.006955062999963957,0.0,0.006955062999963957,0.007014292999997451,0.02713336200008598,Optimal,0,none,0.6249683300654094,0,2,100.0,100.0,100.0,2.0,0,1,0,0.0,0.0,0.0,0.0,0,1,0,0.0,0.0,0.0,0.0,0,1,0,0.0,0.0,0.0,0.0,0,0,0,0.0,0.0,0.0,0,0,0,0.0,0.0,0.0
Open Images,422d4210cdcdb6a5,22,1,2,0,2,2,4,2,6,5,0,0,4,0.01715242499994929,0.006437804000029246,0.0,0.006437804000029246,0.006532026000058977,0.023684924999997747,Optimal,0,none,1.47836102326711,0,5,100.0,100.0,100.0,2.0,1,1,0,0.5,1.0,0.6666666666666666,0.6905396309462108,1,1,0,0.5,1.0,0.6666666666666666,0.6905396309462108,1,1,0,0.5,1.0,0.6666666666666666,0.6905396309462108,0,0,0,0.0,0.0,0.0,0,0,0,0.0,0.0,0.0
Open Images,4287fb387a363c94,11,0,6,0,3,10,6,10,16,10,0,0,6,0.023825890000011896,0.006299677000015436,0.0,0.006299677000015436,0.006460564999997587,0.030286885999998958,Optimal,0,none,2.331888611316681,0,10,100.0,100.0,100.0,2.0,0,3,0,0.0,0.0,0.0,0.0,0,3,0,0.0,0.0,0.0,0.0,0,3,0,0.0,0.0,0.0,0.0,0,0,0,0.0,0.0,0.0,0,0,0,0.0,0.0,0.0
Open Images,42cdf62be2cd206c,23,9,2,0,17,470,34,470,504,290,0,0,34,0.022911469999939982,0.024926676000063708,0.0,0.024926676000063708,0.025540584999930616,0.04845248200001606,Optimal,0,none,14.20764364479021,0,52,100.0,100.0,100.0,2.0,6,11,3,0.35294117647058826,0.6666666666666666,0.46153846153846156,0.8482710950057251,6,11,3,0.35294117647058826,0.6666666666666666,0.46153846153846156,0.8482710950057251,6,11,3,0.35294117647058826,0.6666666666666666,0.46153846153846156,0.8482710950057251,0,0,0,0.0,0.0,0.0,0,0,0,0.0,0.0,0.0
Open Images,43c19287631911c6,29,1,1,0,1,0,2,0,2,1,0,0,2,0.018245586000034564,0.005634718999999677,0.0,0.005634718999999677,0.005693299000085972,0.02393922000010207,Optimal,0,none,0.5776530663172403,0,2,100.0,100.0,100.0,2.0,0,1,1,0.0,0.0,0.0,0.0,0,1,1,0.0,0.0,0.0,0.0,0,1,1,0.0,0.0,0.0,0.0,0,0,0,0.0,0.0,0.0,0,0,0,0.0,0.0,0.0
Open Images,43f2a4b7197637ff,3,1,2,0,1,0,2,0,2,1,0,0,2,0.01912350099996729,0.005696095000075729,0.0,0.005696095000075729,0.005757316999961404,0.024881172000050356,Optimal,0,none,0.6429742733637491,0,2,100.0,100.0,100.0,2.0,1,0,0,1.0,1.0,1.0,0.9540948588703974,1,0,0,1.0,1.0,1.0,0.9540948588703974,1,0,0,1.0,1.0,1.0,0.9540948588703974,0,0,0,0.0,0.0,0.0,0,0,0,0.0,0.0,0.0
Open Images,4420025f6d6ab706,23,1,2,0,7,66,14,66,80,50,0,0,14,0.025841570000011416,0.009852437000063219,0.0,0.009852437000063219,0.010077428999920812,0.03591947600000367,Optimal,0,none,5.750148694876083,0,22,100.0,100.0,100.0,2.0,1,6,0,0.14285714285714285,1.0,0.25,0.9471912386236794,1,6,0,0.14285714285714285,1.0,0.25,0.9471912386236794,1,6,0,0.14285714285714285,1.0,0.25,0.9471912386236794,0,0,0,0.0,0.0,0.0,0,0,0,0.0,0.0,0.0
Open Images,450dc8db3bfee2c9,25,0,1,0,3,9,6,9,15,10,0,0,6,0.016223595000042224,0.006513100999995913,0.0,0.006513100999995913,0.0066371670000080485,0.022861236000039753,Optimal,0,none,2.5320233511924743,0,10,100.0,100.0,100.0,2.0,0,3,0,0.0,0.0,0.0,0.0,0,3,0,0.0,0.0,0.0,0.0,0,3,0,0.0,0.0,0.0,0.0,0,0,0,0.0,0.0,0.0,0,0,0,0.0,0.0,0.0
Open Images,489b8628e0f419a5,23,1,1,0,2,6,4,6,10,5,0,0,4,0.01901160499994603,0.005976399000019228,0.0,0.005976399000019228,0.006066233999945325,0.025078271999973367,Optimal,0,none,1.4132146628697715,0,5,100.0,100.0,100.0,2.0,1,1,0,0.5,1.0,0.6666666666666666,0.9412092352338386,1,1,0,0.5,1.0,0.6666666666666666,0.9412092352338386,1,1,0,0.5,1.0,0.6666666666666666,0.9412092352338386,0,0,0,0.0,0.0,0.0,0,0,0,0.0,0.0,0.0
Open Images,48abd1db27d7de96,32,2,1,0,7,77,14,77,91,50,0,0,14,0.015993319000017436,0.009325599000021612,0.0,0.009325599000021612,0.009549166000056175,0.025542879999989054,Optimal,0,none,5.730502754847211,0,22,100.0,100.0,100.0,2.0,2,5,0,0.2857142857142857,1.0,0.4444444444444445,0.8365104225501365,2,5,0,0.2857142857142857,1.0,0.4444444444444445,0.8365104225501365,2,5,0,0.2857142857142857,1.0,0.4444444444444445,0.8365104225501365,0,0,0,0.0,0.0,0.0,0,0,0,0.0,0.0,0.0
Open Images,48cd906fad6004bf,3,0,2,0,3,6,6,6,12,10,0,0,6,0.01821241800007556,0.00563713699989421,0.0,0.00563713699989421,0.00574423199998364,0.023957072000030166,Optimal,0,none,2.636022543907166,0,10,100.0,100.0,100.0,2.0,0,3,0,0.0,0.0,0.0,0.0,0,3,0,0.0,0.0,0.0,0.0,0,3,0,0.0,0.0,0.0,0.0,0,0,0,0.0,0.0,0.0,0,0,0,0.0,0.0,0.0
Open Images,48d7e9892a1653e3,7,0,2,0,2,4,4,4,8,5,0,0,4,0.01640098500001841,0.00591785799997524,0.0,0.00591785799997524,0.006004534999988209,0.022405907000006664,Optimal,0,none,1.3847689302762354,0,5,100.0,100.0,100.0,2.0,0,2,0,0.0,0.0,0.0,0.0,0,2,0,0.0,0.0,0.0,0.0,0,2,0,0.0,0.0,0.0,0.0,0,0,0,0.0,0.0,0.0,0,0,0,0.0,0.0,0.0
Open Images,494c1c49e967eb79,33,1,5,0,6,46,12,46,58,37,0,0,12,0.02106666400004542,0.00822072300002219,0.0,0.00822072300002219,0.008404017999964708,0.02947111700007099,Optimal,0,none,5.051163768978144,0,19,100.0,100.0,100.0,2.0,1,5,0,0.16666666666666666,1.0,0.2857142857142857,0.6880547856875847,1,5,0,0.16666666666666666,1.0,0.2857142857142857,0.6880547856875847,1,5,0,0.16666666666666666,1.0,0.2857142857142857,0.6880547856875847,0,0,0,0.0,0.0,0.0,0,0,0,0.0,0.0,0.0
Open Images,49cc9e3699b6a53e,43,0,7,0,12,250,24,250,274,145,0,0,24,0.016514196999992237,0.015530269999999291,0.0,0.015530269999999291,0.015963546999955724,0.03247815099996387,Optimal,0,none,10.374908093047237,0,37,100.0,100.0,100.0,2.0,0,12,0,0.0,0.0,0.0,0.0,0,12,0,0.0,0.0,0.0,0.0,0,12,0,0.0,0.0,0.0,0.0,0,0,0,0.0,0.0,0.0,0,0,0,0.0,0.0,0.0
Open Images,4a197f10b93d99d8,28,0,1,0,11,181,22,181,203,122,0,0,22,0.022227497000017138,0.013627161000044907,0.0,0.013627161000044907,0.014037110999993274,0.0362650179999946,Optimal,0,none,9.698943167888052,0,34,100.0,100.0,100.0,2.0,0,11,0,0.0,0.0,0.0,0.0,0,11,0,0.0,0.0,0.0,0.0,0,11,0,0.0,0.0,0.0,0.0,0,0,0,0.0,0.0,0.0,0,0,0,0.0,0.0,0.0
Open Images,4c9154ccd94191ff,8,1,1,0,2,2,4,2,6,5,0,0,4,0.015993489000038608,0.005944799999952011,0.0,0.005944799999952011,0.006031534999920041,0.02202539099994283,Optimal,0,none,1.5633806975682578,0,5,100.0,100.0,100.0,2.0,1,1,0,0.5,1.0,0.6666666666666666,0.9346366901550183,1,1,0,0.5,1.0,0.6666666666666666,0.9346366901550183,1,1,0,0.5,1.0,0.6666666666666666,0.9346366901550183,0,0,0,0.0,0.0,0.0,0,0,0,0.0,0.0,0.0
Open Images,4dd4010e95454176,38,17,4,0,12,263,24,263,287,145,0,0,24,0.01766231500005233,0.015466049999986353,0.0,0.015466049999986353,0.015891240000087237,0.03355396100005237,Optimal,0,none,9.235264398003041,0,37,100.0,100.0,100.0,2.0,5,7,12,0.4166666666666667,0.29411764705882354,0.3448275862068966,0.8339316048579433,5,7,12,0.4166666666666667,0.29411764705882354,0.3448275862068966,0.8339316048579433,5,7,12,0.4166666666666667,0.29411764705882354,0.3448275862068966,0.8339316048579433,0,0,0,0.0,0.0,0.0,0,0,0,0.0,0.0,0.0
Open Images,4e409a31ed9b18e3,13,0,2,0,1,0,2,0,2,1,0,0,2,0.01451689299994996,0.005251864999991085,0.0,0.005251864999991085,0.005310013999974217,0.01982730099996388,Optimal,0,none,0.5883642594019571,0,2,100.0,100.0,100.0,2.0,0,1,0,0.0,0.0,0.0,0.0,0,1,0,0.0,0.0,0.0,0.0,0,1,0,0.0,0.0,0.0,0.0,0,0,0,0.0,0.0,0.0,0,0,0,0.0,0.0,0.0
Open Images,515d392264b903b5,2,0,1,0,2,3,4,3,7,5,0,0,4,0.01581289499995364,0.005866643000103977,0.0,0.005866643000103977,0.005950677999976506,0.021763968999948702,Optimal,0,none,1.4269418032964074,0,5,100.0,100.0,100.0,2.0,0,2,0,0.0,0.0,0.0,0.0,0,2,0,0.0,0.0,0.0,0.0,0,2,0,0.0,0.0,0.0,0.0,0,0,0,0.0,0.0,0.0,0,0,0,0.0,0.0,0.0
Open Images,52072b5c865a4f30,4,0,2,0,2,5,4,5,9,5,0,0,4,0.015788086000043222,0.00616077100005441,0.0,0.00616077100005441,0.006252763000020423,0.022041218000026674,Optimal,0,none,1.3527065957355815,0,5,100.0,100.0,100.0,2.0,0,2,0,0.0,0.0,0.0,0.0,0,2,0,0.0,0.0,0.0,0.0,0,2,0,0.0,0.0,0.0,0.0,0,0,0,0.0,0.0,0.0,0,0,0,0.0,0.0,0.0
Open Images,52371c64db9ee3f2,34,2,13,0,23,850,46,850,896,530,0,0,46,0.028693723999936083,0.04190268799993646,0.0,0.04190268799993646,0.0429276720000189,0.07162180199998147,Optimal,0,none,18.856492051964665,0,70,100.0,100.0,100.0,2.0,1,22,1,0.043478260869565216,0.5,0.08,0.7475729044820907,1,22,1,0.043478260869565216,0.5,0.08,0.7475729044820907,1,22,1,0.043478260869565216,0.5,0.08,0.7475729044820907,0,0,0,0.0,0.0,0.0,0,0,0,0.0,0.0,0.0
Open Images,537fcd028b47bc5f,11,0,1,0,2,2,4,2,6,5,0,0,4,0.019583522000061748,0.005955483999969147,0.0,0.005955483999969147,0.0060414979999450225,0.025625399999967158,Optimal,0,none,1.1408699162801106,0,5,100.0,100.0,100.0,2.0,0,2,0,0.0,0.0,0.0,0.0,0,2,0,0.0,0.0,0.0,0.0,0,2,0,0.0,0.0,0.0,0.0,0,0,0,0.0,0.0,0.0,0,0,0,0.0,0.0,0.0
Open Images,561fe7f628410a18,12,1,1,0,1,0,2,0,2,1,0,0,2,0.017218476000039118,0.005373578999979145,0.0,0.005373578999979145,0.005447706000040853,0.022666563000029782,Optimal,0,none,0.6247866074244182,0,2,100.0,100.0,100.0,2.0,0,1,1,0.0,0.0,0.0,0.0,0,1,1,0.0,0.0,0.0,0.0,0,1,1,0.0,0.0,0.0,0.0,0,0,0,0.0,0.0,0.0,0,0,0,0.0,0.0,0.0
Open Images,571e87b93aecab33,7,1,1,0,4,22,8,22,30,17,0,0,8,0.01578598300000067,0.0068374819999235115,0.0,0.0068374819999235115,0.007007799999996678,0.022794271999941884,Optimal,0,none,2.904967137972515,0,13,100.0,100.0,100.0,2.0,0,4,1,0.0,0.0,0.0,0.9646173330990332,0,4,1,0.0,0.0,0.0,0.9646173330990332,0,4,1,0.0,0.0,0.0,0.9646173330990332,0,0,0,0.0,0.0,0.0,0,0,0,0.0,0.0,0.0
Open Images,582be29db5b1a39d,14,0,6,0,1,0,2,0,2,1,0,0,2,0.018515434999926583,0.005252588000075775,0.0,0.005252588000075775,0.005306807000010849,0.023822567999900457,Optimal,0,none,0.6219467560450236,0,2,100.0,100.0,100.0,2.0,0,1,0,0.0,0.0,0.0,0.0,0,1,0,0.0,0.0,0.0,0.0,0,1,0,0.0,0.0,0.0,0.0,0,0,0,0.0,0.0,0.0,0,0,0,0.0,0.0,0.0
Open Images,5847ef17fa137eea,5,2,3,0,2,2,4,2,6,5,0,0,4,0.01767062800001895,0.005419165999910547,0.0,0.005419165999910547,0.005503907999923285,0.023174949999997807,Optimal,0,none,1.3325619848569237,0,5,100.0,100.0,100.0,2.0,1,1,1,0.5,0.5,0.5,0.9670630448871077,1,1,1,0.5,0.5,0.5,0.9670630448871077,1,1,1,0.5,0.5,0.5,0.9670630448871077,0,0,0,0.0,0.0,0.0,0,0,0,0.0,0.0,0.0
Open Images,5a1600c71cb5d944,13,0,1,0,1,0,2,0,2,1,0,0,2,0.020652253999969616,0.005979306999961409,0.0,0.005979306999961409,0.006043483000098604,0.02669622200005506,Optimal,0,none,0.6453392903010051,0,2,100.0,100.0,100.0,2.0,0,1,0,0.0,0.0,0.0,0.0,0,1,0,0.0,0.0,0.0,0.0,0,1,0,0.0,0.0,0.0,0.0,0,0,0,0.0,0.0,0.0,0,0,0,0.0,0.0,0.0
Open Images,5a63bb568d149c2e,21,4,3,0,15,392,30,392,422,226,0,0,30,0.026355168000009144,0.020605550000027506,0.0,0.020605550000027506,0.021210625999970034,0.047566263000021536,Optimal,0,none,12.64078607160561,0,46,100.0,100.0,100.0,2.0,2,13,2,0.13333333333333333,0.5,0.2105263157894737,0.6949107165891328,2,13,2,0.13333333333333333,0.5,0.2105263157894737,0.6949107165891328,2,13,2,0.13333333333333333,0.5,0.2105263157894737,0.6949107165891328,0,0,0,0.0,0.0,0.0,0,0,0,0.0,0.0,0.0
Open Images,5b906e188aac9f24,12,5,1,0,4,23,8,23,31,17,0,0,8,0.020378355000048032,0.00701689500010616,0.0,0.00701689500010616,0.007164976000012757,0.02754380399994716,Optimal,0,none,3.1859926597277335,0,13,100.0,100.0,100.0,2.0,1,3,4,0.25,0.2,0.22222222222222224,0.9499007163455746,1,3,4,0.25,0.2,0.22222222222222224,0.9499007163455746,1,3,4,0.25,0.2,0.22222222222222224,0.9499007163455746,0,0,0,0.0,0.0,0.0,0,0,0,0.0,0.0,0.0
Open Images,5e59e5dc357f93f4,41,0,6,0,9,112,18,112,130,82,0,0,18,0.022240965999912987,0.010237432000053559,0.0,0.010237432000053559,0.01049750300001051,0.03273904999991828,Optimal,0,none,7.89253281593323,0,28,100.0,100.0,100.0,2.0,0,9,0,0.0,0.0,0.0,0.0,0,9,0,0.0,0.0,0.0,0.0,0,9,0,0.0,0.0,0.0,0.0,0,0,0,0.0,0.0,0.0,0,0,0,0.0,0.0,0.0
Open Images,5ee03b187a08d7a4,13,1,2,0,4,20,8,20,28,17,0,0,8,0.0161668880000434,0.006986032999975578,0.0,0.006986032999975578,0.0071282569999766565,0.023295584000038616,Optimal,0,none,3.2745697228113824,0,13,100.0,100.0,100.0,2.0,1,3,0,0.25,1.0,0.4,0.9109989097616362,1,3,0,0.25,1.0,0.4,0.9109989097616362,1,3,0,0.25,1.0,0.4,0.9109989097616362,0,0,0,0.0,0.0,0.0,0,0,0,0.0,0.0,0.0
Open Images,6022a450df278025,24,4,5,0,7,84,14,84,98,50,0,0,14,0.016880299000035848,0.009418933999995716,0.0,0.009418933999995716,0.009640397999987727,0.026521193999997195,Optimal,0,none,6.004609479793197,0,22,100.0,100.0,100.0,2.0,1,6,3,0.14285714285714285,0.25,0.18181818181818182,0.8704567639419242,1,6,3,0.14285714285714285,0.25,0.18181818181818182,0.8704567639419242,1,6,3,0.14285714285714285,0.25,0.18181818181818182,0.8704567639419242,0,0,0,0.0,0.0,0.0,0,0,0,0.0,0.0,0.0
Open Images,60fdb7fd333eaf74,13,1,1,0,3,12,6,12,18,10,0,0,6,0.019470253999998022,0.006092048000027717,0.0,0.006092048000027717,0.006208051000044179,0.025678621999986717,Optimal,0,none,2.3895003780851005,0,10,100.0,100.0,100.0,2.0,0,3,1,0.0,0.0,0.0,0.6358215290280492,0,3,1,0.0,0.0,0.0,0.6358215290280492,0,3,1,0.0,0.0,0.0,0.6358215290280492,0,0,0,0.0,0.0,0.0,0,0,0,0.0,0.0,0.0
Open Images,656abc78a9534c08,23,0,3,0,3,10,6,10,16,10,0,0,6,0.019703084000070703,0.0060398020000320685,0.0,0.0060398020000320685,0.006156003000000965,0.025859534000005624,Optimal,0,none,2.487022240161896,0,10,100.0,100.0,100.0,2.0,0,3,0,0.0,0.0,0.0,0.0,0,3,0,0.0,0.0,0.0,0.0,0,3,0,0.0,0.0,0.0,0.0,0,0,0,0.0,0.0,0.0,0,0,0,0.0,0.0,0.0
Open Images,659fc7394df83f02,5,0,2,0,1,0,2,0,2,1,0,0,2,0.02017401799992058,0.005617388000018764,0.0,0.005617388000018764,0.005678628999930879,0.02585303599994404,Optimal,0,none,0.5737250010172525,0,2,100.0,100.0,100.0,2.0,0,1,0,0.0,0.0,0.0,0.0,0,1,0,0.0,0.0,0.0,0.0,0,1,0,0.0,0.0,0.0,0.0,0,0,0,0.0,0.0,0.0,0,0,0,0.0,0.0,0.0
Open Images,66628a0eee9deb75,7,0,3,0,1,0,2,0,2,1,0,0,2,0.01770836599996528,0.005463098000063837,0.0,0.005463098000063837,0.005558193999945615,0.023266952999961177,Optimal,0,none,0.4622777024904887,0,2,100.0,100.0,100.0,2.0,0,1,0,0.0,0.0,0.0,0.0,0,1,0,0.0,0.0,0.0,0.0,0,1,0,0.0,0.0,0.0,0.0,0,0,0,0.0,0.0,0.0,0,0,0,0.0,0.0,0.0
Open Images,66a048ed7d6aabcc,5,1,3,0,3,11,6,11,17,10,0,0,6,0.029029001000026255,0.007505561000016314,0.0,0.007505561000016314,0.007746594999957779,0.036776466999981494,Optimal,0,none,2.542080674171449,0,10,100.0,100.0,100.0,2.0,1,2,0,0.3333333333333333,1.0,0.5,0.9586946835108086,1,2,0,0.3333333333333333,1.0,0.5,0.9586946835108086,1,2,0,0.3333333333333333,1.0,0.5,0.9586946835108086,0,0,0,0.0,0.0,0.0,0,0,0,0.0,0.0,0.0
Open Images,66ef4a8a4a84b9b3,74,8,14,0,10,160,20,160,180,101,0,0,20,0.02814199599993117,0.015276519999929405,0.0,0.015276519999929405,0.016063605999988795,0.044206405999943854,Optimal,0,none,8.574917933146162,0,31,100.0,100.0,100.0,2.0,2,8,6,0.2,0.25,0.22222222222222224,0.7288007563651839,2,8,6,0.2,0.25,0.22222222222222224,0.7288007563651839,2,8,6,0.2,0.25,0.22222222222222224,0.7288007563651839,0,0,0,0.0,0.0,0.0,0,0,0,0.0,0.0,0.0
Open Images,671dce6fe4eb944d,15,2,3,0,2,3,4,3,7,5,0,0,4,0.0170621710000205,0.006041438000011112,0.0,0.006041438000011112,0.006152978999921288,0.023215884000023834,Optimal,0,none,1.304874447186788,0,5,100.0,100.0,100.0,2.0,0,2,2,0.0,0.0,0.0,0.0,0,2,2,0.0,0.0,0.0,0.0,0,2,2,0.0,0.0,0.0,0.0,0,0,0,0.0,0.0,0.0,0,0,0,0.0,0.0,0.0
Open Images,67bb81df42352db9,7,2,2,0,2,4,4,4,8,5,0,0,4,0.017540065000048344,0.006119666000017787,0.0,0.006119666000017787,0.006211025999959929,0.023751563000018905,Optimal,0,none,1.566270235379537,0,5,100.0,100.0,100.0,2.0,1,1,1,0.5,0.5,0.5,0.9841614515656683,1,1,1,0.5,0.5,0.5,0.9841614515656683,1,1,1,0.5,0.5,0.5,0.9841614515656683,0,0,0,0.0,0.0,0.0,0,0,0,0.0,0.0,0.0
Open Images,69788246df023ddf,8,0,1,0,1,0,2,0,2,1,0,0,2,0.024264259999995375,0.005915226999945844,0.0,0.005915226999945844,0.005977040000061606,0.030241693999983,Optimal,0,none,0.46928664843241374,0,2,100.0,100.0,100.0,2.0,0,1,0,0.0,0.0,0.0,0.0,0,1,0,0.0,0.0,0.0,0.0,0,1,0,0.0,0.0,0.0,0.0,0,0,0,0.0,0.0,0.0,0,0,0,0.0,0.0,0.0
Open Images,6a316f2b341bdc0b,16,1,2,0,3,11,6,11,17,10,0,0,6,0.020251339999958873,0.006309080999926664,0.0,0.006309080999926664,0.006429035999985899,0.02668082000002414,Optimal,0,none,2.5405811452865605,0,10,100.0,100.0,100.0,2.0,1,2,0,0.3333333333333333,1.0,0.5,0.804613527607876,1,2,0,0.3333333333333333,1.0,0.5,0.804613527607876,1,2,0,0.3333333333333333,1.0,0.5,0.804613527607876,0,0,0,0.0,0.0,0.0,0,0,0,0.0,0.0,0.0
Open Images,6a6881aefff9ad58,26,5,2,0,19,648,38,648,686,362,0,0,38,0.020538674000022183,0.03101611900001444,0.0,0.03101611900001444,0.031895770999994966,0.05243499699997756,Optimal,0,none,15.390914436256612,0,58,100.0,100.0,100.0,2.0,5,14,0,0.2631578947368421,1.0,0.4166666666666667,0.8007397270473495,5,14,0,0.2631578947368421,1.0,0.4166666666666667,0.8007397270473495,5,14,0,0.2631578947368421,1.0,0.4166666666666667,0.8007397270473495,0,0,0,0.0,0.0,0.0,0,0,0,0.0,0.0,0.0
Open Images,6bff678ea2346ac5,23,0,2,0,3,10,6,10,16,10,0,0,6,0.02170105400000466,0.006374461000064002,0.0,0.006374461000064002,0.0064962950000335695,0.028197825999995985,Optimal,0,none,2.4265388894081115,0,10,100.0,100.0,100.0,2.0,0,3,0,0.0,0.0,0.0,0.0,0,3,0,0.0,0.0,0.0,0.0,0,3,0,0.0,0.0,0.0,0.0,0,0,0,0.0,0.0,0.0,0,0,0,0.0,0.0,0.0
Open Images,6c1cd7fdc967c0d5,11,0,1,0,1,0,2,0,2,1,0,0,2,0.017300937999948474,0.006416841000032036,0.0,0.006416841000032036,0.006483342999899833,0.023784794999983205,Optimal,0,none,0.5347943226496379,0,2,100.0,100.0,100.0,2.0,0,1,0,0.0,0.0,0.0,0.0,0,1,0,0.0,0.0,0.0,0.0,0,1,0,0.0,0.0,0.0,0.0,0,0,0,0.0,0.0,0.0,0,0,0,0.0,0.0,0.0
Open Images,6c2aa294019ac91a,32,1,7,0,9,122,18,122,140,82,0,0,18,0.016348107999988315,0.01088957800004664,0.0,0.01088957800004664,0.011174562999940463,0.027523137999992286,Optimal,0,none,7.642404734442259,0,28,100.0,100.0,100.0,2.0,0,9,1,0.0,0.0,0.0,0.886632223321397,0,9,1,0.0,0.0,0.0,0.886632223321397,0,9,1,0.0,0.0,0.0,0.886632223321397,0,0,0,0.0,0.0,0.0,0,0,0,0.0,0.0,0.0
Open Images,6c8dafac9ee9d86e,35,2,1,0,29,1557,58,1557,1615,842,0,0,58,0.021143402999996397,0.06411444699995172,0.0,0.06411444699995172,0.06577554000000418,0.0869195430000218,Optimal,0,none,23.76828590882201,0,88,100.0,100.0,100.0,2.0,2,27,0,0.06896551724137931,1.0,0.12903225806451613,0.854136576486664,2,27,0,0.06896551724137931,1.0,0.12903225806451613,0.854136576486664,2,27,0,0.06896551724137931,1.0,0.12903225806451613,0.854136576486664,0,0,0,0.0,0.0,0.0,0,0,0,0.0,0.0,0.0
Open Images,6d83767827cba4a3,16,0,2,0,1,0,2,0,2,1,0,0,2,0.02186786300001131,0.005523390000007566,0.0,0.005523390000007566,0.005582974000049035,0.02745117400002073,Optimal,0,none,0.5746572653452555,0,2,100.0,100.0,100.0,2.0,0,1,0,0.0,0.0,0.0,0.0,0,1,0,0.0,0.0,0.0,0.0,0,1,0,0.0,0.0,0.0,0.0,0,0,0,0.0,0.0,0.0,0,0,0,0.0,0.0,0.0
Open Images,6fc0ad531ee4c66e,6,1,1,0,1,0,2,0,2,1,0,0,2,0.017965892999995958,0.005562343000065084,0.0,0.005562343000065084,0.005620130000011159,0.0235864630000151,Optimal,0,none,0.5821491400400798,0,2,100.0,100.0,100.0,2.0,0,1,1,0.0,0.0,0.0,0.5415314737915627,0,1,1,0.0,0.0,0.0,0.5415314737915627,0,1,1,0.0,0.0,0.0,0.5415314737915627,0,0,0,0.0,0.0,0.0,0,0,0,0.0,0.0,0.0
Open Images,71631731c0d63e45,10,0,2,0,2,6,4,6,10,5,0,0,4,0.019631140000001324,0.005846775000009075,0.0,0.005846775000009075,0.005938805000027969,0.025570292999987032,Optimal,0,none,1.55122828801473,0,5,100.0,100.0,100.0,2.0,0,2,0,0.0,0.0,0.0,0.0,0,2,0,0.0,0.0,0.0,0.0,0,2,0,0.0,0.0,0.0,0.0,0,0,0,0.0,0.0,0.0,0,0,0,0.0,0.0,0.0
Open Images,72157cefa7c57ec8,16,1,1,0,5,40,10,40,50,26,0,0,10,0.017141889999948035,0.007576623000090876,0.0,0.007576623000090876,0.007739506999996593,0.024881785999923522,Optimal,0,none,4.141785181363425,0,16,100.0,100.0,100.0,2.0,1,4,0,0.2,1.0,0.33333333333333337,0.801752058503448,1,4,0,0.2,1.0,0.33333333333333337,0.801752058503448,1,4,0,0.2,1.0,0.33333333333333337,0.801752058503448,0,0,0,0.0,0.0,0.0,0,0,0,0.0,0.0,0.0
Open Images,7290c66c57edfdc5,5,2,3,0,2,2,4,2,6,5,0,0,4,0.01647691899995607,0.00562345900004857,0.0,0.00562345900004857,0.005724108999970667,0.02220145199999024,Optimal,0,none,1.3604338296254475,0,5,100.0,100.0,100.0,2.0,0,2,2,0.0,0.0,0.0,0.9537218440071089,0,2,2,0.0,0.0,0.0,0.9537218440071089,0,2,2,0.0,0.0,0.0,0.9537218440071089,0,0,0,0.0,0.0,0.0,0,0,0,0.0,0.0,0.0
Open Images,7546e007f40fb1a9,47,2,1,0,7,75,14,75,89,50,0,0,14,0.020684363999976085,0.009093881000012516,0.0,0.009093881000012516,0.009312917999977799,0.029997675000004165,Optimal,0,none,5.782237033483483,0,22,100.0,100.0,100.0,2.0,2,5,0,0.2857142857142857,1.0,0.4444444444444445,0.7303477867763056,2,5,0,0.2857142857142857,1.0,0.4444444444444445,0.7303477867763056,2,5,0,0.2857142857142857,1.0,0.4444444444444445,0.7303477867763056,0,0,0,0.0,0.0,0.0,0,0,0,0.0,0.0,0.0
Open Images,75ed7924c47f984d,19,0,5,0,1,0,2,0,2,1,0,0,2,0.016013864000001377,0.005669541999964167,0.0,0.005669541999964167,0.00572516700003689,0.021739380999974856,Optimal,0,none,0.497781507174174,0,2,100.0,100.0,100.0,2.0,0,1,0,0.0,0.0,0.0,0.0,0,1,0,0.0,0.0,0.0,0.0,0,1,0,0.0,0.0,0.0,0.0,0,0,0,0.0,0.0,0.0,0,0,0,0.0,0.0,0.0
Open Images,793b05bcb9445b1f,38,1,2,0,6,48,12,48,60,37,0,0,12,0.018960506999974314,0.008030594000047131,0.0,0.008030594000047131,0.008210238000060599,0.027171173000056115,Optimal,0,none,5.417931077620886,0,19,100.0,100.0,100.0,2.0,1,5,0,0.16666666666666666,1.0,0.2857142857142857,0.9479942182770192,1,5,0,0.16666666666666666,1.0,0.2857142857142857,0.9479942182770192,1,5,0,0.16666666666666666,1.0,0.2857142857142857,0.9479942182770192,0,0,0,0.0,0.0,0.0,0,0,0,0.0,0.0,0.0
Open Images,7a87225ae9d63bcd,57,20,6,0,16,460,32,460,492,257,0,0,32,0.026908506999916426,0.022860858999933953,0.0,0.022860858999933953,0.023455893000004835,0.050364843000011206,Optimal,0,none,12.664070472384285,0,49,100.0,100.0,100.0,2.0,10,6,10,0.625,0.5,0.5555555555555556,0.8127016881004663,10,6,10,0.625,0.5,0.5555555555555556,0.8127016881004663,10,6,10,0.625,0.5,0.5555555555555556,0.8127016881004663,0,0,0,0.0,0.0,0.0,0,0,0,0.0,0.0,0.0
Open Images,7a9767c9f102b469,16,1,1,0,3,10,6,10,16,10,0,0,6,0.020855652999898666,0.006046952000019701,0.0,0.006046952000019701,0.006156608999958735,0.027012652999928832,Optimal,0,none,2.3237796974182134,0,10,100.0,100.0,100.0,2.0,1,2,0,0.3333333333333333,1.0,0.5,0.9350423873571401,1,2,0,0.3333333333333333,1.0,0.5,0.9350423873571401,1,2,0,0.3333333333333333,1.0,0.5,0.9350423873571401,0,0,0,0.0,0.0,0.0,0,0,0,0.0,0.0,0.0
Open Images,7aff58e036d03b98,47,3,8,0,8,84,16,84,100,65,0,0,16,0.020673823000038283,0.010983792000047288,0.0,0.010983792000047288,0.011213700999974208,0.031888013000070714,Optimal,0,none,7.2004068311055525,0,25,100.0,100.0,100.0,2.0,3,5,0,0.375,1.0,0.5454545454545454,0.933787840578589,3,5,0,0.375,1.0,0.5454545454545454,0.933787840578589,3,5,0,0.375,1.0,0.5454545454545454,0.933787840578589,0,0,0,0.0,0.0,0.0,0,0,0,0.0,0.0,0.0
Open Images,7b072d084f4d3198,13,0,1,0,2,4,4,4,8,5,0,0,4,0.019245877999992445,0.006771464000053129,0.0,0.006771464000053129,0.0068750440000258095,0.026121389000081763,Optimal,0,none,1.3799689420064287,0,5,100.0,100.0,100.0,2.0,0,2,0,0.0,0.0,0.0,0.0,0,2,0,0.0,0.0,0.0,0.0,0,2,0,0.0,0.0,0.0,0.0,0,0,0,0.0,0.0,0.0,0,0,0,0.0,0.0,0.0
Open Images,7c888d0d5fd5b56e,49,0,4,0,5,34,10,34,44,26,0,0,10,0.020084007000036763,0.008282023000106165,0.0,0.008282023000106165,0.008467651999922055,0.028552091000051405,Optimal,0,none,4.287767823573744,0,16,100.0,100.0,100.0,2.0,0,5,0,0.0,0.0,0.0,0.0,0,5,0,0.0,0.0,0.0,0.0,0,5,0,0.0,0.0,0.0,0.0,0,0,0,0.0,0.0,0.0,0,0,0,0.0,0.0,0.0
Open Images,7d4c46b89378b7dc,30,3,6,0,6,51,12,51,63,37,0,0,12,0.01943445800009158,0.008749956000087877,0.0,0.008749956000087877,0.00899509400005627,0.028430092999997214,Optimal,0,none,5.433702051639559,0,19,100.0,100.0,100.0,2.0,3,3,0,0.5,1.0,0.6666666666666666,0.9207150866796813,3,3,0,0.5,1.0,0.6666666666666666,0.9207150866796813,3,3,0,0.5,1.0,0.6666666666666666,0.9207150866796813,0,0,0,0.0,0.0,0.0,0,0,0,0.0,0.0,0.0
Open Images,7f8ef92c55a63b32,26,13,3,0,13,273,26,273,299,170,0,0,26,0.01758972899995115,0.018159286000013708,0.0,0.018159286000013708,0.018716629000095963,0.036306932000002234,Optimal,0,none,10.321046554028701,0,40,100.0,100.0,100.0,2.0,3,10,10,0.23076923076923078,0.23076923076923078,0.23076923076923078,0.6825302910306619,3,10,10,0.23076923076923078,0.23076923076923078,0.23076923076923078,0.6825302910306619,3,10,10,0.23076923076923078,0.23076923076923078,0.23076923076923078,0.6825302910306619,0,0,0,0.0,0.0,0.0,0,0,0,0.0,0.0,0.0
Open Images,7ff76c84761e761e,6,3,1,0,5,28,10,28,38,26,0,0,10,0.01899377600000207,0.007525913999984368,0.0,0.007525913999984368,0.007731610000064393,0.026725851000037437,Optimal,0,none,3.7812652738889074,0,16,100.0,100.0,100.0,2.0,3,2,0,0.6,1.0,0.7499999999999999,0.9236506900389908,3,2,0,0.6,1.0,0.7499999999999999,0.9236506900389908,3,2,0,0.6,1.0,0.7499999999999999,0.9236506900389908,0,0,0,0.0,0.0,0.0,0,0,0,0.0,0.0,0.0
Open Images,82b48c199a4d5a8c,28,0,1,0,8,104,16,104,120,65,0,0,16,0.025799947999985307,0.011084191000009014,0.0,0.011084191000009014,0.011460798000030081,0.03726142000004984,Optimal,0,none,5.909799729188285,0,25,100.0,100.0,100.0,2.0,0,8,0,0.0,0.0,0.0,0.0,0,8,0,0.0,0.0,0.0,0.0,0,8,0,0.0,0.0,0.0,0.0,0,0,0,0.0,0.0,0.0,0,0,0,0.0,0.0,0.0
Open Images,83c97587c5cb217a,10,1,1,0,3,15,6,15,21,10,0,0,6,0.019750767999994423,0.006866792999971949,0.0,0.006866792999971949,0.006994658999929015,0.026745924000010746,Optimal,0,none,2.587553174495697,0,10,100.0,100.0,100.0,2.0,1,2,0,0.3333333333333333,1.0,0.5,0.9478839538934531,1,2,0,0.3333333333333333,1.0,0.5,0.9478839538934531,1,2,0,0.3333333333333333,1.0,0.5,0.9478839538934531,0,0,0,0.0,0.0,0.0,0,0,0,0.0,0.0,0.0
Open Images,8442ec11695b3d6f,17,1,1,0,4,18,8,18,26,17,0,0,8,0.018834551999930227,0.007258352999997442,0.0,0.007258352999997442,0.007401415999993333,0.026236349999976483,Optimal,0,none,3.0215871755282095,0,13,100.0,100.0,100.0,2.0,0,4,1,0.0,0.0,0.0,0.0,0,4,1,0.0,0.0,0.0,0.0,0,4,1,0.0,0.0,0.0,0.0,0,0,0,0.0,0.0,0.0,0,0,0,0.0,0.0,0.0
Open Images,845d6ac4a4fb713c,10,0,2,0,2,4,4,4,8,5,0,0,4,0.01601854299997285,0.006439868000029492,0.0,0.006439868000029492,0.006540056000062577,0.0225590679999641,Optimal,0,none,1.299738968213399,0,5,100.0,100.0,100.0,2.0,0,2,0,0.0,0.0,0.0,0.0,0,2,0,0.0,0.0,0.0,0.0,0,2,0,0.0,0.0,0.0,0.0,0,0,0,0.0,0.0,0.0,0,0,0,0.0,0.0,0.0
Open Images,857cfd128a025297,17,2,2,0,6,50,12,50,62,37,0,0,12,0.016179721000071368,0.008986906999894018,0.0,0.008986906999894018,0.009195601999977043,0.025375725999992937,Optimal,0,none,5.163930864334108,0,19,100.0,100.0,100.0,2.0,1,5,1,0.16666666666666666,0.5,0.25,0.9035436156870186,1,5,1,0.16666666666666666,0.5,0.25,0.9035436156870186,1,5,1,0.16666666666666666,0.5,0.25,0.9035436156870186,0,0,0,0.0,0.0,0.0,0,0,0,0.0,0.0,0.0
Open Images,85bcf3cd6540ec7d,8,1,2,0,2,4,4,4,8,5,0,0,4,0.016413054000054217,0.006322253999996974,0.0,0.006322253999996974,0.006440955000016402,0.02285449900000458,Optimal,0,none,1.5476886065800985,0,5,100.0,100.0,100.0,2.0,1,1,0,0.5,1.0,0.6666666666666666,0.982594974616466,1,1,0,0.5,1.0,0.6666666666666666,0.982594974616466,1,1,0,0.5,1.0,0.6666666666666666,0.982594974616466,0,0,0,0.0,0.0,0.0,0,0,0,0.0,0.0,0.0
Open Images,8671b9d2f05bd71e,5,0,1,0,1,0,2,0,2,1,0,0,2,0.014795634000051905,0.0059784879999824625,0.0,0.0059784879999824625,0.006056571999920379,0.02085261900003843,Optimal,0,none,0.5008217493693035,0,2,100.0,100.0,100.0,2.0,0,1,0,0.0,0.0,0.0,0.0,0,1,0,0.0,0.0,0.0,0.0,0,1,0,0.0,0.0,0.0,0.0,0,0,0,0.0,0.0,0.0,0,0,0,0.0,0.0,0.0
Open Images,87ea34b7a6c3838c,32,7,1,0,8,98,16,98,114,65,0,0,16,0.01787509999996928,0.011166851999973915,0.0,0.011166851999973915,0.01146705100006784,0.029342616999997517,Optimal,0,none,6.372443102200828,0,25,100.0,100.0,100.0,2.0,1,7,6,0.125,0.14285714285714285,0.13333333333333333,0.9730091350777671,1,7,6,0.125,0.14285714285714285,0.13333333333333333,0.9730091350777671,1,7,6,0.125,0.14285714285714285,0.13333333333333333,0.9730091350777671,0,0,0,0.0,0.0,0.0,0,0,0,0.0,0.0,0.0
Open Images,884273f6f4720bc5,8,0,2,0,2,4,4,4,8,5,0,0,4,0.020255411999983153,0.006590360999894074,0.0,0.006590360999894074,0.006693982999991022,0.026949878999971588,Optimal,0,none,1.1624892981847128,0,5,100.0,100.0,100.0,2.0,0,2,0,0.0,0.0,0.0,0.0,0,2,0,0.0,0.0,0.0,0.0,0,2,0,0.0,0.0,0.0,0.0,0,0,0,0.0,0.0,0.0,0,0,0,0.0,0.0,0.0
Open Images,890a08ff48bf62d8,25,5,1,0,9,137,18,137,155,82,0,0,18,0.0216256590000512,0.012608167000053072,0.0,0.012608167000053072,0.012927544000035596,0.03455365700006041,Optimal,0,none,7.534506759643558,0,28,100.0,100.0,100.0,2.0,4,5,1,0.4444444444444444,0.8,0.5714285714285714,0.8708478955616511,4,5,1,0.4444444444444444,0.8,0.5714285714285714,0.8708478955616511,4,5,1,0.4444444444444444,0.8,0.5714285714285714,0.8708478955616511,0,0,0,0.0,0.0,0.0,0,0,0,0.0,0.0,0.0
Open Images,8987951815d36f77,17,4,8,0,6,46,12,46,58,37,0,0,12,0.020591356999943855,0.009091279000017494,0.0,0.009091279000017494,0.00930155100002139,0.029893471000036698,Optimal,0,none,5.1981754732131975,0,19,100.0,100.0,100.0,2.0,3,3,1,0.5,0.75,0.6,0.7463455193643137,3,3,1,0.5,0.75,0.6,0.7463455193643137,3,3,1,0.5,0.75,0.6,0.7463455193643137,0,0,0,0.0,0.0,0.0,0,0,0,0.0,0.0,0.0
Open Images,8c3a7ca22c0ac8d9,5,3,2,0,4,16,8,16,24,17,0,0,8,0.019963296000014452,0.007350669000061316,0.0,0.007350669000061316,0.0074995470000658315,0.027463384000043334,Optimal,0,none,3.508310584227245,0,13,100.0,100.0,100.0,2.0,2,2,1,0.5,0.6666666666666666,0.5714285714285715,0.9604702956646642,2,2,1,0.5,0.6666666666666666,0.5714285714285715,0.9604702956646642,2,2,1,0.5,0.6666666666666666,0.5714285714285715,0.9604702956646642,0,0,0,0.0,0.0,0.0,0,0,0,0.0,0.0,0.0
Open Images,8c676b9db5bde9f4,11,0,1,0,3,6,6,6,12,10,0,0,6,0.019092917999955716,0.00633012699995561,0.0,0.00633012699995561,0.006462787000032222,0.02555617500001972,Optimal,0,none,2.5445183658599855,0,10,100.0,100.0,100.0,2.0,0,3,0,0.0,0.0,0.0,0.0,0,3,0,0.0,0.0,0.0,0.0,0,3,0,0.0,0.0,0.0,0.0,0,0,0,0.0,0.0,0.0,0,0,0,0.0,0.0,0.0
Open Images,8d0b1e22cc02c96a,7,1,1,0,4,22,8,22,30,17,0,0,8,0.019493388999990202,0.007746389999965686,0.0,0.007746389999965686,0.00791547099993295,0.027409207999994578,Optimal,0,none,3.734790250460308,0,13,100.0,100.0,100.0,2.0,1,3,0,0.25,1.0,0.4,0.9762619289050203,1,3,0,0.25,1.0,0.4,0.9762619289050203,1,3,0,0.25,1.0,0.4,0.9762619289050203,0,0,0,0.0,0.0,0.0,0,0,0,0.0,0.0,0.0
Open Images,8e2b641bfa080a9a,12,0,1,0,1,0,2,0,2,1,0,0,2,0.01506550099998094,0.006231425000009949,0.0,0.006231425000009949,0.006299918999957299,0.02136592399995152,Optimal,0,none,0.37670942942301433,0,2,100.0,100.0,100.0,2.0,0,1,0,0.0,0.0,0.0,0.0,0,1,0,0.0,0.0,0.0,0.0,0,1,0,0.0,0.0,0.0,0.0,0,0,0,0.0,0.0,0.0,0,0,0,0.0,0.0,0.0
Open Images,9039a3d17b3cdd01,13,0,1,0,1,0,2,0,2,1,0,0,2,0.015567221999958747,0.006076280000002043,0.0,0.006076280000002043,0.006142522999994071,0.021710252000048058,Optimal,0,none,0.5826175371805826,0,2,100.0,100.0,100.0,2.0,0,1,0,0.0,0.0,0.0,0.0,0,1,0,0.0,0.0,0.0,0.0,0,1,0,0.0,0.0,0.0,0.0,0,0,0,0.0,0.0,0.0,0,0,0,0.0,0.0,0.0
Open Images,90933aea042430bd,31,0,6,0,5,28,10,28,38,26,0,0,10,0.016083086999969964,0.007670355999948697,0.0,0.007670355999948697,0.00785359700000754,0.023937142000022504,Optimal,0,none,4.257489364941915,0,16,100.0,100.0,100.0,2.0,0,5,0,0.0,0.0,0.0,0.0,0,5,0,0.0,0.0,0.0,0.0,0,5,0,0.0,0.0,0.0,0.0,0,0,0,0.0,0.0,0.0,0,0,0,0.0,0.0,0.0
Open Images,91271214e694cc03,12,1,1,0,2,2,4,2,6,5,0,0,4,0.015823387999944316,0.005784030999961942,0.0,0.005784030999961942,0.005870039999990695,0.02169386699995357,Optimal,0,none,1.5412632354100544,0,5,100.0,100.0,100.0,2.0,1,1,0,0.5,1.0,0.6666666666666666,0.9590498380984551,1,1,0,0.5,1.0,0.6666666666666666,0.9590498380984551,1,1,0,0.5,1.0,0.6666666666666666,0.9590498380984551,0,0,0,0.0,0.0,0.0,0,0,0,0.0,0.0,0.0
Open Images,91e09bc4c8db7631,10,2,2,0,4,23,8,23,31,17,0,0,8,0.01580119100003685,0.006968684000071335,0.0,0.006968684000071335,0.007106673000066621,0.022908212000061212,Optimal,0,none,3.2379904715220142,0,13,100.0,100.0,100.0,2.0,1,3,1,0.25,0.5,0.3333333333333333,0.7681974031442299,1,3,1,0.25,0.5,0.3333333333333333,0.7681974031442299,1,3,1,0.25,0.5,0.3333333333333333,0.7681974031442299,0,0,0,0.0,0.0,0.0,0,0,0,0.0,0.0,0.0
Open Images,9265227e8b79f7b5,23,1,2,0,4,23,8,23,31,17,0,0,8,0.018429854999908457,0.007311133000030168,0.0,0.007311133000030168,0.007452093999972931,0.025882424999963405,Optimal,0,none,3.1490592257181813,0,13,100.0,100.0,100.0,2.0,1,3,0,0.25,1.0,0.4,0.7922073555287867,1,3,0,0.25,1.0,0.4,0.7922073555287867,1,3,0,0.25,1.0,0.4,0.7922073555287867,0,0,0,0.0,0.0,0.0,0,0,0,0.0,0.0,0.0
Open Images,935ddd7147973bbe,12,0,1,0,4,31,8,31,39,17,0,0,8,0.016254998999897907,0.007212201000015739,0.0,0.007212201000015739,0.007371630000079676,0.023627083999940623,Optimal,0,none,3.203559667021919,0,13,100.0,100.0,100.0,2.0,0,4,0,0.0,0.0,0.0,0.0,0,4,0,0.0,0.0,0.0,0.0,0,4,0,0.0,0.0,0.0,0.0,0,0,0,0.0,0.0,0.0,0,0,0,0.0,0.0,0.0
Open Images,940e335cf9bb61ce,10,0,1,0,7,81,14,81,95,50,0,0,14,0.0177149510000163,0.009353108000027532,0.0,0.009353108000027532,0.009593593999966288,0.027309023000043453,Optimal,0,none,5.71983444372813,0,22,100.0,100.0,100.0,2.0,0,7,0,0.0,0.0,0.0,0.0,0,7,0,0.0,0.0,0.0,0.0,0,7,0,0.0,0.0,0.0,0.0,0,0,0,0.0,0.0,0.0,0,0,0,0.0,0.0,0.0
Open Images,976649e55a61ced7,9,0,4,0,4,22,8,22,30,17,0,0,8,0.015822945999957483,0.0068347420000236525,0.0,0.0068347420000236525,0.006980881999993471,0.022804296000003887,Optimal,0,none,3.5440434913012373,0,13,100.0,100.0,100.0,2.0,0,4,0,0.0,0.0,0.0,0.0,0,4,0,0.0,0.0,0.0,0.0,0,4,0,0.0,0.0,0.0,0.0,0,0,0,0.0,0.0,0.0,0,0,0,0.0,0.0,0.0
Open Images,9795c20f42516f05,13,0,4,0,1,0,2,0,2,1,0,0,2,0.01803377700002784,0.005752877999952943,0.0,0.005752877999952943,0.0058109349999995175,0.023845147000088218,Optimal,0,none,0.585890261332194,0,2,100.0,100.0,100.0,2.0,0,1,0,0.0,0.0,0.0,0.0,0,1,0,0.0,0.0,0.0,0.0,0,1,0,0.0,0.0,0.0,0.0,0,0,0,0.0,0.0,0.0,0,0,0,0.0,0.0,0.0
Open Images,97b57bf58e7b224d,20,1,1,0,3,10,6,10,16,10,0,0,6,0.014791508000030262,0.006193509000013364,0.0,0.006193509000013364,0.0063034510000079536,0.0210953950000885,Optimal,0,none,2.5961862397193918,0,10,100.0,100.0,100.0,2.0,1,2,0,0.3333333333333333,1.0,0.5,0.9792899599784916,1,2,0,0.3333333333333333,1.0,0.5,0.9792899599784916,1,2,0,0.3333333333333333,1.0,0.5,0.9792899599784916,0,0,0,0.0,0.0,0.0,0,0,0,0.0,0.0,0.0
Open Images,988888b4794b2981,10,1,7,0,3,12,6,12,18,10,0,0,6,0.016697700999998233,0.006362848999970083,0.0,0.006362848999970083,0.006480710000005274,0.023178853999979765,Optimal,0,none,2.3341024589538577,0,10,100.0,100.0,100.0,2.0,0,3,1,0.0,0.0,0.0,0.0,0,3,1,0.0,0.0,0.0,0.0,0,3,1,0.0,0.0,0.0,0.0,0,0,0,0.0,0.0,0.0,0,0,0,0.0,0.0,0.0
Open Images,98dd164dfd089339,45,2,1,0,15,332,30,332,362,226,0,0,30,0.02508642200007216,0.018939853000006224,0.0,0.018939853000006224,0.01943178400006218,0.04451869100000749,Optimal,0,none,12.446752595901492,0,46,100.0,100.0,100.0,2.0,2,13,0,0.13333333333333333,1.0,0.23529411764705882,0.6989853310331668,2,13,0,0.13333333333333333,1.0,0.23529411764705882,0.6989853310331668,2,13,0,0.13333333333333333,1.0,0.23529411764705882,0.6989853310331668,0,0,0,0.0,0.0,0.0,0,0,0,0.0,0.0,0.0
Open Images,9998b5a9eff9472b,30,2,1,0,2,3,4,3,7,5,0,0,4,0.016132255999991685,0.005872634999946058,0.0,0.005872634999946058,0.005959206000056838,0.022091831000011553,Optimal,0,none,1.351058164437612,0,5,100.0,100.0,100.0,2.0,0,2,2,0.0,0.0,0.0,0.0,0,2,2,0.0,0.0,0.0,0.0,0,2,2,0.0,0.0,0.0,0.0,0,0,0,0.0,0.0,0.0,0,0,0,0.0,0.0,0.0
Open Images,99b2f15e3e4a9d13,11,0,3,0,1,0,2,0,2,1,0,0,2,0.01640365599996585,0.005568776000018261,0.0,0.005568776000018261,0.005633208999938688,0.022037300999954823,Optimal,0,none,0.4483798662821452,0,2,100.0,100.0,100.0,2.0,0,1,0,0.0,0.0,0.0,0.0,0,1,0,0.0,0.0,0.0,0.0,0,1,0,0.0,0.0,0.0,0.0,0,0,0,0.0,0.0,0.0,0,0,0,0.0,0.0,0.0
Open Images,9aa42339174d4689,24,0,2,0,3,10,6,10,16,10,0,0,6,0.017496951999987687,0.006061540000018795,0.0,0.006061540000018795,0.006172890000016196,0.023670410000022457,Optimal,0,none,2.488413043022156,0,10,100.0,100.0,100.0,2.0,0,3,0,0.0,0.0,0.0,0.0,0,3,0,0.0,0.0,0.0,0.0,0,3,0,0.0,0.0,0.0,0.0,0,0,0,0.0,0.0,0.0,0,0,0,0.0,0.0,0.0
Open Images,9abee97e903a6145,10,0,2,0,1,0,2,0,2,1,0,0,2,0.0185554959999763,0.005785366999930375,0.0,0.005785366999930375,0.005849775999990925,0.024405730000012227,Optimal,0,none,0.5132359425226847,0,2,100.0,100.0,100.0,2.0,0,1,0,0.0,0.0,0.0,0.0,0,1,0,0.0,0.0,0.0,0.0,0,1,0,0.0,0.0,0.0,0.0,0,0,0,0.0,0.0,0.0,0,0,0,0.0,0.0,0.0
Open Images,9c1ff16b1dd2125b,8,0,2,0,1,0,2,0,2,1,0,0,2,0.01880388300003233,0.006281194000052892,0.0,0.006281194000052892,0.006346095000026253,0.02515035200008242,Optimal,0,none,0.5796619335810343,0,2,100.0,100.0,100.0,2.0,0,1,0,0.0,0.0,0.0,0.0,0,1,0,0.0,0.0,0.0,0.0,0,1,0,0.0,0.0,0.0,0.0,0,0,0,0.0,0.0,0.0,0,0,0,0.0,0.0,0.0
Open Images,9d42af30c97b8e32,11,0,3,0,5,37,10,37,47,25,0,0,10,0.020238771999970595,0.008014645000002929,0.0,0.008014645000002929,0.008192739000037363,0.028431906000037088,Optimal,0,none,4.029426850953839,0,16,100.0,100.0,100.0,2.0,0,5,0,0.0,0.0,0.0,0.0,0,5,0,0.0,0.0,0.0,0.0,0,5,0,0.0,0.0,0.0,0.0,0,0,0,0.0,0.0,0.0,0,0,0,0.0,0.0,0.0
Open Images,9db652b99ba0d220,28,0,1,0,2,2,4,2,6,5,0,0,4,0.014331505000086509,0.005950018000021373,0.0,0.005950018000021373,0.006061976999944818,0.02039392400001816,Optimal,0,none,1.4507993586858112,0,5,100.0,100.0,100.0,2.0,0,2,0,0.0,0.0,0.0,0.0,0,2,0,0.0,0.0,0.0,0.0,0,2,0,0.0,0.0,0.0,0.0,0,0,0,0.0,0.0,0.0,0,0,0,0.0,0.0,0.0
Open Images,9e34df630c2d2301,10,0,1,0,1,0,2,0,2,1,0,0,2,0.016012733000025037,0.005512634999945476,0.0,0.005512634999945476,0.0056294149999303045,0.02164257300000827,Optimal,0,none,0.5820258299509684,0,2,100.0,100.0,100.0,2.0,0,1,0,0.0,0.0,0.0,0.0,0,1,0,0.0,0.0,0.0,0.0,0,1,0,0.0,0.0,0.0,0.0,0,0,0,0.0,0.0,0.0,0,0,0,0.0,0.0,0.0
Open Images,9e525d25b1f5fca7,10,0,1,0,2,5,4,5,9,5,0,0,4,0.02198942499990153,0.0057670129999678466,0.0,0.0057670129999678466,0.0058557419999942795,0.0278455389999408,Optimal,0,none,1.3592709024747212,0,5,100.0,100.0,100.0,2.0,0,2,0,0.0,0.0,0.0,0.0,0,2,0,0.0,0.0,0.0,0.0,0,2,0,0.0,0.0,0.0,0.0,0,0,0,0.0,0.0,0.0,0,0,0,0.0,0.0,0.0
Open Images,9f791f1ac0364b02,16,0,7,0,3,13,6,13,19,10,0,0,6,0.01646823700002642,0.006326379000029192,0.0,0.006326379000029192,0.006468240000003789,0.02293720900001972,Optimal,0,none,2.25735386133194,0,10,100.0,100.0,100.0,2.0,0,3,0,0.0,0.0,0.0,0.0,0,3,0,0.0,0.0,0.0,0.0,0,3,0,0.0,0.0,0.0,0.0,0,0,0,0.0,0.0,0.0,0,0,0,0.0,0.0,0.0
Open Images,a03a6011b066cd73,16,2,2,0,11,174,22,174,196,122,0,0,22,0.018322640000064894,0.012540147000095203,0.0,0.012540147000095203,0.012895393999997395,0.031218425000020034,Optimal,0,none,8.562586143811547,0,34,100.0,100.0,100.0,2.0,1,10,1,0.09090909090909091,0.5,0.15384615384615385,0.9661368147589576,1,10,1,0.09090909090909091,0.5,0.15384615384615385,0.9661368147589576,1,10,1,0.09090909090909091,0.5,0.15384615384615385,0.9661368147589576,0,0,0,0.0,0.0,0.0,0,0,0,0.0,0.0,0.0
Open Images,a144cb066f688185,41,1,2,0,7,80,14,80,94,50,0,0,14,0.017709016999901905,0.009820838999985426,0.0,0.009820838999985426,0.010045370000057119,0.027754867999988164,Optimal,0,none,5.611793363691819,0,22,100.0,100.0,100.0,2.0,0,7,1,0.0,0.0,0.0,0.0,0,7,1,0.0,0.0,0.0,0.0,0,7,1,0.0,0.0,0.0,0.0,0,0,0,0.0,0.0,0.0,0,0,0,0.0,0.0,0.0
Open Images,a221ec1d89638d96,8,0,1,0,2,4,4,4,8,5,0,0,4,0.019540208000080383,0.006074018000049364,0.0,0.006074018000049364,0.006161345999998957,0.025701978000029158,Optimal,0,none,1.2396826775868734,0,5,100.0,100.0,100.0,2.0,0,2,0,0.0,0.0,0.0,0.0,0,2,0,0.0,0.0,0.0,0.0,0,2,0,0.0,0.0,0.0,0.0,0,0,0,0.0,0.0,0.0,0,0,0,0.0,0.0,0.0
Open Images,a358a9eb26b043d3,5,0,2,0,4,27,8,27,35,17,0,0,8,0.018755915999918216,0.007177062000096157,0.0,0.007177062000096157,0.007336628000075507,0.026092978999940897,Optimal,0,none,3.2730471785676603,0,13,100.0,100.0,100.0,2.0,0,4,0,0.0,0.0,0.0,0.0,0,4,0,0.0,0.0,0.0,0.0,0,4,0,0.0,0.0,0.0,0.0,0,0,0,0.0,0.0,0.0,0,0,0,0.0,0.0,0.0
Open Images,a3e014e7509aba65,13,0,2,0,3,14,6,14,20,10,0,0,6,0.01687300100002176,0.0066003910000063115,0.0,0.0066003910000063115,0.006718439999986003,0.023591863000092417,Optimal,0,none,2.3304330801963813,0,10,100.0,100.0,100.0,2.0,0,3,0,0.0,0.0,0.0,0.0,0,3,0,0.0,0.0,0.0,0.0,0,3,0,0.0,0.0,0.0,0.0,0,0,0,0.0,0.0,0.0,0,0,0,0.0,0.0,0.0
Open Images,a6a7dcf14dd9f0f1,13,0,1,0,1,0,2,0,2,1,0,0,2,0.018402018999950087,0.005397268000024269,0.0,0.005397268000024269,0.005454508000070746,0.02385695600003146,Optimal,0,none,0.6051945606867473,0,2,100.0,100.0,100.0,2.0,0,1,0,0.0,0.0,0.0,0.0,0,1,0,0.0,0.0,0.0,0.0,0,1,0,0.0,0.0,0.0,0.0,0,0,0,0.0,0.0,0.0,0,0,0,0.0,0.0,0.0
Open Images,a6b74e491c688fbd,18,2,2,0,4,19,8,19,27,17,0,0,8,0.018097183000008954,0.007085590999963642,0.0,0.007085590999963642,0.0072412279999980456,0.025338851000014984,Optimal,0,none,3.2537753269923813,0,13,100.0,100.0,100.0,2.0,1,3,1,0.25,0.5,0.3333333333333333,0.9117000468218405,1,3,1,0.25,0.5,0.3333333333333333,0.9117000468218405,1,3,1,0.25,0.5,0.3333333333333333,0.9117000468218405,0,0,0,0.0,0.0,0.0,0,0,0,0.0,0.0,0.0
Open Images,a7f4ab4e7b501e74,9,2,5,0,8,101,16,101,117,65,0,0,16,0.01961929499998405,0.009817585000064355,0.0,0.009817585000064355,0.010101545999987138,0.029721300000005613,Optimal,0,none,6.614215892155968,0,25,100.0,100.0,100.0,2.0,2,6,0,0.25,1.0,0.4,0.7212813663764861,2,6,0,0.25,1.0,0.4,0.7212813663764861,2,6,0,0.25,1.0,0.4,0.7212813663764861,0,0,0,0.0,0.0,0.0,0,0,0,0.0,0.0,0.0
Open Images,a80e58d34f5a2233,10,1,1,0,2,4,4,4,8,5,0,0,4,0.014996416000030877,0.005987193000009938,0.0,0.005987193000009938,0.006071064999900955,0.021067922000042927,Optimal,0,none,1.5806558163960776,0,5,100.0,100.0,100.0,2.0,1,1,0,0.5,1.0,0.6666666666666666,0.9850947420870974,1,1,0,0.5,1.0,0.6666666666666666,0.9850947420870974,1,1,0,0.5,1.0,0.6666666666666666,0.9850947420870974,0,0,0,0.0,0.0,0.0,0,0,0,0.0,0.0,0.0
Open Images,a83d31d69e28914b,10,1,2,0,11,205,22,205,227,122,0,0,22,0.017456280000033075,0.014091322000012951,0.0,0.014091322000012951,0.014447357999983979,0.031904117000067345,Optimal,0,none,9.480586336474115,0,34,100.0,100.0,100.0,2.0,1,10,0,0.09090909090909091,1.0,0.16666666666666669,0.9426847728673574,1,10,0,0.09090909090909091,1.0,0.16666666666666669,0.9426847728673574,1,10,0,0.09090909090909091,1.0,0.16666666666666669,0.9426847728673574,0,0,0,0.0,0.0,0.0,0,0,0,0.0,0.0,0.0
Open Images,a8b14d4a442bf4a8,5,0,2,0,3,12,6,12,18,10,0,0,6,0.01652246699995885,0.006110718000059023,0.0,0.006110718000059023,0.006245765000016945,0.022768728999949417,Optimal,0,none,2.4438623499870307,0,10,100.0,100.0,100.0,2.0,0,3,0,0.0,0.0,0.0,0.0,0,3,0,0.0,0.0,0.0,0.0,0,3,0,0.0,0.0,0.0,0.0,0,0,0,0.0,0.0,0.0,0,0,0,0.0,0.0,0.0
Open Images,aa6c7c9bf1188b05,14,4,1,0,5,42,10,42,52,26,0,0,10,0.022918934000017543,0.00776361500004441,0.0,0.00776361500004441,0.007934064999972179,0.030853524000008292,Optimal,0,none,3.88495486577352,0,16,100.0,100.0,100.0,2.0,1,4,3,0.2,0.25,0.22222222222222224,0.8859254064672858,1,4,3,0.2,0.25,0.22222222222222224,0.8859254064672858,1,4,3,0.2,0.25,0.22222222222222224,0.8859254064672858,0,0,0,0.0,0.0,0.0,0,0,0,0.0,0.0,0.0
Open Images,aacadd9f833b7c46,38,4,2,0,9,120,18,120,138,82,0,0,18,0.016429044999995313,0.010390874000108852,0.0,0.010390874000108852,0.01066647900006501,0.027096249000010175,Optimal,0,none,7.8980106484386985,0,28,100.0,100.0,100.0,2.0,1,8,3,0.1111111111111111,0.25,0.15384615384615383,0.8917958816158086,1,8,3,0.1111111111111111,0.25,0.15384615384615383,0.8917958816158086,1,8,3,0.1111111111111111,0.25,0.15384615384615383,0.8917958816158086,0,0,0,0.0,0.0,0.0,0,0,0,0.0,0.0,0.0
Open Images,abf1d637ed2122e8,12,0,2,0,2,4,4,4,8,5,0,0,4,0.0167037490000439,0.00555112500001087,0.0,0.00555112500001087,0.005647449999969467,0.022351624000066295,Optimal,0,none,1.4380087407430016,0,5,100.0,100.0,100.0,2.0,0,2,0,0.0,0.0,0.0,0.0,0,2,0,0.0,0.0,0.0,0.0,0,2,0,0.0,0.0,0.0,0.0,0,0,0,0.0,0.0,0.0,0,0,0,0.0,0.0,0.0
Open Images,ad20808830930976,8,0,1,0,0,0,0,0,0,0,0,0,1,0.018657307000012224,0.003968220999922778,0.0,0.003968220999922778,0.003997606999973868,0.02265516599993589,Optimal,0,none,,0,1,100.0,0.0,0.0,0.0,0,0,0,0.0,0.0,0.0,0.0,0,0,0,0.0,0.0,0.0,0.0,0,0,0,0.0,0.0,0.0,0.0,0,0,0,0.0,0.0,0.0,0,0,0,0.0,0.0,0.0
Open Images,ad6aca201fa51896,45,2,2,0,17,480,34,480,514,290,0,0,34,0.020434187999967435,0.02335311800004547,0.0,0.02335311800004547,0.024041073000034885,0.04447593899999447,Optimal,0,none,13.587470219930019,0,52,100.0,100.0,100.0,2.0,1,16,1,0.058823529411764705,0.5,0.10526315789473684,0.6153343011269216,1,16,1,0.058823529411764705,0.5,0.10526315789473684,0.6153343011269216,1,16,1,0.058823529411764705,0.5,0.10526315789473684,0.6153343011269216,0,0,0,0.0,0.0,0.0,0,0,0,0.0,0.0,0.0
Open Images,ae3dd169da01729f,10,0,1,0,4,26,8,26,34,17,0,0,8,0.017110017000049993,0.006357497000067269,0.0,0.006357497000067269,0.006492404000027818,0.023602780000032908,Optimal,0,none,3.2000162092844655,0,13,100.0,100.0,100.0,2.0,0,4,0,0.0,0.0,0.0,0.0,0,4,0,0.0,0.0,0.0,0.0,0,4,0,0.0,0.0,0.0,0.0,0,0,0,0.0,0.0,0.0,0,0,0,0.0,0.0,0.0
Open Images,aecc6fdf5a5f66b9,18,0,5,0,4,17,8,17,25,17,0,0,8,0.020576968000000306,0.008394767000027059,0.0,0.008394767000027059,0.008548616999974001,0.029126016999953208,Optimal,0,none,3.5350899998346974,0,13,100.0,100.0,100.0,2.0,0,4,0,0.0,0.0,0.0,0.0,0,4,0,0.0,0.0,0.0,0.0,0,4,0,0.0,0.0,0.0,0.0,0,0,0,0.0,0.0,0.0,0,0,0,0.0,0.0,0.0
Open Images,b1b9df89276a198b,10,1,3,0,3,12,6,12,18,10,0,0,6,0.059272157999998853,0.007620341000006192,0.0,0.007620341000006192,0.00775656300004357,0.06702921900000547,Optimal,0,none,2.4417875790596018,0,10,100.0,100.0,100.0,2.0,0,3,1,0.0,0.0,0.0,0.9315693441688653,0,3,1,0.0,0.0,0.0,0.9315693441688653,0,3,1,0.0,0.0,0.0,0.9315693441688653,0,0,0,0.0,0.0,0.0,0,0,0,0.0,0.0,0.0
Open Images,b379c09ba49595b4,20,0,1,0,9,129,18,129,147,82,0,0,18,0.024577323000016804,0.012085429999956432,0.0,0.012085429999956432,0.012430953999910344,0.03700874699995893,Optimal,0,none,7.633874008655551,0,28,100.0,100.0,100.0,2.0,0,9,0,0.0,0.0,0.0,0.0,0,9,0,0.0,0.0,0.0,0.0,0,9,0,0.0,0.0,0.0,0.0,0,0,0,0.0,0.0,0.0,0,0,0,0.0,0.0,0.0
Open Images,b4068aa9b3b58fa8,16,0,1,0,3,10,6,10,16,10,0,0,6,0.019771590000004835,0.0072559720000526795,0.0,0.0072559720000526795,0.007398334000072282,0.02717041399989739,Optimal,0,none,2.5905633163452153,0,10,100.0,100.0,100.0,2.0,0,3,0,0.0,0.0,0.0,0.0,0,3,0,0.0,0.0,0.0,0.0,0,3,0,0.0,0.0,0.0,0.0,0,0,0,0.0,0.0,0.0,0,0,0,0.0,0.0,0.0
Open Images,b432735a2d626bc2,21,0,6,0,3,10,6,10,16,10,0,0,6,0.022195537000015975,0.0071754429999373315,0.0,0.0071754429999373315,0.007369677999918167,0.029565732000037315,Optimal,0,none,2.3020499976835485,0,10,100.0,100.0,100.0,2.0,0,3,0,0.0,0.0,0.0,0.0,0,3,0,0.0,0.0,0.0,0.0,0,3,0,0.0,0.0,0.0,0.0,0,0,0,0.0,0.0,0.0,0,0,0,0.0,0.0,0.0
Open Images,b4bf8713c7f34283,10,0,2,0,2,2,4,2,6,5,0,0,4,0.019052848000001177,0.0067462849999628816,0.0,0.0067462849999628816,0.006867052999950829,0.025920353999936196,Optimal,0,none,1.2221609719594317,0,5,100.0,100.0,100.0,2.0,0,2,0,0.0,0.0,0.0,0.0,0,2,0,0.0,0.0,0.0,0.0,0,2,0,0.0,0.0,0.0,0.0,0,0,0,0.0,0.0,0.0,0,0,0,0.0,0.0,0.0
Open Images,b6d6e570eccdb5ec,10,0,3,0,1,0,2,0,2,1,0,0,2,0.015770447000022614,0.006623224999998456,0.0,0.006623224999998456,0.006705633000024136,0.022476507999954265,Optimal,0,none,0.6086383740107218,0,2,100.0,100.0,100.0,2.0,0,1,0,0.0,0.0,0.0,0.0,0,1,0,0.0,0.0,0.0,0.0,0,1,0,0.0,0.0,0.0,0.0,0,0,0,0.0,0.0,0.0,0,0,0,0.0,0.0,0.0
Open Images,b6ebb2fdb29dc778,40,1,4,0,8,82,16,82,98,65,0,0,16,0.017842271000063192,0.01039627099999052,0.0,0.01039627099999052,0.01067518500008191,0.02851789099997859,Optimal,0,none,6.685861068566642,0,25,100.0,100.0,100.0,2.0,0,8,1,0.0,0.0,0.0,0.0,0,8,1,0.0,0.0,0.0,0.0,0,8,1,0.0,0.0,0.0,0.0,0,0,0,0.0,0.0,0.0,0,0,0,0.0,0.0,0.0
Open Images,b7904a8837396983,19,3,10,0,5,40,10,40,50,26,0,0,10,0.02186355399999229,0.008503914000016266,0.0,0.008503914000016266,0.00870311699998183,0.03056711399995038,Optimal,0,none,4.290394254525504,0,16,100.0,100.0,100.0,2.0,0,5,3,0.0,0.0,0.0,0.0,0,5,3,0.0,0.0,0.0,0.0,0,5,3,0.0,0.0,0.0,0.0,0,0,0,0.0,0.0,0.0,0,0,0,0.0,0.0,0.0
Open Images,b793c3cd82e1b00e,7,1,3,0,3,11,6,11,17,10,0,0,6,0.016857909000009386,0.007096942999964995,0.0,0.007096942999964995,0.007228030999954171,0.02408639600002971,Optimal,0,none,2.6099674201011664,0,10,100.0,100.0,100.0,2.0,1,2,0,0.3333333333333333,1.0,0.5,0.6380185645318528,1,2,0,0.3333333333333333,1.0,0.5,0.6380185645318528,1,2,0,0.3333333333333333,1.0,0.5,0.6380185645318528,0,0,0,0.0,0.0,0.0,0,0,0,0.0,0.0,0.0
Open Images,b7d604c0f497cecf,13,0,2,0,2,5,4,5,9,5,0,0,4,0.022401162000051045,0.006787803999941389,0.0,0.006787803999941389,0.006886370999950486,0.02928796000003331,Optimal,0,none,1.2768352301915487,0,5,100.0,100.0,100.0,2.0,0,2,0,0.0,0.0,0.0,0.0,0,2,0,0.0,0.0,0.0,0.0,0,2,0,0.0,0.0,0.0,0.0,0,0,0,0.0,0.0,0.0,0,0,0,0.0,0.0,0.0
Open Images,b809013feee5805a,18,0,4,0,4,20,8,20,28,17,0,0,8,0.01827422300004855,0.007562866999933249,0.0,0.007562866999933249,0.007707895000066856,0.025982522000049357,Optimal,0,none,3.5978413550059014,0,13,100.0,100.0,100.0,2.0,0,4,0,0.0,0.0,0.0,0.0,0,4,0,0.0,0.0,0.0,0.0,0,4,0,0.0,0.0,0.0,0.0,0,0,0,0.0,0.0,0.0,0,0,0,0.0,0.0,0.0
Open Images,b8d6dcbc1ee43a28,35,0,1,0,4,20,8,20,28,17,0,0,8,0.01950484199994662,0.007363026999996691,0.0,0.007363026999996691,0.007508858999926815,0.027014194000003044,Optimal,0,none,3.010934009043477,0,13,100.0,100.0,100.0,2.0,0,4,0,0.0,0.0,0.0,0.0,0,4,0,0.0,0.0,0.0,0.0,0,4,0,0.0,0.0,0.0,0.0,0,0,0,0.0,0.0,0.0,0,0,0,0.0,0.0,0.0
Open Images,ba2ce56c4a558b46,22,2,6,0,6,56,12,56,68,37,0,0,12,0.015074786000013773,0.008692236000001685,0.0,0.008692236000001685,0.00889207600005193,0.023967289999973218,Optimal,0,none,5.0988620153743724,0,19,100.0,100.0,100.0,2.0,2,4,0,0.3333333333333333,1.0,0.5,0.9574749967276619,2,4,0,0.3333333333333333,1.0,0.5,0.9574749967276619,2,4,0,0.3333333333333333,1.0,0.5,0.9574749967276619,0,0,0,0.0,0.0,0.0,0,0,0,0.0,0.0,0.0
Open Images,bb5aca7adfb2d415,21,2,2,0,3,12,6,12,18,10,0,0,6,0.019408984000051532,0.006252835999930539,0.0,0.006252835999930539,0.006378709000046001,0.02578819799998655,Optimal,0,none,2.6090494728088385,0,10,100.0,100.0,100.0,2.0,1,2,1,0.3333333333333333,0.5,0.4,0.9467081403821986,1,2,1,0.3333333333333333,0.5,0.4,0.9467081403821986,1,2,1,0.3333333333333333,0.5,0.4,0.9467081403821986,0,0,0,0.0,0.0,0.0,0,0,0,0.0,0.0,0.0
Open Images,bb872dbf60de40a0,12,0,2,0,13,293,26,293,319,170,0,0,26,0.018532349999986764,0.016914530999997623,0.0,0.016914530999997623,0.017369117000043843,0.03591669399997954,Optimal,0,none,10.34525156498471,0,40,100.0,100.0,100.0,2.0,0,13,0,0.0,0.0,0.0,0.0,0,13,0,0.0,0.0,0.0,0.0,0,13,0,0.0,0.0,0.0,0.0,0,0,0,0.0,0.0,0.0,0,0,0,0.0,0.0,0.0
Open Images,bd5c58974539e9ec,34,5,6,0,5,32,10,32,42,26,0,0,10,0.01964633000000049,0.007227002999911747,0.0,0.007227002999911747,0.007391700999960449,0.02703850800003238,Optimal,0,none,4.3405692776044225,0,16,100.0,100.0,100.0,2.0,3,2,2,0.6,0.6,0.6,0.8084910203078083,3,2,2,0.6,0.6,0.6,0.8084910203078083,3,2,2,0.6,0.6,0.6,0.8084910203078083,0,0,0,0.0,0.0,0.0,0,0,0,0.0,0.0,0.0
Open Images,be836aa24cb54cb3,8,1,2,0,4,26,8,26,34,17,0,0,8,0.017783193000013853,0.007543887999986509,0.0,0.007543887999986509,0.007713903999956528,0.025497613999959867,Optimal,0,none,3.333680381081388,0,13,100.0,100.0,100.0,2.0,1,3,0,0.25,1.0,0.4,0.5329218691262599,1,3,0,0.25,1.0,0.4,0.5329218691262599,1,3,0,0.25,1.0,0.4,0.5329218691262599,0,0,0,0.0,0.0,0.0,0,0,0,0.0,0.0,0.0
Open Images,c09a331e62a12d04,47,1,40,0,2,6,4,6,10,5,0,0,4,0.016159737000066343,0.0058300540000573164,0.0,0.0058300540000573164,0.005930009999929098,0.02209027399999286,Optimal,0,none,1.3552859505017598,0,5,100.0,100.0,100.0,2.0,0,2,1,0.0,0.0,0.0,0.8344733905322658,0,2,1,0.0,0.0,0.0,0.8344733905322658,0,2,1,0.0,0.0,0.0,0.8344733905322658,0,0,0,0.0,0.0,0.0,0,0,0,0.0,0.0,0.0
Open Images,c10217d15b7b93a5,28,0,2,0,4,18,8,18,26,17,0,0,8,0.020195678999925804,0.007182131000035952,0.0,0.007182131000035952,0.007323221999968155,0.027519313999960104,Optimal,0,none,3.6324670855204273,0,13,100.0,100.0,100.0,2.0,0,4,0,0.0,0.0,0.0,0.0,0,4,0,0.0,0.0,0.0,0.0,0,4,0,0.0,0.0,0.0,0.0,0,0,0,0.0,0.0,0.0,0,0,0,0.0,0.0,0.0
Open Images,c160e483b6c16f12,11,0,1,0,2,4,4,4,8,5,0,0,4,0.017717689999926733,0.005954900000006091,0.0,0.005954900000006091,0.006050229000038598,0.023768432999986544,Optimal,0,none,1.49038582166036,0,5,100.0,100.0,100.0,2.0,0,2,0,0.0,0.0,0.0,0.0,0,2,0,0.0,0.0,0.0,0.0,0,2,0,0.0,0.0,0.0,0.0,0,0,0,0.0,0.0,0.0,0,0,0,0.0,0.0,0.0
Open Images,c479beacc67d4b7d,4,1,1,0,1,0,2,0,2,1,0,0,2,0.01850611400004709,0.005351859999905173,0.0,0.005351859999905173,0.005411345000084111,0.023917827999980545,Optimal,0,none,0.45695521036783854,0,2,100.0,100.0,100.0,2.0,1,0,0,1.0,1.0,1.0,0.8570284438472607,1,0,0,1.0,1.0,1.0,0.8570284438472607,1,0,0,1.0,1.0,1.0,0.8570284438472607,0,0,0,0.0,0.0,0.0,0,0,0,0.0,0.0,0.0
Open Images,c4a79ad7987f24b9,22,4,7,0,5,34,10,34,44,26,0,0,10,0.020217346999970687,0.00734237199992549,0.0,0.00734237199992549,0.007525927000074262,0.02774386399994455,Optimal,0,none,4.087061115105948,0,16,100.0,100.0,100.0,2.0,0,5,4,0.0,0.0,0.0,0.0,0,5,4,0.0,0.0,0.0,0.0,0,5,4,0.0,0.0,0.0,0.0,0,0,0,0.0,0.0,0.0,0,0,0,0.0,0.0,0.0
Open Images,c506cdf48321ee2e,5,0,1,0,4,25,8,25,33,17,0,0,8,0.017321467999977358,0.007139402000007067,0.0,0.007139402000007067,0.00727951299995766,0.024601306000022305,Optimal,0,none,3.235593005816143,0,13,100.0,100.0,100.0,2.0,0,4,0,0.0,0.0,0.0,0.0,0,4,0,0.0,0.0,0.0,0.0,0,4,0,0.0,0.0,0.0,0.0,0,0,0,0.0,0.0,0.0,0,0,0,0.0,0.0,0.0
Open Images,c5398214bb3f6dda,17,1,2,0,3,12,6,12,18,10,0,0,6,0.024294295999993665,0.006328350999979193,0.0,0.006328350999979193,0.0064596949999895514,0.030754467000065233,Optimal,0,none,2.273373742103577,0,10,100.0,100.0,100.0,2.0,0,3,1,0.0,0.0,0.0,0.0,0,3,1,0.0,0.0,0.0,0.0,0,3,1,0.0,0.0,0.0,0.0,0,0,0,0.0,0.0,0.0,0,0,0,0.0,0.0,0.0
Open Images,c705061238b1fe30,34,0,1,0,20,691,40,691,731,401,0,0,40,0.019640650000042115,0.03140644899997369,0.0,0.03140644899997369,0.03226675799999157,0.051907809999988785,Optimal,0,none,16.078878913351122,0,61,100.0,100.0,100.0,2.0,0,20,0,0.0,0.0,0.0,0.0,0,20,0,0.0,0.0,0.0,0.0,0,20,0,0.0,0.0,0.0,0.0,0,0,0,0.0,0.0,0.0,0,0,0,0.0,0.0,0.0
Open Images,c7a6a5f2a8f674ce,24,0,1,0,10,155,20,155,175,101,0,0,20,0.016313764999949854,0.012707706000014696,0.0,0.012707706000014696,0.013016642000025058,0.029330898000011985,Optimal,0,none,8.8439592757571,0,31,100.0,100.0,100.0,2.0,0,10,0,0.0,0.0,0.0,0.0,0,10,0,0.0,0.0,0.0,0.0,0,10,0,0.0,0.0,0.0,0.0,0,0,0,0.0,0.0,0.0,0,0,0,0.0,0.0,0.0
Open Images,c7e7654a5c583b13,6,0,1,0,2,4,4,4,8,5,0,0,4,0.01838910400010718,0.005887651999955779,0.0,0.005887651999955779,0.005977357000006123,0.02436688500006312,Optimal,0,none,1.4377448590596518,0,5,100.0,100.0,100.0,2.0,0,2,0,0.0,0.0,0.0,0.0,0,2,0,0.0,0.0,0.0,0.0,0,2,0,0.0,0.0,0.0,0.0,0,0,0,0.0,0.0,0.0,0,0,0,0.0,0.0,0.0
Open Images,c864c741b7fa44f4,8,2,1,0,6,53,12,53,65,37,0,0,12,0.017282029000057264,0.007856640999989395,0.0,0.007856640999989395,0.008047192000049108,0.025329681000016535,Optimal,0,none,5.222564690113069,0,19,100.0,100.0,100.0,2.0,2,4,0,0.3333333333333333,1.0,0.5,0.9398077433315881,2,4,0,0.3333333333333333,1.0,0.5,0.9398077433315881,2,4,0,0.3333333333333333,1.0,0.5,0.9398077433315881,0,0,0,0.0,0.0,0.0,0,0,0,0.0,0.0,0.0
Open Images,c8a4a4786eea0ec5,8,3,2,0,5,37,10,37,47,25,0,0,10,0.018483929000012722,0.007724701000029199,0.0,0.007724701000029199,0.007922390000089763,0.026406736000012643,Optimal,0,none,4.209316297372184,0,16,100.0,100.0,100.0,2.0,3,2,0,0.6,1.0,0.7499999999999999,0.9108217237091165,3,2,0,0.6,1.0,0.7499999999999999,0.9108217237091165,3,2,0,0.6,1.0,0.7499999999999999,0.9108217237091165,0,0,0,0.0,0.0,0.0,0,0,0,0.0,0.0,0.0
Open Images,c9beadfaec7b5043,21,1,1,0,3,14,6,14,20,10,0,0,6,0.021976373000029525,0.00697180599991043,0.0,0.00697180599991043,0.0071077860000059445,0.029084968999995908,Optimal,0,none,2.593978986740113,0,10,100.0,100.0,100.0,2.0,1,2,0,0.3333333333333333,1.0,0.5,0.9546786715586454,1,2,0,0.3333333333333333,1.0,0.5,0.9546786715586454,1,2,0,0.3333333333333333,1.0,0.5,0.9546786715586454,0,0,0,0.0,0.0,0.0,0,0,0,0.0,0.0,0.0
Open Images,ca3ef34d7304dd6c,13,0,4,0,1,0,2,0,2,1,0,0,2,0.020491709999987506,0.005684055999950033,0.0,0.005684055999950033,0.00574702700009766,0.026239173000021765,Optimal,0,none,0.612282148996989,0,2,100.0,100.0,100.0,2.0,0,1,0,0.0,0.0,0.0,0.0,0,1,0,0.0,0.0,0.0,0.0,0,1,0,0.0,0.0,0.0,0.0,0,0,0,0.0,0.0,0.0,0,0,0,0.0,0.0,0.0
Open Images,cca11bfdbfa9f92f,11,0,8,0,0,0,0,0,0,0,0,0,1,0.0176689830000214,0.004324784000004911,0.0,0.004324784000004911,0.004357474000016737,0.022026762999985294,Optimal,0,none,,0,1,100.0,0.0,0.0,0.0,0,0,0,0.0,0.0,0.0,0.0,0,0,0,0.0,0.0,0.0,0.0,0,0,0,0.0,0.0,0.0,0.0,0,0,0,0.0,0.0,0.0,0,0,0,0.0,0.0,0.0
Open Images,cdb2b707ef94db2c,20,0,11,0,2,4,4,4,8,5,0,0,4,0.016975236999996923,0.005893027000070106,0.0,0.005893027000070106,0.0059855399999833026,0.022961293999969712,Optimal,0,none,1.2779594691594443,0,5,100.0,100.0,100.0,2.0,0,2,0,0.0,0.0,0.0,0.0,0,2,0,0.0,0.0,0.0,0.0,0,2,0,0.0,0.0,0.0,0.0,0,0,0,0.0,0.0,0.0,0,0,0,0.0,0.0,0.0
Open Images,cddd3bc1bdb5ccb8,55,2,2,0,7,68,14,68,82,50,0,0,14,0.018317951000085486,0.009093740999901456,0.0,0.009093740999901456,0.009323152999968443,0.02764150400003018,Optimal,0,none,5.9783631030718505,0,22,100.0,100.0,100.0,2.0,2,5,0,0.2857142857142857,1.0,0.4444444444444445,0.788107777537812,2,5,0,0.2857142857142857,1.0,0.4444444444444445,0.788107777537812,2,5,0,0.2857142857142857,1.0,0.4444444444444445,0.788107777537812,0,0,0,0.0,0.0,0.0,0,0,0,0.0,0.0,0.0
Open Images,ce7aa02b052cb75a,27,0,1,0,9,115,18,115,133,82,0,0,18,0.019675717999916742,0.010679583999944953,0.0,0.010679583999944953,0.010997702000054232,0.030673828999965735,Optimal,0,none,7.13356492996216,0,28,100.0,100.0,100.0,2.0,0,9,0,0.0,0.0,0.0,0.0,0,9,0,0.0,0.0,0.0,0.0,0,9,0,0.0,0.0,0.0,0.0,0,0,0,0.0,0.0,0.0,0,0,0,0.0,0.0,0.0
Open Images,cf97377cb331bb4d,12,0,1,0,1,0,2,0,2,1,0,0,2,0.018633939999972426,0.005716853000080846,0.0,0.005716853000080846,0.0057742450001114776,0.024408539999967616,Optimal,0,none,0.6415885845820108,0,2,100.0,100.0,100.0,2.0,0,1,0,0.0,0.0,0.0,0.0,0,1,0,0.0,0.0,0.0,0.0,0,1,0,0.0,0.0,0.0,0.0,0,0,0,0.0,0.0,0.0,0,0,0,0.0,0.0,0.0
Open Images,d0d5130bf995f3dd,11,0,1,0,5,36,10,36,46,26,0,0,10,0.025760960999946292,0.007966800000076546,0.0,0.007966800000076546,0.008202164000067569,0.03396363499996369,Optimal,0,none,4.463798445065818,0,16,100.0,100.0,100.0,2.0,0,5,0,0.0,0.0,0.0,0.0,0,5,0,0.0,0.0,0.0,0.0,0,5,0,0.0,0.0,0.0,0.0,0,0,0,0.0,0.0,0.0,0,0,0,0.0,0.0,0.0
Open Images,d1a9733014ce4e89,22,9,1,0,6,56,12,56,68,37,0,0,12,0.03242539799998667,0.00816988200006108,0.0,0.00816988200006108,0.008383109999954286,0.04080888700002561,Optimal,0,none,5.330303592681886,0,19,100.0,100.0,100.0,2.0,5,1,4,0.8333333333333334,0.5555555555555556,0.6666666666666667,0.8579107723676322,5,1,4,0.8333333333333334,0.5555555555555556,0.6666666666666667,0.8579107723676322,5,1,4,0.8333333333333334,0.5555555555555556,0.6666666666666667,0.8579107723676322,0,0,0,0.0,0.0,0.0,0,0,0,0.0,0.0,0.0
Open Images,d1ef645e3687eb31,21,0,9,0,6,56,12,56,68,37,0,0,12,0.015724426000019776,0.008296857999994245,0.0,0.008296857999994245,0.008482490999995207,0.024207307999972727,Optimal,0,none,4.975363973021352,0,19,100.0,100.0,100.0,2.0,0,6,0,0.0,0.0,0.0,0.0,0,6,0,0.0,0.0,0.0,0.0,0,6,0,0.0,0.0,0.0,0.0,0,0,0,0.0,0.0,0.0,0,0,0,0.0,0.0,0.0
Open Images,d29f095f98aec84f,3,0,1,0,11,209,22,209,231,122,0,0,22,0.01665260100003252,0.013936721000050056,0.0,0.013936721000050056,0.014380007999989175,0.031033050000019102,Optimal,0,none,8.690324049858011,0,34,100.0,100.0,100.0,2.0,0,11,0,0.0,0.0,0.0,0.0,0,11,0,0.0,0.0,0.0,0.0,0,11,0,0.0,0.0,0.0,0.0,0,0,0,0.0,0.0,0.0,0,0,0,0.0,0.0,0.0
Open Images,d2d5e5cc2b420898,68,10,2,0,15,366,30,366,396,226,0,0,30,0.017413388000022678,0.018902895999985958,0.0,0.018902895999985958,0.019462083000007624,0.03687597900000128,Optimal,0,none,12.13721514877925,0,46,100.0,100.0,100.0,2.0,6,9,4,0.4,0.6,0.48,0.7905923475353515,6,9,4,0.4,0.6,0.48,0.7905923475353515,6,9,4,0.4,0.6,0.48,0.7905923475353515,0,0,0,0.0,0.0,0.0,0,0,0,0.0,0.0,0.0
Open Images,d2fd5a5b75deb8e6,22,1,3,0,10,173,20,173,193,101,0,0,20,0.018328491000033864,0.012482228000067153,0.0,0.012482228000067153,0.012831112999947436,0.03116005699996549,Optimal,0,none,9.00402994439661,0,31,100.0,100.0,100.0,2.0,1,9,0,0.1,1.0,0.18181818181818182,0.7266174791571047,1,9,0,0.1,1.0,0.18181818181818182,0.7266174791571047,1,9,0,0.1,1.0,0.18181818181818182,0.7266174791571047,0,0,0,0.0,0.0,0.0,0,0,0,0.0,0.0,0.0
Open Images,d32f37b94e40e78a,39,1,3,0,4,19,8,19,27,17,0,0,8,0.015310351999914928,0.006878143999983877,0.0,0.006878143999983877,0.007023632000027646,0.022334406999902967,Optimal,0,none,3.561193591753643,0,13,100.0,100.0,100.0,2.0,1,3,0,0.25,1.0,0.4,0.9500045925959172,1,3,0,0.25,1.0,0.4,0.9500045925959172,1,3,0,0.25,1.0,0.4,0.9500045925959172,0,0,0,0.0,0.0,0.0,0,0,0,0.0,0.0,0.0
Open Images,d44801d0b7da712e,7,1,2,0,5,37,10,37,47,26,0,0,10,0.019145704000038677,0.007708975000014107,0.0,0.007708975000014107,0.007881429000008211,0.02702752600009717,Optimal,0,none,4.268776495540458,0,16,100.0,100.0,100.0,2.0,1,4,0,0.2,1.0,0.33333333333333337,0.9351238762362307,1,4,0,0.2,1.0,0.33333333333333337,0.9351238762362307,1,4,0,0.2,1.0,0.33333333333333337,0.9351238762362307,0,0,0,0.0,0.0,0.0,0,0,0,0.0,0.0,0.0
Open Images,d4a83afb84b0f902,5,0,4,0,3,12,6,12,18,10,0,0,6,0.01690092100000129,0.005940967000015007,0.0,0.005940967000015007,0.006055917999901794,0.022957235000035325,Optimal,0,none,2.4237831697721575,0,10,100.0,100.0,100.0,2.0,0,3,0,0.0,0.0,0.0,0.0,0,3,0,0.0,0.0,0.0,0.0,0,3,0,0.0,0.0,0.0,0.0,0,0,0,0.0,0.0,0.0,0,0,0,0.0,0.0,0.0
Open Images,d4c9a417b5e7ba37,9,0,2,0,4,21,8,21,29,17,0,0,8,0.017633251000006567,0.007011787000010372,0.0,0.007011787000010372,0.0071416709999994055,0.02477534199999809,Optimal,0,none,3.4705602304140735,0,13,100.0,100.0,100.0,2.0,0,4,0,0.0,0.0,0.0,0.0,0,4,0,0.0,0.0,0.0,0.0,0,4,0,0.0,0.0,0.0,0.0,0,0,0,0.0,0.0,0.0,0,0,0,0.0,0.0,0.0
Open Images,d5a1e51d937f330f,24,7,2,0,11,203,22,203,225,122,0,0,22,0.018193626000083896,0.013501489999953264,0.0,0.013501489999953264,0.013945533000082833,0.03213963000007425,Optimal,0,none,8.549361068241328,0,34,100.0,100.0,100.0,2.0,3,8,4,0.2727272727272727,0.42857142857142855,0.33333333333333326,0.804982075650256,3,8,4,0.2727272727272727,0.42857142857142855,0.33333333333333326,0.804982075650256,3,8,4,0.2727272727272727,0.42857142857142855,0.33333333333333326,0.804982075650256,0,0,0,0.0,0.0,0.0,0,0,0,0.0,0.0,0.0
Open Images,d6bdc197b5645e29,4,0,2,0,4,20,8,20,28,17,0,0,8,0.013821142999972835,0.00635117900003479,0.0,0.00635117900003479,0.006484971999952904,0.02030657499994959,Optimal,0,none,3.2561595952964195,0,13,100.0,100.0,100.0,2.0,0,4,0,0.0,0.0,0.0,0.0,0,4,0,0.0,0.0,0.0,0.0,0,4,0,0.0,0.0,0.0,0.0,0,0,0,0.0,0.0,0.0,0,0,0,0.0,0.0,0.0
Open Images,d7f48eef89b429ff,9,1,3,0,3,9,6,9,15,10,0,0,6,0.016188814999964052,0.005973480999955427,0.0,0.005973480999955427,0.006087754999953177,0.022276967000038894,Optimal,0,none,2.621569908874614,0,10,100.0,100.0,100.0,2.0,1,2,0,0.3333333333333333,1.0,0.5,0.8676710375603031,1,2,0,0.3333333333333333,1.0,0.5,0.8676710375603031,1,2,0,0.3333333333333333,1.0,0.5,0.8676710375603031,0,0,0,0.0,0.0,0.0,0,0,0,0.0,0.0,0.0
Open Images,d8241d4c97b7bdc7,5,0,2,0,1,0,2,0,2,1,0,0,2,0.016033596999932342,0.005591683999909947,0.0,0.005591683999909947,0.00564779000001181,0.021681782999962707,Optimal,0,none,0.5648168961207072,0,2,100.0,100.0,100.0,2.0,0,1,0,0.0,0.0,0.0,0.0,0,1,0,0.0,0.0,0.0,0.0,0,1,0,0.0,0.0,0.0,0.0,0,0,0,0.0,0.0,0.0,0,0,0,0.0,0.0,0.0
Open Images,d92f7bdf1bfbcb31,9,1,1,0,2,2,4,2,6,5,0,0,4,0.014972095999951307,0.0055902190000551855,0.0,0.0055902190000551855,0.005669877000059387,0.020642342999963148,Optimal,0,none,1.5245834477742513,0,5,100.0,100.0,100.0,2.0,1,1,0,0.5,1.0,0.6666666666666666,0.8427567838960937,1,1,0,0.5,1.0,0.6666666666666666,0.8427567838960937,1,1,0,0.5,1.0,0.6666666666666666,0.8427567838960937,0,0,0,0.0,0.0,0.0,0,0,0,0.0,0.0,0.0
Open Images,d9e9a8b9befb3f51,18,2,1,0,3,11,6,11,17,10,0,0,6,0.015993654999988394,0.006710033999979714,0.0,0.006710033999979714,0.006845160000011674,0.0228392870000107,Optimal,0,none,2.6418322638701945,0,10,100.0,100.0,100.0,2.0,1,2,1,0.3333333333333333,0.5,0.4,0.5861688015857311,1,2,1,0.3333333333333333,0.5,0.4,0.5861688015857311,1,2,1,0.3333333333333333,0.5,0.4,0.5861688015857311,0,0,0,0.0,0.0,0.0,0,0,0,0.0,0.0,0.0
Open Images,dabd65b40c5f53fc,29,11,5,0,15,389,30,389,419,226,0,0,30,0.02119190999997045,0.02128495700003441,0.0,0.02128495700003441,0.02189655400002266,0.04308905999994295,Optimal,0,none,12.33690723152169,0,46,100.0,100.0,100.0,2.0,3,12,8,0.2,0.2727272727272727,0.23076923076923075,0.9381638459012694,3,12,8,0.2,0.2727272727272727,0.23076923076923075,0.9381638459012694,3,12,8,0.2,0.2727272727272727,0.23076923076923075,0.9381638459012694,0,0,0,0.0,0.0,0.0,0,0,0,0.0,0.0,0.0
Open Images,db73cb1e1bbecd08,3,1,2,0,0,0,0,0,0,0,0,0,1,0.023476888000004692,0.004588536000028398,0.0,0.004588536000028398,0.004622402999984843,0.028099638000071536,Optimal,0,none,,0,1,100.0,0.0,0.0,0.0,0,0,1,0.0,0.0,0.0,0.0,0,0,1,0.0,0.0,0.0,0.0,0,0,1,0.0,0.0,0.0,0.0,0,0,0,0.0,0.0,0.0,0,0,0,0.0,0.0,0.0
Open Images,db9455699be59212,26,0,2,0,2,4,4,4,8,5,0,0,4,0.015413858000101754,0.0062572250000130225,0.0,0.0062572250000130225,0.006383280000022751,0.02179754300004788,Optimal,0,none,1.4472813876469934,0,5,100.0,100.0,100.0,2.0,0,2,0,0.0,0.0,0.0,0.0,0,2,0,0.0,0.0,0.0,0.0,0,2,0,0.0,0.0,0.0,0.0,0,0,0,0.0,0.0,0.0,0,0,0,0.0,0.0,0.0
Open Images,dd1160459778fdd6,14,1,1,0,1,0,2,0,2,1,0,0,2,0.022568664999994326,0.006040322999979253,0.0,0.006040322999979253,0.00610347899998942,0.02867264399992564,Optimal,0,none,0.5929556290308635,0,2,100.0,100.0,100.0,2.0,0,1,1,0.0,0.0,0.0,0.5421153439530689,0,1,1,0.0,0.0,0.0,0.5421153439530689,0,1,1,0.0,0.0,0.0,0.5421153439530689,0,0,0,0.0,0.0,0.0,0,0,0,0.0,0.0,0.0
Open Images,dd424886ee4db1df,44,0,1,0,6,48,12,48,60,37,0,0,12,0.024371701000063695,0.008401446999982909,0.0,0.008401446999982909,0.008585879999941426,0.03295806000005541,Optimal,0,none,5.3407501411438005,0,19,100.0,100.0,100.0,2.0,0,6,0,0.0,0.0,0.0,0.0,0,6,0,0.0,0.0,0.0,0.0,0,6,0,0.0,0.0,0.0,0.0,0,0,0,0.0,0.0,0.0,0,0,0,0.0,0.0,0.0
Open Images,dd5cce09d5f254cc,13,0,3,0,2,8,4,8,12,5,0,0,4,0.018475433000048724,0.006343351999930746,0.0,0.006343351999930746,0.006442735000064204,0.024918573000036304,Optimal,0,none,1.1703201206525167,0,5,100.0,100.0,100.0,2.0,0,2,0,0.0,0.0,0.0,0.0,0,2,0,0.0,0.0,0.0,0.0,0,2,0,0.0,0.0,0.0,0.0,0,0,0,0.0,0.0,0.0,0,0,0,0.0,0.0,0.0
Open Images,dd7c6dbfee84e796,25,1,1,0,13,286,26,286,312,170,0,0,26,0.018621955999947204,0.016395286000033593,0.0,0.016395286000033593,0.01684736899994732,0.03546981900001356,Optimal,0,none,11.169107383886978,0,40,100.0,100.0,100.0,2.0,1,12,0,0.07692307692307693,1.0,0.14285714285714288,0.5778950859962058,1,12,0,0.07692307692307693,1.0,0.14285714285714288,0.5778950859962058,1,12,0,0.07692307692307693,1.0,0.14285714285714288,0.5778950859962058,0,0,0,0.0,0.0,0.0,0,0,0,0.0,0.0,0.0
Open Images,ddebe5a86b2713c4,8,0,2,0,4,28,8,28,36,17,0,0,8,0.01887966799995411,0.007448154000030627,0.0,0.007448154000030627,0.007614848000002894,0.02649494100000993,Optimal,0,none,3.4527778355280567,0,13,100.0,100.0,100.0,2.0,0,4,0,0.0,0.0,0.0,0.0,0,4,0,0.0,0.0,0.0,0.0,0,4,0,0.0,0.0,0.0,0.0,0,0,0,0.0,0.0,0.0,0,0,0,0.0,0.0,0.0
Open Images,de578e711d5d2712,8,0,8,0,3,10,6,10,16,10,0,0,6,0.01795873700007178,0.006009382000002006,0.0,0.006009382000002006,0.006133055999953285,0.02409223600000132,Optimal,0,none,2.6471933746337895,0,10,100.0,100.0,100.0,2.0,0,3,0,0.0,0.0,0.0,0.0,0,3,0,0.0,0.0,0.0,0.0,0,3,0,0.0,0.0,0.0,0.0,0,0,0,0.0,0.0,0.0,0,0,0,0.0,0.0,0.0
Open Images,df0179678dcd6762,23,3,2,0,14,365,28,365,393,197,0,0,28,0.021665653000013663,0.019682343999988916,0.0,0.019682343999988916,0.02019613900006334,0.041862339999966025,Optimal,0,none,11.706070436225621,0,43,100.0,100.0,100.0,2.0,2,12,1,0.14285714285714285,0.6666666666666666,0.23529411764705882,0.8114570350191226,2,12,1,0.14285714285714285,0.6666666666666666,0.23529411764705882,0.8114570350191226,2,12,1,0.14285714285714285,0.6666666666666666,0.23529411764705882,0.8114570350191226,0,0,0,0.0,0.0,0.0,0,0,0,0.0,0.0,0.0
Open Images,df01a6bc5ed9029e,38,0,2,0,15,392,30,392,422,226,0,0,30,0.01785566499995639,0.019807466000088425,0.0,0.019807466000088425,0.02033820700000888,0.03819441200005258,Optimal,0,none,12.729690272014626,0,46,100.0,100.0,100.0,2.0,0,15,0,0.0,0.0,0.0,0.0,0,15,0,0.0,0.0,0.0,0.0,0,15,0,0.0,0.0,0.0,0.0,0,0,0,0.0,0.0,0.0,0,0,0,0.0,0.0,0.0
Open Images,e0aa41e2ede3de7d,13,0,4,0,2,6,4,6,10,5,0,0,4,0.017380785000000287,0.005952333999971415,0.0,0.005952333999971415,0.0060523450000573575,0.02343358799998896,Optimal,0,none,1.3148277791341147,0,5,100.0,100.0,100.0,2.0,0,2,0,0.0,0.0,0.0,0.0,0,2,0,0.0,0.0,0.0,0.0,0,2,0,0.0,0.0,0.0,0.0,0,0,0,0.0,0.0,0.0,0,0,0,0.0,0.0,0.0
Open Images,e12d3e0517297b73,5,0,1,0,1,0,2,0,2,1,0,0,2,0.018844047000015962,0.005931277999934537,0.0,0.005931277999934537,0.005993045999957758,0.02483756000003723,Optimal,0,none,0.42254977623621626,0,2,100.0,100.0,100.0,2.0,0,1,0,0.0,0.0,0.0,0.0,0,1,0,0.0,0.0,0.0,0.0,0,1,0,0.0,0.0,0.0,0.0,0,0,0,0.0,0.0,0.0,0,0,0,0.0,0.0,0.0
Open Images,e216dd92c7f1e961,32,5,1,0,20,691,40,691,731,401,0,0,40,0.022049260000017057,0.03174652100005915,0.0,0.03174652100005915,0.03265612699999565,0.0547059900000022,Optimal,0,none,16.349251610986066,0,61,100.0,100.0,100.0,2.0,2,18,3,0.1,0.4,0.16000000000000003,0.9043973216266097,2,18,3,0.1,0.4,0.16000000000000003,0.9043973216266097,2,18,3,0.1,0.4,0.16000000000000003,0.9043973216266097,0,0,0,0.0,0.0,0.0,0,0,0,0.0,0.0,0.0
Open Images,e3f5e554f66f6595,64,2,9,0,15,382,30,382,412,226,0,0,30,0.020617415999936384,0.019994050000036623,0.0,0.019994050000036623,0.020545996000009836,0.04116395999994893,Optimal,0,none,12.465464237635683,0,46,100.0,100.0,100.0,2.0,1,14,1,0.06666666666666667,0.5,0.11764705882352941,0.7141905851486812,1,14,1,0.06666666666666667,0.5,0.11764705882352941,0.7141905851486812,1,14,1,0.06666666666666667,0.5,0.11764705882352941,0.7141905851486812,0,0,0,0.0,0.0,0.0,0,0,0,0.0,0.0,0.0
Open Images,e6697a9f8ec12c82,7,0,1,0,2,2,4,2,6,5,0,0,4,0.02281224300008944,0.005915522000009332,0.0,0.005915522000009332,0.006005154000035873,0.028817838999998457,Optimal,0,none,1.2469763406117755,0,5,100.0,100.0,100.0,2.0,0,2,0,0.0,0.0,0.0,0.0,0,2,0,0.0,0.0,0.0,0.0,0,2,0,0.0,0.0,0.0,0.0,0,0,0,0.0,0.0,0.0,0,0,0,0.0,0.0,0.0
Open Images,e91b89ea86367570,13,0,3,0,2,2,4,2,6,5,0,0,4,0.0159518409999464,0.005869865000022401,0.0,0.005869865000022401,0.005968347000020913,0.02192060599998058,Optimal,0,none,1.435548294385274,0,5,100.0,100.0,100.0,2.0,0,2,0,0.0,0.0,0.0,0.0,0,2,0,0.0,0.0,0.0,0.0,0,2,0,0.0,0.0,0.0,0.0,0,0,0,0.0,0.0,0.0,0,0,0,0.0,0.0,0.0
Open Images,e955e464ee18492a,17,1,1,0,2,4,4,4,8,5,0,0,4,0.02155139700005293,0.0064436229999955685,0.0,0.0064436229999955685,0.006542380000041703,0.028094259999988935,Optimal,0,none,1.398810246785482,0,5,100.0,100.0,100.0,2.0,1,1,0,0.5,1.0,0.6666666666666666,0.9008131454655446,1,1,0,0.5,1.0,0.6666666666666666,0.9008131454655446,1,1,0,0.5,1.0,0.6666666666666666,0.9008131454655446,0,0,0,0.0,0.0,0.0,0,0,0,0.0,0.0,0.0
Open Images,ea0cd65da3d17cb6,12,1,2,0,4,16,8,16,24,17,0,0,8,0.015252185000008467,0.007057558000042263,0.0,0.007057558000042263,0.007190360999970835,0.02244298499999786,Optimal,0,none,3.1796697227160147,0,13,100.0,100.0,100.0,2.0,1,3,0,0.25,1.0,0.4,0.9576826105842164,1,3,0,0.25,1.0,0.4,0.9576826105842164,1,3,0,0.25,1.0,0.4,0.9576826105842164,0,0,0,0.0,0.0,0.0,0,0,0,0.0,0.0,0.0
Open Images,ea2a84f5d29be501,8,0,2,0,3,14,6,14,20,10,0,0,6,0.021170861999962653,0.006191622000073949,0.0,0.006191622000073949,0.00635128800001894,0.027522606999923482,Optimal,0,none,2.3616968428460927,0,10,100.0,100.0,100.0,2.0,0,3,0,0.0,0.0,0.0,0.0,0,3,0,0.0,0.0,0.0,0.0,0,3,0,0.0,0.0,0.0,0.0,0,0,0,0.0,0.0,0.0,0,0,0,0.0,0.0,0.0
Open Images,eadce84978423613,13,1,5,0,1,0,2,0,2,1,0,0,2,0.022976683000024423,0.005713687999900685,0.0,0.005713687999900685,0.005773510000040005,0.02875056000004861,Optimal,0,none,0.6263865629831951,0,2,100.0,100.0,100.0,2.0,0,1,1,0.0,0.0,0.0,0.0,0,1,1,0.0,0.0,0.0,0.0,0,1,1,0.0,0.0,0.0,0.0,0,0,0,0.0,0.0,0.0,0,0,0,0.0,0.0,0.0
Open Images,ecbbb807ff44e14d,23,1,1,0,2,2,4,2,6,5,0,0,4,0.013384887000029266,0.005843757999969057,0.0,0.005843757999969057,0.00594175699995958,0.01932709300001534,Optimal,0,none,1.335732234319051,0,5,100.0,100.0,100.0,2.0,0,2,1,0.0,0.0,0.0,0.0,0,2,1,0.0,0.0,0.0,0.0,0,2,1,0.0,0.0,0.0,0.0,0,0,0,0.0,0.0,0.0,0,0,0,0.0,0.0,0.0
Open Images,ed583cb7dc069691,40,1,1,0,2,4,4,4,8,5,0,0,4,0.016377247000036732,0.00585959600005026,0.0,0.00585959600005026,0.005946741000002476,0.0223243260001027,Optimal,0,none,1.498928033538598,0,5,100.0,100.0,100.0,2.0,0,2,1,0.0,0.0,0.0,0.0,0,2,1,0.0,0.0,0.0,0.0,0,2,1,0.0,0.0,0.0,0.0,0,0,0,0.0,0.0,0.0,0,0,0,0.0,0.0,0.0
Open Images,f00d696f4d0663e1,20,0,2,0,1,0,2,0,2,1,0,0,2,0.056107245000021067,0.00575045699997645,0.0,0.00575045699997645,0.00583017100007055,0.06193786200003615,Optimal,0,none,0.6155933777491251,0,2,100.0,100.0,100.0,2.0,0,1,0,0.0,0.0,0.0,0.0,0,1,0,0.0,0.0,0.0,0.0,0,1,0,0.0,0.0,0.0,0.0,0,0,0,0.0,0.0,0.0,0,0,0,0.0,0.0,0.0
Open Images,f0ec9c4728c00172,8,5,5,0,3,10,6,10,16,10,0,0,6,0.01976140400006443,0.0061049669999420075,0.0,0.0061049669999420075,0.006219047000058708,0.025980900000035945,Optimal,0,none,2.2569396805763247,0,10,100.0,100.0,100.0,2.0,1,2,4,0.3333333333333333,0.2,0.25,0.9269897323880109,1,2,4,0.3333333333333333,0.2,0.25,0.9269897323880109,1,2,4,0.3333333333333333,0.2,0.25,0.9269897323880109,0,0,0,0.0,0.0,0.0,0,0,0,0.0,0.0,0.0
Open Images,f185f8f2d67d0067,8,0,5,0,1,0,2,0,2,1,0,0,2,0.017161075999979403,0.005818936999958169,0.0,0.005818936999958169,0.005880123999986608,0.023041612000042733,Optimal,0,none,0.5953720013300579,0,2,100.0,100.0,100.0,2.0,0,1,0,0.0,0.0,0.0,0.0,0,1,0,0.0,0.0,0.0,0.0,0,1,0,0.0,0.0,0.0,0.0,0,0,0,0.0,0.0,0.0,0,0,0,0.0,0.0,0.0
Open Images,f339b1c5438b5b7c,58,2,7,0,7,66,14,66,80,50,0,0,14,0.019766610000033324,0.008944451000047593,0.0,0.008944451000047593,0.009153798999932405,0.028920860999960496,Optimal,0,none,6.246626693407697,0,22,100.0,100.0,100.0,2.0,1,6,1,0.14285714285714285,0.5,0.22222222222222224,0.8079724323056396,1,6,1,0.14285714285714285,0.5,0.22222222222222224,0.8079724323056396,1,6,1,0.14285714285714285,0.5,0.22222222222222224,0.8079724323056396,0,0,0,0.0,0.0,0.0,0,0,0,0.0,0.0,0.0
Open Images,f3e7fed441e35ccd,23,0,1,0,4,27,8,27,35,17,0,0,8,0.016871917000003123,0.006998771999974451,0.0,0.006998771999974451,0.007142653999949289,0.024014924999960385,Optimal,0,none,3.2780411746215865,0,13,100.0,100.0,100.0,2.0,0,4,0,0.0,0.0,0.0,0.0,0,4,0,0.0,0.0,0.0,0.0,0,4,0,0.0,0.0,0.0,0.0,0,0,0,0.0,0.0,0.0,0,0,0,0.0,0.0,0.0
Open Images,f54cecf49c0397f5,12,0,1,0,3,10,6,10,16,10,0,0,6,0.02063277599995672,0.006128099999955339,0.0,0.006128099999955339,0.00624164499993185,0.026883092000048237,Optimal,0,none,2.3627036762237554,0,10,100.0,100.0,100.0,2.0,0,3,0,0.0,0.0,0.0,0.0,0,3,0,0.0,0.0,0.0,0.0,0,3,0,0.0,0.0,0.0,0.0,0,0,0,0.0,0.0,0.0,0,0,0,0.0,0.0,0.0
Open Images,f88b1b035c47011b,12,3,3,0,7,74,14,74,88,50,0,0,14,0.01741330899994864,0.00824962800004414,0.0,0.00824962800004414,0.008531525999956102,0.025945420999960334,Optimal,0,none,5.71500975529353,0,22,100.0,100.0,100.0,2.0,2,5,1,0.2857142857142857,0.6666666666666666,0.4,0.7774606057760761,2,5,1,0.2857142857142857,0.6666666666666666,0.4,0.7774606057760761,2,5,1,0.2857142857142857,0.6666666666666666,0.4,0.7774606057760761,0,0,0,0.0,0.0,0.0,0,0,0,0.0,0.0,0.0
Open Images,f98e23895593ab01,23,0,3,0,5,40,10,40,50,26,0,0,10,0.021441769000034583,0.007148495000024013,0.0,0.007148495000024013,0.007329289999916,0.0287713980000035,Optimal,0,none,3.98916116555532,0,16,100.0,100.0,100.0,2.0,0,5,0,0.0,0.0,0.0,0.0,0,5,0,0.0,0.0,0.0,0.0,0,5,0,0.0,0.0,0.0,0.0,0,0,0,0.0,0.0,0.0,0,0,0,0.0,0.0,0.0
Open Images,f9d76673400715e9,12,0,1,0,1,0,2,0,2,1,0,0,2,0.029460460999985116,0.005740304999903856,0.0,0.005740304999903856,0.005872092000004159,0.035332992000007835,Optimal,0,none,0.6222742716471354,0,2,100.0,100.0,100.0,2.0,0,1,0,0.0,0.0,0.0,0.0,0,1,0,0.0,0.0,0.0,0.0,0,1,0,0.0,0.0,0.0,0.0,0,0,0,0.0,0.0,0.0,0,0,0,0.0,0.0,0.0
Open Images,f9e161f84d07e4c0,15,0,1,0,1,0,2,0,2,1,0,0,2,0.01744450000001052,0.005548277999992024,0.0,0.005548277999992024,0.005606950000014876,0.02305183400005717,Optimal,0,none,0.6374839941660564,0,2,100.0,100.0,100.0,2.0,0,1,0,0.0,0.0,0.0,0.0,0,1,0,0.0,0.0,0.0,0.0,0,1,0,0.0,0.0,0.0,0.0,0,0,0,0.0,0.0,0.0,0,0,0,0.0,0.0,0.0
Open Images,f9e68389f2422650,11,0,6,0,1,0,2,0,2,1,0,0,2,0.02058524300002773,0.005432277999943835,0.0,0.005432277999943835,0.005489166000074874,0.026074761000018043,Optimal,0,none,0.3856588880221049,0,2,100.0,100.0,100.0,2.0,0,1,0,0.0,0.0,0.0,0.0,0,1,0,0.0,0.0,0.0,0.0,0,1,0,0.0,0.0,0.0,0.0,0,0,0,0.0,0.0,0.0,0,0,0,0.0,0.0,0.0
Open Images,fb29a634ec39a4c1,33,2,2,0,11,172,22,172,194,122,0,0,22,0.016402362000007997,0.011288030000059734,0.0,0.011288030000059734,0.01161600999989787,0.028018802000019605,Optimal,0,none,8.709015622933709,0,34,100.0,100.0,100.0,2.0,1,10,1,0.09090909090909091,0.5,0.15384615384615385,0.7893374152669147,1,10,1,0.09090909090909091,0.5,0.15384615384615385,0.7893374152669147,1,10,1,0.09090909090909091,0.5,0.15384615384615385,0.7893374152669147,0,0,0,0.0,0.0,0.0,0,0,0,0.0,0.0,0.0
Open Images,fc14f1cce131d551,28,0,3,0,4,20,8,20,28,17,0,0,8,0.022918454999967253,0.007013776000007965,0.0,0.007013776000007965,0.00714303999995991,0.0300619289999986,Optimal,0,none,3.5278924671808887,0,13,100.0,100.0,100.0,2.0,0,4,0,0.0,0.0,0.0,0.0,0,4,0,0.0,0.0,0.0,0.0,0,4,0,0.0,0.0,0.0,0.0,0,0,0,0.0,0.0,0.0,0,0,0,0.0,0.0,0.0
Open Images,fcae2d2574521a1a,15,0,4,0,2,4,4,4,8,5,0,0,4,0.018913967999992565,0.005849463999993532,0.0,0.005849463999993532,0.005932363000056284,0.02484674000004361,Optimal,0,none,1.3626738937695824,0,5,100.0,100.0,100.0,2.0,0,2,0,0.0,0.0,0.0,0.0,0,2,0,0.0,0.0,0.0,0.0,0,2,0,0.0,0.0,0.0,0.0,0,0,0,0.0,0.0,0.0,0,0,0,0.0,0.0,0.0
Open Images,fcfbd8e754fea64f,26,0,2,0,5,32,10,32,42,26,0,0,10,0.01771432900000036,0.006935785999985455,0.0,0.006935785999985455,0.007096856999964984,0.02481160499996804,Optimal,0,none,4.295860453446707,0,16,100.0,100.0,100.0,2.0,0,5,0,0.0,0.0,0.0,0.0,0,5,0,0.0,0.0,0.0,0.0,0,5,0,0.0,0.0,0.0,0.0,0,0,0,0.0,0.0,0.0,0,0,0,0.0,0.0,0.0
Open Images,fd29da80d062d4df,18,0,1,0,3,10,6,10,16,10,0,0,6,0.0145350300000473,0.005659230999981446,0.0,0.005659230999981446,0.005766424000057668,0.02030191900007594,Optimal,0,none,2.3869811558723453,0,10,100.0,100.0,100.0,2.0,0,3,0,0.0,0.0,0.0,0.0,0,3,0,0.0,0.0,0.0,0.0,0,3,0,0.0,0.0,0.0,0.0,0,0,0,0.0,0.0,0.0,0,0,0,0.0,0.0,0.0
Open Images,fdef6eed1051dd32,12,0,1,0,2,6,4,6,10,5,0,0,4,0.01495835299999726,0.006149483000058353,0.0,0.006149483000058353,0.006246441000030245,0.02120524400004342,Optimal,0,none,1.2510389359792078,0,5,100.0,100.0,100.0,2.0,0,2,0,0.0,0.0,0.0,0.0,0,2,0,0.0,0.0,0.0,0.0,0,2,0,0.0,0.0,0.0,0.0,0,0,0,0.0,0.0,0.0,0,0,0,0.0,0.0,0.0
Open Images,fdefeec421b9a4df,42,0,1,0,22,838,44,838,882,485,0,0,44,0.028525792000095862,0.04043100699993829,0.0,0.04043100699993829,0.04152296799998112,0.07004923500005589,Optimal,0,none,18.2079258910815,0,67,100.0,100.0,100.0,2.0,0,22,0,0.0,0.0,0.0,0.0,0,22,0,0.0,0.0,0.0,0.0,0,22,0,0.0,0.0,0.0,0.0,0,0,0,0.0,0.0,0.0,0,0,0,0.0,0.0,0.0
Open Images,fe600639ac5f36c1,30,0,2,0,6,57,12,57,69,37,0,0,12,0.0165967200000523,0.010916487000031339,0.0,0.010916487000031339,0.011143550000042524,0.027740751000010277,Optimal,0,none,5.31792480900768,0,19,100.0,100.0,100.0,2.0,0,6,0,0.0,0.0,0.0,0.0,0,6,0,0.0,0.0,0.0,0.0,0,6,0,0.0,0.0,0.0,0.0,0,0,0,0.0,0.0,0.0,0,0,0,0.0,0.0,0.0
Open Images,fe67317504c74466,8,0,1,0,3,14,6,14,20,10,0,0,6,0.017451654999945276,0.007298752999986391,0.0,0.007298752999986391,0.0074428799999850526,0.024894986999925095,Optimal,0,none,2.3687319850921638,0,10,100.0,100.0,100.0,2.0,0,3,0,0.0,0.0,0.0,0.0,0,3,0,0.0,0.0,0.0,0.0,0,3,0,0.0,0.0,0.0,0.0,0,0,0,0.0,0.0,0.0,0,0,0,0.0,0.0,0.0
Open Images,ff50b6fca1c1d54b,20,1,6,0,5,38,10,38,48,26,0,0,10,0.019014787999935834,0.008243017000040709,0.0,0.008243017000040709,0.008422932000030414,0.027438139999958366,Optimal,0,none,4.172469111283621,0,16,100.0,100.0,100.0,2.0,1,4,0,0.2,1.0,0.33333333333333337,0.6225518865899726,1,4,0,0.2,1.0,0.33333333333333337,0.6225518865899726,1,4,0,0.2,1.0,0.33333333333333337,0.6225518865899726,0,0,0,0.0,0.0,0.0,0,0,0,0.0,0.0,0.0
Open Images,ffb2640fb0b5a865,20,1,6,0,2,4,4,4,8,5,0,0,4,0.019772252000052504,0.006276462999949217,0.0,0.006276462999949217,0.006370193000066138,0.02614282300010018,Optimal,0,none,1.356599574130295,0,5,100.0,100.0,100.0,2.0,0,2,1,0.0,0.0,0.0,0.0,0,2,1,0.0,0.0,0.0,0.0,0,2,1,0.0,0.0,0.0,0.0,0,0,0,0.0,0.0,0.0,0,0,0,0.0,0.0,0.0
Open Images,ffddf3805faf3cbf,12,1,1,0,2,5,4,5,9,5,0,0,4,0.023974751999958244,0.006153587999961019,0.0,0.006153587999961019,0.0062483520000569115,0.030223542999920028,Optimal,0,none,1.4386638641756795,0,5,100.0,100.0,100.0,2.0,0,2,1,0.0,0.0,0.0,0.0,0,2,1,0.0,0.0,0.0,0.0,0,2,1,0.0,0.0,0.0,0.0,0,0,0,0.0,0.0,0.0,0,0,0,0.0,0.0,0.0
