dataset,image_id,raw_gt_boxes,eligible_gt_boxes,raw_gt_relations,eligible_gt_relations,n_objects,n_relation_candidates,n_label_variables,n_relation_variables,n_binary_variables,n_constraints,n_domain_constraints,n_range_constraints,relation_budget,candidate_build_time_s,solver_time_s,repair_time_s,solver_pipeline_time_s,solve_wrapper_time_s,end_to_end_time_s,solver_status,fallback,fallback_trigger,objective_value,violations,applicable_checks_Q,constraint_compliance_pct,traceability_rate_pct,explanation_completeness_pct,avg_evidence_items_per_assertion,detector_tp,detector_fp,detector_fn,detector_precision,detector_recall,detector_f1,detector_miou,local_tp,local_fp,local_fn,local_precision,local_recall,local_f1,local_miou,ocosl_tp,ocosl_fp,ocosl_fn,ocosl_precision,ocosl_recall,ocosl_f1,ocosl_miou,rel_raw_tp,rel_raw_fp,rel_raw_fn,rel_raw_precision,rel_raw_recall,rel_raw_f1,rel_enrich_tp,rel_enrich_fp,rel_enrich_fn,rel_enrich_precision,rel_enrich_recall,rel_enrich_f1
COCO,397133,19,19,0,0,9,140,18,140,158,82,0,0,18,0.0273844970000141,0.2476885260000472,0.0,0.2476885260000472,0.2480640670000298,0.2754492259999779,Optimal,0,none,7.415990853309635,0,28,100.0,100.0,100.0,2.0,7,2,12,0.7777777777777778,0.3684210526315789,0.5,0.8169959153301155,7,2,12,0.7777777777777778,0.3684210526315789,0.5,0.8169959153301155,7,2,12,0.7777777777777778,0.3684210526315789,0.5,0.8169959153301155,0,0,0,0.0,0.0,0.0,0,0,0,0.0,0.0,0.0
COCO,37777,14,14,0,0,10,206,20,206,226,101,0,0,20,0.0200691910000045,0.0159216509999851,0.0,0.0159216509999851,0.0163047030000029,0.0363746229999719,Optimal,0,none,7.993419081874307,0,31,100.0,100.0,100.0,2.0,8,2,6,0.8,0.5714285714285714,0.6666666666666666,0.8665902376234738,8,2,6,0.8,0.5714285714285714,0.6666666666666666,0.8665902376234738,8,2,6,0.8,0.5714285714285714,0.6666666666666666,0.8665902376234738,0,0,0,0.0,0.0,0.0,0,0,0,0.0,0.0,0.0
COCO,252219,7,7,0,0,6,49,12,49,61,37,0,0,12,0.0137719090000132,0.0091610790000231,0.0,0.0091610790000231,0.0093689699999686,0.0231414090000043,Optimal,0,none,5.159939947814005,0,19,100.0,100.0,100.0,2.0,5,1,2,0.8333333333333334,0.7142857142857143,0.7692307692307692,0.9439183427943288,5,1,2,0.8333333333333334,0.7142857142857143,0.7692307692307692,0.9439183427943288,5,1,2,0.8333333333333334,0.7142857142857143,0.7692307692307692,0.9439183427943288,0,0,0,0.0,0.0,0.0,0,0,0,0.0,0.0,0.0
COCO,87038,17,17,0,0,14,287,28,287,315,197,0,0,28,0.0605968009999742,0.01907985400004,0.0,0.01907985400004,0.0196772219999843,0.0802744739999639,Optimal,0,none,10.95348351704188,0,43,100.0,100.0,100.0,2.0,8,6,9,0.5714285714285714,0.4705882352941176,0.5161290322580646,0.7713169576311789,8,6,9,0.5714285714285714,0.4705882352941176,0.5161290322580646,0.7713169576311789,8,6,9,0.5714285714285714,0.4705882352941176,0.5161290322580646,0.7713169576311789,0,0,0,0.0,0.0,0.0,0,0,0,0.0,0.0,0.0
COCO,174482,12,12,0,0,10,154,20,154,174,101,0,0,20,0.0959871649999968,0.0128214110000044,0.0,0.0128214110000044,0.0131638819999579,0.1091514689999826,Optimal,0,none,8.007033654212982,0,31,100.0,100.0,100.0,2.0,4,6,8,0.4,0.3333333333333333,0.3636363636363636,0.823688080298954,4,6,8,0.4,0.3333333333333333,0.3636363636363636,0.823688080298954,4,6,8,0.4,0.3333333333333333,0.3636363636363636,0.823688080298954,0,0,0,0.0,0.0,0.0,0,0,0,0.0,0.0,0.0
COCO,403385,2,2,0,0,3,10,6,10,16,10,0,0,6,0.054581488999986,0.0070733039999595,0.0,0.0070733039999595,0.0072068700000045,0.0617888259999972,Optimal,0,none,2.399567849636078,0,10,100.0,100.0,100.0,2.0,2,1,0,0.6666666666666666,1.0,0.8,0.8313655951927312,2,1,0,0.6666666666666666,1.0,0.8,0.8313655951927312,2,1,0,0.6666666666666666,1.0,0.8,0.8313655951927312,0,0,0,0.0,0.0,0.0,0,0,0,0.0,0.0,0.0
COCO,6818,1,1,0,0,1,0,2,0,2,1,0,0,2,0.0529128090000199,0.0059290190000069,0.0,0.0059290190000069,0.0059928819999868,0.0589063310000028,Optimal,0,none,0.40166943470637,0,2,100.0,100.0,100.0,2.0,1,0,0,1.0,1.0,1.0,0.865488981028744,1,0,0,1.0,1.0,1.0,0.865488981028744,1,0,0,1.0,1.0,1.0,0.865488981028744,0,0,0,0.0,0.0,0.0,0,0,0,0.0,0.0,0.0
COCO,480985,13,13,0,0,5,38,10,38,48,26,0,0,10,0.0548304530000223,0.0095483069999886,0.0,0.0095483069999886,0.0097402209999586,0.0645711530000312,Optimal,0,none,4.010178490479788,0,16,100.0,100.0,100.0,2.0,4,1,9,0.8,0.3076923076923077,0.4444444444444444,0.8246246488940939,4,1,9,0.8,0.3076923076923077,0.4444444444444444,0.8246246488940939,4,1,9,0.8,0.3076923076923077,0.4444444444444444,0.8246246488940939,0,0,0,0.0,0.0,0.0,0,0,0,0.0,0.0,0.0
COCO,458054,10,10,0,0,3,9,6,9,15,10,0,0,6,0.0149064060000227,0.0067921790000013,0.0,0.0067921790000013,0.0069153119999896,0.0218223649999913,Optimal,0,none,2.283347113132477,0,10,100.0,100.0,100.0,2.0,2,1,8,0.6666666666666666,0.2,0.3076923076923076,0.6486358711314193,2,1,8,0.6666666666666666,0.2,0.3076923076923076,0.6486358711314193,2,1,8,0.6666666666666666,0.2,0.3076923076923076,0.6486358711314193,0,0,0,0.0,0.0,0.0,0,0,0,0.0,0.0,0.0
COCO,331352,2,2,0,0,3,11,6,11,17,10,0,0,6,0.0135730400000397,0.0066229509999971,0.0,0.0066229509999971,0.0067460030000461,0.020319556000004,Optimal,0,none,2.44957747688614,0,10,100.0,100.0,100.0,2.0,1,2,1,0.3333333333333333,0.5,0.4,0.8180303677598093,1,2,1,0.3333333333333333,0.5,0.4,0.8180303677598093,1,2,1,0.3333333333333333,0.5,0.4,0.8180303677598093,0,0,0,0.0,0.0,0.0,0,0,0,0.0,0.0,0.0
COCO,296649,26,26,0,0,18,549,36,549,585,325,0,0,36,0.0213622370000052,0.0268312900000182,0.0,0.0268312900000182,0.0276265029999649,0.0489892520000125,Optimal,0,none,14.705665836181993,0,55,100.0,100.0,100.0,2.0,12,6,14,0.6666666666666666,0.4615384615384615,0.5454545454545455,0.745083718096633,12,6,14,0.6666666666666666,0.4615384615384615,0.5454545454545455,0.745083718096633,12,6,14,0.6666666666666666,0.4615384615384615,0.5454545454545455,0.745083718096633,0,0,0,0.0,0.0,0.0,0,0,0,0.0,0.0,0.0
COCO,386912,18,18,0,0,6,57,12,57,69,37,0,0,12,0.0160704040000041,0.0090448820000119,0.0,0.0090448820000119,0.0092557380000357,0.0253266219999659,Optimal,0,none,4.681142412370972,0,19,100.0,100.0,100.0,2.0,1,5,17,0.1666666666666666,0.0555555555555555,0.0833333333333333,0.7858375823690464,1,5,17,0.1666666666666666,0.0555555555555555,0.0833333333333333,0.7858375823690464,1,5,17,0.1666666666666666,0.0555555555555555,0.0833333333333333,0.7858375823690464,0,0,0,0.0,0.0,0.0,0,0,0,0.0,0.0,0.0
COCO,502136,4,4,0,0,4,22,8,22,30,17,0,0,8,0.0569478740000022,0.0078970069999968,0.0,0.0078970069999968,0.0080510710000112,0.0649993650000055,Optimal,0,none,3.196127138564981,0,13,100.0,100.0,100.0,2.0,4,0,0,1.0,1.0,1.0,0.8149914915050892,4,0,0,1.0,1.0,1.0,0.8149914915050892,4,0,0,1.0,1.0,1.0,0.8149914915050892,0,0,0,0.0,0.0,0.0,0,0,0,0.0,0.0,0.0
COCO,491497,12,12,0,0,3,12,6,12,18,10,0,0,6,0.0137785809999968,0.006857431999947,0.0,0.006857431999947,0.0069935899999791,0.0207726900000011,Optimal,0,none,2.453831586837769,0,10,100.0,100.0,100.0,2.0,1,2,11,0.3333333333333333,0.0833333333333333,0.1333333333333333,0.95372730656882,1,2,11,0.3333333333333333,0.0833333333333333,0.1333333333333333,0.95372730656882,1,2,11,0.3333333333333333,0.0833333333333333,0.1333333333333333,0.95372730656882,0,0,0,0.0,0.0,0.0,0,0,0,0.0,0.0,0.0
COCO,184791,7,7,0,0,5,41,10,41,51,26,0,0,10,0.0144064090000028,0.0080576320000318,0.0,0.0080576320000318,0.0082319759999904,0.0226387680000357,Optimal,0,none,4.211628561801315,0,16,100.0,100.0,100.0,2.0,4,1,3,0.8,0.5714285714285714,0.6666666666666666,0.8904596346698382,4,1,3,0.8,0.5714285714285714,0.6666666666666666,0.8904596346698382,4,1,3,0.8,0.5714285714285714,0.6666666666666666,0.8904596346698382,0,0,0,0.0,0.0,0.0,0,0,0,0.0,0.0,0.0
COCO,348881,5,5,0,0,4,22,8,22,30,17,0,0,8,0.0139968310000426,0.0073495710000202,0.0,0.0073495710000202,0.0074884249999627,0.0214856979999922,Optimal,0,none,3.1243673769632987,0,13,100.0,100.0,100.0,2.0,3,1,2,0.75,0.6,0.6666666666666665,0.9009330709441116,3,1,2,0.75,0.6,0.6666666666666665,0.9009330709441116,3,1,2,0.75,0.6,0.6666666666666665,0.9009330709441116,0,0,0,0.0,0.0,0.0,0,0,0,0.0,0.0,0.0
COCO,289393,4,4,0,0,6,58,12,58,70,37,0,0,12,0.0144439119999901,0.0094957789999625,0.0,0.0094957789999625,0.009718577000001,0.0241633320000005,Optimal,0,none,4.627753603458406,0,19,100.0,100.0,100.0,2.0,1,5,3,0.1666666666666666,0.25,0.2,0.9684531675177958,1,5,3,0.1666666666666666,0.25,0.2,0.9684531675177958,1,5,3,0.1666666666666666,0.25,0.2,0.9684531675177958,0,0,0,0.0,0.0,0.0,0,0,0,0.0,0.0,0.0
COCO,522713,13,13,0,0,3,12,6,12,18,10,0,0,6,0.0133017050000034,0.0068488139999658,0.0,0.0068488139999658,0.0069709239999724,0.0202731640000024,Optimal,0,none,2.365962276458741,0,10,100.0,100.0,100.0,2.0,2,1,11,0.6666666666666666,0.1538461538461538,0.25,0.899708122242201,2,1,11,0.6666666666666666,0.1538461538461538,0.25,0.899708122242201,2,1,11,0.6666666666666666,0.1538461538461538,0.25,0.899708122242201,0,0,0,0.0,0.0,0.0,0,0,0,0.0,0.0,0.0
COCO,181666,16,16,0,0,11,173,22,173,195,122,0,0,22,0.0146044599999868,0.0139535750000163,0.0,0.0139535750000163,0.0143159880000212,0.0289209159999472,Optimal,0,none,9.067154248555504,0,34,100.0,100.0,100.0,2.0,9,2,7,0.8181818181818182,0.5625,0.6666666666666666,0.8543766217032819,9,2,7,0.8181818181818182,0.5625,0.6666666666666666,0.8543766217032819,9,2,7,0.8181818181818182,0.5625,0.6666666666666666,0.8543766217032819,0,0,0,0.0,0.0,0.0,0,0,0,0.0,0.0,0.0
COCO,17627,16,16,0,0,13,241,26,241,267,170,0,0,26,0.0178614359999755,0.0168844639999861,0.0,0.0168844639999861,0.0172875169999997,0.0351494779999939,Optimal,0,none,10.890786124865215,0,40,100.0,100.0,100.0,2.0,12,1,4,0.9230769230769232,0.75,0.8275862068965517,0.8698758425245191,12,1,4,0.9230769230769232,0.75,0.8275862068965517,0.8698758425245191,12,1,4,0.9230769230769232,0.75,0.8275862068965517,0.8698758425245191,0,0,0,0.0,0.0,0.0,0,0,0,0.0,0.0,0.0
COCO,143931,2,2,0,0,3,12,6,12,18,10,0,0,6,0.0145876720000046,0.0070424979999756,0.0,0.0070424979999756,0.0071641960000192,0.0217522570000028,Optimal,0,none,2.2904903626441957,0,10,100.0,100.0,100.0,2.0,2,1,0,0.6666666666666666,1.0,0.8,0.9370136853511396,2,1,0,0.6666666666666666,1.0,0.8,0.9370136853511396,2,1,0,0.6666666666666666,1.0,0.8,0.9370136853511396,0,0,0,0.0,0.0,0.0,0,0,0,0.0,0.0,0.0
COCO,303818,18,18,0,0,13,263,26,263,289,170,0,0,26,0.0172565309999868,0.0181353140000055,0.0,0.0181353140000055,0.0185696750000374,0.0358266650000018,Optimal,0,none,10.652203837937764,0,40,100.0,100.0,100.0,2.0,12,1,6,0.9230769230769232,0.6666666666666666,0.7741935483870968,0.8007256033868532,12,1,6,0.9230769230769232,0.6666666666666666,0.7741935483870968,0.8007256033868532,12,1,6,0.9230769230769232,0.6666666666666666,0.7741935483870968,0.8007256033868532,0,0,0,0.0,0.0,0.0,0,0,0,0.0,0.0,0.0
COCO,463730,22,22,0,0,13,271,26,271,297,170,0,0,26,0.0157434239999929,0.0219617770000013,0.0,0.0219617770000013,0.0224204540000414,0.0381644750000305,Optimal,0,none,10.813683214014402,0,40,100.0,100.0,100.0,2.0,9,4,13,0.6923076923076923,0.4090909090909091,0.5142857142857142,0.8717693013268242,9,4,13,0.6923076923076923,0.4090909090909091,0.5142857142857142,0.8717693013268242,9,4,13,0.6923076923076923,0.4090909090909091,0.5142857142857142,0.8717693013268242,0,0,0,0.0,0.0,0.0,0,0,0,0.0,0.0,0.0
COCO,460347,7,7,0,0,6,53,12,53,65,37,0,0,12,0.0148063070000148,0.0096019520000254,0.0,0.0096019520000254,0.0098196740000275,0.0246264429999882,Optimal,0,none,5.201735758781434,0,19,100.0,100.0,100.0,2.0,6,0,1,1.0,0.8571428571428571,0.923076923076923,0.861551404788484,6,0,1,1.0,0.8571428571428571,0.923076923076923,0.861551404788484,6,0,1,1.0,0.8571428571428571,0.923076923076923,0.861551404788484,0,0,0,0.0,0.0,0.0,0,0,0,0.0,0.0,0.0
COCO,322864,6,6,0,0,9,137,18,137,155,82,0,0,18,0.014315109999984,0.0139188939999712,0.0,0.0139188939999712,0.0142656859999874,0.0285812369999689,Optimal,0,none,7.368748041309775,0,28,100.0,100.0,100.0,2.0,6,3,0,0.6666666666666666,1.0,0.8,0.8508833946923676,6,3,0,0.6666666666666666,1.0,0.8,0.8508833946923676,6,3,0,0.6666666666666666,1.0,0.8,0.8508833946923676,0,0,0,0.0,0.0,0.0,0,0,0,0.0,0.0,0.0
COCO,226111,0,0,0,0,0,0,0,0,0,0,0,0,1,0.0126241649999769,0.0053775819999941,0.0,0.0053775819999941,0.0054221030000007,0.0180466649999857,Optimal,0,none,,0,1,100.0,0.0,0.0,0.0,0,0,0,0.0,0.0,0.0,0.0,0,0,0,0.0,0.0,0.0,0.0,0,0,0,0.0,0.0,0.0,0.0,0,0,0,0.0,0.0,0.0,0,0,0,0.0,0.0,0.0
COCO,153299,2,2,0,0,2,4,4,4,8,5,0,0,4,0.0584479780000037,0.0071916769999802,0.0,0.0071916769999802,0.0072916269999723,0.0657401189999973,Optimal,0,none,1.4176609309514363,0,5,100.0,100.0,100.0,2.0,2,0,0,1.0,1.0,1.0,0.9488826382422704,2,0,0,1.0,1.0,1.0,0.9488826382422704,2,0,0,1.0,1.0,1.0,0.9488826382422704,0,0,0,0.0,0.0,0.0,0,0,0,0.0,0.0,0.0
COCO,308394,4,4,0,0,4,22,8,22,30,17,0,0,8,0.0135175020000133,0.0079809579999619,0.0,0.0079809579999619,0.0081390860000283,0.0216571519999888,Optimal,0,none,3.3673338977495844,0,13,100.0,100.0,100.0,2.0,2,2,2,0.5,0.5,0.5,0.7329136725544038,2,2,2,0.5,0.5,0.5,0.7329136725544038,2,2,2,0.5,0.5,0.5,0.7329136725544038,0,0,0,0.0,0.0,0.0,0,0,0,0.0,0.0,0.0
COCO,456496,5,5,0,0,4,23,8,23,31,17,0,0,8,0.0137227320000192,0.0080706159999976,0.0,0.0080706159999976,0.0082255039999949,0.0219487990000288,Optimal,0,none,3.474457414993191,0,13,100.0,100.0,100.0,2.0,4,0,1,1.0,0.8,0.888888888888889,0.8763608343842586,4,0,1,1.0,0.8,0.888888888888889,0.8763608343842586,4,0,1,1.0,0.8,0.888888888888889,0.8763608343842586,0,0,0,0.0,0.0,0.0,0,0,0,0.0,0.0,0.0
COCO,58636,0,0,0,0,0,0,0,0,0,0,0,0,1,0.056704843000034,0.0050313379999806,0.0,0.0050313379999806,0.0050701910000157,0.0617753870000115,Optimal,0,none,,0,1,100.0,0.0,0.0,0.0,0,0,0,0.0,0.0,0.0,0.0,0,0,0,0.0,0.0,0.0,0.0,0,0,0,0.0,0.0,0.0,0.0,0,0,0,0.0,0.0,0.0,0,0,0,0.0,0.0,0.0
COCO,41888,3,3,0,0,4,24,8,24,32,17,0,0,8,0.0166450169999734,0.0076534460000061,0.0,0.0076534460000061,0.0078033290000121,0.024448747000008,Optimal,0,none,3.5362014267167847,0,13,100.0,100.0,100.0,2.0,3,1,0,0.75,1.0,0.8571428571428571,0.8432422714140281,3,1,0,0.75,1.0,0.8571428571428571,0.8432422714140281,3,1,0,0.75,1.0,0.8571428571428571,0.8432422714140281,0,0,0,0.0,0.0,0.0,0,0,0,0.0,0.0,0.0
COCO,184321,1,1,0,0,2,4,4,4,8,5,0,0,4,0.0139167599999723,0.0066513959999952,0.0,0.0066513959999952,0.0067499449999672,0.0206671289999462,Optimal,0,none,1.321432557900747,0,5,100.0,100.0,100.0,2.0,1,1,0,0.5,1.0,0.6666666666666666,0.8376666561543347,1,1,0,0.5,1.0,0.6666666666666666,0.8376666561543347,1,1,0,0.5,1.0,0.6666666666666666,0.8376666561543347,0,0,0,0.0,0.0,0.0,0,0,0,0.0,0.0,0.0
COCO,565778,7,7,0,0,6,62,12,62,74,37,0,0,12,0.0152216170000087,0.0091297039999744,0.0,0.0091297039999744,0.0093556029999604,0.0245776140000089,Optimal,0,none,4.765321777459583,0,19,100.0,100.0,100.0,2.0,2,4,5,0.3333333333333333,0.2857142857142857,0.3076923076923076,0.729957304856195,2,4,5,0.3333333333333333,0.2857142857142857,0.3076923076923076,0.729957304856195,2,4,5,0.3333333333333333,0.2857142857142857,0.3076923076923076,0.729957304856195,0,0,0,0.0,0.0,0.0,0,0,0,0.0,0.0,0.0
COCO,297343,1,1,0,0,1,0,2,0,2,1,0,0,2,0.0129140850000339,0.0068757060000166,0.0,0.0068757060000166,0.00694112299999,0.0198555490000558,Optimal,0,none,0.6271525780359903,0,2,100.0,100.0,100.0,2.0,1,0,0,1.0,1.0,1.0,0.9501271700910936,1,0,0,1.0,1.0,1.0,0.9501271700910936,1,0,0,1.0,1.0,1.0,0.9501271700910936,0,0,0,0.0,0.0,0.0,0,0,0,0.0,0.0,0.0
COCO,336587,2,2,0,0,1,0,2,0,2,1,0,0,2,0.0132620709999855,0.0061763059999861,0.0,0.0061763059999861,0.0062432060000219,0.0195057120000115,Optimal,0,none,0.6377704779307047,0,2,100.0,100.0,100.0,2.0,1,0,1,1.0,0.5,0.6666666666666666,0.934051405058407,1,0,1,1.0,0.5,0.6666666666666666,0.934051405058407,1,0,1,1.0,0.5,0.6666666666666666,0.934051405058407,0,0,0,0.0,0.0,0.0,0,0,0,0.0,0.0,0.0
COCO,122745,1,1,0,0,1,0,2,0,2,1,0,0,2,0.0117816890000312,0.0060194019999926,0.0,0.0060194019999926,0.006088247999969,0.0178704030000176,Optimal,0,none,0.6431759516398112,0,2,100.0,100.0,100.0,2.0,1,0,0,1.0,1.0,1.0,0.9355064658926155,1,0,0,1.0,1.0,1.0,0.9355064658926155,1,0,0,1.0,1.0,1.0,0.9355064658926155,0,0,0,0.0,0.0,0.0,0,0,0,0.0,0.0,0.0
COCO,219578,4,4,0,0,5,30,10,30,40,26,0,0,10,0.0149352120000116,0.0081297890000087,0.0,0.0081297890000087,0.0083010289999947,0.0232366939999906,Optimal,0,none,3.778792123031205,0,16,100.0,100.0,100.0,2.0,2,3,2,0.4,0.5,0.4444444444444445,0.6966718592030589,2,3,2,0.4,0.5,0.4444444444444445,0.6966718592030589,2,3,2,0.4,0.5,0.4444444444444445,0.6966718592030589,0,0,0,0.0,0.0,0.0,0,0,0,0.0,0.0,0.0
COCO,555705,2,2,0,0,2,2,4,2,6,5,0,0,4,0.0550029680000534,0.006562319000011,0.0,0.006562319000011,0.0066601400000081,0.0616635740000219,Optimal,0,none,1.4991598733266194,0,5,100.0,100.0,100.0,2.0,2,0,0,1.0,1.0,1.0,0.9626401196979626,2,0,0,1.0,1.0,1.0,0.9626401196979626,2,0,0,1.0,1.0,1.0,0.9626401196979626,0,0,0,0.0,0.0,0.0,0,0,0,0.0,0.0,0.0
COCO,443303,3,3,0,0,3,10,6,10,16,10,0,0,6,0.0145873680000363,0.0065185749999727,0.0,0.0065185749999727,0.0066431249999823,0.021230934000016,Optimal,0,none,2.494533546663379,0,10,100.0,100.0,100.0,2.0,2,1,1,0.6666666666666666,0.6666666666666666,0.6666666666666666,0.9661025522115054,2,1,1,0.6666666666666666,0.6666666666666666,0.6666666666666666,0.9661025522115054,2,1,1,0.6666666666666666,0.6666666666666666,0.6666666666666666,0.9661025522115054,0,0,0,0.0,0.0,0.0,0,0,0,0.0,0.0,0.0
COCO,500663,3,3,0,0,5,40,10,40,50,26,0,0,10,0.0128754830000161,0.0079797660000053,0.0,0.0079797660000053,0.008153625000034,0.021029666000004,Optimal,0,none,4.046127796967826,0,16,100.0,100.0,100.0,2.0,2,3,1,0.4,0.6666666666666666,0.5,0.8226944120386419,2,3,1,0.4,0.6666666666666666,0.5,0.8226944120386419,2,3,1,0.4,0.6666666666666666,0.5,0.8226944120386419,0,0,0,0.0,0.0,0.0,0,0,0,0.0,0.0,0.0
COCO,418281,2,2,0,0,2,2,4,2,6,5,0,0,4,0.0156509619999951,0.0064890869999771,0.0,0.0064890869999771,0.0066056489999937,0.0222569759999942,Optimal,0,none,1.4189747699101765,0,5,100.0,100.0,100.0,2.0,2,0,0,1.0,1.0,1.0,0.9271876557619712,2,0,0,1.0,1.0,1.0,0.9271876557619712,2,0,0,1.0,1.0,1.0,0.9271876557619712,0,0,0,0.0,0.0,0.0,0,0,0,0.0,0.0,0.0
COCO,25560,4,4,0,0,4,22,8,22,30,17,0,0,8,0.0134542960000203,0.0073499630000242,0.0,0.0073499630000242,0.0074945529999581,0.0209493030000089,Optimal,0,none,3.560311493078869,0,13,100.0,100.0,100.0,2.0,4,0,0,1.0,1.0,1.0,0.9373551420853694,4,0,0,1.0,1.0,1.0,0.9373551420853694,4,0,0,1.0,1.0,1.0,0.9373551420853694,0,0,0,0.0,0.0,0.0,0,0,0,0.0,0.0,0.0
COCO,403817,3,3,0,0,3,10,6,10,16,10,0,0,6,0.012431939999999,0.006551040999966,0.0,0.006551040999966,0.0066904459999932,0.0191227410000465,Optimal,0,none,2.313140842914581,0,10,100.0,100.0,100.0,2.0,1,2,2,0.3333333333333333,0.3333333333333333,0.3333333333333333,0.905142810112936,1,2,2,0.3333333333333333,0.3333333333333333,0.3333333333333333,0.905142810112936,1,2,2,0.3333333333333333,0.3333333333333333,0.3333333333333333,0.905142810112936,0,0,0,0.0,0.0,0.0,0,0,0,0.0,0.0,0.0
COCO,85329,2,2,0,0,2,5,4,5,9,5,0,0,4,0.0116041439999889,0.0062817650000397,0.0,0.0062817650000397,0.0063833149999936,0.0179879390000223,Optimal,0,none,1.3354805620511376,0,5,100.0,100.0,100.0,2.0,2,0,0,1.0,1.0,1.0,0.8781631361289199,2,0,0,1.0,1.0,1.0,0.8781631361289199,2,0,0,1.0,1.0,1.0,0.8781631361289199,0,0,0,0.0,0.0,0.0,0,0,0,0.0,0.0,0.0
COCO,329323,14,14,0,0,14,327,28,327,355,197,0,0,28,0.0170785880000039,0.0205645269999763,0.0,0.0205645269999763,0.0210841119999827,0.0381631910000237,Optimal,0,none,11.068013398633544,0,43,100.0,100.0,100.0,2.0,9,5,5,0.6428571428571429,0.6428571428571429,0.6428571428571429,0.7821009450737132,9,5,5,0.6428571428571429,0.6428571428571429,0.6428571428571429,0.7821009450737132,9,5,5,0.6428571428571429,0.6428571428571429,0.6428571428571429,0.7821009450737132,0,0,0,0.0,0.0,0.0,0,0,0,0.0,0.0,0.0
COCO,239274,14,14,0,0,9,138,18,138,156,82,0,0,18,0.0193827410000153,0.0117768359999672,0.0,0.0117768359999672,0.0123525320000226,0.0317359740000142,Optimal,0,none,6.873731297625851,0,28,100.0,100.0,100.0,2.0,7,2,7,0.7777777777777778,0.5,0.6086956521739131,0.7486403499161444,7,2,7,0.7777777777777778,0.5,0.6086956521739131,0.7486403499161444,7,2,7,0.7777777777777778,0.5,0.6086956521739131,0.7486403499161444,0,0,0,0.0,0.0,0.0,0,0,0,0.0,0.0,0.0
COCO,286994,9,9,0,0,8,106,16,106,122,65,0,0,16,0.0163520790000006,0.0111643760000106,0.0,0.0111643760000106,0.0114059679999627,0.0277584970000361,Optimal,0,none,7.016174465020501,0,25,100.0,100.0,100.0,2.0,8,0,1,1.0,0.8888888888888888,0.9411764705882352,0.903531045184606,8,0,1,1.0,0.8888888888888888,0.9411764705882352,0.903531045184606,8,0,1,1.0,0.8888888888888888,0.9411764705882352,0.903531045184606,0,0,0,0.0,0.0,0.0,0,0,0,0.0,0.0,0.0
COCO,511321,4,4,0,0,2,4,4,4,8,5,0,0,4,0.0146601110000119,0.0070042920000332,0.0,0.0070042920000332,0.0071125199999642,0.0217731550000053,Optimal,0,none,1.49132621606191,0,5,100.0,100.0,100.0,2.0,2,0,2,1.0,0.5,0.6666666666666666,0.904797679373954,2,0,2,1.0,0.5,0.6666666666666666,0.904797679373954,2,0,2,1.0,0.5,0.6666666666666666,0.904797679373954,0,0,0,0.0,0.0,0.0,0,0,0,0.0,0.0,0.0
COCO,314294,2,2,0,0,1,0,2,0,2,1,0,0,2,0.0142950940000332,0.0061576049999985,0.0,0.0061576049999985,0.0062246109999932,0.0205202150000332,Optimal,0,none,0.6317509333292644,0,2,100.0,100.0,100.0,2.0,1,0,1,1.0,0.5,0.6666666666666666,0.955023330992442,1,0,1,1.0,0.5,0.6666666666666666,0.955023330992442,1,0,1,1.0,0.5,0.6666666666666666,0.955023330992442,0,0,0,0.0,0.0,0.0,0,0,0,0.0,0.0,0.0
COCO,233771,17,17,0,0,13,279,26,279,305,170,0,0,26,0.0172945900000058,0.0171481759999778,0.0,0.0171481759999778,0.0176421439999785,0.0349371780000069,Optimal,0,none,10.75404127390712,0,40,100.0,100.0,100.0,2.0,10,3,7,0.7692307692307693,0.5882352941176471,0.6666666666666667,0.8174450370727137,10,3,7,0.7692307692307693,0.5882352941176471,0.6666666666666667,0.8174450370727137,10,3,7,0.7692307692307693,0.5882352941176471,0.6666666666666667,0.8174450370727137,0,0,0,0.0,0.0,0.0,0,0,0,0.0,0.0,0.0
COCO,475779,1,1,0,0,1,0,2,0,2,1,0,0,2,0.0166679829999907,0.0061940100000015,0.0,0.0061940100000015,0.0062620659999765,0.0229305199999885,Optimal,0,none,0.633105484644572,0,2,100.0,100.0,100.0,2.0,1,0,0,1.0,1.0,1.0,0.9785257647243346,1,0,0,1.0,1.0,1.0,0.9785257647243346,1,0,0,1.0,1.0,1.0,0.9785257647243346,0,0,0,0.0,0.0,0.0,0,0,0,0.0,0.0,0.0
COCO,301867,7,7,0,0,8,91,16,91,107,65,0,0,16,0.0150661129999889,0.0111263520000193,0.0,0.0111263520000193,0.0114059109999971,0.0264725769999927,Optimal,0,none,6.570626293651309,0,25,100.0,100.0,100.0,2.0,5,3,2,0.625,0.7142857142857143,0.6666666666666666,0.9144348199788158,5,3,2,0.625,0.7142857142857143,0.6666666666666666,0.9144348199788158,5,3,2,0.625,0.7142857142857143,0.6666666666666666,0.9144348199788158,0,0,0,0.0,0.0,0.0,0,0,0,0.0,0.0,0.0
COCO,312421,12,12,0,0,6,56,12,56,68,37,0,0,12,0.0154287310000427,0.0092762149999998,0.0,0.0092762149999998,0.0094888770000238,0.0249181700000349,Optimal,0,none,4.820227384702566,0,19,100.0,100.0,100.0,2.0,6,0,6,1.0,0.5,0.6666666666666666,0.8189945394528281,6,0,6,1.0,0.5,0.6666666666666666,0.8189945394528281,6,0,6,1.0,0.5,0.6666666666666666,0.8189945394528281,0,0,0,0.0,0.0,0.0,0,0,0,0.0,0.0,0.0
COCO,185250,5,5,0,0,5,40,10,40,50,26,0,0,10,0.0543594670000402,0.0083537570000089,0.0,0.0083537570000089,0.008555020000017,0.062914974000023,Optimal,0,none,4.287565458615623,0,16,100.0,100.0,100.0,2.0,4,1,1,0.8,0.8,0.8000000000000002,0.8601055273216794,4,1,1,0.8,0.8,0.8000000000000002,0.8601055273216794,4,1,1,0.8,0.8,0.8000000000000002,0.8601055273216794,0,0,0,0.0,0.0,0.0,0,0,0,0.0,0.0,0.0
COCO,356427,8,8,0,0,5,37,10,37,47,26,0,0,10,0.0143046129999788,0.0081108429999972,0.0,0.0081108429999972,0.0083021389999657,0.0226072389999671,Optimal,0,none,4.017825134818338,0,16,100.0,100.0,100.0,2.0,2,3,6,0.4,0.25,0.3076923076923077,0.8099377506462,2,3,6,0.4,0.25,0.3076923076923077,0.8099377506462,2,3,6,0.4,0.25,0.3076923076923077,0.8099377506462,0,0,0,0.0,0.0,0.0,0,0,0,0.0,0.0,0.0
COCO,572517,2,2,0,0,2,4,4,4,8,5,0,0,4,0.0139867059999687,0.0063581269999986,0.0,0.0063581269999986,0.0064672219999692,0.0204544079999777,Optimal,0,none,1.457701948483785,0,5,100.0,100.0,100.0,2.0,2,0,0,1.0,1.0,1.0,0.924342726378528,2,0,0,1.0,1.0,1.0,0.924342726378528,2,0,0,1.0,1.0,1.0,0.924342726378528,0,0,0,0.0,0.0,0.0,0,0,0,0.0,0.0,0.0
COCO,270244,1,1,0,0,1,0,2,0,2,1,0,0,2,0.0130259370000089,0.0068876990000035,0.0,0.0068876990000035,0.0069560869999918,0.0199825490000193,Optimal,0,none,0.6308644215265911,0,2,100.0,100.0,100.0,2.0,1,0,0,1.0,1.0,1.0,0.840795439708816,1,0,0,1.0,1.0,1.0,0.840795439708816,1,0,0,1.0,1.0,1.0,0.840795439708816,0,0,0,0.0,0.0,0.0,0,0,0,0.0,0.0,0.0
COCO,516316,11,11,0,0,2,2,4,2,6,5,0,0,4,0.017933285999959,0.0070506819999991,0.0,0.0070506819999991,0.0071560750000116,0.0250899419999655,Optimal,0,none,1.5535215266545612,0,5,100.0,100.0,100.0,2.0,2,0,9,1.0,0.1818181818181818,0.3076923076923077,0.9414513841583034,2,0,9,1.0,0.1818181818181818,0.3076923076923077,0.9414513841583034,2,0,9,1.0,0.1818181818181818,0.3076923076923077,0.9414513841583034,0,0,0,0.0,0.0,0.0,0,0,0,0.0,0.0,0.0
COCO,125211,1,1,0,0,3,12,6,12,18,10,0,0,6,0.0142651020000243,0.0064737190000414,0.0,0.0064737190000414,0.0065992969999797,0.0208649140000147,Optimal,0,none,2.3649517011642462,0,10,100.0,100.0,100.0,2.0,1,2,0,0.3333333333333333,1.0,0.5,0.963569132583068,1,2,0,0.3333333333333333,1.0,0.5,0.963569132583068,1,2,0,0.3333333333333333,1.0,0.5,0.963569132583068,0,0,0,0.0,0.0,0.0,0,0,0,0.0,0.0,0.0
COCO,562121,3,3,0,0,3,10,6,10,16,10,0,0,6,0.0140892510000298,0.006565490000014,0.0,0.006565490000014,0.0066942290000042,0.0207838750000064,Optimal,0,none,2.351312787532806,0,10,100.0,100.0,100.0,2.0,2,1,1,0.6666666666666666,0.6666666666666666,0.6666666666666666,0.7561501258585839,2,1,1,0.6666666666666666,0.6666666666666666,0.6666666666666666,0.7561501258585839,2,1,1,0.6666666666666666,0.6666666666666666,0.6666666666666666,0.7561501258585839,0,0,0,0.0,0.0,0.0,0,0,0,0.0,0.0,0.0
COCO,360661,7,7,0,0,9,129,18,129,147,82,0,0,18,0.0134744839999711,0.0118121409999503,0.0,0.0118121409999503,0.0121391460000381,0.0256141239999578,Optimal,0,none,7.685777737706435,0,28,100.0,100.0,100.0,2.0,7,2,0,0.7777777777777778,1.0,0.8750000000000001,0.9028823902591327,7,2,0,0.7777777777777778,1.0,0.8750000000000001,0.9028823902591327,7,2,0,0.7777777777777778,1.0,0.8750000000000001,0.9028823902591327,0,0,0,0.0,0.0,0.0,0,0,0,0.0,0.0,0.0
COCO,16228,21,21,0,0,14,322,28,322,350,197,0,0,28,0.0162416719999782,0.0188720479999915,0.0,0.0188720479999915,0.0194245229999978,0.0356668740000145,Optimal,0,none,10.767858353235804,0,43,100.0,100.0,100.0,2.0,10,4,11,0.7142857142857143,0.4761904761904761,0.5714285714285714,0.7741838276736939,10,4,11,0.7142857142857143,0.4761904761904761,0.5714285714285714,0.7741838276736939,10,4,11,0.7142857142857143,0.4761904761904761,0.5714285714285714,0.7741838276736939,0,0,0,0.0,0.0,0.0,0,0,0,0.0,0.0,0.0
COCO,382088,1,1,0,0,1,0,2,0,2,1,0,0,2,0.0128040729999838,0.0063921730000515,0.0,0.0063921730000515,0.0064607879999698,0.0192655700000159,Optimal,0,none,0.6244161049524943,0,2,100.0,100.0,100.0,2.0,1,0,0,1.0,1.0,1.0,0.9699513852195896,1,0,0,1.0,1.0,1.0,0.9699513852195896,1,0,0,1.0,1.0,1.0,0.9699513852195896,0,0,0,0.0,0.0,0.0,0,0,0,0.0,0.0,0.0
COCO,266409,2,2,0,0,2,2,4,2,6,5,0,0,4,0.0143802530000129,0.0067613070000334,0.0,0.0067613070000334,0.006859329000008,0.0212400720000118,Optimal,0,none,1.3411657842000326,0,5,100.0,100.0,100.0,2.0,2,0,0,1.0,1.0,1.0,0.7810603235767277,2,0,0,1.0,1.0,1.0,0.7810603235767277,2,0,0,1.0,1.0,1.0,0.7810603235767277,0,0,0,0.0,0.0,0.0,0,0,0,0.0,0.0,0.0
COCO,430961,4,4,0,0,5,40,10,40,50,26,0,0,10,0.0121503579999853,0.0078741969999782,0.0,0.0078741969999782,0.008054689000005,0.0202055390000168,Optimal,0,none,3.9764236291249606,0,16,100.0,100.0,100.0,2.0,3,2,1,0.6,0.75,0.6666666666666665,0.7883610212908617,3,2,1,0.6,0.75,0.6666666666666665,0.7883610212908617,3,2,1,0.6,0.75,0.6666666666666665,0.7883610212908617,0,0,0,0.0,0.0,0.0,0,0,0,0.0,0.0,0.0
COCO,80671,2,2,0,0,2,5,4,5,9,5,0,0,4,0.0137776590000271,0.0071911079999722,0.0,0.0071911079999722,0.00729381900004,0.0210720130000368,Optimal,0,none,1.3872120598958086,0,5,100.0,100.0,100.0,2.0,1,1,1,0.5,0.5,0.5,0.9670299623169736,1,1,1,0.5,0.5,0.5,0.9670299623169736,1,1,1,0.5,0.5,0.5,0.9670299623169736,0,0,0,0.0,0.0,0.0,0,0,0,0.0,0.0,0.0
COCO,577539,5,5,0,0,3,11,6,11,17,10,0,0,6,0.0142642499999965,0.0073125730000356,0.0,0.0073125730000356,0.0075142759999948,0.021779145000039,Optimal,0,none,2.3271621799469,0,10,100.0,100.0,100.0,2.0,1,2,4,0.3333333333333333,0.2,0.25,0.7554319873298312,1,2,4,0.3333333333333333,0.2,0.25,0.7554319873298312,1,2,4,0.3333333333333333,0.2,0.25,0.7554319873298312,0,0,0,0.0,0.0,0.0,0,0,0,0.0,0.0,0.0
COCO,104612,12,12,0,0,9,146,18,146,164,82,0,0,18,0.0153492160000041,0.0123864299999922,0.0,0.0123864299999922,0.0127330349999965,0.0280827660000113,Optimal,0,none,6.58403827428818,0,28,100.0,100.0,100.0,2.0,1,8,11,0.1111111111111111,0.0833333333333333,0.0952380952380952,0.6917891383749859,1,8,11,0.1111111111111111,0.0833333333333333,0.0952380952380952,0.6917891383749859,1,8,11,0.1111111111111111,0.0833333333333333,0.0952380952380952,0.6917891383749859,0,0,0,0.0,0.0,0.0,0,0,0,0.0,0.0,0.0
COCO,476258,2,2,0,0,2,2,4,2,6,5,0,0,4,0.0139248480000446,0.0066241920000038,0.0,0.0066241920000038,0.0067605379999804,0.0206859300000132,Optimal,0,none,1.5752455743153893,0,5,100.0,100.0,100.0,2.0,2,0,0,1.0,1.0,1.0,0.9719793232564456,2,0,0,1.0,1.0,1.0,0.9719793232564456,2,0,0,1.0,1.0,1.0,0.9719793232564456,0,0,0,0.0,0.0,0.0,0,0,0,0.0,0.0,0.0
COCO,448365,3,3,0,0,5,38,10,38,48,26,0,0,10,0.0157883530000049,0.0103092809999907,0.0,0.0103092809999907,0.0105326890000014,0.0263216449999958,Optimal,0,none,4.097281683043974,0,16,100.0,100.0,100.0,2.0,2,3,1,0.4,0.6666666666666666,0.5,0.9803119556281849,2,3,1,0.4,0.6666666666666666,0.5,0.9803119556281849,2,3,1,0.4,0.6666666666666666,0.5,0.9803119556281849,0,0,0,0.0,0.0,0.0,0,0,0,0.0,0.0,0.0
COCO,35197,3,3,0,0,4,24,8,24,32,17,0,0,8,0.0141056590000516,0.0074565230000303,0.0,0.0074565230000303,0.0076009290000342,0.0217069939999987,Optimal,0,none,3.3692140390874883,0,13,100.0,100.0,100.0,2.0,3,1,0,0.75,1.0,0.8571428571428571,0.8501119347283214,3,1,0,0.75,1.0,0.8571428571428571,0.8501119347283214,3,1,0,0.75,1.0,0.8571428571428571,0.8501119347283214,0,0,0,0.0,0.0,0.0,0,0,0,0.0,0.0,0.0
COCO,349860,8,8,0,0,6,59,12,59,71,37,0,0,12,0.021072332000017,0.0127265149999971,0.0,0.0127265149999971,0.013175719000003,0.0342490490000386,Optimal,0,none,5.021963761231294,0,19,100.0,100.0,100.0,2.0,5,1,3,0.8333333333333334,0.625,0.7142857142857143,0.8328911358115139,5,1,3,0.8333333333333334,0.625,0.7142857142857143,0.8328911358115139,5,1,3,0.8333333333333334,0.625,0.7142857142857143,0.8328911358115139,0,0,0,0.0,0.0,0.0,0,0,0,0.0,0.0,0.0
COCO,180135,2,2,0,0,3,6,6,6,12,10,0,0,6,0.0143542960000218,0.0069690400000013,0.0,0.0069690400000013,0.0071007549999535,0.021455622000019,Optimal,0,none,2.442384905815125,0,10,100.0,100.0,100.0,2.0,2,1,0,0.6666666666666666,1.0,0.8,0.859106905817538,2,1,0,0.6666666666666666,1.0,0.8,0.859106905817538,2,1,0,0.6666666666666666,1.0,0.8,0.859106905817538,0,0,0,0.0,0.0,0.0,0,0,0,0.0,0.0,0.0
COCO,486438,9,9,0,0,9,136,18,136,154,82,0,0,18,0.0159014339999998,0.0128213059999779,0.0,0.0128213059999779,0.0132449550000046,0.0291469430000006,Optimal,0,none,8.1662691773041,0,28,100.0,100.0,100.0,2.0,8,1,1,0.8888888888888888,0.8888888888888888,0.8888888888888888,0.9179751336663114,8,1,1,0.8888888888888888,0.8888888888888888,0.8888888888888888,0.9179751336663114,8,1,1,0.8888888888888888,0.8888888888888888,0.8888888888888888,0.9179751336663114,0,0,0,0.0,0.0,0.0,0,0,0,0.0,0.0,0.0
COCO,400573,5,5,0,0,3,12,6,12,18,10,0,0,6,0.0154151009999736,0.0070601680000095,0.0,0.0070601680000095,0.0071989399999665,0.0226145510000037,Optimal,0,none,2.548252449035645,0,10,100.0,100.0,100.0,2.0,2,1,3,0.6666666666666666,0.4,0.5,0.9757622704224952,2,1,3,0.6666666666666666,0.4,0.5,0.9757622704224952,2,1,3,0.6666666666666666,0.4,0.5,0.9757622704224952,0,0,0,0.0,0.0,0.0,0,0,0,0.0,0.0,0.0
COCO,109798,4,4,0,0,4,21,8,21,29,17,0,0,8,0.0149496619999922,0.0078860479999889,0.0,0.0078860479999889,0.008062499999994,0.0230126650000102,Optimal,0,none,3.662093499117686,0,13,100.0,100.0,100.0,2.0,3,1,1,0.75,0.75,0.75,0.9432513024400418,3,1,1,0.75,0.75,0.75,0.9432513024400418,3,1,1,0.75,0.75,0.75,0.9432513024400418,0,0,0,0.0,0.0,0.0,0,0,0,0.0,0.0,0.0
COCO,370677,16,16,0,0,18,612,36,612,648,325,0,0,36,0.0165652439999917,0.0308556319999979,0.0,0.0308556319999979,0.0317142309999667,0.0482799509999836,Optimal,0,none,14.330208261189371,0,55,100.0,100.0,100.0,2.0,7,11,9,0.3888888888888889,0.4375,0.411764705882353,0.9057104317179973,7,11,9,0.3888888888888889,0.4375,0.411764705882353,0.9057104317179973,7,11,9,0.3888888888888889,0.4375,0.411764705882353,0.9057104317179973,0,0,0,0.0,0.0,0.0,0,0,0,0.0,0.0,0.0
COCO,238866,12,12,0,0,30,1685,60,1685,1745,901,0,0,60,0.0205957559999774,0.0790724149999846,0.0,0.0790724149999846,0.0810022680000202,0.1015988799999831,Optimal,0,none,26.30843311763449,0,91,100.0,100.0,100.0,2.0,12,18,0,0.4,1.0,0.5714285714285715,0.9107780305779366,12,18,0,0.4,1.0,0.5714285714285715,0.9107780305779366,12,18,0,0.4,1.0,0.5714285714285715,0.9107780305779366,0,0,0,0.0,0.0,0.0,0,0,0,0.0,0.0,0.0
COCO,369370,7,7,0,0,5,40,10,40,50,26,0,0,10,0.0149223150000352,0.0090809319999607,0.0,0.0090809319999607,0.0092662039999709,0.0241889889999811,Optimal,0,none,4.072922168084817,0,16,100.0,100.0,100.0,2.0,4,1,3,0.8,0.5714285714285714,0.6666666666666666,0.8546483116348288,4,1,3,0.8,0.5714285714285714,0.6666666666666666,0.8546483116348288,4,1,3,0.8,0.5714285714285714,0.6666666666666666,0.8546483116348288,0,0,0,0.0,0.0,0.0,0,0,0,0.0,0.0,0.0
COCO,502737,4,4,0,0,7,76,14,76,90,50,0,0,14,0.015334058999997,0.010888231000024,0.0,0.010888231000024,0.0111414280000303,0.0264760480000063,Optimal,0,none,5.234530965487164,0,22,100.0,100.0,100.0,2.0,3,4,1,0.4285714285714285,0.75,0.5454545454545454,0.8566480928121809,3,4,1,0.4285714285714285,0.75,0.5454545454545454,0.8566480928121809,3,4,1,0.4285714285714285,0.75,0.5454545454545454,0.8566480928121809,0,0,0,0.0,0.0,0.0,0,0,0,0.0,0.0,0.0
COCO,515579,7,7,0,0,2,4,4,4,8,5,0,0,4,0.0140342140000484,0.00673003899999,0.0,0.00673003899999,0.0068539520000285,0.0208886920000281,Optimal,0,none,1.4747676165898644,0,5,100.0,100.0,100.0,2.0,2,0,5,1.0,0.2857142857142857,0.4444444444444445,0.783969353238491,2,0,5,1.0,0.2857142857142857,0.4444444444444445,0.783969353238491,2,0,5,1.0,0.2857142857142857,0.4444444444444445,0.783969353238491,0,0,0,0.0,0.0,0.0,0,0,0,0.0,0.0,0.0
COCO,515445,7,7,0,0,8,74,16,74,90,65,0,0,16,0.0149557589999744,0.0107506300000181,0.0,0.0107506300000181,0.011079527999982,0.0260358509999605,Optimal,0,none,6.700858277339621,0,25,100.0,100.0,100.0,2.0,5,3,2,0.625,0.7142857142857143,0.6666666666666666,0.7938453662874281,5,3,2,0.625,0.7142857142857143,0.6666666666666666,0.7938453662874281,5,3,2,0.625,0.7142857142857143,0.6666666666666666,0.7938453662874281,0,0,0,0.0,0.0,0.0,0,0,0,0.0,0.0,0.0
COCO,173383,4,4,0,0,3,12,6,12,18,10,0,0,6,0.0150631480000242,0.0072439449999706,0.0,0.0072439449999706,0.0073849340000151,0.0224485119999826,Optimal,0,none,2.245626947879792,0,10,100.0,100.0,100.0,2.0,1,2,3,0.3333333333333333,0.25,0.2857142857142857,0.9149517560863218,1,2,3,0.3333333333333333,0.25,0.2857142857142857,0.9149517560863218,1,2,3,0.3333333333333333,0.25,0.2857142857142857,0.9149517560863218,0,0,0,0.0,0.0,0.0,0,0,0,0.0,0.0,0.0
COCO,438862,10,10,0,0,6,51,12,51,63,37,0,0,12,0.0145939000000225,0.0091856230000075,0.0,0.0091856230000075,0.0094019850000108,0.0239963149999766,Optimal,0,none,5.493594141006471,0,19,100.0,100.0,100.0,2.0,6,0,4,1.0,0.6,0.7499999999999999,0.9175329006299648,6,0,4,1.0,0.6,0.7499999999999999,0.9175329006299648,6,0,4,1.0,0.6,0.7499999999999999,0.9175329006299648,0,0,0,0.0,0.0,0.0,0,0,0,0.0,0.0,0.0
COCO,180560,3,3,0,0,4,26,8,26,34,17,0,0,8,0.0135507859999961,0.0080678840000132,0.0,0.0080678840000132,0.0082215489999839,0.0217726909999669,Optimal,0,none,3.479647394816082,0,13,100.0,100.0,100.0,2.0,2,2,1,0.5,0.6666666666666666,0.5714285714285715,0.9246567324938604,2,2,1,0.5,0.6666666666666666,0.5714285714285715,0.9246567324938604,2,2,1,0.5,0.6666666666666666,0.5714285714285715,0.9246567324938604,0,0,0,0.0,0.0,0.0,0,0,0,0.0,0.0,0.0
COCO,347693,2,2,0,0,1,0,2,0,2,1,0,0,2,0.0133239639999942,0.0068372529999578,0.0,0.0068372529999578,0.0069279630000096,0.0202524679999669,Optimal,0,none,0.4791198412577311,0,2,100.0,100.0,100.0,2.0,0,1,2,0.0,0.0,0.0,0.0,0,1,2,0.0,0.0,0.0,0.0,0,1,2,0.0,0.0,0.0,0.0,0,0,0,0.0,0.0,0.0,0,0,0,0.0,0.0,0.0
COCO,39956,2,2,0,0,7,84,14,84,98,50,0,0,14,0.0129518660000371,0.0100653380000039,0.0,0.0100653380000039,0.010341660999984,0.0232940710000093,Optimal,0,none,5.290322021017573,0,22,100.0,100.0,100.0,2.0,2,5,0,0.2857142857142857,1.0,0.4444444444444445,0.7466599717576614,2,5,0,0.2857142857142857,1.0,0.4444444444444445,0.7466599717576614,2,5,0,0.2857142857142857,1.0,0.4444444444444445,0.7466599717576614,0,0,0,0.0,0.0,0.0,0,0,0,0.0,0.0,0.0
COCO,321214,3,3,0,0,2,4,4,4,8,5,0,0,4,0.0140465609999864,0.0065657289999876,0.0,0.0065657289999876,0.006684559000007,0.0207315129999869,Optimal,0,none,1.4393056186040245,0,5,100.0,100.0,100.0,2.0,2,0,1,1.0,0.6666666666666666,0.8,0.9113459526438414,2,0,1,1.0,0.6666666666666666,0.8,0.9113459526438414,2,0,1,1.0,0.6666666666666666,0.8,0.9113459526438414,0,0,0,0.0,0.0,0.0,0,0,0,0.0,0.0,0.0
COCO,474028,15,15,0,0,14,287,28,287,315,197,0,0,28,0.0176607900000362,0.0194663379999724,0.0,0.0194663379999724,0.0200073579999866,0.0376687220000349,Optimal,0,none,11.97839400570004,0,43,100.0,100.0,100.0,2.0,13,1,2,0.9285714285714286,0.8666666666666667,0.896551724137931,0.8798568280229836,13,1,2,0.9285714285714286,0.8666666666666667,0.896551724137931,0.8798568280229836,13,1,2,0.9285714285714286,0.8666666666666667,0.896551724137931,0.8798568280229836,0,0,0,0.0,0.0,0.0,0,0,0,0.0,0.0,0.0
COCO,66523,1,1,0,0,1,0,2,0,2,1,0,0,2,0.0141027000000235,0.0068107350000445,0.0,0.0068107350000445,0.0068804100000079,0.0209836610000024,Optimal,0,none,0.6084539333979289,0,2,100.0,100.0,100.0,2.0,1,0,0,1.0,1.0,1.0,0.8785116209525657,1,0,0,1.0,1.0,1.0,0.8785116209525657,1,0,0,1.0,1.0,1.0,0.8785116209525657,0,0,0,0.0,0.0,0.0,0,0,0,0.0,0.0,0.0
COCO,355257,3,3,0,0,2,4,4,4,8,5,0,0,4,0.01492119400001,0.006713368000021,0.0,0.006713368000021,0.0068239209999774,0.0217458399999941,Optimal,0,none,1.2900133641560876,0,5,100.0,100.0,100.0,2.0,0,2,3,0.0,0.0,0.0,0.6923862629634103,0,2,3,0.0,0.0,0.0,0.6923862629634103,0,2,3,0.0,0.0,0.0,0.6923862629634103,0,0,0,0.0,0.0,0.0,0,0,0,0.0,0.0,0.0
COCO,142092,1,1,0,0,1,0,2,0,2,1,0,0,2,0.0140466770000102,0.0067103320000114,0.0,0.0067103320000114,0.0067771749999678,0.0208242660000337,Optimal,0,none,0.6015952269236247,0,2,100.0,100.0,100.0,2.0,1,0,0,1.0,1.0,1.0,0.9551595124292064,1,0,0,1.0,1.0,1.0,0.9551595124292064,1,0,0,1.0,1.0,1.0,0.9551595124292064,0,0,0,0.0,0.0,0.0,0,0,0,0.0,0.0,0.0
COCO,63154,2,2,0,0,4,25,8,25,33,17,0,0,8,0.0149310090000085,0.0079604119999885,0.0,0.0079604119999885,0.0081072930000232,0.0230387259999815,Optimal,0,none,3.0467217984480124,0,13,100.0,100.0,100.0,2.0,2,2,0,0.5,1.0,0.6666666666666666,0.6822770266517785,2,2,0,0.5,1.0,0.6666666666666666,0.6822770266517785,2,2,0,0.5,1.0,0.6666666666666666,0.6822770266517785,0,0,0,0.0,0.0,0.0,0,0,0,0.0,0.0,0.0
COCO,199551,2,2,0,0,2,3,4,3,7,5,0,0,4,0.0128304050000451,0.0065016849999892,0.0,0.0065016849999892,0.0065984250000497,0.019429308000042,Optimal,0,none,1.3904587872823078,0,5,100.0,100.0,100.0,2.0,2,0,0,1.0,1.0,1.0,0.7729388578113188,2,0,0,1.0,1.0,1.0,0.7729388578113188,2,0,0,1.0,1.0,1.0,0.7729388578113188,0,0,0,0.0,0.0,0.0,0,0,0,0.0,0.0,0.0
COCO,239347,4,4,0,0,2,3,4,3,7,5,0,0,4,0.0136250869999798,0.0062228060000393,0.0,0.0062228060000393,0.0063507710000294,0.0199763209999446,Optimal,0,none,1.226301661332449,0,5,100.0,100.0,100.0,2.0,0,2,4,0.0,0.0,0.0,0.0,0,2,4,0.0,0.0,0.0,0.0,0,2,4,0.0,0.0,0.0,0.0,0,0,0,0.0,0.0,0.0,0,0,0,0.0,0.0,0.0
COCO,514508,5,5,0,0,5,33,10,33,43,26,0,0,10,0.0135486030000038,0.0079253370000174,0.0,0.0079253370000174,0.0080928949999474,0.0216419629999791,Optimal,0,none,4.193400255044303,0,16,100.0,100.0,100.0,2.0,4,1,1,0.8,0.8,0.8000000000000002,0.8906448799261273,4,1,1,0.8,0.8,0.8000000000000002,0.8906448799261273,4,1,1,0.8,0.8,0.8000000000000002,0.8906448799261273,0,0,0,0.0,0.0,0.0,0,0,0,0.0,0.0,0.0
COCO,473237,3,3,0,0,2,6,4,6,10,5,0,0,4,0.0126130319999901,0.0059708469999577,0.0,0.0059708469999577,0.0060666120000405,0.0186801140000056,Optimal,0,none,1.507741359074911,0,5,100.0,100.0,100.0,2.0,2,0,1,1.0,0.6666666666666666,0.8,0.9471893976728668,2,0,1,1.0,0.6666666666666666,0.8,0.9471893976728668,2,0,1,1.0,0.6666666666666666,0.8,0.9471893976728668,0,0,0,0.0,0.0,0.0,0,0,0,0.0,0.0,0.0
COCO,228144,4,4,0,0,3,10,6,10,16,10,0,0,6,0.0115736380000157,0.0061674460000062,0.0,0.0061674460000062,0.0062869480000244,0.0178609270000151,Optimal,0,none,2.441006643772125,0,10,100.0,100.0,100.0,2.0,1,2,3,0.3333333333333333,0.25,0.2857142857142857,0.973989694078298,1,2,3,0.3333333333333333,0.25,0.2857142857142857,0.973989694078298,1,2,3,0.3333333333333333,0.25,0.2857142857142857,0.973989694078298,0,0,0,0.0,0.0,0.0,0,0,0,0.0,0.0,0.0
COCO,206027,6,6,0,0,6,49,12,49,61,37,0,0,12,0.0144242570000301,0.008455390999984,0.0,0.008455390999984,0.0086434209999879,0.0230681220000406,Optimal,0,none,5.0703329349178405,0,19,100.0,100.0,100.0,2.0,3,3,3,0.5,0.5,0.5,0.9307191306448191,3,3,3,0.5,0.5,0.5,0.9307191306448191,3,3,3,0.5,0.5,0.5,0.9307191306448191,0,0,0,0.0,0.0,0.0,0,0,0,0.0,0.0,0.0
COCO,78915,12,12,0,0,17,501,34,501,535,290,0,0,34,0.055551132000005,0.0241739420000044,0.0,0.0241739420000044,0.0247847999999635,0.0803363840000201,Optimal,0,none,13.633683885099378,0,52,100.0,100.0,100.0,2.0,10,7,2,0.5882352941176471,0.8333333333333334,0.6896551724137931,0.8138860551421191,10,7,2,0.5882352941176471,0.8333333333333334,0.6896551724137931,0.8138860551421191,10,7,2,0.5882352941176471,0.8333333333333334,0.6896551724137931,0.8138860551421191,0,0,0,0.0,0.0,0.0,0,0,0,0.0,0.0,0.0
COCO,551215,2,2,0,0,1,0,2,0,2,1,0,0,2,0.0152102280000008,0.0062398730000268,0.0,0.0062398730000268,0.0063090270000429,0.0215198820000068,Optimal,0,none,0.6119760672251384,0,2,100.0,100.0,100.0,2.0,1,0,1,1.0,0.5,0.6666666666666666,0.962801332902072,1,0,1,1.0,0.5,0.6666666666666666,0.962801332902072,1,0,1,1.0,0.5,0.6666666666666666,0.962801332902072,0,0,0,0.0,0.0,0.0,0,0,0,0.0,0.0,0.0
COCO,544519,2,2,0,0,4,28,8,28,36,17,0,0,8,0.0139442569999914,0.0077134119999868,0.0,0.0077134119999868,0.007866631000013,0.0218113050000283,Optimal,0,none,3.2761344877878837,0,13,100.0,100.0,100.0,2.0,2,2,0,0.5,1.0,0.6666666666666666,0.8814649871980861,2,2,0,0.5,1.0,0.6666666666666666,0.8814649871980861,2,2,0,0.5,1.0,0.6666666666666666,0.8814649871980861,0,0,0,0.0,0.0,0.0,0,0,0,0.0,0.0,0.0
COCO,96493,3,3,0,0,3,9,6,9,15,10,0,0,6,0.013528473000008,0.0067108089999692,0.0,0.0067108089999692,0.0068354910000039,0.0203644160000067,Optimal,0,none,2.563533673286438,0,10,100.0,100.0,100.0,2.0,1,2,2,0.3333333333333333,0.3333333333333333,0.3333333333333333,0.8816909517133402,1,2,2,0.3333333333333333,0.3333333333333333,0.3333333333333333,0.8816909517133402,1,2,2,0.3333333333333333,0.3333333333333333,0.3333333333333333,0.8816909517133402,0,0,0,0.0,0.0,0.0,0,0,0,0.0,0.0,0.0
COCO,23899,9,9,0,0,5,36,10,36,46,26,0,0,10,0.0131710449999786,0.0090210600000091,0.0,0.0090210600000091,0.009199389999992,0.0223709129999747,Optimal,0,none,4.078636442190335,0,16,100.0,100.0,100.0,2.0,2,3,7,0.4,0.2222222222222222,0.2857142857142857,0.6546844932699376,2,3,7,0.4,0.2222222222222222,0.2857142857142857,0.6546844932699376,2,3,7,0.4,0.2222222222222222,0.2857142857142857,0.6546844932699376,0,0,0,0.0,0.0,0.0,0,0,0,0.0,0.0,0.0
COCO,340175,29,29,0,0,6,60,12,60,72,37,0,0,12,0.0144417980000071,0.0089923659999726,0.0,0.0089923659999726,0.0092154700000151,0.0236578800000302,Optimal,0,none,4.8587615485777,0,19,100.0,100.0,100.0,2.0,5,1,24,0.8333333333333334,0.1724137931034483,0.2857142857142857,0.841383098291866,5,1,24,0.8333333333333334,0.1724137931034483,0.2857142857142857,0.841383098291866,5,1,24,0.8333333333333334,0.1724137931034483,0.2857142857142857,0.841383098291866,0,0,0,0.0,0.0,0.0,0,0,0,0.0,0.0,0.0
COCO,578500,14,14,0,0,12,247,24,247,271,145,0,0,24,0.0529078680000338,0.0159567140000262,0.0,0.0159567140000262,0.0164072059999966,0.0693157570000266,Optimal,0,none,9.19784922564756,0,37,100.0,100.0,100.0,2.0,5,7,9,0.4166666666666667,0.3571428571428571,0.3846153846153846,0.8384397394512377,5,7,9,0.4166666666666667,0.3571428571428571,0.3846153846153846,0.8384397394512377,5,7,9,0.4166666666666667,0.3571428571428571,0.3846153846153846,0.8384397394512377,0,0,0,0.0,0.0,0.0,0,0,0,0.0,0.0,0.0
COCO,366141,4,4,0,0,6,57,12,57,69,37,0,0,12,0.0133051590000263,0.0088879599999813,0.0,0.0088879599999813,0.0091784670000265,0.022484051000049,Optimal,0,none,4.694483828544618,0,19,100.0,100.0,100.0,2.0,3,3,1,0.5,0.75,0.6,0.9002528195582031,3,3,1,0.5,0.75,0.6,0.9002528195582031,3,3,1,0.5,0.75,0.6,0.9002528195582031,0,0,0,0.0,0.0,0.0,0,0,0,0.0,0.0,0.0
COCO,57597,33,33,0,0,22,884,44,884,928,485,0,0,44,0.018307400000026,0.0405184759999883,0.0,0.0405184759999883,0.0415495320000331,0.0598574869999879,Optimal,0,none,16.89726004294611,0,67,100.0,100.0,100.0,2.0,9,13,24,0.4090909090909091,0.2727272727272727,0.3272727272727272,0.7967535235225243,9,13,24,0.4090909090909091,0.2727272727272727,0.3272727272727272,0.7967535235225243,9,13,24,0.4090909090909091,0.2727272727272727,0.3272727272727272,0.7967535235225243,0,0,0,0.0,0.0,0.0,0,0,0,0.0,0.0,0.0
COCO,559842,18,18,0,0,18,506,36,506,542,325,0,0,36,0.0174702290000254,0.0260438730000487,0.0,0.0260438730000487,0.0268211629999655,0.0442919330000108,Optimal,0,none,15.531711472238973,0,55,100.0,100.0,100.0,2.0,13,5,5,0.7222222222222222,0.7222222222222222,0.7222222222222222,0.9029307827833748,13,5,5,0.7222222222222222,0.7222222222222222,0.7222222222222222,0.9029307827833748,13,5,5,0.7222222222222222,0.7222222222222222,0.7222222222222222,0.9029307827833748,0,0,0,0.0,0.0,0.0,0,0,0,0.0,0.0,0.0
COCO,434230,21,21,0,0,20,680,40,680,720,401,0,0,40,0.017389425000033,0.0341121490000091,0.0,0.0341121490000091,0.0349651390000076,0.0523551269999984,Optimal,0,none,15.95658042030356,0,61,100.0,100.0,100.0,2.0,6,14,15,0.3,0.2857142857142857,0.2926829268292683,0.8120630893933579,6,14,15,0.3,0.2857142857142857,0.2926829268292683,0.8120630893933579,6,14,15,0.3,0.2857142857142857,0.2926829268292683,0.8120630893933579,0,0,0,0.0,0.0,0.0,0,0,0,0.0,0.0,0.0
COCO,428454,5,5,0,0,4,26,8,26,34,17,0,0,8,0.0139443709999795,0.0073855140000205,0.0,0.0073855140000205,0.0075295379999715,0.021474401999967,Optimal,0,none,3.433346451918285,0,13,100.0,100.0,100.0,2.0,2,2,3,0.5,0.4,0.4444444444444445,0.8460609578628362,2,2,3,0.5,0.4,0.4444444444444445,0.8460609578628362,2,2,3,0.5,0.4,0.4444444444444445,0.8460609578628362,0,0,0,0.0,0.0,0.0,0,0,0,0.0,0.0,0.0
COCO,399462,4,4,0,0,4,20,8,20,28,17,0,0,8,0.0133635469999831,0.0074387509999951,0.0,0.0074387509999951,0.0076004249999641,0.0209644070000081,Optimal,0,none,3.763455197016399,0,13,100.0,100.0,100.0,2.0,4,0,0,1.0,1.0,1.0,0.9240872712801887,4,0,0,1.0,1.0,1.0,0.9240872712801887,4,0,0,1.0,1.0,1.0,0.9240872712801887,0,0,0,0.0,0.0,0.0,0,0,0,0.0,0.0,0.0
COCO,261061,5,5,0,0,2,4,4,4,8,5,0,0,4,0.0134415019999778,0.0067327730000101,0.0,0.0067327730000101,0.006831419999969,0.020273397999972,Optimal,0,none,1.5024348529179892,0,5,100.0,100.0,100.0,2.0,1,1,4,0.5,0.2,0.2857142857142857,0.9150726697509513,1,1,4,0.5,0.2,0.2857142857142857,0.9150726697509513,1,1,4,0.5,0.2,0.2857142857142857,0.9150726697509513,0,0,0,0.0,0.0,0.0,0,0,0,0.0,0.0,0.0
COCO,168330,7,7,0,0,5,40,10,40,50,26,0,0,10,0.0127640339999857,0.0079736499999967,0.0,0.0079736499999967,0.008143662000009,0.0209081369999921,Optimal,0,none,4.169969697793326,0,16,100.0,100.0,100.0,2.0,4,1,3,0.8,0.5714285714285714,0.6666666666666666,0.8105873746987209,4,1,3,0.8,0.5714285714285714,0.6666666666666666,0.8105873746987209,4,1,3,0.8,0.5714285714285714,0.6666666666666666,0.8105873746987209,0,0,0,0.0,0.0,0.0,0,0,0,0.0,0.0,0.0
COCO,383384,12,12,0,0,6,54,12,54,66,37,0,0,12,0.0147689789999958,0.0082707660000096,0.0,0.0082707660000096,0.008470677000048,0.0232401179999897,Optimal,0,none,5.345673401355745,0,19,100.0,100.0,100.0,2.0,5,1,7,0.8333333333333334,0.4166666666666667,0.5555555555555556,0.9283994286995034,5,1,7,0.8333333333333334,0.4166666666666667,0.5555555555555556,0.9283994286995034,5,1,7,0.8333333333333334,0.4166666666666667,0.5555555555555556,0.9283994286995034,0,0,0,0.0,0.0,0.0,0,0,0,0.0,0.0,0.0
COCO,342006,4,4,0,0,3,12,6,12,18,10,0,0,6,0.0137647089999859,0.0071324950000075,0.0,0.0071324950000075,0.0072634779999702,0.0210286839999866,Optimal,0,none,2.5537247037887583,0,10,100.0,100.0,100.0,2.0,2,1,2,0.6666666666666666,0.5,0.5714285714285715,0.8480281867912208,2,1,2,0.6666666666666666,0.5,0.5714285714285715,0.8480281867912208,2,1,2,0.6666666666666666,0.5,0.5714285714285715,0.8480281867912208,0,0,0,0.0,0.0,0.0,0,0,0,0.0,0.0,0.0
COCO,217285,25,25,0,0,14,333,28,333,361,197,0,0,28,0.0170581909999896,0.0176265110000031,0.0,0.0176265110000031,0.0181313510000222,0.0351900539999974,Optimal,0,none,11.004278970559442,0,43,100.0,100.0,100.0,2.0,7,7,18,0.5,0.28,0.358974358974359,0.9295412223728424,7,7,18,0.5,0.28,0.358974358974359,0.9295412223728424,7,7,18,0.5,0.28,0.358974358974359,0.9295412223728424,0,0,0,0.0,0.0,0.0,0,0,0,0.0,0.0,0.0
COCO,236412,2,2,0,0,2,6,4,6,10,5,0,0,4,0.0139874619999886,0.0066815810000093,0.0,0.0066815810000093,0.0067813750000027,0.020769333999965,Optimal,0,none,1.4322251151856136,0,5,100.0,100.0,100.0,2.0,1,1,1,0.5,0.5,0.5,0.8971391065323536,1,1,1,0.5,0.5,0.5,0.8971391065323536,1,1,1,0.5,0.5,0.5,0.8971391065323536,0,0,0,0.0,0.0,0.0,0,0,0,0.0,0.0,0.0
COCO,524456,6,6,0,0,3,12,6,12,18,10,0,0,6,0.0136827250000237,0.0069945820000043,0.0,0.0069945820000043,0.0071238090000065,0.020807072000025,Optimal,0,none,2.458970556259156,0,10,100.0,100.0,100.0,2.0,2,1,4,0.6666666666666666,0.3333333333333333,0.4444444444444444,0.7738015083116703,2,1,4,0.6666666666666666,0.3333333333333333,0.4444444444444444,0.7738015083116703,2,1,4,0.6666666666666666,0.3333333333333333,0.4444444444444444,0.7738015083116703,0,0,0,0.0,0.0,0.0,0,0,0,0.0,0.0,0.0
COCO,153343,2,2,0,0,2,2,4,2,6,5,0,0,4,0.0137558530000205,0.0062399230000096,0.0,0.0062399230000096,0.0063364889999775,0.0200928550000298,Optimal,0,none,1.474818600018819,0,5,100.0,100.0,100.0,2.0,2,0,0,1.0,1.0,1.0,0.7295344181137527,2,0,0,1.0,1.0,1.0,0.7295344181137527,2,0,0,1.0,1.0,1.0,0.7295344181137527,0,0,0,0.0,0.0,0.0,0,0,0,0.0,0.0,0.0
COCO,95786,4,4,0,0,2,4,4,4,8,5,0,0,4,0.0137503130000027,0.0066574029999628,0.0,0.0066574029999628,0.0067581379999523,0.0205091079999988,Optimal,0,none,1.5401619466145835,0,5,100.0,100.0,100.0,2.0,1,1,3,0.5,0.25,0.3333333333333333,0.8905550079214837,1,1,3,0.5,0.25,0.3333333333333333,0.8905550079214837,1,1,3,0.5,0.25,0.3333333333333333,0.8905550079214837,0,0,0,0.0,0.0,0.0,0,0,0,0.0,0.0,0.0
COCO,326541,9,9,0,0,4,14,8,14,22,17,0,0,8,0.0129788469999994,0.0072689710000304,0.0,0.0072689710000304,0.0074268430000188,0.0204062239999984,Optimal,0,none,3.3631644598643,0,13,100.0,100.0,100.0,2.0,4,0,5,1.0,0.4444444444444444,0.6153846153846153,0.8007324131271225,4,0,5,1.0,0.4444444444444444,0.6153846153846153,0.8007324131271225,4,0,5,1.0,0.4444444444444444,0.6153846153846153,0.8007324131271225,0,0,0,0.0,0.0,0.0,0,0,0,0.0,0.0,0.0
COCO,213086,5,5,0,0,4,20,8,20,28,17,0,0,8,0.0144117439999718,0.0075181180000072,0.0,0.0075181180000072,0.0079150350000531,0.0223273539999695,Optimal,0,none,3.2020464197794607,0,13,100.0,100.0,100.0,2.0,2,2,3,0.5,0.4,0.4444444444444445,0.8394845192353907,2,2,3,0.5,0.4,0.4444444444444445,0.8394845192353907,2,2,3,0.5,0.4,0.4444444444444445,0.8394845192353907,0,0,0,0.0,0.0,0.0,0,0,0,0.0,0.0,0.0
COCO,231339,3,3,0,0,4,27,8,27,35,17,0,0,8,0.014206640999987,0.0075142400000345,0.0,0.0075142400000345,0.0076593719999777,0.0218664079999939,Optimal,0,none,3.3041406051317863,0,13,100.0,100.0,100.0,2.0,2,2,1,0.5,0.6666666666666666,0.5714285714285715,0.9008668480941948,2,2,1,0.5,0.6666666666666666,0.5714285714285715,0.9008668480941948,2,2,1,0.5,0.6666666666666666,0.5714285714285715,0.9008668480941948,0,0,0,0.0,0.0,0.0,0,0,0,0.0,0.0,0.0
COCO,508730,6,6,0,0,3,8,6,8,14,10,0,0,6,0.0151045370000133,0.006195568999999,0.0,0.006195568999999,0.0063116719999811,0.0214166790000263,Optimal,0,none,2.6933958005905154,0,10,100.0,100.0,100.0,2.0,2,1,4,0.6666666666666666,0.3333333333333333,0.4444444444444444,0.8823617082558394,2,1,4,0.6666666666666666,0.3333333333333333,0.4444444444444444,0.8823617082558394,2,1,4,0.6666666666666666,0.3333333333333333,0.4444444444444444,0.8823617082558394,0,0,0,0.0,0.0,0.0,0,0,0,0.0,0.0,0.0
COCO,550426,1,1,0,0,2,2,4,2,6,5,0,0,4,0.0153747299999622,0.0066982700000153,0.0,0.0066982700000153,0.0068001239999944,0.0221752809999884,Optimal,0,none,1.290987649758657,0,5,100.0,100.0,100.0,2.0,1,1,0,0.5,1.0,0.6666666666666666,0.8545613377320646,1,1,0,0.5,1.0,0.6666666666666666,0.8545613377320646,1,1,0,0.5,1.0,0.6666666666666666,0.8545613377320646,0,0,0,0.0,0.0,0.0,0,0,0,0.0,0.0,0.0
COCO,368294,2,2,0,0,1,0,2,0,2,1,0,0,2,0.0133787980000192,0.0064125480000143,0.0,0.0064125480000143,0.006485820000023,0.0198650329999736,Optimal,0,none,0.620518938700358,0,2,100.0,100.0,100.0,2.0,1,0,1,1.0,0.5,0.6666666666666666,0.9240361720158043,1,0,1,1.0,0.5,0.6666666666666666,0.9240361720158043,1,0,1,1.0,0.5,0.6666666666666666,0.9240361720158043,0,0,0,0.0,0.0,0.0,0,0,0,0.0,0.0,0.0
COCO,171190,38,38,0,0,23,929,46,929,975,530,0,0,46,0.0180224099999577,0.0406862359999991,0.0,0.0406862359999991,0.0417344549999825,0.0597573279999892,Optimal,0,none,19.098698714731817,0,70,100.0,100.0,100.0,2.0,18,5,20,0.782608695652174,0.4736842105263157,0.5901639344262294,0.8259623767500133,18,5,20,0.782608695652174,0.4736842105263157,0.5901639344262294,0.8259623767500133,18,5,20,0.782608695652174,0.4736842105263157,0.5901639344262294,0.8259623767500133,0,0,0,0.0,0.0,0.0,0,0,0,0.0,0.0,0.0
COCO,301135,23,23,0,0,17,514,34,514,548,290,0,0,34,0.0180887110000185,0.0254037189999962,0.0,0.0254037189999962,0.0260982930000182,0.0441875580000328,Optimal,0,none,14.156732579036278,0,52,100.0,100.0,100.0,2.0,15,2,8,0.8823529411764706,0.6521739130434783,0.75,0.8494667196107635,15,2,8,0.8823529411764706,0.6521739130434783,0.75,0.8494667196107635,15,2,8,0.8823529411764706,0.6521739130434783,0.75,0.8494667196107635,0,0,0,0.0,0.0,0.0,0,0,0,0.0,0.0,0.0
COCO,580294,9,9,0,0,4,25,8,25,33,17,0,0,8,0.0145708069999841,0.0075876739999785,0.0,0.0075876739999785,0.0077401979999649,0.0223114770000165,Optimal,0,none,3.299091297785442,0,13,100.0,100.0,100.0,2.0,3,1,6,0.75,0.3333333333333333,0.4615384615384615,0.8151947127383519,3,1,6,0.75,0.3333333333333333,0.4615384615384615,0.8151947127383519,3,1,6,0.75,0.3333333333333333,0.4615384615384615,0.8151947127383519,0,0,0,0.0,0.0,0.0,0,0,0,0.0,0.0,0.0
COCO,494869,9,9,0,0,9,143,18,143,161,82,0,0,18,0.0155392550000215,0.0120138730000007,0.0,0.0120138730000007,0.0123142350000193,0.0278538640000078,Optimal,0,none,7.392263410515922,0,28,100.0,100.0,100.0,2.0,6,3,3,0.6666666666666666,0.6666666666666666,0.6666666666666666,0.805723434560441,6,3,3,0.6666666666666666,0.6666666666666666,0.6666666666666666,0.805723434560441,6,3,3,0.6666666666666666,0.6666666666666666,0.6666666666666666,0.805723434560441,0,0,0,0.0,0.0,0.0,0,0,0,0.0,0.0,0.0
COCO,33638,8,8,0,0,8,108,16,108,124,65,0,0,16,0.0148378320000119,0.0125495280000222,0.0,0.0125495280000222,0.0128482470000221,0.027686597000013,Optimal,0,none,6.140163729985557,0,25,100.0,100.0,100.0,2.0,1,7,7,0.125,0.125,0.125,0.947072650630515,1,7,7,0.125,0.125,0.125,0.947072650630515,1,7,7,0.125,0.125,0.125,0.947072650630515,0,0,0,0.0,0.0,0.0,0,0,0,0.0,0.0,0.0
COCO,329219,21,21,0,0,8,104,16,104,120,65,0,0,16,0.0155296049999833,0.0111384589999943,0.0,0.0111384589999943,0.0114224550000017,0.0269525639999983,Optimal,0,none,6.177796968464,0,25,100.0,100.0,100.0,2.0,4,4,17,0.5,0.1904761904761904,0.2758620689655172,0.8193827855367825,4,4,17,0.5,0.1904761904761904,0.2758620689655172,0.8193827855367825,4,4,17,0.5,0.1904761904761904,0.2758620689655172,0.8193827855367825,0,0,0,0.0,0.0,0.0,0,0,0,0.0,0.0,0.0
COCO,34873,9,9,0,0,6,64,12,64,76,37,0,0,12,0.0136036559999865,0.0088823240000124,0.0,0.0088823240000124,0.0092056419999835,0.0228097940000111,Optimal,0,none,4.772866090376684,0,19,100.0,100.0,100.0,2.0,3,3,6,0.5,0.3333333333333333,0.4,0.8713509323917258,3,3,6,0.5,0.3333333333333333,0.4,0.8713509323917258,3,3,6,0.5,0.3333333333333333,0.4,0.8713509323917258,0,0,0,0.0,0.0,0.0,0,0,0,0.0,0.0,0.0
COCO,186980,14,14,0,0,3,10,6,10,16,10,0,0,6,0.0147238139999785,0.0066569969999932,0.0,0.0066569969999932,0.0067741839999939,0.0214984250000043,Optimal,0,none,2.7286916685104377,0,10,100.0,100.0,100.0,2.0,3,0,11,1.0,0.2142857142857142,0.3529411764705882,0.8675551024719357,3,0,11,1.0,0.2142857142857142,0.3529411764705882,0.8675551024719357,3,0,11,1.0,0.2142857142857142,0.3529411764705882,0.8675551024719357,0,0,0,0.0,0.0,0.0,0,0,0,0.0,0.0,0.0
COCO,127182,10,10,0,0,7,81,14,81,95,50,0,0,14,0.013910648000035,0.0099112589999776,0.0,0.0099112589999776,0.0101614970000127,0.024072569999987,Optimal,0,none,5.594528633282764,0,22,100.0,100.0,100.0,2.0,6,1,4,0.8571428571428571,0.6,0.7058823529411764,0.8335049108607965,6,1,4,0.8571428571428571,0.6,0.7058823529411764,0.8335049108607965,6,1,4,0.8571428571428571,0.6,0.7058823529411764,0.8335049108607965,0,0,0,0.0,0.0,0.0,0,0,0,0.0,0.0,0.0
COCO,356387,21,21,0,0,12,249,24,249,273,145,0,0,24,0.0158970579999504,0.0161124030000223,0.0,0.0161124030000223,0.0165350400000079,0.0324326089999544,Optimal,0,none,9.422076648768822,0,37,100.0,100.0,100.0,2.0,12,0,9,1.0,0.5714285714285714,0.7272727272727273,0.8202640248528955,12,0,9,1.0,0.5714285714285714,0.7272727272727273,0.8202640248528955,12,0,9,1.0,0.5714285714285714,0.7272727272727273,0.8202640248528955,0,0,0,0.0,0.0,0.0,0,0,0,0.0,0.0,0.0
COCO,367680,14,14,0,0,11,186,22,186,208,122,0,0,22,0.0135209009999925,0.0137341650000166,0.0,0.0137341650000166,0.014132692999965,0.027654095999992,Optimal,0,none,9.315687346634435,0,34,100.0,100.0,100.0,2.0,6,5,8,0.5454545454545454,0.4285714285714285,0.4799999999999999,0.9062309736226656,6,5,8,0.5454545454545454,0.4285714285714285,0.4799999999999999,0.9062309736226656,6,5,8,0.5454545454545454,0.4285714285714285,0.4799999999999999,0.9062309736226656,0,0,0,0.0,0.0,0.0,0,0,0,0.0,0.0,0.0
COCO,263796,1,1,0,0,1,0,2,0,2,1,0,0,2,0.0144478419999813,0.0059484159999669,0.0,0.0059484159999669,0.0060132309999971,0.0204614930000275,Optimal,0,none,0.395801035563151,0,2,100.0,100.0,100.0,2.0,1,0,0,1.0,1.0,1.0,0.9143280734768966,1,0,0,1.0,1.0,1.0,0.9143280734768966,1,0,0,1.0,1.0,1.0,0.9143280734768966,0,0,0,0.0,0.0,0.0,0,0,0,0.0,0.0,0.0
COCO,117425,7,7,0,0,5,40,10,40,50,26,0,0,10,0.0137641740000162,0.0081413829999519,0.0,0.0081413829999519,0.008310434000009,0.0220750529999804,Optimal,0,none,4.201052006085715,0,16,100.0,100.0,100.0,2.0,4,1,3,0.8,0.5714285714285714,0.6666666666666666,0.8749520951070928,4,1,3,0.8,0.5714285714285714,0.6666666666666666,0.8749520951070928,4,1,3,0.8,0.5714285714285714,0.6666666666666666,0.8749520951070928,0,0,0,0.0,0.0,0.0,0,0,0,0.0,0.0,0.0
COCO,365387,4,4,0,0,2,4,4,4,8,5,0,0,4,0.0120237040000006,0.0060901890000195,0.0,0.0060901890000195,0.0061933679999697,0.018217461000006,Optimal,0,none,1.0890662105878195,0,5,100.0,100.0,100.0,2.0,0,2,4,0.0,0.0,0.0,0.9617112535954562,0,2,4,0.0,0.0,0.0,0.9617112535954562,0,2,4,0.0,0.0,0.0,0.9617112535954562,0,0,0,0.0,0.0,0.0,0,0,0,0.0,0.0,0.0
COCO,487583,2,2,0,0,3,12,6,12,18,10,0,0,6,0.0129316580000136,0.0066370600000027,0.0,0.0066370600000027,0.0067612469999858,0.0196933889999968,Optimal,0,none,2.518675441741944,0,10,100.0,100.0,100.0,2.0,2,1,0,0.6666666666666666,1.0,0.8,0.8109398257308542,2,1,0,0.6666666666666666,1.0,0.8,0.8109398257308542,2,1,0,0.6666666666666666,1.0,0.8,0.8109398257308542,0,0,0,0.0,0.0,0.0,0,0,0,0.0,0.0,0.0
COCO,504711,2,2,0,0,3,9,6,9,15,10,0,0,6,0.0131727990000172,0.0059014770000089,0.0,0.0059014770000089,0.0060110029999691,0.0191842749999864,Optimal,0,none,2.5920395326614387,0,10,100.0,100.0,100.0,2.0,2,1,0,0.6666666666666666,1.0,0.8,0.9277282572955016,2,1,0,0.6666666666666666,1.0,0.8,0.9277282572955016,2,1,0,0.6666666666666666,1.0,0.8,0.9277282572955016,0,0,0,0.0,0.0,0.0,0,0,0,0.0,0.0,0.0
COCO,363840,12,12,0,0,8,103,16,103,119,65,0,0,16,0.0143671840000365,0.009912708999991,0.0,0.009912708999991,0.0101860170000236,0.0245537979999994,Optimal,0,none,7.0874570544560775,0,25,100.0,100.0,100.0,2.0,6,2,6,0.75,0.5,0.6,0.9368194119115728,6,2,6,0.75,0.5,0.6,0.9368194119115728,6,2,6,0.75,0.5,0.6,0.9368194119115728,0,0,0,0.0,0.0,0.0,0,0,0,0.0,0.0,0.0
COCO,214720,11,11,0,0,8,100,16,100,116,65,0,0,16,0.0151159270000107,0.014440999000044,0.0,0.014440999000044,0.014737756000045,0.0298541079999949,Optimal,0,none,6.636469152768455,0,25,100.0,100.0,100.0,2.0,7,1,4,0.875,0.6363636363636364,0.7368421052631579,0.8736428801976958,7,1,4,0.875,0.6363636363636364,0.7368421052631579,0.8736428801976958,7,1,4,0.875,0.6363636363636364,0.7368421052631579,0.8736428801976958,0,0,0,0.0,0.0,0.0,0,0,0,0.0,0.0,0.0
COCO,379453,1,1,0,0,1,0,2,0,2,1,0,0,2,0.0145810939999933,0.0064302560000442,0.0,0.0064302560000442,0.0064982839999743,0.0210797039999874,Optimal,0,none,0.6391234556833902,0,2,100.0,100.0,100.0,2.0,1,0,0,1.0,1.0,1.0,0.9641252230743304,1,0,0,1.0,1.0,1.0,0.9641252230743304,1,0,0,1.0,1.0,1.0,0.9641252230743304,0,0,0,0.0,0.0,0.0,0,0,0,0.0,0.0,0.0
COCO,311295,10,10,0,0,7,82,14,82,96,50,0,0,14,0.0153841640000109,0.0100272280000126,0.0,0.0100272280000126,0.0102736830000367,0.0256583419999856,Optimal,0,none,5.579569342205091,0,22,100.0,100.0,100.0,2.0,5,2,5,0.7142857142857143,0.5,0.588235294117647,0.7817154089438959,5,2,5,0.7142857142857143,0.5,0.588235294117647,0.7817154089438959,5,2,5,0.7142857142857143,0.5,0.588235294117647,0.7817154089438959,0,0,0,0.0,0.0,0.0,0,0,0,0.0,0.0,0.0
COCO,29393,4,4,0,0,2,4,4,4,8,5,0,0,4,0.0141710220000277,0.0067110940000247,0.0,0.0067110940000247,0.0068119819999878,0.0209834890000024,Optimal,0,none,1.3685655029614767,0,5,100.0,100.0,100.0,2.0,1,1,3,0.5,0.25,0.3333333333333333,0.87309864089106,1,1,3,0.5,0.25,0.3333333333333333,0.87309864089106,1,1,3,0.5,0.25,0.3333333333333333,0.87309864089106,0,0,0,0.0,0.0,0.0,0,0,0,0.0,0.0,0.0
COCO,278848,10,10,0,0,10,167,20,167,187,101,0,0,20,0.0144717260000106,0.0132432930000163,0.0,0.0132432930000163,0.0135872179999978,0.0280593900000099,Optimal,0,none,8.646239725730357,0,31,100.0,100.0,100.0,2.0,9,1,1,0.9,0.9,0.9,0.868706593797786,9,1,1,0.9,0.9,0.9,0.868706593797786,9,1,1,0.9,0.9,0.9,0.868706593797786,0,0,0,0.0,0.0,0.0,0,0,0,0.0,0.0,0.0
COCO,166391,28,28,0,0,20,666,40,666,706,401,0,0,40,0.0168575710000027,0.0322365039999681,0.0,0.0322365039999681,0.0331266860000027,0.049984763999987,Optimal,0,none,16.8233684899748,0,61,100.0,100.0,100.0,2.0,16,4,12,0.8,0.5714285714285714,0.6666666666666666,0.805913071641147,16,4,12,0.8,0.5714285714285714,0.6666666666666666,0.805913071641147,16,4,12,0.8,0.5714285714285714,0.6666666666666666,0.805913071641147,0,0,0,0.0,0.0,0.0,0,0,0,0.0,0.0,0.0
COCO,48153,2,2,0,0,1,0,2,0,2,1,0,0,2,0.0151495979999936,0.0060285399999884,0.0,0.0060285399999884,0.00609738899999,0.021247527000014,Optimal,0,none,0.5776742140452067,0,2,100.0,100.0,100.0,2.0,1,0,1,1.0,0.5,0.6666666666666666,0.8739167539511179,1,0,1,1.0,0.5,0.6666666666666666,0.8739167539511179,1,0,1,1.0,0.5,0.6666666666666666,0.8739167539511179,0,0,0,0.0,0.0,0.0,0,0,0,0.0,0.0,0.0
COCO,459153,4,4,0,0,4,28,8,28,36,17,0,0,8,0.0164458529999933,0.0078919790000213,0.0,0.0078919790000213,0.0080472070000041,0.0244935059999988,Optimal,0,none,3.388184097347622,0,13,100.0,100.0,100.0,2.0,3,1,1,0.75,0.75,0.75,0.9590179355313748,3,1,1,0.75,0.75,0.75,0.9590179355313748,3,1,1,0.75,0.75,0.75,0.9590179355313748,0,0,0,0.0,0.0,0.0,0,0,0,0.0,0.0,0.0
COCO,295713,12,12,0,0,11,211,22,211,233,121,0,0,22,0.0156974189999914,0.0140334069999994,0.0,0.0140334069999994,0.0144280559999856,0.0301259189999996,Optimal,0,none,8.794587906201683,0,34,100.0,100.0,100.0,2.0,9,2,3,0.8181818181818182,0.75,0.7826086956521738,0.8166307979200705,9,2,3,0.8181818181818182,0.75,0.7826086956521738,0.8166307979200705,9,2,3,0.8181818181818182,0.75,0.7826086956521738,0.8166307979200705,0,0,0,0.0,0.0,0.0,0,0,0,0.0,0.0,0.0
COCO,223130,1,1,0,0,2,4,4,4,8,5,0,0,4,0.0146366970000144,0.0060533949999808,0.0,0.0060533949999808,0.0061481240000489,0.0207852980000211,Optimal,0,none,1.306197908719381,0,5,100.0,100.0,100.0,2.0,1,1,0,0.5,1.0,0.6666666666666666,0.8941213096049604,1,1,0,0.5,1.0,0.6666666666666666,0.8941213096049604,1,1,0,0.5,1.0,0.6666666666666666,0.8941213096049604,0,0,0,0.0,0.0,0.0,0,0,0,0.0,0.0,0.0
COCO,273132,3,3,0,0,1,0,2,0,2,1,0,0,2,0.0163249139999948,0.006428722999999,0.0,0.006428722999999,0.0064963300000044,0.0228218199999901,Optimal,0,none,0.5810126225153605,0,2,100.0,100.0,100.0,2.0,1,0,2,1.0,0.3333333333333333,0.5,0.8559722795090394,1,0,2,1.0,0.3333333333333333,0.5,0.8559722795090394,1,0,2,1.0,0.3333333333333333,0.5,0.8559722795090394,0,0,0,0.0,0.0,0.0,0,0,0,0.0,0.0,0.0
COCO,198960,3,3,0,0,3,6,6,6,12,10,0,0,6,0.0149007310000115,0.0073432720000141,0.0,0.0073432720000141,0.0074756669999942,0.0223770880000415,Optimal,0,none,2.66976930141449,0,10,100.0,100.0,100.0,2.0,3,0,0,1.0,1.0,1.0,0.885688643360627,3,0,0,1.0,1.0,1.0,0.885688643360627,3,0,0,1.0,1.0,1.0,0.885688643360627,0,0,0,0.0,0.0,0.0,0,0,0,0.0,0.0,0.0
COCO,344059,2,2,0,0,2,2,4,2,6,5,0,0,4,0.0137600410000118,0.0070766469999625,0.0,0.0070766469999625,0.0071743959999821,0.0209347960000059,Optimal,0,none,1.5499256261189778,0,5,100.0,100.0,100.0,2.0,2,0,0,1.0,1.0,1.0,0.9077329161889665,2,0,0,1.0,1.0,1.0,0.9077329161889665,2,0,0,1.0,1.0,1.0,0.9077329161889665,0,0,0,0.0,0.0,0.0,0,0,0,0.0,0.0,0.0
COCO,410428,10,10,0,0,12,253,24,253,277,145,0,0,24,0.0155053789999897,0.0153212509999889,0.0,0.0153212509999889,0.015740825000023,0.0312466459999996,Optimal,0,none,9.84469669410121,0,37,100.0,100.0,100.0,2.0,6,6,4,0.5,0.6,0.5454545454545454,0.7794459535846027,6,6,4,0.5,0.6,0.5454545454545454,0.7794459535846027,6,6,4,0.5,0.6,0.5454545454545454,0.7794459535846027,0,0,0,0.0,0.0,0.0,0,0,0,0.0,0.0,0.0
COCO,87875,1,1,0,0,1,0,2,0,2,1,0,0,2,0.014920777000043,0.0062778739999771,0.0,0.0062778739999771,0.0063430089999769,0.0212642150000306,Optimal,0,none,0.6409365336100261,0,2,100.0,100.0,100.0,2.0,1,0,0,1.0,1.0,1.0,0.9144831905377924,1,0,0,1.0,1.0,1.0,0.9144831905377924,1,0,0,1.0,1.0,1.0,0.9144831905377924,0,0,0,0.0,0.0,0.0,0,0,0,0.0,0.0,0.0
COCO,450758,7,7,0,0,7,46,14,46,60,50,0,0,14,0.0149368790000039,0.008752553000022,0.0,0.008752553000022,0.0089622240000153,0.0238996040000074,Optimal,0,none,6.204957968393959,0,22,100.0,100.0,100.0,2.0,7,0,0,1.0,1.0,1.0,0.8494010326745007,7,0,0,1.0,1.0,1.0,0.8494010326745007,7,0,0,1.0,1.0,1.0,0.8494010326745007,0,0,0,0.0,0.0,0.0,0,0,0,0.0,0.0,0.0
COCO,458790,0,0,0,0,0,0,0,0,0,0,0,0,1,0.0103734339999732,0.0048032959999773,0.0,0.0048032959999773,0.0048394140000027,0.0152132939999773,Optimal,0,none,,0,1,100.0,0.0,0.0,0.0,0,0,0,0.0,0.0,0.0,0.0,0,0,0,0.0,0.0,0.0,0.0,0,0,0,0.0,0.0,0.0,0.0,0,0,0,0.0,0.0,0.0,0,0,0,0.0,0.0,0.0
COCO,460160,1,1,0,0,2,4,4,4,8,5,0,0,4,0.0152850290000401,0.0069841839999753,0.0,0.0069841839999753,0.0070940649999897,0.0223796090000405,Optimal,0,none,1.2315901311238608,0,5,100.0,100.0,100.0,2.0,1,1,0,0.5,1.0,0.6666666666666666,0.5889659488370801,1,1,0,0.5,1.0,0.6666666666666666,0.5889659488370801,1,1,0,0.5,1.0,0.6666666666666666,0.5889659488370801,0,0,0,0.0,0.0,0.0,0,0,0,0.0,0.0,0.0
COCO,458109,5,5,0,0,1,0,2,0,2,1,0,0,2,0.0136431939999965,0.0062298570000507,0.0,0.0062298570000507,0.0063020390000474,0.0199457719999713,Optimal,0,none,0.6125419775644938,0,2,100.0,100.0,100.0,2.0,1,0,4,1.0,0.2,0.3333333333333333,0.9784469930723704,1,0,4,1.0,0.2,0.3333333333333333,0.9784469930723704,1,0,4,1.0,0.2,0.3333333333333333,0.9784469930723704,0,0,0,0.0,0.0,0.0,0,0,0,0.0,0.0,0.0
COCO,30675,1,1,0,0,1,0,2,0,2,1,0,0,2,0.014157243999989,0.0059760269999742,0.0,0.0059760269999742,0.006042911999998,0.020200587999966,Optimal,0,none,0.6226968208948771,0,2,100.0,100.0,100.0,2.0,1,0,0,1.0,1.0,1.0,0.9684835372411208,1,0,0,1.0,1.0,1.0,0.9684835372411208,1,0,0,1.0,1.0,1.0,0.9684835372411208,0,0,0,0.0,0.0,0.0,0,0,0,0.0,0.0,0.0
COCO,566524,7,7,0,0,3,10,6,10,16,10,0,0,6,0.0145084359999714,0.0063003239999943,0.0,0.0063003239999943,0.0064174949999937,0.0209264049999546,Optimal,0,none,2.6965695095062263,0,10,100.0,100.0,100.0,2.0,3,0,4,1.0,0.4285714285714285,0.6,0.8854287480636353,3,0,4,1.0,0.4285714285714285,0.6,0.8854287480636353,3,0,4,1.0,0.4285714285714285,0.6,0.8854287480636353,0,0,0,0.0,0.0,0.0,0,0,0,0.0,0.0,0.0
COCO,338428,4,4,0,0,3,8,6,8,14,10,0,0,6,0.0144888550000246,0.0065199470000152,0.0,0.0065199470000152,0.0066372680000199,0.0211265940000089,Optimal,0,none,2.4895193433761595,0,10,100.0,100.0,100.0,2.0,2,1,2,0.6666666666666666,0.5,0.5714285714285715,0.8747796106435475,2,1,2,0.6666666666666666,0.5,0.5714285714285715,0.8747796106435475,2,1,2,0.6666666666666666,0.5,0.5714285714285715,0.8747796106435475,0,0,0,0.0,0.0,0.0,0,0,0,0.0,0.0,0.0
COCO,545826,2,2,0,0,3,12,6,12,18,10,0,0,6,0.0131834360000198,0.0069005559999482,0.0,0.0069005559999482,0.0070330510000076,0.0202170950000208,Optimal,0,none,2.3310938776887795,0,10,100.0,100.0,100.0,2.0,1,2,1,0.3333333333333333,0.5,0.4,0.954978788802796,1,2,1,0.3333333333333333,0.5,0.4,0.954978788802796,1,2,1,0.3333333333333333,0.5,0.4,0.954978788802796,0,0,0,0.0,0.0,0.0,0,0,0,0.0,0.0,0.0
COCO,166277,4,4,0,0,1,0,2,0,2,1,0,0,2,0.0142502729999591,0.0064434049999704,0.0,0.0064434049999704,0.0065339999999878,0.0207847119999655,Optimal,0,none,0.5658264557520549,0,2,100.0,100.0,100.0,2.0,1,0,3,1.0,0.25,0.4,0.924776170079782,1,0,3,1.0,0.25,0.4,0.924776170079782,1,0,3,1.0,0.25,0.4,0.924776170079782,0,0,0,0.0,0.0,0.0,0,0,0,0.0,0.0,0.0
COCO,269314,2,2,0,0,1,0,2,0,2,1,0,0,2,0.0136810060000129,0.0067354829999999,0.0,0.0067354829999999,0.0068069270000137,0.0204886620000479,Optimal,0,none,0.5119006792704264,0,2,100.0,100.0,100.0,2.0,0,1,2,0.0,0.0,0.0,0.0,0,1,2,0.0,0.0,0.0,0.0,0,1,2,0.0,0.0,0.0,0.0,0,0,0,0.0,0.0,0.0,0,0,0,0.0,0.0,0.0
COCO,476415,2,2,0,0,2,3,4,3,7,5,0,0,4,0.0124261050000313,0.0064831560000016,0.0,0.0064831560000016,0.0065784920000169,0.01900499300001,Optimal,0,none,1.4628771670659382,0,5,100.0,100.0,100.0,2.0,2,0,0,1.0,1.0,1.0,0.956719231811986,2,0,0,1.0,1.0,1.0,0.956719231811986,2,0,0,1.0,1.0,1.0,0.956719231811986,0,0,0,0.0,0.0,0.0,0,0,0,0.0,0.0,0.0
COCO,292082,5,5,0,0,7,86,14,86,100,50,0,0,14,0.0171691060000398,0.0097407449999877,0.0,0.0097407449999877,0.0099789109999619,0.0271484700000428,Optimal,0,none,5.477080315748853,0,22,100.0,100.0,100.0,2.0,4,3,1,0.5714285714285714,0.8,0.6666666666666666,0.7700369183662548,4,3,1,0.5714285714285714,0.8,0.6666666666666666,0.7700369183662548,4,3,1,0.5714285714285714,0.8,0.6666666666666666,0.7700369183662548,0,0,0,0.0,0.0,0.0,0,0,0,0.0,0.0,0.0
COCO,360137,3,3,0,0,4,28,8,28,36,17,0,0,8,0.0166971639999928,0.007834750000029,0.0,0.007834750000029,0.0079980229999705,0.0246956679999925,Optimal,0,none,3.2203360788027453,0,13,100.0,100.0,100.0,2.0,3,1,0,0.75,1.0,0.8571428571428571,0.8118124155978078,3,1,0,0.75,1.0,0.8571428571428571,0.8118124155978078,3,1,0,0.75,1.0,0.8571428571428571,0.8118124155978078,0,0,0,0.0,0.0,0.0,0,0,0,0.0,0.0,0.0
COCO,122046,3,3,0,0,2,4,4,4,8,5,0,0,4,0.0146432600000139,0.0063065290000281,0.0,0.0063065290000281,0.0064027870000131,0.0210464880000245,Optimal,0,none,1.5632636578877768,0,5,100.0,100.0,100.0,2.0,2,0,1,1.0,0.6666666666666666,0.8,0.9588730851629108,2,0,1,1.0,0.6666666666666666,0.8,0.9588730851629108,2,0,1,1.0,0.6666666666666666,0.8,0.9588730851629108,0,0,0,0.0,0.0,0.0,0,0,0,0.0,0.0,0.0
COCO,352684,10,10,0,0,10,120,20,120,140,101,0,0,20,0.0140783930000338,0.011649732999956,0.0,0.011649732999956,0.012035480999998,0.0261144419999936,Optimal,0,none,8.484969572226209,0,31,100.0,100.0,100.0,2.0,10,0,0,1.0,1.0,1.0,0.8589419244279707,10,0,0,1.0,1.0,1.0,0.8589419244279707,10,0,0,1.0,1.0,1.0,0.8589419244279707,0,0,0,0.0,0.0,0.0,0,0,0,0.0,0.0,0.0
COCO,512836,7,7,0,0,5,32,10,32,42,26,0,0,10,0.0148228069999731,0.0083504639999887,0.0,0.0083504639999887,0.008589612000037,0.0234131629999865,Optimal,0,none,4.098112674554191,0,16,100.0,100.0,100.0,2.0,4,1,3,0.8,0.5714285714285714,0.6666666666666666,0.8559554579053819,4,1,3,0.8,0.5714285714285714,0.6666666666666666,0.8559554579053819,4,1,3,0.8,0.5714285714285714,0.6666666666666666,0.8559554579053819,0,0,0,0.0,0.0,0.0,0,0,0,0.0,0.0,0.0
COCO,8021,7,7,0,0,4,23,8,23,31,17,0,0,8,0.0143232500000181,0.00766384100001,0.0,0.00766384100001,0.0078215209999825,0.0221452950000298,Optimal,0,none,3.663244411150616,0,13,100.0,100.0,100.0,2.0,4,0,3,1.0,0.5714285714285714,0.7272727272727273,0.9029937535561686,4,0,3,1.0,0.5714285714285714,0.7272727272727273,0.9029937535561686,4,0,3,1.0,0.5714285714285714,0.7272727272727273,0.9029937535561686,0,0,0,0.0,0.0,0.0,0,0,0,0.0,0.0,0.0
COCO,107226,18,18,0,0,12,244,24,244,268,145,0,0,24,0.0144418710000309,0.0159244840000383,0.0,0.0159244840000383,0.0163453270000104,0.0307876489999898,Optimal,0,none,9.868201695734408,0,37,100.0,100.0,100.0,2.0,9,3,9,0.75,0.5,0.6,0.7951350482885142,9,3,9,0.75,0.5,0.6,0.7951350482885142,9,3,9,0.75,0.5,0.6,0.7951350482885142,0,0,0,0.0,0.0,0.0,0,0,0,0.0,0.0,0.0
COCO,84477,3,3,0,0,4,23,8,23,31,17,0,0,8,0.0143061599999896,0.0071153460000346,0.0,0.0071153460000346,0.0072574600000052,0.0215640680000319,Optimal,0,none,3.463819493452709,0,13,100.0,100.0,100.0,2.0,3,1,0,0.75,1.0,0.8571428571428571,0.8527785615047079,3,1,0,0.75,1.0,0.8571428571428571,0.8527785615047079,3,1,0,0.75,1.0,0.8571428571428571,0.8527785615047079,0,0,0,0.0,0.0,0.0,0,0,0,0.0,0.0,0.0
COCO,562243,2,2,0,0,2,2,4,2,6,5,0,0,4,0.0159771300000102,0.0063119189999838,0.0,0.0063119189999838,0.0064070359999846,0.0223847190000014,Optimal,0,none,1.5538693221410118,0,5,100.0,100.0,100.0,2.0,2,0,0,1.0,1.0,1.0,0.9452499027375,2,0,0,1.0,1.0,1.0,0.9452499027375,2,0,0,1.0,1.0,1.0,0.9452499027375,0,0,0,0.0,0.0,0.0,0,0,0,0.0,0.0,0.0
COCO,181859,2,2,0,0,2,4,4,4,8,5,0,0,4,0.0131630320000226,0.0067387290000056,0.0,0.0067387290000056,0.0068495369999936,0.0200130350000335,Optimal,0,none,1.3300611766179404,0,5,100.0,100.0,100.0,2.0,1,1,1,0.5,0.5,0.5,0.9051673480356696,1,1,1,0.5,0.5,0.5,0.9051673480356696,1,1,1,0.5,0.5,0.5,0.9051673480356696,0,0,0,0.0,0.0,0.0,0,0,0,0.0,0.0,0.0
COCO,177015,6,6,0,0,4,22,8,22,30,17,0,0,8,0.014841844999978,0.0079068180000376,0.0,0.0079068180000376,0.0081302080000114,0.022972535000008,Optimal,0,none,3.313482367308385,0,13,100.0,100.0,100.0,2.0,1,3,5,0.25,0.1666666666666666,0.2,0.7234368480178333,1,3,5,0.25,0.1666666666666666,0.2,0.7234368480178333,1,3,5,0.25,0.1666666666666666,0.2,0.7234368480178333,0,0,0,0.0,0.0,0.0,0,0,0,0.0,0.0,0.0
COCO,292236,7,7,0,0,7,78,14,78,92,50,0,0,14,0.0145828459999961,0.0128817660000208,0.0,0.0128817660000208,0.013107366999975,0.0276906919999646,Optimal,0,none,5.76892561880565,0,22,100.0,100.0,100.0,2.0,6,1,1,0.8571428571428571,0.8571428571428571,0.8571428571428571,0.893688497863042,6,1,1,0.8571428571428571,0.8571428571428571,0.8571428571428571,0.893688497863042,6,1,1,0.8571428571428571,0.8571428571428571,0.8571428571428571,0.893688497863042,0,0,0,0.0,0.0,0.0,0,0,0,0.0,0.0,0.0
COCO,121506,9,9,0,0,7,83,14,83,97,50,0,0,14,0.0190395309999757,0.0108262100000047,0.0,0.0108262100000047,0.0110654229999909,0.0301053869999918,Optimal,0,none,5.434988236570316,0,22,100.0,100.0,100.0,2.0,3,4,6,0.4285714285714285,0.3333333333333333,0.375,0.7181045446797039,3,4,6,0.4285714285714285,0.3333333333333333,0.375,0.7181045446797039,3,4,6,0.4285714285714285,0.3333333333333333,0.375,0.7181045446797039,0,0,0,0.0,0.0,0.0,0,0,0,0.0,0.0,0.0
COCO,288042,3,3,0,0,3,11,6,11,17,10,0,0,6,0.0142547809999769,0.0068017759999747,0.0,0.0068017759999747,0.006941729999994,0.0211969599999974,Optimal,0,none,2.593808736801148,0,10,100.0,100.0,100.0,2.0,2,1,1,0.6666666666666666,0.6666666666666666,0.6666666666666666,0.7845448846188312,2,1,1,0.6666666666666666,0.6666666666666666,0.6666666666666666,0.7845448846188312,2,1,1,0.6666666666666666,0.6666666666666666,0.6666666666666666,0.7845448846188312,0,0,0,0.0,0.0,0.0,0,0,0,0.0,0.0,0.0
COCO,453860,2,2,0,0,4,16,8,16,24,17,0,0,8,0.0133246030000009,0.0080555740000249,0.0,0.0080555740000249,0.0082039410000334,0.0215290539999841,Optimal,0,none,3.300237430731457,0,13,100.0,100.0,100.0,2.0,1,3,1,0.25,0.5,0.3333333333333333,0.9661193704979428,1,3,1,0.25,0.5,0.3333333333333333,0.9661193704979428,1,3,1,0.25,0.5,0.3333333333333333,0.9661193704979428,0,0,0,0.0,0.0,0.0,0,0,0,0.0,0.0,0.0
COCO,500257,31,31,0,0,7,78,14,78,92,50,0,0,14,0.0149919540000382,0.009932214999992,0.0,0.009932214999992,0.0102809250000177,0.0252734640000085,Optimal,0,none,5.449409801165265,0,22,100.0,100.0,100.0,2.0,5,2,26,0.7142857142857143,0.1612903225806451,0.2631578947368421,0.8847033910318329,5,2,26,0.7142857142857143,0.1612903225806451,0.2631578947368421,0.8847033910318329,5,2,26,0.7142857142857143,0.1612903225806451,0.2631578947368421,0.8847033910318329,0,0,0,0.0,0.0,0.0,0,0,0,0.0,0.0,0.0
COCO,113403,4,4,0,0,3,10,6,10,16,10,0,0,6,0.0134370279999984,0.0066578600000184,0.0,0.0066578600000184,0.0067795509999655,0.0202170530000103,Optimal,0,none,2.448276998996735,0,10,100.0,100.0,100.0,2.0,3,0,1,1.0,0.75,0.8571428571428571,0.7085657194290721,3,0,1,1.0,0.75,0.8571428571428571,0.7085657194290721,3,0,1,1.0,0.75,0.8571428571428571,0.7085657194290721,0,0,0,0.0,0.0,0.0,0,0,0,0.0,0.0,0.0
COCO,125062,10,10,0,0,7,76,14,76,90,50,0,0,14,0.0132225809999795,0.0094794750000346,0.0,0.0094794750000346,0.0097055820000377,0.0229285730000015,Optimal,0,none,5.698517105190424,0,22,100.0,100.0,100.0,2.0,6,1,4,0.8571428571428571,0.6,0.7058823529411764,0.749772731848556,6,1,4,0.8571428571428571,0.6,0.7058823529411764,0.749772731848556,6,1,4,0.8571428571428571,0.6,0.7058823529411764,0.749772731848556,0,0,0,0.0,0.0,0.0,0,0,0,0.0,0.0,0.0
COCO,375015,1,1,0,0,1,0,2,0,2,1,0,0,2,0.0140249699999799,0.00619087299998,0.0,0.00619087299998,0.0062590690000092,0.0202844849999905,Optimal,0,none,0.6473310152689615,0,2,100.0,100.0,100.0,2.0,1,0,0,1.0,1.0,1.0,0.9733687616627542,1,0,0,1.0,1.0,1.0,0.9733687616627542,1,0,0,1.0,1.0,1.0,0.9733687616627542,0,0,0,0.0,0.0,0.0,0,0,0,0.0,0.0,0.0
COCO,334719,9,9,0,0,6,54,12,54,66,37,0,0,12,0.0130738940000014,0.0097666500000173,0.0,0.0097666500000173,0.0100709469999742,0.023145353000018,Optimal,0,none,5.420140023231508,0,19,100.0,100.0,100.0,2.0,6,0,3,1.0,0.6666666666666666,0.8,0.9254134516325112,6,0,3,1.0,0.6666666666666666,0.8,0.9254134516325112,6,0,3,1.0,0.6666666666666666,0.8,0.9254134516325112,0,0,0,0.0,0.0,0.0,0,0,0,0.0,0.0,0.0
COCO,134112,3,3,0,0,3,10,6,10,16,10,0,0,6,0.0139018449999639,0.0070252149999987,0.0,0.0070252149999987,0.0071854540000231,0.021087829999999,Optimal,0,none,2.6540937897351085,0,10,100.0,100.0,100.0,2.0,3,0,0,1.0,1.0,1.0,0.9669496938836613,3,0,0,1.0,1.0,1.0,0.9669496938836613,3,0,0,1.0,1.0,1.0,0.9669496938836613,0,0,0,0.0,0.0,0.0,0,0,0,0.0,0.0,0.0
COCO,283520,4,4,0,0,3,12,6,12,18,10,0,0,6,0.0160264209999922,0.0069170570000096,0.0,0.0069170570000096,0.007044296999993,0.0230713440000158,Optimal,0,none,2.603013117313385,0,10,100.0,100.0,100.0,2.0,3,0,1,1.0,0.75,0.8571428571428571,0.7757243562538525,3,0,1,1.0,0.75,0.8571428571428571,0.7757243562538525,3,0,1,1.0,0.75,0.8571428571428571,0.7757243562538525,0,0,0,0.0,0.0,0.0,0,0,0,0.0,0.0,0.0
COCO,31269,3,3,0,0,3,8,6,8,14,10,0,0,6,0.0149635849999754,0.0071872600000233,0.0,0.0071872600000233,0.0073218470000142,0.0222858939999923,Optimal,0,none,2.757599000930787,0,10,100.0,100.0,100.0,2.0,3,0,0,1.0,1.0,1.0,0.948038534878914,3,0,0,1.0,1.0,1.0,0.948038534878914,3,0,0,1.0,1.0,1.0,0.948038534878914,0,0,0,0.0,0.0,0.0,0,0,0,0.0,0.0,0.0
COCO,319721,4,4,0,0,4,24,8,24,32,17,0,0,8,0.0158049839999989,0.0074651940000194,0.0,0.0074651940000194,0.0076174920000084,0.0234230629999956,Optimal,0,none,3.464929092612628,0,13,100.0,100.0,100.0,2.0,3,1,1,0.75,0.75,0.75,0.8791372285688736,3,1,1,0.75,0.75,0.75,0.8791372285688736,3,1,1,0.75,0.75,0.75,0.8791372285688736,0,0,0,0.0,0.0,0.0,0,0,0,0.0,0.0,0.0
COCO,165351,6,6,0,0,0,0,0,0,0,0,0,0,1,0.0160823159999949,0.0051428769999688,0.0,0.0051428769999688,0.0051812990000144,0.0212640029999988,Optimal,0,none,,0,1,100.0,0.0,0.0,0.0,0,0,6,0.0,0.0,0.0,0.0,0,0,6,0.0,0.0,0.0,0.0,0,0,6,0.0,0.0,0.0,0.0,0,0,0,0.0,0.0,0.0,0,0,0,0.0,0.0,0.0
COCO,347265,2,2,0,0,3,10,6,10,16,10,0,0,6,0.0148418509999714,0.0065990850000048,0.0,0.0065990850000048,0.0067246180000211,0.0215668709999476,Optimal,0,none,2.4012710530028687,0,10,100.0,100.0,100.0,2.0,2,1,0,0.6666666666666666,1.0,0.8,0.7293135248154516,2,1,0,0.6666666666666666,1.0,0.8,0.7293135248154516,2,1,0,0.6666666666666666,1.0,0.8,0.7293135248154516,0,0,0,0.0,0.0,0.0,0,0,0,0.0,0.0,0.0
COCO,414170,7,7,0,0,5,39,10,39,49,26,0,0,10,0.0140210490000072,0.0088068140000245,0.0,0.0088068140000245,0.0089833309999676,0.023004813,Optimal,0,none,4.353546453317008,0,16,100.0,100.0,100.0,2.0,5,0,2,1.0,0.7142857142857143,0.8333333333333333,0.8407176923240819,5,0,2,1.0,0.7142857142857143,0.8333333333333333,0.8407176923240819,5,0,2,1.0,0.7142857142857143,0.8333333333333333,0.8407176923240819,0,0,0,0.0,0.0,0.0,0,0,0,0.0,0.0,0.0
COCO,231508,26,26,0,0,13,305,26,305,331,170,0,0,26,0.0164791480000303,0.0188003929999922,0.0,0.0188003929999922,0.0192863949999946,0.0357660360000409,Optimal,0,none,10.347715086035306,0,40,100.0,100.0,100.0,2.0,10,3,16,0.7692307692307693,0.3846153846153846,0.5128205128205128,0.8075357231501343,10,3,16,0.7692307692307693,0.3846153846153846,0.5128205128205128,0.8075357231501343,10,3,16,0.7692307692307693,0.3846153846153846,0.5128205128205128,0.8075357231501343,0,0,0,0.0,0.0,0.0,0,0,0,0.0,0.0,0.0
COCO,389381,6,6,0,0,8,117,16,117,133,65,0,0,16,0.0165864939999664,0.0113110419999884,0.0,0.0113110419999884,0.0115772620000029,0.0281644199999959,Optimal,0,none,6.399347625573479,0,25,100.0,100.0,100.0,2.0,5,3,1,0.625,0.8333333333333334,0.7142857142857143,0.9122096908810884,5,3,1,0.625,0.8333333333333334,0.7142857142857143,0.9122096908810884,5,3,1,0.625,0.8333333333333334,0.7142857142857143,0.9122096908810884,0,0,0,0.0,0.0,0.0,0,0,0,0.0,0.0,0.0
COCO,118921,3,3,0,0,2,2,4,2,6,5,0,0,4,0.0141458180000313,0.0062552709999863,0.0,0.0062552709999863,0.0063507579999964,0.0204970739999907,Optimal,0,none,1.5745042594273886,0,5,100.0,100.0,100.0,2.0,2,0,1,1.0,0.6666666666666666,0.8,0.9614069036944756,2,0,1,1.0,0.6666666666666666,0.8,0.9614069036944756,2,0,1,1.0,0.6666666666666666,0.8,0.9614069036944756,0,0,0,0.0,0.0,0.0,0,0,0,0.0,0.0,0.0
COCO,21503,8,8,0,0,2,4,4,4,8,5,0,0,4,0.0132907459999955,0.0062959519999594,0.0,0.0062959519999594,0.0063898959999733,0.019681079999998,Optimal,0,none,1.2043727548917138,0,5,100.0,100.0,100.0,2.0,0,2,8,0.0,0.0,0.0,0.9739677540679708,0,2,8,0.0,0.0,0.0,0.9739677540679708,0,2,8,0.0,0.0,0.0,0.9739677540679708,0,0,0,0.0,0.0,0.0,0,0,0,0.0,0.0,0.0
COCO,785,2,2,0,0,2,3,4,3,7,5,0,0,4,0.0132655210000507,0.0062830809999923,0.0,0.0062830809999923,0.0063749560000019,0.019640862000017,Optimal,0,none,1.4314353736241658,0,5,100.0,100.0,100.0,2.0,2,0,0,1.0,1.0,1.0,0.9388114439911144,2,0,0,1.0,1.0,1.0,0.9388114439911144,2,0,0,1.0,1.0,1.0,0.9388114439911144,0,0,0,0.0,0.0,0.0,0,0,0,0.0,0.0,0.0
COCO,300842,1,1,0,0,2,2,4,2,6,5,0,0,4,0.0116557949999673,0.0062711850000027,0.0,0.0062711850000027,0.0063745070000322,0.0180307569999627,Optimal,0,none,1.2467365821202596,0,5,100.0,100.0,100.0,2.0,1,1,0,0.5,1.0,0.6666666666666666,0.6246241769296125,1,1,0,0.5,1.0,0.6666666666666666,0.6246241769296125,1,1,0,0.5,1.0,0.6666666666666666,0.6246241769296125,0,0,0,0.0,0.0,0.0,0,0,0,0.0,0.0,0.0
COCO,105014,6,6,0,0,5,40,10,40,50,26,0,0,10,0.0149776909999559,0.0080144059999724,0.0,0.0080144059999724,0.008207432000006,0.0231855619999805,Optimal,0,none,3.9853529446139406,0,16,100.0,100.0,100.0,2.0,3,2,3,0.6,0.5,0.5454545454545454,0.9140180107666488,3,2,3,0.6,0.5,0.5454545454545454,0.9140180107666488,3,2,3,0.6,0.5,0.5454545454545454,0.9140180107666488,0,0,0,0.0,0.0,0.0,0,0,0,0.0,0.0,0.0
COCO,261982,5,5,0,0,4,18,8,18,26,17,0,0,8,0.0143233730000247,0.0082176270000218,0.0,0.0082176270000218,0.0083605319999833,0.0226843680000001,Optimal,0,none,3.325381595293682,0,13,100.0,100.0,100.0,2.0,4,0,1,1.0,0.8,0.888888888888889,0.7870664888990492,4,0,1,1.0,0.8,0.888888888888889,0.7870664888990492,4,0,1,1.0,0.8,0.888888888888889,0.7870664888990492,0,0,0,0.0,0.0,0.0,0,0,0,0.0,0.0,0.0
COCO,34205,3,3,0,0,1,0,2,0,2,1,0,0,2,0.0140568480000524,0.0067098060000034,0.0,0.0067098060000034,0.0067846610000401,0.0208420200000318,Optimal,0,none,0.5027727524439494,0,2,100.0,100.0,100.0,2.0,0,1,3,0.0,0.0,0.0,0.0,0,1,3,0.0,0.0,0.0,0.0,0,1,3,0.0,0.0,0.0,0.0,0,0,0,0.0,0.0,0.0,0,0,0,0.0,0.0,0.0
COCO,99242,2,2,0,0,2,4,4,4,8,5,0,0,4,0.0128841650000026,0.0066570159999628,0.0,0.0066570159999628,0.0067574130000025,0.0196419609999907,Optimal,0,none,1.5333660395940147,0,5,100.0,100.0,100.0,2.0,2,0,0,1.0,1.0,1.0,0.949831384565957,2,0,0,1.0,1.0,1.0,0.949831384565957,2,0,0,1.0,1.0,1.0,0.949831384565957,0,0,0,0.0,0.0,0.0,0,0,0,0.0,0.0,0.0
COCO,314709,2,2,0,0,2,2,4,2,6,5,0,0,4,0.0130117969999901,0.0068231479999667,0.0,0.0068231479999667,0.0069202380000206,0.0199325170000292,Optimal,0,none,1.5055587323506674,0,5,100.0,100.0,100.0,2.0,2,0,0,1.0,1.0,1.0,0.8746377502706686,2,0,0,1.0,1.0,1.0,0.8746377502706686,2,0,0,1.0,1.0,1.0,0.8746377502706686,0,0,0,0.0,0.0,0.0,0,0,0,0.0,0.0,0.0
COCO,460494,9,9,0,0,8,115,16,115,131,65,0,0,16,0.0138794189999771,0.0111854549999748,0.0,0.0111854549999748,0.0114786839999965,0.025358682999979,Optimal,0,none,6.748327959442735,0,25,100.0,100.0,100.0,2.0,4,4,5,0.5,0.4444444444444444,0.4705882352941176,0.9241129953891676,4,4,5,0.5,0.4444444444444444,0.4705882352941176,0.9241129953891676,4,4,5,0.5,0.4444444444444444,0.4705882352941176,0.9241129953891676,0,0,0,0.0,0.0,0.0,0,0,0,0.0,0.0,0.0
COCO,339442,3,3,0,0,2,4,4,4,8,5,0,0,4,0.0537286119999862,0.0066682699999773,0.0,0.0066682699999773,0.0067657729999837,0.0604948860000149,Optimal,0,none,1.4258181126912437,0,5,100.0,100.0,100.0,2.0,2,0,1,1.0,0.6666666666666666,0.8,0.877672459733198,2,0,1,1.0,0.6666666666666666,0.8,0.877672459733198,2,0,1,1.0,0.6666666666666666,0.8,0.877672459733198,0,0,0,0.0,0.0,0.0,0,0,0,0.0,0.0,0.0
COCO,541055,11,11,0,0,6,49,12,49,61,37,0,0,12,0.0130981969999766,0.0086407440000471,0.0,0.0086407440000471,0.0088366109999924,0.0219352120000166,Optimal,0,none,5.313911931514741,0,19,100.0,100.0,100.0,2.0,5,1,6,0.8333333333333334,0.4545454545454545,0.5882352941176471,0.8017291553517246,5,1,6,0.8333333333333334,0.4545454545454545,0.5882352941176471,0.8017291553517246,5,1,6,0.8333333333333334,0.4545454545454545,0.5882352941176471,0.8017291553517246,0,0,0,0.0,0.0,0.0,0,0,0,0.0,0.0,0.0
COCO,409475,2,2,0,0,2,2,4,2,6,5,0,0,4,0.0134204220000242,0.006330838999986,0.0,0.006330838999986,0.0064229339999997,0.0198438319999922,Optimal,0,none,1.5488450892766314,0,5,100.0,100.0,100.0,2.0,2,0,0,1.0,1.0,1.0,0.96484217752656,2,0,0,1.0,1.0,1.0,0.96484217752656,2,0,0,1.0,1.0,1.0,0.96484217752656,0,0,0,0.0,0.0,0.0,0,0,0,0.0,0.0,0.0
COCO,464786,2,2,0,0,3,10,6,10,16,10,0,0,6,0.0128181619999736,0.0062817689999974,0.0,0.0062817689999974,0.0064031370000066,0.0192216940000093,Optimal,0,none,2.36848702235614,0,10,100.0,100.0,100.0,2.0,2,1,0,0.6666666666666666,1.0,0.8,0.7201163091241565,2,1,0,0.6666666666666666,1.0,0.8,0.7201163091241565,2,1,0,0.6666666666666666,1.0,0.8,0.7201163091241565,0,0,0,0.0,0.0,0.0,0,0,0,0.0,0.0,0.0
COCO,378605,4,4,0,0,2,4,4,4,8,5,0,0,4,0.0128826260000209,0.0063673980000089,0.0,0.0063673980000089,0.0064656100000206,0.0193486900000152,Optimal,0,none,1.61087344010671,0,5,100.0,100.0,100.0,2.0,2,0,2,1.0,0.5,0.6666666666666666,0.9233028275409204,2,0,2,1.0,0.5,0.6666666666666666,0.9233028275409204,2,0,2,1.0,0.5,0.6666666666666666,0.9233028275409204,0,0,0,0.0,0.0,0.0,0,0,0,0.0,0.0,0.0
COCO,331817,17,17,0,0,10,175,20,175,195,101,0,0,20,0.0146212910000258,0.0123973120000187,0.0,0.0123973120000187,0.0128006770000297,0.027422419000004,Optimal,0,none,8.268385901186024,0,31,100.0,100.0,100.0,2.0,7,3,10,0.7,0.4117647058823529,0.5185185185185185,0.8689029725122198,7,3,10,0.7,0.4117647058823529,0.5185185185185185,0.8689029725122198,7,3,10,0.7,0.4117647058823529,0.5185185185185185,0.8689029725122198,0,0,0,0.0,0.0,0.0,0,0,0,0.0,0.0,0.0
COCO,218091,7,7,0,0,4,24,8,24,32,17,0,0,8,0.0144895300000484,0.0075156870000228,0.0,0.0075156870000228,0.0076844559999926,0.0221745120000491,Optimal,0,none,3.195138832728069,0,13,100.0,100.0,100.0,2.0,3,1,4,0.75,0.4285714285714285,0.5454545454545454,0.8603688495772271,3,1,4,0.75,0.4285714285714285,0.5454545454545454,0.8603688495772271,3,1,4,0.75,0.4285714285714285,0.5454545454545454,0.8603688495772271,0,0,0,0.0,0.0,0.0,0,0,0,0.0,0.0,0.0
COCO,578545,4,4,0,0,3,9,6,9,15,9,0,0,6,0.0155637290000072,0.0066848230000005,0.0,0.0066848230000005,0.0068344349999733,0.0223986540000282,Optimal,0,none,2.2166099095344545,0,9,100.0,100.0,100.0,2.0,2,1,2,0.6666666666666666,0.5,0.5714285714285715,0.9147801576368564,2,1,2,0.6666666666666666,0.5,0.5714285714285715,0.9147801576368564,2,1,2,0.6666666666666666,0.5,0.5714285714285715,0.9147801576368564,0,0,0,0.0,0.0,0.0,0,0,0,0.0,0.0,0.0
COCO,363207,14,14,0,0,11,207,22,207,229,122,0,0,22,0.0168662460000064,0.0159893849999548,0.0,0.0159893849999548,0.0164059840000163,0.0332727800000043,Optimal,0,none,8.854531272252403,0,34,100.0,100.0,100.0,2.0,8,3,6,0.7272727272727273,0.5714285714285714,0.64,0.804688324670919,8,3,6,0.7272727272727273,0.5714285714285714,0.64,0.804688324670919,8,3,6,0.7272727272727273,0.5714285714285714,0.64,0.804688324670919,0,0,0,0.0,0.0,0.0,0,0,0,0.0,0.0,0.0
COCO,372577,3,3,0,0,3,12,6,12,18,10,0,0,6,0.0151118800000062,0.006867451000005,0.0,0.006867451000005,0.0069941779999567,0.0221066260000384,Optimal,0,none,2.772107763290406,0,10,100.0,100.0,100.0,2.0,3,0,0,1.0,1.0,1.0,0.9097529512798928,3,0,0,1.0,1.0,1.0,0.9097529512798928,3,0,0,1.0,1.0,1.0,0.9097529512798928,0,0,0,0.0,0.0,0.0,0,0,0,0.0,0.0,0.0
COCO,212166,1,1,0,0,3,8,6,8,14,10,0,0,6,0.016684314000031,0.0078870080000115,0.0,0.0078870080000115,0.0080211530000156,0.0247059089999766,Optimal,0,none,2.51949030984309,0,10,100.0,100.0,100.0,2.0,1,2,0,0.3333333333333333,1.0,0.5,0.9495531440125748,1,2,0,0.3333333333333333,1.0,0.5,0.9495531440125748,1,2,0,0.3333333333333333,1.0,0.5,0.9495531440125748,0,0,0,0.0,0.0,0.0,0,0,0,0.0,0.0,0.0
COCO,172571,8,8,0,0,10,171,20,171,191,101,0,0,20,0.0220227930000191,0.0193321119999723,0.0,0.0193321119999723,0.0202049309999665,0.0422284580000109,Optimal,0,none,8.025326320116775,0,31,100.0,100.0,100.0,2.0,4,6,4,0.4,0.5,0.4444444444444445,0.8191420774494611,4,6,4,0.4,0.5,0.4444444444444445,0.8191420774494611,4,6,4,0.4,0.5,0.4444444444444445,0.8191420774494611,0,0,0,0.0,0.0,0.0,0,0,0,0.0,0.0,0.0
COCO,294831,5,5,0,0,5,39,10,39,49,26,0,0,10,0.0130622249999987,0.008284212000035,0.0,0.008284212000035,0.0084768730000064,0.0215395860000171,Optimal,0,none,4.140927814362831,0,16,100.0,100.0,100.0,2.0,4,1,1,0.8,0.8,0.8000000000000002,0.9224557852448582,4,1,1,0.8,0.8,0.8000000000000002,0.9224557852448582,4,1,1,0.8,0.8,0.8000000000000002,0.9224557852448582,0,0,0,0.0,0.0,0.0,0,0,0,0.0,0.0,0.0
COCO,84431,2,2,0,0,3,9,6,9,15,10,0,0,6,0.0530505610000204,0.0074200349999955,0.0,0.0074200349999955,0.0075614169999767,0.0606124839999893,Optimal,0,none,2.717042925022662,0,10,100.0,100.0,100.0,2.0,2,1,0,0.6666666666666666,1.0,0.8,0.962592124987052,2,1,0,0.6666666666666666,1.0,0.8,0.962592124987052,2,1,0,0.6666666666666666,1.0,0.8,0.962592124987052,0,0,0,0.0,0.0,0.0,0,0,0,0.0,0.0,0.0
COCO,323355,3,3,0,0,4,24,8,24,32,17,0,0,8,0.0143572660000472,0.00694554100005,0.0,0.00694554100005,0.0070866840000007,0.0214443830000163,Optimal,0,none,3.32408888022105,0,13,100.0,100.0,100.0,2.0,3,1,0,0.75,1.0,0.8571428571428571,0.8733983511998388,3,1,0,0.75,1.0,0.8571428571428571,0.8733983511998388,3,1,0,0.75,1.0,0.8571428571428571,0.8733983511998388,0,0,0,0.0,0.0,0.0,0,0,0,0.0,0.0,0.0
COCO,355325,11,11,0,0,6,50,12,50,62,37,0,0,12,0.0134918469999547,0.0091922999999951,0.0,0.0091922999999951,0.0094073579999758,0.0228996869999491,Optimal,0,none,5.202150576972225,0,19,100.0,100.0,100.0,2.0,6,0,5,1.0,0.5454545454545454,0.7058823529411764,0.850286302101436,6,0,5,1.0,0.5454545454545454,0.7058823529411764,0.850286302101436,6,0,5,1.0,0.5454545454545454,0.7058823529411764,0.850286302101436,0,0,0,0.0,0.0,0.0,0,0,0,0.0,0.0,0.0
COCO,100582,3,3,0,0,1,0,2,0,2,1,0,0,2,0.0146571319999679,0.0061572839999826,0.0,0.0061572839999826,0.0062213100000008,0.0208789379999529,Optimal,0,none,0.6329883495966593,0,2,100.0,100.0,100.0,2.0,1,0,2,1.0,0.3333333333333333,0.5,0.9753228332700248,1,0,2,1.0,0.3333333333333333,0.5,0.9753228332700248,1,0,2,1.0,0.3333333333333333,0.5,0.9753228332700248,0,0,0,0.0,0.0,0.0,0,0,0,0.0,0.0,0.0
COCO,555412,1,1,0,0,1,0,2,0,2,1,0,0,2,0.013715980000029,0.0062530000000151,0.0,0.0062530000000151,0.0063209369999981,0.0200374140000008,Optimal,0,none,0.5891117493311564,0,2,100.0,100.0,100.0,2.0,1,0,0,1.0,1.0,1.0,0.9902382416618826,1,0,0,1.0,1.0,1.0,0.9902382416618826,1,0,0,1.0,1.0,1.0,0.9902382416618826,0,0,0,0.0,0.0,0.0,0,0,0,0.0,0.0,0.0
COCO,4495,3,3,0,0,3,12,6,12,18,10,0,0,6,0.0162803160000066,0.0076244040000119,0.0,0.0076244040000119,0.0078206239999758,0.0241015919999654,Optimal,0,none,2.7774795150756844,0,10,100.0,100.0,100.0,2.0,3,0,0,1.0,1.0,1.0,0.971326657339338,3,0,0,1.0,1.0,1.0,0.971326657339338,3,0,0,1.0,1.0,1.0,0.971326657339338,0,0,0,0.0,0.0,0.0,0,0,0,0.0,0.0,0.0
COCO,9483,6,6,0,0,7,76,14,76,90,50,0,0,14,0.0136083990000202,0.0098093610000091,0.0,0.0098093610000091,0.0100927980000165,0.0237017090000222,Optimal,0,none,5.9575637690226255,0,22,100.0,100.0,100.0,2.0,4,3,2,0.5714285714285714,0.6666666666666666,0.6153846153846153,0.927151567504324,4,3,2,0.5714285714285714,0.6666666666666666,0.6153846153846153,0.927151567504324,4,3,2,0.5714285714285714,0.6666666666666666,0.6153846153846153,0.927151567504324,0,0,0,0.0,0.0,0.0,0,0,0,0.0,0.0,0.0
COCO,326082,17,17,0,0,8,107,16,107,123,65,0,0,16,0.0142670789999783,0.0108163610000246,0.0,0.0108163610000246,0.0110796789999767,0.0253472150000106,Optimal,0,none,6.779224394285761,0,25,100.0,100.0,100.0,2.0,5,3,12,0.625,0.2941176470588235,0.4,0.8709069137313326,5,3,12,0.625,0.2941176470588235,0.4,0.8709069137313326,5,3,12,0.625,0.2941176470588235,0.4,0.8709069137313326,0,0,0,0.0,0.0,0.0,0,0,0,0.0,0.0,0.0
COCO,398237,5,5,0,0,4,20,8,20,28,17,0,0,8,0.0159364449999657,0.0076384829999938,0.0,0.0076384829999938,0.0077855360000285,0.023722470999985,Optimal,0,none,3.2092069355646777,0,13,100.0,100.0,100.0,2.0,1,3,4,0.25,0.2,0.2222222222222222,0.9407520496306324,1,3,4,0.25,0.2,0.2222222222222222,0.9407520496306324,1,3,4,0.25,0.2,0.2222222222222222,0.9407520496306324,0,0,0,0.0,0.0,0.0,0,0,0,0.0,0.0,0.0
COCO,507223,9,9,0,0,7,74,14,74,88,50,0,0,14,0.014799484999969,0.009684213000014,0.0,0.009684213000014,0.009925389999978,0.0247253260000093,Optimal,0,none,5.863958329359693,0,22,100.0,100.0,100.0,2.0,6,1,3,0.8571428571428571,0.6666666666666666,0.75,0.8383738314803787,6,1,3,0.8571428571428571,0.6666666666666666,0.75,0.8383738314803787,6,1,3,0.8571428571428571,0.6666666666666666,0.75,0.8383738314803787,0,0,0,0.0,0.0,0.0,0,0,0,0.0,0.0,0.0
COCO,31050,1,1,0,0,3,10,6,10,16,10,0,0,6,0.0137707449999879,0.0062954699999977,0.0,0.0062954699999977,0.0064421590000165,0.0202133120000098,Optimal,0,none,2.2199258518219,0,10,100.0,100.0,100.0,2.0,1,2,0,0.3333333333333333,1.0,0.5,0.8223771871650155,1,2,0,0.3333333333333333,1.0,0.5,0.8223771871650155,1,2,0,0.3333333333333333,1.0,0.5,0.8223771871650155,0,0,0,0.0,0.0,0.0,0,0,0,0.0,0.0,0.0
COCO,239537,3,3,0,0,3,12,6,12,18,10,0,0,6,0.0137219670000376,0.0062937710000028,0.0,0.0062937710000028,0.0064170389999844,0.0201394530000129,Optimal,0,none,2.7690569829940803,0,10,100.0,100.0,100.0,2.0,3,0,0,1.0,1.0,1.0,0.929388468803776,3,0,0,1.0,1.0,1.0,0.929388468803776,3,0,0,1.0,1.0,1.0,0.929388468803776,0,0,0,0.0,0.0,0.0,0,0,0,0.0,0.0,0.0
COCO,340930,2,2,0,0,4,27,8,27,35,17,0,0,8,0.013228789999971,0.0084428449999904,0.0,0.0084428449999904,0.008598744999972,0.0218280849999814,Optimal,0,none,2.830129021072039,0,13,100.0,100.0,100.0,2.0,1,3,1,0.25,0.5,0.3333333333333333,0.970956943130756,1,3,1,0.25,0.5,0.3333333333333333,0.970956943130756,1,3,1,0.25,0.5,0.3333333333333333,0.970956943130756,0,0,0,0.0,0.0,0.0,0,0,0,0.0,0.0,0.0
COCO,11813,2,2,0,0,0,0,0,0,0,0,0,0,1,0.012176031000024,0.005065127000023,0.0,0.005065127000023,0.0051032329999998,0.0172796439999842,Optimal,0,none,,0,1,100.0,0.0,0.0,0.0,0,0,2,0.0,0.0,0.0,0.0,0,0,2,0.0,0.0,0.0,0.0,0,0,2,0.0,0.0,0.0,0.0,0,0,0,0.0,0.0,0.0,0,0,0,0.0,0.0,0.0
COCO,281414,3,3,0,0,2,5,4,5,9,5,0,0,4,0.0136106009999821,0.0066322499999955,0.0,0.0066322499999955,0.006729402000019,0.020340410000017,Optimal,0,none,1.4827946933110558,0,5,100.0,100.0,100.0,2.0,2,0,1,1.0,0.6666666666666666,0.8,0.7146498504646874,2,0,1,1.0,0.6666666666666666,0.8,0.7146498504646874,2,0,1,1.0,0.6666666666666666,0.8,0.7146498504646874,0,0,0,0.0,0.0,0.0,0,0,0,0.0,0.0,0.0
COCO,537991,7,7,0,0,6,60,12,60,72,37,0,0,12,0.0144174899999711,0.0087350089999631,0.0,0.0087350089999631,0.0089447049999762,0.0233627100000148,Optimal,0,none,5.216246588230135,0,19,100.0,100.0,100.0,2.0,5,1,2,0.8333333333333334,0.7142857142857143,0.7692307692307692,0.8368452238771,5,1,2,0.8333333333333334,0.7142857142857143,0.7692307692307692,0.8368452238771,5,1,2,0.8333333333333334,0.7142857142857143,0.7692307692307692,0.8368452238771,0,0,0,0.0,0.0,0.0,0,0,0,0.0,0.0,0.0
COCO,284282,1,1,0,0,1,0,2,0,2,1,0,0,2,0.0128541340000083,0.0061760959999901,0.0,0.0061760959999901,0.0062464320000117,0.0191010429999778,Optimal,0,none,0.5388722817103069,0,2,100.0,100.0,100.0,2.0,0,1,1,0.0,0.0,0.0,0.0,0,1,1,0.0,0.0,0.0,0.0,0,1,1,0.0,0.0,0.0,0.0,0,0,0,0.0,0.0,0.0,0,0,0,0.0,0.0,0.0
COCO,321333,3,3,0,0,3,10,6,10,16,10,0,0,6,0.013631231999966,0.0066557289999877,0.0,0.0066557289999877,0.0067801649999523,0.0204119509999713,Optimal,0,none,2.4210903239250183,0,10,100.0,100.0,100.0,2.0,3,0,0,1.0,1.0,1.0,0.7391343798694344,3,0,0,1.0,1.0,1.0,0.7391343798694344,3,0,0,1.0,1.0,1.0,0.7391343798694344,0,0,0,0.0,0.0,0.0,0,0,0,0.0,0.0,0.0
COCO,521282,1,1,0,0,1,0,2,0,2,1,0,0,2,0.0130309900000042,0.0062993669999968,0.0,0.0062993669999968,0.0063681450000103,0.0193995260000292,Optimal,0,none,0.6139049688975016,0,2,100.0,100.0,100.0,2.0,1,0,0,1.0,1.0,1.0,0.9352123608465424,1,0,0,1.0,1.0,1.0,0.9352123608465424,1,0,0,1.0,1.0,1.0,0.9352123608465424,0,0,0,0.0,0.0,0.0,0,0,0,0.0,0.0,0.0
COCO,108026,3,3,0,0,3,12,6,12,18,10,0,0,6,0.0138218529999676,0.0066271020000385,0.0,0.0066271020000385,0.0067537610000272,0.0205760860000054,Optimal,0,none,2.333230709241781,0,10,100.0,100.0,100.0,2.0,2,1,1,0.6666666666666666,0.6666666666666666,0.6666666666666666,0.9760917511879516,2,1,1,0.6666666666666666,0.6666666666666666,0.6666666666666666,0.9760917511879516,2,1,1,0.6666666666666666,0.6666666666666666,0.6666666666666666,0.9760917511879516,0,0,0,0.0,0.0,0.0,0,0,0,0.0,0.0,0.0
COCO,243204,4,4,0,0,1,0,2,0,2,1,0,0,2,0.0142986700000165,0.0067068760000097,0.0,0.0067068760000097,0.006775636000043,0.0210748189999776,Optimal,0,none,0.528244177500407,0,2,100.0,100.0,100.0,2.0,1,0,3,1.0,0.25,0.4,0.5759383109687994,1,0,3,1.0,0.25,0.4,0.5759383109687994,1,0,3,1.0,0.25,0.4,0.5759383109687994,0,0,0,0.0,0.0,0.0,0,0,0,0.0,0.0,0.0
COCO,177935,13,13,0,0,3,14,6,14,20,10,0,0,6,0.0156073890000243,0.0070964739999794,0.0,0.0070964739999794,0.0072386520000122,0.0228465470000287,Optimal,0,none,2.355235514640809,0,10,100.0,100.0,100.0,2.0,2,1,11,0.6666666666666666,0.1538461538461538,0.25,0.7666417897667601,2,1,11,0.6666666666666666,0.1538461538461538,0.25,0.7666417897667601,2,1,11,0.6666666666666666,0.1538461538461538,0.25,0.7666417897667601,0,0,0,0.0,0.0,0.0,0,0,0,0.0,0.0,0.0
COCO,38829,12,12,0,0,9,121,18,121,139,82,0,0,18,0.0156812999999829,0.0119171040000196,0.0,0.0119171040000196,0.012264368999979,0.0279465229999686,Optimal,0,none,7.929462592601778,0,28,100.0,100.0,100.0,2.0,8,1,4,0.8888888888888888,0.6666666666666666,0.761904761904762,0.8345108026770066,8,1,4,0.8888888888888888,0.6666666666666666,0.761904761904762,0.8345108026770066,8,1,4,0.8888888888888888,0.6666666666666666,0.761904761904762,0.8345108026770066,0,0,0,0.0,0.0,0.0,0,0,0,0.0,0.0,0.0
COCO,397327,2,2,0,0,2,4,4,4,8,5,0,0,4,0.0125469170000087,0.0068728389999819,0.0,0.0068728389999819,0.0069922900000278,0.0195400129999825,Optimal,0,none,1.4808430941899615,0,5,100.0,100.0,100.0,2.0,2,0,0,1.0,1.0,1.0,0.9013225225519692,2,0,0,1.0,1.0,1.0,0.9013225225519692,2,0,0,1.0,1.0,1.0,0.9013225225519692,0,0,0,0.0,0.0,0.0,0,0,0,0.0,0.0,0.0
COCO,501523,5,5,0,0,5,39,10,39,49,26,0,0,10,0.015705094999987,0.0081921440000201,0.0,0.0081921440000201,0.0083898290000092,0.0240953850000096,Optimal,0,none,4.121529794534048,0,16,100.0,100.0,100.0,2.0,3,2,2,0.6,0.6,0.6,0.870832287083839,3,2,2,0.6,0.6,0.6,0.870832287083839,3,2,2,0.6,0.6,0.6,0.870832287083839,0,0,0,0.0,0.0,0.0,0,0,0,0.0,0.0,0.0
COCO,555050,18,18,0,0,10,175,20,175,195,101,0,0,20,0.0144057430000543,0.0129066260000172,0.0,0.0129066260000172,0.0132784749999927,0.027684736000026,Optimal,0,none,8.357137347402904,0,31,100.0,100.0,100.0,2.0,6,4,12,0.6,0.3333333333333333,0.4285714285714285,0.7921844215907472,6,4,12,0.6,0.3333333333333333,0.4285714285714285,0.7921844215907472,6,4,12,0.6,0.3333333333333333,0.4285714285714285,0.7921844215907472,0,0,0,0.0,0.0,0.0,0,0,0,0.0,0.0,0.0
COCO,376442,2,2,0,0,1,0,2,0,2,1,0,0,2,0.0122619119999853,0.0058852029999911,0.0,0.0058852029999911,0.0059484849999762,0.0182108289999973,Optimal,0,none,0.5885992924372355,0,2,100.0,100.0,100.0,2.0,1,0,1,1.0,0.5,0.6666666666666666,0.8722026700887596,1,0,1,1.0,0.5,0.6666666666666666,0.8722026700887596,1,0,1,1.0,0.5,0.6666666666666666,0.8722026700887596,0,0,0,0.0,0.0,0.0,0,0,0,0.0,0.0,0.0
COCO,187243,3,3,0,0,2,4,4,4,8,5,0,0,4,0.0127323419999925,0.0067761210000298,0.0,0.0067761210000298,0.006872560999966,0.0196053630000392,Optimal,0,none,1.5882376941045129,0,5,100.0,100.0,100.0,2.0,2,0,1,1.0,0.6666666666666666,0.8,0.9085969368180432,2,0,1,1.0,0.6666666666666666,0.8,0.9085969368180432,2,0,1,1.0,0.6666666666666666,0.8,0.9085969368180432,0,0,0,0.0,0.0,0.0,0,0,0,0.0,0.0,0.0
COCO,356347,3,3,0,0,1,0,2,0,2,1,0,0,2,0.0152108759999691,0.0063419770000336,0.0,0.0063419770000336,0.006414296999992,0.0216256569999586,Optimal,0,none,0.4821222941080729,0,2,100.0,100.0,100.0,2.0,1,0,2,1.0,0.3333333333333333,0.5,0.7523007569186192,1,0,2,1.0,0.3333333333333333,0.5,0.7523007569186192,1,0,2,1.0,0.3333333333333333,0.5,0.7523007569186192,0,0,0,0.0,0.0,0.0,0,0,0,0.0,0.0,0.0
COCO,293044,4,4,0,0,3,12,6,12,18,10,0,0,6,0.0119035049999638,0.0074539830000048,0.0,0.0074539830000048,0.0075784819999853,0.0194824609999955,Optimal,0,none,2.413514540195466,0,10,100.0,100.0,100.0,2.0,1,2,3,0.3333333333333333,0.25,0.2857142857142857,0.8496573051499077,1,2,3,0.3333333333333333,0.25,0.2857142857142857,0.8496573051499077,1,2,3,0.3333333333333333,0.25,0.2857142857142857,0.8496573051499077,0,0,0,0.0,0.0,0.0,0,0,0,0.0,0.0,0.0
COCO,560279,2,2,0,0,3,14,6,14,20,10,0,0,6,0.0167954880000138,0.0069347680000078,0.0,0.0069347680000078,0.0070716309999738,0.0238676669999904,Optimal,0,none,2.468518674373627,0,10,100.0,100.0,100.0,2.0,1,2,1,0.3333333333333333,0.5,0.4,0.850186984151144,1,2,1,0.3333333333333333,0.5,0.4,0.850186984151144,1,2,1,0.3333333333333333,0.5,0.4,0.850186984151144,0,0,0,0.0,0.0,0.0,0,0,0,0.0,0.0,0.0
COCO,42276,2,2,0,0,1,0,2,0,2,1,0,0,2,0.0134443790000204,0.0063047040000014,0.0,0.0063047040000014,0.0063710790000186,0.0198159170000167,Optimal,0,none,0.6345086018244426,0,2,100.0,100.0,100.0,2.0,1,0,1,1.0,0.5,0.6666666666666666,0.9476919389631566,1,0,1,1.0,0.5,0.6666666666666666,0.9476919389631566,1,0,1,1.0,0.5,0.6666666666666666,0.9476919389631566,0,0,0,0.0,0.0,0.0,0,0,0,0.0,0.0,0.0
COCO,534827,10,10,0,0,8,81,16,81,97,65,0,0,16,0.0164276660000268,0.0101406630000155,0.0,0.0101406630000155,0.0104003929999976,0.0268285779999928,Optimal,0,none,6.555357950528465,0,25,100.0,100.0,100.0,2.0,6,2,4,0.75,0.6,0.6666666666666665,0.8370812200739354,6,2,4,0.75,0.6,0.6666666666666665,0.8370812200739354,6,2,4,0.75,0.6,0.6666666666666665,0.8370812200739354,0,0,0,0.0,0.0,0.0,0,0,0,0.0,0.0,0.0
COCO,190756,2,2,0,0,2,3,4,3,7,5,0,0,4,0.0132967939999844,0.0061926839999841,0.0,0.0061926839999841,0.0062874380000153,0.0195846710000182,Optimal,0,none,1.5421497853597006,0,5,100.0,100.0,100.0,2.0,2,0,0,1.0,1.0,1.0,0.9656006896621732,2,0,0,1.0,1.0,1.0,0.9656006896621732,2,0,0,1.0,1.0,1.0,0.9656006896621732,0,0,0,0.0,0.0,0.0,0,0,0,0.0,0.0,0.0
COCO,482917,5,5,0,0,4,23,8,23,31,17,0,0,8,0.0125264630000287,0.0072136750000026,0.0,0.0072136750000026,0.0073535230000061,0.0198804700000323,Optimal,0,none,3.332118536631268,0,13,100.0,100.0,100.0,2.0,1,3,4,0.25,0.2,0.2222222222222222,0.8798177063475012,1,3,4,0.25,0.2,0.2222222222222222,0.8798177063475012,1,3,4,0.25,0.2,0.2222222222222222,0.8798177063475012,0,0,0,0.0,0.0,0.0,0,0,0,0.0,0.0,0.0
COCO,300659,7,7,0,0,7,83,14,83,97,50,0,0,14,0.0135951410000529,0.0094412759999613,0.0,0.0094412759999613,0.0097394149999558,0.0233351200000129,Optimal,0,none,6.489902683526269,0,22,100.0,100.0,100.0,2.0,7,0,0,1.0,1.0,1.0,0.9330553422827632,7,0,0,1.0,1.0,1.0,0.9330553422827632,7,0,0,1.0,1.0,1.0,0.9330553422827632,0,0,0,0.0,0.0,0.0,0,0,0,0.0,0.0,0.0
COCO,199977,1,1,0,0,1,0,2,0,2,1,0,0,2,0.0127000439999847,0.0064524219999952,0.0,0.0064524219999952,0.0065190560000019,0.0192195330000117,Optimal,0,none,0.5919734636942546,0,2,100.0,100.0,100.0,2.0,1,0,0,1.0,1.0,1.0,0.906019268830601,1,0,0,1.0,1.0,1.0,0.906019268830601,1,0,0,1.0,1.0,1.0,0.906019268830601,0,0,0,0.0,0.0,0.0,0,0,0,0.0,0.0,0.0
COCO,442480,4,4,0,0,2,4,4,4,8,5,0,0,4,0.0142261830000052,0.0067121039999733,0.0,0.0067121039999733,0.0068139090000158,0.0210405899999841,Optimal,0,none,1.1449789555867511,0,5,100.0,100.0,100.0,2.0,2,0,2,1.0,0.5,0.6666666666666666,0.7615744520837746,2,0,2,1.0,0.5,0.6666666666666666,0.7615744520837746,2,0,2,1.0,0.5,0.6666666666666666,0.7615744520837746,0,0,0,0.0,0.0,0.0,0,0,0,0.0,0.0,0.0
COCO,384350,2,2,0,0,3,12,6,12,18,10,0,0,6,0.0150831740000398,0.0072424049999995,0.0,0.0072424049999995,0.0073807539999961,0.0224645900000268,Optimal,0,none,2.376871116161347,0,10,100.0,100.0,100.0,2.0,2,1,0,0.6666666666666666,1.0,0.8,0.7029141418425526,2,1,0,0.6666666666666666,1.0,0.8,0.7029141418425526,2,1,0,0.6666666666666666,1.0,0.8,0.7029141418425526,0,0,0,0.0,0.0,0.0,0,0,0,0.0,0.0,0.0
COCO,383621,1,1,0,0,1,0,2,0,2,1,0,0,2,0.013382388000025,0.0061018100000183,0.0,0.0061018100000183,0.0061811040000065,0.0195639540000343,Optimal,0,none,0.6118761936823527,0,2,100.0,100.0,100.0,2.0,1,0,0,1.0,1.0,1.0,0.959737782603842,1,0,0,1.0,1.0,1.0,0.959737782603842,1,0,0,1.0,1.0,1.0,0.959737782603842,0,0,0,0.0,0.0,0.0,0,0,0,0.0,0.0,0.0
COCO,189828,1,1,0,0,1,0,2,0,2,1,0,0,2,0.0162444690000143,0.006074658999978,0.0,0.006074658999978,0.0061393679999923,0.0223842240000067,Optimal,0,none,0.56853875319163,0,2,100.0,100.0,100.0,2.0,1,0,0,1.0,1.0,1.0,0.954096068324599,1,0,0,1.0,1.0,1.0,0.954096068324599,1,0,0,1.0,1.0,1.0,0.954096068324599,0,0,0,0.0,0.0,0.0,0,0,0,0.0,0.0,0.0
COCO,412894,20,20,0,0,14,339,28,339,367,197,0,0,28,0.0151586919999999,0.0187339870000187,0.0,0.0187339870000187,0.0192362729999899,0.034395537000023,Optimal,0,none,11.830044812109088,0,43,100.0,100.0,100.0,2.0,10,4,10,0.7142857142857143,0.5,0.588235294117647,0.8451901754369707,10,4,10,0.7142857142857143,0.5,0.588235294117647,0.8451901754369707,10,4,10,0.7142857142857143,0.5,0.588235294117647,0.8451901754369707,0,0,0,0.0,0.0,0.0,0,0,0,0.0,0.0,0.0
COCO,537153,3,3,0,0,1,0,2,0,2,1,0,0,2,0.012573102000033,0.0062415399999622,0.0,0.0062415399999622,0.0063285169999858,0.0189021159999924,Optimal,0,none,0.4860692660013834,0,2,100.0,100.0,100.0,2.0,1,0,2,1.0,0.3333333333333333,0.5,0.6674573483461398,1,0,2,1.0,0.3333333333333333,0.5,0.6674573483461398,1,0,2,1.0,0.3333333333333333,0.5,0.6674573483461398,0,0,0,0.0,0.0,0.0,0,0,0,0.0,0.0,0.0
COCO,361103,27,27,0,0,18,577,36,577,613,325,0,0,36,0.0154441880000035,0.0272758399999588,0.0,0.0272758399999588,0.0280104199999868,0.0434551320000196,Optimal,0,none,14.893393815139904,0,55,100.0,100.0,100.0,2.0,14,4,13,0.7777777777777778,0.5185185185185185,0.6222222222222222,0.8013939814934831,14,4,13,0.7777777777777778,0.5185185185185185,0.6222222222222222,0.8013939814934831,14,4,13,0.7777777777777778,0.5185185185185185,0.6222222222222222,0.8013939814934831,0,0,0,0.0,0.0,0.0,0,0,0,0.0,0.0,0.0
COCO,392722,15,15,0,0,11,199,22,199,221,122,0,0,22,0.014457961000005,0.0140865690000282,0.0,0.0140865690000282,0.01446762300003,0.0289261359999954,Optimal,0,none,9.36400282700857,0,34,100.0,100.0,100.0,2.0,10,1,5,0.9090909090909092,0.6666666666666666,0.7692307692307692,0.870452043526609,10,1,5,0.9090909090909092,0.6666666666666666,0.7692307692307692,0.870452043526609,10,1,5,0.9090909090909092,0.6666666666666666,0.7692307692307692,0.870452043526609,0,0,0,0.0,0.0,0.0,0,0,0,0.0,0.0,0.0
COCO,338560,12,12,0,0,7,76,14,76,90,50,0,0,14,0.015068790999976,0.0092523889999824,0.0,0.0092523889999824,0.009488704999967,0.0245578919999616,Optimal,0,none,5.989969313434653,0,22,100.0,100.0,100.0,2.0,6,1,6,0.8571428571428571,0.5,0.631578947368421,0.8967999603750051,6,1,6,0.8571428571428571,0.5,0.631578947368421,0.8967999603750051,6,1,6,0.8571428571428571,0.5,0.631578947368421,0.8967999603750051,0,0,0,0.0,0.0,0.0,0,0,0,0.0,0.0,0.0
COCO,264535,5,5,0,0,3,12,6,12,18,10,0,0,6,0.0173209139999812,0.0067872740000325,0.0,0.0067872740000325,0.0069316290000074,0.0242530759999795,Optimal,0,none,2.783860502243043,0,10,100.0,100.0,100.0,2.0,3,0,2,1.0,0.6,0.7499999999999999,0.8456928256938929,3,0,2,1.0,0.6,0.7499999999999999,0.8456928256938929,3,0,2,1.0,0.6,0.7499999999999999,0.8456928256938929,0,0,0,0.0,0.0,0.0,0,0,0,0.0,0.0,0.0
COCO,295231,7,7,0,0,8,106,16,106,122,65,0,0,16,0.0150996390000273,0.0119072659999801,0.0,0.0119072659999801,0.0121955120000052,0.0272956950000207,Optimal,0,none,6.429612266146581,0,25,100.0,100.0,100.0,2.0,7,1,0,0.875,1.0,0.9333333333333332,0.8057929456487629,7,1,0,0.875,1.0,0.9333333333333332,0.8057929456487629,7,1,0,0.875,1.0,0.9333333333333332,0.8057929456487629,0,0,0,0.0,0.0,0.0,0,0,0,0.0,0.0,0.0
COCO,154947,1,1,0,0,1,0,2,0,2,1,0,0,2,0.0160159309999698,0.0063303520000204,0.0,0.0063303520000204,0.0063996150000207,0.022416067999984,Optimal,0,none,0.6338650385538738,0,2,100.0,100.0,100.0,2.0,1,0,0,1.0,1.0,1.0,0.9573888654076244,1,0,0,1.0,1.0,1.0,0.9573888654076244,1,0,0,1.0,1.0,1.0,0.9573888654076244,0,0,0,0.0,0.0,0.0,0,0,0,0.0,0.0,0.0
COCO,212559,10,10,0,0,8,107,16,107,123,65,0,0,16,0.0174591960000043,0.0114757000000054,0.0,0.0114757000000054,0.0117494559999613,0.0292091039999604,Optimal,0,none,7.31109883102946,0,25,100.0,100.0,100.0,2.0,8,0,2,1.0,0.8,0.888888888888889,0.9219433329514696,8,0,2,1.0,0.8,0.888888888888889,0.9219433329514696,8,0,2,1.0,0.8,0.888888888888889,0.9219433329514696,0,0,0,0.0,0.0,0.0,0,0,0,0.0,0.0,0.0
COCO,458755,6,6,0,0,4,19,8,19,27,17,0,0,8,0.0164868279999836,0.0078515280000033,0.0,0.0078515280000033,0.0079994860000169,0.0244868130000099,Optimal,0,none,3.2947586862246205,0,13,100.0,100.0,100.0,2.0,3,1,3,0.75,0.5,0.6,0.7228997762852023,3,1,3,0.75,0.5,0.6,0.7228997762852023,3,1,3,0.75,0.5,0.6,0.7228997762852023,0,0,0,0.0,0.0,0.0,0,0,0,0.0,0.0,0.0
COCO,104782,1,1,0,0,1,0,2,0,2,1,0,0,2,0.0128599349999944,0.0063800259999879,0.0,0.0063800259999879,0.006449219999979,0.0193096529999934,Optimal,0,none,0.5914383808771769,0,2,100.0,100.0,100.0,2.0,1,0,0,1.0,1.0,1.0,0.9155935193633816,1,0,0,1.0,1.0,1.0,0.9155935193633816,1,0,0,1.0,1.0,1.0,0.9155935193633816,0,0,0,0.0,0.0,0.0,0,0,0,0.0,0.0,0.0
COCO,315257,1,1,0,0,2,2,4,2,6,5,0,0,4,0.0151031890000012,0.0065733570000361,0.0,0.0065733570000361,0.0066728399999647,0.0217765219999819,Optimal,0,none,1.381516316731771,0,5,100.0,100.0,100.0,2.0,1,1,0,0.5,1.0,0.6666666666666666,0.8913505017895305,1,1,0,0.5,1.0,0.6666666666666666,0.8913505017895305,1,1,0,0.5,1.0,0.6666666666666666,0.8913505017895305,0,0,0,0.0,0.0,0.0,0,0,0,0.0,0.0,0.0
COCO,130599,1,1,0,0,3,10,6,10,16,10,0,0,6,0.0161936169999989,0.0067280349999805,0.0,0.0067280349999805,0.0068588769999564,0.0230530349999753,Optimal,0,none,2.4428619217872622,0,10,100.0,100.0,100.0,2.0,1,2,0,0.3333333333333333,1.0,0.5,0.97672175997433,1,2,0,0.3333333333333333,1.0,0.5,0.97672175997433,1,2,0,0.3333333333333333,1.0,0.5,0.97672175997433,0,0,0,0.0,0.0,0.0,0,0,0,0.0,0.0,0.0
COCO,227187,11,11,0,0,4,25,8,25,33,17,0,0,8,0.0172803540000359,0.0069476219999842,0.0,0.0069476219999842,0.0070943580000175,0.0243752060000019,Optimal,0,none,3.1628965584437063,0,13,100.0,100.0,100.0,2.0,2,2,9,0.5,0.1818181818181818,0.2666666666666666,0.8859978381347082,2,2,9,0.5,0.1818181818181818,0.2666666666666666,0.8859978381347082,2,2,9,0.5,0.1818181818181818,0.2666666666666666,0.8859978381347082,0,0,0,0.0,0.0,0.0,0,0,0,0.0,0.0,0.0
COCO,151662,2,2,0,0,2,4,4,4,8,5,0,0,4,0.0134761369999978,0.0066497729999923,0.0,0.0066497729999923,0.0067435450000061,0.020220165000012,Optimal,0,none,1.325710276155058,0,5,100.0,100.0,100.0,2.0,1,1,1,0.5,0.5,0.5,0.8553972986216068,1,1,1,0.5,0.5,0.5,0.8553972986216068,1,1,1,0.5,0.5,0.5,0.8553972986216068,0,0,0,0.0,0.0,0.0,0,0,0,0.0,0.0,0.0
COCO,461275,0,0,0,0,0,0,0,0,0,0,0,0,1,0.0129004219999728,0.0050823930000092,0.0,0.0050823930000092,0.0051191580000136,0.01801994799996,Optimal,0,none,,0,1,100.0,0.0,0.0,0.0,0,0,0,0.0,0.0,0.0,0.0,0,0,0,0.0,0.0,0.0,0.0,0,0,0,0.0,0.0,0.0,0.0,0,0,0,0.0,0.0,0.0,0,0,0,0.0,0.0,0.0
COCO,523811,1,1,0,0,2,4,4,4,8,5,0,0,4,0.0138870549999978,0.0067495839999764,0.0,0.0067495839999764,0.0068462989999602,0.0207341119999568,Optimal,0,none,1.4433604033788048,0,5,100.0,100.0,100.0,2.0,1,1,0,0.5,1.0,0.6666666666666666,0.9388730819667032,1,1,0,0.5,1.0,0.6666666666666666,0.9388730819667032,1,1,0,0.5,1.0,0.6666666666666666,0.9388730819667032,0,0,0,0.0,0.0,0.0,0,0,0,0.0,0.0,0.0
COCO,456559,2,2,0,0,1,0,2,0,2,1,0,0,2,0.0136803569999983,0.0062576500000091,0.0,0.0062576500000091,0.0063305670000204,0.0200113920000148,Optimal,0,none,0.620830504099528,0,2,100.0,100.0,100.0,2.0,1,0,1,1.0,0.5,0.6666666666666666,0.9928997269596213,1,0,1,1.0,0.5,0.6666666666666666,0.9928997269596213,1,0,1,1.0,0.5,0.6666666666666666,0.9928997269596213,0,0,0,0.0,0.0,0.0,0,0,0,0.0,0.0,0.0
COCO,101068,2,2,0,0,4,26,8,26,34,17,0,0,8,0.0143448910000074,0.0094404430000167,0.0,0.0094404430000167,0.0095951139999783,0.0239403749999951,Optimal,0,none,3.2073234764734915,0,13,100.0,100.0,100.0,2.0,2,2,0,0.5,1.0,0.6666666666666666,0.9739245447219692,2,2,0,0.5,1.0,0.6666666666666666,0.9739245447219692,2,2,0,0.5,1.0,0.6666666666666666,0.9739245447219692,0,0,0,0.0,0.0,0.0,0,0,0,0.0,0.0,0.0
COCO,140640,11,11,0,0,6,54,12,54,66,37,0,0,12,0.0139989369999966,0.0093663490000039,0.0,0.0093663490000039,0.0095661149999841,0.023565375999965,Optimal,0,none,5.291047430461592,0,19,100.0,100.0,100.0,2.0,6,0,5,1.0,0.5454545454545454,0.7058823529411764,0.8211760837061045,6,0,5,1.0,0.5454545454545454,0.7058823529411764,0.8211760837061045,6,0,5,1.0,0.5454545454545454,0.7058823529411764,0.8211760837061045,0,0,0,0.0,0.0,0.0,0,0,0,0.0,0.0,0.0
COCO,516708,1,1,0,0,1,0,2,0,2,1,0,0,2,0.0135797930000194,0.006138600999975,0.0,0.006138600999975,0.0062042160000146,0.0197846620000063,Optimal,0,none,0.5697134653727214,0,2,100.0,100.0,100.0,2.0,1,0,0,1.0,1.0,1.0,0.9373437313083126,1,0,0,1.0,1.0,1.0,0.9373437313083126,1,0,0,1.0,1.0,1.0,0.9373437313083126,0,0,0,0.0,0.0,0.0,0,0,0,0.0,0.0,0.0
COCO,544605,1,1,0,0,0,0,0,0,0,0,0,0,1,0.0113792650000164,0.0049104779999993,0.0,0.0049104779999993,0.0049467580000168,0.016326284999991,Optimal,0,none,,0,1,100.0,0.0,0.0,0.0,0,0,1,0.0,0.0,0.0,0.0,0,0,1,0.0,0.0,0.0,0.0,0,0,1,0.0,0.0,0.0,0.0,0,0,0,0.0,0.0,0.0,0,0,0,0.0,0.0,0.0
COCO,385190,5,5,0,0,4,24,8,24,32,17,0,0,8,0.0131688330000088,0.0081164329999978,0.0,0.0081164329999978,0.0082635599999889,0.0214328170000044,Optimal,0,none,3.1116028277079275,0,13,100.0,100.0,100.0,2.0,2,2,3,0.5,0.4,0.4444444444444445,0.6815374104688454,2,2,3,0.5,0.4,0.4444444444444445,0.6815374104688454,2,2,3,0.5,0.4,0.4444444444444445,0.6815374104688454,0,0,0,0.0,0.0,0.0,0,0,0,0.0,0.0,0.0
COCO,338986,4,4,0,0,3,10,6,10,16,10,0,0,6,0.0142796349999798,0.0065938530000266,0.0,0.0065938530000266,0.0067181490000507,0.0209982220000028,Optimal,0,none,2.3430193257331853,0,10,100.0,100.0,100.0,2.0,3,0,1,1.0,0.75,0.8571428571428571,0.8661425386053104,3,0,1,1.0,0.75,0.8571428571428571,0.8661425386053104,3,0,1,1.0,0.75,0.8571428571428571,0.8661425386053104,0,0,0,0.0,0.0,0.0,0,0,0,0.0,0.0,0.0
COCO,53994,4,4,0,0,2,4,4,4,8,5,0,0,4,0.015472208999995,0.006547600000033,0.0,0.006547600000033,0.006673099000011,0.022145724999973,Optimal,0,none,1.4142155798276268,0,5,100.0,100.0,100.0,2.0,2,0,2,1.0,0.5,0.6666666666666666,0.6886766597182591,2,0,2,1.0,0.5,0.6666666666666666,0.6886766597182591,2,0,2,1.0,0.5,0.6666666666666666,0.6886766597182591,0,0,0,0.0,0.0,0.0,0,0,0,0.0,0.0,0.0
COCO,61171,7,7,0,0,4,20,8,20,28,17,0,0,8,0.0144653790000006,0.0071810720000371,0.0,0.0071810720000371,0.0073239029999854,0.0217896510000059,Optimal,0,none,3.1100407568613697,0,13,100.0,100.0,100.0,2.0,2,2,5,0.5,0.2857142857142857,0.3636363636363636,0.9133102383944612,2,2,5,0.5,0.2857142857142857,0.3636363636363636,0.9133102383944612,2,2,5,0.5,0.2857142857142857,0.3636363636363636,0.9133102383944612,0,0,0,0.0,0.0,0.0,0,0,0,0.0,0.0,0.0
COCO,314034,26,26,0,0,16,415,32,415,447,257,0,0,32,0.0167755339999757,0.0239003980000234,0.0,0.0239003980000234,0.0245744979999926,0.0413506589999883,Optimal,0,none,13.069696878574293,0,49,100.0,100.0,100.0,2.0,14,2,12,0.875,0.5384615384615384,0.6666666666666667,0.8451227153287657,14,2,12,0.875,0.5384615384615384,0.6666666666666667,0.8451227153287657,14,2,12,0.875,0.5384615384615384,0.6666666666666667,0.8451227153287657,0,0,0,0.0,0.0,0.0,0,0,0,0.0,0.0,0.0
COCO,291490,2,2,0,0,2,4,4,4,8,5,0,0,4,0.013582934999988,0.0061761639999531,0.0,0.0061761639999531,0.0062802570000144,0.0198636209999563,Optimal,0,none,1.366808904012044,0,5,100.0,100.0,100.0,2.0,2,0,0,1.0,1.0,1.0,0.952092073996912,2,0,0,1.0,1.0,1.0,0.952092073996912,2,0,0,1.0,1.0,1.0,0.952092073996912,0,0,0,0.0,0.0,0.0,0,0,0,0.0,0.0,0.0
COCO,152740,15,15,0,0,18,587,36,587,623,325,0,0,36,0.0561862140000357,0.0378117090000387,0.0,0.0378117090000387,0.0392556810000428,0.0954428370000073,Optimal,0,none,14.829388851034258,0,55,100.0,100.0,100.0,2.0,13,5,2,0.7222222222222222,0.8666666666666667,0.7878787878787877,0.8934041850437908,13,5,2,0.7222222222222222,0.8666666666666667,0.7878787878787877,0.8934041850437908,13,5,2,0.7222222222222222,0.8666666666666667,0.7878787878787877,0.8934041850437908,0,0,0,0.0,0.0,0.0,0,0,0,0.0,0.0,0.0
COCO,24919,2,2,0,0,3,10,6,10,16,10,0,0,6,0.0149161439999829,0.0065048160000173,0.0,0.0065048160000173,0.0066234760000156,0.0215400540000132,Optimal,0,none,2.4726280999183654,0,10,100.0,100.0,100.0,2.0,2,1,0,0.6666666666666666,1.0,0.8,0.817789973409625,2,1,0,0.6666666666666666,1.0,0.8,0.817789973409625,2,1,0,0.6666666666666666,1.0,0.8,0.817789973409625,0,0,0,0.0,0.0,0.0,0,0,0,0.0,0.0,0.0
COCO,79837,8,8,0,0,6,50,12,50,62,37,0,0,12,0.013838813999996,0.0122834360000183,0.0,0.0122834360000183,0.0125256599999943,0.0263650919999918,Optimal,0,none,4.447584612369539,0,19,100.0,100.0,100.0,2.0,3,3,5,0.5,0.375,0.4285714285714285,0.7948764565169627,3,3,5,0.5,0.375,0.4285714285714285,0.7948764565169627,3,3,5,0.5,0.375,0.4285714285714285,0.7948764565169627,0,0,0,0.0,0.0,0.0,0,0,0,0.0,0.0,0.0
COCO,21903,3,3,0,0,3,10,6,10,16,10,0,0,6,0.0146655959999861,0.0065530319999993,0.0,0.0065530319999993,0.0066797100000144,0.0213458019999848,Optimal,0,none,2.703339571952821,0,10,100.0,100.0,100.0,2.0,3,0,0,1.0,1.0,1.0,0.9374358062118082,3,0,0,1.0,1.0,1.0,0.9374358062118082,3,0,0,1.0,1.0,1.0,0.9374358062118082,0,0,0,0.0,0.0,0.0,0,0,0,0.0,0.0,0.0
COCO,564133,8,8,0,0,7,48,14,48,62,50,0,0,14,0.014841725999986,0.0087442739999801,0.0,0.0087442739999801,0.0089502540000125,0.023792420999996,Optimal,0,none,5.367093565730017,0,22,100.0,100.0,100.0,2.0,6,1,2,0.8571428571428571,0.75,0.7999999999999999,0.7694253703289595,6,1,2,0.8571428571428571,0.75,0.7999999999999999,0.7694253703289595,6,1,2,0.8571428571428571,0.75,0.7999999999999999,0.7694253703289595,0,0,0,0.0,0.0,0.0,0,0,0,0.0,0.0,0.0
COCO,337055,2,2,0,0,2,4,4,4,8,5,0,0,4,0.0131243309999717,0.0067163930000333,0.0,0.0067163930000333,0.0068176000000335,0.0199423709999564,Optimal,0,none,1.3899355443318688,0,5,100.0,100.0,100.0,2.0,2,0,0,1.0,1.0,1.0,0.961586854787534,2,0,0,1.0,1.0,1.0,0.961586854787534,2,0,0,1.0,1.0,1.0,0.961586854787534,0,0,0,0.0,0.0,0.0,0,0,0,0.0,0.0,0.0
COCO,110638,3,3,0,0,3,10,6,10,16,10,0,0,6,0.0132884259999741,0.0064727669999911,0.0,0.0064727669999911,0.0065917640000066,0.0198805489999926,Optimal,0,none,2.616460437774659,0,10,100.0,100.0,100.0,2.0,3,0,0,1.0,1.0,1.0,0.918255705597665,3,0,0,1.0,1.0,1.0,0.918255705597665,3,0,0,1.0,1.0,1.0,0.918255705597665,0,0,0,0.0,0.0,0.0,0,0,0,0.0,0.0,0.0
COCO,34139,4,4,0,0,5,30,10,30,40,26,0,0,10,0.0137345620000246,0.0076720779999845,0.0,0.0076720779999845,0.0078341230000091,0.0215691299999889,Optimal,0,none,4.207070823510489,0,16,100.0,100.0,100.0,2.0,4,1,0,0.8,1.0,0.888888888888889,0.7450511570250864,4,1,0,0.8,1.0,0.888888888888889,0.7450511570250864,4,1,0,0.8,1.0,0.888888888888889,0.7450511570250864,0,0,0,0.0,0.0,0.0,0,0,0,0.0,0.0,0.0
COCO,80340,20,20,0,0,13,279,26,279,305,170,0,0,26,0.0146976830000085,0.0171816050000188,0.0,0.0171816050000188,0.0176305479999996,0.03232863300002,Optimal,0,none,11.09354555765788,0,40,100.0,100.0,100.0,2.0,10,3,10,0.7692307692307693,0.5,0.6060606060606061,0.8379906451862676,10,3,10,0.7692307692307693,0.5,0.6060606060606061,0.8379906451862676,10,3,10,0.7692307692307693,0.5,0.6060606060606061,0.8379906451862676,0,0,0,0.0,0.0,0.0,0,0,0,0.0,0.0,0.0
COCO,83113,2,2,0,0,3,6,6,6,12,10,0,0,6,0.015337211999963,0.0061897740000063,0.0,0.0061897740000063,0.0063109189999863,0.0216486950000103,Optimal,0,none,2.2657118821144104,0,10,100.0,100.0,100.0,2.0,2,1,0,0.6666666666666666,1.0,0.8,0.9467498027636616,2,1,0,0.6666666666666666,1.0,0.8,0.9467498027636616,2,1,0,0.6666666666666666,1.0,0.8,0.9467498027636616,0,0,0,0.0,0.0,0.0,0,0,0,0.0,0.0,0.0
COCO,173033,2,2,0,0,2,3,4,3,7,5,0,0,4,0.0143725259999882,0.0067035239999881,0.0,0.0067035239999881,0.0068007990000182,0.021173804,Optimal,0,none,1.3625273497899375,0,5,100.0,100.0,100.0,2.0,1,1,1,0.5,0.5,0.5,0.8176949299712849,1,1,1,0.5,0.5,0.5,0.8176949299712849,1,1,1,0.5,0.5,0.5,0.8176949299712849,0,0,0,0.0,0.0,0.0,0,0,0,0.0,0.0,0.0
COCO,255664,2,2,0,0,2,4,4,4,8,5,0,0,4,0.0145657119999782,0.0067616459999726,0.0,0.0067616459999726,0.0068720840000082,0.0214382550000209,Optimal,0,none,1.6306509049733484,0,5,100.0,100.0,100.0,2.0,2,0,0,1.0,1.0,1.0,0.9557815193194596,2,0,0,1.0,1.0,1.0,0.9557815193194596,2,0,0,1.0,1.0,1.0,0.9557815193194596,0,0,0,0.0,0.0,0.0,0,0,0,0.0,0.0,0.0
COCO,72813,3,3,0,0,3,13,6,13,19,10,0,0,6,0.0133903830000008,0.0068307230000073,0.0,0.0068307230000073,0.0069611039999699,0.0203519379999761,Optimal,0,none,2.653773531913758,0,10,100.0,100.0,100.0,2.0,3,0,0,1.0,1.0,1.0,0.9378210184867952,3,0,0,1.0,1.0,1.0,0.9378210184867952,3,0,0,1.0,1.0,1.0,0.9378210184867952,0,0,0,0.0,0.0,0.0,0,0,0,0.0,0.0,0.0
COCO,545129,3,3,0,0,3,8,6,8,14,10,0,0,6,0.0132635939999659,0.0066305670000019,0.0,0.0066305670000019,0.0067510359999687,0.0200153029999796,Optimal,0,none,2.812018723487854,0,10,100.0,100.0,100.0,2.0,3,0,0,1.0,1.0,1.0,0.946982214873196,3,0,0,1.0,1.0,1.0,0.946982214873196,3,0,0,1.0,1.0,1.0,0.946982214873196,0,0,0,0.0,0.0,0.0,0,0,0,0.0,0.0,0.0
COCO,546011,3,3,0,0,3,8,6,8,14,10,0,0,6,0.0141481169999906,0.0066622549999806,0.0,0.0066622549999806,0.0067832309999857,0.0209317860000055,Optimal,0,none,2.773530540776517,0,10,100.0,100.0,100.0,2.0,3,0,0,1.0,1.0,1.0,0.9213547433582822,3,0,0,1.0,1.0,1.0,0.9213547433582822,3,0,0,1.0,1.0,1.0,0.9213547433582822,0,0,0,0.0,0.0,0.0,0,0,0,0.0,0.0,0.0
COCO,121031,8,8,0,0,6,50,12,50,62,37,0,0,12,0.0153893799999877,0.0086977359999877,0.0,0.0086977359999877,0.0089197430000353,0.0243095879999941,Optimal,0,none,5.12528053045273,0,19,100.0,100.0,100.0,2.0,6,0,2,1.0,0.75,0.8571428571428571,0.8643620771062207,6,0,2,1.0,0.75,0.8571428571428571,0.8643620771062207,6,0,2,1.0,0.75,0.8571428571428571,0.8643620771062207,0,0,0,0.0,0.0,0.0,0,0,0,0.0,0.0,0.0
COCO,172547,7,7,0,0,3,8,6,8,14,10,0,0,6,0.0141102000000046,0.0066022350000025,0.0,0.0066022350000025,0.0067249800000013,0.0208356129999742,Optimal,0,none,2.210857611802317,0,10,100.0,100.0,100.0,2.0,3,0,4,1.0,0.4285714285714285,0.6,0.7913030108529644,3,0,4,1.0,0.4285714285714285,0.6,0.7913030108529644,3,0,4,1.0,0.4285714285714285,0.6,0.7913030108529644,0,0,0,0.0,0.0,0.0,0,0,0,0.0,0.0,0.0
COCO,369081,3,3,0,0,3,6,6,6,12,10,0,0,6,0.015673477000007,0.0065664489999903,0.0,0.0065664489999903,0.0066914910000264,0.0223654509999846,Optimal,0,none,2.741981401443482,0,10,100.0,100.0,100.0,2.0,3,0,0,1.0,1.0,1.0,0.9459870538102654,3,0,0,1.0,1.0,1.0,0.9459870538102654,3,0,0,1.0,1.0,1.0,0.9459870538102654,0,0,0,0.0,0.0,0.0,0,0,0,0.0,0.0,0.0
COCO,509131,9,9,0,0,8,110,16,110,126,65,0,0,16,0.0128426420000096,0.0109163099999705,0.0,0.0109163099999705,0.0111906349999912,0.0240337540000155,Optimal,0,none,5.9985495830552,0,25,100.0,100.0,100.0,2.0,3,5,6,0.375,0.3333333333333333,0.3529411764705882,0.8278254382474042,3,5,6,0.375,0.3333333333333333,0.3529411764705882,0.8278254382474042,3,5,6,0.375,0.3333333333333333,0.3529411764705882,0.8278254382474042,0,0,0,0.0,0.0,0.0,0,0,0,0.0,0.0,0.0
COCO,578922,7,7,0,0,5,36,10,36,46,26,0,0,10,0.01618343399997,0.0081650139999851,0.0,0.0081650139999851,0.0083393069999715,0.0245232089999944,Optimal,0,none,4.059174311955771,0,16,100.0,100.0,100.0,2.0,3,2,4,0.6,0.4285714285714285,0.5,0.8348349418003936,3,2,4,0.6,0.4285714285714285,0.5,0.8348349418003936,3,2,4,0.6,0.4285714285714285,0.5,0.8348349418003936,0,0,0,0.0,0.0,0.0,0,0,0,0.0,0.0,0.0
COCO,464089,14,14,0,0,11,207,22,207,229,122,0,0,22,0.0167196730000114,0.0151486579999868,0.0,0.0151486579999868,0.0155317139999624,0.0322518659999673,Optimal,0,none,9.394638279518428,0,34,100.0,100.0,100.0,2.0,7,4,7,0.6363636363636364,0.5,0.56,0.8442054314059344,7,4,7,0.6363636363636364,0.5,0.56,0.8442054314059344,7,4,7,0.6363636363636364,0.5,0.56,0.8442054314059344,0,0,0,0.0,0.0,0.0,0,0,0,0.0,0.0,0.0
COCO,453708,14,14,0,0,11,200,22,200,222,122,0,0,22,0.0146136490000117,0.0141927829999985,0.0,0.0141927829999985,0.0146375460000172,0.0292515680000065,Optimal,0,none,9.115890593694116,0,34,100.0,100.0,100.0,2.0,9,2,5,0.8181818181818182,0.6428571428571429,0.7200000000000001,0.9049084072869792,9,2,5,0.8181818181818182,0.6428571428571429,0.7200000000000001,0.9049084072869792,9,2,5,0.8181818181818182,0.6428571428571429,0.7200000000000001,0.9049084072869792,0,0,0,0.0,0.0,0.0,0,0,0,0.0,0.0,0.0
COCO,177714,11,11,0,0,6,62,12,62,74,37,0,0,12,0.0140411760000347,0.0097827399999914,0.0,0.0097827399999914,0.0100062149999757,0.0240477820000251,Optimal,0,none,4.475996549129487,0,19,100.0,100.0,100.0,2.0,5,1,6,0.8333333333333334,0.4545454545454545,0.5882352941176471,0.8431720114000063,5,1,6,0.8333333333333334,0.4545454545454545,0.5882352941176471,0.8431720114000063,5,1,6,0.8333333333333334,0.4545454545454545,0.5882352941176471,0.8431720114000063,0,0,0,0.0,0.0,0.0,0,0,0,0.0,0.0,0.0
COCO,459887,3,3,0,0,2,4,4,4,8,5,0,0,4,0.0147097830000006,0.0065442359999678,0.0,0.0065442359999678,0.0066580530000237,0.0213687419999928,Optimal,0,none,1.3839559314058143,0,5,100.0,100.0,100.0,2.0,1,1,2,0.5,0.3333333333333333,0.4,0.7531811884082626,1,1,2,0.5,0.3333333333333333,0.4,0.7531811884082626,1,1,2,0.5,0.3333333333333333,0.4,0.7531811884082626,0,0,0,0.0,0.0,0.0,0,0,0,0.0,0.0,0.0
COCO,155179,2,2,0,0,1,0,2,0,2,1,0,0,2,0.0134486900000183,0.0062416749999556,0.0,0.0062416749999556,0.0063057130000174,0.0197550299999988,Optimal,0,none,0.6076735178629558,0,2,100.0,100.0,100.0,2.0,1,0,1,1.0,0.5,0.6666666666666666,0.983001969215064,1,0,1,1.0,0.5,0.6666666666666666,0.983001969215064,1,0,1,1.0,0.5,0.6666666666666666,0.983001969215064,0,0,0,0.0,0.0,0.0,0,0,0,0.0,0.0,0.0
COCO,261116,11,11,0,0,5,37,10,37,47,26,0,0,10,0.0131115910000403,0.0079334459999813,0.0,0.0079334459999813,0.0081120550000264,0.0212241870000298,Optimal,0,none,4.121961081822714,0,16,100.0,100.0,100.0,2.0,4,1,7,0.8,0.3636363636363636,0.5000000000000001,0.9363489440426732,4,1,7,0.8,0.3636363636363636,0.5000000000000001,0.9363489440426732,4,1,7,0.8,0.3636363636363636,0.5000000000000001,0.9363489440426732,0,0,0,0.0,0.0,0.0,0,0,0,0.0,0.0,0.0
COCO,396274,1,1,0,0,0,0,0,0,0,0,0,0,1,0.0130834060000211,0.0045597570000381,0.0,0.0045597570000381,0.0045942159999867,0.0176779530000317,Optimal,0,none,,0,1,100.0,0.0,0.0,0.0,0,0,1,0.0,0.0,0.0,0.0,0,0,1,0.0,0.0,0.0,0.0,0,0,1,0.0,0.0,0.0,0.0,0,0,0,0.0,0.0,0.0,0,0,0,0.0,0.0,0.0
COCO,29640,14,14,0,0,15,411,30,411,441,226,0,0,30,0.0158828810000386,0.0214480469999784,0.0,0.0214480469999784,0.022041640999987,0.0379249310000204,Optimal,0,none,11.498164306005538,0,46,100.0,100.0,100.0,2.0,5,10,9,0.3333333333333333,0.3571428571428571,0.3448275862068965,0.8215166190605508,5,10,9,0.3333333333333333,0.3571428571428571,0.3448275862068965,0.8215166190605508,5,10,9,0.3333333333333333,0.3571428571428571,0.3448275862068965,0.8215166190605508,0,0,0,0.0,0.0,0.0,0,0,0,0.0,0.0,0.0
COCO,141328,16,16,0,0,7,79,14,79,93,50,0,0,14,0.0151766189999875,0.0095584439999925,0.0,0.0095584439999925,0.0097860999999852,0.0249632059999953,Optimal,0,none,5.49350486914317,0,22,100.0,100.0,100.0,2.0,6,1,10,0.8571428571428571,0.375,0.5217391304347825,0.7677965976554569,6,1,10,0.8571428571428571,0.375,0.5217391304347825,0.7677965976554569,6,1,10,0.8571428571428571,0.375,0.5217391304347825,0.7677965976554569,0,0,0,0.0,0.0,0.0,0,0,0,0.0,0.0,0.0
COCO,308430,18,18,0,0,12,279,24,279,303,145,0,0,24,0.0156453319999627,0.0162738189999913,0.0,0.0162738189999913,0.0167292900000006,0.0323750649999965,Optimal,0,none,8.837160936042594,0,37,100.0,100.0,100.0,2.0,3,9,15,0.25,0.1666666666666666,0.2,0.7887787937480116,3,9,15,0.25,0.1666666666666666,0.2,0.7887787937480116,3,9,15,0.25,0.1666666666666666,0.2,0.7887787937480116,0,0,0,0.0,0.0,0.0,0,0,0,0.0,0.0,0.0
COCO,43314,5,5,0,0,5,41,10,41,51,26,0,0,10,0.0149309809999635,0.0084640649999983,0.0,0.0084640649999983,0.0086440090000223,0.0235755399999675,Optimal,0,none,3.819167930103178,0,16,100.0,100.0,100.0,2.0,2,3,3,0.4,0.4,0.4000000000000001,0.6539924375406793,2,3,3,0.4,0.4,0.4000000000000001,0.6539924375406793,2,3,3,0.4,0.4,0.4000000000000001,0.6539924375406793,0,0,0,0.0,0.0,0.0,0,0,0,0.0,0.0,0.0
COCO,273715,5,5,0,0,7,84,14,84,98,50,0,0,14,0.0146426869999913,0.0099421059999826,0.0,0.0099421059999826,0.0101836470000193,0.0248268849999817,Optimal,0,none,5.948347015909567,0,22,100.0,100.0,100.0,2.0,4,3,1,0.5714285714285714,0.8,0.6666666666666666,0.8971839872764442,4,3,1,0.5714285714285714,0.8,0.6666666666666666,0.8971839872764442,4,3,1,0.5714285714285714,0.8,0.6666666666666666,0.8971839872764442,0,0,0,0.0,0.0,0.0,0,0,0,0.0,0.0,0.0
COCO,456303,6,6,0,0,2,3,4,3,7,5,0,0,4,0.0128996630000415,0.0063458079999918,0.0,0.0063458079999918,0.006439274999991,0.0193394200000511,Optimal,0,none,1.2773582728703818,0,5,100.0,100.0,100.0,2.0,2,0,4,1.0,0.3333333333333333,0.5,0.7619587032859825,2,0,4,1.0,0.3333333333333333,0.5,0.7619587032859825,2,0,4,1.0,0.3333333333333333,0.5,0.7619587032859825,0,0,0,0.0,0.0,0.0,0,0,0,0.0,0.0,0.0
COCO,406611,25,25,0,0,15,409,30,409,439,226,0,0,30,0.0166091979999691,0.0218575370000166,0.0,0.0218575370000166,0.0225343139999836,0.0391441229999713,Optimal,0,none,11.39182659633684,0,46,100.0,100.0,100.0,2.0,5,10,20,0.3333333333333333,0.2,0.25,0.7943711777723046,5,10,20,0.3333333333333333,0.2,0.25,0.7943711777723046,5,10,20,0.3333333333333333,0.2,0.25,0.7943711777723046,0,0,0,0.0,0.0,0.0,0,0,0,0.0,0.0,0.0
COCO,475064,4,4,0,0,5,36,10,36,46,26,0,0,10,0.013993604999996,0.0082044039999686,0.0,0.0082044039999686,0.008394676000023,0.0223887060000151,Optimal,0,none,4.084845579465232,0,16,100.0,100.0,100.0,2.0,3,2,1,0.6,0.75,0.6666666666666665,0.7820017217719577,3,2,1,0.6,0.75,0.6666666666666665,0.7820017217719577,3,2,1,0.6,0.75,0.6666666666666665,0.7820017217719577,0,0,0,0.0,0.0,0.0,0,0,0,0.0,0.0,0.0
COCO,466567,1,1,0,0,2,4,4,4,8,5,0,0,4,0.0146933229999604,0.0063412270000071,0.0,0.0063412270000071,0.0064404850000414,0.0211342339999873,Optimal,0,none,1.480821665128072,0,5,100.0,100.0,100.0,2.0,0,2,1,0.0,0.0,0.0,0.9437410664196372,0,2,1,0.0,0.0,0.0,0.9437410664196372,0,2,1,0.0,0.0,0.0,0.9437410664196372,0,0,0,0.0,0.0,0.0,0,0,0,0.0,0.0,0.0
COCO,137246,17,17,0,0,9,141,18,141,159,82,0,0,18,0.0138131319999956,0.0115429580000068,0.0,0.0115429580000068,0.0119055669999852,0.0257192239999994,Optimal,0,none,7.599412100987382,0,28,100.0,100.0,100.0,2.0,4,5,13,0.4444444444444444,0.2352941176470588,0.3076923076923076,0.8518099227486928,4,5,13,0.4444444444444444,0.2352941176470588,0.3076923076923076,0.8518099227486928,4,5,13,0.4444444444444444,0.2352941176470588,0.3076923076923076,0.8518099227486928,0,0,0,0.0,0.0,0.0,0,0,0,0.0,0.0,0.0
COCO,15079,3,3,0,0,5,36,10,36,46,26,0,0,10,0.0132335239999861,0.0083042249999607,0.0,0.0083042249999607,0.0084892860000422,0.021723339999994,Optimal,0,none,3.9852503784497593,0,16,100.0,100.0,100.0,2.0,2,3,1,0.4,0.6666666666666666,0.5,0.8469678215182074,2,3,1,0.4,0.6666666666666666,0.5,0.8469678215182074,2,3,1,0.4,0.6666666666666666,0.5,0.8469678215182074,0,0,0,0.0,0.0,0.0,0,0,0,0.0,0.0,0.0
COCO,296284,10,10,0,0,1,0,2,0,2,1,0,0,2,0.0130021100000021,0.0091044750000151,0.0,0.0091044750000151,0.009184370000014,0.0221869460000334,Optimal,0,none,0.3820167104403178,0,2,100.0,100.0,100.0,2.0,0,1,10,0.0,0.0,0.0,0.0,0,1,10,0.0,0.0,0.0,0.0,0,1,10,0.0,0.0,0.0,0.0,0,0,0,0.0,0.0,0.0,0,0,0,0.0,0.0,0.0
COCO,226147,21,21,0,0,10,175,20,175,195,101,0,0,20,0.014419920000023,0.0127092650000122,0.0,0.0127092650000122,0.0131534209999699,0.0275738210000326,Optimal,0,none,8.17452140728633,0,31,100.0,100.0,100.0,2.0,6,4,15,0.6,0.2857142857142857,0.3870967741935483,0.8543508731813249,6,4,15,0.6,0.2857142857142857,0.3870967741935483,0.8543508731813249,6,4,15,0.6,0.2857142857142857,0.3870967741935483,0.8543508731813249,0,0,0,0.0,0.0,0.0,0,0,0,0.0,0.0,0.0
COCO,226903,22,22,0,0,10,170,20,170,190,101,0,0,20,0.0144539450000138,0.0130657720000044,0.0,0.0130657720000044,0.0134191689999738,0.0278735379999943,Optimal,0,none,7.474788217100894,0,31,100.0,100.0,100.0,2.0,3,7,19,0.3,0.1363636363636363,0.1874999999999999,0.7092654892231033,3,7,19,0.3,0.1363636363636363,0.1874999999999999,0.7092654892231033,3,7,19,0.3,0.1363636363636363,0.1874999999999999,0.7092654892231033,0,0,0,0.0,0.0,0.0,0,0,0,0.0,0.0,0.0
COCO,127517,11,11,0,0,11,144,22,144,166,122,0,0,22,0.0163234030000012,0.0121743130000027,0.0,0.0121743130000027,0.0125100010000096,0.028833880000036,Optimal,0,none,9.641150313283807,0,34,100.0,100.0,100.0,2.0,9,2,2,0.8181818181818182,0.8181818181818182,0.8181818181818182,0.8896725990326215,9,2,2,0.8181818181818182,0.8181818181818182,0.8181818181818182,0.8896725990326215,9,2,2,0.8181818181818182,0.8181818181818182,0.8181818181818182,0.8896725990326215,0,0,0,0.0,0.0,0.0,0,0,0,0.0,0.0,0.0
COCO,162092,16,16,0,0,10,162,20,162,182,101,0,0,20,0.0172916719999989,0.2790864589999842,0.0,0.2790864589999842,0.2794306069999948,0.2967227820000175,Optimal,0,none,8.390789677302045,0,31,100.0,100.0,100.0,2.0,9,1,7,0.9,0.5625,0.6923076923076923,0.8242647608165731,9,1,7,0.9,0.5625,0.6923076923076923,0.8242647608165731,9,1,7,0.9,0.5625,0.6923076923076923,0.8242647608165731,0,0,0,0.0,0.0,0.0,0,0,0,0.0,0.0,0.0
COCO,131379,1,1,0,0,1,0,2,0,2,1,0,0,2,0.0146707470000251,0.0064723630000003,0.0,0.0064723630000003,0.0065420229999517,0.0212132139999994,Optimal,0,none,0.5487436930338542,0,2,100.0,100.0,100.0,2.0,0,1,1,0.0,0.0,0.0,0.9784078925009424,0,1,1,0.0,0.0,0.0,0.9784078925009424,0,1,1,0.0,0.0,0.0,0.9784078925009424,0,0,0,0.0,0.0,0.0,0,0,0,0.0,0.0,0.0
COCO,366611,2,2,0,0,3,6,6,6,12,10,0,0,6,0.0149397150000254,0.0064251330000502,0.0,0.0064251330000502,0.0065537350000113,0.0214938660000143,Optimal,0,none,2.3861777567863465,0,10,100.0,100.0,100.0,2.0,2,1,0,0.6666666666666666,1.0,0.8,0.950684469994791,2,1,0,0.6666666666666666,1.0,0.8,0.950684469994791,2,1,0,0.6666666666666666,1.0,0.8,0.950684469994791,0,0,0,0.0,0.0,0.0,0,0,0,0.0,0.0,0.0
COCO,263969,5,5,0,0,4,24,8,24,32,17,0,0,8,0.0169036780000055,0.007463409999957,0.0,0.007463409999957,0.0076448600000276,0.0245496630000161,Optimal,0,none,3.46745726744334,0,13,100.0,100.0,100.0,2.0,4,0,1,1.0,0.8,0.888888888888889,0.8511010915734772,4,0,1,1.0,0.8,0.888888888888889,0.8511010915734772,4,0,1,1.0,0.8,0.888888888888889,0.8511010915734772,0,0,0,0.0,0.0,0.0,0,0,0,0.0,0.0,0.0
COCO,551439,3,3,0,0,1,0,2,0,2,1,0,0,2,0.0131654260000004,0.0059972159999688,0.0,0.0059972159999688,0.0060657129999981,0.019231512000033,Optimal,0,none,0.5625510613123577,0,2,100.0,100.0,100.0,2.0,1,0,2,1.0,0.3333333333333333,0.5,0.952540668310832,1,0,2,1.0,0.3333333333333333,0.5,0.952540668310832,1,0,2,1.0,0.3333333333333333,0.5,0.952540668310832,0,0,0,0.0,0.0,0.0,0,0,0,0.0,0.0,0.0
COCO,474167,9,9,0,0,7,82,14,82,96,50,0,0,14,0.0139940759999603,0.0095726269999545,0.0,0.0095726269999545,0.0098147140000151,0.0238091869999834,Optimal,0,none,6.020635795959162,0,22,100.0,100.0,100.0,2.0,5,2,4,0.7142857142857143,0.5555555555555556,0.6250000000000001,0.7855161787913876,5,2,4,0.7142857142857143,0.5555555555555556,0.6250000000000001,0.7855161787913876,5,2,4,0.7142857142857143,0.5555555555555556,0.6250000000000001,0.7855161787913876,0,0,0,0.0,0.0,0.0,0,0,0,0.0,0.0,0.0
COCO,159458,3,3,0,0,5,40,10,40,50,26,0,0,10,0.0147596940000198,0.0081357089999869,0.0,0.0081357089999869,0.008309582000038,0.0230697069999905,Optimal,0,none,3.891315825780234,0,16,100.0,100.0,100.0,2.0,2,3,1,0.4,0.6666666666666666,0.5,0.875507861241545,2,3,1,0.4,0.6666666666666666,0.5,0.875507861241545,2,3,1,0.4,0.6666666666666666,0.5,0.875507861241545,0,0,0,0.0,0.0,0.0,0,0,0,0.0,0.0,0.0
COCO,554735,2,2,0,0,2,2,4,2,6,5,0,0,4,0.0129733439999881,0.0063431749999836,0.0,0.0063431749999836,0.0064387600000372,0.0194128219999925,Optimal,0,none,1.4365733750661211,0,5,100.0,100.0,100.0,2.0,2,0,0,1.0,1.0,1.0,0.9659736728320856,2,0,0,1.0,1.0,1.0,0.9659736728320856,2,0,0,1.0,1.0,1.0,0.9659736728320856,0,0,0,0.0,0.0,0.0,0,0,0,0.0,0.0,0.0
COCO,99428,5,5,0,0,1,0,2,0,2,1,0,0,2,0.0140626479999923,0.0062050650000173,0.0,0.0062050650000173,0.0062737979999951,0.0203368490000457,Optimal,0,none,0.3788647810618082,0,2,100.0,100.0,100.0,2.0,0,1,5,0.0,0.0,0.0,0.9617021736321146,0,1,5,0.0,0.0,0.0,0.9617021736321146,0,1,5,0.0,0.0,0.0,0.9617021736321146,0,0,0,0.0,0.0,0.0,0,0,0,0.0,0.0,0.0
COCO,386352,13,13,0,0,11,183,22,183,205,122,0,0,22,0.0140703540000117,0.013470562000009,0.0,0.013470562000009,0.0138223309999716,0.0278931240000019,Optimal,0,none,9.212367263635002,0,34,100.0,100.0,100.0,2.0,11,0,2,1.0,0.8461538461538461,0.9166666666666666,0.8148399763994639,11,0,2,1.0,0.8461538461538461,0.9166666666666666,0.8148399763994639,11,0,2,1.0,0.8461538461538461,0.9166666666666666,0.8148399763994639,0,0,0,0.0,0.0,0.0,0,0,0,0.0,0.0,0.0
COCO,173004,15,15,0,0,12,252,24,252,276,145,0,0,24,0.0153607610000108,0.0149715139999671,0.0,0.0149715139999671,0.0153677059999495,0.0307288680000397,Optimal,0,none,10.378828129533316,0,37,100.0,100.0,100.0,2.0,12,0,3,1.0,0.8,0.888888888888889,0.8719620944026424,12,0,3,1.0,0.8,0.888888888888889,0.8719620944026424,12,0,3,1.0,0.8,0.888888888888889,0.8719620944026424,0,0,0,0.0,0.0,0.0,0,0,0,0.0,0.0,0.0
COCO,311394,2,2,0,0,2,4,4,4,8,5,0,0,4,0.0136271869999973,0.0061450770000419,0.0,0.0061450770000419,0.0062427810000258,0.0198704109999994,Optimal,0,none,1.4115528949101763,0,5,100.0,100.0,100.0,2.0,2,0,0,1.0,1.0,1.0,0.8887054292746652,2,0,0,1.0,1.0,1.0,0.8887054292746652,2,0,0,1.0,1.0,1.0,0.8887054292746652,0,0,0,0.0,0.0,0.0,0,0,0,0.0,0.0,0.0
COCO,578489,11,11,0,0,9,117,18,117,135,82,0,0,18,0.0146004420000167,0.0112044260000061,0.0,0.0112044260000061,0.0114794919999781,0.0260804540000094,Optimal,0,none,7.695079164505008,0,28,100.0,100.0,100.0,2.0,9,0,2,1.0,0.8181818181818182,0.9,0.8401052883585963,9,0,2,1.0,0.8181818181818182,0.9,0.8401052883585963,9,0,2,1.0,0.8181818181818182,0.9,0.8401052883585963,0,0,0,0.0,0.0,0.0,0,0,0,0.0,0.0,0.0
COCO,189310,1,1,0,0,5,32,10,32,42,26,0,0,10,0.0138268370000105,0.0084879620000037,0.0,0.0084879620000037,0.0086614339999755,0.0224886870000204,Optimal,0,none,4.065666061242423,0,16,100.0,100.0,100.0,2.0,1,4,0,0.2,1.0,0.3333333333333333,0.9522381368177906,1,4,0,0.2,1.0,0.3333333333333333,0.9522381368177906,1,4,0,0.2,1.0,0.3333333333333333,0.9522381368177906,0,0,0,0.0,0.0,0.0,0,0,0,0.0,0.0,0.0
COCO,491366,10,10,0,0,7,71,14,71,85,50,0,0,14,0.0137658229999715,0.0090400619999968,0.0,0.0090400619999968,0.009281374000011,0.0230476859999839,Optimal,0,none,5.50492915954525,0,22,100.0,100.0,100.0,2.0,3,4,7,0.4285714285714285,0.3,0.3529411764705882,0.9401394255789028,3,4,7,0.4285714285714285,0.3,0.3529411764705882,0.9401394255789028,3,4,7,0.4285714285714285,0.3,0.3529411764705882,0.9401394255789028,0,0,0,0.0,0.0,0.0,0,0,0,0.0,0.0,0.0
COCO,448076,17,17,0,0,10,150,20,150,170,101,0,0,20,0.012949022999976,0.0111436139999909,0.0,0.0111436139999909,0.0114531539999802,0.024402633999955,Optimal,0,none,8.539945046106975,0,31,100.0,100.0,100.0,2.0,7,3,10,0.7,0.4117647058823529,0.5185185185185185,0.8616559004543343,7,3,10,0.7,0.4117647058823529,0.5185185185185185,0.8616559004543343,7,3,10,0.7,0.4117647058823529,0.5185185185185185,0.8616559004543343,0,0,0,0.0,0.0,0.0,0,0,0,0.0,0.0,0.0
COCO,293804,6,6,0,0,4,28,8,28,36,17,0,0,8,0.0128839519999814,0.0077150320000214,0.0,0.0077150320000214,0.0078672390000065,0.0207515839999814,Optimal,0,none,3.3905666807610446,0,13,100.0,100.0,100.0,2.0,3,1,3,0.75,0.5,0.6,0.8512038826351704,3,1,3,0.75,0.5,0.6,0.8512038826351704,3,1,3,0.75,0.5,0.6,0.8512038826351704,0,0,0,0.0,0.0,0.0,0,0,0,0.0,0.0,0.0
COCO,312237,23,23,0,0,7,82,14,82,96,50,0,0,14,0.0121329700000387,0.0088366319999977,0.0,0.0088366319999977,0.0090740030000233,0.0212073490000079,Optimal,0,none,5.245245626885545,0,22,100.0,100.0,100.0,2.0,4,3,19,0.5714285714285714,0.1739130434782608,0.2666666666666666,0.8102681049403455,4,3,19,0.5714285714285714,0.1739130434782608,0.2666666666666666,0.8102681049403455,4,3,19,0.5714285714285714,0.1739130434782608,0.2666666666666666,0.8102681049403455,0,0,0,0.0,0.0,0.0,0,0,0,0.0,0.0,0.0
COCO,221291,2,2,0,0,2,4,4,4,8,5,0,0,4,0.0118312609999975,0.0060474160000012,0.0,0.0060474160000012,0.0061329170000021,0.0179647659999773,Optimal,0,none,1.5471529277165734,0,5,100.0,100.0,100.0,2.0,2,0,0,1.0,1.0,1.0,0.9415164979239002,2,0,0,1.0,1.0,1.0,0.9415164979239002,2,0,0,1.0,1.0,1.0,0.9415164979239002,0,0,0,0.0,0.0,0.0,0,0,0,0.0,0.0,0.0
COCO,141821,5,5,0,0,10,180,20,180,200,101,0,0,20,0.0154621309999924,0.0130024709999929,0.0,0.0130024709999929,0.0133718879999946,0.0288344519999554,Optimal,0,none,8.159074856319647,0,31,100.0,100.0,100.0,2.0,4,6,1,0.4,0.8,0.5333333333333333,0.9440538381207948,4,6,1,0.4,0.8,0.5333333333333333,0.9440538381207948,4,6,1,0.4,0.8,0.5333333333333333,0.9440538381207948,0,0,0,0.0,0.0,0.0,0,0,0,0.0,0.0,0.0
COCO,410650,30,30,0,0,15,390,30,390,420,226,0,0,30,0.0147806059999879,0.0213774670000361,0.0,0.0213774670000361,0.0219841510000264,0.036765172999992,Optimal,0,none,11.344305506559762,0,46,100.0,100.0,100.0,2.0,7,8,23,0.4666666666666667,0.2333333333333333,0.3111111111111111,0.8380368366024863,7,8,23,0.4666666666666667,0.2333333333333333,0.3111111111111111,0.8380368366024863,7,8,23,0.4666666666666667,0.2333333333333333,0.3111111111111111,0.8380368366024863,0,0,0,0.0,0.0,0.0,0,0,0,0.0,0.0,0.0
COCO,199310,2,2,0,0,2,4,4,4,8,5,0,0,4,0.014495700999987,0.0069344750000368,0.0,0.0069344750000368,0.0070344560000421,0.0215308630000095,Optimal,0,none,1.5538481267293296,0,5,100.0,100.0,100.0,2.0,2,0,0,1.0,1.0,1.0,0.8020857371917955,2,0,0,1.0,1.0,1.0,0.8020857371917955,2,0,0,1.0,1.0,1.0,0.8020857371917955,0,0,0,0.0,0.0,0.0,0,0,0,0.0,0.0,0.0
COCO,323151,5,5,0,0,4,24,8,24,32,17,0,0,8,0.0136538620000123,0.0074891830000183,0.0,0.0074891830000183,0.0076323740000248,0.0212866809999923,Optimal,0,none,3.573608061472576,0,13,100.0,100.0,100.0,2.0,4,0,1,1.0,0.8,0.888888888888889,0.9038192642883328,4,0,1,1.0,0.8,0.888888888888889,0.9038192642883328,4,0,1,1.0,0.8,0.888888888888889,0.9038192642883328,0,0,0,0.0,0.0,0.0,0,0,0,0.0,0.0,0.0
COCO,89648,38,38,0,0,20,715,40,715,755,401,0,0,40,0.016981778999991,0.0322025080000116,0.0,0.0322025080000116,0.0331422059999795,0.0501246040000182,Optimal,0,none,16.95855826362027,0,61,100.0,100.0,100.0,2.0,11,9,27,0.55,0.2894736842105263,0.3793103448275862,0.8365582489686976,11,9,27,0.55,0.2894736842105263,0.3793103448275862,0.8365582489686976,11,9,27,0.55,0.2894736842105263,0.3793103448275862,0.8365582489686976,0,0,0,0.0,0.0,0.0,0,0,0,0.0,0.0,0.0
COCO,219283,5,5,0,0,1,0,2,0,2,1,0,0,2,0.014096907999999,0.006278199999997,0.0,0.006278199999997,0.0063422190000324,0.0204395510000381,Optimal,0,none,0.5778266827265421,0,2,100.0,100.0,100.0,2.0,1,0,4,1.0,0.2,0.3333333333333333,0.9362874977913946,1,0,4,1.0,0.2,0.3333333333333333,0.9362874977913946,1,0,4,1.0,0.2,0.3333333333333333,0.9362874977913946,0,0,0,0.0,0.0,0.0,0,0,0,0.0,0.0,0.0
COCO,471869,3,3,0,0,1,0,2,0,2,1,0,0,2,0.0148797740000077,0.0056340730000101,0.0,0.0056340730000101,0.0057025049999879,0.0205826050000155,Optimal,0,none,0.6188058296839396,0,2,100.0,100.0,100.0,2.0,1,0,2,1.0,0.3333333333333333,0.5,0.9591372547815642,1,0,2,1.0,0.3333333333333333,0.5,0.9591372547815642,1,0,2,1.0,0.3333333333333333,0.5,0.9591372547815642,0,0,0,0.0,0.0,0.0,0,0,0,0.0,0.0,0.0
COCO,520264,18,18,0,0,11,195,22,195,217,122,0,0,22,0.0155410450000204,0.0136986189999674,0.0,0.0136986189999674,0.0141385520000199,0.029680202999998,Optimal,0,none,8.835750249226892,0,34,100.0,100.0,100.0,2.0,7,4,11,0.6363636363636364,0.3888888888888889,0.4827586206896552,0.8092725182811518,7,4,11,0.6363636363636364,0.3888888888888889,0.4827586206896552,0.8092725182811518,7,4,11,0.6363636363636364,0.3888888888888889,0.4827586206896552,0.8092725182811518,0,0,0,0.0,0.0,0.0,0,0,0,0.0,0.0,0.0
COCO,111179,2,2,0,0,2,4,4,4,8,5,0,0,4,0.0142914449999693,0.0065919460000145,0.0,0.0065919460000145,0.0067086069999504,0.0210005739999701,Optimal,0,none,1.3732584389050806,0,5,100.0,100.0,100.0,2.0,2,0,0,1.0,1.0,1.0,0.880647537167424,2,0,0,1.0,1.0,1.0,0.880647537167424,2,0,0,1.0,1.0,1.0,0.880647537167424,0,0,0,0.0,0.0,0.0,0,0,0,0.0,0.0,0.0
COCO,151000,13,13,0,0,6,57,12,57,69,37,0,0,12,0.013926782999988,0.0089128189999883,0.0,0.0089128189999883,0.009113751999962,0.0230412480000268,Optimal,0,none,5.035961239865577,0,19,100.0,100.0,100.0,2.0,4,2,9,0.6666666666666666,0.3076923076923077,0.4210526315789473,0.8179692093753292,4,2,9,0.6666666666666666,0.3076923076923077,0.4210526315789473,0.8179692093753292,4,2,9,0.6666666666666666,0.3076923076923077,0.4210526315789473,0.8179692093753292,0,0,0,0.0,0.0,0.0,0,0,0,0.0,0.0,0.0
COCO,100624,9,9,0,0,6,51,12,51,63,37,0,0,12,0.0123425540000425,0.0086948779999715,0.0,0.0086948779999715,0.008897969999964,0.0212410270000305,Optimal,0,none,5.145978255271913,0,19,100.0,100.0,100.0,2.0,4,2,5,0.6666666666666666,0.4444444444444444,0.5333333333333333,0.7897308704780196,4,2,5,0.6666666666666666,0.4444444444444444,0.5333333333333333,0.7897308704780196,4,2,5,0.6666666666666666,0.4444444444444444,0.5333333333333333,0.7897308704780196,0,0,0,0.0,0.0,0.0,0,0,0,0.0,0.0,0.0
COCO,332570,2,2,0,0,3,11,6,11,17,10,0,0,6,0.0138118180000219,0.0069149170000173,0.0,0.0069149170000173,0.0071402709999688,0.0209526140000093,Optimal,0,none,2.6549591053832784,0,10,100.0,100.0,100.0,2.0,2,1,0,0.6666666666666666,1.0,0.8,0.9405366263391322,2,1,0,0.6666666666666666,1.0,0.8,0.9405366263391322,2,1,0,0.6666666666666666,1.0,0.8,0.9405366263391322,0,0,0,0.0,0.0,0.0,0,0,0,0.0,0.0,0.0
COCO,57238,4,4,0,0,5,34,10,34,44,26,0,0,10,0.0134013389999836,0.0078559059999747,0.0,0.0078559059999747,0.0080306890000088,0.0214325069999858,Optimal,0,none,4.18976459334298,0,16,100.0,100.0,100.0,2.0,3,2,1,0.6,0.75,0.6666666666666665,0.8569450863852365,3,2,1,0.6,0.75,0.6666666666666665,0.8569450863852365,3,2,1,0.6,0.75,0.6666666666666665,0.8569450863852365,0,0,0,0.0,0.0,0.0,0,0,0,0.0,0.0,0.0
COCO,502732,1,1,0,0,1,0,2,0,2,1,0,0,2,0.0118384830000195,0.0056546089999756,0.0,0.0056546089999756,0.0057171600000174,0.0175562439999907,Optimal,0,none,0.576458470026652,0,2,100.0,100.0,100.0,2.0,1,0,0,1.0,1.0,1.0,0.8046445139912097,1,0,0,1.0,1.0,1.0,0.8046445139912097,1,0,0,1.0,1.0,1.0,0.8046445139912097,0,0,0,0.0,0.0,0.0,0,0,0,0.0,0.0,0.0
COCO,135561,8,8,0,0,3,12,6,12,18,10,0,0,6,0.014670126999988,0.0073235749999867,0.0,0.0073235749999867,0.007477754999968,0.0221483409999905,Optimal,0,none,2.550936326980592,0,10,100.0,100.0,100.0,2.0,2,1,6,0.6666666666666666,0.25,0.3636363636363636,0.8556293469627709,2,1,6,0.6666666666666666,0.25,0.3636363636363636,0.8556293469627709,2,1,6,0.6666666666666666,0.25,0.3636363636363636,0.8556293469627709,0,0,0,0.0,0.0,0.0,0,0,0,0.0,0.0,0.0
COCO,8277,13,13,0,0,5,37,10,37,47,26,0,0,10,0.0172741999999743,0.007709157000022,0.0,0.007709157000022,0.0079058709999912,0.025180535000004,Optimal,0,none,3.6915473349889134,0,16,100.0,100.0,100.0,2.0,2,3,11,0.4,0.1538461538461538,0.2222222222222222,0.8945459471516676,2,3,11,0.4,0.1538461538461538,0.2222222222222222,0.8945459471516676,2,3,11,0.4,0.1538461538461538,0.2222222222222222,0.8945459471516676,0,0,0,0.0,0.0,0.0,0,0,0,0.0,0.0,0.0
COCO,173044,1,1,0,0,1,0,2,0,2,1,0,0,2,0.0127088730000082,0.0056989260000364,0.0,0.0056989260000364,0.0057603810000159,0.0184695959999885,Optimal,0,none,0.6063735882441204,0,2,100.0,100.0,100.0,2.0,1,0,0,1.0,1.0,1.0,0.9627509487217644,1,0,0,1.0,1.0,1.0,0.9627509487217644,1,0,0,1.0,1.0,1.0,0.9627509487217644,0,0,0,0.0,0.0,0.0,0,0,0,0.0,0.0,0.0
COCO,168458,1,1,0,0,4,24,8,24,32,17,0,0,8,0.0141822489999867,0.0074921579999909,0.0,0.0074921579999909,0.0076398810000455,0.021822568999994,Optimal,0,none,3.3592671124140434,0,13,100.0,100.0,100.0,2.0,1,3,0,0.25,1.0,0.4,0.9299461285082627,1,3,0,0.25,1.0,0.4,0.9299461285082627,1,3,0,0.25,1.0,0.4,0.9299461285082627,0,0,0,0.0,0.0,0.0,0,0,0,0.0,0.0,0.0
COCO,512194,1,1,0,0,3,12,6,12,18,10,0,0,6,0.0136323899999979,0.0064256069999828,0.0,0.0064256069999828,0.0065482180000344,0.0201810170000271,Optimal,0,none,2.554426975250245,0,10,100.0,100.0,100.0,2.0,1,2,0,0.3333333333333333,1.0,0.5,0.9254353651847712,1,2,0,0.3333333333333333,1.0,0.5,0.9254353651847712,1,2,0,0.3333333333333333,1.0,0.5,0.9254353651847712,0,0,0,0.0,0.0,0.0,0,0,0,0.0,0.0,0.0
COCO,370042,14,14,0,0,11,183,22,183,205,122,0,0,22,0.0136794480000048,0.0128785470000138,0.0,0.0128785470000138,0.0133293669999829,0.0270093049999786,Optimal,0,none,8.545925064881647,0,34,100.0,100.0,100.0,2.0,9,2,5,0.8181818181818182,0.6428571428571429,0.7200000000000001,0.8856384425637391,9,2,5,0.8181818181818182,0.6428571428571429,0.7200000000000001,0.8856384425637391,9,2,5,0.8181818181818182,0.6428571428571429,0.7200000000000001,0.8856384425637391,0,0,0,0.0,0.0,0.0,0,0,0,0.0,0.0,0.0
COCO,189436,5,5,0,0,1,0,2,0,2,1,0,0,2,0.0134949790000291,0.0063508430000069,0.0,0.0063508430000069,0.0064337129999785,0.0199290640000526,Optimal,0,none,0.6405987898508707,0,2,100.0,100.0,100.0,2.0,1,0,4,1.0,0.2,0.3333333333333333,0.9747679364583862,1,0,4,1.0,0.2,0.3333333333333333,0.9747679364583862,1,0,4,1.0,0.2,0.3333333333333333,0.9747679364583862,0,0,0,0.0,0.0,0.0,0,0,0,0.0,0.0,0.0
COCO,533958,1,1,0,0,2,6,4,6,10,5,0,0,4,0.0153400830000123,0.0060334039999929,0.0,0.0060334039999929,0.0061284550000095,0.0214688710000245,Optimal,0,none,1.1342545541127524,0,5,100.0,100.0,100.0,2.0,0,2,1,0.0,0.0,0.0,0.0,0,2,1,0.0,0.0,0.0,0.0,0,2,1,0.0,0.0,0.0,0.0,0,0,0,0.0,0.0,0.0,0,0,0,0.0,0.0,0.0
COCO,117645,2,2,0,0,1,0,2,0,2,1,0,0,2,0.0123869239999976,0.0060097940000218,0.0,0.0060097940000218,0.0060778339999956,0.018465233000029,Optimal,0,none,0.5531428972880046,0,2,100.0,100.0,100.0,2.0,1,0,1,1.0,0.5,0.6666666666666666,0.8321714947103925,1,0,1,1.0,0.5,0.6666666666666666,0.8321714947103925,1,0,1,1.0,0.5,0.6666666666666666,0.8321714947103925,0,0,0,0.0,0.0,0.0,0,0,0,0.0,0.0,0.0
COCO,221708,9,9,0,0,4,18,8,18,26,17,0,0,8,0.0153072960000031,0.0075742140000443,0.0,0.0075742140000443,0.0077171510000084,0.0230248750000328,Optimal,0,none,3.685858947436016,0,13,100.0,100.0,100.0,2.0,4,0,5,1.0,0.4444444444444444,0.6153846153846153,0.933706347741556,4,0,5,1.0,0.4444444444444444,0.6153846153846153,0.933706347741556,4,0,5,1.0,0.4444444444444444,0.6153846153846153,0.933706347741556,0,0,0,0.0,0.0,0.0,0,0,0,0.0,0.0,0.0
COCO,202228,1,1,0,0,2,3,4,3,7,5,0,0,4,0.0127664409999965,0.0067692019999867,0.0,0.0067692019999867,0.0068827139999712,0.0196496259999889,Optimal,0,none,1.3819415839513147,0,5,100.0,100.0,100.0,2.0,1,1,0,0.5,1.0,0.6666666666666666,0.960806719607414,1,1,0,0.5,1.0,0.6666666666666666,0.960806719607414,1,1,0,0.5,1.0,0.6666666666666666,0.960806719607414,0,0,0,0.0,0.0,0.0,0,0,0,0.0,0.0,0.0
COCO,403565,3,3,0,0,2,4,4,4,8,5,0,0,4,0.0142413100000453,0.0064803820000065,0.0,0.0064803820000065,0.0065860279999583,0.0208277860000407,Optimal,0,none,1.5066656621297203,0,5,100.0,100.0,100.0,2.0,2,0,1,1.0,0.6666666666666666,0.8,0.9038158593467308,2,0,1,1.0,0.6666666666666666,0.8,0.9038158593467308,2,0,1,1.0,0.6666666666666666,0.8,0.9038158593467308,0,0,0,0.0,0.0,0.0,0,0,0,0.0,0.0,0.0
COCO,211042,2,2,0,0,3,6,6,6,12,10,0,0,6,0.0141920030000051,0.006695078000007,0.0,0.006695078000007,0.0068169410000109,0.0210093879999817,Optimal,0,none,2.354026713371277,0,10,100.0,100.0,100.0,2.0,1,2,1,0.3333333333333333,0.5,0.4,0.7689845405847505,1,2,1,0.3333333333333333,0.5,0.4,0.7689845405847505,1,2,1,0.3333333333333333,0.5,0.4,0.7689845405847505,0,0,0,0.0,0.0,0.0,0,0,0,0.0,0.0,0.0
COCO,492878,8,8,0,0,4,24,8,24,32,17,0,0,8,0.0168895360000078,0.0075595430000134,0.0,0.0075595430000134,0.0077038000000015,0.0245938250000108,Optimal,0,none,3.1841269699732475,0,13,100.0,100.0,100.0,2.0,2,2,6,0.5,0.25,0.3333333333333333,0.8753922143288593,2,2,6,0.5,0.25,0.3333333333333333,0.8753922143288593,2,2,6,0.5,0.25,0.3333333333333333,0.8753922143288593,0,0,0,0.0,0.0,0.0,0,0,0,0.0,0.0,0.0
COCO,441586,10,10,0,0,9,129,18,129,147,82,0,0,18,0.0150998660000141,0.0111476879999941,0.0,0.0111476879999941,0.0114515059999575,0.0265517720000048,Optimal,0,none,7.31781027555466,0,28,100.0,100.0,100.0,2.0,5,4,5,0.5555555555555556,0.5,0.5263157894736842,0.8340208720239519,5,4,5,0.5555555555555556,0.5,0.5263157894736842,0.8340208720239519,5,4,5,0.5555555555555556,0.5,0.5263157894736842,0.8340208720239519,0,0,0,0.0,0.0,0.0,0,0,0,0.0,0.0,0.0
COCO,547816,4,4,0,0,3,8,6,8,14,10,0,0,6,0.0132899399999928,0.0065479339999683,0.0,0.0065479339999683,0.0066873140000325,0.0199776919999976,Optimal,0,none,2.196650986671448,0,10,100.0,100.0,100.0,2.0,1,2,3,0.3333333333333333,0.25,0.2857142857142857,0.9315770581189948,1,2,3,0.3333333333333333,0.25,0.2857142857142857,0.9315770581189948,1,2,3,0.3333333333333333,0.25,0.2857142857142857,0.9315770581189948,0,0,0,0.0,0.0,0.0,0,0,0,0.0,0.0,0.0
COCO,306733,7,7,0,0,3,12,6,12,18,10,0,0,6,0.0135619440000027,0.0066357470000184,0.0,0.0066357470000184,0.0067668780000076,0.0203292439999813,Optimal,0,none,2.354086131627997,0,10,100.0,100.0,100.0,2.0,1,2,6,0.3333333333333333,0.1428571428571428,0.2,0.8703744953506753,1,2,6,0.3333333333333333,0.1428571428571428,0.2,0.8703744953506753,1,2,6,0.3333333333333333,0.1428571428571428,0.2,0.8703744953506753,0,0,0,0.0,0.0,0.0,0,0,0,0.0,0.0,0.0
COCO,530099,2,2,0,0,2,2,4,2,6,5,0,0,4,0.0126409680000278,0.0062339279999719,0.0,0.0062339279999719,0.0063249719999589,0.018966354999975,Optimal,0,none,1.2064426692326866,0,5,100.0,100.0,100.0,2.0,2,0,0,1.0,1.0,1.0,0.9004214645812172,2,0,0,1.0,1.0,1.0,0.9004214645812172,2,0,0,1.0,1.0,1.0,0.9004214645812172,0,0,0,0.0,0.0,0.0,0,0,0,0.0,0.0,0.0
COCO,312278,2,2,0,0,0,0,0,0,0,0,0,0,1,0.0121172130000104,0.0049608520000106,0.0,0.0049608520000106,0.0049974590000374,0.0171150280000347,Optimal,0,none,,0,1,100.0,0.0,0.0,0.0,0,0,2,0.0,0.0,0.0,0.0,0,0,2,0.0,0.0,0.0,0.0,0,0,2,0.0,0.0,0.0,0.0,0,0,0,0.0,0.0,0.0,0,0,0,0.0,0.0,0.0
COCO,97679,5,5,0,0,2,2,4,2,6,5,0,0,4,0.0142400189999989,0.0061918840000316,0.0,0.0061918840000316,0.0063485310000146,0.0205890599999634,Optimal,0,none,1.5259603627522784,0,5,100.0,100.0,100.0,2.0,2,0,3,1.0,0.4,0.5714285714285715,0.8606319645786741,2,0,3,1.0,0.4,0.5714285714285715,0.8606319645786741,2,0,3,1.0,0.4,0.5714285714285715,0.8606319645786741,0,0,0,0.0,0.0,0.0,0,0,0,0.0,0.0,0.0
COCO,564127,1,1,0,0,1,0,2,0,2,1,0,0,2,0.0126694029999612,0.0059688569999707,0.0,0.0059688569999707,0.0060350420000077,0.0187048839999874,Optimal,0,none,0.6202795902887981,0,2,100.0,100.0,100.0,2.0,1,0,0,1.0,1.0,1.0,0.9529408435692112,1,0,0,1.0,1.0,1.0,0.9529408435692112,1,0,0,1.0,1.0,1.0,0.9529408435692112,0,0,0,0.0,0.0,0.0,0,0,0,0.0,0.0,0.0
COCO,251065,1,1,0,0,1,0,2,0,2,1,0,0,2,0.0139528909999739,0.006160637999983,0.0,0.006160637999983,0.0062286269999844,0.0201819659999955,Optimal,0,none,0.5766080061594645,0,2,100.0,100.0,100.0,2.0,1,0,0,1.0,1.0,1.0,0.9377720493096504,1,0,0,1.0,1.0,1.0,0.9377720493096504,1,0,0,1.0,1.0,1.0,0.9377720493096504,0,0,0,0.0,0.0,0.0,0,0,0,0.0,0.0,0.0
COCO,3845,12,12,0,0,8,107,16,107,123,65,0,0,16,0.0151603449999697,0.0111432130000252,0.0,0.0111432130000252,0.0115300439999828,0.0266909959999566,Optimal,0,none,6.580070085384999,0,25,100.0,100.0,100.0,2.0,6,2,6,0.75,0.5,0.6,0.8806702712095187,6,2,6,0.75,0.5,0.6,0.8806702712095187,6,2,6,0.75,0.5,0.6,0.8806702712095187,0,0,0,0.0,0.0,0.0,0,0,0,0.0,0.0,0.0
COCO,138819,2,2,0,0,3,12,6,12,18,10,0,0,6,0.0133967290000214,0.0069889099999613,0.0,0.0069889099999613,0.0071280490000162,0.0205252430000086,Optimal,0,none,2.4169951176643383,0,10,100.0,100.0,100.0,2.0,2,1,0,0.6666666666666666,1.0,0.8,0.9486534952132668,2,1,0,0.6666666666666666,1.0,0.8,0.9486534952132668,2,1,0,0.6666666666666666,1.0,0.8,0.9486534952132668,0,0,0,0.0,0.0,0.0,0,0,0,0.0,0.0,0.0
COCO,205834,2,2,0,0,2,4,4,4,8,5,0,0,4,0.0135310499999832,0.0068041929999935,0.0,0.0068041929999935,0.006903440999963,0.020434946000023,Optimal,0,none,1.5794843705495198,0,5,100.0,100.0,100.0,2.0,2,0,0,1.0,1.0,1.0,0.9142704308732034,2,0,0,1.0,1.0,1.0,0.9142704308732034,2,0,0,1.0,1.0,1.0,0.9142704308732034,0,0,0,0.0,0.0,0.0,0,0,0,0.0,0.0,0.0
COCO,348708,3,3,0,0,4,20,8,20,28,17,0,0,8,0.013237641000046,0.0075611650000269,0.0,0.0075611650000269,0.0077044309999791,0.0209424460000491,Optimal,0,none,3.461107236452205,0,13,100.0,100.0,100.0,2.0,3,1,0,0.75,1.0,0.8571428571428571,0.8643957860247777,3,1,0,0.75,1.0,0.8571428571428571,0.8643957860247777,3,1,0,0.75,1.0,0.8571428571428571,0.8643957860247777,0,0,0,0.0,0.0,0.0,0,0,0,0.0,0.0,0.0
COCO,166521,16,16,0,0,3,12,6,12,18,10,0,0,6,0.0127220050000005,0.0063245739999615,0.0,0.0063245739999615,0.006444048999981,0.0191664349999882,Optimal,0,none,2.585651943683625,0,10,100.0,100.0,100.0,2.0,3,0,13,1.0,0.1875,0.3157894736842105,0.8336324896513707,3,0,13,1.0,0.1875,0.3157894736842105,0.8336324896513707,3,0,13,1.0,0.1875,0.3157894736842105,0.8336324896513707,0,0,0,0.0,0.0,0.0,0,0,0,0.0,0.0,0.0
COCO,485802,1,1,0,0,1,0,2,0,2,1,0,0,2,0.0123247129999981,0.0064015250000011,0.0,0.0064015250000011,0.0064756430000443,0.0188007790000028,Optimal,0,none,0.3979216376940409,0,2,100.0,100.0,100.0,2.0,1,0,0,1.0,1.0,1.0,0.833891837254592,1,0,0,1.0,1.0,1.0,0.833891837254592,1,0,0,1.0,1.0,1.0,0.833891837254592,0,0,0,0.0,0.0,0.0,0,0,0,0.0,0.0,0.0
COCO,99054,6,6,0,0,1,0,2,0,2,1,0,0,2,0.012884213999996,0.0064480159999789,0.0,0.0064480159999789,0.0065187220000098,0.0194034719999649,Optimal,0,none,0.4902946631113688,0,2,100.0,100.0,100.0,2.0,1,0,5,1.0,0.1666666666666666,0.2857142857142857,0.9348492043479494,1,0,5,1.0,0.1666666666666666,0.2857142857142857,0.9348492043479494,1,0,5,1.0,0.1666666666666666,0.2857142857142857,0.9348492043479494,0,0,0,0.0,0.0,0.0,0,0,0,0.0,0.0,0.0
COCO,22969,2,2,0,0,2,4,4,4,8,5,0,0,4,0.014285076999954,0.0069380819999764,0.0,0.0069380819999764,0.0070416220000311,0.0213272309999865,Optimal,0,none,1.599253443082174,0,5,100.0,100.0,100.0,2.0,2,0,0,1.0,1.0,1.0,0.9693355611794724,2,0,0,1.0,1.0,1.0,0.9693355611794724,2,0,0,1.0,1.0,1.0,0.9693355611794724,0,0,0,0.0,0.0,0.0,0,0,0,0.0,0.0,0.0
COCO,570539,8,8,0,0,7,84,14,84,98,50,0,0,14,0.0145203019999939,0.0102775599999631,0.0,0.0102775599999631,0.0106369599999993,0.0251577949999841,Optimal,0,none,5.8058100625914335,0,22,100.0,100.0,100.0,2.0,3,4,5,0.4285714285714285,0.375,0.3999999999999999,0.8811620433824916,3,4,5,0.4285714285714285,0.375,0.3999999999999999,0.8811620433824916,3,4,5,0.4285714285714285,0.375,0.3999999999999999,0.8811620433824916,0,0,0,0.0,0.0,0.0,0,0,0,0.0,0.0,0.0
COCO,278353,1,1,0,0,1,0,2,0,2,1,0,0,2,0.0182468219999805,0.006071764000012,0.0,0.006071764000012,0.0061400179999964,0.0243873089999624,Optimal,0,none,0.578274170557658,0,2,100.0,100.0,100.0,2.0,1,0,0,1.0,1.0,1.0,0.9578346109403064,1,0,0,1.0,1.0,1.0,0.9578346109403064,1,0,0,1.0,1.0,1.0,0.9578346109403064,0,0,0,0.0,0.0,0.0,0,0,0,0.0,0.0,0.0
COCO,158548,20,20,0,0,4,24,8,24,32,17,0,0,8,0.0157230929999627,0.0078713799999832,0.0,0.0078713799999832,0.0080380059999924,0.023761616999991,Optimal,0,none,3.5290769783655813,0,13,100.0,100.0,100.0,2.0,3,1,17,0.75,0.15,0.2499999999999999,0.9017658603730688,3,1,17,0.75,0.15,0.2499999999999999,0.9017658603730688,3,1,17,0.75,0.15,0.2499999999999999,0.9017658603730688,0,0,0,0.0,0.0,0.0,0,0,0,0.0,0.0,0.0
COCO,461405,12,12,0,0,14,288,28,288,316,197,0,0,28,0.0166354760000331,0.0174385270000243,0.0,0.0174385270000243,0.01794354499998,0.0345795750000093,Optimal,0,none,11.92946359565219,0,43,100.0,100.0,100.0,2.0,12,2,0,0.8571428571428571,1.0,0.923076923076923,0.8390839775160623,12,2,0,0.8571428571428571,1.0,0.923076923076923,0.8390839775160623,12,2,0,0.8571428571428571,1.0,0.923076923076923,0.8390839775160623,0,0,0,0.0,0.0,0.0,0,0,0,0.0,0.0,0.0
COCO,176606,4,4,0,0,3,8,6,8,14,10,0,0,6,0.0157807010000397,0.0065024700000435,0.0,0.0065024700000435,0.0066222250000009,0.0224034060000235,Optimal,0,none,2.474139730930329,0,10,100.0,100.0,100.0,2.0,2,1,2,0.6666666666666666,0.5,0.5714285714285715,0.7990863592407426,2,1,2,0.6666666666666666,0.5,0.5714285714285715,0.7990863592407426,2,1,2,0.6666666666666666,0.5,0.5714285714285715,0.7990863592407426,0,0,0,0.0,0.0,0.0,0,0,0,0.0,0.0,0.0
COCO,44699,4,4,0,0,6,52,12,52,64,37,0,0,12,0.0147631479999859,0.0083475829999883,0.0,0.0083475829999883,0.0085553900000263,0.0233188720000043,Optimal,0,none,5.122725827693941,0,19,100.0,100.0,100.0,2.0,4,2,0,0.6666666666666666,1.0,0.8,0.8782082041418229,4,2,0,0.6666666666666666,1.0,0.8,0.8782082041418229,4,2,0,0.6666666666666666,1.0,0.8,0.8782082041418229,0,0,0,0.0,0.0,0.0,0,0,0,0.0,0.0,0.0
COCO,559956,9,9,0,0,7,77,14,77,91,50,0,0,14,0.0153883429999837,0.010547702999986,0.0,0.010547702999986,0.0108571490000031,0.0262460419999683,Optimal,0,none,6.324351786225668,0,22,100.0,100.0,100.0,2.0,7,0,2,1.0,0.7777777777777778,0.8750000000000001,0.9137481237394685,7,0,2,1.0,0.7777777777777778,0.8750000000000001,0.9137481237394685,7,0,2,1.0,0.7777777777777778,0.8750000000000001,0.9137481237394685,0,0,0,0.0,0.0,0.0,0,0,0,0.0,0.0,0.0
COCO,268996,0,0,0,0,0,0,0,0,0,0,0,0,1,0.0110726550000208,0.0051609010000106,0.0,0.0051609010000106,0.0051963430000228,0.0162692769999921,Optimal,0,none,,0,1,100.0,0.0,0.0,0.0,0,0,0,0.0,0.0,0.0,0.0,0,0,0,0.0,0.0,0.0,0.0,0,0,0,0.0,0.0,0.0,0.0,0,0,0,0.0,0.0,0.0,0,0,0,0.0,0.0,0.0
COCO,11197,16,16,0,0,13,294,26,294,320,170,0,0,26,0.0160521720000019,0.0170845089999716,0.0,0.0170845089999716,0.0175501439999834,0.033602859000041,Optimal,0,none,10.617609823154565,0,40,100.0,100.0,100.0,2.0,8,5,8,0.6153846153846154,0.5,0.5517241379310345,0.8137442761835367,8,5,8,0.6153846153846154,0.5,0.5517241379310345,0.8137442761835367,8,5,8,0.6153846153846154,0.5,0.5517241379310345,0.8137442761835367,0,0,0,0.0,0.0,0.0,0,0,0,0.0,0.0,0.0
COCO,483667,3,3,0,0,2,5,4,5,9,5,0,0,4,0.012995692000004,0.0067462970000065,0.0,0.0067462970000065,0.0068450560000314,0.0198412420000408,Optimal,0,none,1.564479068120321,0,5,100.0,100.0,100.0,2.0,2,0,1,1.0,0.6666666666666666,0.8,0.962524660460117,2,0,1,1.0,0.6666666666666666,0.8,0.962524660460117,2,0,1,1.0,0.6666666666666666,0.8,0.962524660460117,0,0,0,0.0,0.0,0.0,0,0,0,0.0,0.0,0.0
COCO,448810,1,1,0,0,1,0,2,0,2,1,0,0,2,0.0136684489999652,0.0064483970000424,0.0,0.0064483970000424,0.0065193460000045,0.0201882629999659,Optimal,0,none,0.5637685457865398,0,2,100.0,100.0,100.0,2.0,1,0,0,1.0,1.0,1.0,0.946043850042844,1,0,0,1.0,1.0,1.0,0.946043850042844,1,0,0,1.0,1.0,1.0,0.946043850042844,0,0,0,0.0,0.0,0.0,0,0,0,0.0,0.0,0.0
COCO,724,4,4,0,0,3,12,6,12,18,10,0,0,6,0.0130649029999858,0.0067514180000216,0.0,0.0067514180000216,0.006882881000024,0.0199482479999915,Optimal,0,none,2.4039040064811714,0,10,100.0,100.0,100.0,2.0,2,1,2,0.6666666666666666,0.5,0.5714285714285715,0.9076024874958516,2,1,2,0.6666666666666666,0.5,0.5714285714285715,0.9076024874958516,2,1,2,0.6666666666666666,0.5,0.5714285714285715,0.9076024874958516,0,0,0,0.0,0.0,0.0,0,0,0,0.0,0.0,0.0
COCO,51961,1,1,0,0,1,0,2,0,2,1,0,0,2,0.0135218890000032,0.006048059999955,0.0,0.006048059999955,0.0061145170000145,0.0196367610000152,Optimal,0,none,0.5840691248575847,0,2,100.0,100.0,100.0,2.0,1,0,0,1.0,1.0,1.0,0.9112041780244144,1,0,0,1.0,1.0,1.0,0.9112041780244144,1,0,0,1.0,1.0,1.0,0.9112041780244144,0,0,0,0.0,0.0,0.0,0,0,0,0.0,0.0,0.0
COCO,375278,6,6,0,0,4,24,8,24,32,17,0,0,8,0.0129209809999792,0.0075286360000177,0.0,0.0075286360000177,0.0076809400000001,0.0206023769999887,Optimal,0,none,3.243756438891094,0,13,100.0,100.0,100.0,2.0,2,2,4,0.5,0.3333333333333333,0.4,0.845115255983003,2,2,4,0.5,0.3333333333333333,0.4,0.845115255983003,2,2,4,0.5,0.3333333333333333,0.4,0.845115255983003,0,0,0,0.0,0.0,0.0,0,0,0,0.0,0.0,0.0
COCO,302165,10,10,0,0,7,85,14,85,99,50,0,0,14,0.0144773900000245,0.0096341720000054,0.0,0.0096341720000054,0.0099601580000125,0.0244379950000279,Optimal,0,none,5.688886547182348,0,22,100.0,100.0,100.0,2.0,5,2,5,0.7142857142857143,0.5,0.588235294117647,0.8284016556863125,5,2,5,0.7142857142857143,0.5,0.588235294117647,0.8284016556863125,5,2,5,0.7142857142857143,0.5,0.588235294117647,0.8284016556863125,0,0,0,0.0,0.0,0.0,0,0,0,0.0,0.0,0.0
COCO,131131,2,2,0,0,4,23,8,23,31,17,0,0,8,0.0137123419999625,0.0077341020000289,0.0,0.0077341020000289,0.0079408970000258,0.0216536739999924,Optimal,0,none,3.241240808169048,0,13,100.0,100.0,100.0,2.0,2,2,0,0.5,1.0,0.6666666666666666,0.7677164211841179,2,2,0,0.5,1.0,0.6666666666666666,0.7677164211841179,2,2,0,0.5,1.0,0.6666666666666666,0.7677164211841179,0,0,0,0.0,0.0,0.0,0,0,0,0.0,0.0,0.0
COCO,98839,3,3,0,0,2,1,4,1,5,4,0,0,4,0.013189064999949,0.0063211159999809,0.0,0.0063211159999809,0.0064092299999742,0.0195987759999525,Optimal,0,none,1.3252169593175251,0,4,100.0,100.0,100.0,2.0,2,0,1,1.0,0.6666666666666666,0.8,0.9296182221697726,2,0,1,1.0,0.6666666666666666,0.8,0.9296182221697726,2,0,1,1.0,0.6666666666666666,0.8,0.9296182221697726,0,0,0,0.0,0.0,0.0,0,0,0,0.0,0.0,0.0
COCO,402992,10,10,0,0,12,261,24,261,285,145,0,0,24,0.0165601239999659,0.0159394240000096,0.0,0.0159394240000096,0.0163612780000335,0.0329219179999995,Optimal,0,none,10.918785113424578,0,37,100.0,100.0,100.0,2.0,10,2,0,0.8333333333333334,1.0,0.9090909090909092,0.8337211851894555,10,2,0,0.8333333333333334,1.0,0.9090909090909092,0.8337211851894555,10,2,0,0.8333333333333334,1.0,0.9090909090909092,0.8337211851894555,0,0,0,0.0,0.0,0.0,0,0,0,0.0,0.0,0.0
COCO,465675,3,3,0,0,2,6,4,6,10,5,0,0,4,0.0137565750000021,0.0065981760000113,0.0,0.0065981760000113,0.0067036099999882,0.0204606869999679,Optimal,0,none,1.4207473357518512,0,5,100.0,100.0,100.0,2.0,0,2,3,0.0,0.0,0.0,0.0,0,2,3,0.0,0.0,0.0,0.0,0,2,3,0.0,0.0,0.0,0.0,0,0,0,0.0,0.0,0.0,0,0,0,0.0,0.0,0.0
COCO,240754,3,3,0,0,2,2,4,2,6,5,0,0,4,0.0151433490000272,0.00649740099999,0.0,0.00649740099999,0.0065964469999926,0.0217404150000106,Optimal,0,none,1.5677824385960897,0,5,100.0,100.0,100.0,2.0,2,0,1,1.0,0.6666666666666666,0.8,0.9374972986259438,2,0,1,1.0,0.6666666666666666,0.8,0.9374972986259438,2,0,1,1.0,0.6666666666666666,0.8,0.9374972986259438,0,0,0,0.0,0.0,0.0,0,0,0,0.0,0.0,0.0
COCO,21167,4,4,0,0,4,23,8,23,31,17,0,0,8,0.0133008529999756,0.0080711409999594,0.0,0.0080711409999594,0.0082411210000259,0.0215424829999619,Optimal,0,none,3.482257477561843,0,13,100.0,100.0,100.0,2.0,4,0,0,1.0,1.0,1.0,0.8290211230040816,4,0,0,1.0,1.0,1.0,0.8290211230040816,4,0,0,1.0,1.0,1.0,0.8290211230040816,0,0,0,0.0,0.0,0.0,0,0,0,0.0,0.0,0.0
COCO,148730,2,2,0,0,1,0,2,0,2,1,0,0,2,0.0165695580000146,0.0062128989999905,0.0,0.0062128989999905,0.0062813779999828,0.0228517809999857,Optimal,0,none,0.4241544047991434,0,2,100.0,100.0,100.0,2.0,0,1,2,0.0,0.0,0.0,0.0,0,1,2,0.0,0.0,0.0,0.0,0,1,2,0.0,0.0,0.0,0.0,0,0,0,0.0,0.0,0.0,0,0,0,0.0,0.0,0.0
COCO,384468,6,6,0,0,6,53,12,53,65,37,0,0,12,0.0157681580000144,0.0088726550000046,0.0,0.0088726550000046,0.0090760919999866,0.0248446979999812,Optimal,0,none,5.084173830501146,0,19,100.0,100.0,100.0,2.0,5,1,1,0.8333333333333334,0.8333333333333334,0.8333333333333334,0.8874762085439867,5,1,1,0.8333333333333334,0.8333333333333334,0.8333333333333334,0.8874762085439867,5,1,1,0.8333333333333334,0.8333333333333334,0.8333333333333334,0.8874762085439867,0,0,0,0.0,0.0,0.0,0,0,0,0.0,0.0,0.0
COCO,253742,29,29,0,0,30,1642,60,1642,1702,901,0,0,60,0.0197400209999614,0.0716843609999955,0.0,0.0716843609999955,0.0735497599999916,0.0932904379999968,Optimal,0,none,25.45593083452401,0,91,100.0,100.0,100.0,2.0,20,10,9,0.6666666666666666,0.6896551724137931,0.6779661016949153,0.8318561968380379,20,10,9,0.6666666666666666,0.6896551724137931,0.6779661016949153,0.8318561968380379,20,10,9,0.6666666666666666,0.6896551724137931,0.6779661016949153,0.8318561968380379,0,0,0,0.0,0.0,0.0,0,0,0,0.0,0.0,0.0
COCO,186873,10,10,0,0,7,70,14,70,84,50,0,0,14,0.017158792000032,0.010274690000017,0.0,0.010274690000017,0.0105068180000102,0.0276661959999842,Optimal,0,none,5.589182649728979,0,22,100.0,100.0,100.0,2.0,7,0,3,1.0,0.7,0.8235294117647058,0.7362334662283712,7,0,3,1.0,0.7,0.8235294117647058,0.7362334662283712,7,0,3,1.0,0.7,0.8235294117647058,0.7362334662283712,0,0,0,0.0,0.0,0.0,0,0,0,0.0,0.0,0.0
COCO,82180,3,3,0,0,3,11,6,11,17,10,0,0,6,0.0139419220000149,0.0065728220000096,0.0,0.0065728220000096,0.0066947170000162,0.0206370160000233,Optimal,0,none,2.609673460671819,0,10,100.0,100.0,100.0,2.0,2,1,1,0.6666666666666666,0.6666666666666666,0.6666666666666666,0.9278227407072488,2,1,1,0.6666666666666666,0.6666666666666666,0.6666666666666666,0.9278227407072488,2,1,1,0.6666666666666666,0.6666666666666666,0.6666666666666666,0.9278227407072488,0,0,0,0.0,0.0,0.0,0,0,0,0.0,0.0,0.0
COCO,446522,4,4,0,0,3,12,6,12,18,10,0,0,6,0.0149947520000068,0.0064961119999793,0.0,0.0064961119999793,0.0066927000000305,0.0216880219999779,Optimal,0,none,2.608398331378624,0,10,100.0,100.0,100.0,2.0,3,0,1,1.0,0.75,0.8571428571428571,0.9152148149455698,3,0,1,1.0,0.75,0.8571428571428571,0.9152148149455698,3,0,1,1.0,0.75,0.8571428571428571,0.9152148149455698,0,0,0,0.0,0.0,0.0,0,0,0,0.0,0.0,0.0
COCO,552902,1,1,0,0,1,0,2,0,2,1,0,0,2,0.0147636610000176,0.0063696250000475,0.0,0.0063696250000475,0.0064487010000107,0.0212127849999888,Optimal,0,none,0.637745992342631,0,2,100.0,100.0,100.0,2.0,1,0,0,1.0,1.0,1.0,0.9592138525269956,1,0,0,1.0,1.0,1.0,0.9592138525269956,1,0,0,1.0,1.0,1.0,0.9592138525269956,0,0,0,0.0,0.0,0.0,0,0,0,0.0,0.0,0.0
COCO,125405,3,3,0,0,2,4,4,4,8,5,0,0,4,0.0130861259999619,0.0068296370000098,0.0,0.0068296370000098,0.0069453749999865,0.0200320489999512,Optimal,0,none,1.5294100316365564,0,5,100.0,100.0,100.0,2.0,2,0,1,1.0,0.6666666666666666,0.8,0.9505019205392922,2,0,1,1.0,0.6666666666666666,0.8,0.9505019205392922,2,0,1,1.0,0.6666666666666666,0.8,0.9505019205392922,0,0,0,0.0,0.0,0.0,0,0,0,0.0,0.0,0.0
COCO,110211,5,5,0,0,5,28,10,28,38,26,0,0,10,0.0145193719999952,0.0078506259999926,0.0,0.0078506259999926,0.0080208829999719,0.0225409609999474,Optimal,0,none,4.185179236274719,0,16,100.0,100.0,100.0,2.0,4,1,1,0.8,0.8,0.8000000000000002,0.9219506776090214,4,1,1,0.8,0.8,0.8000000000000002,0.9219506776090214,4,1,1,0.8,0.8,0.8000000000000002,0.9219506776090214,0,0,0,0.0,0.0,0.0,0,0,0,0.0,0.0,0.0
COCO,16010,5,5,0,0,5,38,10,38,48,26,0,0,10,0.0145467940000116,0.0076615890000084,0.0,0.0076615890000084,0.0078386249999766,0.0223858880000307,Optimal,0,none,4.135424955685934,0,16,100.0,100.0,100.0,2.0,1,4,4,0.2,0.2,0.2,0.9162979671900964,1,4,4,0.2,0.2,0.2,0.9162979671900964,1,4,4,0.2,0.2,0.2,0.9162979671900964,0,0,0,0.0,0.0,0.0,0,0,0,0.0,0.0,0.0
COCO,64462,2,2,0,0,2,5,4,5,9,5,0,0,4,0.0148906510000301,0.0063684329999773,0.0,0.0063684329999773,0.0064675209999904,0.0213585349999902,Optimal,0,none,1.531265324756299,0,5,100.0,100.0,100.0,2.0,2,0,0,1.0,1.0,1.0,0.8549246898894727,2,0,0,1.0,1.0,1.0,0.8549246898894727,2,0,0,1.0,1.0,1.0,0.8549246898894727,0,0,0,0.0,0.0,0.0,0,0,0,0.0,0.0,0.0
COCO,314182,9,9,0,0,13,309,26,309,335,170,0,0,26,0.0156227069999772,0.0181454680000001,0.0,0.0181454680000001,0.0186258389999807,0.0342490299999553,Optimal,0,none,10.901547794043164,0,40,100.0,100.0,100.0,2.0,7,6,2,0.5384615384615384,0.7777777777777778,0.6363636363636364,0.8859952198689586,7,6,2,0.5384615384615384,0.7777777777777778,0.6363636363636364,0.8859952198689586,7,6,2,0.5384615384615384,0.7777777777777778,0.6363636363636364,0.8859952198689586,0,0,0,0.0,0.0,0.0,0,0,0,0.0,0.0,0.0
COCO,248980,10,10,0,0,6,66,12,66,78,37,0,0,12,0.0148661629999651,0.0088079160000233,0.0,0.0088079160000233,0.0090203889999997,0.02388702799999,Optimal,0,none,4.682909436225893,0,19,100.0,100.0,100.0,2.0,3,3,7,0.5,0.3,0.3749999999999999,0.7380094049072886,3,3,7,0.5,0.3,0.3749999999999999,0.7380094049072886,3,3,7,0.5,0.3,0.3749999999999999,0.7380094049072886,0,0,0,0.0,0.0,0.0,0,0,0,0.0,0.0,0.0
COCO,68387,7,7,0,0,7,88,14,88,102,50,0,0,14,0.0133478099999706,0.0097977650000302,0.0,0.0097977650000302,0.0100279609999915,0.0233761989999834,Optimal,0,none,6.258003857548165,0,22,100.0,100.0,100.0,2.0,6,1,1,0.8571428571428571,0.8571428571428571,0.8571428571428571,0.8949391251719021,6,1,1,0.8571428571428571,0.8571428571428571,0.8571428571428571,0.8949391251719021,6,1,1,0.8571428571428571,0.8571428571428571,0.8571428571428571,0.8949391251719021,0,0,0,0.0,0.0,0.0,0,0,0,0.0,0.0,0.0
COCO,429281,18,18,0,0,6,55,12,55,67,37,0,0,12,0.0148563530000274,0.0085650900000473,0.0,0.0085650900000473,0.0087606499999992,0.0236173929999949,Optimal,0,none,4.668549571929456,0,19,100.0,100.0,100.0,2.0,1,5,17,0.1666666666666666,0.0555555555555555,0.0833333333333333,0.528257801081957,1,5,17,0.1666666666666666,0.0555555555555555,0.0833333333333333,0.528257801081957,1,5,17,0.1666666666666666,0.0555555555555555,0.0833333333333333,0.528257801081957,0,0,0,0.0,0.0,0.0,0,0,0,0.0,0.0,0.0
COCO,345466,11,11,0,0,7,67,14,67,81,50,0,0,14,0.0141073140000003,0.0092529409999997,0.0,0.0092529409999997,0.0095013650000055,0.0236091389999728,Optimal,0,none,5.977377914587659,0,22,100.0,100.0,100.0,2.0,7,0,4,1.0,0.6363636363636364,0.7777777777777778,0.889455410055331,7,0,4,1.0,0.6363636363636364,0.7777777777777778,0.889455410055331,7,0,4,1.0,0.6363636363636364,0.7777777777777778,0.889455410055331,0,0,0,0.0,0.0,0.0,0,0,0,0.0,0.0,0.0
COCO,352900,9,9,0,0,9,145,18,145,163,82,0,0,18,0.014064481000048,0.011251819999984,0.0,0.011251819999984,0.0115434450000293,0.0256084119999968,Optimal,0,none,7.066857199668887,0,28,100.0,100.0,100.0,2.0,5,4,4,0.5555555555555556,0.5555555555555556,0.5555555555555556,0.8726769413247352,5,4,4,0.5555555555555556,0.5555555555555556,0.5555555555555556,0.8726769413247352,5,4,4,0.5555555555555556,0.5555555555555556,0.5555555555555556,0.8726769413247352,0,0,0,0.0,0.0,0.0,0,0,0,0.0,0.0,0.0
COCO,118367,10,10,0,0,2,2,4,2,6,5,0,0,4,0.0119957979999867,0.006203457999959,0.0,0.006203457999959,0.0062921219999907,0.0182883249999576,Optimal,0,none,1.3970034011205037,0,5,100.0,100.0,100.0,2.0,1,1,9,0.5,0.1,0.1666666666666666,0.8229930160033092,1,1,9,0.5,0.1,0.1666666666666666,0.8229930160033092,1,1,9,0.5,0.1,0.1666666666666666,0.8229930160033092,0,0,0,0.0,0.0,0.0,0,0,0,0.0,0.0,0.0
COCO,113235,4,4,0,0,3,12,6,12,18,10,0,0,6,0.0145553290000179,0.0066979979999928,0.0,0.0066979979999928,0.006846596999992,0.0214023319999796,Optimal,0,none,2.6186755275726328,0,10,100.0,100.0,100.0,2.0,1,2,3,0.3333333333333333,0.25,0.2857142857142857,0.7350805785624357,1,2,3,0.3333333333333333,0.25,0.2857142857142857,0.7350805785624357,1,2,3,0.3333333333333333,0.25,0.2857142857142857,0.7350805785624357,0,0,0,0.0,0.0,0.0,0,0,0,0.0,0.0,0.0
COCO,311303,8,8,0,0,8,103,16,103,119,65,0,0,16,0.0156596780000199,0.0107195989999695,0.0,0.0107195989999695,0.0109918759999914,0.0266519570000127,Optimal,0,none,6.44436112212573,0,25,100.0,100.0,100.0,2.0,5,3,3,0.625,0.625,0.625,0.8335895742082647,5,3,3,0.625,0.625,0.625,0.8335895742082647,5,3,3,0.625,0.625,0.625,0.8335895742082647,0,0,0,0.0,0.0,0.0,0,0,0,0.0,0.0,0.0
COCO,163640,6,6,0,0,5,32,10,32,42,26,0,0,10,0.014496304999966,0.0081373499999699,0.0,0.0081373499999699,0.0083837079999966,0.0228805429999852,Optimal,0,none,4.387752697177589,0,16,100.0,100.0,100.0,2.0,4,1,2,0.8,0.6666666666666666,0.7272727272727272,0.8699263897107847,4,1,2,0.8,0.6666666666666666,0.7272727272727272,0.8699263897107847,4,1,2,0.8,0.6666666666666666,0.7272727272727272,0.8699263897107847,0,0,0,0.0,0.0,0.0,0,0,0,0.0,0.0,0.0
COCO,370999,0,0,0,0,2,4,4,4,8,5,0,0,4,0.0180990879999853,0.008973874999981,0.0,0.008973874999981,0.0091477340000096,0.0272476449999885,Optimal,0,none,1.5789858849843346,0,5,100.0,100.0,100.0,2.0,0,2,0,0.0,0.0,0.0,0.0,0,2,0,0.0,0.0,0.0,0.0,0,2,0,0.0,0.0,0.0,0.0,0,0,0,0.0,0.0,0.0,0,0,0,0.0,0.0,0.0
COCO,1490,2,2,0,0,2,3,4,3,7,5,0,0,4,0.013279596000018,0.0063073260000123,0.0,0.0063073260000123,0.0064011649999997,0.0196815090000086,Optimal,0,none,1.3066491158803304,0,5,100.0,100.0,100.0,2.0,2,0,0,1.0,1.0,1.0,0.9055431309203354,2,0,0,1.0,1.0,1.0,0.9055431309203354,2,0,0,1.0,1.0,1.0,0.9055431309203354,0,0,0,0.0,0.0,0.0,0,0,0,0.0,0.0,0.0
COCO,329456,9,9,0,0,7,65,14,65,79,49,0,0,14,0.0150558010000168,0.0107480940000073,0.0,0.0107480940000073,0.0110152599999651,0.0260716239999965,Optimal,0,none,6.087270522859307,0,22,100.0,100.0,100.0,2.0,5,2,4,0.7142857142857143,0.5555555555555556,0.6250000000000001,0.885890344537023,5,2,4,0.7142857142857143,0.5555555555555556,0.6250000000000001,0.885890344537023,5,2,4,0.7142857142857143,0.5555555555555556,0.6250000000000001,0.885890344537023,0,0,0,0.0,0.0,0.0,0,0,0,0.0,0.0,0.0
COCO,570471,10,10,0,0,7,76,14,76,90,50,0,0,14,0.0138971629999673,0.0094718359999887,0.0,0.0094718359999887,0.0096974379999892,0.0235950229999843,Optimal,0,none,5.560146140257519,0,22,100.0,100.0,100.0,2.0,5,2,5,0.7142857142857143,0.5,0.588235294117647,0.9178980356973576,5,2,5,0.7142857142857143,0.5,0.588235294117647,0.9178980356973576,5,2,5,0.7142857142857143,0.5,0.588235294117647,0.9178980356973576,0,0,0,0.0,0.0,0.0,0,0,0,0.0,0.0,0.0
COCO,88269,4,4,0,0,4,27,8,27,35,17,0,0,8,0.0140217940000297,0.0071284250000189,0.0,0.0071284250000189,0.0072894060000407,0.0213116909999939,Optimal,0,none,3.313065506617229,0,13,100.0,100.0,100.0,2.0,2,2,2,0.5,0.5,0.5,0.928593763192893,2,2,2,0.5,0.5,0.5,0.928593763192893,2,2,2,0.5,0.5,0.5,0.928593763192893,0,0,0,0.0,0.0,0.0,0,0,0,0.0,0.0,0.0
COCO,260470,23,23,0,0,16,465,32,465,497,257,0,0,32,0.0163318049999929,0.0222218139999768,0.0,0.0222218139999768,0.0229034760000104,0.0392358119999585,Optimal,0,none,12.784485183520337,0,49,100.0,100.0,100.0,2.0,9,7,14,0.5625,0.391304347826087,0.4615384615384615,0.8657233584295185,9,7,14,0.5625,0.391304347826087,0.4615384615384615,0.8657233584295185,9,7,14,0.5625,0.391304347826087,0.4615384615384615,0.8657233584295185,0,0,0,0.0,0.0,0.0,0,0,0,0.0,0.0,0.0
COCO,193494,1,1,0,0,1,0,2,0,2,1,0,0,2,0.0139401580000253,0.0068862910000007,0.0,0.0068862910000007,0.0069611930000519,0.0209018130000231,Optimal,0,none,0.6154029051462809,0,2,100.0,100.0,100.0,2.0,1,0,0,1.0,1.0,1.0,0.9140857748794872,1,0,0,1.0,1.0,1.0,0.9140857748794872,1,0,0,1.0,1.0,1.0,0.9140857748794872,0,0,0,0.0,0.0,0.0,0,0,0,0.0,0.0,0.0
COCO,252776,5,5,0,0,4,22,8,22,30,17,0,0,8,0.0133809630000314,0.0078068149999808,0.0,0.0078068149999808,0.0079569630000264,0.0213386980000223,Optimal,0,none,3.588173170975078,0,13,100.0,100.0,100.0,2.0,3,1,2,0.75,0.6,0.6666666666666665,0.94926423943288,3,1,2,0.75,0.6,0.6666666666666665,0.94926423943288,3,1,2,0.75,0.6,0.6666666666666665,0.94926423943288,0,0,0,0.0,0.0,0.0,0,0,0,0.0,0.0,0.0
COCO,201072,5,5,0,0,8,86,16,86,102,65,0,0,16,0.0160067340000296,0.0097854609999785,0.0,0.0097854609999785,0.0100333149999869,0.0260405810000179,Optimal,0,none,6.43046167791332,0,25,100.0,100.0,100.0,2.0,5,3,0,0.625,1.0,0.7692307692307693,0.8203950224635678,5,3,0,0.625,1.0,0.7692307692307693,0.8203950224635678,5,3,0,0.625,1.0,0.7692307692307693,0.8203950224635678,0,0,0,0.0,0.0,0.0,0,0,0,0.0,0.0,0.0
COCO,18150,7,7,0,0,3,6,6,6,12,10,0,0,6,0.0149123040000063,0.0071427639999797,0.0,0.0071427639999797,0.0072734329999661,0.0221861850000095,Optimal,0,none,2.6142064237594607,0,10,100.0,100.0,100.0,2.0,3,0,4,1.0,0.4285714285714285,0.6,0.8995785349642255,3,0,4,1.0,0.4285714285714285,0.6,0.8995785349642255,3,0,4,1.0,0.4285714285714285,0.6,0.8995785349642255,0,0,0,0.0,0.0,0.0,0,0,0,0.0,0.0,0.0
COCO,337498,6,6,0,0,5,44,10,44,54,26,0,0,10,0.0148429280000073,0.0086552669999946,0.0,0.0086552669999946,0.0088566640000067,0.023700099999985,Optimal,0,none,4.320547805020395,0,16,100.0,100.0,100.0,2.0,4,1,2,0.8,0.6666666666666666,0.7272727272727272,0.9092122264347658,4,1,2,0.8,0.6666666666666666,0.7272727272727272,0.9092122264347658,4,1,2,0.8,0.6666666666666666,0.7272727272727272,0.9092122264347658,0,0,0,0.0,0.0,0.0,0,0,0,0.0,0.0,0.0
COCO,521405,2,2,0,0,1,0,2,0,2,1,0,0,2,0.0133554159999675,0.0064712970000186,0.0,0.0064712970000186,0.0065390100000399,0.0198952220000023,Optimal,0,none,0.4171760479609172,0,2,100.0,100.0,100.0,2.0,1,0,1,1.0,0.5,0.6666666666666666,0.8180909534359526,1,0,1,1.0,0.5,0.6666666666666666,0.8180909534359526,1,0,1,1.0,0.5,0.6666666666666666,0.8180909534359526,0,0,0,0.0,0.0,0.0,0,0,0,0.0,0.0,0.0
COCO,518770,22,22,0,0,13,285,26,285,311,170,0,0,26,0.0146940820000054,0.0170671220000144,0.0,0.0170671220000144,0.0175598719999925,0.0322545399999967,Optimal,0,none,10.676603817145033,0,40,100.0,100.0,100.0,2.0,10,3,12,0.7692307692307693,0.4545454545454545,0.5714285714285714,0.831760543079157,10,3,12,0.7692307692307693,0.4545454545454545,0.5714285714285714,0.831760543079157,10,3,12,0.7692307692307693,0.4545454545454545,0.5714285714285714,0.831760543079157,0,0,0,0.0,0.0,0.0,0,0,0,0.0,0.0,0.0
COCO,201646,4,4,0,0,2,4,4,4,8,5,0,0,4,0.013080044999981,0.0059378010000159,0.0,0.0059378010000159,0.0060279290000266,0.0191084790000104,Optimal,0,none,1.41323134024938,0,5,100.0,100.0,100.0,2.0,1,1,3,0.5,0.25,0.3333333333333333,0.975574034698679,1,1,3,0.5,0.25,0.3333333333333333,0.975574034698679,1,1,3,0.5,0.25,0.3333333333333333,0.975574034698679,0,0,0,0.0,0.0,0.0,0,0,0,0.0,0.0,0.0
COCO,36936,22,22,0,0,13,315,26,315,341,170,0,0,26,0.0142917680000209,0.0181062579999888,0.0,0.0181062579999888,0.0186056840000219,0.0328979569999887,Optimal,0,none,10.571782983995552,0,40,100.0,100.0,100.0,2.0,8,5,14,0.6153846153846154,0.3636363636363636,0.4571428571428572,0.7772250023568317,8,5,14,0.6153846153846154,0.3636363636363636,0.4571428571428572,0.7772250023568317,8,5,14,0.6153846153846154,0.3636363636363636,0.4571428571428572,0.7772250023568317,0,0,0,0.0,0.0,0.0,0,0,0,0.0,0.0,0.0
COCO,59044,20,20,0,0,13,273,26,273,299,170,0,0,26,0.0139165520000119,0.0163353930000198,0.0,0.0163353930000198,0.0168799909999961,0.0307971290000068,Optimal,0,none,10.20602103630702,0,40,100.0,100.0,100.0,2.0,9,4,11,0.6923076923076923,0.45,0.5454545454545455,0.8573211334930854,9,4,11,0.6923076923076923,0.45,0.5454545454545455,0.8573211334930854,9,4,11,0.6923076923076923,0.45,0.5454545454545455,0.8573211334930854,0,0,0,0.0,0.0,0.0,0,0,0,0.0,0.0,0.0
COCO,172946,21,21,0,0,10,165,20,165,185,101,0,0,20,0.0137353999999731,0.0128028080000035,0.0,0.0128028080000035,0.0131345200000509,0.0268704349999779,Optimal,0,none,8.031106521562892,0,31,100.0,100.0,100.0,2.0,9,1,12,0.9,0.4285714285714285,0.5806451612903225,0.8217836488922646,9,1,12,0.9,0.4285714285714285,0.5806451612903225,0.8217836488922646,9,1,12,0.9,0.4285714285714285,0.5806451612903225,0.8217836488922646,0,0,0,0.0,0.0,0.0,0,0,0,0.0,0.0,0.0
COCO,234607,5,5,0,0,4,24,8,24,32,17,0,0,8,0.0136686489999533,0.0076320300000247,0.0,0.0076320300000247,0.0077811680000081,0.021450217999984,Optimal,0,none,3.0723637143424547,0,13,100.0,100.0,100.0,2.0,3,1,2,0.75,0.6,0.6666666666666665,0.6687653720416579,3,1,2,0.75,0.6,0.6666666666666665,0.6687653720416579,3,1,2,0.75,0.6,0.6666666666666665,0.6687653720416579,0,0,0,0.0,0.0,0.0,0,0,0,0.0,0.0,0.0
COCO,532690,5,5,0,0,7,89,14,89,103,50,0,0,14,0.0155408019999754,0.0098520429999666,0.0,0.0098520429999666,0.0101935490000073,0.0257348579999643,Optimal,0,none,5.684211950707675,0,22,100.0,100.0,100.0,2.0,4,3,1,0.5714285714285714,0.8,0.6666666666666666,0.8177469461687633,4,3,1,0.5714285714285714,0.8,0.6666666666666666,0.8177469461687633,4,3,1,0.5714285714285714,0.8,0.6666666666666666,0.8177469461687633,0,0,0,0.0,0.0,0.0,0,0,0,0.0,0.0,0.0
COCO,323895,3,3,0,0,2,4,4,4,8,5,0,0,4,0.0140908500000023,0.0061988839999571,0.0,0.0061988839999571,0.0063133609999681,0.0204047219999665,Optimal,0,none,1.4329256327946984,0,5,100.0,100.0,100.0,2.0,2,0,1,1.0,0.6666666666666666,0.8,0.8836660044692364,2,0,1,1.0,0.6666666666666666,0.8,0.8836660044692364,2,0,1,1.0,0.6666666666666666,0.8,0.8836660044692364,0,0,0,0.0,0.0,0.0,0,0,0,0.0,0.0,0.0
COCO,384670,4,4,0,0,3,12,6,12,18,10,0,0,6,0.0130904260000193,0.0067408510000177,0.0,0.0067408510000177,0.0068658160000154,0.0199567799999726,Optimal,0,none,2.803930339813233,0,10,100.0,100.0,100.0,2.0,3,0,1,1.0,0.75,0.8571428571428571,0.922308377447776,3,0,1,1.0,0.75,0.8571428571428571,0.922308377447776,3,0,1,1.0,0.75,0.8571428571428571,0.922308377447776,0,0,0,0.0,0.0,0.0,0,0,0,0.0,0.0,0.0
COCO,50326,3,3,0,0,2,2,4,2,6,5,0,0,4,0.0129751890000306,0.0064656010000021,0.0,0.0064656010000021,0.0065593990000252,0.0195350740000321,Optimal,0,none,1.3042979367574057,0,5,100.0,100.0,100.0,2.0,1,1,2,0.5,0.3333333333333333,0.4,0.9334470440710452,1,1,2,0.5,0.3333333333333333,0.4,0.9334470440710452,1,1,2,0.5,0.3333333333333333,0.4,0.9334470440710452,0,0,0,0.0,0.0,0.0,0,0,0,0.0,0.0,0.0
COCO,205542,1,1,0,0,1,0,2,0,2,1,0,0,2,0.0136717869999642,0.0060740490000057,0.0,0.0060740490000057,0.0061396859999831,0.0198119070000188,Optimal,0,none,0.634652558962504,0,2,100.0,100.0,100.0,2.0,1,0,0,1.0,1.0,1.0,0.9489499488430384,1,0,0,1.0,1.0,1.0,0.9489499488430384,1,0,0,1.0,1.0,1.0,0.9489499488430384,0,0,0,0.0,0.0,0.0,0,0,0,0.0,0.0,0.0
COCO,217957,1,1,0,0,1,0,2,0,2,1,0,0,2,0.0135328910000112,0.0060049449999723,0.0,0.0060049449999723,0.006065776000014,0.019599133999975,Optimal,0,none,0.5328731934229534,0,2,100.0,100.0,100.0,2.0,1,0,0,1.0,1.0,1.0,0.8487018978666845,1,0,0,1.0,1.0,1.0,0.8487018978666845,1,0,0,1.0,1.0,1.0,0.8487018978666845,0,0,0,0.0,0.0,0.0,0,0,0,0.0,0.0,0.0
COCO,162035,5,5,0,0,4,24,8,24,32,17,0,0,8,0.0137697800000182,0.0069452449999971,0.0,0.0069452449999971,0.0070993209999983,0.0208695570000259,Optimal,0,none,3.1164757219950365,0,13,100.0,100.0,100.0,2.0,3,1,2,0.75,0.6,0.6666666666666665,0.9469053117589766,3,1,2,0.75,0.6,0.6666666666666665,0.9469053117589766,3,1,2,0.75,0.6,0.6666666666666665,0.9469053117589766,0,0,0,0.0,0.0,0.0,0,0,0,0.0,0.0,0.0
COCO,415727,11,11,0,0,3,12,6,12,18,10,0,0,6,0.0131276089999801,0.0070217289999732,0.0,0.0070217289999732,0.0071534429999928,0.0202815239999836,Optimal,0,none,2.4658404207229623,0,10,100.0,100.0,100.0,2.0,3,0,8,1.0,0.2727272727272727,0.4285714285714285,0.8761020348685618,3,0,8,1.0,0.2727272727272727,0.4285714285714285,0.8761020348685618,3,0,8,1.0,0.2727272727272727,0.4285714285714285,0.8761020348685618,0,0,0,0.0,0.0,0.0,0,0,0,0.0,0.0,0.0
COCO,46252,5,5,0,0,6,47,12,47,59,37,0,0,12,0.0156241999999906,0.0091162979999808,0.0,0.0091162979999808,0.0093303059999811,0.0249549079999837,Optimal,0,none,5.155201878544343,0,19,100.0,100.0,100.0,2.0,5,1,0,0.8333333333333334,1.0,0.9090909090909092,0.8288402795774221,5,1,0,0.8333333333333334,1.0,0.9090909090909092,0.8288402795774221,5,1,0,0.8333333333333334,1.0,0.9090909090909092,0.8288402795774221,0,0,0,0.0,0.0,0.0,0,0,0,0.0,0.0,0.0
COCO,182021,5,5,0,0,2,4,4,4,8,5,0,0,4,0.0127927450000129,0.0063143020000211,0.0,0.0063143020000211,0.0064119369999957,0.0192051220000166,Optimal,0,none,1.5236757787068689,0,5,100.0,100.0,100.0,2.0,2,0,3,1.0,0.4,0.5714285714285715,0.8738058947937053,2,0,3,1.0,0.4,0.5714285714285715,0.8738058947937053,2,0,3,1.0,0.4,0.5714285714285715,0.8738058947937053,0,0,0,0.0,0.0,0.0,0,0,0,0.0,0.0,0.0
COCO,231747,15,15,0,0,3,10,6,10,16,10,0,0,6,0.0150442839999982,0.0066333220000274,0.0,0.0066333220000274,0.0067703469999855,0.0218150989999799,Optimal,0,none,2.5266716790199286,0,10,100.0,100.0,100.0,2.0,1,2,14,0.3333333333333333,0.0666666666666666,0.1111111111111111,0.9077236840081676,1,2,14,0.3333333333333333,0.0666666666666666,0.1111111111111111,0.9077236840081676,1,2,14,0.3333333333333333,0.0666666666666666,0.1111111111111111,0.9077236840081676,0,0,0,0.0,0.0,0.0,0,0,0,0.0,0.0,0.0
COCO,90284,2,2,0,0,2,4,4,4,8,5,0,0,4,0.0154247239999563,0.0067384679999804,0.0,0.0067384679999804,0.006838684999991,0.022263812999995,Optimal,0,none,1.5094906218846638,0,5,100.0,100.0,100.0,2.0,2,0,0,1.0,1.0,1.0,0.9421793899846144,2,0,0,1.0,1.0,1.0,0.9421793899846144,2,0,0,1.0,1.0,1.0,0.9421793899846144,0,0,0,0.0,0.0,0.0,0,0,0,0.0,0.0,0.0
COCO,286553,18,18,0,0,10,169,20,169,189,101,0,0,20,0.0145734559999937,0.0126994199999899,0.0,0.0126994199999899,0.0130247170000075,0.027598633000025,Optimal,0,none,8.37928347720032,0,31,100.0,100.0,100.0,2.0,8,2,10,0.8,0.4444444444444444,0.5714285714285714,0.8660496627138461,8,2,10,0.8,0.4444444444444444,0.5714285714285714,0.8660496627138461,8,2,10,0.8,0.4444444444444444,0.5714285714285714,0.8660496627138461,0,0,0,0.0,0.0,0.0,0,0,0,0.0,0.0,0.0
COCO,488736,2,2,0,0,2,2,4,2,6,5,0,0,4,0.0153953540000202,0.0065916529999867,0.0,0.0065916529999867,0.0067088799999623,0.0221047719999774,Optimal,0,none,1.4840525992711382,0,5,100.0,100.0,100.0,2.0,2,0,0,1.0,1.0,1.0,0.9026703529625753,2,0,0,1.0,1.0,1.0,0.9026703529625753,2,0,0,1.0,1.0,1.0,0.9026703529625753,0,0,0,0.0,0.0,0.0,0,0,0,0.0,0.0,0.0
COCO,63602,8,8,0,0,2,2,4,2,6,5,0,0,4,0.0131262660000288,0.0062979659999768,0.0,0.0062979659999768,0.0063878059999638,0.0195145260000231,Optimal,0,none,1.532375825246175,0,5,100.0,100.0,100.0,2.0,2,0,6,1.0,0.25,0.4,0.8943323950655163,2,0,6,1.0,0.25,0.4,0.8943323950655163,2,0,6,1.0,0.25,0.4,0.8943323950655163,0,0,0,0.0,0.0,0.0,0,0,0,0.0,0.0,0.0
COCO,383386,4,4,0,0,3,6,6,6,12,10,0,0,6,0.0140300549999778,0.006573440000011,0.0,0.006573440000011,0.0066965489999688,0.0207270519999838,Optimal,0,none,2.63794454574585,0,10,100.0,100.0,100.0,2.0,3,0,1,1.0,0.75,0.8571428571428571,0.9500904647182716,3,0,1,1.0,0.75,0.8571428571428571,0.9500904647182716,3,0,1,1.0,0.75,0.8571428571428571,0.9500904647182716,0,0,0,0.0,0.0,0.0,0,0,0,0.0,0.0,0.0
COCO,450686,2,2,0,0,2,4,4,4,8,5,0,0,4,0.0132134980000273,0.0064606479999724,0.0,0.0064606479999724,0.0065601580000134,0.0197740799999905,Optimal,0,none,1.4852408917744957,0,5,100.0,100.0,100.0,2.0,2,0,0,1.0,1.0,1.0,0.867341779930295,2,0,0,1.0,1.0,1.0,0.867341779930295,2,0,0,1.0,1.0,1.0,0.867341779930295,0,0,0,0.0,0.0,0.0,0,0,0,0.0,0.0,0.0
COCO,5060,2,2,0,0,3,12,6,12,18,10,0,0,6,0.0139994109999861,0.0065563680000195,0.0,0.0065563680000195,0.0066765380000219,0.0206763879999698,Optimal,0,none,2.2991521692276007,0,10,100.0,100.0,100.0,2.0,1,2,1,0.3333333333333333,0.5,0.4,0.8270077823111914,1,2,1,0.3333333333333333,0.5,0.4,0.8270077823111914,1,2,1,0.3333333333333333,0.5,0.4,0.8270077823111914,0,0,0,0.0,0.0,0.0,0,0,0,0.0,0.0,0.0
COCO,286523,2,2,0,0,5,42,10,42,52,26,0,0,10,0.0151926290000119,0.0079525029999558,0.0,0.0079525029999558,0.0081793720000291,0.023372447999975,Optimal,0,none,3.804845770200095,0,16,100.0,100.0,100.0,2.0,2,3,0,0.4,1.0,0.5714285714285715,0.8822373870545746,2,3,0,0.4,1.0,0.5714285714285715,0.8822373870545746,2,3,0,0.4,1.0,0.5714285714285715,0.8822373870545746,0,0,0,0.0,0.0,0.0,0,0,0,0.0,0.0,0.0
COCO,120420,26,26,0,0,9,135,18,135,153,82,0,0,18,0.0155300539999529,0.0115211629999976,0.0,0.0115211629999976,0.0118400550000501,0.0273705979999476,Optimal,0,none,7.309163084030154,0,28,100.0,100.0,100.0,2.0,8,1,18,0.8888888888888888,0.3076923076923077,0.4571428571428572,0.8474267422969297,8,1,18,0.8888888888888888,0.3076923076923077,0.4571428571428572,0.8474267422969297,8,1,18,0.8888888888888888,0.3076923076923077,0.4571428571428572,0.8474267422969297,0,0,0,0.0,0.0,0.0,0,0,0,0.0,0.0,0.0
COCO,579655,16,16,0,0,2,6,4,6,10,5,0,0,4,0.0130437359999859,0.0063793950000103,0.0,0.0063793950000103,0.0064867520000007,0.0195309700000052,Optimal,0,none,1.355353954633077,0,5,100.0,100.0,100.0,2.0,2,0,14,1.0,0.125,0.2222222222222222,0.7751295660964403,2,0,14,1.0,0.125,0.2222222222222222,0.7751295660964403,2,0,14,1.0,0.125,0.2222222222222222,0.7751295660964403,0,0,0,0.0,0.0,0.0,0,0,0,0.0,0.0,0.0
COCO,117908,9,9,0,0,6,54,12,54,66,37,0,0,12,0.0130997970000521,0.0102737359999878,0.0,0.0102737359999878,0.0104897319999963,0.0235900530000208,Optimal,0,none,4.829058122634889,0,19,100.0,100.0,100.0,2.0,4,2,5,0.6666666666666666,0.4444444444444444,0.5333333333333333,0.8848111978268024,4,2,5,0.6666666666666666,0.4444444444444444,0.5333333333333333,0.8848111978268024,4,2,5,0.6666666666666666,0.4444444444444444,0.5333333333333333,0.8848111978268024,0,0,0,0.0,0.0,0.0,0,0,0,0.0,0.0,0.0
COCO,550322,6,6,0,0,5,34,10,34,44,26,0,0,10,0.0142800710000301,0.008133631000021,0.0,0.008133631000021,0.0083243899999843,0.022604900000033,Optimal,0,none,3.979320617516837,0,16,100.0,100.0,100.0,2.0,2,3,4,0.4,0.3333333333333333,0.3636363636363636,0.7627840592800125,2,3,4,0.4,0.3333333333333333,0.3636363636363636,0.7627840592800125,2,3,4,0.4,0.3333333333333333,0.3636363636363636,0.7627840592800125,0,0,0,0.0,0.0,0.0,0,0,0,0.0,0.0,0.0
COCO,322844,2,2,0,0,3,10,6,10,16,10,0,0,6,0.015102861999992,0.0068008699999495,0.0,0.0068008699999495,0.0069338630000288,0.02203719299996,Optimal,0,none,2.298661406040192,0,10,100.0,100.0,100.0,2.0,2,1,0,0.6666666666666666,1.0,0.8,0.7131785703696225,2,1,0,0.6666666666666666,1.0,0.8,0.7131785703696225,2,1,0,0.6666666666666666,1.0,0.8,0.7131785703696225,0,0,0,0.0,0.0,0.0,0,0,0,0.0,0.0,0.0
COCO,218362,8,8,0,0,4,24,8,24,32,17,0,0,8,0.0141924989999893,0.0081319989999997,0.0,0.0081319989999997,0.008280496999987,0.0224734629999829,Optimal,0,none,2.9927268401781726,0,13,100.0,100.0,100.0,2.0,2,2,6,0.5,0.25,0.3333333333333333,0.937701447940108,2,2,6,0.5,0.25,0.3333333333333333,0.937701447940108,2,2,6,0.5,0.25,0.3333333333333333,0.937701447940108,0,0,0,0.0,0.0,0.0,0,0,0,0.0,0.0,0.0
COCO,213224,6,6,0,0,10,166,20,166,186,101,0,0,20,0.0150789439999812,0.0127549949999661,0.0,0.0127549949999661,0.0131598130000156,0.0282393349999665,Optimal,0,none,7.997672268549604,0,31,100.0,100.0,100.0,2.0,4,6,2,0.4,0.6666666666666666,0.5,0.8979722434985224,4,6,2,0.4,0.6666666666666666,0.5,0.8979722434985224,4,6,2,0.4,0.6666666666666666,0.5,0.8979722434985224,0,0,0,0.0,0.0,0.0,0,0,0,0.0,0.0,0.0
COCO,223747,3,3,0,0,2,4,4,4,8,5,0,0,4,0.0123376000000234,0.0064411719999952,0.0,0.0064411719999952,0.0065609850000214,0.0188990170000238,Optimal,0,none,1.1082227381070455,0,5,100.0,100.0,100.0,2.0,0,2,3,0.0,0.0,0.0,0.6519603900993971,0,2,3,0.0,0.0,0.0,0.6519603900993971,0,2,3,0.0,0.0,0.0,0.6519603900993971,0,0,0,0.0,0.0,0.0,0,0,0,0.0,0.0,0.0
COCO,297578,10,10,0,0,5,34,10,34,44,26,0,0,10,0.0135100589999979,0.0083867779999877,0.0,0.0083867779999877,0.0086383240000031,0.0221487809999985,Optimal,0,none,4.281995297273001,0,16,100.0,100.0,100.0,2.0,5,0,5,1.0,0.5,0.6666666666666666,0.8123425380073479,5,0,5,1.0,0.5,0.6666666666666666,0.8123425380073479,5,0,5,1.0,0.5,0.6666666666666666,0.8123425380073479,0,0,0,0.0,0.0,0.0,0,0,0,0.0,0.0,0.0
COCO,458992,4,4,0,0,5,40,10,40,50,26,0,0,10,0.0145730989999606,0.0083027089999632,0.0,0.0083027089999632,0.008490294000012,0.0230638259999977,Optimal,0,none,4.297730885346732,0,16,100.0,100.0,100.0,2.0,2,3,2,0.4,0.5,0.4444444444444445,0.9689432985424112,2,3,2,0.4,0.5,0.4444444444444445,0.9689432985424112,2,3,2,0.4,0.5,0.4444444444444445,0.9689432985424112,0,0,0,0.0,0.0,0.0,0,0,0,0.0,0.0,0.0
COCO,78266,15,15,0,0,1,0,2,0,2,1,0,0,2,0.0144285890000332,0.0064665790000049,0.0,0.0064665790000049,0.0065360069999655,0.0209649619999936,Optimal,0,none,0.4805604616800944,0,2,100.0,100.0,100.0,2.0,0,1,15,0.0,0.0,0.0,0.0,0,1,15,0.0,0.0,0.0,0.0,0,1,15,0.0,0.0,0.0,0.0,0,0,0,0.0,0.0,0.0,0,0,0,0.0,0.0,0.0
COCO,164602,6,6,0,0,3,8,6,8,14,10,0,0,6,0.0136323109999807,0.0060501469999962,0.0,0.0060501469999962,0.0061742460000004,0.0198069260000011,Optimal,0,none,2.420210387706757,0,10,100.0,100.0,100.0,2.0,2,1,4,0.6666666666666666,0.3333333333333333,0.4444444444444444,0.8206120707890363,2,1,4,0.6666666666666666,0.3333333333333333,0.4444444444444444,0.8206120707890363,2,1,4,0.6666666666666666,0.3333333333333333,0.4444444444444444,0.8206120707890363,0,0,0,0.0,0.0,0.0,0,0,0,0.0,0.0,0.0
COCO,440475,26,26,0,0,8,107,16,107,123,65,0,0,16,0.0146757059999913,0.0103851900000222,0.0,0.0103851900000222,0.0106502419999969,0.0253263920000108,Optimal,0,none,6.461389677766753,0,25,100.0,100.0,100.0,2.0,5,3,21,0.625,0.1923076923076923,0.2941176470588235,0.7828076450952566,5,3,21,0.625,0.1923076923076923,0.2941176470588235,0.7828076450952566,5,3,21,0.625,0.1923076923076923,0.2941176470588235,0.7828076450952566,0,0,0,0.0,0.0,0.0,0,0,0,0.0,0.0,0.0
COCO,101762,2,2,0,0,2,4,4,4,8,5,0,0,4,0.0138681330000167,0.0065960460000269,0.0,0.0065960460000269,0.0066993110000339,0.0205679570000256,Optimal,0,none,1.5245363744099936,0,5,100.0,100.0,100.0,2.0,2,0,0,1.0,1.0,1.0,0.8099170356554997,2,0,0,1.0,1.0,1.0,0.8099170356554997,2,0,0,1.0,1.0,1.0,0.8099170356554997,0,0,0,0.0,0.0,0.0,0,0,0,0.0,0.0,0.0
COCO,557501,2,2,0,0,2,2,4,2,6,5,0,0,4,0.0130917260000273,0.0066682110000328,0.0,0.0066682110000328,0.0067626759999939,0.0198547440000425,Optimal,0,none,1.425895155270894,0,5,100.0,100.0,100.0,2.0,2,0,0,1.0,1.0,1.0,0.901446982380051,2,0,0,1.0,1.0,1.0,0.901446982380051,2,0,0,1.0,1.0,1.0,0.901446982380051,0,0,0,0.0,0.0,0.0,0,0,0,0.0,0.0,0.0
COCO,203317,1,1,0,0,1,0,2,0,2,1,0,0,2,0.0153154199999789,0.0058651540000482,0.0,0.0058651540000482,0.0059305330000256,0.021246337999969,Optimal,0,none,0.6421681801478067,0,2,100.0,100.0,100.0,2.0,1,0,0,1.0,1.0,1.0,0.9783740828404816,1,0,0,1.0,1.0,1.0,0.9783740828404816,1,0,0,1.0,1.0,1.0,0.9783740828404816,0,0,0,0.0,0.0,0.0,0,0,0,0.0,0.0,0.0
COCO,368940,1,1,0,0,2,4,4,4,8,5,0,0,4,0.0137079790000029,0.0062284749999435,0.0,0.0062284749999435,0.0063212140000246,0.0200295620000474,Optimal,0,none,1.2648962091064426,0,5,100.0,100.0,100.0,2.0,1,1,0,0.5,1.0,0.6666666666666666,0.7949256734460757,1,1,0,0.5,1.0,0.6666666666666666,0.7949256734460757,1,1,0,0.5,1.0,0.6666666666666666,0.7949256734460757,0,0,0,0.0,0.0,0.0,0,0,0,0.0,0.0,0.0
COCO,569917,5,5,0,0,3,12,6,12,18,10,0,0,6,0.0153297349999661,0.0067620429999806,0.0,0.0067620429999806,0.0068860850000191,0.0222162449999814,Optimal,0,none,2.2413849163921387,0,10,100.0,100.0,100.0,2.0,2,1,3,0.6666666666666666,0.4,0.5,0.8701704476211356,2,1,3,0.6666666666666666,0.4,0.5,0.8701704476211356,2,1,3,0.6666666666666666,0.4,0.5,0.8701704476211356,0,0,0,0.0,0.0,0.0,0,0,0,0.0,0.0,0.0
COCO,144798,4,4,0,0,2,4,4,4,8,5,0,0,4,0.0130326620000005,0.0061666189999982,0.0,0.0061666189999982,0.006259985999975,0.0192930499999874,Optimal,0,none,1.5059102567036948,0,5,100.0,100.0,100.0,2.0,2,0,2,1.0,0.5,0.6666666666666666,0.9410266629148344,2,0,2,1.0,0.5,0.6666666666666666,0.9410266629148344,2,0,2,1.0,0.5,0.6666666666666666,0.9410266629148344,0,0,0,0.0,0.0,0.0,0,0,0,0.0,0.0,0.0
COCO,284623,5,5,0,0,3,10,6,10,16,10,0,0,6,0.0129839420000053,0.0068033649999961,0.0,0.0068033649999961,0.0069516609999595,0.0199359689999596,Optimal,0,none,2.570961015224457,0,10,100.0,100.0,100.0,2.0,3,0,2,1.0,0.6,0.7499999999999999,0.948762621337833,3,0,2,1.0,0.6,0.7499999999999999,0.948762621337833,3,0,2,1.0,0.6,0.7499999999999999,0.948762621337833,0,0,0,0.0,0.0,0.0,0,0,0,0.0,0.0,0.0
COCO,520301,1,1,0,0,1,0,2,0,2,1,0,0,2,0.0136068649999856,0.0064293659999634,0.0,0.0064293659999634,0.0065043959999684,0.0201117499999554,Optimal,0,none,0.6055704275767009,0,2,100.0,100.0,100.0,2.0,1,0,0,1.0,1.0,1.0,0.981547151603204,1,0,0,1.0,1.0,1.0,0.981547151603204,1,0,0,1.0,1.0,1.0,0.981547151603204,0,0,0,0.0,0.0,0.0,0,0,0,0.0,0.0,0.0
COCO,127987,3,3,0,0,3,13,6,13,19,10,0,0,6,0.0132018429999902,0.0067760439999915,0.0,0.0067760439999915,0.0069078170000125,0.0201101630000266,Optimal,0,none,2.6436856073879738,0,10,100.0,100.0,100.0,2.0,2,1,1,0.6666666666666666,0.6666666666666666,0.6666666666666666,0.9320577366590088,2,1,1,0.6666666666666666,0.6666666666666666,0.6666666666666666,0.9320577366590088,2,1,1,0.6666666666666666,0.6666666666666666,0.6666666666666666,0.9320577366590088,0,0,0,0.0,0.0,0.0,0,0,0,0.0,0.0,0.0
COCO,63740,11,11,0,0,11,211,22,211,233,122,0,0,22,0.016107895999994,0.0143278900000041,0.0,0.0143278900000041,0.0147739079999951,0.0308823099999813,Optimal,0,none,9.299833457071507,0,34,100.0,100.0,100.0,2.0,8,3,3,0.7272727272727273,0.7272727272727273,0.7272727272727273,0.8832138281943049,8,3,3,0.7272727272727273,0.7272727272727273,0.7272727272727273,0.8832138281943049,8,3,3,0.7272727272727273,0.7272727272727273,0.7272727272727273,0.8832138281943049,0,0,0,0.0,0.0,0.0,0,0,0,0.0,0.0,0.0
COCO,36494,52,52,0,0,21,793,42,793,835,442,0,0,42,0.0170717919999674,0.03637089099999,0.0,0.03637089099999,0.0375342109999792,0.054606605999993,Optimal,0,none,15.844737183488526,0,64,100.0,100.0,100.0,2.0,13,8,39,0.6190476190476191,0.25,0.3561643835616438,0.8157270056320051,13,8,39,0.6190476190476191,0.25,0.3561643835616438,0.8157270056320051,13,8,39,0.6190476190476191,0.25,0.3561643835616438,0.8157270056320051,0,0,0,0.0,0.0,0.0,0,0,0,0.0,0.0,0.0
COCO,210032,15,15,0,0,5,38,10,38,48,26,0,0,10,0.0138075659999685,0.0077520990000152,0.0,0.0077520990000152,0.007937427999991,0.0217454429999861,Optimal,0,none,4.08782260020574,0,16,100.0,100.0,100.0,2.0,3,2,12,0.6,0.2,0.3,0.7268895447074504,3,2,12,0.6,0.2,0.3,0.7268895447074504,3,2,12,0.6,0.2,0.3,0.7268895447074504,0,0,0,0.0,0.0,0.0,0,0,0,0.0,0.0,0.0
Visual Genome,83,25,1,16,0,28,1429,56,1429,1485,785,0,0,56,0.019313741000019,0.0617879870000024,0.0,0.0617879870000024,0.063389528000016,0.0827038589999915,Optimal,0,none,22.699173180846397,0,85,100.0,100.0,100.0,2.0,0,28,1,0.0,0.0,0.0,0.0,0,28,1,0.0,0.0,0.0,0.0,0,28,1,0.0,0.0,0.0,0.0,0,0,0,0.0,0.0,0.0,0,0,0,0.0,0.0,0.0
Visual Genome,347,13,1,7,0,14,352,28,352,380,197,0,0,28,0.0153486750000411,0.0203269970000405,0.0,0.0203269970000405,0.0208676390000164,0.0362169350000272,Optimal,0,none,11.6840416800735,0,43,100.0,100.0,100.0,2.0,1,13,0,0.0714285714285714,1.0,0.1333333333333333,0.6088530700244924,1,13,0,0.0714285714285714,1.0,0.1333333333333333,0.6088530700244924,1,13,0,0.0714285714285714,1.0,0.1333333333333333,0.6088530700244924,0,0,0,0.0,0.0,0.0,0,0,0,0.0,0.0,0.0
Visual Genome,532,28,1,49,0,1,0,2,0,2,1,0,0,2,0.0131389240000316,0.0061922230000277,0.0,0.0061922230000277,0.006257746000017,0.0193971219999866,Optimal,0,none,0.604728881518046,0,2,100.0,100.0,100.0,2.0,1,0,0,1.0,1.0,1.0,0.8996194252227986,1,0,0,1.0,1.0,1.0,0.8996194252227986,1,0,0,1.0,1.0,1.0,0.8996194252227986,0,0,0,0.0,0.0,0.0,0,0,0,0.0,0.0,0.0
Visual Genome,1045,35,1,22,0,28,1407,56,1407,1463,785,0,0,56,0.0200830450000353,0.0622696429999791,0.0,0.0622696429999791,0.063954136999996,0.0840377819999957,Optimal,0,none,23.41876866219244,0,85,100.0,100.0,100.0,2.0,1,27,0,0.0357142857142857,1.0,0.0689655172413793,0.9619170594332536,1,27,0,0.0357142857142857,1.0,0.0689655172413793,0.9619170594332536,1,27,0,0.0357142857142857,1.0,0.0689655172413793,0.9619170594332536,0,0,0,0.0,0.0,0.0,0,0,0,0.0,0.0,0.0
Visual Genome,1139,30,0,25,0,7,80,14,80,94,50,0,0,14,0.014063157999999,0.0127858159999618,0.0,0.0127858159999618,0.0130522380000002,0.0271158769999715,Optimal,0,none,5.295514153955299,0,22,100.0,100.0,100.0,2.0,0,7,0,0.0,0.0,0.0,0.0,0,7,0,0.0,0.0,0.0,0.0,0,7,0,0.0,0.0,0.0,0.0,0,0,0,0.0,0.0,0.0,0,0,0,0.0,0.0,0.0
Visual Genome,1716,28,8,20,0,15,372,30,372,402,226,0,0,30,0.0167865880000022,0.0202326750000452,0.0,0.0202326750000452,0.0208348470000032,0.0376219839999976,Optimal,0,none,12.127404987812048,0,46,100.0,100.0,100.0,2.0,6,9,2,0.4,0.75,0.5217391304347827,0.8845121658533279,6,9,2,0.4,0.75,0.5217391304347827,0.8845121658533279,6,9,2,0.4,0.75,0.5217391304347827,0.8845121658533279,0,0,0,0.0,0.0,0.0,0,0,0,0.0,0.0,0.0
Visual Genome,2159,25,3,14,0,8,102,16,102,118,65,0,0,16,0.014847442999951,0.0109592549999888,0.0,0.0109592549999888,0.0112289090000103,0.0260768379999944,Optimal,0,none,6.057708433470597,0,25,100.0,100.0,100.0,2.0,2,6,1,0.25,0.6666666666666666,0.3636363636363636,0.8814663573441348,2,6,1,0.25,0.6666666666666666,0.3636363636363636,0.8814663573441348,2,6,1,0.25,0.6666666666666666,0.3636363636363636,0.8814663573441348,0,0,0,0.0,0.0,0.0,0,0,0,0.0,0.0,0.0
Visual Genome,2813,14,0,8,0,0,0,0,0,0,0,0,0,1,0.0126976909999712,0.0053724499999816,0.0,0.0053724499999816,0.0054178259999844,0.0181158799999821,Optimal,0,none,,0,1,100.0,0.0,0.0,0.0,0,0,0,0.0,0.0,0.0,0.0,0,0,0,0.0,0.0,0.0,0.0,0,0,0,0.0,0.0,0.0,0.0,0,0,0,0.0,0.0,0.0,0,0,0,0.0,0.0,0.0
Visual Genome,3040,18,2,15,0,3,12,6,12,18,10,0,0,6,0.0146945600000094,0.0070015570000236,0.0,0.0070015570000236,0.0071299690000046,0.0218250119999652,Optimal,0,none,2.577692975997926,0,10,100.0,100.0,100.0,2.0,1,2,1,0.3333333333333333,0.5,0.4,0.9134589780294818,1,2,1,0.3333333333333333,0.5,0.4,0.9134589780294818,1,2,1,0.3333333333333333,0.5,0.4,0.9134589780294818,0,0,0,0.0,0.0,0.0,0,0,0,0.0,0.0,0.0
Visual Genome,3575,11,1,11,0,1,0,2,0,2,1,0,0,2,0.0161738950000085,0.0064489760000014,0.0,0.0064489760000014,0.0065353589999972,0.0227096909999886,Optimal,0,none,0.3771908680597941,0,2,100.0,100.0,100.0,2.0,0,1,1,0.0,0.0,0.0,0.0,0,1,1,0.0,0.0,0.0,0.0,0,1,1,0.0,0.0,0.0,0.0,0,0,0,0.0,0.0,0.0,0,0,0,0.0,0.0,0.0
Visual Genome,3781,62,16,62,0,9,114,18,114,132,82,0,0,18,0.014613230000009,0.0109944310000287,0.0,0.0109944310000287,0.0113082419999841,0.0259218959999998,Optimal,0,none,6.64191254442561,0,28,100.0,100.0,100.0,2.0,5,4,11,0.5555555555555556,0.3125,0.3999999999999999,0.6661520308401749,5,4,11,0.5555555555555556,0.3125,0.3999999999999999,0.6661520308401749,5,4,11,0.5555555555555556,0.3125,0.3999999999999999,0.6661520308401749,0,0,0,0.0,0.0,0.0,0,0,0,0.0,0.0,0.0
Visual Genome,4218,5,0,3,0,0,0,0,0,0,0,0,0,1,0.0150402049999911,0.0048759719999793,0.0,0.0048759719999793,0.0049143479999997,0.0199550129999579,Optimal,0,none,,0,1,100.0,0.0,0.0,0.0,0,0,0,0.0,0.0,0.0,0.0,0,0,0,0.0,0.0,0.0,0.0,0,0,0,0.0,0.0,0.0,0.0,0,0,0,0.0,0.0,0.0,0,0,0,0.0,0.0,0.0
Visual Genome,4434,8,1,15,0,2,4,4,4,8,5,0,0,4,0.0138650319999555,0.0066780989999983,0.0,0.0066780989999983,0.0067766229999506,0.0206421799999816,Optimal,0,none,1.285396679242452,0,5,100.0,100.0,100.0,2.0,0,2,1,0.0,0.0,0.0,0.7734870065833309,0,2,1,0.0,0.0,0.0,0.7734870065833309,0,2,1,0.0,0.0,0.0,0.7734870065833309,0,0,0,0.0,0.0,0.0,0,0,0,0.0,0.0,0.0
Visual Genome,4483,24,2,13,0,4,18,8,18,26,17,0,0,8,0.053884489999973,0.007757483999967,0.0,0.007757483999967,0.0079068139999662,0.061791750999987,Optimal,0,none,3.4485973183314016,0,13,100.0,100.0,100.0,2.0,2,2,0,0.5,1.0,0.6666666666666666,0.9674957532201804,2,2,0,0.5,1.0,0.6666666666666666,0.9674957532201804,2,2,0,0.5,1.0,0.6666666666666666,0.9674957532201804,0,0,0,0.0,0.0,0.0,0,0,0,0.0,0.0,0.0
Visual Genome,4525,23,1,13,0,0,0,0,0,0,0,0,0,1,0.0116512409999813,0.0050106390000337,0.0,0.0050106390000337,0.0050491009999973,0.0167006710000237,Optimal,0,none,,0,1,100.0,0.0,0.0,0.0,0,0,1,0.0,0.0,0.0,0.0,0,0,1,0.0,0.0,0.0,0.0,0,0,1,0.0,0.0,0.0,0.0,0,0,0,0.0,0.0,0.0,0,0,0,0.0,0.0,0.0
Visual Genome,285666,4,0,1,0,3,10,6,10,16,10,0,0,6,0.0204698289999782,0.0074801850000199,0.0,0.0074801850000199,0.0076674860000025,0.0281376959999875,Optimal,0,none,2.4952497673034677,0,10,100.0,100.0,100.0,2.0,0,3,0,0.0,0.0,0.0,0.0,0,3,0,0.0,0.0,0.0,0.0,0,3,0,0.0,0.0,0.0,0.0,0,0,0,0.0,0.0,0.0,0,0,0,0.0,0.0,0.0
Visual Genome,497981,32,1,14,0,4,24,8,24,32,17,0,0,8,0.0167964560000086,0.0072426400000153,0.0,0.0072426400000153,0.0073927470000398,0.0241897280000102,Optimal,0,none,2.9293096510569265,0,13,100.0,100.0,100.0,2.0,0,4,1,0.0,0.0,0.0,0.0,0,4,1,0.0,0.0,0.0,0.0,0,4,1,0.0,0.0,0.0,0.0,0,0,0,0.0,0.0,0.0,0,0,0,0.0,0.0,0.0
Visual Genome,498311,27,4,18,0,3,12,6,12,18,10,0,0,6,0.0202505080000037,0.0070851209999887,0.0,0.0070851209999887,0.0072347779999972,0.0274857219999944,Optimal,0,none,2.450601445261082,0,10,100.0,100.0,100.0,2.0,3,0,1,1.0,0.75,0.8571428571428571,0.8355290348399967,3,0,1,1.0,0.75,0.8571428571428571,0.8355290348399967,3,0,1,1.0,0.75,0.8571428571428571,0.8355290348399967,0,0,0,0.0,0.0,0.0,0,0,0,0.0,0.0,0.0
Visual Genome,713027,8,1,2,0,5,42,10,42,52,26,0,0,10,0.0282930310000324,0.008129585000006,0.0,0.008129585000006,0.0083355740000001,0.0366290790000221,Optimal,0,none,3.622702642281852,0,16,100.0,100.0,100.0,2.0,1,4,0,0.2,1.0,0.3333333333333333,0.7393753385839741,1,4,0,0.2,1.0,0.3333333333333333,0.7393753385839741,1,4,0,0.2,1.0,0.3333333333333333,0.7393753385839741,0,0,0,0.0,0.0,0.0,0,0,0,0.0,0.0,0.0
Visual Genome,713431,16,0,8,0,4,22,8,22,30,17,0,0,8,0.0182375580000098,0.0075463069999841,0.0,0.0075463069999841,0.0077067149999834,0.0259447569999906,Optimal,0,none,3.41911802450816,0,13,100.0,100.0,100.0,2.0,0,4,0,0.0,0.0,0.0,0.0,0,4,0,0.0,0.0,0.0,0.0,0,4,0,0.0,0.0,0.0,0.0,0,0,0,0.0,0.0,0.0,0,0,0,0.0,0.0,0.0
Visual Genome,713491,32,0,16,0,19,589,38,589,627,362,0,0,38,0.023289802000022,0.0282120680000161,0.0,0.0282120680000161,0.0289658600000279,0.0522561459999906,Optimal,0,none,15.167105811505744,0,58,100.0,100.0,100.0,2.0,0,19,0,0.0,0.0,0.0,0.0,0,19,0,0.0,0.0,0.0,0.0,0,19,0,0.0,0.0,0.0,0.0,0,0,0,0.0,0.0,0.0,0,0,0,0.0,0.0,0.0
Visual Genome,1159279,36,5,23,0,17,525,34,525,559,290,0,0,34,0.0232217299999888,0.0256362029999763,0.0,0.0256362029999763,0.0263680600000384,0.049590266999985,Optimal,0,none,14.325144956559711,0,52,100.0,100.0,100.0,2.0,4,13,1,0.2352941176470588,0.8,0.3636363636363636,0.8425969705101859,4,13,1,0.2352941176470588,0.8,0.3636363636363636,0.8425969705101859,4,13,1,0.2352941176470588,0.8,0.3636363636363636,0.8425969705101859,0,0,0,0.0,0.0,0.0,0,0,0,0.0,0.0,0.0
Visual Genome,1159540,26,12,42,1,18,561,36,561,597,325,0,0,36,0.0232990110000059,0.0276448619999882,0.0,0.0276448619999882,0.0284232639999686,0.0517228360000103,Optimal,0,none,14.55571071371956,0,55,100.0,100.0,100.0,2.0,11,7,1,0.6111111111111112,0.9166666666666666,0.7333333333333334,0.8354765472541626,11,7,1,0.6111111111111112,0.9166666666666666,0.7333333333333334,0.8354765472541626,11,7,1,0.6111111111111112,0.9166666666666666,0.7333333333333334,0.8354765472541626,0,2,1,0.0,0.0,0.0,0,4,1,0.0,0.0,0.0
Visual Genome,1159694,18,4,10,0,13,311,26,311,337,170,0,0,26,0.022431288000007,0.0187624240000445,0.0,0.0187624240000445,0.0192729639999811,0.0417046800000093,Optimal,0,none,11.235788588520888,0,40,100.0,100.0,100.0,2.0,3,10,1,0.2307692307692307,0.75,0.3529411764705882,0.8296596976299591,3,10,1,0.2307692307692307,0.75,0.3529411764705882,0.8296596976299591,3,10,1,0.2307692307692307,0.75,0.3529411764705882,0.8296596976299591,0,0,0,0.0,0.0,0.0,0,0,0,0.0,0.0,0.0
Visual Genome,1159744,41,12,32,0,23,906,46,906,952,530,0,0,46,0.0244441530000472,0.0411392440000213,0.0,0.0411392440000213,0.0422423129999742,0.0666871360000413,Optimal,0,none,20.139875265898247,0,70,100.0,100.0,100.0,2.0,10,13,2,0.4347826086956521,0.8333333333333334,0.5714285714285714,0.8698763170042644,10,13,2,0.4347826086956521,0.8333333333333334,0.5714285714285714,0.8698763170042644,10,13,2,0.4347826086956521,0.8333333333333334,0.5714285714285714,0.8698763170042644,0,0,0,0.0,0.0,0.0,0,0,0,0.0,0.0,0.0
Visual Genome,1159873,5,0,4,0,8,101,16,101,117,65,0,0,16,0.0203650349999975,0.0099952420000022,0.0,0.0099952420000022,0.0102602470000192,0.0306257419999838,Optimal,0,none,6.627297252019249,0,25,100.0,100.0,100.0,2.0,0,8,0,0.0,0.0,0.0,0.0,0,8,0,0.0,0.0,0.0,0.0,0,8,0,0.0,0.0,0.0,0.0,0,0,0,0.0,0.0,0.0,0,0,0,0.0,0.0,0.0
Visual Genome,1159972,34,2,29,0,9,114,18,114,132,82,0,0,18,0.0211313720000134,0.0113154950000193,0.0,0.0113154950000193,0.0115995929999712,0.0327317840000205,Optimal,0,none,7.451251595020297,0,28,100.0,100.0,100.0,2.0,0,9,2,0.0,0.0,0.0,0.0,0,9,2,0.0,0.0,0.0,0.0,0,9,2,0.0,0.0,0.0,0.0,0,0,0,0.0,0.0,0.0,0,0,0,0.0,0.0,0.0
Visual Genome,1159995,19,2,10,0,5,34,10,34,44,26,0,0,10,0.0209651450000478,0.007713324000008,0.0,0.007713324000008,0.0078934780000281,0.0288590940000403,Optimal,0,none,4.207706399758658,0,16,100.0,100.0,100.0,2.0,2,3,0,0.4,1.0,0.5714285714285715,0.6924770637989253,2,3,0,0.4,1.0,0.5714285714285715,0.6924770637989253,2,3,0,0.4,1.0,0.5714285714285715,0.6924770637989253,0,0,0,0.0,0.0,0.0,0,0,0,0.0,0.0,0.0
Visual Genome,1160034,11,9,16,0,11,163,22,163,185,120,0,0,22,0.0200079999999616,0.0129104270000084,0.0,0.0129104270000084,0.0132524519999606,0.0332609749999619,Optimal,0,none,8.819616551510263,0,34,100.0,100.0,100.0,2.0,6,5,3,0.5454545454545454,0.6666666666666666,0.6,0.89110472777296,6,5,3,0.5454545454545454,0.6666666666666666,0.6,0.89110472777296,6,5,3,0.5454545454545454,0.6666666666666666,0.6,0.89110472777296,0,0,0,0.0,0.0,0.0,0,0,0,0.0,0.0,0.0
Visual Genome,1591822,35,2,22,0,8,109,16,109,125,65,0,0,16,0.0207581710000113,0.0107267239999941,0.0,0.0107267239999941,0.0110119170000189,0.0317705690000025,Optimal,0,none,6.321787496147637,0,25,100.0,100.0,100.0,2.0,1,7,1,0.125,0.5,0.2,0.6235740313892145,1,7,1,0.125,0.5,0.2,0.6235740313892145,1,7,1,0.125,0.5,0.2,0.6235740313892145,0,0,0,0.0,0.0,0.0,0,0,0,0.0,0.0,0.0
Visual Genome,1591881,31,3,25,0,12,242,24,242,266,145,0,0,24,0.0211003049999476,0.0152423220000059,0.0,0.0152423220000059,0.0156973990000324,0.0367982539999616,Optimal,0,none,10.021616909319018,0,37,100.0,100.0,100.0,2.0,1,11,2,0.0833333333333333,0.3333333333333333,0.1333333333333333,0.6787048330779393,1,11,2,0.0833333333333333,0.3333333333333333,0.1333333333333333,0.6787048330779393,1,11,2,0.0833333333333333,0.3333333333333333,0.1333333333333333,0.6787048330779393,0,0,0,0.0,0.0,0.0,0,0,0,0.0,0.0,0.0
Visual Genome,1592256,29,3,19,0,9,125,18,125,143,82,0,0,18,0.0187573879999831,0.0136963890000174,0.0,0.0136963890000174,0.0139959020000333,0.032753735999961,Optimal,0,none,7.100584838390353,0,28,100.0,100.0,100.0,2.0,2,7,1,0.2222222222222222,0.6666666666666666,0.3333333333333333,0.8159010489979763,2,7,1,0.2222222222222222,0.6666666666666666,0.3333333333333333,0.8159010489979763,2,7,1,0.2222222222222222,0.6666666666666666,0.3333333333333333,0.8159010489979763,0,0,0,0.0,0.0,0.0,0,0,0,0.0,0.0,0.0
Visual Genome,1592323,51,1,63,0,9,123,18,123,141,82,0,0,18,0.0196686150000005,0.011036378999961,0.0,0.011036378999961,0.011348699999985,0.0310178099999802,Optimal,0,none,7.7466627407074,0,28,100.0,100.0,100.0,2.0,1,8,0,0.1111111111111111,1.0,0.1999999999999999,0.776802185012198,1,8,0,0.1111111111111111,1.0,0.1999999999999999,0.776802185012198,1,8,0,0.1111111111111111,1.0,0.1999999999999999,0.776802185012198,0,0,0,0.0,0.0,0.0,0,0,0,0.0,0.0,0.0
Visual Genome,1592611,40,0,27,0,1,0,2,0,2,1,0,0,2,0.0198973700000237,0.0064916800000105,0.0,0.0064916800000105,0.0065590959999894,0.0264569280000159,Optimal,0,none,0.6021134773890178,0,2,100.0,100.0,100.0,2.0,0,1,0,0.0,0.0,0.0,0.0,0,1,0,0.0,0.0,0.0,0.0,0,1,0,0.0,0.0,0.0,0.0,0,0,0,0.0,0.0,0.0,0,0,0,0.0,0.0,0.0
Visual Genome,1592779,18,0,3,0,1,0,2,0,2,1,0,0,2,0.0272820650000085,0.0060895959999811,0.0,0.0060895959999811,0.0061604329999909,0.0334429600000021,Optimal,0,none,0.6368072907129924,0,2,100.0,100.0,100.0,2.0,0,1,0,0.0,0.0,0.0,0.0,0,1,0,0.0,0.0,0.0,0.0,0,1,0,0.0,0.0,0.0,0.0,0,0,0,0.0,0.0,0.0,0,0,0,0.0,0.0,0.0
Visual Genome,1592852,19,0,18,0,2,3,4,3,7,5,0,0,4,0.0212923569999929,0.0075552139999786,0.0,0.0075552139999786,0.0076909869999894,0.0289837680000459,Optimal,0,none,1.5564013036092126,0,5,100.0,100.0,100.0,2.0,0,2,0,0.0,0.0,0.0,0.0,0,2,0,0.0,0.0,0.0,0.0,0,2,0,0.0,0.0,0.0,0.0,0,0,0,0.0,0.0,0.0,0,0,0,0.0,0.0,0.0
Visual Genome,1592930,31,5,25,0,13,310,26,310,336,170,0,0,26,0.0215562449999993,0.0171558000000118,0.0,0.0171558000000118,0.0176163900000005,0.0391732189999629,Optimal,0,none,10.16419013471176,0,40,100.0,100.0,100.0,2.0,2,11,3,0.1538461538461538,0.4,0.2222222222222222,0.6453768870996018,2,11,3,0.1538461538461538,0.4,0.2222222222222222,0.6453768870996018,2,11,3,0.1538461538461538,0.4,0.2222222222222222,0.6453768870996018,0,0,0,0.0,0.0,0.0,0,0,0,0.0,0.0,0.0
Visual Genome,1593021,24,4,27,0,19,602,38,602,640,362,0,0,38,0.0226235089999704,0.0284630149999998,0.0,0.0284630149999998,0.0292681720000018,0.0518922530000054,Optimal,0,none,15.99663134711258,0,58,100.0,100.0,100.0,2.0,4,15,0,0.2105263157894736,1.0,0.3478260869565217,0.8217650179857863,4,15,0,0.2105263157894736,1.0,0.3478260869565217,0.8217650179857863,4,15,0,0.2105263157894736,1.0,0.3478260869565217,0.8217650179857863,0,0,0,0.0,0.0,0.0,0,0,0,0.0,0.0,0.0
Visual Genome,1593068,19,1,14,0,11,200,22,200,222,122,0,0,22,0.019943478000016,0.0152108250000537,0.0,0.0152108250000537,0.0156504729999937,0.0355947699999887,Optimal,0,none,8.579836629207195,0,34,100.0,100.0,100.0,2.0,1,10,0,0.0909090909090909,1.0,0.1666666666666666,0.8701733024820818,1,10,0,0.0909090909090909,1.0,0.1666666666666666,0.8701733024820818,1,10,0,0.0909090909090909,1.0,0.1666666666666666,0.8701733024820818,0,0,0,0.0,0.0,0.0,0,0,0,0.0,0.0,0.0
Visual Genome,1593241,43,3,36,0,3,10,6,10,16,10,0,0,6,0.0207420419999948,0.0073594819999698,0.0,0.0073594819999698,0.0074857380000139,0.0282282969999982,Optimal,0,none,2.631452021598817,0,10,100.0,100.0,100.0,2.0,1,2,2,0.3333333333333333,0.3333333333333333,0.3333333333333333,0.8156696063298604,1,2,2,0.3333333333333333,0.3333333333333333,0.3333333333333333,0.8156696063298604,1,2,2,0.3333333333333333,0.3333333333333333,0.3333333333333333,0.8156696063298604,0,0,0,0.0,0.0,0.0,0,0,0,0.0,0.0,0.0
Visual Genome,1593259,21,0,18,0,4,14,8,14,22,17,0,0,8,0.0192004630000042,0.0077231500000038,0.0,0.0077231500000038,0.0078610659999753,0.02706194000001,Optimal,0,none,3.4349237934748342,0,13,100.0,100.0,100.0,2.0,0,4,0,0.0,0.0,0.0,0.0,0,4,0,0.0,0.0,0.0,0.0,0,4,0,0.0,0.0,0.0,0.0,0,0,0,0.0,0.0,0.0,0,0,0,0.0,0.0,0.0
Visual Genome,2315399,12,2,7,0,5,30,10,30,40,26,0,0,10,0.0120851149999907,0.0077336239999681,0.0,0.0077336239999681,0.0079142740000293,0.0199999800000227,Optimal,0,none,3.8201230627756178,0,16,100.0,100.0,100.0,2.0,1,4,1,0.2,0.5,0.2857142857142857,0.5988938412361628,1,4,1,0.2,0.5,0.2857142857142857,0.5988938412361628,1,4,1,0.2,0.5,0.2857142857142857,0.5988938412361628,0,0,0,0.0,0.0,0.0,0,0,0,0.0,0.0,0.0
Visual Genome,2315969,22,2,16,0,2,5,4,5,9,5,0,0,4,0.0137586679999799,0.0066772300000366,0.0,0.0066772300000366,0.0067765669999744,0.0205356559999927,Optimal,0,none,1.3352857025464375,0,5,100.0,100.0,100.0,2.0,1,1,1,0.5,0.5,0.5,0.9220600539057656,1,1,1,0.5,0.5,0.5,0.9220600539057656,1,1,1,0.5,0.5,0.5,0.9220600539057656,0,0,0,0.0,0.0,0.0,0,0,0,0.0,0.0,0.0
Visual Genome,2316439,33,2,27,0,3,14,6,14,20,10,0,0,6,0.0145510169999738,0.0073642309999968,0.0,0.0073642309999968,0.0075061059999939,0.0220576410000035,Optimal,0,none,2.681041651871797,0,10,100.0,100.0,100.0,2.0,2,1,0,0.6666666666666666,1.0,0.8,0.9267288609740352,2,1,0,0.6666666666666666,1.0,0.8,0.9267288609740352,2,1,0,0.6666666666666666,1.0,0.8,0.9267288609740352,0,0,0,0.0,0.0,0.0,0,0,0,0.0,0.0,0.0
Visual Genome,2316445,35,2,34,0,3,8,6,8,14,10,0,0,6,0.0143418060000044,0.0069995559999824,0.0,0.0069995559999824,0.0071330500000499,0.0214933209999799,Optimal,0,none,2.5079620409011847,0,10,100.0,100.0,100.0,2.0,1,2,1,0.3333333333333333,0.5,0.4,0.9618071904725842,1,2,1,0.3333333333333333,0.5,0.4,0.9618071904725842,1,2,1,0.3333333333333333,0.5,0.4,0.9618071904725842,0,0,0,0.0,0.0,0.0,0,0,0,0.0,0.0,0.0
Visual Genome,2316585,21,0,12,0,10,166,20,166,186,101,0,0,20,0.0147119849999626,0.0130811369999719,0.0,0.0130811369999719,0.0134151560000077,0.0281275929999651,Optimal,0,none,7.950060818249637,0,31,100.0,100.0,100.0,2.0,0,10,0,0.0,0.0,0.0,0.0,0,10,0,0.0,0.0,0.0,0.0,0,10,0,0.0,0.0,0.0,0.0,0,0,0,0.0,0.0,0.0,0,0,0,0.0,0.0,0.0
Visual Genome,2316628,25,2,36,0,2,2,4,2,6,5,0,0,4,0.0133779729999901,0.0065735510000308,0.0,0.0065735510000308,0.0066687660000184,0.0200472050000257,Optimal,0,none,1.4710322650273642,0,5,100.0,100.0,100.0,2.0,1,1,1,0.5,0.5,0.5,0.8945761929588115,1,1,1,0.5,0.5,0.5,0.8945761929588115,1,1,1,0.5,0.5,0.5,0.8945761929588115,0,0,0,0.0,0.0,0.0,0,0,0,0.0,0.0,0.0
Visual Genome,2316897,15,1,21,0,1,0,2,0,2,1,0,0,2,0.0141577690000076,0.0062846179999951,0.0,0.0062846179999951,0.006355644999985,0.0205138340000416,Optimal,0,none,0.5468794743220011,0,2,100.0,100.0,100.0,2.0,0,1,1,0.0,0.0,0.0,0.0,0,1,1,0.0,0.0,0.0,0.0,0,1,1,0.0,0.0,0.0,0.0,0,0,0,0.0,0.0,0.0,0,0,0,0.0,0.0,0.0
Visual Genome,2317399,34,2,36,0,1,0,2,0,2,1,0,0,2,0.0125408509999829,0.0061144719999788,0.0,0.0061144719999788,0.0061860710000019,0.0187273209999716,Optimal,0,none,0.42590518395106,0,2,100.0,100.0,100.0,2.0,1,0,1,1.0,0.5,0.6666666666666666,0.653543668096767,1,0,1,1.0,0.5,0.6666666666666666,0.653543668096767,1,0,1,1.0,0.5,0.6666666666666666,0.653543668096767,0,0,0,0.0,0.0,0.0,0,0,0,0.0,0.0,0.0
Visual Genome,2317578,14,0,9,0,17,523,34,523,557,290,0,0,34,0.0170576220000384,0.0300694800000087,0.0,0.0300694800000087,0.0307681280000338,0.0478262340000128,Optimal,0,none,13.523255986012026,0,52,100.0,100.0,100.0,2.0,0,17,0,0.0,0.0,0.0,0.0,0,17,0,0.0,0.0,0.0,0.0,0,17,0,0.0,0.0,0.0,0.0,0,0,0,0.0,0.0,0.0,0,0,0,0.0,0.0,0.0
Visual Genome,2318115,26,3,22,0,2,4,4,4,8,5,0,0,4,0.0133128169999849,0.0067860340000152,0.0,0.0067860340000152,0.0069257569999763,0.0202390929999864,Optimal,0,none,1.1838766368230185,0,5,100.0,100.0,100.0,2.0,0,2,3,0.0,0.0,0.0,0.5385246586041468,0,2,3,0.0,0.0,0.0,0.5385246586041468,0,2,3,0.0,0.0,0.0,0.5385246586041468,0,0,0,0.0,0.0,0.0,0,0,0,0.0,0.0,0.0
Visual Genome,2318369,25,1,19,0,2,4,4,4,8,5,0,0,4,0.0136745649999738,0.006523613000013,0.0,0.006523613000013,0.0066204209999796,0.0202955569999971,Optimal,0,none,1.471520951588949,0,5,100.0,100.0,100.0,2.0,0,2,1,0.0,0.0,0.0,0.0,0,2,1,0.0,0.0,0.0,0.0,0,2,1,0.0,0.0,0.0,0.0,0,0,0,0.0,0.0,0.0,0,0,0,0.0,0.0,0.0
Visual Genome,2318440,45,7,22,0,18,518,36,518,554,325,0,0,36,0.0170382119999885,0.0258881930000143,0.0,0.0258881930000143,0.026593020000007,0.0436317310000049,Optimal,0,none,14.632175454657654,0,55,100.0,100.0,100.0,2.0,7,11,0,0.3888888888888889,1.0,0.56,0.8341131472950086,7,11,0,0.3888888888888889,1.0,0.56,0.8341131472950086,7,11,0,0.3888888888888889,1.0,0.56,0.8341131472950086,0,0,0,0.0,0.0,0.0,0,0,0,0.0,0.0,0.0
Visual Genome,2318496,24,3,16,0,1,0,2,0,2,1,0,0,2,0.0134931169999958,0.0061107590000233,0.0,0.0061107590000233,0.0061775639999837,0.0196710859999598,Optimal,0,none,0.6368696371714274,0,2,100.0,100.0,100.0,2.0,1,0,2,1.0,0.3333333333333333,0.5,0.9727585314413646,1,0,2,1.0,0.3333333333333333,0.5,0.9727585314413646,1,0,2,1.0,0.3333333333333333,0.5,0.9727585314413646,0,0,0,0.0,0.0,0.0,0,0,0,0.0,0.0,0.0
Visual Genome,2318583,31,1,19,0,5,42,10,42,52,26,0,0,10,0.0126786949999768,0.008249950999982,0.0,0.008249950999982,0.0084264390000043,0.0211055529999839,Optimal,0,none,3.894055663233259,0,16,100.0,100.0,100.0,2.0,0,5,1,0.0,0.0,0.0,0.0,0,5,1,0.0,0.0,0.0,0.0,0,5,1,0.0,0.0,0.0,0.0,0,0,0,0.0,0.0,0.0,0,0,0,0.0,0.0,0.0
Visual Genome,2318913,20,1,22,0,4,21,8,21,29,17,0,0,8,0.012864200000024,0.008240580000006,0.0,0.008240580000006,0.0083954919999769,0.021260213000005,Optimal,0,none,3.2049075663031403,0,13,100.0,100.0,100.0,2.0,1,3,0,0.25,1.0,0.4,0.8794220349310278,1,3,0,0.25,1.0,0.4,0.8794220349310278,1,3,0,0.25,1.0,0.4,0.8794220349310278,0,0,0,0.0,0.0,0.0,0,0,0,0.0,0.0,0.0
Visual Genome,2318942,38,0,26,0,1,0,2,0,2,1,0,0,2,0.0148710259999802,0.0062965360000362,0.0,0.0062965360000362,0.0063684460000104,0.0212399850000224,Optimal,0,none,0.5936402241388956,0,2,100.0,100.0,100.0,2.0,0,1,0,0.0,0.0,0.0,0.0,0,1,0,0.0,0.0,0.0,0.0,0,1,0,0.0,0.0,0.0,0.0,0,0,0,0.0,0.0,0.0,0,0,0,0.0,0.0,0.0
Visual Genome,2319079,13,0,19,0,1,0,2,0,2,1,0,0,2,0.05546332199998,0.0064092669999809,0.0,0.0064092669999809,0.0064778240000009,0.0619415959999969,Optimal,0,none,0.624840752283732,0,2,100.0,100.0,100.0,2.0,0,1,0,0.0,0.0,0.0,0.0,0,1,0,0.0,0.0,0.0,0.0,0,1,0,0.0,0.0,0.0,0.0,0,0,0,0.0,0.0,0.0,0,0,0,0.0,0.0,0.0
Visual Genome,2319149,15,0,9,0,1,0,2,0,2,1,0,0,2,0.0156644599999822,0.0061613579999857,0.0,0.0061613579999857,0.0062298519999899,0.0218948039999986,Optimal,0,none,0.5748338381449382,0,2,100.0,100.0,100.0,2.0,0,1,0,0.0,0.0,0.0,0.0,0,1,0,0.0,0.0,0.0,0.0,0,1,0,0.0,0.0,0.0,0.0,0,0,0,0.0,0.0,0.0,0,0,0,0.0,0.0,0.0
Visual Genome,2319501,35,0,32,0,3,8,6,8,14,10,0,0,6,0.0145287570000505,0.007751939000002,0.0,0.007751939000002,0.0078886410000222,0.0224179440000398,Optimal,0,none,2.293679914474488,0,10,100.0,100.0,100.0,2.0,0,3,0,0.0,0.0,0.0,0.0,0,3,0,0.0,0.0,0.0,0.0,0,3,0,0.0,0.0,0.0,0.0,0,0,0,0.0,0.0,0.0,0,0,0,0.0,0.0,0.0
Visual Genome,2319669,46,6,56,0,9,131,18,131,149,82,0,0,18,0.0161153500000068,0.0119143979999876,0.0,0.0119143979999876,0.0122266619999891,0.0283424840000066,Optimal,0,none,7.273493396370051,0,28,100.0,100.0,100.0,2.0,2,7,4,0.2222222222222222,0.3333333333333333,0.2666666666666666,0.9062500736351848,2,7,4,0.2222222222222222,0.3333333333333333,0.2666666666666666,0.9062500736351848,2,7,4,0.2222222222222222,0.3333333333333333,0.2666666666666666,0.9062500736351848,0,0,0,0.0,0.0,0.0,0,0,0,0.0,0.0,0.0
Visual Genome,2319710,18,0,37,0,1,0,2,0,2,1,0,0,2,0.0125286030000211,0.0068095249999942,0.0,0.0068095249999942,0.0068811399999617,0.0194101619999855,Optimal,0,none,0.6129119078318278,0,2,100.0,100.0,100.0,2.0,0,1,0,0.0,0.0,0.0,0.0,0,1,0,0.0,0.0,0.0,0.0,0,1,0,0.0,0.0,0.0,0.0,0,0,0,0.0,0.0,0.0,0,0,0,0.0,0.0,0.0
Visual Genome,2320251,17,3,15,0,6,52,12,52,64,37,0,0,12,0.014199541000039,0.008919757000001,0.0,0.008919757000001,0.0091246160000082,0.023324510000009,Optimal,0,none,5.107084100922951,0,19,100.0,100.0,100.0,2.0,3,3,0,0.5,1.0,0.6666666666666666,0.846949519283982,3,3,0,0.5,1.0,0.6666666666666666,0.846949519283982,3,3,0,0.5,1.0,0.6666666666666666,0.846949519283982,0,0,0,0.0,0.0,0.0,0,0,0,0.0,0.0,0.0
Visual Genome,2320648,25,0,13,0,4,24,8,24,32,17,0,0,8,0.0124378929999693,0.0071711429999936,0.0,0.0071711429999936,0.0073167319999924,0.0197551910000015,Optimal,0,none,3.24318946282069,0,13,100.0,100.0,100.0,2.0,0,4,0,0.0,0.0,0.0,0.0,0,4,0,0.0,0.0,0.0,0.0,0,4,0,0.0,0.0,0.0,0.0,0,0,0,0.0,0.0,0.0,0,0,0,0.0,0.0,0.0
Visual Genome,2320698,33,1,21,0,17,505,34,505,539,290,0,0,34,0.0170662919999813,0.0301167169999985,0.0,0.0301167169999985,0.030851192,0.0479179029999841,Optimal,0,none,13.233295024012325,0,52,100.0,100.0,100.0,2.0,1,16,0,0.0588235294117647,1.0,0.1111111111111111,0.5606073482804698,1,16,0,0.0588235294117647,1.0,0.1111111111111111,0.5606073482804698,1,16,0,0.0588235294117647,1.0,0.1111111111111111,0.5606073482804698,0,0,0,0.0,0.0,0.0,0,0,0,0.0,0.0,0.0
Visual Genome,2320927,8,0,3,0,1,0,2,0,2,1,0,0,2,0.0135810809999838,0.0061664330000326,0.0,0.0061664330000326,0.0062350259999561,0.0198165489999837,Optimal,0,none,0.6494154373804728,0,2,100.0,100.0,100.0,2.0,0,1,0,0.0,0.0,0.0,0.0,0,1,0,0.0,0.0,0.0,0.0,0,1,0,0.0,0.0,0.0,0.0,0,0,0,0.0,0.0,0.0,0,0,0,0.0,0.0,0.0
Visual Genome,2320957,46,2,28,0,18,567,36,567,603,325,0,0,36,0.0164324309999983,0.0283764949999749,0.0,0.0283764949999749,0.0291495449999956,0.045582496999998,Optimal,0,none,14.86517180376424,0,55,100.0,100.0,100.0,2.0,2,16,0,0.1111111111111111,1.0,0.1999999999999999,0.7217771505586337,2,16,0,0.1111111111111111,1.0,0.1999999999999999,0.7217771505586337,2,16,0,0.1111111111111111,1.0,0.1999999999999999,0.7217771505586337,0,0,0,0.0,0.0,0.0,0,0,0,0.0,0.0,0.0
Visual Genome,2321001,13,1,37,0,3,10,6,10,16,10,0,0,6,0.0139308590000268,0.0071465830000079,0.0,0.0071465830000079,0.0072723289999885,0.0212035950000313,Optimal,0,none,2.519432327747346,0,10,100.0,100.0,100.0,2.0,1,2,0,0.3333333333333333,1.0,0.5,0.975463326169022,1,2,0,0.3333333333333333,1.0,0.5,0.975463326169022,1,2,0,0.3333333333333333,1.0,0.5,0.975463326169022,0,0,0,0.0,0.0,0.0,0,0,0,0.0,0.0,0.0
Visual Genome,2321381,27,1,14,0,2,2,4,2,6,5,0,0,4,0.0123107990000335,0.0065119270000195,0.0,0.0065119270000195,0.006608430999961,0.0189196649999985,Optimal,0,none,1.414297712643941,0,5,100.0,100.0,100.0,2.0,0,2,1,0.0,0.0,0.0,0.0,0,2,1,0.0,0.0,0.0,0.0,0,2,1,0.0,0.0,0.0,0.0,0,0,0,0.0,0.0,0.0,0,0,0,0.0,0.0,0.0
Visual Genome,2322129,22,2,23,0,3,10,6,10,16,10,0,0,6,0.0545214450000344,0.0076915270000199,0.0,0.0076915270000199,0.0078442149999773,0.0623662540000395,Optimal,0,none,2.588338155746461,0,10,100.0,100.0,100.0,2.0,1,2,1,0.3333333333333333,0.5,0.4,0.9178453088764964,1,2,1,0.3333333333333333,0.5,0.4,0.9178453088764964,1,2,1,0.3333333333333333,0.5,0.4,0.9178453088764964,0,0,0,0.0,0.0,0.0,0,0,0,0.0,0.0,0.0
Visual Genome,2322284,20,0,12,0,2,2,4,2,6,5,0,0,4,0.0146833940000306,0.0062699119999933,0.0,0.0062699119999933,0.0063628429999766,0.0210466870000232,Optimal,0,none,1.357858851750692,0,5,100.0,100.0,100.0,2.0,0,2,0,0.0,0.0,0.0,0.0,0,2,0,0.0,0.0,0.0,0.0,0,2,0,0.0,0.0,0.0,0.0,0,0,0,0.0,0.0,0.0,0,0,0,0.0,0.0,0.0
Visual Genome,2322814,33,1,36,0,1,0,2,0,2,1,0,0,2,0.0150898910000023,0.0064966950000098,0.0,0.0064966950000098,0.0065856570000164,0.0216760700000122,Optimal,0,none,0.5520261208216349,0,2,100.0,100.0,100.0,2.0,0,1,1,0.0,0.0,0.0,0.9343860740934696,0,1,1,0.0,0.0,0.0,0.9343860740934696,0,1,1,0.0,0.0,0.0,0.9343860740934696,0,0,0,0.0,0.0,0.0,0,0,0,0.0,0.0,0.0
Visual Genome,2322943,13,0,18,0,3,12,6,12,18,10,0,0,6,0.0145575259999759,0.0066600959999618,0.0,0.0066600959999618,0.0067813990000331,0.0213393389999509,Optimal,0,none,2.5556212282180795,0,10,100.0,100.0,100.0,2.0,0,3,0,0.0,0.0,0.0,0.0,0,3,0,0.0,0.0,0.0,0.0,0,3,0,0.0,0.0,0.0,0.0,0,0,0,0.0,0.0,0.0,0,0,0,0.0,0.0,0.0
Visual Genome,2323305,9,0,1,0,1,0,2,0,2,1,0,0,2,0.0140184040000121,0.006585632999986,0.0,0.006585632999986,0.0066583809999656,0.0206773680000083,Optimal,0,none,0.3908850351969401,0,2,100.0,100.0,100.0,2.0,0,1,0,0.0,0.0,0.0,0.0,0,1,0,0.0,0.0,0.0,0.0,0,1,0,0.0,0.0,0.0,0.0,0,0,0,0.0,0.0,0.0,0,0,0,0.0,0.0,0.0
Visual Genome,2323847,19,2,41,0,10,162,20,162,182,101,0,0,20,0.0135796679999771,0.013236618999997,0.0,0.013236618999997,0.0135742090000121,0.0271544060000223,Optimal,0,none,8.255503639079985,0,31,100.0,100.0,100.0,2.0,2,8,0,0.2,1.0,0.3333333333333333,0.9033838555081262,2,8,0,0.2,1.0,0.3333333333333333,0.9033838555081262,2,8,0,0.2,1.0,0.3333333333333333,0.9033838555081262,0,0,0,0.0,0.0,0.0,0,0,0,0.0,0.0,0.0
Visual Genome,2324675,12,1,12,0,6,58,12,58,70,37,0,0,12,0.0138823569999999,0.0100673989999791,0.0,0.0100673989999791,0.0102799720000348,0.024162777000015,Optimal,0,none,4.852659482607508,0,19,100.0,100.0,100.0,2.0,1,5,0,0.1666666666666666,1.0,0.2857142857142857,0.9585482759962924,1,5,0,0.1666666666666666,1.0,0.2857142857142857,0.9585482759962924,1,5,0,0.1666666666666666,1.0,0.2857142857142857,0.9585482759962924,0,0,0,0.0,0.0,0.0,0,0,0,0.0,0.0,0.0
Visual Genome,2324842,36,4,27,0,6,50,12,50,62,37,0,0,12,0.0154746780000323,0.0088831059999847,0.0,0.0088831059999847,0.0090835240000046,0.024558915,Optimal,0,none,5.247487695217134,0,19,100.0,100.0,100.0,2.0,4,2,0,0.6666666666666666,1.0,0.8,0.9047986782062508,4,2,0,0.6666666666666666,1.0,0.8,0.9047986782062508,4,2,0,0.6666666666666666,1.0,0.8,0.9047986782062508,0,0,0,0.0,0.0,0.0,0,0,0,0.0,0.0,0.0
Visual Genome,2324854,17,1,24,0,6,57,12,57,69,37,0,0,12,0.0146655969999756,0.0086917849999963,0.0,0.0086917849999963,0.0089187670000114,0.0235848859999805,Optimal,0,none,4.760228204727175,0,19,100.0,100.0,100.0,2.0,0,6,1,0.0,0.0,0.0,0.0,0,6,1,0.0,0.0,0.0,0.0,0,6,1,0.0,0.0,0.0,0.0,0,0,0,0.0,0.0,0.0,0,0,0,0.0,0.0,0.0
Visual Genome,2324932,34,2,27,0,18,574,36,574,610,325,0,0,36,0.0165341949999628,0.0284554350000121,0.0,0.0284554350000121,0.0292210190000332,0.0457556439999962,Optimal,0,none,13.937866180842018,0,55,100.0,100.0,100.0,2.0,1,17,1,0.0555555555555555,0.5,0.0999999999999999,0.6485480486290633,1,17,1,0.0555555555555555,0.5,0.0999999999999999,0.6485480486290633,1,17,1,0.0555555555555555,0.5,0.0999999999999999,0.6485480486290633,0,0,0,0.0,0.0,0.0,0,0,0,0.0,0.0,0.0
Visual Genome,2325308,43,0,48,0,4,34,8,34,42,17,0,0,8,0.0136714320000237,0.0092931890000045,0.0,0.0092931890000045,0.0094921680000084,0.0231641160000322,Optimal,0,none,3.4854282394312923,0,13,100.0,100.0,100.0,2.0,0,4,0,0.0,0.0,0.0,0.0,0,4,0,0.0,0.0,0.0,0.0,0,4,0,0.0,0.0,0.0,0.0,0,0,0,0.0,0.0,0.0,0,0,0,0.0,0.0,0.0
Visual Genome,2326698,24,8,8,0,1,0,2,0,2,1,0,0,2,0.0138107650000165,0.0066272269999672,0.0,0.0066272269999672,0.0067364810000185,0.0205477380000047,Optimal,0,none,0.6206393639246623,0,2,100.0,100.0,100.0,2.0,0,1,8,0.0,0.0,0.0,0.0,0,1,8,0.0,0.0,0.0,0.0,0,1,8,0.0,0.0,0.0,0.0,0,0,0,0.0,0.0,0.0,0,0,0,0.0,0.0,0.0
Visual Genome,2326699,20,6,7,0,2,4,4,4,8,5,0,0,4,0.0137303809999593,0.0063941810000187,0.0,0.0063941810000187,0.0064898040000116,0.0202206039999737,Optimal,0,none,1.4001966150601706,0,5,100.0,100.0,100.0,2.0,2,0,4,1.0,0.3333333333333333,0.5,0.931388854279638,2,0,4,1.0,0.3333333333333333,0.5,0.931388854279638,2,0,4,1.0,0.3333333333333333,0.5,0.931388854279638,0,0,0,0.0,0.0,0.0,0,0,0,0.0,0.0,0.0
Visual Genome,2326969,30,2,26,0,2,2,4,2,6,5,0,0,4,0.0151304400000071,0.0073760800000286,0.0,0.0073760800000286,0.0075104489999944,0.0226415009999527,Optimal,0,none,1.2692853363355003,0,5,100.0,100.0,100.0,2.0,1,1,1,0.5,0.5,0.5,0.7977640374410985,1,1,1,0.5,0.5,0.5,0.7977640374410985,1,1,1,0.5,0.5,0.5,0.7977640374410985,0,0,0,0.0,0.0,0.0,0,0,0,0.0,0.0,0.0
Visual Genome,2327066,14,0,6,0,2,5,4,5,9,5,0,0,4,0.0132140910000089,0.006270575999963,0.0,0.006270575999963,0.0063706969999657,0.0195852450000302,Optimal,0,none,1.373117569287618,0,5,100.0,100.0,100.0,2.0,0,2,0,0.0,0.0,0.0,0.0,0,2,0,0.0,0.0,0.0,0.0,0,2,0,0.0,0.0,0.0,0.0,0,0,0,0.0,0.0,0.0,0,0,0,0.0,0.0,0.0
Visual Genome,2327344,19,2,11,0,4,23,8,23,31,17,0,0,8,0.0136283889999617,0.0076350459999616,0.0,0.0076350459999616,0.0077837159999489,0.0214126299999861,Optimal,0,none,3.266570223967235,0,13,100.0,100.0,100.0,2.0,2,2,0,0.5,1.0,0.6666666666666666,0.8164031548649267,2,2,0,0.5,1.0,0.6666666666666666,0.8164031548649267,2,2,0,0.5,1.0,0.6666666666666666,0.8164031548649267,0,0,0,0.0,0.0,0.0,0,0,0,0.0,0.0,0.0
Visual Genome,2327444,25,3,27,1,2,4,4,4,8,5,0,0,4,0.0129504109999629,0.0066471769999907,0.0,0.0066471769999907,0.0067837540000255,0.0197346169999832,Optimal,0,none,1.2454339536031087,0,5,100.0,100.0,100.0,2.0,0,2,3,0.0,0.0,0.0,0.9245800110095818,0,2,3,0.0,0.0,0.0,0.9245800110095818,0,2,3,0.0,0.0,0.0,0.9245800110095818,0,0,1,0.0,0.0,0.0,0,0,1,0.0,0.0,0.0
Visual Genome,2327650,14,0,7,0,2,4,4,4,8,5,0,0,4,0.0166120439999986,0.0084948650000455,0.0,0.0084948650000455,0.0086112799999682,0.0252238360000092,Optimal,0,none,1.5797962697347008,0,5,100.0,100.0,100.0,2.0,0,2,0,0.0,0.0,0.0,0.0,0,2,0,0.0,0.0,0.0,0.0,0,2,0,0.0,0.0,0.0,0.0,0,0,0,0.0,0.0,0.0,0,0,0,0.0,0.0,0.0
Visual Genome,2327696,9,1,38,0,4,23,8,23,31,17,0,0,8,0.0140436940000086,0.0076012650000052,0.0,0.0076012650000052,0.0077810409999869,0.0218251140000234,Optimal,0,none,3.4526605335871388,0,13,100.0,100.0,100.0,2.0,0,4,1,0.0,0.0,0.0,0.0,0,4,1,0.0,0.0,0.0,0.0,0,4,1,0.0,0.0,0.0,0.0,0,0,0,0.0,0.0,0.0,0,0,0,0.0,0.0,0.0
Visual Genome,2327918,10,0,15,0,4,24,8,24,32,17,0,0,8,0.0141327619999742,0.0074615970000309,0.0,0.0074615970000309,0.0076245070000027,0.0217578219999836,Optimal,0,none,3.564690109888714,0,13,100.0,100.0,100.0,2.0,0,4,0,0.0,0.0,0.0,0.0,0,4,0,0.0,0.0,0.0,0.0,0,4,0,0.0,0.0,0.0,0.0,0,0,0,0.0,0.0,0.0,0,0,0,0.0,0.0,0.0
Visual Genome,2328070,20,4,12,0,15,389,30,389,419,226,0,0,30,0.0186667400000146,0.0214890869999635,0.0,0.0214890869999635,0.0220550470000375,0.040722297000002,Optimal,0,none,12.345642237180757,0,46,100.0,100.0,100.0,2.0,2,13,2,0.1333333333333333,0.5,0.2105263157894737,0.6292557789268508,2,13,2,0.1333333333333333,0.5,0.2105263157894737,0.6292557789268508,2,13,2,0.1333333333333333,0.5,0.2105263157894737,0.6292557789268508,0,0,0,0.0,0.0,0.0,0,0,0,0.0,0.0,0.0
Visual Genome,2328175,26,2,11,0,5,40,10,40,50,26,0,0,10,0.0153184860000123,0.0085549700000342,0.0,0.0085549700000342,0.008749368999986,0.0240685610000355,Optimal,0,none,4.384150787194571,0,16,100.0,100.0,100.0,2.0,2,3,0,0.4,1.0,0.5714285714285715,0.9330003665863946,2,3,0,0.4,1.0,0.5714285714285715,0.9330003665863946,2,3,0,0.4,1.0,0.5714285714285715,0.9330003665863946,0,0,0,0.0,0.0,0.0,0,0,0,0.0,0.0,0.0
Visual Genome,2328345,9,0,23,0,5,32,10,32,42,26,0,0,10,0.0139566860000286,0.0082372240000268,0.0,0.0082372240000268,0.0084267839999938,0.0223838340000384,Optimal,0,none,3.966554582913718,0,16,100.0,100.0,100.0,2.0,0,5,0,0.0,0.0,0.0,0.0,0,5,0,0.0,0.0,0.0,0.0,0,5,0,0.0,0.0,0.0,0.0,0,0,0,0.0,0.0,0.0,0,0,0,0.0,0.0,0.0
Visual Genome,2328417,11,0,8,0,5,34,10,34,44,26,0,0,10,0.0146872159999702,0.0081779180000012,0.0,0.0081779180000012,0.0083680270000172,0.0230557319999888,Optimal,0,none,4.604679210980734,0,16,100.0,100.0,100.0,2.0,0,5,0,0.0,0.0,0.0,0.0,0,5,0,0.0,0.0,0.0,0.0,0,5,0,0.0,0.0,0.0,0.0,0,0,0,0.0,0.0,0.0,0,0,0,0.0,0.0,0.0
Visual Genome,2328583,12,0,5,0,6,47,12,47,59,37,0,0,12,0.0156494510000015,0.0090202140000315,0.0,0.0090202140000315,0.0092338459999723,0.0248837679999951,Optimal,0,none,5.461806821823121,0,19,100.0,100.0,100.0,2.0,0,6,0,0.0,0.0,0.0,0.0,0,6,0,0.0,0.0,0.0,0.0,0,6,0,0.0,0.0,0.0,0.0,0,0,0,0.0,0.0,0.0,0,0,0,0.0,0.0,0.0
Visual Genome,2329266,15,0,16,0,2,4,4,4,8,5,0,0,4,0.0138404459999605,0.0062459360000275,0.0,0.0062459360000275,0.0063428240000007,0.020183712000005,Optimal,0,none,1.2472136114371772,0,5,100.0,100.0,100.0,2.0,0,2,0,0.0,0.0,0.0,0.0,0,2,0,0.0,0.0,0.0,0.0,0,2,0,0.0,0.0,0.0,0.0,0,0,0,0.0,0.0,0.0,0,0,0,0.0,0.0,0.0
Visual Genome,2330342,23,0,22,0,2,4,4,4,8,5,0,0,4,0.0148386949999803,0.0066834990000188,0.0,0.0066834990000188,0.0067983879999928,0.0216375560000301,Optimal,0,none,1.528381470044454,0,5,100.0,100.0,100.0,2.0,0,2,0,0.0,0.0,0.0,0.0,0,2,0,0.0,0.0,0.0,0.0,0,2,0,0.0,0.0,0.0,0.0,0,0,0,0.0,0.0,0.0,0,0,0,0.0,0.0,0.0
Visual Genome,2331047,31,2,28,0,6,48,12,48,60,37,0,0,12,0.0138982889999965,0.0084393449999993,0.0,0.0084393449999993,0.0086471940000478,0.022546028000022,Optimal,0,none,5.138137443065645,0,19,100.0,100.0,100.0,2.0,1,5,1,0.1666666666666666,0.5,0.25,0.838841774528702,1,5,1,0.1666666666666666,0.5,0.25,0.838841774528702,1,5,1,0.1666666666666666,0.5,0.25,0.838841774528702,0,0,0,0.0,0.0,0.0,0,0,0,0.0,0.0,0.0
Visual Genome,2331383,18,1,10,0,3,13,6,13,19,10,0,0,6,0.014814484999988,0.0078735750000191,0.0,0.0078735750000191,0.0080131539999683,0.022828139000012,Optimal,0,none,2.5029084345184582,0,10,100.0,100.0,100.0,2.0,1,2,0,0.3333333333333333,1.0,0.5,0.8839755286819685,1,2,0,0.3333333333333333,1.0,0.5,0.8839755286819685,1,2,0,0.3333333333333333,1.0,0.5,0.8839755286819685,0,0,0,0.0,0.0,0.0,0,0,0,0.0,0.0,0.0
Visual Genome,2331993,36,13,21,0,4,20,8,20,28,17,0,0,8,0.0137806970000156,0.0078084440000338,0.0,0.0078084440000338,0.0080051690000004,0.0217863249999936,Optimal,0,none,3.095568733216313,0,13,100.0,100.0,100.0,2.0,4,0,9,1.0,0.3076923076923077,0.4705882352941176,0.831566404058143,4,0,9,1.0,0.3076923076923077,0.4705882352941176,0.831566404058143,4,0,9,1.0,0.3076923076923077,0.4705882352941176,0.831566404058143,0,0,0,0.0,0.0,0.0,0,0,0,0.0,0.0,0.0
Visual Genome,2332038,22,2,10,0,6,53,12,53,65,37,0,0,12,0.0145018719999825,0.0093870100000117,0.0,0.0093870100000117,0.0095978499999773,0.0241002589999652,Optimal,0,none,4.845242469310762,0,19,100.0,100.0,100.0,2.0,0,6,2,0.0,0.0,0.0,0.0,0,6,2,0.0,0.0,0.0,0.0,0,6,2,0.0,0.0,0.0,0.0,0,0,0,0.0,0.0,0.0,0,0,0,0.0,0.0,0.0
Visual Genome,2332066,17,1,16,0,2,2,4,2,6,5,0,0,4,0.013127623999992,0.006624405000025,0.0,0.006624405000025,0.0067689399999721,0.0198971229999642,Optimal,0,none,1.5453911574681602,0,5,100.0,100.0,100.0,2.0,1,1,0,0.5,1.0,0.6666666666666666,0.982080815442262,1,1,0,0.5,1.0,0.6666666666666666,0.982080815442262,1,1,0,0.5,1.0,0.6666666666666666,0.982080815442262,0,0,0,0.0,0.0,0.0,0,0,0,0.0,0.0,0.0
Visual Genome,2332239,14,0,11,0,5,38,10,38,48,26,0,0,10,0.0143210939999676,0.0088232080000238,0.0,0.0088232080000238,0.0090358449999712,0.0233573889999547,Optimal,0,none,4.265603197613315,0,16,100.0,100.0,100.0,2.0,0,5,0,0.0,0.0,0.0,0.0,0,5,0,0.0,0.0,0.0,0.0,0,5,0,0.0,0.0,0.0,0.0,0,0,0,0.0,0.0,0.0,0,0,0,0.0,0.0,0.0
Visual Genome,2332341,13,2,13,0,2,4,4,4,8,5,0,0,4,0.0138969380000162,0.006518691999986,0.0,0.006518691999986,0.0066239330000144,0.0205213840000055,Optimal,0,none,1.5730290921529138,0,5,100.0,100.0,100.0,2.0,2,0,0,1.0,1.0,1.0,0.7473577807689658,2,0,0,1.0,1.0,1.0,0.7473577807689658,2,0,0,1.0,1.0,1.0,0.7473577807689658,0,0,0,0.0,0.0,0.0,0,0,0,0.0,0.0,0.0
Visual Genome,2333282,20,1,19,0,1,0,2,0,2,1,0,0,2,0.0147798630000011,0.0062578199999734,0.0,0.0062578199999734,0.0063276220000147,0.0211078890000067,Optimal,0,none,0.6318252484003704,0,2,100.0,100.0,100.0,2.0,1,0,0,1.0,1.0,1.0,0.8701625090428022,1,0,0,1.0,1.0,1.0,0.8701625090428022,1,0,0,1.0,1.0,1.0,0.8701625090428022,0,0,0,0.0,0.0,0.0,0,0,0,0.0,0.0,0.0
Visual Genome,2333291,25,1,44,0,2,2,4,2,6,5,0,0,4,0.0132550010000045,0.006295419999958,0.0,0.006295419999958,0.006406486000003,0.0196619509999891,Optimal,0,none,1.4427630456288658,0,5,100.0,100.0,100.0,2.0,1,1,0,0.5,1.0,0.6666666666666666,0.9275117816895032,1,1,0,0.5,1.0,0.6666666666666666,0.9275117816895032,1,1,0,0.5,1.0,0.6666666666666666,0.9275117816895032,0,0,0,0.0,0.0,0.0,0,0,0,0.0,0.0,0.0
Visual Genome,2333601,16,0,12,0,1,0,2,0,2,1,0,0,2,0.0140874420000045,0.00642129900001,0.0,0.00642129900001,0.0064922509999973,0.0205801390000033,Optimal,0,none,0.6201555411020915,0,2,100.0,100.0,100.0,2.0,0,1,0,0.0,0.0,0.0,0.0,0,1,0,0.0,0.0,0.0,0.0,0,1,0,0.0,0.0,0.0,0.0,0,0,0,0.0,0.0,0.0,0,0,0,0.0,0.0,0.0
Visual Genome,2334041,25,4,23,1,7,64,14,64,78,50,0,0,14,0.0137281290000146,0.0097527570000011,0.0,0.0097527570000011,0.0099919329999806,0.0237205130000006,Optimal,0,none,5.351978484789533,0,22,100.0,100.0,100.0,2.0,3,4,1,0.4285714285714285,0.75,0.5454545454545454,0.9094720186826396,3,4,1,0.4285714285714285,0.75,0.5454545454545454,0.9094720186826396,3,4,1,0.4285714285714285,0.75,0.5454545454545454,0.9094720186826396,0,0,1,0.0,0.0,0.0,0,0,1,0.0,0.0,0.0
Visual Genome,2334757,27,1,25,0,4,22,8,22,30,17,0,0,8,0.0132879299999899,0.0082571399999551,0.0,0.0082571399999551,0.0084102739999707,0.021698678000007,Optimal,0,none,3.3480413166681937,0,13,100.0,100.0,100.0,2.0,0,4,1,0.0,0.0,0.0,0.0,0,4,1,0.0,0.0,0.0,0.0,0,4,1,0.0,0.0,0.0,0.0,0,0,0,0.0,0.0,0.0,0,0,0,0.0,0.0,0.0
Visual Genome,2334959,32,5,36,0,8,91,16,91,107,65,0,0,16,0.0143474080000487,0.0097085939999601,0.0,0.0097085939999601,0.0099723330000074,0.0243202490000271,Optimal,0,none,6.405201225855164,0,25,100.0,100.0,100.0,2.0,1,7,4,0.125,0.2,0.1538461538461538,0.8183981938881679,1,7,4,0.125,0.2,0.1538461538461538,0.8183981938881679,1,7,4,0.125,0.2,0.1538461538461538,0.8183981938881679,0,0,0,0.0,0.0,0.0,0,0,0,0.0,0.0,0.0
Visual Genome,2335066,33,0,31,0,1,0,2,0,2,1,0,0,2,0.0169274369999925,0.006264337999994,0.0,0.006264337999994,0.0063358740000012,0.0232637490000229,Optimal,0,none,0.6264131943384806,0,2,100.0,100.0,100.0,2.0,0,1,0,0.0,0.0,0.0,0.0,0,1,0,0.0,0.0,0.0,0.0,0,1,0,0.0,0.0,0.0,0.0,0,0,0,0.0,0.0,0.0,0,0,0,0.0,0.0,0.0
Visual Genome,2335180,14,1,9,0,2,4,4,4,8,5,0,0,4,0.0154215279999903,0.0064999329999864,0.0,0.0064999329999864,0.006600445999993,0.0220224249999887,Optimal,0,none,1.4899323495229089,0,5,100.0,100.0,100.0,2.0,1,1,0,0.5,1.0,0.6666666666666666,0.9823313923353588,1,1,0,0.5,1.0,0.6666666666666666,0.9823313923353588,1,1,0,0.5,1.0,0.6666666666666666,0.9823313923353588,0,0,0,0.0,0.0,0.0,0,0,0,0.0,0.0,0.0
Visual Genome,2335341,24,0,16,0,1,0,2,0,2,1,0,0,2,0.0131969839999896,0.0062723820000201,0.0,0.0062723820000201,0.006342036000035,0.0195553010000253,Optimal,0,none,0.6377031485239665,0,2,100.0,100.0,100.0,2.0,0,1,0,0.0,0.0,0.0,0.0,0,1,0,0.0,0.0,0.0,0.0,0,1,0,0.0,0.0,0.0,0.0,0,0,0,0.0,0.0,0.0,0,0,0,0.0,0.0,0.0
Visual Genome,2335407,28,0,47,0,3,16,6,16,22,10,0,0,6,0.0147979099999702,0.0070513609999807,0.0,0.0070513609999807,0.0071839389999581,0.021982376999972,Optimal,0,none,2.642981991767884,0,10,100.0,100.0,100.0,2.0,0,3,0,0.0,0.0,0.0,0.0,0,3,0,0.0,0.0,0.0,0.0,0,3,0,0.0,0.0,0.0,0.0,0,0,0,0.0,0.0,0.0,0,0,0,0.0,0.0,0.0
Visual Genome,2335564,40,0,29,0,0,0,0,0,0,0,0,0,1,0.0136801790000049,0.0049283760000093,0.0,0.0049283760000093,0.0049670160000232,0.0186475570000084,Optimal,0,none,,0,1,100.0,0.0,0.0,0.0,0,0,0,0.0,0.0,0.0,0.0,0,0,0,0.0,0.0,0.0,0.0,0,0,0,0.0,0.0,0.0,0.0,0,0,0,0.0,0.0,0.0,0,0,0,0.0,0.0,0.0
Visual Genome,2335895,29,0,7,0,4,18,8,18,26,17,0,0,8,0.0138089229999991,0.0074729970000362,0.0,0.0074729970000362,0.007618420999961,0.0214277770000421,Optimal,0,none,3.4925775973002127,0,13,100.0,100.0,100.0,2.0,0,4,0,0.0,0.0,0.0,0.0,0,4,0,0.0,0.0,0.0,0.0,0,4,0,0.0,0.0,0.0,0.0,0,0,0,0.0,0.0,0.0,0,0,0,0.0,0.0,0.0
Visual Genome,2336031,19,1,12,0,2,2,4,2,6,5,0,0,4,0.0144417069999462,0.0064291130000242,0.0,0.0064291130000242,0.0065467120000448,0.0209890999999515,Optimal,0,none,1.434942425092061,0,5,100.0,100.0,100.0,2.0,0,2,1,0.0,0.0,0.0,0.0,0,2,1,0.0,0.0,0.0,0.0,0,2,1,0.0,0.0,0.0,0.0,0,0,0,0.0,0.0,0.0,0,0,0,0.0,0.0,0.0
Visual Genome,2336123,31,1,22,0,2,5,4,5,9,5,0,0,4,0.012591355999973,0.0080194290000008,0.0,0.0080194290000008,0.0081354879999935,0.0207274289999759,Optimal,0,none,1.2801354130071574,0,5,100.0,100.0,100.0,2.0,1,1,0,0.5,1.0,0.6666666666666666,0.6670337835386154,1,1,0,0.5,1.0,0.6666666666666666,0.6670337835386154,1,1,0,0.5,1.0,0.6666666666666666,0.6670337835386154,0,0,0,0.0,0.0,0.0,0,0,0,0.0,0.0,0.0
Visual Genome,2336165,9,0,5,0,1,0,2,0,2,1,0,0,2,0.0154717959999857,0.0063422360000231,0.0,0.0063422360000231,0.0064146170000185,0.0218868970000016,Optimal,0,none,0.6070181528727214,0,2,100.0,100.0,100.0,2.0,0,1,0,0.0,0.0,0.0,0.0,0,1,0,0.0,0.0,0.0,0.0,0,1,0,0.0,0.0,0.0,0.0,0,0,0,0.0,0.0,0.0,0,0,0,0.0,0.0,0.0
Visual Genome,2336245,28,10,26,3,15,407,30,407,437,226,0,0,30,0.0165377639999633,0.0214524599999776,0.0,0.0214524599999776,0.0221169029999828,0.0386552579999488,Optimal,0,none,12.165529659913716,0,46,100.0,100.0,100.0,2.0,8,7,2,0.5333333333333333,0.8,0.64,0.903965320166366,8,7,2,0.5333333333333333,0.8,0.64,0.903965320166366,8,7,2,0.5333333333333333,0.8,0.64,0.903965320166366,0,5,3,0.0,0.0,0.0,0,8,3,0.0,0.0,0.0
Visual Genome,2336275,17,3,8,0,2,2,4,2,6,5,0,0,4,0.0131093300000202,0.0066239509999945,0.0,0.0066239509999945,0.0067223839999996,0.0198322269999948,Optimal,0,none,1.282959378560384,0,5,100.0,100.0,100.0,2.0,2,0,1,1.0,0.6666666666666666,0.8,0.8327867288425702,2,0,1,1.0,0.6666666666666666,0.8,0.8327867288425702,2,0,1,1.0,0.6666666666666666,0.8,0.8327867288425702,0,0,0,0.0,0.0,0.0,0,0,0,0.0,0.0,0.0
Visual Genome,2336668,22,3,23,0,5,37,10,37,47,26,0,0,10,0.014889820999997,0.0080693299999552,0.0,0.0080693299999552,0.0082488329999819,0.0231391410000014,Optimal,0,none,4.162935133775076,0,16,100.0,100.0,100.0,2.0,1,4,2,0.2,0.3333333333333333,0.25,0.8586068584520259,1,4,2,0.2,0.3333333333333333,0.25,0.8586068584520259,1,4,2,0.2,0.3333333333333333,0.25,0.8586068584520259,0,0,0,0.0,0.0,0.0,0,0,0,0.0,0.0,0.0
Visual Genome,2336871,17,0,15,0,5,38,10,38,48,26,0,0,10,0.0142981920000124,0.0083012329999974,0.0,0.0083012329999974,0.0084957590000271,0.0227945249999947,Optimal,0,none,4.320259292920432,0,16,100.0,100.0,100.0,2.0,0,5,0,0.0,0.0,0.0,0.0,0,5,0,0.0,0.0,0.0,0.0,0,5,0,0.0,0.0,0.0,0.0,0,0,0,0.0,0.0,0.0,0,0,0,0.0,0.0,0.0
Visual Genome,2337319,19,2,18,0,4,18,8,18,26,17,0,0,8,0.0144279539999843,0.0075027849999855,0.0,0.0075027849999855,0.0076834440000084,0.022112098999969,Optimal,0,none,3.4377489034334827,0,13,100.0,100.0,100.0,2.0,1,3,1,0.25,0.5,0.3333333333333333,0.810913491422817,1,3,1,0.25,0.5,0.3333333333333333,0.810913491422817,1,3,1,0.25,0.5,0.3333333333333333,0.810913491422817,0,0,0,0.0,0.0,0.0,0,0,0,0.0,0.0,0.0
Visual Genome,2337466,9,1,8,0,3,13,6,13,19,10,0,0,6,0.0162986589999718,0.0070486550000055,0.0,0.0070486550000055,0.007179949000033,0.0234790760000009,Optimal,0,none,2.532460426477173,0,10,100.0,100.0,100.0,2.0,0,3,1,0.0,0.0,0.0,0.0,0,3,1,0.0,0.0,0.0,0.0,0,3,1,0.0,0.0,0.0,0.0,0,0,0,0.0,0.0,0.0,0,0,0,0.0,0.0,0.0
Visual Genome,2337482,27,0,2,0,9,136,18,136,154,82,0,0,18,0.0149437789999637,0.0115431360000002,0.0,0.0115431360000002,0.0119152130000088,0.0268595499999833,Optimal,0,none,6.924873476573905,0,28,100.0,100.0,100.0,2.0,0,9,0,0.0,0.0,0.0,0.0,0,9,0,0.0,0.0,0.0,0.0,0,9,0,0.0,0.0,0.0,0.0,0,0,0,0.0,0.0,0.0,0,0,0,0.0,0.0,0.0
Visual Genome,2337637,15,2,4,0,6,62,12,62,74,37,0,0,12,0.0149497470000028,0.0095244159999765,0.0,0.0095244159999765,0.0097656140000026,0.0247157969999989,Optimal,0,none,5.06196233034134,0,19,100.0,100.0,100.0,2.0,2,4,0,0.3333333333333333,1.0,0.5,0.9674484975568464,2,4,0,0.3333333333333333,1.0,0.5,0.9674484975568464,2,4,0,0.3333333333333333,1.0,0.5,0.9674484975568464,0,0,0,0.0,0.0,0.0,0,0,0,0.0,0.0,0.0
Visual Genome,2338009,25,1,34,0,1,0,2,0,2,1,0,0,2,0.0129646699999739,0.0059369989999709,0.0,0.0059369989999709,0.006004388000008,0.0189698169999701,Optimal,0,none,0.5479696194330852,0,2,100.0,100.0,100.0,2.0,1,0,0,1.0,1.0,1.0,0.8753635533747561,1,0,0,1.0,1.0,1.0,0.8753635533747561,1,0,0,1.0,1.0,1.0,0.8753635533747561,0,0,0,0.0,0.0,0.0,0,0,0,0.0,0.0,0.0
Visual Genome,2338027,44,1,20,0,12,238,24,238,262,145,0,0,24,0.014345234000018,0.0166825349999726,0.0,0.0166825349999726,0.0172481590000188,0.0315939810000145,Optimal,0,none,9.813193308979136,0,37,100.0,100.0,100.0,2.0,1,11,0,0.0833333333333333,1.0,0.1538461538461538,0.5402556754337245,1,11,0,0.0833333333333333,1.0,0.1538461538461538,0.5402556754337245,1,11,0,0.0833333333333333,1.0,0.1538461538461538,0.5402556754337245,0,0,0,0.0,0.0,0.0,0,0,0,0.0,0.0,0.0
Visual Genome,2338369,28,4,33,0,4,20,8,20,28,17,0,0,8,0.0137777300000152,0.0074228870000183,0.0,0.0074228870000183,0.0075747860000205,0.0213529650000054,Optimal,0,none,3.4021742669741326,0,13,100.0,100.0,100.0,2.0,2,2,2,0.5,0.5,0.5,0.747684714291541,2,2,2,0.5,0.5,0.5,0.747684714291541,2,2,2,0.5,0.5,0.5,0.747684714291541,0,0,0,0.0,0.0,0.0,0,0,0,0.0,0.0,0.0
Visual Genome,2338540,31,0,8,0,3,8,6,8,14,10,0,0,6,0.0131703750000156,0.0067809139999894,0.0,0.0067809139999894,0.0069164760000148,0.0200874129999988,Optimal,0,none,2.4333437032949745,0,10,100.0,100.0,100.0,2.0,0,3,0,0.0,0.0,0.0,0.0,0,3,0,0.0,0.0,0.0,0.0,0,3,0,0.0,0.0,0.0,0.0,0,0,0,0.0,0.0,0.0,0,0,0,0.0,0.0,0.0
Visual Genome,2338778,12,0,3,0,1,0,2,0,2,1,0,0,2,0.0138148519999958,0.0062024290000408,0.0,0.0062024290000408,0.0062697429999616,0.0200850969999919,Optimal,0,none,0.6171351353327433,0,2,100.0,100.0,100.0,2.0,0,1,0,0.0,0.0,0.0,0.0,0,1,0,0.0,0.0,0.0,0.0,0,1,0,0.0,0.0,0.0,0.0,0,0,0,0.0,0.0,0.0,0,0,0,0.0,0.0,0.0
Visual Genome,2338877,9,1,3,0,6,63,12,63,75,37,0,0,12,0.0144204079999781,0.0095423299999879,0.0,0.0095423299999879,0.0097586459999661,0.024179566999976,Optimal,0,none,4.798184540190274,0,19,100.0,100.0,100.0,2.0,1,5,0,0.1666666666666666,1.0,0.2857142857142857,0.7929333296172959,1,5,0,0.1666666666666666,1.0,0.2857142857142857,0.7929333296172959,1,5,0,0.1666666666666666,1.0,0.2857142857142857,0.7929333296172959,0,0,0,0.0,0.0,0.0,0,0,0,0.0,0.0,0.0
Visual Genome,2338982,17,1,4,0,1,0,2,0,2,1,0,0,2,0.0138689159999785,0.0061487149999948,0.0,0.0061487149999948,0.0062149810000278,0.0200846729999852,Optimal,0,none,0.5656678835550943,0,2,100.0,100.0,100.0,2.0,1,0,0,1.0,1.0,1.0,0.9703044428613876,1,0,0,1.0,1.0,1.0,0.9703044428613876,1,0,0,1.0,1.0,1.0,0.9703044428613876,0,0,0,0.0,0.0,0.0,0,0,0,0.0,0.0,0.0
Visual Genome,2339184,17,1,10,0,2,2,4,2,6,5,0,0,4,0.0129351809999889,0.0065079870000204,0.0,0.0065079870000204,0.0066111570000089,0.0195468029999688,Optimal,0,none,1.5247127023425682,0,5,100.0,100.0,100.0,2.0,1,1,0,0.5,1.0,0.6666666666666666,0.8004205914712496,1,1,0,0.5,1.0,0.6666666666666666,0.8004205914712496,1,1,0,0.5,1.0,0.6666666666666666,0.8004205914712496,0,0,0,0.0,0.0,0.0,0,0,0,0.0,0.0,0.0
Visual Genome,2339493,13,1,8,0,2,4,4,4,8,5,0,0,4,0.0123424579999777,0.0062925889999974,0.0,0.0062925889999974,0.00639096499998,0.0187337890000094,Optimal,0,none,1.3665192874272667,0,5,100.0,100.0,100.0,2.0,1,1,0,0.5,1.0,0.6666666666666666,0.516079914019872,1,1,0,0.5,1.0,0.6666666666666666,0.516079914019872,1,1,0,0.5,1.0,0.6666666666666666,0.516079914019872,0,0,0,0.0,0.0,0.0,0,0,0,0.0,0.0,0.0
Visual Genome,2339752,24,0,33,0,5,36,10,36,46,26,0,0,10,0.0131608020000157,0.0081710310000175,0.0,0.0081710310000175,0.0083420990000036,0.0215032920000339,Optimal,0,none,4.276814194520316,0,16,100.0,100.0,100.0,2.0,0,5,0,0.0,0.0,0.0,0.0,0,5,0,0.0,0.0,0.0,0.0,0,5,0,0.0,0.0,0.0,0.0,0,0,0,0.0,0.0,0.0,0,0,0,0.0,0.0,0.0
Visual Genome,2339763,23,0,13,0,4,22,8,22,30,17,0,0,8,0.0134783409999954,0.0078461269999934,0.0,0.0078461269999934,0.008004226999958,0.021483212000021,Optimal,0,none,2.9583155930501297,0,13,100.0,100.0,100.0,2.0,0,4,0,0.0,0.0,0.0,0.0,0,4,0,0.0,0.0,0.0,0.0,0,4,0,0.0,0.0,0.0,0.0,0,0,0,0.0,0.0,0.0,0,0,0,0.0,0.0,0.0
Visual Genome,2339984,18,1,16,0,1,0,2,0,2,1,0,0,2,0.0152840460000334,0.0080321000000367,0.0,0.0080321000000367,0.0081074330000205,0.0233919560000117,Optimal,0,none,0.5435446421305339,0,2,100.0,100.0,100.0,2.0,1,0,0,1.0,1.0,1.0,0.947255653541328,1,0,0,1.0,1.0,1.0,0.947255653541328,1,0,0,1.0,1.0,1.0,0.947255653541328,0,0,0,0.0,0.0,0.0,0,0,0,0.0,0.0,0.0
Visual Genome,2340059,7,0,4,0,7,78,14,78,92,50,0,0,14,0.0137986379999688,0.0095999389999974,0.0,0.0095999389999974,0.0098300220000169,0.0236290789999884,Optimal,0,none,5.326742750803631,0,22,100.0,100.0,100.0,2.0,0,7,0,0.0,0.0,0.0,0.0,0,7,0,0.0,0.0,0.0,0.0,0,7,0,0.0,0.0,0.0,0.0,0,0,0,0.0,0.0,0.0,0,0,0,0.0,0.0,0.0
Visual Genome,2340282,34,0,26,0,9,138,18,138,156,82,0,0,18,0.0152987049999637,0.0112545640000121,0.0,0.0112545640000121,0.0115628970000329,0.0268620649999888,Optimal,0,none,7.477294688224795,0,28,100.0,100.0,100.0,2.0,0,9,0,0.0,0.0,0.0,0.0,0,9,0,0.0,0.0,0.0,0.0,0,9,0,0.0,0.0,0.0,0.0,0,0,0,0.0,0.0,0.0,0,0,0,0.0,0.0,0.0
Visual Genome,2340394,25,1,21,0,4,22,8,22,30,17,0,0,8,0.0143274559999895,0.007653356999981,0.0,0.007653356999981,0.0078038339999579,0.0221317259999977,Optimal,0,none,3.2869599714570743,0,13,100.0,100.0,100.0,2.0,1,3,0,0.25,1.0,0.4,0.7827116794435219,1,3,0,0.25,1.0,0.4,0.7827116794435219,1,3,0,0.25,1.0,0.4,0.7827116794435219,0,0,0,0.0,0.0,0.0,0,0,0,0.0,0.0,0.0
Visual Genome,2340552,33,3,29,0,5,48,10,48,58,26,0,0,10,0.0156723239999792,0.0087309819999745,0.0,0.0087309819999745,0.0089371260000348,0.0246099510000021,Optimal,0,none,4.148454303939888,0,16,100.0,100.0,100.0,2.0,1,4,2,0.2,0.3333333333333333,0.25,0.8667102324559143,1,4,2,0.2,0.3333333333333333,0.25,0.8667102324559143,1,4,2,0.2,0.3333333333333333,0.25,0.8667102324559143,0,0,0,0.0,0.0,0.0,0,0,0,0.0,0.0,0.0
Visual Genome,2340775,14,0,4,0,3,10,6,10,16,10,0,0,6,0.0145153819999563,0.0066408540000111,0.0,0.0066408540000111,0.0067709360000094,0.0212867949999804,Optimal,0,none,2.3654817533493047,0,10,100.0,100.0,100.0,2.0,0,3,0,0.0,0.0,0.0,0.0,0,3,0,0.0,0.0,0.0,0.0,0,3,0,0.0,0.0,0.0,0.0,0,0,0,0.0,0.0,0.0,0,0,0,0.0,0.0,0.0
Visual Genome,2342080,23,3,19,0,1,0,2,0,2,1,0,0,2,0.0135876999999595,0.0064189199999873,0.0,0.0064189199999873,0.0064882340000167,0.0200764059999869,Optimal,0,none,0.6186350981394451,0,2,100.0,100.0,100.0,2.0,1,0,2,1.0,0.3333333333333333,0.5,0.9031484571685277,1,0,2,1.0,0.3333333333333333,0.5,0.9031484571685277,1,0,2,1.0,0.3333333333333333,0.5,0.9031484571685277,0,0,0,0.0,0.0,0.0,0,0,0,0.0,0.0,0.0
Visual Genome,2342353,40,2,37,0,9,135,18,135,153,82,0,0,18,0.0143396029999962,0.0114408590000039,0.0,0.0114408590000039,0.0117482630000154,0.0260883079999985,Optimal,0,none,7.290401929207334,0,28,100.0,100.0,100.0,2.0,2,7,0,0.2222222222222222,1.0,0.3636363636363636,0.8107248583425581,2,7,0,0.2222222222222222,1.0,0.3636363636363636,0.8107248583425581,2,7,0,0.2222222222222222,1.0,0.3636363636363636,0.8107248583425581,0,0,0,0.0,0.0,0.0,0,0,0,0.0,0.0,0.0
Visual Genome,2342444,38,0,35,0,2,2,4,2,6,5,0,0,4,0.0147752229999582,0.0084118790000502,0.0,0.0084118790000502,0.0085759070000221,0.0233516579999673,Optimal,0,none,1.5248310454686482,0,5,100.0,100.0,100.0,2.0,0,2,0,0.0,0.0,0.0,0.0,0,2,0,0.0,0.0,0.0,0.0,0,2,0,0.0,0.0,0.0,0.0,0,0,0,0.0,0.0,0.0,0,0,0,0.0,0.0,0.0
Visual Genome,2342599,22,0,24,0,2,2,4,2,6,5,0,0,4,0.0151071010000123,0.0066361259999894,0.0,0.0066361259999894,0.0067381690000161,0.0218457039999862,Optimal,0,none,1.345328009923299,0,5,100.0,100.0,100.0,2.0,0,2,0,0.0,0.0,0.0,0.0,0,2,0,0.0,0.0,0.0,0.0,0,2,0,0.0,0.0,0.0,0.0,0,0,0,0.0,0.0,0.0,0,0,0,0.0,0.0,0.0
Visual Genome,2342650,35,0,42,0,1,0,2,0,2,1,0,0,2,0.0131759310000347,0.0063339629999745,0.0,0.0063339629999745,0.0064008020000301,0.0195771130000252,Optimal,0,none,0.6137698809305827,0,2,100.0,100.0,100.0,2.0,0,1,0,0.0,0.0,0.0,0.0,0,1,0,0.0,0.0,0.0,0.0,0,1,0,0.0,0.0,0.0,0.0,0,0,0,0.0,0.0,0.0,0,0,0,0.0,0.0,0.0
Visual Genome,2342674,23,1,17,0,1,0,2,0,2,1,0,0,2,0.0135271100000409,0.0060729639999976,0.0,0.0060729639999976,0.0061426149999874,0.019670442000006,Optimal,0,none,0.6285443941752116,0,2,100.0,100.0,100.0,2.0,1,0,0,1.0,1.0,1.0,0.968972368181047,1,0,0,1.0,1.0,1.0,0.968972368181047,1,0,0,1.0,1.0,1.0,0.968972368181047,0,0,0,0.0,0.0,0.0,0,0,0,0.0,0.0,0.0
Visual Genome,2342695,17,2,5,0,12,265,24,265,289,145,0,0,24,0.016105772000003,0.0169594930000016,0.0,0.0169594930000016,0.0174199059999864,0.0335262019999618,Optimal,0,none,9.474125340977922,0,37,100.0,100.0,100.0,2.0,1,11,1,0.0833333333333333,0.5,0.1428571428571428,0.8078739044843859,1,11,1,0.0833333333333333,0.5,0.1428571428571428,0.8078739044843859,1,11,1,0.0833333333333333,0.5,0.1428571428571428,0.8078739044843859,0,0,0,0.0,0.0,0.0,0,0,0,0.0,0.0,0.0
Visual Genome,2342749,19,0,19,0,2,2,4,2,6,5,0,0,4,0.0132753769999567,0.0062319429999888,0.0,0.0062319429999888,0.006323908000013,0.0195997959999658,Optimal,0,none,1.546809304555257,0,5,100.0,100.0,100.0,2.0,0,2,0,0.0,0.0,0.0,0.0,0,2,0,0.0,0.0,0.0,0.0,0,2,0,0.0,0.0,0.0,0.0,0,0,0,0.0,0.0,0.0,0,0,0,0.0,0.0,0.0
Visual Genome,2342915,37,2,32,0,7,80,14,80,94,50,0,0,14,0.0143544009999914,0.0098645950000104,0.0,0.0098645950000104,0.0101057520000154,0.0244606910000015,Optimal,0,none,5.697611613943611,0,22,100.0,100.0,100.0,2.0,2,5,0,0.2857142857142857,1.0,0.4444444444444445,0.8324771512511024,2,5,0,0.2857142857142857,1.0,0.4444444444444445,0.8324771512511024,2,5,0,0.2857142857142857,1.0,0.4444444444444445,0.8324771512511024,0,0,0,0.0,0.0,0.0,0,0,0,0.0,0.0,0.0
Visual Genome,2342937,37,4,47,0,4,22,8,22,30,17,0,0,8,0.0143003069999849,0.0080300390000047,0.0,0.0080300390000047,0.0081955879999782,0.0224964139999883,Optimal,0,none,3.7311427084604913,0,13,100.0,100.0,100.0,2.0,3,1,1,0.75,0.75,0.75,0.9587044871139352,3,1,1,0.75,0.75,0.75,0.9587044871139352,3,1,1,0.75,0.75,0.75,0.9587044871139352,0,0,0,0.0,0.0,0.0,0,0,0,0.0,0.0,0.0
Visual Genome,2343037,23,1,38,0,2,6,4,6,10,5,0,0,4,0.0134541379999859,0.0066279550000558,0.0,0.0066279550000558,0.0067509619999555,0.0202055659999587,Optimal,0,none,1.3340007336934412,0,5,100.0,100.0,100.0,2.0,1,1,0,0.5,1.0,0.6666666666666666,0.9573980174507344,1,1,0,0.5,1.0,0.6666666666666666,0.9573980174507344,1,1,0,0.5,1.0,0.6666666666666666,0.9573980174507344,0,0,0,0.0,0.0,0.0,0,0,0,0.0,0.0,0.0
Visual Genome,2343345,32,0,28,0,1,0,2,0,2,1,0,0,2,0.0139837419999935,0.0064156149999803,0.0,0.0064156149999803,0.0064865219999887,0.0204706639999585,Optimal,0,none,0.6534347454706828,0,2,100.0,100.0,100.0,2.0,0,1,0,0.0,0.0,0.0,0.0,0,1,0,0.0,0.0,0.0,0.0,0,1,0,0.0,0.0,0.0,0.0,0,0,0,0.0,0.0,0.0,0,0,0,0.0,0.0,0.0
Visual Genome,2344045,18,1,38,0,7,78,14,78,92,50,0,0,14,0.0147490560000278,0.0099464580000017,0.0,0.0099464580000017,0.0101810649999833,0.0249305880000179,Optimal,0,none,5.805049487875044,0,22,100.0,100.0,100.0,2.0,1,6,0,0.1428571428571428,1.0,0.25,0.5152751961663408,1,6,0,0.1428571428571428,1.0,0.25,0.5152751961663408,1,6,0,0.1428571428571428,1.0,0.25,0.5152751961663408,0,0,0,0.0,0.0,0.0,0,0,0,0.0,0.0,0.0
Visual Genome,2344446,13,0,20,0,2,4,4,4,8,5,0,0,4,0.014641832000052,0.0065077630000018,0.0,0.0065077630000018,0.0066042919999631,0.021246637000047,Optimal,0,none,1.2336417229970298,0,5,100.0,100.0,100.0,2.0,0,2,0,0.0,0.0,0.0,0.0,0,2,0,0.0,0.0,0.0,0.0,0,2,0,0.0,0.0,0.0,0.0,0,0,0,0.0,0.0,0.0,0,0,0,0.0,0.0,0.0
Visual Genome,2344459,28,2,19,1,3,8,6,8,14,10,0,0,6,0.0135527389999765,0.0067181450000362,0.0,0.0067181450000362,0.0068412549999834,0.0203944389999719,Optimal,0,none,2.5786836671829225,0,10,100.0,100.0,100.0,2.0,2,1,0,0.6666666666666666,1.0,0.8,0.9320963410150772,2,1,0,0.6666666666666666,1.0,0.8,0.9320963410150772,2,1,0,0.6666666666666666,1.0,0.8,0.9320963410150772,0,2,1,0.0,0.0,0.0,0,2,1,0.0,0.0,0.0
Visual Genome,2344493,68,4,38,0,27,1283,54,1283,1337,730,0,0,54,0.0188858680000407,0.0563603510000234,0.0,0.0563603510000234,0.0577155889999971,0.0766019620000406,Optimal,0,none,21.96378865685794,0,82,100.0,100.0,100.0,2.0,2,25,2,0.074074074074074,0.5,0.1290322580645161,0.689328930829678,2,25,2,0.074074074074074,0.5,0.1290322580645161,0.689328930829678,2,25,2,0.074074074074074,0.5,0.1290322580645161,0.689328930829678,0,0,0,0.0,0.0,0.0,0,0,0,0.0,0.0,0.0
Visual Genome,2344534,19,1,22,0,12,257,24,257,281,145,0,0,24,0.0153716890000055,0.0151699589999907,0.0,0.0151699589999907,0.0156798169999774,0.0310520979999751,Optimal,0,none,9.884197642803194,0,37,100.0,100.0,100.0,2.0,0,12,1,0.0,0.0,0.0,0.0,0,12,1,0.0,0.0,0.0,0.0,0,12,1,0.0,0.0,0.0,0.0,0,0,0,0.0,0.0,0.0,0,0,0,0.0,0.0,0.0
Visual Genome,2344546,36,1,40,0,16,390,32,390,422,257,0,0,32,0.018599236,0.0220002210000416,0.0,0.0220002210000416,0.0226426980000269,0.0412425979999966,Optimal,0,none,12.74389316526016,0,49,100.0,100.0,100.0,2.0,1,15,0,0.0625,1.0,0.1176470588235294,0.7702196377690929,1,15,0,0.0625,1.0,0.1176470588235294,0.7702196377690929,1,15,0,0.0625,1.0,0.1176470588235294,0.7702196377690929,0,0,0,0.0,0.0,0.0,0,0,0,0.0,0.0,0.0
Visual Genome,2345476,28,1,39,0,1,0,2,0,2,1,0,0,2,0.013772111000037,0.0063554070000009,0.0,0.0063554070000009,0.0064248809999867,0.0201974550000159,Optimal,0,none,0.5926706711451213,0,2,100.0,100.0,100.0,2.0,1,0,0,1.0,1.0,1.0,0.9605248428469926,1,0,0,1.0,1.0,1.0,0.9605248428469926,1,0,0,1.0,1.0,1.0,0.9605248428469926,0,0,0,0.0,0.0,0.0,0,0,0,0.0,0.0,0.0
Visual Genome,2346047,22,1,17,0,2,6,4,6,10,5,0,0,4,0.0129909220000286,0.0073903539999946,0.0,0.0073903539999946,0.007508099000006,0.0204996520000122,Optimal,0,none,1.3343206675847372,0,5,100.0,100.0,100.0,2.0,0,2,1,0.0,0.0,0.0,0.9701094345180722,0,2,1,0.0,0.0,0.0,0.9701094345180722,0,2,1,0.0,0.0,0.0,0.9701094345180722,0,0,0,0.0,0.0,0.0,0,0,0,0.0,0.0,0.0
Visual Genome,2346565,39,2,36,0,2,2,4,2,6,5,0,0,4,0.0136521160000029,0.0065734070000189,0.0,0.0065734070000189,0.0066679259999773,0.0203203539999776,Optimal,0,none,1.3152058696583695,0,5,100.0,100.0,100.0,2.0,2,0,0,1.0,1.0,1.0,0.8120305679694171,2,0,0,1.0,1.0,1.0,0.8120305679694171,2,0,0,1.0,1.0,1.0,0.8120305679694171,0,0,0,0.0,0.0,0.0,0,0,0,0.0,0.0,0.0
Visual Genome,2346611,14,1,5,0,4,16,8,16,24,17,0,0,8,0.0132691489999956,0.0077752500000087,0.0,0.0077752500000087,0.0079358430000411,0.0212054340000236,Optimal,0,none,3.25665333340208,0,13,100.0,100.0,100.0,2.0,0,4,1,0.0,0.0,0.0,0.0,0,4,1,0.0,0.0,0.0,0.0,0,4,1,0.0,0.0,0.0,0.0,0,0,0,0.0,0.0,0.0,0,0,0,0.0,0.0,0.0
Visual Genome,2347057,27,1,10,0,4,22,8,22,30,17,0,0,8,0.0133145629999944,0.0071970139999848,0.0,0.0071970139999848,0.0073485670000081,0.0206638949999842,Optimal,0,none,3.323413345019024,0,13,100.0,100.0,100.0,2.0,1,3,0,0.25,1.0,0.4,0.6270888103891472,1,3,0,0.25,1.0,0.4,0.6270888103891472,1,3,0,0.25,1.0,0.4,0.6270888103891472,0,0,0,0.0,0.0,0.0,0,0,0,0.0,0.0,0.0
Visual Genome,2347297,25,3,18,0,4,27,8,27,35,17,0,0,8,0.0135558819999914,0.0078382300000043,0.0,0.0078382300000043,0.0079902890000198,0.0215466590000232,Optimal,0,none,3.137699573347967,0,13,100.0,100.0,100.0,2.0,2,2,1,0.5,0.6666666666666666,0.5714285714285715,0.6612533720916604,2,2,1,0.5,0.6666666666666666,0.5714285714285715,0.6612533720916604,2,2,1,0.5,0.6666666666666666,0.5714285714285715,0.6612533720916604,0,0,0,0.0,0.0,0.0,0,0,0,0.0,0.0,0.0
Visual Genome,2348575,26,0,42,0,14,353,28,353,381,197,0,0,28,0.0155784059999746,0.0194918500000085,0.0,0.0194918500000085,0.0200628769999866,0.0356417869999745,Optimal,0,none,10.8414885369033,0,43,100.0,100.0,100.0,2.0,0,14,0,0.0,0.0,0.0,0.0,0,14,0,0.0,0.0,0.0,0.0,0,14,0,0.0,0.0,0.0,0.0,0,0,0,0.0,0.0,0.0,0,0,0,0.0,0.0,0.0
Visual Genome,2349159,19,3,4,0,8,97,16,97,113,65,0,0,16,0.0147751139999741,0.011452462999955,0.0,0.011452462999955,0.0117337949999978,0.0265094360000262,Optimal,0,none,6.575716036160789,0,25,100.0,100.0,100.0,2.0,1,7,2,0.125,0.3333333333333333,0.1818181818181818,0.97484569289935,1,7,2,0.125,0.3333333333333333,0.1818181818181818,0.97484569289935,1,7,2,0.125,0.3333333333333333,0.1818181818181818,0.97484569289935,0,0,0,0.0,0.0,0.0,0,0,0,0.0,0.0,0.0
Visual Genome,2349416,30,0,21,0,4,18,8,18,26,17,0,0,8,0.0148613339999883,0.0087517540000021,0.0,0.0087517540000021,0.0090070369999466,0.0238689359999852,Optimal,0,none,3.2431768303453072,0,13,100.0,100.0,100.0,2.0,0,4,0,0.0,0.0,0.0,0.0,0,4,0,0.0,0.0,0.0,0.0,0,4,0,0.0,0.0,0.0,0.0,0,0,0,0.0,0.0,0.0,0,0,0,0.0,0.0,0.0
Visual Genome,2349496,38,2,21,0,3,12,6,12,18,10,0,0,6,0.0144385129999591,0.0071804180000185,0.0,0.0071804180000185,0.0073106649999772,0.0217497099999945,Optimal,0,none,2.385477123260499,0,10,100.0,100.0,100.0,2.0,1,2,1,0.3333333333333333,0.5,0.4,0.8453084160795524,1,2,1,0.3333333333333333,0.5,0.4,0.8453084160795524,1,2,1,0.3333333333333333,0.5,0.4,0.8453084160795524,0,0,0,0.0,0.0,0.0,0,0,0,0.0,0.0,0.0
Visual Genome,2349564,47,7,45,0,18,595,36,595,631,325,0,0,36,0.0163705809999896,0.0269188909999797,0.0,0.0269188909999797,0.0276758390000395,0.0440471590000015,Optimal,0,none,15.333186883500492,0,55,100.0,100.0,100.0,2.0,5,13,2,0.2777777777777778,0.7142857142857143,0.4,0.8832104850714688,5,13,2,0.2777777777777778,0.7142857142857143,0.4,0.8832104850714688,5,13,2,0.2777777777777778,0.7142857142857143,0.4,0.8832104850714688,0,0,0,0.0,0.0,0.0,0,0,0,0.0,0.0,0.0
Visual Genome,2349670,23,1,46,0,4,26,8,26,34,17,0,0,8,0.0121894229999952,0.0078300690000219,0.0,0.0078300690000219,0.0079772379999667,0.0201671490000308,Optimal,0,none,3.472537037531536,0,13,100.0,100.0,100.0,2.0,1,3,0,0.25,1.0,0.4,0.6313864828938006,1,3,0,0.25,1.0,0.4,0.6313864828938006,1,3,0,0.25,1.0,0.4,0.6313864828938006,0,0,0,0.0,0.0,0.0,0,0,0,0.0,0.0,0.0
Visual Genome,2349796,36,3,25,0,7,90,14,90,104,50,0,0,14,0.0153239350000262,0.0103638159999945,0.0,0.0103638159999945,0.0106275179999784,0.0259519740000087,Optimal,0,none,5.870909550347391,0,22,100.0,100.0,100.0,2.0,1,6,2,0.1428571428571428,0.3333333333333333,0.2,0.9895138790696052,1,6,2,0.1428571428571428,0.3333333333333333,0.2,0.9895138790696052,1,6,2,0.1428571428571428,0.3333333333333333,0.2,0.9895138790696052,0,0,0,0.0,0.0,0.0,0,0,0,0.0,0.0,0.0
Visual Genome,2350875,18,0,3,0,7,62,14,62,76,50,0,0,14,0.0131271949999813,0.0095570600000201,0.0,0.0095570600000201,0.0097780899999975,0.022905723000008,Optimal,0,none,5.481209510966578,0,22,100.0,100.0,100.0,2.0,0,7,0,0.0,0.0,0.0,0.0,0,7,0,0.0,0.0,0.0,0.0,0,7,0,0.0,0.0,0.0,0.0,0,0,0,0.0,0.0,0.0,0,0,0,0.0,0.0,0.0
Visual Genome,2350894,28,0,7,0,2,4,4,4,8,5,0,0,4,0.0142673299999955,0.0070895449999852,0.0,0.0070895449999852,0.0072120189999509,0.0214798889999769,Optimal,0,none,1.4929046885620867,0,5,100.0,100.0,100.0,2.0,0,2,0,0.0,0.0,0.0,0.0,0,2,0,0.0,0.0,0.0,0.0,0,2,0,0.0,0.0,0.0,0.0,0,0,0,0.0,0.0,0.0,0,0,0,0.0,0.0,0.0
Visual Genome,2351741,28,5,13,1,12,238,24,238,262,145,0,0,24,0.0159288550000269,0.0163153159999751,0.0,0.0163153159999751,0.016769967000016,0.0326993319999928,Optimal,0,none,10.129025617192534,0,37,100.0,100.0,100.0,2.0,2,10,3,0.1666666666666666,0.4,0.2352941176470588,0.880661507688992,2,10,3,0.1666666666666666,0.4,0.2352941176470588,0.880661507688992,2,10,3,0.1666666666666666,0.4,0.2352941176470588,0.880661507688992,0,0,1,0.0,0.0,0.0,0,0,1,0.0,0.0,0.0
Visual Genome,2352582,16,1,9,0,1,0,2,0,2,1,0,0,2,0.0136523580000016,0.007458033999967,0.0,0.007458033999967,0.0075262739999857,0.0211791570000059,Optimal,0,none,0.6032750288645427,0,2,100.0,100.0,100.0,2.0,1,0,0,1.0,1.0,1.0,0.9880095467083456,1,0,0,1.0,1.0,1.0,0.9880095467083456,1,0,0,1.0,1.0,1.0,0.9880095467083456,0,0,0,0.0,0.0,0.0,0,0,0,0.0,0.0,0.0
Visual Genome,2352788,20,0,11,0,3,9,6,9,15,10,0,0,6,0.014915497000004,0.0067364650000172,0.0,0.0067364650000172,0.0068643390000033,0.0217803630000048,Optimal,0,none,2.720702370384963,0,10,100.0,100.0,100.0,2.0,0,3,0,0.0,0.0,0.0,0.0,0,3,0,0.0,0.0,0.0,0.0,0,3,0,0.0,0.0,0.0,0.0,0,0,0,0.0,0.0,0.0,0,0,0,0.0,0.0,0.0
Visual Genome,2352954,18,1,17,0,2,2,4,2,6,5,0,0,4,0.0144855130000109,0.006254302000002,0.0,0.006254302000002,0.0063501889999884,0.0208361640000021,Optimal,0,none,1.3637756617863976,0,5,100.0,100.0,100.0,2.0,1,1,0,0.5,1.0,0.6666666666666666,0.8303920705541995,1,1,0,0.5,1.0,0.6666666666666666,0.8303920705541995,1,1,0,0.5,1.0,0.6666666666666666,0.8303920705541995,0,0,0,0.0,0.0,0.0,0,0,0,0.0,0.0,0.0
Visual Genome,2353074,21,0,14,0,5,40,10,40,50,26,0,0,10,0.0134566109999809,0.0087561550000145,0.0,0.0087561550000145,0.0090211330000329,0.0224782999999888,Optimal,0,none,4.255656292721313,0,16,100.0,100.0,100.0,2.0,0,5,0,0.0,0.0,0.0,0.0,0,5,0,0.0,0.0,0.0,0.0,0,5,0,0.0,0.0,0.0,0.0,0,0,0,0.0,0.0,0.0,0,0,0,0.0,0.0,0.0
Visual Genome,2353084,27,1,20,0,2,4,4,4,8,5,0,0,4,0.0140285040000094,0.0069280309999726,0.0,0.0069280309999726,0.0070251590000225,0.0210541270000135,Optimal,0,none,1.414443758328756,0,5,100.0,100.0,100.0,2.0,1,1,0,0.5,1.0,0.6666666666666666,0.8977589025099135,1,1,0,0.5,1.0,0.6666666666666666,0.8977589025099135,1,1,0,0.5,1.0,0.6666666666666666,0.8977589025099135,0,0,0,0.0,0.0,0.0,0,0,0,0.0,0.0,0.0
Visual Genome,2353616,21,0,40,0,1,0,2,0,2,1,0,0,2,0.0148307759999966,0.0064911259999576,0.0,0.0064911259999576,0.0065640749999715,0.0213952710000171,Optimal,0,none,0.6433757940928142,0,2,100.0,100.0,100.0,2.0,0,1,0,0.0,0.0,0.0,0.0,0,1,0,0.0,0.0,0.0,0.0,0,1,0,0.0,0.0,0.0,0.0,0,0,0,0.0,0.0,0.0,0,0,0,0.0,0.0,0.0
Visual Genome,2355068,14,0,11,0,2,4,4,4,8,5,0,0,4,0.0155877939999982,0.0063198859999715,0.0,0.0063198859999715,0.0064161290000015,0.0220043619999614,Optimal,0,none,1.293736151059469,0,5,100.0,100.0,100.0,2.0,0,2,0,0.0,0.0,0.0,0.0,0,2,0,0.0,0.0,0.0,0.0,0,2,0,0.0,0.0,0.0,0.0,0,0,0,0.0,0.0,0.0,0,0,0,0.0,0.0,0.0
Visual Genome,2355207,11,0,18,0,2,5,4,5,9,5,0,0,4,0.0136443000000099,0.0073819499999672,0.0,0.0073819499999672,0.0074811140000292,0.0211258909999969,Optimal,0,none,1.608936339701584,0,5,100.0,100.0,100.0,2.0,0,2,0,0.0,0.0,0.0,0.0,0,2,0,0.0,0.0,0.0,0.0,0,2,0,0.0,0.0,0.0,0.0,0,0,0,0.0,0.0,0.0,0,0,0,0.0,0.0,0.0
Visual Genome,2355714,27,2,17,0,5,32,10,32,42,26,0,0,10,0.0146525790000282,0.0093779640000093,0.0,0.0093779640000093,0.0095677599999817,0.0242208200000391,Optimal,0,none,3.871655543645225,0,16,100.0,100.0,100.0,2.0,0,5,2,0.0,0.0,0.0,0.0,0,5,2,0.0,0.0,0.0,0.0,0,5,2,0.0,0.0,0.0,0.0,0,0,0,0.0,0.0,0.0,0,0,0,0.0,0.0,0.0
Visual Genome,2356074,32,0,32,0,8,91,16,91,107,65,0,0,16,0.0137671720000298,0.0113897549999819,0.0,0.0113897549999819,0.0116889419999779,0.0254568980000158,Optimal,0,none,6.720395796189789,0,25,100.0,100.0,100.0,2.0,0,8,0,0.0,0.0,0.0,0.0,0,8,0,0.0,0.0,0.0,0.0,0,8,0,0.0,0.0,0.0,0.0,0,0,0,0.0,0.0,0.0,0,0,0,0.0,0.0,0.0
Visual Genome,2356121,24,2,12,0,1,0,2,0,2,1,0,0,2,0.0136851819999606,0.0065703230000053,0.0,0.0065703230000053,0.0066567279999958,0.020342558999971,Optimal,0,none,0.5930221954981486,0,2,100.0,100.0,100.0,2.0,0,1,2,0.0,0.0,0.0,0.0,0,1,2,0.0,0.0,0.0,0.0,0,1,2,0.0,0.0,0.0,0.0,0,0,0,0.0,0.0,0.0,0,0,0,0.0,0.0,0.0
Visual Genome,2356259,25,3,37,0,3,10,6,10,16,10,0,0,6,0.0134869240000057,0.0068655200000193,0.0,0.0068655200000193,0.0069930249999856,0.0204804039999544,Optimal,0,none,2.605460638999939,0,10,100.0,100.0,100.0,2.0,1,2,2,0.3333333333333333,0.3333333333333333,0.3333333333333333,0.7299104519327438,1,2,2,0.3333333333333333,0.3333333333333333,0.3333333333333333,0.7299104519327438,1,2,2,0.3333333333333333,0.3333333333333333,0.3333333333333333,0.7299104519327438,0,0,0,0.0,0.0,0.0,0,0,0,0.0,0.0,0.0
Visual Genome,2356511,42,0,25,0,6,63,12,63,75,37,0,0,12,0.0167745570000192,0.0091007639999816,0.0,0.0091007639999816,0.0093058550000364,0.0260808460000134,Optimal,0,none,4.851154155731203,0,19,100.0,100.0,100.0,2.0,0,6,0,0.0,0.0,0.0,0.0,0,6,0,0.0,0.0,0.0,0.0,0,6,0,0.0,0.0,0.0,0.0,0,0,0,0.0,0.0,0.0,0,0,0,0.0,0.0,0.0
Visual Genome,2357259,15,0,15,0,3,6,6,6,12,10,0,0,6,0.0139142720000222,0.0066284589999554,0.0,0.0066284589999554,0.0067469060000462,0.0206615620000434,Optimal,0,none,2.5489200258255007,0,10,100.0,100.0,100.0,2.0,0,3,0,0.0,0.0,0.0,0.0,0,3,0,0.0,0.0,0.0,0.0,0,3,0,0.0,0.0,0.0,0.0,0,0,0,0.0,0.0,0.0,0,0,0,0.0,0.0,0.0
Visual Genome,2357707,19,1,26,0,1,0,2,0,2,1,0,0,2,0.0134115530000258,0.0067082790000085,0.0,0.0067082790000085,0.0067848109999886,0.0201968080000369,Optimal,0,none,0.6133577267328898,0,2,100.0,100.0,100.0,2.0,1,0,0,1.0,1.0,1.0,0.638578106695172,1,0,0,1.0,1.0,1.0,0.638578106695172,1,0,0,1.0,1.0,1.0,0.638578106695172,0,0,0,0.0,0.0,0.0,0,0,0,0.0,0.0,0.0
Visual Genome,2357774,26,1,24,0,4,24,8,24,32,17,0,0,8,0.0134335359999795,0.0072762180000154,0.0,0.0072762180000154,0.0074314770000114,0.0208654649999857,Optimal,0,none,3.591665658156078,0,13,100.0,100.0,100.0,2.0,1,3,0,0.25,1.0,0.4,0.9447582551175748,1,3,0,0.25,1.0,0.4,0.9447582551175748,1,3,0,0.25,1.0,0.4,0.9447582551175748,0,0,0,0.0,0.0,0.0,0,0,0,0.0,0.0,0.0
Visual Genome,2358408,24,2,39,0,4,26,8,26,34,17,0,0,8,0.0137333769999941,0.0072186460000125,0.0,0.0072186460000125,0.0073972050000179,0.0211310389999539,Optimal,0,none,3.582009812990825,0,13,100.0,100.0,100.0,2.0,0,4,2,0.0,0.0,0.0,0.924823181105494,0,4,2,0.0,0.0,0.0,0.924823181105494,0,4,2,0.0,0.0,0.0,0.924823181105494,0,0,0,0.0,0.0,0.0,0,0,0,0.0,0.0,0.0
Visual Genome,2358470,27,0,12,0,3,12,6,12,18,10,0,0,6,0.0125364379999837,0.007006141999966,0.0,0.007006141999966,0.0071337129999733,0.0196705969999584,Optimal,0,none,2.279298279285432,0,10,100.0,100.0,100.0,2.0,0,3,0,0.0,0.0,0.0,0.0,0,3,0,0.0,0.0,0.0,0.0,0,3,0,0.0,0.0,0.0,0.0,0,0,0,0.0,0.0,0.0,0,0,0,0.0,0.0,0.0
Visual Genome,2358536,26,1,21,0,1,0,2,0,2,1,0,0,2,0.013346384999977,0.00748501999999,0.0,0.00748501999999,0.0075510140000005,0.0208978219999949,Optimal,0,none,0.6223483959833781,0,2,100.0,100.0,100.0,2.0,1,0,0,1.0,1.0,1.0,0.9557403787202032,1,0,0,1.0,1.0,1.0,0.9557403787202032,1,0,0,1.0,1.0,1.0,0.9557403787202032,0,0,0,0.0,0.0,0.0,0,0,0,0.0,0.0,0.0
Visual Genome,2358600,33,2,14,0,2,4,4,4,8,5,0,0,4,0.0144490339999947,0.0066304779999768,0.0,0.0066304779999768,0.0067303339999966,0.0211797850000152,Optimal,0,none,1.2167913111050923,0,5,100.0,100.0,100.0,2.0,1,1,1,0.5,0.5,0.5,0.872075471213656,1,1,1,0.5,0.5,0.5,0.872075471213656,1,1,1,0.5,0.5,0.5,0.872075471213656,0,0,0,0.0,0.0,0.0,0,0,0,0.0,0.0,0.0
Visual Genome,2358626,23,1,33,0,4,26,8,26,34,17,0,0,8,0.0146669949999704,0.0079956800000218,0.0,0.0079956800000218,0.0081844810000006,0.0228519289999553,Optimal,0,none,3.475986110984657,0,13,100.0,100.0,100.0,2.0,0,4,1,0.0,0.0,0.0,0.0,0,4,1,0.0,0.0,0.0,0.0,0,4,1,0.0,0.0,0.0,0.0,0,0,0,0.0,0.0,0.0,0,0,0,0.0,0.0,0.0
Visual Genome,2358828,30,3,36,0,3,10,6,10,16,10,0,0,6,0.0131190459999857,0.0066400079999766,0.0,0.0066400079999766,0.0067868429999862,0.0199066040000275,Optimal,0,none,2.6762144947052007,0,10,100.0,100.0,100.0,2.0,1,2,2,0.3333333333333333,0.3333333333333333,0.3333333333333333,0.9341066085431622,1,2,2,0.3333333333333333,0.3333333333333333,0.3333333333333333,0.9341066085431622,1,2,2,0.3333333333333333,0.3333333333333333,0.3333333333333333,0.9341066085431622,0,0,0,0.0,0.0,0.0,0,0,0,0.0,0.0,0.0
Visual Genome,2359262,25,0,23,0,2,4,4,4,8,5,0,0,4,0.0131274789999906,0.0069039269999962,0.0,0.0069039269999962,0.0070025420000092,0.0201303339999867,Optimal,0,none,1.34353283961614,0,5,100.0,100.0,100.0,2.0,0,2,0,0.0,0.0,0.0,0.0,0,2,0,0.0,0.0,0.0,0.0,0,2,0,0.0,0.0,0.0,0.0,0,0,0,0.0,0.0,0.0,0,0,0,0.0,0.0,0.0
Visual Genome,2360042,33,0,22,0,5,38,10,38,48,26,0,0,10,0.0145876710000152,0.0080422949999956,0.0,0.0080422949999956,0.0082267259999753,0.0228148170000395,Optimal,0,none,4.489323024344206,0,16,100.0,100.0,100.0,2.0,0,5,0,0.0,0.0,0.0,0.0,0,5,0,0.0,0.0,0.0,0.0,0,5,0,0.0,0.0,0.0,0.0,0,0,0,0.0,0.0,0.0,0,0,0,0.0,0.0,0.0
Visual Genome,2360765,33,2,41,0,20,713,40,713,753,401,0,0,40,0.016965110000001,0.0410929050000277,0.0,0.0410929050000277,0.042089360000034,0.0590549949999967,Optimal,0,none,15.616051626611386,0,61,100.0,100.0,100.0,2.0,2,18,0,0.1,1.0,0.1818181818181818,0.8501164900843361,2,18,0,0.1,1.0,0.1818181818181818,0.8501164900843361,2,18,0,0.1,1.0,0.1818181818181818,0.8501164900843361,0,0,0,0.0,0.0,0.0,0,0,0,0.0,0.0,0.0
Visual Genome,2361228,17,2,12,0,5,32,10,32,42,26,0,0,10,0.0156482500000265,0.0094246350000162,0.0,0.0094246350000162,0.0096026190000202,0.0252513679999992,Optimal,0,none,4.064250794504228,0,16,100.0,100.0,100.0,2.0,1,4,1,0.2,0.5,0.2857142857142857,0.951037535995869,1,4,1,0.2,0.5,0.2857142857142857,0.951037535995869,1,4,1,0.2,0.5,0.2857142857142857,0.951037535995869,0,0,0,0.0,0.0,0.0,0,0,0,0.0,0.0,0.0
Visual Genome,2361287,28,2,44,0,5,38,10,38,48,26,0,0,10,0.0142121899999665,0.0080252559999962,0.0,0.0080252559999962,0.0082141739999883,0.0224268339999866,Optimal,0,none,4.271388741334281,0,16,100.0,100.0,100.0,2.0,0,5,2,0.0,0.0,0.0,0.0,0,5,2,0.0,0.0,0.0,0.0,0,5,2,0.0,0.0,0.0,0.0,0,0,0,0.0,0.0,0.0,0,0,0,0.0,0.0,0.0
Visual Genome,2361514,32,0,45,0,4,16,8,16,24,17,0,0,8,0.0140664379999861,0.0077567289999933,0.0,0.0077567289999933,0.0078979060000392,0.0219647889999805,Optimal,0,none,3.24284409985279,0,13,100.0,100.0,100.0,2.0,0,4,0,0.0,0.0,0.0,0.0,0,4,0,0.0,0.0,0.0,0.0,0,4,0,0.0,0.0,0.0,0.0,0,0,0,0.0,0.0,0.0,0,0,0,0.0,0.0,0.0
Visual Genome,2361531,24,0,21,0,4,20,8,20,28,17,0,0,8,0.0136599240000236,0.0076055079999832,0.0,0.0076055079999832,0.0077494409999872,0.0214097559999686,Optimal,0,none,3.736160680452984,0,13,100.0,100.0,100.0,2.0,0,4,0,0.0,0.0,0.0,0.0,0,4,0,0.0,0.0,0.0,0.0,0,4,0,0.0,0.0,0.0,0.0,0,0,0,0.0,0.0,0.0,0,0,0,0.0,0.0,0.0
Visual Genome,2361736,27,0,23,0,1,0,2,0,2,1,0,0,2,0.0140374609999867,0.0064631280000071,0.0,0.0064631280000071,0.0065358039999523,0.0205737649999946,Optimal,0,none,0.6106069723765055,0,2,100.0,100.0,100.0,2.0,0,1,0,0.0,0.0,0.0,0.0,0,1,0,0.0,0.0,0.0,0.0,0,1,0,0.0,0.0,0.0,0.0,0,0,0,0.0,0.0,0.0,0,0,0,0.0,0.0,0.0
Visual Genome,2361898,28,1,29,0,10,166,20,166,186,101,0,0,20,0.0152853260000256,0.0133818630000064,0.0,0.0133818630000064,0.0137735749999592,0.0290593310000417,Optimal,0,none,8.540040923178573,0,31,100.0,100.0,100.0,2.0,1,9,0,0.1,1.0,0.1818181818181818,0.921030833356819,1,9,0,0.1,1.0,0.1818181818181818,0.921030833356819,1,9,0,0.1,1.0,0.1818181818181818,0.921030833356819,0,0,0,0.0,0.0,0.0,0,0,0,0.0,0.0,0.0
Visual Genome,2362268,20,1,17,0,4,30,8,30,38,17,0,0,8,0.012993635999976,0.0080704410000294,0.0,0.0080704410000294,0.0082217020000143,0.0212158339999746,Optimal,0,none,3.175383214606634,0,13,100.0,100.0,100.0,2.0,0,4,1,0.0,0.0,0.0,0.0,0,4,1,0.0,0.0,0.0,0.0,0,4,1,0.0,0.0,0.0,0.0,0,0,0,0.0,0.0,0.0,0,0,0,0.0,0.0,0.0
Visual Genome,2362364,41,5,20,0,5,32,10,32,42,26,0,0,10,0.0156761039999651,0.0079580409999948,0.0,0.0079580409999948,0.008156289999988,0.0238331900000048,Optimal,0,none,4.283994360764823,0,16,100.0,100.0,100.0,2.0,4,1,1,0.8,0.8,0.8000000000000002,0.8427719660986777,4,1,1,0.8,0.8,0.8000000000000002,0.8427719660986777,4,1,1,0.8,0.8,0.8000000000000002,0.8427719660986777,0,0,0,0.0,0.0,0.0,0,0,0,0.0,0.0,0.0
Visual Genome,2362923,24,2,19,0,9,123,18,123,141,82,0,0,18,0.0145315500000151,0.0115690910000125,0.0,0.0115690910000125,0.0118733230000316,0.0264053320000243,Optimal,0,none,7.751429519342881,0,28,100.0,100.0,100.0,2.0,1,8,1,0.1111111111111111,0.5,0.1818181818181818,0.9711507730753784,1,8,1,0.1111111111111111,0.5,0.1818181818181818,0.9711507730753784,1,8,1,0.1111111111111111,0.5,0.1818181818181818,0.9711507730753784,0,0,0,0.0,0.0,0.0,0,0,0,0.0,0.0,0.0
Visual Genome,2364039,19,0,29,0,2,6,4,6,10,5,0,0,4,0.0123165220000487,0.0065890909999666,0.0,0.0065890909999666,0.0066903390000447,0.0190072780000036,Optimal,0,none,1.20994073004101,0,5,100.0,100.0,100.0,2.0,0,2,0,0.0,0.0,0.0,0.0,0,2,0,0.0,0.0,0.0,0.0,0,2,0,0.0,0.0,0.0,0.0,0,0,0,0.0,0.0,0.0,0,0,0,0.0,0.0,0.0
Visual Genome,2364080,11,0,23,0,0,0,0,0,0,0,0,0,1,0.0145870489999992,0.0050065789999962,0.0,0.0050065789999962,0.0050452780000114,0.0196328850000213,Optimal,0,none,,0,1,100.0,0.0,0.0,0.0,0,0,0,0.0,0.0,0.0,0.0,0,0,0,0.0,0.0,0.0,0.0,0,0,0,0.0,0.0,0.0,0.0,0,0,0,0.0,0.0,0.0,0,0,0,0.0,0.0,0.0
Visual Genome,2364407,54,1,26,0,14,354,28,354,382,197,0,0,28,0.0157027750000224,0.0194195029999946,0.0,0.0194195029999946,0.0199532240000053,0.0356564870000397,Optimal,0,none,11.20202954820653,0,43,100.0,100.0,100.0,2.0,1,13,0,0.0714285714285714,1.0,0.1333333333333333,0.827231921761312,1,13,0,0.0714285714285714,1.0,0.1333333333333333,0.827231921761312,1,13,0,0.0714285714285714,1.0,0.1333333333333333,0.827231921761312,0,0,0,0.0,0.0,0.0,0,0,0,0.0,0.0,0.0
Visual Genome,2364413,48,3,19,0,6,60,12,60,72,37,0,0,12,0.0132269869999959,0.0084672489999775,0.0,0.0084672489999775,0.0086889969999788,0.0219163990000197,Optimal,0,none,4.916114873886111,0,19,100.0,100.0,100.0,2.0,1,5,2,0.1666666666666666,0.3333333333333333,0.2222222222222222,0.6691042257540837,1,5,2,0.1666666666666666,0.3333333333333333,0.2222222222222222,0.6691042257540837,1,5,2,0.1666666666666666,0.3333333333333333,0.2222222222222222,0.6691042257540837,0,0,0,0.0,0.0,0.0,0,0,0,0.0,0.0,0.0
Visual Genome,2364445,31,0,20,0,3,13,6,13,19,10,0,0,6,0.0150693299999602,0.0077671500000064,0.0,0.0077671500000064,0.0078943220000269,0.0229644589999793,Optimal,0,none,2.4721711182594306,0,10,100.0,100.0,100.0,2.0,0,3,0,0.0,0.0,0.0,0.0,0,3,0,0.0,0.0,0.0,0.0,0,3,0,0.0,0.0,0.0,0.0,0,0,0,0.0,0.0,0.0,0,0,0,0.0,0.0,0.0
Visual Genome,2364508,34,1,33,0,20,523,40,523,563,401,0,0,40,0.0168699860000174,0.0287539849999802,0.0,0.0287539849999802,0.0297711989999811,0.0466417150000211,Optimal,0,none,16.292738792384938,0,61,100.0,100.0,100.0,2.0,1,19,0,0.05,1.0,0.0952380952380952,0.934127149600834,1,19,0,0.05,1.0,0.0952380952380952,0.934127149600834,1,19,0,0.05,1.0,0.0952380952380952,0.934127149600834,0,0,0,0.0,0.0,0.0,0,0,0,0.0,0.0,0.0
Visual Genome,2364565,33,1,21,0,2,2,4,2,6,5,0,0,4,0.0136564939999743,0.0063841670000215,0.0,0.0063841670000215,0.0064794110000434,0.0201364289999901,Optimal,0,none,1.490658620198568,0,5,100.0,100.0,100.0,2.0,1,1,0,0.5,1.0,0.6666666666666666,0.9268419942121484,1,1,0,0.5,1.0,0.6666666666666666,0.9268419942121484,1,1,0,0.5,1.0,0.6666666666666666,0.9268419942121484,0,0,0,0.0,0.0,0.0,0,0,0,0.0,0.0,0.0
Visual Genome,2364584,31,2,20,0,6,45,12,45,57,37,0,0,12,0.0137086990000057,0.0088134360000253,0.0,0.0088134360000253,0.0090405849999797,0.0227497909999669,Optimal,0,none,5.145696325302126,0,19,100.0,100.0,100.0,2.0,2,4,0,0.3333333333333333,1.0,0.5,0.9149688689237434,2,4,0,0.3333333333333333,1.0,0.5,0.9149688689237434,2,4,0,0.3333333333333333,1.0,0.5,0.9149688689237434,0,0,0,0.0,0.0,0.0,0,0,0,0.0,0.0,0.0
Visual Genome,2364645,23,0,19,0,1,0,2,0,2,1,0,0,2,0.0121987320000016,0.0064043250000054,0.0,0.0064043250000054,0.0064707509999948,0.0186698859999978,Optimal,0,none,0.3668504158655802,0,2,100.0,100.0,100.0,2.0,0,1,0,0.0,0.0,0.0,0.0,0,1,0,0.0,0.0,0.0,0.0,0,1,0,0.0,0.0,0.0,0.0,0,0,0,0.0,0.0,0.0,0,0,0,0.0,0.0,0.0
Visual Genome,2365315,24,0,25,0,2,4,4,4,8,5,0,0,4,0.0198119209999845,0.0080213439999852,0.0,0.0080213439999852,0.0081871959999944,0.0280000239999935,Optimal,0,none,1.3058474334081014,0,5,100.0,100.0,100.0,2.0,0,2,0,0.0,0.0,0.0,0.0,0,2,0,0.0,0.0,0.0,0.0,0,2,0,0.0,0.0,0.0,0.0,0,0,0,0.0,0.0,0.0,0,0,0,0.0,0.0,0.0
Visual Genome,2365681,41,1,21,0,2,6,4,6,10,5,0,0,4,0.0145217090000073,0.0067253799999775,0.0,0.0067253799999775,0.0068240840000157,0.0213462479999861,Optimal,0,none,1.357275870641073,0,5,100.0,100.0,100.0,2.0,1,1,0,0.5,1.0,0.6666666666666666,0.8027307780303025,1,1,0,0.5,1.0,0.6666666666666666,0.8027307780303025,1,1,0,0.5,1.0,0.6666666666666666,0.8027307780303025,0,0,0,0.0,0.0,0.0,0,0,0,0.0,0.0,0.0
Visual Genome,2366193,24,5,17,0,9,121,18,121,139,82,0,0,18,0.0142994299999941,0.0116399150000461,0.0,0.0116399150000461,0.0119490100000234,0.0262488879999978,Optimal,0,none,7.020833238239844,0,28,100.0,100.0,100.0,2.0,2,7,3,0.2222222222222222,0.4,0.2857142857142857,0.8017267949135661,2,7,3,0.2222222222222222,0.4,0.2857142857142857,0.8017267949135661,2,7,3,0.2222222222222222,0.4,0.2857142857142857,0.8017267949135661,0,0,0,0.0,0.0,0.0,0,0,0,0.0,0.0,0.0
Visual Genome,2366660,23,3,7,0,3,14,6,14,20,10,0,0,6,0.014964716999998,0.0067941620000055,0.0,0.0067941620000055,0.006923257999972,0.0218885310000018,Optimal,0,none,2.6713639162164773,0,10,100.0,100.0,100.0,2.0,1,2,2,0.3333333333333333,0.3333333333333333,0.3333333333333333,0.944537047709943,1,2,2,0.3333333333333333,0.3333333333333333,0.3333333333333333,0.944537047709943,1,2,2,0.3333333333333333,0.3333333333333333,0.3333333333333333,0.944537047709943,0,0,0,0.0,0.0,0.0,0,0,0,0.0,0.0,0.0
Visual Genome,2367354,37,2,17,0,9,142,18,142,160,82,0,0,18,0.0139231599999902,0.0123551330000282,0.0,0.0123551330000282,0.0126872109999567,0.0266107479999959,Optimal,0,none,7.42840755939484,0,28,100.0,100.0,100.0,2.0,2,7,0,0.2222222222222222,1.0,0.3636363636363636,0.804161880835255,2,7,0,0.2222222222222222,1.0,0.3636363636363636,0.804161880835255,2,7,0,0.2222222222222222,1.0,0.3636363636363636,0.804161880835255,0,0,0,0.0,0.0,0.0,0,0,0,0.0,0.0,0.0
Visual Genome,2368110,37,1,24,0,16,348,32,348,380,257,0,0,32,0.0170898369999576,0.0219631150000054,0.0,0.0219631150000054,0.0225452059999611,0.0396355229999585,Optimal,0,none,12.253336573449817,0,49,100.0,100.0,100.0,2.0,0,16,1,0.0,0.0,0.0,0.0,0,16,1,0.0,0.0,0.0,0.0,0,16,1,0.0,0.0,0.0,0.0,0,0,0,0.0,0.0,0.0,0,0,0,0.0,0.0,0.0
Visual Genome,2368192,33,0,37,0,4,20,8,20,28,17,0,0,8,0.0133815500000196,0.0077360369999723,0.0,0.0077360369999723,0.0079144599999949,0.0212965480000093,Optimal,0,none,3.3233218876520803,0,13,100.0,100.0,100.0,2.0,0,4,0,0.0,0.0,0.0,0.0,0,4,0,0.0,0.0,0.0,0.0,0,4,0,0.0,0.0,0.0,0.0,0,0,0,0.0,0.0,0.0,0,0,0,0.0,0.0,0.0
Visual Genome,2368508,29,2,10,0,12,239,24,239,263,145,0,0,24,0.0157489700000041,0.0169522130000245,0.0,0.0169522130000245,0.0174316729999759,0.0331812560000344,Optimal,0,none,9.66932037084198,0,37,100.0,100.0,100.0,2.0,0,12,2,0.0,0.0,0.0,0.0,0,12,2,0.0,0.0,0.0,0.0,0,12,2,0.0,0.0,0.0,0.0,0,0,0,0.0,0.0,0.0,0,0,0,0.0,0.0,0.0
Visual Genome,2368774,9,1,34,0,1,0,2,0,2,1,0,0,2,0.0131864770000333,0.0064521340000283,0.0,0.0064521340000283,0.0065196300000138,0.0197065510000129,Optimal,0,none,0.6369913736979167,0,2,100.0,100.0,100.0,2.0,1,0,0,1.0,1.0,1.0,0.973575976512422,1,0,0,1.0,1.0,1.0,0.973575976512422,1,0,0,1.0,1.0,1.0,0.973575976512422,0,0,0,0.0,0.0,0.0,0,0,0,0.0,0.0,0.0
Visual Genome,2368817,18,0,10,0,1,0,2,0,2,1,0,0,2,0.0134246960000155,0.0063264379999736,0.0,0.0063264379999736,0.0064189640000336,0.0198441310000134,Optimal,0,none,0.5963319937388103,0,2,100.0,100.0,100.0,2.0,0,1,0,0.0,0.0,0.0,0.0,0,1,0,0.0,0.0,0.0,0.0,0,1,0,0.0,0.0,0.0,0.0,0,0,0,0.0,0.0,0.0,0,0,0,0.0,0.0,0.0
Visual Genome,2368996,26,0,17,0,4,21,8,21,29,17,0,0,8,0.0140911219999679,0.0080944980000481,0.0,0.0080944980000481,0.0082428290000393,0.0223344720000113,Optimal,0,none,3.0947903362909965,0,13,100.0,100.0,100.0,2.0,0,4,0,0.0,0.0,0.0,0.0,0,4,0,0.0,0.0,0.0,0.0,0,4,0,0.0,0.0,0.0,0.0,0,0,0,0.0,0.0,0.0,0,0,0,0.0,0.0,0.0
Visual Genome,2369534,20,0,23,0,1,0,2,0,2,1,0,0,2,0.0121392050000395,0.0061341720000314,0.0,0.0061341720000314,0.0062208109999914,0.0183605029999966,Optimal,0,none,0.5949761311213175,0,2,100.0,100.0,100.0,2.0,0,1,0,0.0,0.0,0.0,0.0,0,1,0,0.0,0.0,0.0,0.0,0,1,0,0.0,0.0,0.0,0.0,0,0,0,0.0,0.0,0.0,0,0,0,0.0,0.0,0.0
Visual Genome,2369615,25,9,17,0,13,313,26,313,339,170,0,0,26,0.0151220070000022,0.0179472910000413,0.0,0.0179472910000413,0.0184393849999651,0.0335618270000281,Optimal,0,none,10.386930720482404,0,40,100.0,100.0,100.0,2.0,7,6,2,0.5384615384615384,0.7777777777777778,0.6363636363636364,0.7874401110891681,7,6,2,0.5384615384615384,0.7777777777777778,0.6363636363636364,0.7874401110891681,7,6,2,0.5384615384615384,0.7777777777777778,0.6363636363636364,0.7874401110891681,0,0,0,0.0,0.0,0.0,0,0,0,0.0,0.0,0.0
Visual Genome,2370016,32,1,14,0,5,40,10,40,50,26,0,0,10,0.0146211079999716,0.0083328549999919,0.0,0.0083328549999919,0.0085257929999897,0.0231473059999984,Optimal,0,none,4.067109812239957,0,16,100.0,100.0,100.0,2.0,0,5,1,0.0,0.0,0.0,0.7943040579683818,0,5,1,0.0,0.0,0.0,0.7943040579683818,0,5,1,0.0,0.0,0.0,0.7943040579683818,0,0,0,0.0,0.0,0.0,0,0,0,0.0,0.0,0.0
Visual Genome,2370071,58,0,40,0,1,0,2,0,2,1,0,0,2,0.014328660999979,0.0065114040000366,0.0,0.0065114040000366,0.00658243700002,0.0209115279999991,Optimal,0,none,0.6200937191645304,0,2,100.0,100.0,100.0,2.0,0,1,0,0.0,0.0,0.0,0.0,0,1,0,0.0,0.0,0.0,0.0,0,1,0,0.0,0.0,0.0,0.0,0,0,0,0.0,0.0,0.0,0,0,0,0.0,0.0,0.0
Visual Genome,2370681,26,0,16,0,5,43,10,43,53,26,0,0,10,0.0131522739999923,0.0099948939999876,0.0,0.0099948939999876,0.0101931820000231,0.0233459479999851,Optimal,0,none,4.309359520276389,0,16,100.0,100.0,100.0,2.0,0,5,0,0.0,0.0,0.0,0.0,0,5,0,0.0,0.0,0.0,0.0,0,5,0,0.0,0.0,0.0,0.0,0,0,0,0.0,0.0,0.0,0,0,0,0.0,0.0,0.0
Visual Genome,2370826,42,6,15,0,3,11,6,11,17,10,0,0,6,0.0130445549999649,0.0068763090000061,0.0,0.0068763090000061,0.0070061149999673,0.0200511269999879,Optimal,0,none,2.489775135252162,0,10,100.0,100.0,100.0,2.0,1,2,5,0.3333333333333333,0.1666666666666666,0.2222222222222222,0.8514258980387372,1,2,5,0.3333333333333333,0.1666666666666666,0.2222222222222222,0.8514258980387372,1,2,5,0.3333333333333333,0.1666666666666666,0.2222222222222222,0.8514258980387372,0,0,0,0.0,0.0,0.0,0,0,0,0.0,0.0,0.0
Visual Genome,2371479,8,0,18,0,2,5,4,5,9,5,0,0,4,0.0141734830000359,0.0065406349999648,0.0,0.0065406349999648,0.0066439249999916,0.0208178640000369,Optimal,0,none,1.511533610855454,0,5,100.0,100.0,100.0,2.0,0,2,0,0.0,0.0,0.0,0.0,0,2,0,0.0,0.0,0.0,0.0,0,2,0,0.0,0.0,0.0,0.0,0,0,0,0.0,0.0,0.0,0,0,0,0.0,0.0,0.0
Visual Genome,2371520,16,1,14,0,2,6,4,6,10,5,0,0,4,0.0131380280000144,0.0065357589999734,0.0,0.0065357589999734,0.0066351830000144,0.0197736430000077,Optimal,0,none,1.5521272691090906,0,5,100.0,100.0,100.0,2.0,1,1,0,0.5,1.0,0.6666666666666666,0.9722370321974269,1,1,0,0.5,1.0,0.6666666666666666,0.9722370321974269,1,1,0,0.5,1.0,0.6666666666666666,0.9722370321974269,0,0,0,0.0,0.0,0.0,0,0,0,0.0,0.0,0.0
Visual Genome,2371844,32,0,20,0,1,0,2,0,2,1,0,0,2,0.0149546939999822,0.0066539439999928,0.0,0.0066539439999928,0.0067258960000344,0.0216810520000194,Optimal,0,none,0.6153026501337687,0,2,100.0,100.0,100.0,2.0,0,1,0,0.0,0.0,0.0,0.0,0,1,0,0.0,0.0,0.0,0.0,0,1,0,0.0,0.0,0.0,0.0,0,0,0,0.0,0.0,0.0,0,0,0,0.0,0.0,0.0
Visual Genome,2372054,15,0,7,0,9,131,18,131,149,82,0,0,18,0.0139146909999681,0.0115052799999944,0.0,0.0115052799999944,0.0118284300000368,0.02574356599996,Optimal,0,none,6.933813493251803,0,28,100.0,100.0,100.0,2.0,0,9,0,0.0,0.0,0.0,0.0,0,9,0,0.0,0.0,0.0,0.0,0,9,0,0.0,0.0,0.0,0.0,0,0,0,0.0,0.0,0.0,0,0,0,0.0,0.0,0.0
Visual Genome,2372677,18,0,25,0,1,0,2,0,2,1,0,0,2,0.0127724800000237,0.0060872829999993,0.0,0.0060872829999993,0.0061654350000139,0.0189383599999928,Optimal,0,none,0.6191528956095378,0,2,100.0,100.0,100.0,2.0,0,1,0,0.0,0.0,0.0,0.0,0,1,0,0.0,0.0,0.0,0.0,0,1,0,0.0,0.0,0.0,0.0,0,0,0,0.0,0.0,0.0,0,0,0,0.0,0.0,0.0
Visual Genome,2373246,29,2,10,0,7,74,14,74,88,50,0,0,14,0.0142283330000054,0.0100079150000169,0.0,0.0100079150000169,0.0102607500000431,0.024489471000038,Optimal,0,none,6.141801326631531,0,22,100.0,100.0,100.0,2.0,2,5,0,0.2857142857142857,1.0,0.4444444444444445,0.96660606647905,2,5,0,0.2857142857142857,1.0,0.4444444444444445,0.96660606647905,2,5,0,0.2857142857142857,1.0,0.4444444444444445,0.96660606647905,0,0,0,0.0,0.0,0.0,0,0,0,0.0,0.0,0.0
Visual Genome,2373277,16,0,14,0,3,10,6,10,16,10,0,0,6,0.0131464789999995,0.0069604159999698,0.0,0.0069604159999698,0.007080564999967,0.0202275669999494,Optimal,0,none,2.518497653007508,0,10,100.0,100.0,100.0,2.0,0,3,0,0.0,0.0,0.0,0.0,0,3,0,0.0,0.0,0.0,0.0,0,3,0,0.0,0.0,0.0,0.0,0,0,0,0.0,0.0,0.0,0,0,0,0.0,0.0,0.0
Visual Genome,2373324,28,3,12,0,7,73,14,73,87,50,0,0,14,0.0142736820000095,0.0093311980000407,0.0,0.0093311980000407,0.0095595450000018,0.0238335970000207,Optimal,0,none,5.979893200355749,0,22,100.0,100.0,100.0,2.0,3,4,0,0.4285714285714285,1.0,0.6,0.9028823782124,3,4,0,0.4285714285714285,1.0,0.6,0.9028823782124,3,4,0,0.4285714285714285,1.0,0.6,0.9028823782124,0,0,0,0.0,0.0,0.0,0,0,0,0.0,0.0,0.0
Visual Genome,2373416,26,3,17,0,8,102,16,102,118,65,0,0,16,0.0165844109999966,0.0105242920000137,0.0,0.0105242920000137,0.010831368999959,0.0274162829999795,Optimal,0,none,6.916693251927696,0,25,100.0,100.0,100.0,2.0,1,7,2,0.125,0.3333333333333333,0.1818181818181818,0.7743484016201378,1,7,2,0.125,0.3333333333333333,0.1818181818181818,0.7743484016201378,1,7,2,0.125,0.3333333333333333,0.1818181818181818,0.7743484016201378,0,0,0,0.0,0.0,0.0,0,0,0,0.0,0.0,0.0
Visual Genome,2373675,33,1,19,0,0,0,0,0,0,0,0,0,1,0.0124131169999941,0.0049079019999567,0.0,0.0049079019999567,0.004945838000026,0.0173593369999593,Optimal,0,none,,0,1,100.0,0.0,0.0,0.0,0,0,1,0.0,0.0,0.0,0.0,0,0,1,0.0,0.0,0.0,0.0,0,0,1,0.0,0.0,0.0,0.0,0,0,0,0.0,0.0,0.0,0,0,0,0.0,0.0,0.0
Visual Genome,2374347,30,1,32,0,3,13,6,13,19,10,0,0,6,0.0143280579999895,0.0066911919999483,0.0,0.0066911919999483,0.0068156039999962,0.0211440960000004,Optimal,0,none,2.51635895729065,0,10,100.0,100.0,100.0,2.0,0,3,1,0.0,0.0,0.0,0.0,0,3,1,0.0,0.0,0.0,0.0,0,3,1,0.0,0.0,0.0,0.0,0,0,0,0.0,0.0,0.0,0,0,0,0.0,0.0,0.0
Visual Genome,2375149,18,1,23,0,4,26,8,26,34,17,0,0,8,0.0128586390000009,0.0079062810000323,0.0,0.0079062810000323,0.0080578769999988,0.0209169980000183,Optimal,0,none,3.812972962084292,0,13,100.0,100.0,100.0,2.0,1,3,0,0.25,1.0,0.4,0.9557630451098762,1,3,0,0.25,1.0,0.4,0.9557630451098762,1,3,0,0.25,1.0,0.4,0.9557630451098762,0,0,0,0.0,0.0,0.0,0,0,0,0.0,0.0,0.0
Visual Genome,2375342,30,0,34,0,13,273,26,273,299,170,0,0,26,0.0150840950000201,0.0165814090000253,0.0,0.0165814090000253,0.0170260350000148,0.0321105930000271,Optimal,0,none,11.023785773721304,0,40,100.0,100.0,100.0,2.0,0,13,0,0.0,0.0,0.0,0.0,0,13,0,0.0,0.0,0.0,0.0,0,13,0,0.0,0.0,0.0,0.0,0,0,0,0.0,0.0,0.0,0,0,0,0.0,0.0,0.0
Visual Genome,2375655,25,1,17,0,1,0,2,0,2,1,0,0,2,0.0125323890000004,0.0060821909999617,0.0,0.0060821909999617,0.0061461170000143,0.0186788969999724,Optimal,0,none,0.6020429293314615,0,2,100.0,100.0,100.0,2.0,1,0,0,1.0,1.0,1.0,0.8105545949681806,1,0,0,1.0,1.0,1.0,0.8105545949681806,1,0,0,1.0,1.0,1.0,0.8105545949681806,0,0,0,0.0,0.0,0.0,0,0,0,0.0,0.0,0.0
Visual Genome,2375995,6,2,16,0,4,24,8,24,32,17,0,0,8,0.0171033500000135,0.0076957750000019,0.0,0.0076957750000019,0.0078531730000008,0.0249570000000289,Optimal,0,none,3.2314864508310963,0,13,100.0,100.0,100.0,2.0,2,2,0,0.5,1.0,0.6666666666666666,0.8676748654298814,2,2,0,0.5,1.0,0.6666666666666666,0.8676748654298814,2,2,0,0.5,1.0,0.6666666666666666,0.8676748654298814,0,0,0,0.0,0.0,0.0,0,0,0,0.0,0.0,0.0
Visual Genome,2376311,28,2,20,0,4,17,8,17,25,17,0,0,8,0.0136093069999674,0.0079257110000412,0.0,0.0079257110000412,0.008069440999975,0.0216791959999795,Optimal,0,none,3.5896782700220755,0,13,100.0,100.0,100.0,2.0,2,2,0,0.5,1.0,0.6666666666666666,0.8921250120923783,2,2,0,0.5,1.0,0.6666666666666666,0.8921250120923783,2,2,0,0.5,1.0,0.6666666666666666,0.8921250120923783,0,0,0,0.0,0.0,0.0,0,0,0,0.0,0.0,0.0
Visual Genome,2376313,22,0,11,0,2,2,4,2,6,5,0,0,4,0.0142491720000066,0.0067395279999686,0.0,0.0067395279999686,0.0068493520000174,0.0210989799999765,Optimal,0,none,1.5211857446034749,0,5,100.0,100.0,100.0,2.0,0,2,0,0.0,0.0,0.0,0.0,0,2,0,0.0,0.0,0.0,0.0,0,2,0,0.0,0.0,0.0,0.0,0,0,0,0.0,0.0,0.0,0,0,0,0.0,0.0,0.0
Visual Genome,2376333,24,2,44,0,3,12,6,12,18,10,0,0,6,0.0128323659999978,0.007087953999985,0.0,0.007087953999985,0.0072274650000281,0.0200603079999837,Optimal,0,none,2.5628041958808905,0,10,100.0,100.0,100.0,2.0,2,1,0,0.6666666666666666,1.0,0.8,0.6420651687523234,2,1,0,0.6666666666666666,1.0,0.8,0.6420651687523234,2,1,0,0.6666666666666666,1.0,0.8,0.6420651687523234,0,0,0,0.0,0.0,0.0,0,0,0,0.0,0.0,0.0
Visual Genome,2376562,25,3,26,0,7,77,14,77,91,50,0,0,14,0.0144562710000286,0.0103266429999848,0.0,0.0103266429999848,0.0105791909999766,0.0250359870000238,Optimal,0,none,5.833025721837033,0,22,100.0,100.0,100.0,2.0,2,5,1,0.2857142857142857,0.6666666666666666,0.4,0.827644078393735,2,5,1,0.2857142857142857,0.6666666666666666,0.4,0.827644078393735,2,5,1,0.2857142857142857,0.6666666666666666,0.4,0.827644078393735,0,0,0,0.0,0.0,0.0,0,0,0,0.0,0.0,0.0
Visual Genome,2377208,28,1,25,0,3,11,6,11,17,10,0,0,6,0.0143434639999782,0.006681627999967,0.0,0.006681627999967,0.0068094129999849,0.0211532829999896,Optimal,0,none,2.5409275436401373,0,10,100.0,100.0,100.0,2.0,1,2,0,0.3333333333333333,1.0,0.5,0.6587808123042451,1,2,0,0.3333333333333333,1.0,0.5,0.6587808123042451,1,2,0,0.3333333333333333,1.0,0.5,0.6587808123042451,0,0,0,0.0,0.0,0.0,0,0,0,0.0,0.0,0.0
Visual Genome,2377681,24,1,21,0,8,109,16,109,125,65,0,0,16,0.0148837209999896,0.010743385000012,0.0,0.010743385000012,0.0110056010000221,0.0258897759999854,Optimal,0,none,6.891861604060166,0,25,100.0,100.0,100.0,2.0,0,8,1,0.0,0.0,0.0,0.0,0,8,1,0.0,0.0,0.0,0.0,0,8,1,0.0,0.0,0.0,0.0,0,0,0,0.0,0.0,0.0,0,0,0,0.0,0.0,0.0
Visual Genome,2378406,44,6,37,0,6,34,12,34,46,37,0,0,12,0.0142901159999837,0.0083445010000104,0.0,0.0083445010000104,0.0085437839999826,0.0228343310000127,Optimal,0,none,4.241435096263886,0,19,100.0,100.0,100.0,2.0,3,3,3,0.5,0.5,0.5,0.8166123155257042,3,3,3,0.5,0.5,0.5,0.8166123155257042,3,3,3,0.5,0.5,0.5,0.8166123155257042,0,0,0,0.0,0.0,0.0,0,0,0,0.0,0.0,0.0
Visual Genome,2379084,18,0,28,0,3,12,6,12,18,10,0,0,6,0.0140282490000345,0.0072189719999755,0.0,0.0072189719999755,0.0073722049999673,0.0214009910000072,Optimal,0,none,2.5618163204193123,0,10,100.0,100.0,100.0,2.0,0,3,0,0.0,0.0,0.0,0.0,0,3,0,0.0,0.0,0.0,0.0,0,3,0,0.0,0.0,0.0,0.0,0,0,0,0.0,0.0,0.0,0,0,0,0.0,0.0,0.0
Visual Genome,2379285,20,0,7,0,4,18,8,18,26,17,0,0,8,0.01420004900001,0.0078376999999818,0.0,0.0078376999999818,0.0079921180000042,0.0221925000000169,Optimal,0,none,3.670406014124554,0,13,100.0,100.0,100.0,2.0,0,4,0,0.0,0.0,0.0,0.0,0,4,0,0.0,0.0,0.0,0.0,0,4,0,0.0,0.0,0.0,0.0,0,0,0,0.0,0.0,0.0,0,0,0,0.0,0.0,0.0
Visual Genome,2379457,18,2,15,1,1,0,2,0,2,1,0,0,2,0.0133211250000044,0.006734463999976,0.0,0.006734463999976,0.0068060530000479,0.0201275499999837,Optimal,0,none,0.6069845596949259,0,2,100.0,100.0,100.0,2.0,1,0,1,1.0,0.5,0.6666666666666666,0.964424829793564,1,0,1,1.0,0.5,0.6666666666666666,0.964424829793564,1,0,1,1.0,0.5,0.6666666666666666,0.964424829793564,0,0,1,0.0,0.0,0.0,0,0,1,0.0,0.0,0.0
Visual Genome,2379567,26,1,21,0,4,16,8,16,24,17,0,0,8,0.0143861280000123,0.007929592000039,0.0,0.007929592000039,0.008090224,0.0224768770000309,Optimal,0,none,3.4470169703165703,0,13,100.0,100.0,100.0,2.0,1,3,0,0.25,1.0,0.4,0.9819032603496384,1,3,0,0.25,1.0,0.4,0.9819032603496384,1,3,0,0.25,1.0,0.4,0.9819032603496384,0,0,0,0.0,0.0,0.0,0,0,0,0.0,0.0,0.0
Visual Genome,2379786,22,2,23,1,2,4,4,4,8,5,0,0,4,0.0147162009999988,0.0066050669999526,0.0,0.0066050669999526,0.006700741999964,0.0214173269999946,Optimal,0,none,1.5785281451543174,0,5,100.0,100.0,100.0,2.0,2,0,0,1.0,1.0,1.0,0.961842650606476,2,0,0,1.0,1.0,1.0,0.961842650606476,2,0,0,1.0,1.0,1.0,0.961842650606476,0,2,1,0.0,0.0,0.0,0,2,1,0.0,0.0,0.0
Visual Genome,2379993,19,0,20,0,5,36,10,36,46,26,0,0,10,0.0147634930000322,0.0080358989999922,0.0,0.0080358989999922,0.0082157829999687,0.0229797769999891,Optimal,0,none,4.259810038407645,0,16,100.0,100.0,100.0,2.0,0,5,0,0.0,0.0,0.0,0.0,0,5,0,0.0,0.0,0.0,0.0,0,5,0,0.0,0.0,0.0,0.0,0,0,0,0.0,0.0,0.0,0,0,0,0.0,0.0,0.0
Visual Genome,2380286,21,1,25,0,3,10,6,10,16,10,0,0,6,0.0129214570000044,0.0080256929999791,0.0,0.0080256929999791,0.0081519139999954,0.0210738399999854,Optimal,0,none,2.67391161441803,0,10,100.0,100.0,100.0,2.0,1,2,0,0.3333333333333333,1.0,0.5,0.7216540727958111,1,2,0,0.3333333333333333,1.0,0.5,0.7216540727958111,1,2,0,0.3333333333333333,1.0,0.5,0.7216540727958111,0,0,0,0.0,0.0,0.0,0,0,0,0.0,0.0,0.0
Visual Genome,2380294,28,5,44,0,10,162,20,162,182,101,0,0,20,0.0143693530000064,0.0127161300000011,0.0,0.0127161300000011,0.0131211739999912,0.0274910300000215,Optimal,0,none,8.070404768516756,0,31,100.0,100.0,100.0,2.0,5,5,0,0.5,1.0,0.6666666666666666,0.8381764773874426,5,5,0,0.5,1.0,0.6666666666666666,0.8381764773874426,5,5,0,0.5,1.0,0.6666666666666666,0.8381764773874426,0,0,0,0.0,0.0,0.0,0,0,0,0.0,0.0,0.0
Visual Genome,2380388,21,0,20,0,6,66,12,66,78,37,0,0,12,0.0148325110000087,0.0091446180000502,0.0,0.0091446180000502,0.0093747650000182,0.0242078320000018,Optimal,0,none,4.699310761813714,0,19,100.0,100.0,100.0,2.0,0,6,0,0.0,0.0,0.0,0.0,0,6,0,0.0,0.0,0.0,0.0,0,6,0,0.0,0.0,0.0,0.0,0,0,0,0.0,0.0,0.0,0,0,0,0.0,0.0,0.0
Visual Genome,2380673,22,0,5,0,0,0,0,0,0,0,0,0,1,0.0127786150000019,0.0051024240000288,0.0,0.0051024240000288,0.0051413269999898,0.0179202850000024,Optimal,0,none,,0,1,100.0,0.0,0.0,0.0,0,0,0,0.0,0.0,0.0,0.0,0,0,0,0.0,0.0,0.0,0.0,0,0,0,0.0,0.0,0.0,0.0,0,0,0,0.0,0.0,0.0,0,0,0,0.0,0.0,0.0
Visual Genome,2380711,17,1,26,0,2,4,4,4,8,5,0,0,4,0.013545573999977,0.0066683699999998,0.0,0.0066683699999998,0.0067721819999633,0.0203182139999853,Optimal,0,none,1.4079134376843774,0,5,100.0,100.0,100.0,2.0,1,1,0,0.5,1.0,0.6666666666666666,0.9592121428860978,1,1,0,0.5,1.0,0.6666666666666666,0.9592121428860978,1,1,0,0.5,1.0,0.6666666666666666,0.9592121428860978,0,0,0,0.0,0.0,0.0,0,0,0,0.0,0.0,0.0
Visual Genome,2380719,27,6,19,0,11,207,22,207,229,122,0,0,22,0.0147682470000063,0.014313406000042,0.0,0.014313406000042,0.0146926250000092,0.0294612960000222,Optimal,0,none,9.36569820171251,0,34,100.0,100.0,100.0,2.0,4,7,2,0.3636363636363636,0.6666666666666666,0.4705882352941177,0.7910234209233572,4,7,2,0.3636363636363636,0.6666666666666666,0.4705882352941177,0.7910234209233572,4,7,2,0.3636363636363636,0.6666666666666666,0.4705882352941177,0.7910234209233572,0,0,0,0.0,0.0,0.0,0,0,0,0.0,0.0,0.0
Visual Genome,2380732,32,5,39,3,9,127,18,127,145,82,0,0,18,0.0151127139999971,0.0116608359999759,0.0,0.0116608359999759,0.0119521180000106,0.0270657059999734,Optimal,0,none,7.780353612206532,0,28,100.0,100.0,100.0,2.0,3,6,2,0.3333333333333333,0.6,0.4285714285714285,0.8815305159523931,3,6,2,0.3333333333333333,0.6,0.4285714285714285,0.8815305159523931,3,6,2,0.3333333333333333,0.6,0.4285714285714285,0.8815305159523931,0,0,3,0.0,0.0,0.0,0,0,3,0.0,0.0,0.0
Visual Genome,2380910,17,1,26,0,3,11,6,11,17,10,0,0,6,0.0138670100000126,0.0070596250000107,0.0,0.0070596250000107,0.0071901409999668,0.0210576050000099,Optimal,0,none,2.3983079515878174,0,10,100.0,100.0,100.0,2.0,1,2,0,0.3333333333333333,1.0,0.5,0.9155847540428212,1,2,0,0.3333333333333333,1.0,0.5,0.9155847540428212,1,2,0,0.3333333333333333,1.0,0.5,0.9155847540428212,0,0,0,0.0,0.0,0.0,0,0,0,0.0,0.0,0.0
Visual Genome,2381146,24,1,34,0,4,23,8,23,31,17,0,0,8,0.014286324000011,0.0076772940000182,0.0,0.0076772940000182,0.0078324859999838,0.0221194599999989,Optimal,0,none,3.453788248527146,0,13,100.0,100.0,100.0,2.0,1,3,0,0.25,1.0,0.4,0.94221015579727,1,3,0,0.25,1.0,0.4,0.94221015579727,1,3,0,0.25,1.0,0.4,0.94221015579727,0,0,0,0.0,0.0,0.0,0,0,0,0.0,0.0,0.0
Visual Genome,2381575,10,0,27,0,1,0,2,0,2,1,0,0,2,0.0131671500000152,0.0063005449999877,0.0,0.0063005449999877,0.0063927699999908,0.0195603800000299,Optimal,0,none,0.5924026886622111,0,2,100.0,100.0,100.0,2.0,0,1,0,0.0,0.0,0.0,0.0,0,1,0,0.0,0.0,0.0,0.0,0,1,0,0.0,0.0,0.0,0.0,0,0,0,0.0,0.0,0.0,0,0,0,0.0,0.0,0.0
Visual Genome,2381641,13,4,21,0,13,277,26,277,303,170,0,0,26,0.0146725000000174,0.0186489759999517,0.0,0.0186489759999517,0.0191134140000031,0.0337864460000219,Optimal,0,none,10.680733380244916,0,40,100.0,100.0,100.0,2.0,3,10,1,0.2307692307692307,0.75,0.3529411764705882,0.7687616785956773,3,10,1,0.2307692307692307,0.75,0.3529411764705882,0.7687616785956773,3,10,1,0.2307692307692307,0.75,0.3529411764705882,0.7687616785956773,0,0,0,0.0,0.0,0.0,0,0,0,0.0,0.0,0.0
Visual Genome,2382289,16,0,28,0,2,2,4,2,6,5,0,0,4,0.0143132400000354,0.0070250990000317,0.0,0.0070250990000317,0.0071642689999862,0.0214780630000177,Optimal,0,none,1.378852883179983,0,5,100.0,100.0,100.0,2.0,0,2,0,0.0,0.0,0.0,0.0,0,2,0,0.0,0.0,0.0,0.0,0,2,0,0.0,0.0,0.0,0.0,0,0,0,0.0,0.0,0.0,0,0,0,0.0,0.0,0.0
Visual Genome,2382368,24,2,6,0,6,52,12,52,64,37,0,0,12,0.0143839169999751,0.0087843720000364,0.0,0.0087843720000364,0.0090234630000054,0.0234082719999833,Optimal,0,none,4.961906766891481,0,19,100.0,100.0,100.0,2.0,1,5,1,0.1666666666666666,0.5,0.25,0.5900527047356758,1,5,1,0.1666666666666666,0.5,0.25,0.5900527047356758,1,5,1,0.1666666666666666,0.5,0.25,0.5900527047356758,0,0,0,0.0,0.0,0.0,0,0,0,0.0,0.0,0.0
Visual Genome,2382609,23,2,36,0,13,283,26,283,309,170,0,0,26,0.0149290640000003,0.0172829560000309,0.0,0.0172829560000309,0.0177322520000302,0.032661781999991,Optimal,0,none,10.90836806493476,0,40,100.0,100.0,100.0,2.0,1,12,1,0.0769230769230769,0.5,0.1333333333333333,0.9362432005506064,1,12,1,0.0769230769230769,0.5,0.1333333333333333,0.9362432005506064,1,12,1,0.0769230769230769,0.5,0.1333333333333333,0.9362432005506064,0,0,0,0.0,0.0,0.0,0,0,0,0.0,0.0,0.0
Visual Genome,2382779,23,1,32,0,1,0,2,0,2,1,0,0,2,0.0145821439999735,0.0063778029999639,0.0,0.0063778029999639,0.0064498909999883,0.0210326870000017,Optimal,0,none,0.621933929125468,0,2,100.0,100.0,100.0,2.0,1,0,0,1.0,1.0,1.0,0.9366134492685652,1,0,0,1.0,1.0,1.0,0.9366134492685652,1,0,0,1.0,1.0,1.0,0.9366134492685652,0,0,0,0.0,0.0,0.0,0,0,0,0.0,0.0,0.0
Visual Genome,2382880,22,2,34,1,2,2,4,2,6,5,0,0,4,0.0141320230000019,0.0064825629999631,0.0,0.0064825629999631,0.0065955320000057,0.0207280410000407,Optimal,0,none,1.5364444382985432,0,5,100.0,100.0,100.0,2.0,2,0,0,1.0,1.0,1.0,0.9644299972906968,2,0,0,1.0,1.0,1.0,0.9644299972906968,2,0,0,1.0,1.0,1.0,0.9644299972906968,0,2,1,0.0,0.0,0.0,0,2,1,0.0,0.0,0.0
Visual Genome,2383143,46,3,17,1,2,2,4,2,6,5,0,0,4,0.0147063430000002,0.0064417199999979,0.0,0.0064417199999979,0.0065392440000096,0.021246111000039,Optimal,0,none,1.2676314123471577,0,5,100.0,100.0,100.0,2.0,1,1,2,0.5,0.3333333333333333,0.4,0.8967788408006196,1,1,2,0.5,0.3333333333333333,0.4,0.8967788408006196,1,1,2,0.5,0.3333333333333333,0.4,0.8967788408006196,0,0,1,0.0,0.0,0.0,0,0,1,0.0,0.0,0.0
Visual Genome,2383321,16,1,8,0,4,26,8,26,34,17,0,0,8,0.0150883279999902,0.0079245960000093,0.0,0.0079245960000093,0.0080857419999915,0.0231746439999938,Optimal,0,none,3.5203962794939687,0,13,100.0,100.0,100.0,2.0,1,3,0,0.25,1.0,0.4,0.9453517630809188,1,3,0,0.25,1.0,0.4,0.9453517630809188,1,3,0,0.25,1.0,0.4,0.9453517630809188,0,0,0,0.0,0.0,0.0,0,0,0,0.0,0.0,0.0
Visual Genome,2383979,18,2,12,0,4,22,8,22,30,17,0,0,8,0.0153491289999578,0.0073244499999987,0.0,0.0073244499999987,0.0074716469999884,0.0228211859999873,Optimal,0,none,3.2284246293703727,0,13,100.0,100.0,100.0,2.0,1,3,1,0.25,0.5,0.3333333333333333,0.5570951727689705,1,3,1,0.25,0.5,0.3333333333333333,0.5570951727689705,1,3,1,0.25,0.5,0.3333333333333333,0.5570951727689705,0,0,0,0.0,0.0,0.0,0,0,0,0.0,0.0,0.0
Visual Genome,2383998,26,0,31,0,2,2,4,2,6,5,0,0,4,0.0128472619999797,0.0067591440000001,0.0,0.0067591440000001,0.0068710549999764,0.0197188010000104,Optimal,0,none,1.525738433202108,0,5,100.0,100.0,100.0,2.0,0,2,0,0.0,0.0,0.0,0.0,0,2,0,0.0,0.0,0.0,0.0,0,2,0,0.0,0.0,0.0,0.0,0,0,0,0.0,0.0,0.0,0,0,0,0.0,0.0,0.0
Visual Genome,2384583,18,0,12,0,1,0,2,0,2,1,0,0,2,0.0134860210000056,0.0068677859999866,0.0,0.0068677859999866,0.0069332970000459,0.0204197190000172,Optimal,0,none,0.6069163719813029,0,2,100.0,100.0,100.0,2.0,0,1,0,0.0,0.0,0.0,0.0,0,1,0,0.0,0.0,0.0,0.0,0,1,0,0.0,0.0,0.0,0.0,0,0,0,0.0,0.0,0.0,0,0,0,0.0,0.0,0.0
Visual Genome,2384873,21,2,29,0,3,12,6,12,18,10,0,0,6,0.0134862180000254,0.0069956710000269,0.0,0.0069956710000269,0.0071266560000253,0.0206132940000429,Optimal,0,none,2.293894689431352,0,10,100.0,100.0,100.0,2.0,0,3,2,0.0,0.0,0.0,0.6239795399151861,0,3,2,0.0,0.0,0.0,0.6239795399151861,0,3,2,0.0,0.0,0.0,0.6239795399151861,0,0,0,0.0,0.0,0.0,0,0,0,0.0,0.0,0.0
Visual Genome,2384897,18,0,22,0,4,24,8,24,32,17,0,0,8,0.0140439059999835,0.0077162759999964,0.0,0.0077162759999964,0.0078827749999845,0.0219271810000236,Optimal,0,none,3.808010106481235,0,13,100.0,100.0,100.0,2.0,0,4,0,0.0,0.0,0.0,0.0,0,4,0,0.0,0.0,0.0,0.0,0,4,0,0.0,0.0,0.0,0.0,0,0,0,0.0,0.0,0.0,0,0,0,0.0,0.0,0.0
Visual Genome,2385235,25,0,33,0,0,0,0,0,0,0,0,0,1,0.0122679570000059,0.0051343160000101,0.0,0.0051343160000101,0.0051716769999643,0.0174399549999861,Optimal,0,none,,0,1,100.0,0.0,0.0,0.0,0,0,0,0.0,0.0,0.0,0.0,0,0,0,0.0,0.0,0.0,0.0,0,0,0,0.0,0.0,0.0,0.0,0,0,0,0.0,0.0,0.0,0,0,0,0.0,0.0,0.0
Visual Genome,2385443,5,0,12,0,3,12,6,12,18,10,0,0,6,0.0145114640000088,0.0072408000000336,0.0,0.0072408000000336,0.0073920319999842,0.0219039809999799,Optimal,0,none,2.750568981170655,0,10,100.0,100.0,100.0,2.0,0,3,0,0.0,0.0,0.0,0.0,0,3,0,0.0,0.0,0.0,0.0,0,3,0,0.0,0.0,0.0,0.0,0,0,0,0.0,0.0,0.0,0,0,0,0.0,0.0,0.0
Visual Genome,2386236,9,0,26,0,3,8,6,8,14,10,0,0,6,0.01377835400001,0.0071331089999944,0.0,0.0071331089999944,0.0072709460000055,0.0210498370000209,Optimal,0,none,2.203212458743578,0,10,100.0,100.0,100.0,2.0,0,3,0,0.0,0.0,0.0,0.0,0,3,0,0.0,0.0,0.0,0.0,0,3,0,0.0,0.0,0.0,0.0,0,0,0,0.0,0.0,0.0,0,0,0,0.0,0.0,0.0
Visual Genome,2386409,21,0,18,0,1,0,2,0,2,1,0,0,2,0.0142730160000041,0.0062645390000284,0.0,0.0062645390000284,0.006331595000006,0.0206049939999957,Optimal,0,none,0.621640960375468,0,2,100.0,100.0,100.0,2.0,0,1,0,0.0,0.0,0.0,0.0,0,1,0,0.0,0.0,0.0,0.0,0,1,0,0.0,0.0,0.0,0.0,0,0,0,0.0,0.0,0.0,0,0,0,0.0,0.0,0.0
Visual Genome,2386658,24,0,18,0,1,0,2,0,2,1,0,0,2,0.01259856300004,0.0066475969999828,0.0,0.0066475969999828,0.0067154280000067,0.0193144510000138,Optimal,0,none,0.6265020291010539,0,2,100.0,100.0,100.0,2.0,0,1,0,0.0,0.0,0.0,0.0,0,1,0,0.0,0.0,0.0,0.0,0,1,0,0.0,0.0,0.0,0.0,0,0,0,0.0,0.0,0.0,0,0,0,0.0,0.0,0.0
Visual Genome,2386697,22,0,37,0,1,0,2,0,2,1,0,0,2,0.0126263270000208,0.0062530260000244,0.0,0.0062530260000244,0.0063184329999899,0.0189451589999976,Optimal,0,none,0.6049474636713663,0,2,100.0,100.0,100.0,2.0,0,1,0,0.0,0.0,0.0,0.0,0,1,0,0.0,0.0,0.0,0.0,0,1,0,0.0,0.0,0.0,0.0,0,0,0,0.0,0.0,0.0,0,0,0,0.0,0.0,0.0
Visual Genome,2387359,44,0,38,0,8,110,16,110,126,65,0,0,16,0.0145243489999984,0.0113293899999575,0.0,0.0113293899999575,0.011651769000025,0.0261766599999759,Optimal,0,none,6.594341915448509,0,25,100.0,100.0,100.0,2.0,0,8,0,0.0,0.0,0.0,0.0,0,8,0,0.0,0.0,0.0,0.0,0,8,0,0.0,0.0,0.0,0.0,0,0,0,0.0,0.0,0.0,0,0,0,0.0,0.0,0.0
Visual Genome,2387380,30,0,36,0,1,0,2,0,2,1,0,0,2,0.0130702560000486,0.007853630999989,0.0,0.007853630999989,0.008106811999994,0.0211777960000176,Optimal,0,none,0.6316531340281168,0,2,100.0,100.0,100.0,2.0,0,1,0,0.0,0.0,0.0,0.0,0,1,0,0.0,0.0,0.0,0.0,0,1,0,0.0,0.0,0.0,0.0,0,0,0,0.0,0.0,0.0,0,0,0,0.0,0.0,0.0
Visual Genome,2387453,11,1,4,0,10,170,20,170,190,101,0,0,20,0.0146554060000312,0.0137530399999832,0.0,0.0137530399999832,0.0141075880000016,0.028763505000029,Optimal,0,none,8.792570515245602,0,31,100.0,100.0,100.0,2.0,1,9,0,0.1,1.0,0.1818181818181818,0.9271578025397303,1,9,0,0.1,1.0,0.1818181818181818,0.9271578025397303,1,9,0,0.1,1.0,0.1818181818181818,0.9271578025397303,0,0,0,0.0,0.0,0.0,0,0,0,0.0,0.0,0.0
Visual Genome,2387511,27,2,13,0,1,0,2,0,2,1,0,0,2,0.0131019909999849,0.007389991000025,0.0,0.007389991000025,0.0074797429999762,0.0205822820000207,Optimal,0,none,0.6414102474848429,0,2,100.0,100.0,100.0,2.0,1,0,1,1.0,0.5,0.6666666666666666,0.9480294866598884,1,0,1,1.0,0.5,0.6666666666666666,0.9480294866598884,1,0,1,1.0,0.5,0.6666666666666666,0.9480294866598884,0,0,0,0.0,0.0,0.0,0,0,0,0.0,0.0,0.0
Visual Genome,2388051,21,2,14,0,3,8,6,8,14,10,0,0,6,0.0141485430000329,0.0067207810000127,0.0,0.0067207810000127,0.0069026099999973,0.0210517280000317,Optimal,0,none,2.4113866223118774,0,10,100.0,100.0,100.0,2.0,2,1,0,0.6666666666666666,1.0,0.8,0.6772746660054639,2,1,0,0.6666666666666666,1.0,0.8,0.6772746660054639,2,1,0,0.6666666666666666,1.0,0.8,0.6772746660054639,0,0,0,0.0,0.0,0.0,0,0,0,0.0,0.0,0.0
Visual Genome,2388069,25,1,27,0,3,10,6,10,16,10,0,0,6,0.012440300000037,0.0068750710000244,0.0,0.0068750710000244,0.0070133760000317,0.019454177,Optimal,0,none,2.4880364966392525,0,10,100.0,100.0,100.0,2.0,0,3,1,0.0,0.0,0.0,0.0,0,3,1,0.0,0.0,0.0,0.0,0,3,1,0.0,0.0,0.0,0.0,0,0,0,0.0,0.0,0.0,0,0,0,0.0,0.0,0.0
Visual Genome,2388190,11,2,9,0,5,38,10,38,48,26,0,0,10,0.0157330540000089,0.0080900599999722,0.0,0.0080900599999722,0.0082897070000171,0.0240232529999957,Optimal,0,none,4.101579666932425,0,16,100.0,100.0,100.0,2.0,1,4,1,0.2,0.5,0.2857142857142857,0.9104290135329718,1,4,1,0.2,0.5,0.2857142857142857,0.9104290135329718,1,4,1,0.2,0.5,0.2857142857142857,0.9104290135329718,0,0,0,0.0,0.0,0.0,0,0,0,0.0,0.0,0.0
Visual Genome,2388367,19,1,11,0,5,43,10,43,53,26,0,0,10,0.0152655950000166,0.0088707219999832,0.0,0.0088707219999832,0.0090715489999979,0.0243375910000054,Optimal,0,none,4.118728143534977,0,16,100.0,100.0,100.0,2.0,1,4,0,0.2,1.0,0.3333333333333333,0.8776213506291872,1,4,0,0.2,1.0,0.3333333333333333,0.8776213506291872,1,4,0,0.2,1.0,0.3333333333333333,0.8776213506291872,0,0,0,0.0,0.0,0.0,0,0,0,0.0,0.0,0.0
Visual Genome,2388946,18,2,13,0,4,21,8,21,29,17,0,0,8,0.0137479310000117,0.0073190839999597,0.0,0.0073190839999597,0.0074742300000139,0.0212225820000071,Optimal,0,none,3.33158811012904,0,13,100.0,100.0,100.0,2.0,2,2,0,0.5,1.0,0.6666666666666666,0.6703326216018306,2,2,0,0.5,1.0,0.6666666666666666,0.6703326216018306,2,2,0,0.5,1.0,0.6666666666666666,0.6703326216018306,0,0,0,0.0,0.0,0.0,0,0,0,0.0,0.0,0.0
Visual Genome,2389025,2,0,1,0,30,1671,60,1671,1731,901,0,0,60,0.0229812279999919,0.0704214639999918,0.0,0.0704214639999918,0.0721760140000356,0.0951578539999786,Optimal,0,none,24.15779378574524,0,91,100.0,100.0,100.0,2.0,0,30,0,0.0,0.0,0.0,0.0,0,30,0,0.0,0.0,0.0,0.0,0,30,0,0.0,0.0,0.0,0.0,0,0,0,0.0,0.0,0.0,0,0,0,0.0,0.0,0.0
Visual Genome,2389145,36,6,38,1,8,108,16,108,124,65,0,0,16,0.0155123089999733,0.0125558529999807,0.0,0.0125558529999807,0.0129261880000512,0.0284390900000062,Optimal,0,none,6.644140249093375,0,25,100.0,100.0,100.0,2.0,4,4,2,0.5,0.6666666666666666,0.5714285714285715,0.7307540873696319,4,4,2,0.5,0.6666666666666666,0.5714285714285715,0.7307540873696319,4,4,2,0.5,0.6666666666666666,0.5714285714285715,0.7307540873696319,0,1,1,0.0,0.0,0.0,0,2,1,0.0,0.0,0.0
Visual Genome,2389222,14,0,6,0,2,4,4,4,8,5,0,0,4,0.014311376999899,0.0067278679999844,0.0,0.0067278679999844,0.0068427290000272,0.0211545779999369,Optimal,0,none,1.5069041045506797,0,5,100.0,100.0,100.0,2.0,0,2,0,0.0,0.0,0.0,0.0,0,2,0,0.0,0.0,0.0,0.0,0,2,0,0.0,0.0,0.0,0.0,0,0,0,0.0,0.0,0.0,0,0,0,0.0,0.0,0.0
Visual Genome,2389596,21,0,26,0,2,6,4,6,10,5,0,0,4,0.0140915900000209,0.0066338929999574,0.0,0.0066338929999574,0.0067375950000041,0.0208296829999881,Optimal,0,none,1.568364408810934,0,5,100.0,100.0,100.0,2.0,0,2,0,0.0,0.0,0.0,0.0,0,2,0,0.0,0.0,0.0,0.0,0,2,0,0.0,0.0,0.0,0.0,0,0,0,0.0,0.0,0.0,0,0,0,0.0,0.0,0.0
Visual Genome,2390045,12,1,7,0,4,23,8,23,31,17,0,0,8,0.0141062879999935,0.0074550919999865,0.0,0.0074550919999865,0.0076040220000095,0.0217106979999925,Optimal,0,none,3.42941322485606,0,13,100.0,100.0,100.0,2.0,1,3,0,0.25,1.0,0.4,0.9443840321725908,1,3,0,0.25,1.0,0.4,0.9443840321725908,1,3,0,0.25,1.0,0.4,0.9443840321725908,0,0,0,0.0,0.0,0.0,0,0,0,0.0,0.0,0.0
Visual Genome,2390293,23,1,14,0,2,4,4,4,8,5,0,0,4,0.0149009020000221,0.0067086980000112,0.0,0.0067086980000112,0.0068100919999096,0.0217114770000534,Optimal,0,none,1.5290918620427454,0,5,100.0,100.0,100.0,2.0,1,1,0,0.5,1.0,0.6666666666666666,0.9538427338742848,1,1,0,0.5,1.0,0.6666666666666666,0.9538427338742848,1,1,0,0.5,1.0,0.6666666666666666,0.9538427338742848,0,0,0,0.0,0.0,0.0,0,0,0,0.0,0.0,0.0
Visual Genome,2390699,27,2,2,0,8,102,16,102,118,65,0,0,16,0.0129013419999637,0.0106854639999482,0.0,0.0106854639999482,0.0109579910000547,0.0238597999999683,Optimal,0,none,7.278147247246076,0,25,100.0,100.0,100.0,2.0,2,6,0,0.25,1.0,0.4,0.9170420031123248,2,6,0,0.25,1.0,0.4,0.9170420031123248,2,6,0,0.25,1.0,0.4,0.9170420031123248,0,0,0,0.0,0.0,0.0,0,0,0,0.0,0.0,0.0
Visual Genome,2391028,29,0,16,0,3,14,6,14,20,10,0,0,6,0.0138673449999942,0.0070011969999086,0.0,0.0070011969999086,0.007130798999924,0.0209985969999024,Optimal,0,none,2.417169711589814,0,10,100.0,100.0,100.0,2.0,0,3,0,0.0,0.0,0.0,0.0,0,3,0,0.0,0.0,0.0,0.0,0,3,0,0.0,0.0,0.0,0.0,0,0,0,0.0,0.0,0.0,0,0,0,0.0,0.0,0.0
Visual Genome,2391050,12,1,2,0,14,306,28,306,334,197,0,0,28,0.0157118250000394,0.0184006150000186,0.0,0.0184006150000186,0.0188953159999982,0.0346075730000166,Optimal,0,none,11.533840050951405,0,43,100.0,100.0,100.0,2.0,1,13,0,0.0714285714285714,1.0,0.1333333333333333,0.7493429973622909,1,13,0,0.0714285714285714,1.0,0.1333333333333333,0.7493429973622909,1,13,0,0.0714285714285714,1.0,0.1333333333333333,0.7493429973622909,0,0,0,0.0,0.0,0.0,0,0,0,0.0,0.0,0.0
Visual Genome,2392484,4,0,13,0,4,20,8,20,28,17,0,0,8,0.0129024100000378,0.0075195469999016,0.0,0.0075195469999016,0.0076675709999562,0.0205704370000603,Optimal,0,none,3.5964749112637744,0,13,100.0,100.0,100.0,2.0,0,4,0,0.0,0.0,0.0,0.0,0,4,0,0.0,0.0,0.0,0.0,0,4,0,0.0,0.0,0.0,0.0,0,0,0,0.0,0.0,0.0,0,0,0,0.0,0.0,0.0
Visual Genome,2392623,14,0,20,0,2,2,4,2,6,5,0,0,4,0.0122848369999246,0.0063271000000213,0.0,0.0063271000000213,0.0064215449999665,0.0187070539999467,Optimal,0,none,1.3860303290685017,0,5,100.0,100.0,100.0,2.0,0,2,0,0.0,0.0,0.0,0.0,0,2,0,0.0,0.0,0.0,0.0,0,2,0,0.0,0.0,0.0,0.0,0,0,0,0.0,0.0,0.0,0,0,0,0.0,0.0,0.0
Visual Genome,2393640,14,0,27,0,1,0,2,0,2,1,0,0,2,0.0136232810000365,0.0076652219999004,0.0,0.0076652219999004,0.0077463730000317,0.0213702940000075,Optimal,0,none,0.5941985766092936,0,2,100.0,100.0,100.0,2.0,0,1,0,0.0,0.0,0.0,0.0,0,1,0,0.0,0.0,0.0,0.0,0,1,0,0.0,0.0,0.0,0.0,0,0,0,0.0,0.0,0.0,0,0,0,0.0,0.0,0.0
Visual Genome,2393968,39,1,79,0,1,0,2,0,2,1,0,0,2,0.0147767360000443,0.0063688720000527,0.0,0.0063688720000527,0.0064375310000741,0.0212150530001054,Optimal,0,none,0.4512953917185465,0,2,100.0,100.0,100.0,2.0,0,1,1,0.0,0.0,0.0,0.0,0,1,1,0.0,0.0,0.0,0.0,0,1,1,0.0,0.0,0.0,0.0,0,0,0,0.0,0.0,0.0,0,0,0,0.0,0.0,0.0
Visual Genome,2394145,40,1,44,0,2,4,4,4,8,5,0,0,4,0.0133184030000848,0.0065793369999482,0.0,0.0065793369999482,0.0066752650000125,0.019994165000071,Optimal,0,none,1.4575288565953577,0,5,100.0,100.0,100.0,2.0,0,2,1,0.0,0.0,0.0,0.0,0,2,1,0.0,0.0,0.0,0.0,0,2,1,0.0,0.0,0.0,0.0,0,0,0,0.0,0.0,0.0,0,0,0,0.0,0.0,0.0
Visual Genome,2394523,16,0,28,0,1,0,2,0,2,1,0,0,2,0.0130591659999481,0.0062057559999857,0.0,0.0062057559999857,0.006284505999929,0.019344253999975,Optimal,0,none,0.6502946535746257,0,2,100.0,100.0,100.0,2.0,0,1,0,0.0,0.0,0.0,0.0,0,1,0,0.0,0.0,0.0,0.0,0,1,0,0.0,0.0,0.0,0.0,0,0,0,0.0,0.0,0.0,0,0,0,0.0,0.0,0.0
Visual Genome,2395092,29,3,48,0,8,100,16,100,116,65,0,0,16,0.0149770369999941,0.0107020430000375,0.0,0.0107020430000375,0.0109691159999556,0.0259466040000688,Optimal,0,none,6.918275621732079,0,25,100.0,100.0,100.0,2.0,2,6,1,0.25,0.6666666666666666,0.3636363636363636,0.7754447371587372,2,6,1,0.25,0.6666666666666666,0.3636363636363636,0.7754447371587372,2,6,1,0.25,0.6666666666666666,0.3636363636363636,0.7754447371587372,0,0,0,0.0,0.0,0.0,0,0,0,0.0,0.0,0.0
Visual Genome,2395198,10,0,20,0,0,0,0,0,0,0,0,0,1,0.0121869289999949,0.005164428999933,0.0,0.005164428999933,0.00520574199993,0.0173930739999832,Optimal,0,none,,0,1,100.0,0.0,0.0,0.0,0,0,0,0.0,0.0,0.0,0.0,0,0,0,0.0,0.0,0.0,0.0,0,0,0,0.0,0.0,0.0,0.0,0,0,0,0.0,0.0,0.0,0,0,0,0.0,0.0,0.0
Visual Genome,2395697,6,0,4,0,4,21,8,21,29,17,0,0,8,0.0142161489999352,0.0076377169999659,0.0,0.0076377169999659,0.0077843510000548,0.022000896999998,Optimal,0,none,3.6482866921911934,0,13,100.0,100.0,100.0,2.0,0,4,0,0.0,0.0,0.0,0.0,0,4,0,0.0,0.0,0.0,0.0,0,4,0,0.0,0.0,0.0,0.0,0,0,0,0.0,0.0,0.0,0,0,0,0.0,0.0,0.0
Visual Genome,2395770,16,0,8,0,2,4,4,4,8,5,0,0,4,0.0145758479999358,0.00692702799995,0.0,0.00692702799995,0.0070278970000572,0.0216041579999455,Optimal,0,none,1.370866456826528,0,5,100.0,100.0,100.0,2.0,0,2,0,0.0,0.0,0.0,0.0,0,2,0,0.0,0.0,0.0,0.0,0,2,0,0.0,0.0,0.0,0.0,0,0,0,0.0,0.0,0.0,0,0,0,0.0,0.0,0.0
Visual Genome,2395864,23,0,15,0,3,10,6,10,16,10,0,0,6,0.0136043530000051,0.0069934580000108,0.0,0.0069934580000108,0.007119528999965,0.0207243940000125,Optimal,0,none,2.708591074943543,0,10,100.0,100.0,100.0,2.0,0,3,0,0.0,0.0,0.0,0.0,0,3,0,0.0,0.0,0.0,0.0,0,3,0,0.0,0.0,0.0,0.0,0,0,0,0.0,0.0,0.0,0,0,0,0.0,0.0,0.0
Visual Genome,2396008,21,0,21,0,3,10,6,10,16,10,0,0,6,0.0157117500000367,0.0076374050000822,0.0,0.0076374050000822,0.0077816159999883,0.0234938280000278,Optimal,0,none,2.278009399491381,0,10,100.0,100.0,100.0,2.0,0,3,0,0.0,0.0,0.0,0.0,0,3,0,0.0,0.0,0.0,0.0,0,3,0,0.0,0.0,0.0,0.0,0,0,0,0.0,0.0,0.0,0,0,0,0.0,0.0,0.0
Visual Genome,2396300,49,2,59,1,2,4,4,4,8,5,0,0,4,0.0140050989999735,0.0071060090000401,0.0,0.0071060090000401,0.0072060549999832,0.021211624999978,Optimal,0,none,1.3467780621846517,0,5,100.0,100.0,100.0,2.0,1,1,1,0.5,0.5,0.5,0.9101042150971752,1,1,1,0.5,0.5,0.5,0.9101042150971752,1,1,1,0.5,0.5,0.5,0.9101042150971752,0,0,1,0.0,0.0,0.0,0,0,1,0.0,0.0,0.0
Visual Genome,2396794,12,0,17,0,0,0,0,0,0,0,0,0,1,0.0112913670000125,0.0051323700000693,0.0,0.0051323700000693,0.0052057159999776,0.0164975060000642,Optimal,0,none,,0,1,100.0,0.0,0.0,0.0,0,0,0,0.0,0.0,0.0,0.0,0,0,0,0.0,0.0,0.0,0.0,0,0,0,0.0,0.0,0.0,0.0,0,0,0,0.0,0.0,0.0,0,0,0,0.0,0.0,0.0
Visual Genome,2397054,31,0,58,0,11,204,22,204,226,122,0,0,22,0.0158192620000363,0.0140480260000686,0.0,0.0140480260000686,0.0144247130000394,0.0302444400000467,Optimal,0,none,9.240498074039678,0,34,100.0,100.0,100.0,2.0,0,11,0,0.0,0.0,0.0,0.0,0,11,0,0.0,0.0,0.0,0.0,0,11,0,0.0,0.0,0.0,0.0,0,0,0,0.0,0.0,0.0,0,0,0,0.0,0.0,0.0
Visual Genome,2397354,5,2,1,0,2,2,4,2,6,5,0,0,4,0.0138585889999376,0.0064976370000522,0.0,0.0064976370000522,0.006591104999984,0.0204501739999614,Optimal,0,none,1.4537658103307087,0,5,100.0,100.0,100.0,2.0,1,1,1,0.5,0.5,0.5,0.875618698865749,1,1,1,0.5,0.5,0.5,0.875618698865749,1,1,1,0.5,0.5,0.5,0.875618698865749,0,0,0,0.0,0.0,0.0,0,0,0,0.0,0.0,0.0
Visual Genome,2397355,26,1,34,0,2,4,4,4,8,5,0,0,4,0.013635043000022,0.0063778779999665,0.0,0.0063778779999665,0.0064790750000156,0.0201145349999478,Optimal,0,none,1.4436279328664146,0,5,100.0,100.0,100.0,2.0,0,2,1,0.0,0.0,0.0,0.0,0,2,1,0.0,0.0,0.0,0.0,0,2,1,0.0,0.0,0.0,0.0,0,0,0,0.0,0.0,0.0,0,0,0,0.0,0.0,0.0
Visual Genome,2397722,20,0,14,0,2,4,4,4,8,5,0,0,4,0.0127796660000285,0.0064000639999903,0.0,0.0064000639999903,0.0064950040000439,0.0192752359999985,Optimal,0,none,1.4130027087529502,0,5,100.0,100.0,100.0,2.0,0,2,0,0.0,0.0,0.0,0.0,0,2,0,0.0,0.0,0.0,0.0,0,2,0,0.0,0.0,0.0,0.0,0,0,0,0.0,0.0,0.0,0,0,0,0.0,0.0,0.0
Visual Genome,2397905,27,2,24,0,7,73,14,73,87,50,0,0,14,0.0146790740000142,0.0099012469999024,0.0,0.0099012469999024,0.0101321570000436,0.0248117380000394,Optimal,0,none,5.3801194016138725,0,22,100.0,100.0,100.0,2.0,1,6,1,0.1428571428571428,0.5,0.2222222222222222,0.7842495849588886,1,6,1,0.1428571428571428,0.5,0.2222222222222222,0.7842495849588886,1,6,1,0.1428571428571428,0.5,0.2222222222222222,0.7842495849588886,0,0,0,0.0,0.0,0.0,0,0,0,0.0,0.0,0.0
Visual Genome,2398185,19,0,20,0,1,0,2,0,2,1,0,0,2,0.011792526000022,0.0059547219999558,0.0,0.0059547219999558,0.0060202830001117,0.0178132409999989,Optimal,0,none,0.5982215801874797,0,2,100.0,100.0,100.0,2.0,0,1,0,0.0,0.0,0.0,0.0,0,1,0,0.0,0.0,0.0,0.0,0,1,0,0.0,0.0,0.0,0.0,0,0,0,0.0,0.0,0.0,0,0,0,0.0,0.0,0.0
Visual Genome,2398459,23,0,37,0,2,2,4,2,6,5,0,0,4,0.0136960450000742,0.0067956159999766,0.0,0.0067956159999766,0.0068954519999806,0.0205921120000311,Optimal,0,none,1.493108738263448,0,5,100.0,100.0,100.0,2.0,0,2,0,0.0,0.0,0.0,0.0,0,2,0,0.0,0.0,0.0,0.0,0,2,0,0.0,0.0,0.0,0.0,0,0,0,0.0,0.0,0.0,0,0,0,0.0,0.0,0.0
Visual Genome,2398695,17,1,41,1,1,0,2,0,2,1,0,0,2,0.0163901509999959,0.0070458960000223,0.0,0.0070458960000223,0.0071129420000488,0.0235035749999497,Optimal,0,none,0.5396812121073404,0,2,100.0,100.0,100.0,2.0,1,0,0,1.0,1.0,1.0,0.7770374389683273,1,0,0,1.0,1.0,1.0,0.7770374389683273,1,0,0,1.0,1.0,1.0,0.7770374389683273,0,0,1,0.0,0.0,0.0,0,0,1,0.0,0.0,0.0
Visual Genome,2398805,15,0,23,0,8,102,16,102,118,65,0,0,16,0.0149766010000575,0.0102195900000197,0.0,0.0102195900000197,0.0105262920000086,0.025503360000016,Optimal,0,none,7.061337226231895,0,25,100.0,100.0,100.0,2.0,0,8,0,0.0,0.0,0.0,0.0,0,8,0,0.0,0.0,0.0,0.0,0,8,0,0.0,0.0,0.0,0.0,0,0,0,0.0,0.0,0.0,0,0,0,0.0,0.0,0.0
Visual Genome,2399024,26,1,17,0,22,831,44,831,875,485,0,0,44,0.0164372840000623,0.0401610669999854,0.0,0.0401610669999854,0.0411382820000199,0.0575762590000294,Optimal,0,none,18.27439448394796,0,67,100.0,100.0,100.0,2.0,1,21,0,0.0454545454545454,1.0,0.0869565217391304,0.8973843619759786,1,21,0,0.0454545454545454,1.0,0.0869565217391304,0.8973843619759786,1,21,0,0.0454545454545454,1.0,0.0869565217391304,0.8973843619759786,0,0,0,0.0,0.0,0.0,0,0,0,0.0,0.0,0.0
Visual Genome,2399108,20,0,7,0,1,0,2,0,2,1,0,0,2,0.0140377059999536,0.0064152459999604,0.0,0.0064152459999604,0.0064869279999584,0.0205252199999677,Optimal,0,none,0.6203032414118449,0,2,100.0,100.0,100.0,2.0,0,1,0,0.0,0.0,0.0,0.0,0,1,0,0.0,0.0,0.0,0.0,0,1,0,0.0,0.0,0.0,0.0,0,0,0,0.0,0.0,0.0,0,0,0,0.0,0.0,0.0
Visual Genome,2400148,20,0,8,0,9,125,18,125,143,82,0,0,18,0.0141174059999684,0.0115979429999697,0.0,0.0115979429999697,0.0119007969999529,0.0260189519999585,Optimal,0,none,8.294997451252923,0,28,100.0,100.0,100.0,2.0,0,9,0,0.0,0.0,0.0,0.0,0,9,0,0.0,0.0,0.0,0.0,0,9,0,0.0,0.0,0.0,0.0,0,0,0,0.0,0.0,0.0,0,0,0,0.0,0.0,0.0
Visual Genome,2400255,4,1,19,0,4,28,8,28,36,17,0,0,8,0.0141001330000563,0.0077304730000378,0.0,0.0077304730000378,0.0078800009999895,0.021980558999985,Optimal,0,none,3.305890827225632,0,13,100.0,100.0,100.0,2.0,1,3,0,0.25,1.0,0.4,0.6457312321875482,1,3,0,0.25,1.0,0.4,0.6457312321875482,1,3,0,0.25,1.0,0.4,0.6457312321875482,0,0,0,0.0,0.0,0.0,0,0,0,0.0,0.0,0.0
Visual Genome,2400322,31,0,22,0,22,865,44,865,909,485,0,0,44,0.017653260999964,0.0382190029999947,0.0,0.0382190029999947,0.0392165509999813,0.0568704749999824,Optimal,0,none,18.59547027588406,0,67,100.0,100.0,100.0,2.0,0,22,0,0.0,0.0,0.0,0.0,0,22,0,0.0,0.0,0.0,0.0,0,22,0,0.0,0.0,0.0,0.0,0,0,0,0.0,0.0,0.0,0,0,0,0.0,0.0,0.0
Visual Genome,2400544,21,3,20,0,5,32,10,32,42,26,0,0,10,0.0128695770000604,0.0079759840000406,0.0,0.0079759840000406,0.0081644220000498,0.0210344880000548,Optimal,0,none,4.470992966492972,0,16,100.0,100.0,100.0,2.0,2,3,1,0.4,0.6666666666666666,0.5,0.8723738729911115,2,3,1,0.4,0.6666666666666666,0.5,0.8723738729911115,2,3,1,0.4,0.6666666666666666,0.5,0.8723738729911115,0,0,0,0.0,0.0,0.0,0,0,0,0.0,0.0,0.0
Visual Genome,2400777,5,1,12,0,1,0,2,0,2,1,0,0,2,0.01391386399996,0.0061431589999756,0.0,0.0061431589999756,0.0062116320000313,0.0201259250000021,Optimal,0,none,0.6353842417399089,0,2,100.0,100.0,100.0,2.0,0,1,1,0.0,0.0,0.0,0.0,0,1,1,0.0,0.0,0.0,0.0,0,1,1,0.0,0.0,0.0,0.0,0,0,0,0.0,0.0,0.0,0,0,0,0.0,0.0,0.0
Visual Genome,2401046,46,2,42,0,18,548,36,548,584,325,0,0,36,0.0161534329999994,0.0282014439999329,0.0,0.0282014439999329,0.0291220020000082,0.0452760330000501,Optimal,0,none,13.874926178956422,0,55,100.0,100.0,100.0,2.0,1,17,1,0.0555555555555555,0.5,0.0999999999999999,0.9239373094023102,1,17,1,0.0555555555555555,0.5,0.0999999999999999,0.9239373094023102,1,17,1,0.0555555555555555,0.5,0.0999999999999999,0.9239373094023102,0,0,0,0.0,0.0,0.0,0,0,0,0.0,0.0,0.0
Visual Genome,2401262,22,1,22,0,9,138,18,138,156,82,0,0,18,0.014524319999964,0.0121141329999545,0.0,0.0121141329999545,0.0124871519999487,0.0270120349999842,Optimal,0,none,7.668294130928528,0,28,100.0,100.0,100.0,2.0,1,8,0,0.1111111111111111,1.0,0.1999999999999999,0.942720337968296,1,8,0,0.1111111111111111,1.0,0.1999999999999999,0.942720337968296,1,8,0,0.1111111111111111,1.0,0.1999999999999999,0.942720337968296,0,0,0,0.0,0.0,0.0,0,0,0,0.0,0.0,0.0
Visual Genome,2401768,9,0,23,0,2,4,4,4,8,5,0,0,4,0.0130021200000101,0.0066609519999474,0.0,0.0066609519999474,0.0068181059999687,0.0198208759999261,Optimal,0,none,1.3502222569783533,0,5,100.0,100.0,100.0,2.0,0,2,0,0.0,0.0,0.0,0.0,0,2,0,0.0,0.0,0.0,0.0,0,2,0,0.0,0.0,0.0,0.0,0,0,0,0.0,0.0,0.0,0,0,0,0.0,0.0,0.0
Visual Genome,2401798,34,2,4,0,3,10,6,10,16,10,0,0,6,0.0126794599999584,0.0067576559999906,0.0,0.0067576559999906,0.0068795260000342,0.0195594279999795,Optimal,0,none,2.583794279098511,0,10,100.0,100.0,100.0,2.0,2,1,0,0.6666666666666666,1.0,0.8,0.8678119118329747,2,1,0,0.6666666666666666,1.0,0.8,0.8678119118329747,2,1,0,0.6666666666666666,1.0,0.8,0.8678119118329747,0,0,0,0.0,0.0,0.0,0,0,0,0.0,0.0,0.0
Visual Genome,2401971,32,4,45,0,6,56,12,56,68,37,0,0,12,0.0148333110000749,0.0091397390000338,0.0,0.0091397390000338,0.0093451929999446,0.0241789579999931,Optimal,0,none,5.115656957626344,0,19,100.0,100.0,100.0,2.0,4,2,0,0.6666666666666666,1.0,0.8,0.8601086458341748,4,2,0,0.6666666666666666,1.0,0.8,0.8601086458341748,4,2,0,0.6666666666666666,1.0,0.8,0.8601086458341748,0,0,0,0.0,0.0,0.0,0,0,0,0.0,0.0,0.0
Visual Genome,2402222,27,1,38,0,2,4,4,4,8,5,0,0,4,0.0138034159999733,0.0064752669999279,0.0,0.0064752669999279,0.0065808339999193,0.0203846869999324,Optimal,0,none,1.5336725505193076,0,5,100.0,100.0,100.0,2.0,1,1,0,0.5,1.0,0.6666666666666666,0.9359897706916648,1,1,0,0.5,1.0,0.6666666666666666,0.9359897706916648,1,1,0,0.5,1.0,0.6666666666666666,0.9359897706916648,0,0,0,0.0,0.0,0.0,0,0,0,0.0,0.0,0.0
Visual Genome,2402373,7,0,29,0,1,0,2,0,2,1,0,0,2,0.0141118610000603,0.0066337120000525,0.0,0.0066337120000525,0.0067033210000317,0.0208156500000313,Optimal,0,none,0.489576784769694,0,2,100.0,100.0,100.0,2.0,0,1,0,0.0,0.0,0.0,0.0,0,1,0,0.0,0.0,0.0,0.0,0,1,0,0.0,0.0,0.0,0.0,0,0,0,0.0,0.0,0.0,0,0,0,0.0,0.0,0.0
Visual Genome,2402873,39,3,25,0,11,215,22,215,237,122,0,0,22,0.0140251660000103,0.0148898310000049,0.0,0.0148898310000049,0.0152881209999122,0.0293137050000495,Optimal,0,none,8.464797582427636,0,34,100.0,100.0,100.0,2.0,0,11,3,0.0,0.0,0.0,0.9558202062645345,0,11,3,0.0,0.0,0.0,0.9558202062645345,0,11,3,0.0,0.0,0.0,0.9558202062645345,0,0,0,0.0,0.0,0.0,0,0,0,0.0,0.0,0.0
Visual Genome,2403106,23,0,13,0,3,10,6,10,16,10,0,0,6,0.0143481300000303,0.0073219669999389,0.0,0.0073219669999389,0.0074628319999874,0.0218114699999887,Optimal,0,none,2.818073363304139,0,10,100.0,100.0,100.0,2.0,0,3,0,0.0,0.0,0.0,0.0,0,3,0,0.0,0.0,0.0,0.0,0,3,0,0.0,0.0,0.0,0.0,0,0,0,0.0,0.0,0.0,0,0,0,0.0,0.0,0.0
Visual Genome,2404039,4,0,5,0,2,2,4,2,6,5,0,0,4,0.0138472029999547,0.0069544870000299,0.0,0.0069544870000299,0.0070638259999213,0.0209115389999396,Optimal,0,none,1.461364544232686,0,5,100.0,100.0,100.0,2.0,0,2,0,0.0,0.0,0.0,0.0,0,2,0,0.0,0.0,0.0,0.0,0,2,0,0.0,0.0,0.0,0.0,0,0,0,0.0,0.0,0.0,0,0,0,0.0,0.0,0.0
Visual Genome,2404251,28,0,20,0,1,0,2,0,2,1,0,0,2,0.0138648409999859,0.0064017650000778,0.0,0.0064017650000778,0.0064697990000013,0.0203350550000323,Optimal,0,none,0.5107000748316447,0,2,100.0,100.0,100.0,2.0,0,1,0,0.0,0.0,0.0,0.0,0,1,0,0.0,0.0,0.0,0.0,0,1,0,0.0,0.0,0.0,0.0,0,0,0,0.0,0.0,0.0,0,0,0,0.0,0.0,0.0
Visual Genome,2404690,31,3,38,0,16,489,32,489,521,257,0,0,32,0.0167090890000736,0.0260122640000872,0.0,0.0260122640000872,0.0267136940000227,0.0434234210000568,Optimal,0,none,13.2588149486631,0,49,100.0,100.0,100.0,2.0,2,14,1,0.125,0.6666666666666666,0.2105263157894736,0.9338007442961844,2,14,1,0.125,0.6666666666666666,0.2105263157894736,0.9338007442961844,2,14,1,0.125,0.6666666666666666,0.2105263157894736,0.9338007442961844,0,0,0,0.0,0.0,0.0,0,0,0,0.0,0.0,0.0
Visual Genome,2404756,29,1,47,0,3,11,6,11,17,10,0,0,6,0.0150635429999965,0.0072190780000482,0.0,0.0072190780000482,0.0073557250000249,0.0224197570000797,Optimal,0,none,2.442570649502429,0,10,100.0,100.0,100.0,2.0,1,2,0,0.3333333333333333,1.0,0.5,0.7481921766613737,1,2,0,0.3333333333333333,1.0,0.5,0.7481921766613737,1,2,0,0.3333333333333333,1.0,0.5,0.7481921766613737,0,0,0,0.0,0.0,0.0,0,0,0,0.0,0.0,0.0
Visual Genome,2405144,21,2,11,0,2,4,4,4,8,5,0,0,4,0.0147782639999149,0.007125727000016,0.0,0.007125727000016,0.0072567900000422,0.0220355499999413,Optimal,0,none,1.3742481861103837,0,5,100.0,100.0,100.0,2.0,2,0,0,1.0,1.0,1.0,0.8773534433126005,2,0,0,1.0,1.0,1.0,0.8773534433126005,2,0,0,1.0,1.0,1.0,0.8773534433126005,0,0,0,0.0,0.0,0.0,0,0,0,0.0,0.0,0.0
Visual Genome,2405594,30,1,23,0,2,5,4,5,9,5,0,0,4,0.0138055730000132,0.0067423720000761,0.0,0.0067423720000761,0.0068508700001075,0.0206568830000151,Optimal,0,none,1.4896100412836293,0,5,100.0,100.0,100.0,2.0,1,1,0,0.5,1.0,0.6666666666666666,0.7742761072596874,1,1,0,0.5,1.0,0.6666666666666666,0.7742761072596874,1,1,0,0.5,1.0,0.6666666666666666,0.7742761072596874,0,0,0,0.0,0.0,0.0,0,0,0,0.0,0.0,0.0
Visual Genome,2406302,25,0,35,0,2,4,4,4,8,5,0,0,4,0.0136791850000008,0.006491991999951,0.0,0.006491991999951,0.0065873290000126,0.0202669970000215,Optimal,0,none,1.4831474097569783,0,5,100.0,100.0,100.0,2.0,0,2,0,0.0,0.0,0.0,0.0,0,2,0,0.0,0.0,0.0,0.0,0,2,0,0.0,0.0,0.0,0.0,0,0,0,0.0,0.0,0.0,0,0,0,0.0,0.0,0.0
Visual Genome,2406726,20,2,24,0,4,22,8,22,30,17,0,0,8,0.0138520790000029,0.0080711800000017,0.0,0.0080711800000017,0.0082297029999836,0.0220822439999892,Optimal,0,none,3.156122263206112,0,13,100.0,100.0,100.0,2.0,2,2,0,0.5,1.0,0.6666666666666666,0.9023003408029155,2,2,0,0.5,1.0,0.6666666666666666,0.9023003408029155,2,2,0,0.5,1.0,0.6666666666666666,0.9023003408029155,0,0,0,0.0,0.0,0.0,0,0,0,0.0,0.0,0.0
Visual Genome,2406748,30,2,44,0,14,366,28,366,394,197,0,0,28,0.0158449780000182,0.0204480050000483,0.0,0.0204480050000483,0.0209724979999919,0.0368179089999785,Optimal,0,none,11.514042719842497,0,43,100.0,100.0,100.0,2.0,1,13,1,0.0714285714285714,0.5,0.125,0.8133780807099547,1,13,1,0.0714285714285714,0.5,0.125,0.8133780807099547,1,13,1,0.0714285714285714,0.5,0.125,0.8133780807099547,0,0,0,0.0,0.0,0.0,0,0,0,0.0,0.0,0.0
Visual Genome,2406990,31,1,35,0,5,36,10,36,46,26,0,0,10,0.0148487250000926,0.0083720640000137,0.0,0.0083720640000137,0.0085613759999887,0.023410588000047,Optimal,0,none,4.745133100102756,0,16,100.0,100.0,100.0,2.0,1,4,0,0.2,1.0,0.3333333333333333,0.9024504293007054,1,4,0,0.2,1.0,0.3333333333333333,0.9024504293007054,1,4,0,0.2,1.0,0.3333333333333333,0.9024504293007054,0,0,0,0.0,0.0,0.0,0,0,0,0.0,0.0,0.0
Visual Genome,2407062,30,1,32,0,23,916,46,916,962,530,0,0,46,0.0172353350000094,0.0412295200000016,0.0,0.0412295200000016,0.0423035029999709,0.0595393380000359,Optimal,0,none,18.025241370405677,0,70,100.0,100.0,100.0,2.0,1,22,0,0.0434782608695652,1.0,0.0833333333333333,0.8661688244416784,1,22,0,0.0434782608695652,1.0,0.0833333333333333,0.8661688244416784,1,22,0,0.0434782608695652,1.0,0.0833333333333333,0.8661688244416784,0,0,0,0.0,0.0,0.0,0,0,0,0.0,0.0,0.0
Visual Genome,2407236,16,2,12,0,2,4,4,4,8,5,0,0,4,0.0134512010000662,0.0065577449998954,0.0,0.0065577449998954,0.0066564549999839,0.0201080550000369,Optimal,0,none,1.5551517041524252,0,5,100.0,100.0,100.0,2.0,2,0,0,1.0,1.0,1.0,0.9494661353579216,2,0,0,1.0,1.0,1.0,0.9494661353579216,2,0,0,1.0,1.0,1.0,0.9494661353579216,0,0,0,0.0,0.0,0.0,0,0,0,0.0,0.0,0.0
Visual Genome,2407380,11,0,26,0,3,7,6,7,13,10,0,0,6,0.0137940030000436,0.0075167410000176,0.0,0.0075167410000176,0.0076472590000093,0.0214417519999869,Optimal,0,none,2.508938230782152,0,10,100.0,100.0,100.0,2.0,0,3,0,0.0,0.0,0.0,0.0,0,3,0,0.0,0.0,0.0,0.0,0,3,0,0.0,0.0,0.0,0.0,0,0,0,0.0,0.0,0.0,0,0,0,0.0,0.0,0.0
Visual Genome,2407567,19,0,14,0,1,0,2,0,2,1,0,0,2,0.0132337899999583,0.0064286260000017,0.0,0.0064286260000017,0.0065101510000431,0.0197444030000042,Optimal,0,none,0.6292114655176799,0,2,100.0,100.0,100.0,2.0,0,1,0,0.0,0.0,0.0,0.0,0,1,0,0.0,0.0,0.0,0.0,0,1,0,0.0,0.0,0.0,0.0,0,0,0,0.0,0.0,0.0,0,0,0,0.0,0.0,0.0
Visual Genome,2407743,27,2,33,0,3,8,6,8,14,10,0,0,6,0.0125494650000064,0.0069015210000316,0.0,0.0069015210000316,0.0070879859999877,0.0196379090000391,Optimal,0,none,2.442365727424621,0,10,100.0,100.0,100.0,2.0,0,3,2,0.0,0.0,0.0,0.0,0,3,2,0.0,0.0,0.0,0.0,0,3,2,0.0,0.0,0.0,0.0,0,0,0,0.0,0.0,0.0,0,0,0,0.0,0.0,0.0
Visual Genome,2408419,27,1,19,0,5,39,10,39,49,26,0,0,10,0.0141125009999996,0.0086796980000372,0.0,0.0086796980000372,0.0088912920000439,0.0230042360000197,Optimal,0,none,4.040960276921591,0,16,100.0,100.0,100.0,2.0,1,4,0,0.2,1.0,0.3333333333333333,0.970457938079778,1,4,0,0.2,1.0,0.3333333333333333,0.970457938079778,1,4,0,0.2,1.0,0.3333333333333333,0.970457938079778,0,0,0,0.0,0.0,0.0,0,0,0,0.0,0.0,0.0
Visual Genome,2408537,35,1,21,0,15,394,30,394,424,226,0,0,30,0.0166936079999686,0.0215582739999717,0.0,0.0215582739999717,0.0221855579999328,0.0388797439999279,Optimal,0,none,12.888601599974466,0,46,100.0,100.0,100.0,2.0,0,15,1,0.0,0.0,0.0,0.0,0,15,1,0.0,0.0,0.0,0.0,0,15,1,0.0,0.0,0.0,0.0,0,0,0,0.0,0.0,0.0,0,0,0,0.0,0.0,0.0
Visual Genome,2408545,16,0,25,0,1,0,2,0,2,1,0,0,2,0.0186896899999737,0.0066126550000262,0.0,0.0066126550000262,0.0066817690000107,0.0253719569999475,Optimal,0,none,0.6002487579981486,0,2,100.0,100.0,100.0,2.0,0,1,0,0.0,0.0,0.0,0.0,0,1,0,0.0,0.0,0.0,0.0,0,1,0,0.0,0.0,0.0,0.0,0,0,0,0.0,0.0,0.0,0,0,0,0.0,0.0,0.0
Visual Genome,2408628,31,1,50,0,6,60,12,60,72,37,0,0,12,0.0145378899999286,0.0091913229999818,0.0,0.0091913229999818,0.0094403070000907,0.0239787699999851,Optimal,0,none,4.897065429911257,0,19,100.0,100.0,100.0,2.0,0,6,1,0.0,0.0,0.0,0.0,0,6,1,0.0,0.0,0.0,0.0,0,6,1,0.0,0.0,0.0,0.0,0,0,0,0.0,0.0,0.0,0,0,0,0.0,0.0,0.0
Visual Genome,2408655,20,1,6,0,7,85,14,85,99,50,0,0,14,0.0136844360000623,0.0101591059999464,0.0,0.0101591059999464,0.0104509779999943,0.0241358920000038,Optimal,0,none,5.800433538789759,0,22,100.0,100.0,100.0,2.0,0,7,1,0.0,0.0,0.0,0.0,0,7,1,0.0,0.0,0.0,0.0,0,7,1,0.0,0.0,0.0,0.0,0,0,0,0.0,0.0,0.0,0,0,0,0.0,0.0,0.0
Visual Genome,2408732,19,1,44,0,2,4,4,4,8,5,0,0,4,0.0148790819999931,0.0071661950000816,0.0,0.0071661950000816,0.0073275369999237,0.0222071439999353,Optimal,0,none,1.419661405881246,0,5,100.0,100.0,100.0,2.0,1,1,0,0.5,1.0,0.6666666666666666,0.8821846285887227,1,1,0,0.5,1.0,0.6666666666666666,0.8821846285887227,1,1,0,0.5,1.0,0.6666666666666666,0.8821846285887227,0,0,0,0.0,0.0,0.0,0,0,0,0.0,0.0,0.0
Visual Genome,2408931,39,1,59,0,1,0,2,0,2,1,0,0,2,0.014473315000032,0.0064016950000223,0.0,0.0064016950000223,0.0064682419999826,0.0209419510000543,Optimal,0,none,0.6423979679743449,0,2,100.0,100.0,100.0,2.0,0,1,1,0.0,0.0,0.0,0.0,0,1,1,0.0,0.0,0.0,0.0,0,1,1,0.0,0.0,0.0,0.0,0,0,0,0.0,0.0,0.0,0,0,0,0.0,0.0,0.0
Visual Genome,2409452,26,0,24,0,10,136,20,136,156,101,0,0,20,0.0161404809999794,0.012745701999961,0.0,0.012745701999961,0.0130905620000021,0.0292315789999975,Optimal,0,none,8.047873969281305,0,31,100.0,100.0,100.0,2.0,0,10,0,0.0,0.0,0.0,0.0,0,10,0,0.0,0.0,0.0,0.0,0,10,0,0.0,0.0,0.0,0.0,0,0,0,0.0,0.0,0.0,0,0,0,0.0,0.0,0.0
Visual Genome,2409552,27,5,17,0,7,76,14,76,90,50,0,0,14,0.0139968949999911,0.0098524939999151,0.0,0.0098524939999151,0.0100867620000144,0.0240841620000082,Optimal,0,none,5.931086124706074,0,22,100.0,100.0,100.0,2.0,3,4,2,0.4285714285714285,0.6,0.5,0.7082774649445575,3,4,2,0.4285714285714285,0.6,0.5,0.7082774649445575,3,4,2,0.4285714285714285,0.6,0.5,0.7082774649445575,0,0,0,0.0,0.0,0.0,0,0,0,0.0,0.0,0.0
Visual Genome,2410121,31,0,40,0,2,4,4,4,8,5,0,0,4,0.0124023050000232,0.0068577380000078,0.0,0.0068577380000078,0.006969042000037,0.019371848999981,Optimal,0,none,1.3871429642041524,0,5,100.0,100.0,100.0,2.0,0,2,0,0.0,0.0,0.0,0.0,0,2,0,0.0,0.0,0.0,0.0,0,2,0,0.0,0.0,0.0,0.0,0,0,0,0.0,0.0,0.0,0,0,0,0.0,0.0,0.0
Visual Genome,2410242,39,4,40,0,7,80,14,80,94,50,0,0,14,0.0147879789999478,0.0117927620000273,0.0,0.0117927620000273,0.0120238890000337,0.026812370000016,Optimal,0,none,6.262166463534039,0,22,100.0,100.0,100.0,2.0,3,4,1,0.4285714285714285,0.75,0.5454545454545454,0.839101703017035,3,4,1,0.4285714285714285,0.75,0.5454545454545454,0.839101703017035,3,4,1,0.4285714285714285,0.75,0.5454545454545454,0.839101703017035,0,0,0,0.0,0.0,0.0,0,0,0,0.0,0.0,0.0
Visual Genome,2410715,5,1,16,0,4,22,8,22,30,17,0,0,8,0.0140429310000627,0.0070763950000127,0.0,0.0070763950000127,0.0072240100000726,0.0212673590000349,Optimal,0,none,3.731633731524151,0,13,100.0,100.0,100.0,2.0,1,3,0,0.25,1.0,0.4,0.9671789551050196,1,3,0,0.25,1.0,0.4,0.9671789551050196,1,3,0,0.25,1.0,0.4,0.9671789551050196,0,0,0,0.0,0.0,0.0,0,0,0,0.0,0.0,0.0
Visual Genome,2410992,28,0,35,0,2,2,4,2,6,5,0,0,4,0.0128628189999062,0.0066825510000398,0.0,0.0066825510000398,0.0067782430000988,0.0196414979999417,Optimal,0,none,1.5153093942006426,0,5,100.0,100.0,100.0,2.0,0,2,0,0.0,0.0,0.0,0.0,0,2,0,0.0,0.0,0.0,0.0,0,2,0,0.0,0.0,0.0,0.0,0,0,0,0.0,0.0,0.0,0,0,0,0.0,0.0,0.0
Visual Genome,2411122,34,2,56,0,1,0,2,0,2,1,0,0,2,0.0127128610000681,0.0064235910000434,0.0,0.0064235910000434,0.006508814999961,0.0192221800000425,Optimal,0,none,0.5525416294733683,0,2,100.0,100.0,100.0,2.0,1,0,1,1.0,0.5,0.6666666666666666,0.630330861091809,1,0,1,1.0,0.5,0.6666666666666666,0.630330861091809,1,0,1,1.0,0.5,0.6666666666666666,0.630330861091809,0,0,0,0.0,0.0,0.0,0,0,0,0.0,0.0,0.0
Visual Genome,2411532,8,0,29,0,9,122,18,122,140,82,0,0,18,0.0145036339999933,0.011746048999953,0.0,0.011746048999953,0.0120561469999529,0.0265602529999569,Optimal,0,none,7.504488491633528,0,28,100.0,100.0,100.0,2.0,0,9,0,0.0,0.0,0.0,0.0,0,9,0,0.0,0.0,0.0,0.0,0,9,0,0.0,0.0,0.0,0.0,0,0,0,0.0,0.0,0.0,0,0,0,0.0,0.0,0.0
Visual Genome,2411908,15,1,27,0,1,0,2,0,2,1,0,0,2,0.0144525770000427,0.0062311860000363,0.0,0.0062311860000363,0.0062993980000101,0.0207523459999947,Optimal,0,none,0.642204229036967,0,2,100.0,100.0,100.0,2.0,1,0,0,1.0,1.0,1.0,0.9608458973954536,1,0,0,1.0,1.0,1.0,0.9608458973954536,1,0,0,1.0,1.0,1.0,0.9608458973954536,0,0,0,0.0,0.0,0.0,0,0,0,0.0,0.0,0.0
Visual Genome,2412143,55,2,43,0,4,24,8,24,32,17,0,0,8,0.0138947110000344,0.0073551839999481,0.0,0.0073551839999481,0.007530519999932,0.0214256509999586,Optimal,0,none,3.356655975977581,0,13,100.0,100.0,100.0,2.0,2,2,0,0.5,1.0,0.6666666666666666,0.8469842025893768,2,2,0,0.5,1.0,0.6666666666666666,0.8469842025893768,2,2,0,0.5,1.0,0.6666666666666666,0.8469842025893768,0,0,0,0.0,0.0,0.0,0,0,0,0.0,0.0,0.0
Visual Genome,2412219,34,1,33,0,5,30,10,30,40,26,0,0,10,0.0146984430000429,0.0088703699999541,0.0,0.0088703699999541,0.0090787999999975,0.0237777480000431,Optimal,0,none,4.405107673009238,0,16,100.0,100.0,100.0,2.0,1,4,0,0.2,1.0,0.3333333333333333,0.8820503150859047,1,4,0,0.2,1.0,0.3333333333333333,0.8820503150859047,1,4,0,0.2,1.0,0.3333333333333333,0.8820503150859047,0,0,0,0.0,0.0,0.0,0,0,0,0.0,0.0,0.0
Visual Genome,2412631,29,3,30,0,5,37,10,37,47,26,0,0,10,0.0145540180000125,0.0086999390000528,0.0,0.0086999390000528,0.0088908300000412,0.0234452419999797,Optimal,0,none,4.503901959260306,0,16,100.0,100.0,100.0,2.0,2,3,1,0.4,0.6666666666666666,0.5,0.912155100869197,2,3,1,0.4,0.6666666666666666,0.5,0.912155100869197,2,3,1,0.4,0.6666666666666666,0.5,0.912155100869197,0,0,0,0.0,0.0,0.0,0,0,0,0.0,0.0,0.0
Visual Genome,2412879,25,0,25,0,2,3,4,3,7,5,0,0,4,0.0124284219999708,0.0064789550000341,0.0,0.0064789550000341,0.0065760820000377,0.0190048979999346,Optimal,0,none,1.4947562774022418,0,5,100.0,100.0,100.0,2.0,0,2,0,0.0,0.0,0.0,0.0,0,2,0,0.0,0.0,0.0,0.0,0,2,0,0.0,0.0,0.0,0.0,0,0,0,0.0,0.0,0.0,0,0,0,0.0,0.0,0.0
Visual Genome,2413066,37,0,31,0,2,5,4,5,9,5,0,0,4,0.013638998000033,0.0066285980000202,0.0,0.0066285980000202,0.0067367740000463,0.0203761589999658,Optimal,0,none,1.3560215871992018,0,5,100.0,100.0,100.0,2.0,0,2,0,0.0,0.0,0.0,0.0,0,2,0,0.0,0.0,0.0,0.0,0,2,0,0.0,0.0,0.0,0.0,0,0,0,0.0,0.0,0.0,0,0,0,0.0,0.0,0.0
Visual Genome,2413140,13,1,14,0,2,4,4,4,8,5,0,0,4,0.0152093080000668,0.0099768009999934,0.0,0.0099768009999934,0.0101367309999886,0.0253467630000159,Optimal,0,none,1.459373715718587,0,5,100.0,100.0,100.0,2.0,1,1,0,0.5,1.0,0.6666666666666666,0.8901616155326365,1,1,0,0.5,1.0,0.6666666666666666,0.8901616155326365,1,1,0,0.5,1.0,0.6666666666666666,0.8901616155326365,0,0,0,0.0,0.0,0.0,0,0,0,0.0,0.0,0.0
Visual Genome,2413274,34,1,28,0,4,22,8,22,30,17,0,0,8,0.0130843959999538,0.0073984399999744,0.0,0.0073984399999744,0.0075565469999219,0.0206413810000185,Optimal,0,none,3.321154281298321,0,13,100.0,100.0,100.0,2.0,1,3,0,0.25,1.0,0.4,0.8967022095641637,1,3,0,0.25,1.0,0.4,0.8967022095641637,1,3,0,0.25,1.0,0.4,0.8967022095641637,0,0,0,0.0,0.0,0.0,0,0,0,0.0,0.0,0.0
Visual Genome,2413603,16,1,16,0,5,38,10,38,48,26,0,0,10,0.0141377459999603,0.0080736499999147,0.0,0.0080736499999147,0.0082598819999475,0.022398092000003,Optimal,0,none,4.397551484902701,0,16,100.0,100.0,100.0,2.0,0,5,1,0.0,0.0,0.0,0.0,0,5,1,0.0,0.0,0.0,0.0,0,5,1,0.0,0.0,0.0,0.0,0,0,0,0.0,0.0,0.0,0,0,0,0.0,0.0,0.0
Visual Genome,2413953,7,4,8,0,7,66,14,66,80,50,0,0,14,0.0148423800000045,0.0097582700000202,0.0,0.0097582700000202,0.0100053569999545,0.0248482199999671,Optimal,0,none,5.266627854506177,0,22,100.0,100.0,100.0,2.0,4,3,0,0.5714285714285714,1.0,0.7272727272727273,0.8085047412779596,4,3,0,0.5714285714285714,1.0,0.7272727272727273,0.8085047412779596,4,3,0,0.5714285714285714,1.0,0.7272727272727273,0.8085047412779596,0,0,0,0.0,0.0,0.0,0,0,0,0.0,0.0,0.0
Visual Genome,2413992,26,0,6,0,1,0,2,0,2,1,0,0,2,0.0139520689999699,0.0061325979999082,0.0,0.0061325979999082,0.0062026589999959,0.0201551640000161,Optimal,0,none,0.543680230776469,0,2,100.0,100.0,100.0,2.0,0,1,0,0.0,0.0,0.0,0.0,0,1,0,0.0,0.0,0.0,0.0,0,1,0,0.0,0.0,0.0,0.0,0,0,0,0.0,0.0,0.0,0,0,0,0.0,0.0,0.0
Visual Genome,2414643,14,0,7,0,2,4,4,4,8,5,0,0,4,0.013575689999925,0.0064514260000123,0.0,0.0064514260000123,0.0065515249999634,0.0201277269999309,Optimal,0,none,1.532726958592733,0,5,100.0,100.0,100.0,2.0,0,2,0,0.0,0.0,0.0,0.0,0,2,0,0.0,0.0,0.0,0.0,0,2,0,0.0,0.0,0.0,0.0,0,0,0,0.0,0.0,0.0,0,0,0,0.0,0.0,0.0
Visual Genome,2415055,46,2,43,0,8,98,16,98,114,65,0,0,16,0.0152801539999245,0.0131524959999751,0.0,0.0131524959999751,0.0134269040000845,0.0287076569999271,Optimal,0,none,6.279128987901172,0,25,100.0,100.0,100.0,2.0,1,7,1,0.125,0.5,0.2,0.557149229280185,1,7,1,0.125,0.5,0.2,0.557149229280185,1,7,1,0.125,0.5,0.2,0.557149229280185,0,0,0,0.0,0.0,0.0,0,0,0,0.0,0.0,0.0
Visual Genome,2415419,15,0,5,0,9,140,18,140,158,82,0,0,18,0.015411567000001,0.0120221909999145,0.0,0.0120221909999145,0.0123346939999464,0.0277466910000612,Optimal,0,none,7.450962399538001,0,28,100.0,100.0,100.0,2.0,0,9,0,0.0,0.0,0.0,0.0,0,9,0,0.0,0.0,0.0,0.0,0,9,0,0.0,0.0,0.0,0.0,0,0,0,0.0,0.0,0.0,0,0,0,0.0,0.0,0.0
Visual Genome,2416071,9,1,5,0,5,39,10,39,49,26,0,0,10,0.0148621199999752,0.0075076749999425,0.0,0.0075076749999425,0.0076930279999487,0.0225556200000482,Optimal,0,none,4.012446459134421,0,16,100.0,100.0,100.0,2.0,1,4,0,0.2,1.0,0.3333333333333333,0.7982703011336538,1,4,0,0.2,1.0,0.3333333333333333,0.7982703011336538,1,4,0,0.2,1.0,0.3333333333333333,0.7982703011336538,0,0,0,0.0,0.0,0.0,0,0,0,0.0,0.0,0.0
Visual Genome,2416171,17,1,15,0,4,23,8,23,31,17,0,0,8,0.0154859000000442,0.0075718049999977,0.0,0.0075718049999977,0.0077727240000058,0.0232590870000422,Optimal,0,none,3.09087217728297,0,13,100.0,100.0,100.0,2.0,1,3,0,0.25,1.0,0.4,0.8929215026214226,1,3,0,0.25,1.0,0.4,0.8929215026214226,1,3,0,0.25,1.0,0.4,0.8929215026214226,0,0,0,0.0,0.0,0.0,0,0,0,0.0,0.0,0.0
Visual Genome,2416250,19,0,8,0,6,63,12,63,75,37,0,0,12,0.0147630100000242,0.009570468999982,0.0,0.009570468999982,0.0098000750000437,0.0245635390000416,Optimal,0,none,4.70527717224619,0,19,100.0,100.0,100.0,2.0,0,6,0,0.0,0.0,0.0,0.0,0,6,0,0.0,0.0,0.0,0.0,0,6,0,0.0,0.0,0.0,0.0,0,0,0,0.0,0.0,0.0,0,0,0,0.0,0.0,0.0
Visual Genome,2416319,10,0,4,0,7,83,14,83,97,50,0,0,14,0.0133642529999633,0.0096828639999557,0.0,0.0096828639999557,0.0099785979999751,0.0233434269999861,Optimal,0,none,6.0701398436228455,0,22,100.0,100.0,100.0,2.0,0,7,0,0.0,0.0,0.0,0.0,0,7,0,0.0,0.0,0.0,0.0,0,7,0,0.0,0.0,0.0,0.0,0,0,0,0.0,0.0,0.0,0,0,0,0.0,0.0,0.0
Visual Genome,2417304,16,0,20,0,6,62,12,62,74,37,0,0,12,0.014332692000039,0.0088011469999855,0.0,0.0088011469999855,0.0090048929999966,0.0233379520000198,Optimal,0,none,5.0823016708423605,0,19,100.0,100.0,100.0,2.0,0,6,0,0.0,0.0,0.0,0.0,0,6,0,0.0,0.0,0.0,0.0,0,6,0,0.0,0.0,0.0,0.0,0,0,0,0.0,0.0,0.0,0,0,0,0.0,0.0,0.0
Open Images,0071f62f5d703904,10,0,5,0,8,116,16,116,132,65,0,0,16,0.0258100080000076,0.0104212339999776,0.0,0.0104212339999776,0.0106896099999858,0.0364999810000199,Optimal,0,none,7.365867845222358,0,25,100.0,100.0,100.0,2.0,0,8,0,0.0,0.0,0.0,0.0,0,8,0,0.0,0.0,0.0,0.0,0,8,0,0.0,0.0,0.0,0.0,0,0,0,0.0,0.0,0.0,0,0,0,0.0,0.0,0.0
Open Images,00e0a53e14bf2447,8,0,2,0,5,39,10,39,49,26,0,0,10,0.0161891950000381,0.0070372799999631,0.0,0.0070372799999631,0.0071991099999877,0.0233887670000285,Optimal,0,none,4.249485548337302,0,16,100.0,100.0,100.0,2.0,0,5,0,0.0,0.0,0.0,0.0,0,5,0,0.0,0.0,0.0,0.0,0,5,0,0.0,0.0,0.0,0.0,0,0,0,0.0,0.0,0.0,0,0,0,0.0,0.0,0.0
Open Images,01bf00da5f94e942,37,3,25,0,6,30,12,30,42,37,0,0,12,0.0242235179999852,0.0068623009999555,0.0,0.0068623009999555,0.0070222969999349,0.0312461779999466,Optimal,0,none,5.236993865966794,0,19,100.0,100.0,100.0,2.0,0,6,3,0.0,0.0,0.0,0.0,0,6,3,0.0,0.0,0.0,0.0,0,6,3,0.0,0.0,0.0,0.0,0,0,0,0.0,0.0,0.0,0,0,0,0.0,0.0,0.0
Open Images,020c7b8e6d605069,12,0,1,0,0,0,0,0,0,0,0,0,1,0.0140828589999273,0.0042477010000538,0.0,0.0042477010000538,0.0042759079999541,0.0183591329999899,Optimal,0,none,,0,1,100.0,0.0,0.0,0.0,0,0,0,0.0,0.0,0.0,0.0,0,0,0,0.0,0.0,0.0,0.0,0,0,0,0.0,0.0,0.0,0.0,0,0,0,0.0,0.0,0.0,0,0,0,0.0,0.0,0.0
Open Images,0319faa662ff5d06,34,0,2,0,3,6,6,6,12,10,0,0,6,0.0161962979999543,0.0056834409999737,0.0,0.0056834409999737,0.0057905859999891,0.0219872939999277,Optimal,0,none,2.498656966686249,0,10,100.0,100.0,100.0,2.0,0,3,0,0.0,0.0,0.0,0.0,0,3,0,0.0,0.0,0.0,0.0,0,3,0,0.0,0.0,0.0,0.0,0,0,0,0.0,0.0,0.0,0,0,0,0.0,0.0,0.0
Open Images,060091417ccafbcf,5,0,1,0,2,4,4,4,8,5,0,0,4,0.0171040390000598,0.0061383390000173,0.0,0.0061383390000173,0.0062339730000076,0.0233383849999881,Optimal,0,none,1.1579282434781393,0,5,100.0,100.0,100.0,2.0,0,2,0,0.0,0.0,0.0,0.0,0,2,0,0.0,0.0,0.0,0.0,0,2,0,0.0,0.0,0.0,0.0,0,0,0,0.0,0.0,0.0,0,0,0,0.0,0.0,0.0
Open Images,0649557c211985bd,23,3,2,0,7,79,14,79,93,50,0,0,14,0.0166064680000772,0.0092322830000739,0.0,0.0092322830000739,0.0094712459999755,0.0260781240000369,Optimal,0,none,5.687061622041179,0,22,100.0,100.0,100.0,2.0,3,4,0,0.4285714285714285,1.0,0.6,0.8290115739859113,3,4,0,0.4285714285714285,1.0,0.6,0.8290115739859113,3,4,0,0.4285714285714285,1.0,0.6,0.8290115739859113,0,0,0,0.0,0.0,0.0,0,0,0,0.0,0.0,0.0
Open Images,078fd57f81047cf3,28,2,4,0,8,98,16,98,114,65,0,0,16,0.0169065799999543,0.0091016379999473,0.0,0.0091016379999473,0.0093464100000346,0.0262533919999441,Optimal,0,none,6.81192744334539,0,25,100.0,100.0,100.0,2.0,2,6,0,0.25,1.0,0.4,0.8740967205181647,2,6,0,0.25,1.0,0.4,0.8740967205181647,2,6,0,0.25,1.0,0.4,0.8740967205181647,0,0,0,0.0,0.0,0.0,0,0,0,0.0,0.0,0.0
Open Images,07c216b2baad22e7,24,0,10,0,7,70,14,70,84,50,0,0,14,0.0165558899999496,0.0092867440000645,0.0,0.0092867440000645,0.0094959059999837,0.0260521709999466,Optimal,0,none,5.55357746521632,0,22,100.0,100.0,100.0,2.0,0,7,0,0.0,0.0,0.0,0.0,0,7,0,0.0,0.0,0.0,0.0,0,7,0,0.0,0.0,0.0,0.0,0,0,0,0.0,0.0,0.0,0,0,0,0.0,0.0,0.0
Open Images,09625dc24eb205b4,41,0,1,0,11,180,22,180,202,122,0,0,22,0.0196773949999169,0.012883137000017,0.0,0.012883137000017,0.0134812219999957,0.0331591749999233,Optimal,0,none,8.504947454137442,0,34,100.0,100.0,100.0,2.0,0,11,0,0.0,0.0,0.0,0.0,0,11,0,0.0,0.0,0.0,0.0,0,11,0,0.0,0.0,0.0,0.0,0,0,0,0.0,0.0,0.0,0,0,0,0.0,0.0,0.0
Open Images,09e617d9d3120b32,15,1,2,0,3,11,6,11,17,10,0,0,6,0.0212595710000869,0.0065239759999258,0.0,0.0065239759999258,0.0066428149999637,0.0279030430000375,Optimal,0,none,2.555898795701812,0,10,100.0,100.0,100.0,2.0,0,3,1,0.0,0.0,0.0,0.0,0,3,1,0.0,0.0,0.0,0.0,0,3,1,0.0,0.0,0.0,0.0,0,0,0,0.0,0.0,0.0,0,0,0,0.0,0.0,0.0
Open Images,0a02c648d24f39fb,12,0,1,0,1,0,2,0,2,1,0,0,2,0.0160670390000632,0.0055418240000335,0.0,0.0055418240000335,0.0056000649999532,0.0216675090000535,Optimal,0,none,0.5674958149592082,0,2,100.0,100.0,100.0,2.0,0,1,0,0.0,0.0,0.0,0.0,0,1,0,0.0,0.0,0.0,0.0,0,1,0,0.0,0.0,0.0,0.0,0,0,0,0.0,0.0,0.0,0,0,0,0.0,0.0,0.0
Open Images,0d16c88ec322340f,19,0,1,0,4,24,8,24,32,17,0,0,8,0.0207801620000509,0.0063949400000637,0.0,0.0063949400000637,0.0065896579999389,0.0273703450000084,Optimal,0,none,3.359286042849224,0,13,100.0,100.0,100.0,2.0,0,4,0,0.0,0.0,0.0,0.0,0,4,0,0.0,0.0,0.0,0.0,0,4,0,0.0,0.0,0.0,0.0,0,0,0,0.0,0.0,0.0,0,0,0,0.0,0.0,0.0
Open Images,0dce9e80f546efc6,19,1,1,0,3,12,6,12,18,10,0,0,6,0.0173222919999034,0.0064158190000398,0.0,0.0064158190000398,0.0065509759999713,0.0238737069998933,Optimal,0,none,2.530522892475129,0,10,100.0,100.0,100.0,2.0,1,2,0,0.3333333333333333,1.0,0.5,0.7046153732685831,1,2,0,0.3333333333333333,1.0,0.5,0.7046153732685831,1,2,0,0.3333333333333333,1.0,0.5,0.7046153732685831,0,0,0,0.0,0.0,0.0,0,0,0,0.0,0.0,0.0
Open Images,0e481ee0c6655eb1,3,0,2,0,2,4,4,4,8,5,0,0,4,0.0155650950000563,0.0057196579999754,0.0,0.0057196579999754,0.0058084070000177,0.0213738380000449,Optimal,0,none,1.449170013173388,0,5,100.0,100.0,100.0,2.0,0,2,0,0.0,0.0,0.0,0.0,0,2,0,0.0,0.0,0.0,0.0,0,2,0,0.0,0.0,0.0,0.0,0,0,0,0.0,0.0,0.0,0,0,0,0.0,0.0,0.0
Open Images,0ff8dd7e1d0f6010,4,1,3,0,2,2,4,2,6,5,0,0,4,0.0152104039999585,0.0056550210000523,0.0,0.0056550210000523,0.0057398029999831,0.0209506150000606,Optimal,0,none,1.4677614720662435,0,5,100.0,100.0,100.0,2.0,1,1,0,0.5,1.0,0.6666666666666666,0.9869070773309072,1,1,0,0.5,1.0,0.6666666666666666,0.9869070773309072,1,1,0,0.5,1.0,0.6666666666666666,0.9869070773309072,0,0,0,0.0,0.0,0.0,0,0,0,0.0,0.0,0.0
Open Images,106c8de22ed8d1d4,18,7,8,0,10,175,20,175,195,101,0,0,20,0.020146441999941,0.0133234580000589,0.0,0.0133234580000589,0.013661936999938,0.0338087409999161,Optimal,0,none,8.362076700452132,0,31,100.0,100.0,100.0,2.0,5,5,2,0.5,0.7142857142857143,0.588235294117647,0.8323545091694653,5,5,2,0.5,0.7142857142857143,0.588235294117647,0.8323545091694653,5,5,2,0.5,0.7142857142857143,0.588235294117647,0.8323545091694653,0,0,0,0.0,0.0,0.0,0,0,0,0.0,0.0,0.0
Open Images,10cae64b8b77b511,13,0,2,0,2,2,4,2,6,5,0,0,4,0.0188946129999294,0.0057393890000412,0.0,0.0057393890000412,0.0058251030000064,0.0247201269999095,Optimal,0,none,1.3695692308743794,0,5,100.0,100.0,100.0,2.0,0,2,0,0.0,0.0,0.0,0.0,0,2,0,0.0,0.0,0.0,0.0,0,2,0,0.0,0.0,0.0,0.0,0,0,0,0.0,0.0,0.0,0,0,0,0.0,0.0,0.0
Open Images,115150a6ba4eb0ca,16,1,3,0,1,0,2,0,2,1,0,0,2,0.0157080180000548,0.0054290650000439,0.0,0.0054290650000439,0.0054895859999533,0.0211979590000055,Optimal,0,none,0.6326337973276774,0,2,100.0,100.0,100.0,2.0,0,1,1,0.0,0.0,0.0,0.0,0,1,1,0.0,0.0,0.0,0.0,0,1,1,0.0,0.0,0.0,0.0,0,0,0,0.0,0.0,0.0,0,0,0,0.0,0.0,0.0
Open Images,116cb9c709ca88e7,4,0,1,0,2,4,4,4,8,5,0,0,4,0.0145905760000459,0.006245794999927,0.0,0.006245794999927,0.0064039170000569,0.0209950370000342,Optimal,0,none,1.1918768471474044,0,5,100.0,100.0,100.0,2.0,0,2,0,0.0,0.0,0.0,0.0,0,2,0,0.0,0.0,0.0,0.0,0,2,0,0.0,0.0,0.0,0.0,0,0,0,0.0,0.0,0.0,0,0,0,0.0,0.0,0.0
Open Images,1220e474e709cdf1,2,1,1,0,2,6,4,6,10,5,0,0,4,0.0189433960000542,0.0057705419999365,0.0,0.0057705419999365,0.0058611199999631,0.0248048540000809,Optimal,0,none,1.13924939233598,0,5,100.0,100.0,100.0,2.0,0,2,1,0.0,0.0,0.0,0.5293717936907415,0,2,1,0.0,0.0,0.0,0.5293717936907415,0,2,1,0.0,0.0,0.0,0.5293717936907415,0,0,0,0.0,0.0,0.0,0,0,0,0.0,0.0,0.0
Open Images,122259cbb3d91b12,13,0,3,0,2,6,4,6,10,5,0,0,4,0.0202778010000201,0.0059564890000274,0.0,0.0059564890000274,0.00605022000002,0.0263283880000244,Optimal,0,none,1.409488442738851,0,5,100.0,100.0,100.0,2.0,0,2,0,0.0,0.0,0.0,0.0,0,2,0,0.0,0.0,0.0,0.0,0,2,0,0.0,0.0,0.0,0.0,0,0,0,0.0,0.0,0.0,0,0,0,0.0,0.0,0.0
Open Images,1313a4add388424c,12,1,2,0,1,0,2,0,2,1,0,0,2,0.0243556389999639,0.0055173079999804,0.0,0.0055173079999804,0.0055781199999955,0.0299340869999014,Optimal,0,none,0.5470439116160075,0,2,100.0,100.0,100.0,2.0,0,1,1,0.0,0.0,0.0,0.0,0,1,1,0.0,0.0,0.0,0.0,0,1,1,0.0,0.0,0.0,0.0,0,0,0,0.0,0.0,0.0,0,0,0,0.0,0.0,0.0
Open Images,135deaa5afb21894,13,0,1,0,0,0,0,0,0,0,0,0,1,0.0167285679999622,0.004788684999994,0.0,0.004788684999994,0.0048233270000537,0.0215522910000345,Optimal,0,none,,0,1,100.0,0.0,0.0,0.0,0,0,0,0.0,0.0,0.0,0.0,0,0,0,0.0,0.0,0.0,0.0,0,0,0,0.0,0.0,0.0,0.0,0,0,0,0.0,0.0,0.0,0,0,0,0.0,0.0,0.0
Open Images,13d93884b48bc28c,15,1,2,0,2,4,4,4,8,5,0,0,4,0.0190131379999911,0.0064074929999833,0.0,0.0064074929999833,0.0064991010000312,0.0255127169999695,Optimal,0,none,1.5140567334493005,0,5,100.0,100.0,100.0,2.0,1,1,0,0.5,1.0,0.6666666666666666,0.9686775280588596,1,1,0,0.5,1.0,0.6666666666666666,0.9686775280588596,1,1,0,0.5,1.0,0.6666666666666666,0.9686775280588596,0,0,0,0.0,0.0,0.0,0,0,0,0.0,0.0,0.0
Open Images,13ffeb4fec0d2c49,14,1,3,0,2,3,4,3,7,5,0,0,4,0.0173888169999827,0.006292669000004,0.0,0.006292669000004,0.0064119009999785,0.0238011579999692,Optimal,0,none,1.539178613026937,0,5,100.0,100.0,100.0,2.0,1,1,0,0.5,1.0,0.6666666666666666,0.6660247313233517,1,1,0,0.5,1.0,0.6666666666666666,0.6660247313233517,1,1,0,0.5,1.0,0.6666666666666666,0.6660247313233517,0,0,0,0.0,0.0,0.0,0,0,0,0.0,0.0,0.0
Open Images,141d8961e111ead7,60,0,9,0,21,783,42,783,825,442,0,0,42,0.021051543999988,0.0365727339999466,0.0,0.0365727339999466,0.037542400999996,0.0585943679999445,Optimal,0,none,17.93371315256689,0,64,100.0,100.0,100.0,2.0,0,21,0,0.0,0.0,0.0,0.0,0,21,0,0.0,0.0,0.0,0.0,0,21,0,0.0,0.0,0.0,0.0,0,0,0,0.0,0.0,0.0,0,0,0,0.0,0.0,0.0
Open Images,146316cdeb2aef2a,38,2,4,0,15,407,30,407,437,226,0,0,30,0.0219997849999344,0.0219155980000778,0.0,0.0219155980000778,0.0225081890000637,0.0445084609999639,Optimal,0,none,12.385170756350687,0,46,100.0,100.0,100.0,2.0,2,13,0,0.1333333333333333,1.0,0.2352941176470588,0.9291522064053678,2,13,0,0.1333333333333333,1.0,0.2352941176470588,0.9291522064053678,2,13,0,0.1333333333333333,1.0,0.2352941176470588,0.9291522064053678,0,0,0,0.0,0.0,0.0,0,0,0,0.0,0.0,0.0
Open Images,1654c86093ada840,9,1,2,0,8,109,16,109,125,65,0,0,16,0.0170048840000163,0.0108618350000142,0.0,0.0108618350000142,0.0111197600000423,0.0281251620000375,Optimal,0,none,6.3666421351983065,0,25,100.0,100.0,100.0,2.0,1,7,0,0.125,1.0,0.2222222222222222,0.8307949200990739,1,7,0,0.125,1.0,0.2222222222222222,0.8307949200990739,1,7,0,0.125,1.0,0.2222222222222222,0.8307949200990739,0,0,0,0.0,0.0,0.0,0,0,0,0.0,0.0,0.0
Open Images,169795b5dffa3dc6,45,4,2,0,10,173,20,173,193,101,0,0,20,0.0190060539999876,0.0127571949999492,0.0,0.0127571949999492,0.0130951510000159,0.032101672000067,Optimal,0,none,8.755984160049106,0,31,100.0,100.0,100.0,2.0,2,8,2,0.2,0.5,0.2857142857142857,0.958175805994731,2,8,2,0.2,0.5,0.2857142857142857,0.958175805994731,2,8,2,0.2,0.5,0.2857142857142857,0.958175805994731,0,0,0,0.0,0.0,0.0,0,0,0,0.0,0.0,0.0
Open Images,18f5b21c06c6f3d1,15,1,8,0,4,27,8,27,35,17,0,0,8,0.016189956000062,0.0076195540000298,0.0,0.0076195540000298,0.0077663859999574,0.0239568530000724,Optimal,0,none,3.282915440410872,0,13,100.0,100.0,100.0,2.0,0,4,1,0.0,0.0,0.0,0.6140335437478744,0,4,1,0.0,0.0,0.0,0.6140335437478744,0,4,1,0.0,0.0,0.0,0.6140335437478744,0,0,0,0.0,0.0,0.0,0,0,0,0.0,0.0,0.0
Open Images,19aa926f2f7d9782,7,1,1,0,4,25,8,25,33,17,0,0,8,0.0225553020000006,0.0075796859999854,0.0,0.0075796859999854,0.0077415509999809,0.0302973569999949,Optimal,0,none,3.4991718260447198,0,13,100.0,100.0,100.0,2.0,1,3,0,0.25,1.0,0.4,0.91919677256155,1,3,0,0.25,1.0,0.4,0.91919677256155,1,3,0,0.25,1.0,0.4,0.91919677256155,0,0,0,0.0,0.0,0.0,0,0,0,0.0,0.0,0.0
Open Images,1ad1b75ba69177b3,2,0,1,0,0,0,0,0,0,0,0,0,1,0.0177727979998962,0.0047002279999333,0.0,0.0047002279999333,0.004732759000035,0.0225058459999445,Optimal,0,none,,0,1,100.0,0.0,0.0,0.0,0,0,0,0.0,0.0,0.0,0.0,0,0,0,0.0,0.0,0.0,0.0,0,0,0,0.0,0.0,0.0,0.0,0,0,0,0.0,0.0,0.0,0,0,0,0.0,0.0,0.0
Open Images,1b02d463464d45f3,5,1,1,0,3,10,6,10,16,10,0,0,6,0.0150410840000176,0.0060218989999611,0.0,0.0060218989999611,0.0061343230000829,0.0211758620000637,Optimal,0,none,2.492304286956788,0,10,100.0,100.0,100.0,2.0,0,3,1,0.0,0.0,0.0,0.0,0,3,1,0.0,0.0,0.0,0.0,0,3,1,0.0,0.0,0.0,0.0,0,0,0,0.0,0.0,0.0,0,0,0,0.0,0.0,0.0
Open Images,1b75ec99a2b81fa6,6,2,2,0,2,4,4,4,8,5,0,0,4,0.0152332519999163,0.006044179000014,0.0,0.006044179000014,0.0061350759999641,0.0213687919999756,Optimal,0,none,1.270775082906087,0,5,100.0,100.0,100.0,2.0,1,1,1,0.5,0.5,0.5,0.9420698098033362,1,1,1,0.5,0.5,0.5,0.9420698098033362,1,1,1,0.5,0.5,0.5,0.9420698098033362,0,0,0,0.0,0.0,0.0,0,0,0,0.0,0.0,0.0
Open Images,1b8c4e46421a0a9f,13,1,1,0,2,2,4,2,6,5,0,0,4,0.0157863319999478,0.0058206339999742,0.0,0.0058206339999742,0.0059745749999819,0.0217613829998981,Optimal,0,none,1.530704811414083,0,5,100.0,100.0,100.0,2.0,0,2,1,0.0,0.0,0.0,0.0,0,2,1,0.0,0.0,0.0,0.0,0,2,1,0.0,0.0,0.0,0.0,0,0,0,0.0,0.0,0.0,0,0,0,0.0,0.0,0.0
Open Images,1bde6aa77c1a45fb,29,25,4,0,20,693,40,693,733,401,0,0,40,0.0198831560001053,0.0334511540000903,0.0,0.0334511540000903,0.0343722569999727,0.0542560400000411,Optimal,0,none,16.502481374196076,0,61,100.0,100.0,100.0,2.0,13,7,12,0.65,0.52,0.5777777777777778,0.8325844373758025,13,7,12,0.65,0.52,0.5777777777777778,0.8325844373758025,13,7,12,0.65,0.52,0.5777777777777778,0.8325844373758025,0,0,0,0.0,0.0,0.0,0,0,0,0.0,0.0,0.0
Open Images,1c1a752a8b9553f7,21,0,1,0,5,40,10,40,50,26,0,0,10,0.0217002150000098,0.0073754549999875,0.0,0.0073754549999875,0.0075571289999061,0.0292577430000164,Optimal,0,none,4.330292781194053,0,16,100.0,100.0,100.0,2.0,0,5,0,0.0,0.0,0.0,0.0,0,5,0,0.0,0.0,0.0,0.0,0,5,0,0.0,0.0,0.0,0.0,0,0,0,0.0,0.0,0.0,0,0,0,0.0,0.0,0.0
Open Images,1d6468e90f600660,5,0,2,0,1,0,2,0,2,1,0,0,2,0.0154966459999741,0.0058281100000385,0.0,0.0058281100000385,0.0058882380000113,0.0213853189999326,Optimal,0,none,0.4880836645762125,0,2,100.0,100.0,100.0,2.0,0,1,0,0.0,0.0,0.0,0.0,0,1,0,0.0,0.0,0.0,0.0,0,1,0,0.0,0.0,0.0,0.0,0,0,0,0.0,0.0,0.0,0,0,0,0.0,0.0,0.0
Open Images,1d8766876ad7362a,6,1,1,0,1,0,2,0,2,1,0,0,2,0.017384915999969,0.0056158169999207,0.0,0.0056158169999207,0.0056762410000601,0.0230615430000398,Optimal,0,none,0.5012473980585734,0,2,100.0,100.0,100.0,2.0,1,0,0,1.0,1.0,1.0,0.9733708221357734,1,0,0,1.0,1.0,1.0,0.9733708221357734,1,0,0,1.0,1.0,1.0,0.9733708221357734,0,0,0,0.0,0.0,0.0,0,0,0,0.0,0.0,0.0
Open Images,1e7b2a58768e328c,10,0,2,0,1,0,2,0,2,1,0,0,2,0.0140549620000456,0.0055927820000079,0.0,0.0055927820000079,0.005652595000015,0.0197080430000369,Optimal,0,none,0.6336860577265422,0,2,100.0,100.0,100.0,2.0,0,1,0,0.0,0.0,0.0,0.0,0,1,0,0.0,0.0,0.0,0.0,0,1,0,0.0,0.0,0.0,0.0,0,0,0,0.0,0.0,0.0,0,0,0,0.0,0.0,0.0
Open Images,1f05d514448663fc,7,0,1,0,4,28,8,28,36,17,0,0,8,0.0162302989999716,0.0070595580000372,0.0,0.0070595580000372,0.0072219630000063,0.0234526469999991,Optimal,0,none,3.275505005518596,0,13,100.0,100.0,100.0,2.0,0,4,0,0.0,0.0,0.0,0.0,0,4,0,0.0,0.0,0.0,0.0,0,4,0,0.0,0.0,0.0,0.0,0,0,0,0.0,0.0,0.0,0,0,0,0.0,0.0,0.0
Open Images,1f6c156f2cb2d4f2,9,0,2,0,1,0,2,0,2,1,0,0,2,0.0186807189999171,0.0056236689999877,0.0,0.0056236689999877,0.0056842809999579,0.0243653539999968,Optimal,0,none,0.4944753090540568,0,2,100.0,100.0,100.0,2.0,0,1,0,0.0,0.0,0.0,0.0,0,1,0,0.0,0.0,0.0,0.0,0,1,0,0.0,0.0,0.0,0.0,0,0,0,0.0,0.0,0.0,0,0,0,0.0,0.0,0.0
Open Images,1f7c30f0c24fda91,15,0,4,0,4,20,8,20,28,17,0,0,8,0.0177380100000164,0.0068617640000638,0.0,0.0068617640000638,0.0069979669999611,0.0247364150000066,Optimal,0,none,3.398326382584655,0,13,100.0,100.0,100.0,2.0,0,4,0,0.0,0.0,0.0,0.0,0,4,0,0.0,0.0,0.0,0.0,0,4,0,0.0,0.0,0.0,0.0,0,0,0,0.0,0.0,0.0,0,0,0,0.0,0.0,0.0
Open Images,1fe277f5abfc7d74,14,0,4,0,1,0,2,0,2,1,0,0,2,0.0138972889999422,0.0053972360000216,0.0,0.0053972360000216,0.0054572169999573,0.0193549119999261,Optimal,0,none,0.5522892634073893,0,2,100.0,100.0,100.0,2.0,0,1,0,0.0,0.0,0.0,0.0,0,1,0,0.0,0.0,0.0,0.0,0,1,0,0.0,0.0,0.0,0.0,0,0,0,0.0,0.0,0.0,0,0,0,0.0,0.0,0.0
Open Images,2198847783e240e7,3,0,2,0,1,0,2,0,2,1,0,0,2,0.0191779460000134,0.0054941519999829,0.0,0.0054941519999829,0.0055521760000374,0.0247305279999636,Optimal,0,none,0.6498980919520061,0,2,100.0,100.0,100.0,2.0,0,1,0,0.0,0.0,0.0,0.0,0,1,0,0.0,0.0,0.0,0.0,0,1,0,0.0,0.0,0.0,0.0,0,0,0,0.0,0.0,0.0,0,0,0,0.0,0.0,0.0
Open Images,231a40bf7aa6ddb9,24,0,3,0,2,2,4,2,6,5,0,0,4,0.0177371359999369,0.005735995000009,0.0,0.005735995000009,0.0058203019999609,0.0235577739999826,Optimal,0,none,1.5168820269902543,0,5,100.0,100.0,100.0,2.0,0,2,0,0.0,0.0,0.0,0.0,0,2,0,0.0,0.0,0.0,0.0,0,2,0,0.0,0.0,0.0,0.0,0,0,0,0.0,0.0,0.0,0,0,0,0.0,0.0,0.0
Open Images,23282811e70b4df7,14,0,4,0,2,4,4,4,8,5,0,0,4,0.0161857680000139,0.0060977519999596,0.0,0.0060977519999596,0.006195244999958,0.0223815029999059,Optimal,0,none,1.2759353407224017,0,5,100.0,100.0,100.0,2.0,0,2,0,0.0,0.0,0.0,0.0,0,2,0,0.0,0.0,0.0,0.0,0,2,0,0.0,0.0,0.0,0.0,0,0,0,0.0,0.0,0.0,0,0,0,0.0,0.0,0.0
Open Images,24ecee17e7b53fab,21,0,2,0,4,22,8,22,30,17,0,0,8,0.0202466950000825,0.0075629780000099,0.0,0.0075629780000099,0.0077130659999511,0.0279603420000285,Optimal,0,none,3.726051446596783,0,13,100.0,100.0,100.0,2.0,0,4,0,0.0,0.0,0.0,0.0,0,4,0,0.0,0.0,0.0,0.0,0,4,0,0.0,0.0,0.0,0.0,0,0,0,0.0,0.0,0.0,0,0,0,0.0,0.0,0.0
Open Images,25ce96bd10afe1b0,46,1,9,0,8,101,16,101,117,65,0,0,16,0.0166247519999842,0.0100330389999498,0.0,0.0100330389999498,0.0102830149999135,0.026908169999956,Optimal,0,none,6.805458134015404,0,25,100.0,100.0,100.0,2.0,1,7,0,0.125,1.0,0.2222222222222222,0.7878359443574888,1,7,0,0.125,1.0,0.2222222222222222,0.7878359443574888,1,7,0,0.125,1.0,0.2222222222222222,0.7878359443574888,0,0,0,0.0,0.0,0.0,0,0,0,0.0,0.0,0.0
Open Images,26d3e6efda2035c0,20,0,2,0,1,0,2,0,2,1,0,0,2,0.0152026050000131,0.0055718049999313,0.0,0.0055718049999313,0.0056442310000193,0.0208472690000007,Optimal,0,none,0.6185739676157633,0,2,100.0,100.0,100.0,2.0,0,1,0,0.0,0.0,0.0,0.0,0,1,0,0.0,0.0,0.0,0.0,0,1,0,0.0,0.0,0.0,0.0,0,0,0,0.0,0.0,0.0,0,0,0,0.0,0.0,0.0
Open Images,2722015316635d05,15,1,1,0,2,4,4,4,8,5,0,0,4,0.0202316039999459,0.0058281410000518,0.0,0.0058281410000518,0.0059208000000126,0.0261528019999559,Optimal,0,none,1.5091525204976397,0,5,100.0,100.0,100.0,2.0,1,1,0,0.5,1.0,0.6666666666666666,0.9277365489355252,1,1,0,0.5,1.0,0.6666666666666666,0.9277365489355252,1,1,0,0.5,1.0,0.6666666666666666,0.9277365489355252,0,0,0,0.0,0.0,0.0,0,0,0,0.0,0.0,0.0
Open Images,286de7c921469cec,6,0,2,0,6,61,12,61,73,37,0,0,12,0.0180756339999561,0.0080681360000198,0.0,0.0080681360000198,0.0082649360000459,0.0263409960000444,Optimal,0,none,4.841648862885429,0,19,100.0,100.0,100.0,2.0,0,6,0,0.0,0.0,0.0,0.0,0,6,0,0.0,0.0,0.0,0.0,0,6,0,0.0,0.0,0.0,0.0,0,0,0,0.0,0.0,0.0,0,0,0,0.0,0.0,0.0
Open Images,2bded1f9cb587843,6,0,1,0,2,3,4,3,7,5,0,0,4,0.019301394000081,0.0061683590000711,0.0,0.0061683590000711,0.006270187000041,0.0255719709999766,Optimal,0,none,1.4189045079549152,0,5,100.0,100.0,100.0,2.0,0,2,0,0.0,0.0,0.0,0.0,0,2,0,0.0,0.0,0.0,0.0,0,2,0,0.0,0.0,0.0,0.0,0,0,0,0.0,0.0,0.0,0,0,0,0.0,0.0,0.0
Open Images,2ce0d48f1957670e,3,0,1,0,2,2,4,2,6,5,0,0,4,0.0151328240000339,0.0059653560000469,0.0,0.0059653560000469,0.0060536450000654,0.02118688500002,Optimal,0,none,1.112633851369222,0,5,100.0,100.0,100.0,2.0,0,2,0,0.0,0.0,0.0,0.0,0,2,0,0.0,0.0,0.0,0.0,0,2,0,0.0,0.0,0.0,0.0,0,0,0,0.0,0.0,0.0,0,0,0,0.0,0.0,0.0
Open Images,2dab4bf641b91d2a,20,1,2,0,4,18,8,18,26,17,0,0,8,0.0156284729999924,0.0071579619999511,0.0,0.0071579619999511,0.0072978309999598,0.0229267280000158,Optimal,0,none,3.3153839008013417,0,13,100.0,100.0,100.0,2.0,1,3,0,0.25,1.0,0.4,0.9404980766693048,1,3,0,0.25,1.0,0.4,0.9404980766693048,1,3,0,0.25,1.0,0.4,0.9404980766693048,0,0,0,0.0,0.0,0.0,0,0,0,0.0,0.0,0.0
Open Images,2e08a3701ae74310,14,3,1,0,4,18,8,18,26,17,0,0,8,0.0157965619999913,0.0074564770000051,0.0,0.0074564770000051,0.0075898510000342,0.023386832999904,Optimal,0,none,3.572542351881664,0,13,100.0,100.0,100.0,2.0,3,1,0,0.75,1.0,0.8571428571428571,0.8311407638447051,3,1,0,0.75,1.0,0.8571428571428571,0.8311407638447051,3,1,0,0.75,1.0,0.8571428571428571,0.8311407638447051,0,0,0,0.0,0.0,0.0,0,0,0,0.0,0.0,0.0
Open Images,2e1b6b5c14f7d522,58,0,1,0,22,878,44,878,922,485,0,0,44,0.022895544999983,0.0370626449999917,0.0,0.0370626449999917,0.0381314640000027,0.0610275569999885,Optimal,0,none,17.432239037946722,0,67,100.0,100.0,100.0,2.0,0,22,0,0.0,0.0,0.0,0.0,0,22,0,0.0,0.0,0.0,0.0,0,22,0,0.0,0.0,0.0,0.0,0,0,0,0.0,0.0,0.0,0,0,0,0.0,0.0,0.0
Open Images,2e6ed3de36f341f7,27,0,4,0,8,105,16,105,121,65,0,0,16,0.0178724400000191,0.0100458959999514,0.0,0.0100458959999514,0.0103076549999059,0.0281804879999754,Optimal,0,none,6.868904681746895,0,25,100.0,100.0,100.0,2.0,0,8,0,0.0,0.0,0.0,0.0,0,8,0,0.0,0.0,0.0,0.0,0,8,0,0.0,0.0,0.0,0.0,0,0,0,0.0,0.0,0.0,0,0,0,0.0,0.0,0.0
Open Images,2ed000d799794d71,9,3,2,2,4,22,8,22,30,17,0,0,8,0.020940792000033,0.0068820569999843,0.0,0.0068820569999843,0.0070196519999399,0.0279607480000549,Optimal,0,none,3.2402165584205767,0,13,100.0,100.0,100.0,2.0,2,2,1,0.5,0.6666666666666666,0.5714285714285715,0.8809923565849919,2,2,1,0.5,0.6666666666666666,0.5714285714285715,0.8809923565849919,2,2,1,0.5,0.6666666666666666,0.5714285714285715,0.8809923565849919,0,1,2,0.0,0.0,0.0,0,2,2,0.0,0.0,0.0
Open Images,2eeec709f51ecd0d,7,3,1,0,3,13,6,13,19,10,0,0,6,0.0187716010000258,0.0062228259999983,0.0,0.0062228259999983,0.0063379670000358,0.0251099000000749,Optimal,0,none,2.507648972026066,0,10,100.0,100.0,100.0,2.0,1,2,2,0.3333333333333333,0.3333333333333333,0.3333333333333333,0.7083609059484535,1,2,2,0.3333333333333333,0.3333333333333333,0.3333333333333333,0.7083609059484535,1,2,2,0.3333333333333333,0.3333333333333333,0.3333333333333333,0.7083609059484535,0,0,0,0.0,0.0,0.0,0,0,0,0.0,0.0,0.0
Open Images,2f8ff99a443af1df,12,1,1,0,6,41,12,41,53,37,0,0,12,0.017591116999938,0.0074677149999615,0.0,0.0074677149999615,0.0076459329999352,0.0252375300000267,Optimal,0,none,5.252360770702363,0,19,100.0,100.0,100.0,2.0,0,6,1,0.0,0.0,0.0,0.9657239857995884,0,6,1,0.0,0.0,0.0,0.9657239857995884,0,6,1,0.0,0.0,0.0,0.9657239857995884,0,0,0,0.0,0.0,0.0,0,0,0,0.0,0.0,0.0
Open Images,30ace30967aca271,17,0,4,0,2,2,4,2,6,5,0,0,4,0.0178134219999037,0.0057968319999872,0.0,0.0057968319999872,0.0059326460000193,0.0237464519999548,Optimal,0,none,1.4289038785298664,0,5,100.0,100.0,100.0,2.0,0,2,0,0.0,0.0,0.0,0.0,0,2,0,0.0,0.0,0.0,0.0,0,2,0,0.0,0.0,0.0,0.0,0,0,0,0.0,0.0,0.0,0,0,0,0.0,0.0,0.0
Open Images,333452abf04d1b2b,25,4,3,0,14,348,28,348,376,197,0,0,28,0.0207084740000027,0.0184182070000815,0.0,0.0184182070000815,0.0189129519999369,0.0396218670000507,Optimal,0,none,10.56008641423607,0,43,100.0,100.0,100.0,2.0,1,13,3,0.0714285714285714,0.25,0.1111111111111111,0.9417375249681936,1,13,3,0.0714285714285714,0.25,0.1111111111111111,0.9417375249681936,1,13,3,0.0714285714285714,0.25,0.1111111111111111,0.9417375249681936,0,0,0,0.0,0.0,0.0,0,0,0,0.0,0.0,0.0
Open Images,366209cb2cfa7f73,15,1,3,0,2,5,4,5,9,5,0,0,4,0.0305103809999991,0.0058183849999977,0.0,0.0058183849999977,0.0059103859999822,0.0364211340000792,Optimal,0,none,1.566732290585836,0,5,100.0,100.0,100.0,2.0,1,1,0,0.5,1.0,0.6666666666666666,0.9763294847710652,1,1,0,0.5,1.0,0.6666666666666666,0.9763294847710652,1,1,0,0.5,1.0,0.6666666666666666,0.9763294847710652,0,0,0,0.0,0.0,0.0,0,0,0,0.0,0.0,0.0
Open Images,36a1f2f6d9539824,4,0,2,0,3,12,6,12,18,10,0,0,6,0.0176109880000012,0.0059133930000143,0.0,0.0059133930000143,0.0060225199999877,0.0236338860000842,Optimal,0,none,2.4158232116699225,0,10,100.0,100.0,100.0,2.0,0,3,0,0.0,0.0,0.0,0.0,0,3,0,0.0,0.0,0.0,0.0,0,3,0,0.0,0.0,0.0,0.0,0,0,0,0.0,0.0,0.0,0,0,0,0.0,0.0,0.0
Open Images,3881457cb3a6585e,8,0,7,0,0,0,0,0,0,0,0,0,1,0.0164029250000794,0.0041402310000648,0.0,0.0041402310000648,0.0041681249999783,0.020571354000026,Optimal,0,none,,0,1,100.0,0.0,0.0,0.0,0,0,0,0.0,0.0,0.0,0.0,0,0,0,0.0,0.0,0.0,0.0,0,0,0,0.0,0.0,0.0,0.0,0,0,0,0.0,0.0,0.0,0,0,0,0.0,0.0,0.0
Open Images,38dde2b71edf6611,17,0,7,0,1,0,2,0,2,1,0,0,2,0.0159125359999734,0.0051869580000811,0.0,0.0051869580000811,0.0052396169999155,0.0211526240000239,Optimal,0,none,0.6259068648020427,0,2,100.0,100.0,100.0,2.0,0,1,0,0.0,0.0,0.0,0.0,0,1,0,0.0,0.0,0.0,0.0,0,1,0,0.0,0.0,0.0,0.0,0,0,0,0.0,0.0,0.0,0,0,0,0.0,0.0,0.0
Open Images,3b2444d13b3b30e1,14,2,1,0,4,27,8,27,35,17,0,0,8,0.0211587149999559,0.0070520649999252,0.0,0.0070520649999252,0.0071924860000081,0.0283515859999852,Optimal,0,none,3.62683763186137,0,13,100.0,100.0,100.0,2.0,2,2,0,0.5,1.0,0.6666666666666666,0.7416443980189081,2,2,0,0.5,1.0,0.6666666666666666,0.7416443980189081,2,2,0,0.5,1.0,0.6666666666666666,0.7416443980189081,0,0,0,0.0,0.0,0.0,0,0,0,0.0,0.0,0.0
Open Images,3b78e75f33d9b90a,10,2,5,0,2,4,4,4,8,5,0,0,4,0.0171553170000606,0.0065089780000562,0.0,0.0065089780000562,0.0066062479999118,0.0237620340000148,Optimal,0,none,1.472061498959859,0,5,100.0,100.0,100.0,2.0,0,2,2,0.0,0.0,0.0,0.0,0,2,2,0.0,0.0,0.0,0.0,0,2,2,0.0,0.0,0.0,0.0,0,0,0,0.0,0.0,0.0,0,0,0,0.0,0.0,0.0
Open Images,3ba112bd2a75b755,11,0,2,0,2,2,4,2,6,5,0,0,4,0.0195815109999557,0.0064411360000349,0.0,0.0064411360000349,0.0065361230000462,0.0261180579999518,Optimal,0,none,1.0605557449658711,0,5,100.0,100.0,100.0,2.0,0,2,0,0.0,0.0,0.0,0.0,0,2,0,0.0,0.0,0.0,0.0,0,2,0,0.0,0.0,0.0,0.0,0,0,0,0.0,0.0,0.0,0,0,0,0.0,0.0,0.0
Open Images,3bbedd517e851024,28,4,4,0,4,24,8,24,32,17,0,0,8,0.0165296500000522,0.0072889080000777,0.0,0.0072889080000777,0.0074491259999831,0.0239794159999746,Optimal,0,none,3.477640065352123,0,13,100.0,100.0,100.0,2.0,0,4,4,0.0,0.0,0.0,0.0,0,4,4,0.0,0.0,0.0,0.0,0,4,4,0.0,0.0,0.0,0.0,0,0,0,0.0,0.0,0.0,0,0,0,0.0,0.0,0.0
Open Images,3be189900a496924,18,2,5,0,2,4,4,4,8,5,0,0,4,0.0159399890000031,0.006239196000024,0.0,0.006239196000024,0.0063311579999663,0.0222715769999695,Optimal,0,none,1.5276188643773398,0,5,100.0,100.0,100.0,2.0,0,2,2,0.0,0.0,0.0,0.0,0,2,2,0.0,0.0,0.0,0.0,0,2,2,0.0,0.0,0.0,0.0,0,0,0,0.0,0.0,0.0,0,0,0,0.0,0.0,0.0
Open Images,3c134d48cbb1e25c,15,0,1,0,7,78,14,78,92,50,0,0,14,0.0191956290000234,0.009977387000049,0.0,0.009977387000049,0.0102007650000359,0.0293968560000621,Optimal,0,none,5.354841416781365,0,22,100.0,100.0,100.0,2.0,0,7,0,0.0,0.0,0.0,0.0,0,7,0,0.0,0.0,0.0,0.0,0,7,0,0.0,0.0,0.0,0.0,0,0,0,0.0,0.0,0.0,0,0,0,0.0,0.0,0.0
Open Images,3ce9353aae8238b1,34,1,1,0,9,122,18,122,140,82,0,0,18,0.0206467959999372,0.01152679300003,0.0,0.01152679300003,0.0118325180000056,0.0324797879999323,Optimal,0,none,6.994173042774204,0,28,100.0,100.0,100.0,2.0,1,8,0,0.1111111111111111,1.0,0.1999999999999999,0.8952752120231794,1,8,0,0.1111111111111111,1.0,0.1999999999999999,0.8952752120231794,1,8,0,0.1111111111111111,1.0,0.1999999999999999,0.8952752120231794,0,0,0,0.0,0.0,0.0,0,0,0,0.0,0.0,0.0
Open Images,3d1275028c1dcd88,41,8,3,0,8,103,16,103,119,65,0,0,16,0.021921323000015,0.0098816510000006,0.0,0.0098816510000006,0.0101251899999397,0.0320469619999812,Optimal,0,none,6.733682657918186,0,25,100.0,100.0,100.0,2.0,3,5,5,0.375,0.375,0.375,0.8094657921470095,3,5,5,0.375,0.375,0.375,0.8094657921470095,3,5,5,0.375,0.375,0.375,0.8094657921470095,0,0,0,0.0,0.0,0.0,0,0,0,0.0,0.0,0.0
Open Images,3d42dd0fca5505cf,8,0,4,0,3,8,6,8,14,10,0,0,6,0.0209675099999913,0.0060655289998976,0.0,0.0060655289998976,0.0061820070000067,0.0271499379999795,Optimal,0,none,2.358098704814911,0,10,100.0,100.0,100.0,2.0,0,3,0,0.0,0.0,0.0,0.0,0,3,0,0.0,0.0,0.0,0.0,0,3,0,0.0,0.0,0.0,0.0,0,0,0,0.0,0.0,0.0,0,0,0,0.0,0.0,0.0
Open Images,3e3f45d51c4a049e,22,0,2,0,3,10,6,10,16,10,0,0,6,0.0242382640000187,0.0062771670000074,0.0,0.0062771670000074,0.0064009669999904,0.0306396690000383,Optimal,0,none,2.181441133022308,0,10,100.0,100.0,100.0,2.0,0,3,0,0.0,0.0,0.0,0.0,0,3,0,0.0,0.0,0.0,0.0,0,3,0,0.0,0.0,0.0,0.0,0,0,0,0.0,0.0,0.0,0,0,0,0.0,0.0,0.0
Open Images,3e6029e1509f1dd1,12,1,1,0,2,4,4,4,8,5,0,0,4,0.0155754840000099,0.0058637109999608,0.0,0.0058637109999608,0.0059505860000399,0.0215264549999574,Optimal,0,none,1.3039254983266195,0,5,100.0,100.0,100.0,2.0,0,2,1,0.0,0.0,0.0,0.0,0,2,1,0.0,0.0,0.0,0.0,0,2,1,0.0,0.0,0.0,0.0,0,0,0,0.0,0.0,0.0,0,0,0,0.0,0.0,0.0
Open Images,3efce935d21b765a,33,1,1,0,4,20,8,20,28,17,0,0,8,0.0287701649999689,0.0069809740000437,0.0,0.0069809740000437,0.0071163599999408,0.0358870029999707,Optimal,0,none,3.581880542437237,0,13,100.0,100.0,100.0,2.0,1,3,0,0.25,1.0,0.4,0.9834501803810544,1,3,0,0.25,1.0,0.4,0.9834501803810544,1,3,0,0.25,1.0,0.4,0.9834501803810544,0,0,0,0.0,0.0,0.0,0,0,0,0.0,0.0,0.0
Open Images,3f2cc085cfc23975,26,2,1,0,2,2,4,2,6,5,0,0,4,0.0156907819999787,0.0060009139999692,0.0,0.0060009139999692,0.0060862750000296,0.0217775019999635,Optimal,0,none,1.5358788855870564,0,5,100.0,100.0,100.0,2.0,0,2,2,0.0,0.0,0.0,0.0,0,2,2,0.0,0.0,0.0,0.0,0,2,2,0.0,0.0,0.0,0.0,0,0,0,0.0,0.0,0.0,0,0,0,0.0,0.0,0.0
Open Images,3f67ddce3448e74c,19,1,1,0,2,4,4,4,8,5,0,0,4,0.0172631929999624,0.0057549870000457,0.0,0.0057549870000457,0.005843890000051,0.0231074749999606,Optimal,0,none,1.4666102202733362,0,5,100.0,100.0,100.0,2.0,1,1,0,0.5,1.0,0.6666666666666666,0.8218840960745321,1,1,0,0.5,1.0,0.6666666666666666,0.8218840960745321,1,1,0,0.5,1.0,0.6666666666666666,0.8218840960745321,0,0,0,0.0,0.0,0.0,0,0,0,0.0,0.0,0.0
Open Images,3f7d5b7ffa990565,27,8,12,0,7,80,14,80,94,49,0,0,14,0.0193376579999267,0.0091144739999435,0.0,0.0091144739999435,0.009338122000031,0.0286762519999683,Optimal,0,none,5.580904852549238,0,22,100.0,100.0,100.0,2.0,2,5,6,0.2857142857142857,0.25,0.2666666666666666,0.7044107466659228,2,5,6,0.2857142857142857,0.25,0.2666666666666666,0.7044107466659228,2,5,6,0.2857142857142857,0.25,0.2666666666666666,0.7044107466659228,0,0,0,0.0,0.0,0.0,0,0,0,0.0,0.0,0.0
Open Images,408209a5977369e8,14,0,6,0,1,0,2,0,2,1,0,0,2,0.0142886989999624,0.0056907309999587,0.0,0.0056907309999587,0.005750584999987,0.020039661999931,Optimal,0,none,0.6049686829249064,0,2,100.0,100.0,100.0,2.0,0,1,0,0.0,0.0,0.0,0.0,0,1,0,0.0,0.0,0.0,0.0,0,1,0,0.0,0.0,0.0,0.0,0,0,0,0.0,0.0,0.0,0,0,0,0.0,0.0,0.0
Open Images,41a362d2cf8dd3f8,12,0,2,0,1,0,2,0,2,1,0,0,2,0.0201186379999853,0.0069550629999639,0.0,0.0069550629999639,0.0070142929999974,0.0271333620000859,Optimal,0,none,0.6249683300654094,0,2,100.0,100.0,100.0,2.0,0,1,0,0.0,0.0,0.0,0.0,0,1,0,0.0,0.0,0.0,0.0,0,1,0,0.0,0.0,0.0,0.0,0,0,0,0.0,0.0,0.0,0,0,0,0.0,0.0,0.0
Open Images,422d4210cdcdb6a5,22,1,2,0,2,2,4,2,6,5,0,0,4,0.0171524249999492,0.0064378040000292,0.0,0.0064378040000292,0.0065320260000589,0.0236849249999977,Optimal,0,none,1.47836102326711,0,5,100.0,100.0,100.0,2.0,1,1,0,0.5,1.0,0.6666666666666666,0.6905396309462108,1,1,0,0.5,1.0,0.6666666666666666,0.6905396309462108,1,1,0,0.5,1.0,0.6666666666666666,0.6905396309462108,0,0,0,0.0,0.0,0.0,0,0,0,0.0,0.0,0.0
Open Images,4287fb387a363c94,11,0,6,0,3,10,6,10,16,10,0,0,6,0.0238258900000118,0.0062996770000154,0.0,0.0062996770000154,0.0064605649999975,0.0302868859999989,Optimal,0,none,2.331888611316681,0,10,100.0,100.0,100.0,2.0,0,3,0,0.0,0.0,0.0,0.0,0,3,0,0.0,0.0,0.0,0.0,0,3,0,0.0,0.0,0.0,0.0,0,0,0,0.0,0.0,0.0,0,0,0,0.0,0.0,0.0
Open Images,42cdf62be2cd206c,23,9,2,0,17,470,34,470,504,290,0,0,34,0.0229114699999399,0.0249266760000637,0.0,0.0249266760000637,0.0255405849999306,0.048452482000016,Optimal,0,none,14.20764364479021,0,52,100.0,100.0,100.0,2.0,6,11,3,0.3529411764705882,0.6666666666666666,0.4615384615384615,0.8482710950057251,6,11,3,0.3529411764705882,0.6666666666666666,0.4615384615384615,0.8482710950057251,6,11,3,0.3529411764705882,0.6666666666666666,0.4615384615384615,0.8482710950057251,0,0,0,0.0,0.0,0.0,0,0,0,0.0,0.0,0.0
Open Images,43c19287631911c6,29,1,1,0,1,0,2,0,2,1,0,0,2,0.0182455860000345,0.0056347189999996,0.0,0.0056347189999996,0.0056932990000859,0.023939220000102,Optimal,0,none,0.5776530663172403,0,2,100.0,100.0,100.0,2.0,0,1,1,0.0,0.0,0.0,0.0,0,1,1,0.0,0.0,0.0,0.0,0,1,1,0.0,0.0,0.0,0.0,0,0,0,0.0,0.0,0.0,0,0,0,0.0,0.0,0.0
Open Images,43f2a4b7197637ff,3,1,2,0,1,0,2,0,2,1,0,0,2,0.0191235009999672,0.0056960950000757,0.0,0.0056960950000757,0.0057573169999614,0.0248811720000503,Optimal,0,none,0.6429742733637491,0,2,100.0,100.0,100.0,2.0,1,0,0,1.0,1.0,1.0,0.9540948588703974,1,0,0,1.0,1.0,1.0,0.9540948588703974,1,0,0,1.0,1.0,1.0,0.9540948588703974,0,0,0,0.0,0.0,0.0,0,0,0,0.0,0.0,0.0
Open Images,4420025f6d6ab706,23,1,2,0,7,66,14,66,80,50,0,0,14,0.0258415700000114,0.0098524370000632,0.0,0.0098524370000632,0.0100774289999208,0.0359194760000036,Optimal,0,none,5.750148694876083,0,22,100.0,100.0,100.0,2.0,1,6,0,0.1428571428571428,1.0,0.25,0.9471912386236794,1,6,0,0.1428571428571428,1.0,0.25,0.9471912386236794,1,6,0,0.1428571428571428,1.0,0.25,0.9471912386236794,0,0,0,0.0,0.0,0.0,0,0,0,0.0,0.0,0.0
Open Images,450dc8db3bfee2c9,25,0,1,0,3,9,6,9,15,10,0,0,6,0.0162235950000422,0.0065131009999959,0.0,0.0065131009999959,0.006637167000008,0.0228612360000397,Optimal,0,none,2.5320233511924743,0,10,100.0,100.0,100.0,2.0,0,3,0,0.0,0.0,0.0,0.0,0,3,0,0.0,0.0,0.0,0.0,0,3,0,0.0,0.0,0.0,0.0,0,0,0,0.0,0.0,0.0,0,0,0,0.0,0.0,0.0
Open Images,489b8628e0f419a5,23,1,1,0,2,6,4,6,10,5,0,0,4,0.019011604999946,0.0059763990000192,0.0,0.0059763990000192,0.0060662339999453,0.0250782719999733,Optimal,0,none,1.4132146628697717,0,5,100.0,100.0,100.0,2.0,1,1,0,0.5,1.0,0.6666666666666666,0.9412092352338386,1,1,0,0.5,1.0,0.6666666666666666,0.9412092352338386,1,1,0,0.5,1.0,0.6666666666666666,0.9412092352338386,0,0,0,0.0,0.0,0.0,0,0,0,0.0,0.0,0.0
Open Images,48abd1db27d7de96,32,2,1,0,7,77,14,77,91,50,0,0,14,0.0159933190000174,0.0093255990000216,0.0,0.0093255990000216,0.0095491660000561,0.025542879999989,Optimal,0,none,5.730502754847211,0,22,100.0,100.0,100.0,2.0,2,5,0,0.2857142857142857,1.0,0.4444444444444445,0.8365104225501365,2,5,0,0.2857142857142857,1.0,0.4444444444444445,0.8365104225501365,2,5,0,0.2857142857142857,1.0,0.4444444444444445,0.8365104225501365,0,0,0,0.0,0.0,0.0,0,0,0,0.0,0.0,0.0
Open Images,48cd906fad6004bf,3,0,2,0,3,6,6,6,12,10,0,0,6,0.0182124180000755,0.0056371369998942,0.0,0.0056371369998942,0.0057442319999836,0.0239570720000301,Optimal,0,none,2.636022543907166,0,10,100.0,100.0,100.0,2.0,0,3,0,0.0,0.0,0.0,0.0,0,3,0,0.0,0.0,0.0,0.0,0,3,0,0.0,0.0,0.0,0.0,0,0,0,0.0,0.0,0.0,0,0,0,0.0,0.0,0.0
Open Images,48d7e9892a1653e3,7,0,2,0,2,4,4,4,8,5,0,0,4,0.0164009850000184,0.0059178579999752,0.0,0.0059178579999752,0.0060045349999882,0.0224059070000066,Optimal,0,none,1.3847689302762354,0,5,100.0,100.0,100.0,2.0,0,2,0,0.0,0.0,0.0,0.0,0,2,0,0.0,0.0,0.0,0.0,0,2,0,0.0,0.0,0.0,0.0,0,0,0,0.0,0.0,0.0,0,0,0,0.0,0.0,0.0
Open Images,494c1c49e967eb79,33,1,5,0,6,46,12,46,58,37,0,0,12,0.0210666640000454,0.0082207230000221,0.0,0.0082207230000221,0.0084040179999647,0.0294711170000709,Optimal,0,none,5.051163768978144,0,19,100.0,100.0,100.0,2.0,1,5,0,0.1666666666666666,1.0,0.2857142857142857,0.6880547856875847,1,5,0,0.1666666666666666,1.0,0.2857142857142857,0.6880547856875847,1,5,0,0.1666666666666666,1.0,0.2857142857142857,0.6880547856875847,0,0,0,0.0,0.0,0.0,0,0,0,0.0,0.0,0.0
Open Images,49cc9e3699b6a53e,43,0,7,0,12,250,24,250,274,145,0,0,24,0.0165141969999922,0.0155302699999992,0.0,0.0155302699999992,0.0159635469999557,0.0324781509999638,Optimal,0,none,10.374908093047235,0,37,100.0,100.0,100.0,2.0,0,12,0,0.0,0.0,0.0,0.0,0,12,0,0.0,0.0,0.0,0.0,0,12,0,0.0,0.0,0.0,0.0,0,0,0,0.0,0.0,0.0,0,0,0,0.0,0.0,0.0
Open Images,4a197f10b93d99d8,28,0,1,0,11,181,22,181,203,122,0,0,22,0.0222274970000171,0.0136271610000449,0.0,0.0136271610000449,0.0140371109999932,0.0362650179999946,Optimal,0,none,9.698943167888052,0,34,100.0,100.0,100.0,2.0,0,11,0,0.0,0.0,0.0,0.0,0,11,0,0.0,0.0,0.0,0.0,0,11,0,0.0,0.0,0.0,0.0,0,0,0,0.0,0.0,0.0,0,0,0,0.0,0.0,0.0
Open Images,4c9154ccd94191ff,8,1,1,0,2,2,4,2,6,5,0,0,4,0.0159934890000386,0.005944799999952,0.0,0.005944799999952,0.00603153499992,0.0220253909999428,Optimal,0,none,1.5633806975682578,0,5,100.0,100.0,100.0,2.0,1,1,0,0.5,1.0,0.6666666666666666,0.9346366901550184,1,1,0,0.5,1.0,0.6666666666666666,0.9346366901550184,1,1,0,0.5,1.0,0.6666666666666666,0.9346366901550184,0,0,0,0.0,0.0,0.0,0,0,0,0.0,0.0,0.0
Open Images,4dd4010e95454176,38,17,4,0,12,263,24,263,287,145,0,0,24,0.0176623150000523,0.0154660499999863,0.0,0.0154660499999863,0.0158912400000872,0.0335539610000523,Optimal,0,none,9.23526439800304,0,37,100.0,100.0,100.0,2.0,5,7,12,0.4166666666666667,0.2941176470588235,0.3448275862068966,0.8339316048579433,5,7,12,0.4166666666666667,0.2941176470588235,0.3448275862068966,0.8339316048579433,5,7,12,0.4166666666666667,0.2941176470588235,0.3448275862068966,0.8339316048579433,0,0,0,0.0,0.0,0.0,0,0,0,0.0,0.0,0.0
Open Images,4e409a31ed9b18e3,13,0,2,0,1,0,2,0,2,1,0,0,2,0.0145168929999499,0.005251864999991,0.0,0.005251864999991,0.0053100139999742,0.0198273009999638,Optimal,0,none,0.5883642594019571,0,2,100.0,100.0,100.0,2.0,0,1,0,0.0,0.0,0.0,0.0,0,1,0,0.0,0.0,0.0,0.0,0,1,0,0.0,0.0,0.0,0.0,0,0,0,0.0,0.0,0.0,0,0,0,0.0,0.0,0.0
Open Images,515d392264b903b5,2,0,1,0,2,3,4,3,7,5,0,0,4,0.0158128949999536,0.0058666430001039,0.0,0.0058666430001039,0.0059506779999765,0.0217639689999487,Optimal,0,none,1.4269418032964074,0,5,100.0,100.0,100.0,2.0,0,2,0,0.0,0.0,0.0,0.0,0,2,0,0.0,0.0,0.0,0.0,0,2,0,0.0,0.0,0.0,0.0,0,0,0,0.0,0.0,0.0,0,0,0,0.0,0.0,0.0
Open Images,52072b5c865a4f30,4,0,2,0,2,5,4,5,9,5,0,0,4,0.0157880860000432,0.0061607710000544,0.0,0.0061607710000544,0.0062527630000204,0.0220412180000266,Optimal,0,none,1.3527065957355815,0,5,100.0,100.0,100.0,2.0,0,2,0,0.0,0.0,0.0,0.0,0,2,0,0.0,0.0,0.0,0.0,0,2,0,0.0,0.0,0.0,0.0,0,0,0,0.0,0.0,0.0,0,0,0,0.0,0.0,0.0
Open Images,52371c64db9ee3f2,34,2,13,0,23,850,46,850,896,530,0,0,46,0.028693723999936,0.0419026879999364,0.0,0.0419026879999364,0.0429276720000189,0.0716218019999814,Optimal,0,none,18.856492051964665,0,70,100.0,100.0,100.0,2.0,1,22,1,0.0434782608695652,0.5,0.08,0.7475729044820907,1,22,1,0.0434782608695652,0.5,0.08,0.7475729044820907,1,22,1,0.0434782608695652,0.5,0.08,0.7475729044820907,0,0,0,0.0,0.0,0.0,0,0,0,0.0,0.0,0.0
Open Images,537fcd028b47bc5f,11,0,1,0,2,2,4,2,6,5,0,0,4,0.0195835220000617,0.0059554839999691,0.0,0.0059554839999691,0.006041497999945,0.0256253999999671,Optimal,0,none,1.1408699162801106,0,5,100.0,100.0,100.0,2.0,0,2,0,0.0,0.0,0.0,0.0,0,2,0,0.0,0.0,0.0,0.0,0,2,0,0.0,0.0,0.0,0.0,0,0,0,0.0,0.0,0.0,0,0,0,0.0,0.0,0.0
Open Images,561fe7f628410a18,12,1,1,0,1,0,2,0,2,1,0,0,2,0.0172184760000391,0.0053735789999791,0.0,0.0053735789999791,0.0054477060000408,0.0226665630000297,Optimal,0,none,0.6247866074244182,0,2,100.0,100.0,100.0,2.0,0,1,1,0.0,0.0,0.0,0.0,0,1,1,0.0,0.0,0.0,0.0,0,1,1,0.0,0.0,0.0,0.0,0,0,0,0.0,0.0,0.0,0,0,0,0.0,0.0,0.0
Open Images,571e87b93aecab33,7,1,1,0,4,22,8,22,30,17,0,0,8,0.0157859830000006,0.0068374819999235,0.0,0.0068374819999235,0.0070077999999966,0.0227942719999418,Optimal,0,none,2.904967137972515,0,13,100.0,100.0,100.0,2.0,0,4,1,0.0,0.0,0.0,0.9646173330990332,0,4,1,0.0,0.0,0.0,0.9646173330990332,0,4,1,0.0,0.0,0.0,0.9646173330990332,0,0,0,0.0,0.0,0.0,0,0,0,0.0,0.0,0.0
Open Images,582be29db5b1a39d,14,0,6,0,1,0,2,0,2,1,0,0,2,0.0185154349999265,0.0052525880000757,0.0,0.0052525880000757,0.0053068070000108,0.0238225679999004,Optimal,0,none,0.6219467560450236,0,2,100.0,100.0,100.0,2.0,0,1,0,0.0,0.0,0.0,0.0,0,1,0,0.0,0.0,0.0,0.0,0,1,0,0.0,0.0,0.0,0.0,0,0,0,0.0,0.0,0.0,0,0,0,0.0,0.0,0.0
Open Images,5847ef17fa137eea,5,2,3,0,2,2,4,2,6,5,0,0,4,0.0176706280000189,0.0054191659999105,0.0,0.0054191659999105,0.0055039079999232,0.0231749499999978,Optimal,0,none,1.3325619848569237,0,5,100.0,100.0,100.0,2.0,1,1,1,0.5,0.5,0.5,0.9670630448871076,1,1,1,0.5,0.5,0.5,0.9670630448871076,1,1,1,0.5,0.5,0.5,0.9670630448871076,0,0,0,0.0,0.0,0.0,0,0,0,0.0,0.0,0.0
Open Images,5a1600c71cb5d944,13,0,1,0,1,0,2,0,2,1,0,0,2,0.0206522539999696,0.0059793069999614,0.0,0.0059793069999614,0.0060434830000986,0.026696222000055,Optimal,0,none,0.6453392903010051,0,2,100.0,100.0,100.0,2.0,0,1,0,0.0,0.0,0.0,0.0,0,1,0,0.0,0.0,0.0,0.0,0,1,0,0.0,0.0,0.0,0.0,0,0,0,0.0,0.0,0.0,0,0,0,0.0,0.0,0.0
Open Images,5a63bb568d149c2e,21,4,3,0,15,392,30,392,422,226,0,0,30,0.0263551680000091,0.0206055500000275,0.0,0.0206055500000275,0.02121062599997,0.0475662630000215,Optimal,0,none,12.64078607160561,0,46,100.0,100.0,100.0,2.0,2,13,2,0.1333333333333333,0.5,0.2105263157894737,0.6949107165891328,2,13,2,0.1333333333333333,0.5,0.2105263157894737,0.6949107165891328,2,13,2,0.1333333333333333,0.5,0.2105263157894737,0.6949107165891328,0,0,0,0.0,0.0,0.0,0,0,0,0.0,0.0,0.0
Open Images,5b906e188aac9f24,12,5,1,0,4,23,8,23,31,17,0,0,8,0.020378355000048,0.0070168950001061,0.0,0.0070168950001061,0.0071649760000127,0.0275438039999471,Optimal,0,none,3.185992659727733,0,13,100.0,100.0,100.0,2.0,1,3,4,0.25,0.2,0.2222222222222222,0.9499007163455746,1,3,4,0.25,0.2,0.2222222222222222,0.9499007163455746,1,3,4,0.25,0.2,0.2222222222222222,0.9499007163455746,0,0,0,0.0,0.0,0.0,0,0,0,0.0,0.0,0.0
Open Images,5e59e5dc357f93f4,41,0,6,0,9,112,18,112,130,82,0,0,18,0.0222409659999129,0.0102374320000535,0.0,0.0102374320000535,0.0104975030000105,0.0327390499999182,Optimal,0,none,7.89253281593323,0,28,100.0,100.0,100.0,2.0,0,9,0,0.0,0.0,0.0,0.0,0,9,0,0.0,0.0,0.0,0.0,0,9,0,0.0,0.0,0.0,0.0,0,0,0,0.0,0.0,0.0,0,0,0,0.0,0.0,0.0
Open Images,5ee03b187a08d7a4,13,1,2,0,4,20,8,20,28,17,0,0,8,0.0161668880000434,0.0069860329999755,0.0,0.0069860329999755,0.0071282569999766,0.0232955840000386,Optimal,0,none,3.2745697228113824,0,13,100.0,100.0,100.0,2.0,1,3,0,0.25,1.0,0.4,0.9109989097616362,1,3,0,0.25,1.0,0.4,0.9109989097616362,1,3,0,0.25,1.0,0.4,0.9109989097616362,0,0,0,0.0,0.0,0.0,0,0,0,0.0,0.0,0.0
Open Images,6022a450df278025,24,4,5,0,7,84,14,84,98,50,0,0,14,0.0168802990000358,0.0094189339999957,0.0,0.0094189339999957,0.0096403979999877,0.0265211939999971,Optimal,0,none,6.004609479793197,0,22,100.0,100.0,100.0,2.0,1,6,3,0.1428571428571428,0.25,0.1818181818181818,0.8704567639419242,1,6,3,0.1428571428571428,0.25,0.1818181818181818,0.8704567639419242,1,6,3,0.1428571428571428,0.25,0.1818181818181818,0.8704567639419242,0,0,0,0.0,0.0,0.0,0,0,0,0.0,0.0,0.0
Open Images,60fdb7fd333eaf74,13,1,1,0,3,12,6,12,18,10,0,0,6,0.019470253999998,0.0060920480000277,0.0,0.0060920480000277,0.0062080510000441,0.0256786219999867,Optimal,0,none,2.3895003780851005,0,10,100.0,100.0,100.0,2.0,0,3,1,0.0,0.0,0.0,0.6358215290280492,0,3,1,0.0,0.0,0.0,0.6358215290280492,0,3,1,0.0,0.0,0.0,0.6358215290280492,0,0,0,0.0,0.0,0.0,0,0,0,0.0,0.0,0.0
Open Images,656abc78a9534c08,23,0,3,0,3,10,6,10,16,10,0,0,6,0.0197030840000707,0.006039802000032,0.0,0.006039802000032,0.0061560030000009,0.0258595340000056,Optimal,0,none,2.487022240161896,0,10,100.0,100.0,100.0,2.0,0,3,0,0.0,0.0,0.0,0.0,0,3,0,0.0,0.0,0.0,0.0,0,3,0,0.0,0.0,0.0,0.0,0,0,0,0.0,0.0,0.0,0,0,0,0.0,0.0,0.0
Open Images,659fc7394df83f02,5,0,2,0,1,0,2,0,2,1,0,0,2,0.0201740179999205,0.0056173880000187,0.0,0.0056173880000187,0.0056786289999308,0.025853035999944,Optimal,0,none,0.5737250010172525,0,2,100.0,100.0,100.0,2.0,0,1,0,0.0,0.0,0.0,0.0,0,1,0,0.0,0.0,0.0,0.0,0,1,0,0.0,0.0,0.0,0.0,0,0,0,0.0,0.0,0.0,0,0,0,0.0,0.0,0.0
Open Images,66628a0eee9deb75,7,0,3,0,1,0,2,0,2,1,0,0,2,0.0177083659999652,0.0054630980000638,0.0,0.0054630980000638,0.0055581939999456,0.0232669529999611,Optimal,0,none,0.4622777024904887,0,2,100.0,100.0,100.0,2.0,0,1,0,0.0,0.0,0.0,0.0,0,1,0,0.0,0.0,0.0,0.0,0,1,0,0.0,0.0,0.0,0.0,0,0,0,0.0,0.0,0.0,0,0,0,0.0,0.0,0.0
Open Images,66a048ed7d6aabcc,5,1,3,0,3,11,6,11,17,10,0,0,6,0.0290290010000262,0.0075055610000163,0.0,0.0075055610000163,0.0077465949999577,0.0367764669999814,Optimal,0,none,2.542080674171449,0,10,100.0,100.0,100.0,2.0,1,2,0,0.3333333333333333,1.0,0.5,0.9586946835108086,1,2,0,0.3333333333333333,1.0,0.5,0.9586946835108086,1,2,0,0.3333333333333333,1.0,0.5,0.9586946835108086,0,0,0,0.0,0.0,0.0,0,0,0,0.0,0.0,0.0
Open Images,66ef4a8a4a84b9b3,74,8,14,0,10,160,20,160,180,101,0,0,20,0.0281419959999311,0.0152765199999294,0.0,0.0152765199999294,0.0160636059999887,0.0442064059999438,Optimal,0,none,8.574917933146162,0,31,100.0,100.0,100.0,2.0,2,8,6,0.2,0.25,0.2222222222222222,0.7288007563651839,2,8,6,0.2,0.25,0.2222222222222222,0.7288007563651839,2,8,6,0.2,0.25,0.2222222222222222,0.7288007563651839,0,0,0,0.0,0.0,0.0,0,0,0,0.0,0.0,0.0
Open Images,671dce6fe4eb944d,15,2,3,0,2,3,4,3,7,5,0,0,4,0.0170621710000205,0.0060414380000111,0.0,0.0060414380000111,0.0061529789999212,0.0232158840000238,Optimal,0,none,1.304874447186788,0,5,100.0,100.0,100.0,2.0,0,2,2,0.0,0.0,0.0,0.0,0,2,2,0.0,0.0,0.0,0.0,0,2,2,0.0,0.0,0.0,0.0,0,0,0,0.0,0.0,0.0,0,0,0,0.0,0.0,0.0
Open Images,67bb81df42352db9,7,2,2,0,2,4,4,4,8,5,0,0,4,0.0175400650000483,0.0061196660000177,0.0,0.0061196660000177,0.0062110259999599,0.0237515630000189,Optimal,0,none,1.566270235379537,0,5,100.0,100.0,100.0,2.0,1,1,1,0.5,0.5,0.5,0.9841614515656684,1,1,1,0.5,0.5,0.5,0.9841614515656684,1,1,1,0.5,0.5,0.5,0.9841614515656684,0,0,0,0.0,0.0,0.0,0,0,0,0.0,0.0,0.0
Open Images,69788246df023ddf,8,0,1,0,1,0,2,0,2,1,0,0,2,0.0242642599999953,0.0059152269999458,0.0,0.0059152269999458,0.0059770400000616,0.030241693999983,Optimal,0,none,0.4692866484324137,0,2,100.0,100.0,100.0,2.0,0,1,0,0.0,0.0,0.0,0.0,0,1,0,0.0,0.0,0.0,0.0,0,1,0,0.0,0.0,0.0,0.0,0,0,0,0.0,0.0,0.0,0,0,0,0.0,0.0,0.0
Open Images,6a316f2b341bdc0b,16,1,2,0,3,11,6,11,17,10,0,0,6,0.0202513399999588,0.0063090809999266,0.0,0.0063090809999266,0.0064290359999858,0.0266808200000241,Optimal,0,none,2.5405811452865605,0,10,100.0,100.0,100.0,2.0,1,2,0,0.3333333333333333,1.0,0.5,0.804613527607876,1,2,0,0.3333333333333333,1.0,0.5,0.804613527607876,1,2,0,0.3333333333333333,1.0,0.5,0.804613527607876,0,0,0,0.0,0.0,0.0,0,0,0,0.0,0.0,0.0
Open Images,6a6881aefff9ad58,26,5,2,0,19,648,38,648,686,362,0,0,38,0.0205386740000221,0.0310161190000144,0.0,0.0310161190000144,0.0318957709999949,0.0524349969999775,Optimal,0,none,15.390914436256612,0,58,100.0,100.0,100.0,2.0,5,14,0,0.2631578947368421,1.0,0.4166666666666667,0.8007397270473495,5,14,0,0.2631578947368421,1.0,0.4166666666666667,0.8007397270473495,5,14,0,0.2631578947368421,1.0,0.4166666666666667,0.8007397270473495,0,0,0,0.0,0.0,0.0,0,0,0,0.0,0.0,0.0
Open Images,6bff678ea2346ac5,23,0,2,0,3,10,6,10,16,10,0,0,6,0.0217010540000046,0.006374461000064,0.0,0.006374461000064,0.0064962950000335,0.0281978259999959,Optimal,0,none,2.4265388894081115,0,10,100.0,100.0,100.0,2.0,0,3,0,0.0,0.0,0.0,0.0,0,3,0,0.0,0.0,0.0,0.0,0,3,0,0.0,0.0,0.0,0.0,0,0,0,0.0,0.0,0.0,0,0,0,0.0,0.0,0.0
Open Images,6c1cd7fdc967c0d5,11,0,1,0,1,0,2,0,2,1,0,0,2,0.0173009379999484,0.006416841000032,0.0,0.006416841000032,0.0064833429998998,0.0237847949999832,Optimal,0,none,0.5347943226496379,0,2,100.0,100.0,100.0,2.0,0,1,0,0.0,0.0,0.0,0.0,0,1,0,0.0,0.0,0.0,0.0,0,1,0,0.0,0.0,0.0,0.0,0,0,0,0.0,0.0,0.0,0,0,0,0.0,0.0,0.0
Open Images,6c2aa294019ac91a,32,1,7,0,9,122,18,122,140,82,0,0,18,0.0163481079999883,0.0108895780000466,0.0,0.0108895780000466,0.0111745629999404,0.0275231379999922,Optimal,0,none,7.642404734442259,0,28,100.0,100.0,100.0,2.0,0,9,1,0.0,0.0,0.0,0.886632223321397,0,9,1,0.0,0.0,0.0,0.886632223321397,0,9,1,0.0,0.0,0.0,0.886632223321397,0,0,0,0.0,0.0,0.0,0,0,0,0.0,0.0,0.0
Open Images,6c8dafac9ee9d86e,35,2,1,0,29,1557,58,1557,1615,842,0,0,58,0.0211434029999963,0.0641144469999517,0.0,0.0641144469999517,0.0657755400000041,0.0869195430000218,Optimal,0,none,23.76828590882201,0,88,100.0,100.0,100.0,2.0,2,27,0,0.0689655172413793,1.0,0.1290322580645161,0.854136576486664,2,27,0,0.0689655172413793,1.0,0.1290322580645161,0.854136576486664,2,27,0,0.0689655172413793,1.0,0.1290322580645161,0.854136576486664,0,0,0,0.0,0.0,0.0,0,0,0,0.0,0.0,0.0
Open Images,6d83767827cba4a3,16,0,2,0,1,0,2,0,2,1,0,0,2,0.0218678630000113,0.0055233900000075,0.0,0.0055233900000075,0.005582974000049,0.0274511740000207,Optimal,0,none,0.5746572653452555,0,2,100.0,100.0,100.0,2.0,0,1,0,0.0,0.0,0.0,0.0,0,1,0,0.0,0.0,0.0,0.0,0,1,0,0.0,0.0,0.0,0.0,0,0,0,0.0,0.0,0.0,0,0,0,0.0,0.0,0.0
Open Images,6fc0ad531ee4c66e,6,1,1,0,1,0,2,0,2,1,0,0,2,0.0179658929999959,0.005562343000065,0.0,0.005562343000065,0.0056201300000111,0.0235864630000151,Optimal,0,none,0.5821491400400798,0,2,100.0,100.0,100.0,2.0,0,1,1,0.0,0.0,0.0,0.5415314737915627,0,1,1,0.0,0.0,0.0,0.5415314737915627,0,1,1,0.0,0.0,0.0,0.5415314737915627,0,0,0,0.0,0.0,0.0,0,0,0,0.0,0.0,0.0
Open Images,71631731c0d63e45,10,0,2,0,2,6,4,6,10,5,0,0,4,0.0196311400000013,0.005846775000009,0.0,0.005846775000009,0.0059388050000279,0.025570292999987,Optimal,0,none,1.55122828801473,0,5,100.0,100.0,100.0,2.0,0,2,0,0.0,0.0,0.0,0.0,0,2,0,0.0,0.0,0.0,0.0,0,2,0,0.0,0.0,0.0,0.0,0,0,0,0.0,0.0,0.0,0,0,0,0.0,0.0,0.0
Open Images,72157cefa7c57ec8,16,1,1,0,5,40,10,40,50,26,0,0,10,0.017141889999948,0.0075766230000908,0.0,0.0075766230000908,0.0077395069999965,0.0248817859999235,Optimal,0,none,4.141785181363425,0,16,100.0,100.0,100.0,2.0,1,4,0,0.2,1.0,0.3333333333333333,0.801752058503448,1,4,0,0.2,1.0,0.3333333333333333,0.801752058503448,1,4,0,0.2,1.0,0.3333333333333333,0.801752058503448,0,0,0,0.0,0.0,0.0,0,0,0,0.0,0.0,0.0
Open Images,7290c66c57edfdc5,5,2,3,0,2,2,4,2,6,5,0,0,4,0.016476918999956,0.0056234590000485,0.0,0.0056234590000485,0.0057241089999706,0.0222014519999902,Optimal,0,none,1.3604338296254477,0,5,100.0,100.0,100.0,2.0,0,2,2,0.0,0.0,0.0,0.9537218440071088,0,2,2,0.0,0.0,0.0,0.9537218440071088,0,2,2,0.0,0.0,0.0,0.9537218440071088,0,0,0,0.0,0.0,0.0,0,0,0,0.0,0.0,0.0
Open Images,7546e007f40fb1a9,47,2,1,0,7,75,14,75,89,50,0,0,14,0.020684363999976,0.0090938810000125,0.0,0.0090938810000125,0.0093129179999777,0.0299976750000041,Optimal,0,none,5.782237033483483,0,22,100.0,100.0,100.0,2.0,2,5,0,0.2857142857142857,1.0,0.4444444444444445,0.7303477867763056,2,5,0,0.2857142857142857,1.0,0.4444444444444445,0.7303477867763056,2,5,0,0.2857142857142857,1.0,0.4444444444444445,0.7303477867763056,0,0,0,0.0,0.0,0.0,0,0,0,0.0,0.0,0.0
Open Images,75ed7924c47f984d,19,0,5,0,1,0,2,0,2,1,0,0,2,0.0160138640000013,0.0056695419999641,0.0,0.0056695419999641,0.0057251670000368,0.0217393809999748,Optimal,0,none,0.497781507174174,0,2,100.0,100.0,100.0,2.0,0,1,0,0.0,0.0,0.0,0.0,0,1,0,0.0,0.0,0.0,0.0,0,1,0,0.0,0.0,0.0,0.0,0,0,0,0.0,0.0,0.0,0,0,0,0.0,0.0,0.0
Open Images,793b05bcb9445b1f,38,1,2,0,6,48,12,48,60,37,0,0,12,0.0189605069999743,0.0080305940000471,0.0,0.0080305940000471,0.0082102380000605,0.0271711730000561,Optimal,0,none,5.417931077620886,0,19,100.0,100.0,100.0,2.0,1,5,0,0.1666666666666666,1.0,0.2857142857142857,0.9479942182770192,1,5,0,0.1666666666666666,1.0,0.2857142857142857,0.9479942182770192,1,5,0,0.1666666666666666,1.0,0.2857142857142857,0.9479942182770192,0,0,0,0.0,0.0,0.0,0,0,0,0.0,0.0,0.0
Open Images,7a87225ae9d63bcd,57,20,6,0,16,460,32,460,492,257,0,0,32,0.0269085069999164,0.0228608589999339,0.0,0.0228608589999339,0.0234558930000048,0.0503648430000112,Optimal,0,none,12.664070472384283,0,49,100.0,100.0,100.0,2.0,10,6,10,0.625,0.5,0.5555555555555556,0.8127016881004663,10,6,10,0.625,0.5,0.5555555555555556,0.8127016881004663,10,6,10,0.625,0.5,0.5555555555555556,0.8127016881004663,0,0,0,0.0,0.0,0.0,0,0,0,0.0,0.0,0.0
Open Images,7a9767c9f102b469,16,1,1,0,3,10,6,10,16,10,0,0,6,0.0208556529998986,0.0060469520000197,0.0,0.0060469520000197,0.0061566089999587,0.0270126529999288,Optimal,0,none,2.323779697418213,0,10,100.0,100.0,100.0,2.0,1,2,0,0.3333333333333333,1.0,0.5,0.93504238735714,1,2,0,0.3333333333333333,1.0,0.5,0.93504238735714,1,2,0,0.3333333333333333,1.0,0.5,0.93504238735714,0,0,0,0.0,0.0,0.0,0,0,0,0.0,0.0,0.0
Open Images,7aff58e036d03b98,47,3,8,0,8,84,16,84,100,65,0,0,16,0.0206738230000382,0.0109837920000472,0.0,0.0109837920000472,0.0112137009999742,0.0318880130000707,Optimal,0,none,7.2004068311055525,0,25,100.0,100.0,100.0,2.0,3,5,0,0.375,1.0,0.5454545454545454,0.933787840578589,3,5,0,0.375,1.0,0.5454545454545454,0.933787840578589,3,5,0,0.375,1.0,0.5454545454545454,0.933787840578589,0,0,0,0.0,0.0,0.0,0,0,0,0.0,0.0,0.0
Open Images,7b072d084f4d3198,13,0,1,0,2,4,4,4,8,5,0,0,4,0.0192458779999924,0.0067714640000531,0.0,0.0067714640000531,0.0068750440000258,0.0261213890000817,Optimal,0,none,1.3799689420064287,0,5,100.0,100.0,100.0,2.0,0,2,0,0.0,0.0,0.0,0.0,0,2,0,0.0,0.0,0.0,0.0,0,2,0,0.0,0.0,0.0,0.0,0,0,0,0.0,0.0,0.0,0,0,0,0.0,0.0,0.0
Open Images,7c888d0d5fd5b56e,49,0,4,0,5,34,10,34,44,26,0,0,10,0.0200840070000367,0.0082820230001061,0.0,0.0082820230001061,0.008467651999922,0.0285520910000514,Optimal,0,none,4.287767823573744,0,16,100.0,100.0,100.0,2.0,0,5,0,0.0,0.0,0.0,0.0,0,5,0,0.0,0.0,0.0,0.0,0,5,0,0.0,0.0,0.0,0.0,0,0,0,0.0,0.0,0.0,0,0,0,0.0,0.0,0.0
Open Images,7d4c46b89378b7dc,30,3,6,0,6,51,12,51,63,37,0,0,12,0.0194344580000915,0.0087499560000878,0.0,0.0087499560000878,0.0089950940000562,0.0284300929999972,Optimal,0,none,5.433702051639559,0,19,100.0,100.0,100.0,2.0,3,3,0,0.5,1.0,0.6666666666666666,0.9207150866796812,3,3,0,0.5,1.0,0.6666666666666666,0.9207150866796812,3,3,0,0.5,1.0,0.6666666666666666,0.9207150866796812,0,0,0,0.0,0.0,0.0,0,0,0,0.0,0.0,0.0
Open Images,7f8ef92c55a63b32,26,13,3,0,13,273,26,273,299,170,0,0,26,0.0175897289999511,0.0181592860000137,0.0,0.0181592860000137,0.0187166290000959,0.0363069320000022,Optimal,0,none,10.3210465540287,0,40,100.0,100.0,100.0,2.0,3,10,10,0.2307692307692307,0.2307692307692307,0.2307692307692307,0.6825302910306619,3,10,10,0.2307692307692307,0.2307692307692307,0.2307692307692307,0.6825302910306619,3,10,10,0.2307692307692307,0.2307692307692307,0.2307692307692307,0.6825302910306619,0,0,0,0.0,0.0,0.0,0,0,0,0.0,0.0,0.0
Open Images,7ff76c84761e761e,6,3,1,0,5,28,10,28,38,26,0,0,10,0.018993776000002,0.0075259139999843,0.0,0.0075259139999843,0.0077316100000643,0.0267258510000374,Optimal,0,none,3.781265273888907,0,16,100.0,100.0,100.0,2.0,3,2,0,0.6,1.0,0.7499999999999999,0.9236506900389908,3,2,0,0.6,1.0,0.7499999999999999,0.9236506900389908,3,2,0,0.6,1.0,0.7499999999999999,0.9236506900389908,0,0,0,0.0,0.0,0.0,0,0,0,0.0,0.0,0.0
Open Images,82b48c199a4d5a8c,28,0,1,0,8,104,16,104,120,65,0,0,16,0.0257999479999853,0.011084191000009,0.0,0.011084191000009,0.01146079800003,0.0372614200000498,Optimal,0,none,5.909799729188285,0,25,100.0,100.0,100.0,2.0,0,8,0,0.0,0.0,0.0,0.0,0,8,0,0.0,0.0,0.0,0.0,0,8,0,0.0,0.0,0.0,0.0,0,0,0,0.0,0.0,0.0,0,0,0,0.0,0.0,0.0
Open Images,83c97587c5cb217a,10,1,1,0,3,15,6,15,21,10,0,0,6,0.0197507679999944,0.0068667929999719,0.0,0.0068667929999719,0.006994658999929,0.0267459240000107,Optimal,0,none,2.587553174495697,0,10,100.0,100.0,100.0,2.0,1,2,0,0.3333333333333333,1.0,0.5,0.9478839538934531,1,2,0,0.3333333333333333,1.0,0.5,0.9478839538934531,1,2,0,0.3333333333333333,1.0,0.5,0.9478839538934531,0,0,0,0.0,0.0,0.0,0,0,0,0.0,0.0,0.0
Open Images,8442ec11695b3d6f,17,1,1,0,4,18,8,18,26,17,0,0,8,0.0188345519999302,0.0072583529999974,0.0,0.0072583529999974,0.0074014159999933,0.0262363499999764,Optimal,0,none,3.021587175528209,0,13,100.0,100.0,100.0,2.0,0,4,1,0.0,0.0,0.0,0.0,0,4,1,0.0,0.0,0.0,0.0,0,4,1,0.0,0.0,0.0,0.0,0,0,0,0.0,0.0,0.0,0,0,0,0.0,0.0,0.0
Open Images,845d6ac4a4fb713c,10,0,2,0,2,4,4,4,8,5,0,0,4,0.0160185429999728,0.0064398680000294,0.0,0.0064398680000294,0.0065400560000625,0.0225590679999641,Optimal,0,none,1.299738968213399,0,5,100.0,100.0,100.0,2.0,0,2,0,0.0,0.0,0.0,0.0,0,2,0,0.0,0.0,0.0,0.0,0,2,0,0.0,0.0,0.0,0.0,0,0,0,0.0,0.0,0.0,0,0,0,0.0,0.0,0.0
Open Images,857cfd128a025297,17,2,2,0,6,50,12,50,62,37,0,0,12,0.0161797210000713,0.008986906999894,0.0,0.008986906999894,0.009195601999977,0.0253757259999929,Optimal,0,none,5.163930864334108,0,19,100.0,100.0,100.0,2.0,1,5,1,0.1666666666666666,0.5,0.25,0.9035436156870186,1,5,1,0.1666666666666666,0.5,0.25,0.9035436156870186,1,5,1,0.1666666666666666,0.5,0.25,0.9035436156870186,0,0,0,0.0,0.0,0.0,0,0,0,0.0,0.0,0.0
Open Images,85bcf3cd6540ec7d,8,1,2,0,2,4,4,4,8,5,0,0,4,0.0164130540000542,0.0063222539999969,0.0,0.0063222539999969,0.0064409550000164,0.0228544990000045,Optimal,0,none,1.5476886065800983,0,5,100.0,100.0,100.0,2.0,1,1,0,0.5,1.0,0.6666666666666666,0.982594974616466,1,1,0,0.5,1.0,0.6666666666666666,0.982594974616466,1,1,0,0.5,1.0,0.6666666666666666,0.982594974616466,0,0,0,0.0,0.0,0.0,0,0,0,0.0,0.0,0.0
Open Images,8671b9d2f05bd71e,5,0,1,0,1,0,2,0,2,1,0,0,2,0.0147956340000519,0.0059784879999824,0.0,0.0059784879999824,0.0060565719999203,0.0208526190000384,Optimal,0,none,0.5008217493693035,0,2,100.0,100.0,100.0,2.0,0,1,0,0.0,0.0,0.0,0.0,0,1,0,0.0,0.0,0.0,0.0,0,1,0,0.0,0.0,0.0,0.0,0,0,0,0.0,0.0,0.0,0,0,0,0.0,0.0,0.0
Open Images,87ea34b7a6c3838c,32,7,1,0,8,98,16,98,114,65,0,0,16,0.0178750999999692,0.0111668519999739,0.0,0.0111668519999739,0.0114670510000678,0.0293426169999975,Optimal,0,none,6.372443102200828,0,25,100.0,100.0,100.0,2.0,1,7,6,0.125,0.1428571428571428,0.1333333333333333,0.9730091350777672,1,7,6,0.125,0.1428571428571428,0.1333333333333333,0.9730091350777672,1,7,6,0.125,0.1428571428571428,0.1333333333333333,0.9730091350777672,0,0,0,0.0,0.0,0.0,0,0,0,0.0,0.0,0.0
Open Images,884273f6f4720bc5,8,0,2,0,2,4,4,4,8,5,0,0,4,0.0202554119999831,0.006590360999894,0.0,0.006590360999894,0.006693982999991,0.0269498789999715,Optimal,0,none,1.1624892981847128,0,5,100.0,100.0,100.0,2.0,0,2,0,0.0,0.0,0.0,0.0,0,2,0,0.0,0.0,0.0,0.0,0,2,0,0.0,0.0,0.0,0.0,0,0,0,0.0,0.0,0.0,0,0,0,0.0,0.0,0.0
Open Images,890a08ff48bf62d8,25,5,1,0,9,137,18,137,155,82,0,0,18,0.0216256590000512,0.012608167000053,0.0,0.012608167000053,0.0129275440000355,0.0345536570000604,Optimal,0,none,7.534506759643558,0,28,100.0,100.0,100.0,2.0,4,5,1,0.4444444444444444,0.8,0.5714285714285714,0.8708478955616511,4,5,1,0.4444444444444444,0.8,0.5714285714285714,0.8708478955616511,4,5,1,0.4444444444444444,0.8,0.5714285714285714,0.8708478955616511,0,0,0,0.0,0.0,0.0,0,0,0,0.0,0.0,0.0
Open Images,8987951815d36f77,17,4,8,0,6,46,12,46,58,37,0,0,12,0.0205913569999438,0.0090912790000174,0.0,0.0090912790000174,0.0093015510000213,0.0298934710000366,Optimal,0,none,5.1981754732131975,0,19,100.0,100.0,100.0,2.0,3,3,1,0.5,0.75,0.6,0.7463455193643137,3,3,1,0.5,0.75,0.6,0.7463455193643137,3,3,1,0.5,0.75,0.6,0.7463455193643137,0,0,0,0.0,0.0,0.0,0,0,0,0.0,0.0,0.0
Open Images,8c3a7ca22c0ac8d9,5,3,2,0,4,16,8,16,24,17,0,0,8,0.0199632960000144,0.0073506690000613,0.0,0.0073506690000613,0.0074995470000658,0.0274633840000433,Optimal,0,none,3.508310584227245,0,13,100.0,100.0,100.0,2.0,2,2,1,0.5,0.6666666666666666,0.5714285714285715,0.9604702956646642,2,2,1,0.5,0.6666666666666666,0.5714285714285715,0.9604702956646642,2,2,1,0.5,0.6666666666666666,0.5714285714285715,0.9604702956646642,0,0,0,0.0,0.0,0.0,0,0,0,0.0,0.0,0.0
Open Images,8c676b9db5bde9f4,11,0,1,0,3,6,6,6,12,10,0,0,6,0.0190929179999557,0.0063301269999556,0.0,0.0063301269999556,0.0064627870000322,0.0255561750000197,Optimal,0,none,2.544518365859985,0,10,100.0,100.0,100.0,2.0,0,3,0,0.0,0.0,0.0,0.0,0,3,0,0.0,0.0,0.0,0.0,0,3,0,0.0,0.0,0.0,0.0,0,0,0,0.0,0.0,0.0,0,0,0,0.0,0.0,0.0
Open Images,8d0b1e22cc02c96a,7,1,1,0,4,22,8,22,30,17,0,0,8,0.0194933889999902,0.0077463899999656,0.0,0.0077463899999656,0.0079154709999329,0.0274092079999945,Optimal,0,none,3.734790250460308,0,13,100.0,100.0,100.0,2.0,1,3,0,0.25,1.0,0.4,0.9762619289050204,1,3,0,0.25,1.0,0.4,0.9762619289050204,1,3,0,0.25,1.0,0.4,0.9762619289050204,0,0,0,0.0,0.0,0.0,0,0,0,0.0,0.0,0.0
Open Images,8e2b641bfa080a9a,12,0,1,0,1,0,2,0,2,1,0,0,2,0.0150655009999809,0.0062314250000099,0.0,0.0062314250000099,0.0062999189999572,0.0213659239999515,Optimal,0,none,0.3767094294230143,0,2,100.0,100.0,100.0,2.0,0,1,0,0.0,0.0,0.0,0.0,0,1,0,0.0,0.0,0.0,0.0,0,1,0,0.0,0.0,0.0,0.0,0,0,0,0.0,0.0,0.0,0,0,0,0.0,0.0,0.0
Open Images,9039a3d17b3cdd01,13,0,1,0,1,0,2,0,2,1,0,0,2,0.0155672219999587,0.006076280000002,0.0,0.006076280000002,0.006142522999994,0.021710252000048,Optimal,0,none,0.5826175371805826,0,2,100.0,100.0,100.0,2.0,0,1,0,0.0,0.0,0.0,0.0,0,1,0,0.0,0.0,0.0,0.0,0,1,0,0.0,0.0,0.0,0.0,0,0,0,0.0,0.0,0.0,0,0,0,0.0,0.0,0.0
Open Images,90933aea042430bd,31,0,6,0,5,28,10,28,38,26,0,0,10,0.0160830869999699,0.0076703559999486,0.0,0.0076703559999486,0.0078535970000075,0.0239371420000225,Optimal,0,none,4.257489364941915,0,16,100.0,100.0,100.0,2.0,0,5,0,0.0,0.0,0.0,0.0,0,5,0,0.0,0.0,0.0,0.0,0,5,0,0.0,0.0,0.0,0.0,0,0,0,0.0,0.0,0.0,0,0,0,0.0,0.0,0.0
Open Images,91271214e694cc03,12,1,1,0,2,2,4,2,6,5,0,0,4,0.0158233879999443,0.0057840309999619,0.0,0.0057840309999619,0.0058700399999906,0.0216938669999535,Optimal,0,none,1.5412632354100544,0,5,100.0,100.0,100.0,2.0,1,1,0,0.5,1.0,0.6666666666666666,0.9590498380984552,1,1,0,0.5,1.0,0.6666666666666666,0.9590498380984552,1,1,0,0.5,1.0,0.6666666666666666,0.9590498380984552,0,0,0,0.0,0.0,0.0,0,0,0,0.0,0.0,0.0
Open Images,91e09bc4c8db7631,10,2,2,0,4,23,8,23,31,17,0,0,8,0.0158011910000368,0.0069686840000713,0.0,0.0069686840000713,0.0071066730000666,0.0229082120000612,Optimal,0,none,3.2379904715220142,0,13,100.0,100.0,100.0,2.0,1,3,1,0.25,0.5,0.3333333333333333,0.7681974031442299,1,3,1,0.25,0.5,0.3333333333333333,0.7681974031442299,1,3,1,0.25,0.5,0.3333333333333333,0.7681974031442299,0,0,0,0.0,0.0,0.0,0,0,0,0.0,0.0,0.0
Open Images,9265227e8b79f7b5,23,1,2,0,4,23,8,23,31,17,0,0,8,0.0184298549999084,0.0073111330000301,0.0,0.0073111330000301,0.0074520939999729,0.0258824249999634,Optimal,0,none,3.1490592257181813,0,13,100.0,100.0,100.0,2.0,1,3,0,0.25,1.0,0.4,0.7922073555287867,1,3,0,0.25,1.0,0.4,0.7922073555287867,1,3,0,0.25,1.0,0.4,0.7922073555287867,0,0,0,0.0,0.0,0.0,0,0,0,0.0,0.0,0.0
Open Images,935ddd7147973bbe,12,0,1,0,4,31,8,31,39,17,0,0,8,0.0162549989998979,0.0072122010000157,0.0,0.0072122010000157,0.0073716300000796,0.0236270839999406,Optimal,0,none,3.203559667021919,0,13,100.0,100.0,100.0,2.0,0,4,0,0.0,0.0,0.0,0.0,0,4,0,0.0,0.0,0.0,0.0,0,4,0,0.0,0.0,0.0,0.0,0,0,0,0.0,0.0,0.0,0,0,0,0.0,0.0,0.0
Open Images,940e335cf9bb61ce,10,0,1,0,7,81,14,81,95,50,0,0,14,0.0177149510000163,0.0093531080000275,0.0,0.0093531080000275,0.0095935939999662,0.0273090230000434,Optimal,0,none,5.71983444372813,0,22,100.0,100.0,100.0,2.0,0,7,0,0.0,0.0,0.0,0.0,0,7,0,0.0,0.0,0.0,0.0,0,7,0,0.0,0.0,0.0,0.0,0,0,0,0.0,0.0,0.0,0,0,0,0.0,0.0,0.0
Open Images,976649e55a61ced7,9,0,4,0,4,22,8,22,30,17,0,0,8,0.0158229459999574,0.0068347420000236,0.0,0.0068347420000236,0.0069808819999934,0.0228042960000038,Optimal,0,none,3.5440434913012373,0,13,100.0,100.0,100.0,2.0,0,4,0,0.0,0.0,0.0,0.0,0,4,0,0.0,0.0,0.0,0.0,0,4,0,0.0,0.0,0.0,0.0,0,0,0,0.0,0.0,0.0,0,0,0,0.0,0.0,0.0
Open Images,9795c20f42516f05,13,0,4,0,1,0,2,0,2,1,0,0,2,0.0180337770000278,0.0057528779999529,0.0,0.0057528779999529,0.0058109349999995,0.0238451470000882,Optimal,0,none,0.585890261332194,0,2,100.0,100.0,100.0,2.0,0,1,0,0.0,0.0,0.0,0.0,0,1,0,0.0,0.0,0.0,0.0,0,1,0,0.0,0.0,0.0,0.0,0,0,0,0.0,0.0,0.0,0,0,0,0.0,0.0,0.0
Open Images,97b57bf58e7b224d,20,1,1,0,3,10,6,10,16,10,0,0,6,0.0147915080000302,0.0061935090000133,0.0,0.0061935090000133,0.0063034510000079,0.0210953950000885,Optimal,0,none,2.596186239719392,0,10,100.0,100.0,100.0,2.0,1,2,0,0.3333333333333333,1.0,0.5,0.9792899599784916,1,2,0,0.3333333333333333,1.0,0.5,0.9792899599784916,1,2,0,0.3333333333333333,1.0,0.5,0.9792899599784916,0,0,0,0.0,0.0,0.0,0,0,0,0.0,0.0,0.0
Open Images,988888b4794b2981,10,1,7,0,3,12,6,12,18,10,0,0,6,0.0166977009999982,0.00636284899997,0.0,0.00636284899997,0.0064807100000052,0.0231788539999797,Optimal,0,none,2.3341024589538577,0,10,100.0,100.0,100.0,2.0,0,3,1,0.0,0.0,0.0,0.0,0,3,1,0.0,0.0,0.0,0.0,0,3,1,0.0,0.0,0.0,0.0,0,0,0,0.0,0.0,0.0,0,0,0,0.0,0.0,0.0
Open Images,98dd164dfd089339,45,2,1,0,15,332,30,332,362,226,0,0,30,0.0250864220000721,0.0189398530000062,0.0,0.0189398530000062,0.0194317840000621,0.0445186910000074,Optimal,0,none,12.446752595901492,0,46,100.0,100.0,100.0,2.0,2,13,0,0.1333333333333333,1.0,0.2352941176470588,0.6989853310331668,2,13,0,0.1333333333333333,1.0,0.2352941176470588,0.6989853310331668,2,13,0,0.1333333333333333,1.0,0.2352941176470588,0.6989853310331668,0,0,0,0.0,0.0,0.0,0,0,0,0.0,0.0,0.0
Open Images,9998b5a9eff9472b,30,2,1,0,2,3,4,3,7,5,0,0,4,0.0161322559999916,0.005872634999946,0.0,0.005872634999946,0.0059592060000568,0.0220918310000115,Optimal,0,none,1.351058164437612,0,5,100.0,100.0,100.0,2.0,0,2,2,0.0,0.0,0.0,0.0,0,2,2,0.0,0.0,0.0,0.0,0,2,2,0.0,0.0,0.0,0.0,0,0,0,0.0,0.0,0.0,0,0,0,0.0,0.0,0.0
Open Images,99b2f15e3e4a9d13,11,0,3,0,1,0,2,0,2,1,0,0,2,0.0164036559999658,0.0055687760000182,0.0,0.0055687760000182,0.0056332089999386,0.0220373009999548,Optimal,0,none,0.4483798662821452,0,2,100.0,100.0,100.0,2.0,0,1,0,0.0,0.0,0.0,0.0,0,1,0,0.0,0.0,0.0,0.0,0,1,0,0.0,0.0,0.0,0.0,0,0,0,0.0,0.0,0.0,0,0,0,0.0,0.0,0.0
Open Images,9aa42339174d4689,24,0,2,0,3,10,6,10,16,10,0,0,6,0.0174969519999876,0.0060615400000187,0.0,0.0060615400000187,0.0061728900000161,0.0236704100000224,Optimal,0,none,2.488413043022156,0,10,100.0,100.0,100.0,2.0,0,3,0,0.0,0.0,0.0,0.0,0,3,0,0.0,0.0,0.0,0.0,0,3,0,0.0,0.0,0.0,0.0,0,0,0,0.0,0.0,0.0,0,0,0,0.0,0.0,0.0
Open Images,9abee97e903a6145,10,0,2,0,1,0,2,0,2,1,0,0,2,0.0185554959999763,0.0057853669999303,0.0,0.0057853669999303,0.0058497759999909,0.0244057300000122,Optimal,0,none,0.5132359425226847,0,2,100.0,100.0,100.0,2.0,0,1,0,0.0,0.0,0.0,0.0,0,1,0,0.0,0.0,0.0,0.0,0,1,0,0.0,0.0,0.0,0.0,0,0,0,0.0,0.0,0.0,0,0,0,0.0,0.0,0.0
Open Images,9c1ff16b1dd2125b,8,0,2,0,1,0,2,0,2,1,0,0,2,0.0188038830000323,0.0062811940000528,0.0,0.0062811940000528,0.0063460950000262,0.0251503520000824,Optimal,0,none,0.5796619335810343,0,2,100.0,100.0,100.0,2.0,0,1,0,0.0,0.0,0.0,0.0,0,1,0,0.0,0.0,0.0,0.0,0,1,0,0.0,0.0,0.0,0.0,0,0,0,0.0,0.0,0.0,0,0,0,0.0,0.0,0.0
Open Images,9d42af30c97b8e32,11,0,3,0,5,37,10,37,47,25,0,0,10,0.0202387719999705,0.0080146450000029,0.0,0.0080146450000029,0.0081927390000373,0.028431906000037,Optimal,0,none,4.029426850953839,0,16,100.0,100.0,100.0,2.0,0,5,0,0.0,0.0,0.0,0.0,0,5,0,0.0,0.0,0.0,0.0,0,5,0,0.0,0.0,0.0,0.0,0,0,0,0.0,0.0,0.0,0,0,0,0.0,0.0,0.0
Open Images,9db652b99ba0d220,28,0,1,0,2,2,4,2,6,5,0,0,4,0.0143315050000865,0.0059500180000213,0.0,0.0059500180000213,0.0060619769999448,0.0203939240000181,Optimal,0,none,1.4507993586858112,0,5,100.0,100.0,100.0,2.0,0,2,0,0.0,0.0,0.0,0.0,0,2,0,0.0,0.0,0.0,0.0,0,2,0,0.0,0.0,0.0,0.0,0,0,0,0.0,0.0,0.0,0,0,0,0.0,0.0,0.0
Open Images,9e34df630c2d2301,10,0,1,0,1,0,2,0,2,1,0,0,2,0.016012733000025,0.0055126349999454,0.0,0.0055126349999454,0.0056294149999303,0.0216425730000082,Optimal,0,none,0.5820258299509684,0,2,100.0,100.0,100.0,2.0,0,1,0,0.0,0.0,0.0,0.0,0,1,0,0.0,0.0,0.0,0.0,0,1,0,0.0,0.0,0.0,0.0,0,0,0,0.0,0.0,0.0,0,0,0,0.0,0.0,0.0
Open Images,9e525d25b1f5fca7,10,0,1,0,2,5,4,5,9,5,0,0,4,0.0219894249999015,0.0057670129999678,0.0,0.0057670129999678,0.0058557419999942,0.0278455389999408,Optimal,0,none,1.3592709024747212,0,5,100.0,100.0,100.0,2.0,0,2,0,0.0,0.0,0.0,0.0,0,2,0,0.0,0.0,0.0,0.0,0,2,0,0.0,0.0,0.0,0.0,0,0,0,0.0,0.0,0.0,0,0,0,0.0,0.0,0.0
Open Images,9f791f1ac0364b02,16,0,7,0,3,13,6,13,19,10,0,0,6,0.0164682370000264,0.0063263790000291,0.0,0.0063263790000291,0.0064682400000037,0.0229372090000197,Optimal,0,none,2.25735386133194,0,10,100.0,100.0,100.0,2.0,0,3,0,0.0,0.0,0.0,0.0,0,3,0,0.0,0.0,0.0,0.0,0,3,0,0.0,0.0,0.0,0.0,0,0,0,0.0,0.0,0.0,0,0,0,0.0,0.0,0.0
Open Images,a03a6011b066cd73,16,2,2,0,11,174,22,174,196,122,0,0,22,0.0183226400000648,0.0125401470000952,0.0,0.0125401470000952,0.0128953939999973,0.03121842500002,Optimal,0,none,8.562586143811547,0,34,100.0,100.0,100.0,2.0,1,10,1,0.0909090909090909,0.5,0.1538461538461538,0.9661368147589576,1,10,1,0.0909090909090909,0.5,0.1538461538461538,0.9661368147589576,1,10,1,0.0909090909090909,0.5,0.1538461538461538,0.9661368147589576,0,0,0,0.0,0.0,0.0,0,0,0,0.0,0.0,0.0
Open Images,a144cb066f688185,41,1,2,0,7,80,14,80,94,50,0,0,14,0.0177090169999019,0.0098208389999854,0.0,0.0098208389999854,0.0100453700000571,0.0277548679999881,Optimal,0,none,5.611793363691819,0,22,100.0,100.0,100.0,2.0,0,7,1,0.0,0.0,0.0,0.0,0,7,1,0.0,0.0,0.0,0.0,0,7,1,0.0,0.0,0.0,0.0,0,0,0,0.0,0.0,0.0,0,0,0,0.0,0.0,0.0
Open Images,a221ec1d89638d96,8,0,1,0,2,4,4,4,8,5,0,0,4,0.0195402080000803,0.0060740180000493,0.0,0.0060740180000493,0.0061613459999989,0.0257019780000291,Optimal,0,none,1.2396826775868734,0,5,100.0,100.0,100.0,2.0,0,2,0,0.0,0.0,0.0,0.0,0,2,0,0.0,0.0,0.0,0.0,0,2,0,0.0,0.0,0.0,0.0,0,0,0,0.0,0.0,0.0,0,0,0,0.0,0.0,0.0
Open Images,a358a9eb26b043d3,5,0,2,0,4,27,8,27,35,17,0,0,8,0.0187559159999182,0.0071770620000961,0.0,0.0071770620000961,0.0073366280000755,0.0260929789999408,Optimal,0,none,3.2730471785676603,0,13,100.0,100.0,100.0,2.0,0,4,0,0.0,0.0,0.0,0.0,0,4,0,0.0,0.0,0.0,0.0,0,4,0,0.0,0.0,0.0,0.0,0,0,0,0.0,0.0,0.0,0,0,0,0.0,0.0,0.0
Open Images,a3e014e7509aba65,13,0,2,0,3,14,6,14,20,10,0,0,6,0.0168730010000217,0.0066003910000063,0.0,0.0066003910000063,0.006718439999986,0.0235918630000924,Optimal,0,none,2.3304330801963813,0,10,100.0,100.0,100.0,2.0,0,3,0,0.0,0.0,0.0,0.0,0,3,0,0.0,0.0,0.0,0.0,0,3,0,0.0,0.0,0.0,0.0,0,0,0,0.0,0.0,0.0,0,0,0,0.0,0.0,0.0
Open Images,a6a7dcf14dd9f0f1,13,0,1,0,1,0,2,0,2,1,0,0,2,0.01840201899995,0.0053972680000242,0.0,0.0053972680000242,0.0054545080000707,0.0238569560000314,Optimal,0,none,0.6051945606867473,0,2,100.0,100.0,100.0,2.0,0,1,0,0.0,0.0,0.0,0.0,0,1,0,0.0,0.0,0.0,0.0,0,1,0,0.0,0.0,0.0,0.0,0,0,0,0.0,0.0,0.0,0,0,0,0.0,0.0,0.0
Open Images,a6b74e491c688fbd,18,2,2,0,4,19,8,19,27,17,0,0,8,0.0180971830000089,0.0070855909999636,0.0,0.0070855909999636,0.007241227999998,0.0253388510000149,Optimal,0,none,3.2537753269923813,0,13,100.0,100.0,100.0,2.0,1,3,1,0.25,0.5,0.3333333333333333,0.9117000468218404,1,3,1,0.25,0.5,0.3333333333333333,0.9117000468218404,1,3,1,0.25,0.5,0.3333333333333333,0.9117000468218404,0,0,0,0.0,0.0,0.0,0,0,0,0.0,0.0,0.0
Open Images,a7f4ab4e7b501e74,9,2,5,0,8,101,16,101,117,65,0,0,16,0.019619294999984,0.0098175850000643,0.0,0.0098175850000643,0.0101015459999871,0.0297213000000056,Optimal,0,none,6.614215892155968,0,25,100.0,100.0,100.0,2.0,2,6,0,0.25,1.0,0.4,0.7212813663764861,2,6,0,0.25,1.0,0.4,0.7212813663764861,2,6,0,0.25,1.0,0.4,0.7212813663764861,0,0,0,0.0,0.0,0.0,0,0,0,0.0,0.0,0.0
Open Images,a80e58d34f5a2233,10,1,1,0,2,4,4,4,8,5,0,0,4,0.0149964160000308,0.0059871930000099,0.0,0.0059871930000099,0.0060710649999009,0.0210679220000429,Optimal,0,none,1.5806558163960776,0,5,100.0,100.0,100.0,2.0,1,1,0,0.5,1.0,0.6666666666666666,0.9850947420870974,1,1,0,0.5,1.0,0.6666666666666666,0.9850947420870974,1,1,0,0.5,1.0,0.6666666666666666,0.9850947420870974,0,0,0,0.0,0.0,0.0,0,0,0,0.0,0.0,0.0
Open Images,a83d31d69e28914b,10,1,2,0,11,205,22,205,227,122,0,0,22,0.017456280000033,0.0140913220000129,0.0,0.0140913220000129,0.0144473579999839,0.0319041170000673,Optimal,0,none,9.480586336474117,0,34,100.0,100.0,100.0,2.0,1,10,0,0.0909090909090909,1.0,0.1666666666666666,0.9426847728673574,1,10,0,0.0909090909090909,1.0,0.1666666666666666,0.9426847728673574,1,10,0,0.0909090909090909,1.0,0.1666666666666666,0.9426847728673574,0,0,0,0.0,0.0,0.0,0,0,0,0.0,0.0,0.0
Open Images,a8b14d4a442bf4a8,5,0,2,0,3,12,6,12,18,10,0,0,6,0.0165224669999588,0.006110718000059,0.0,0.006110718000059,0.0062457650000169,0.0227687289999494,Optimal,0,none,2.4438623499870307,0,10,100.0,100.0,100.0,2.0,0,3,0,0.0,0.0,0.0,0.0,0,3,0,0.0,0.0,0.0,0.0,0,3,0,0.0,0.0,0.0,0.0,0,0,0,0.0,0.0,0.0,0,0,0,0.0,0.0,0.0
Open Images,aa6c7c9bf1188b05,14,4,1,0,5,42,10,42,52,26,0,0,10,0.0229189340000175,0.0077636150000444,0.0,0.0077636150000444,0.0079340649999721,0.0308535240000082,Optimal,0,none,3.88495486577352,0,16,100.0,100.0,100.0,2.0,1,4,3,0.2,0.25,0.2222222222222222,0.8859254064672858,1,4,3,0.2,0.25,0.2222222222222222,0.8859254064672858,1,4,3,0.2,0.25,0.2222222222222222,0.8859254064672858,0,0,0,0.0,0.0,0.0,0,0,0,0.0,0.0,0.0
Open Images,aacadd9f833b7c46,38,4,2,0,9,120,18,120,138,82,0,0,18,0.0164290449999953,0.0103908740001088,0.0,0.0103908740001088,0.010666479000065,0.0270962490000101,Optimal,0,none,7.898010648438698,0,28,100.0,100.0,100.0,2.0,1,8,3,0.1111111111111111,0.25,0.1538461538461538,0.8917958816158086,1,8,3,0.1111111111111111,0.25,0.1538461538461538,0.8917958816158086,1,8,3,0.1111111111111111,0.25,0.1538461538461538,0.8917958816158086,0,0,0,0.0,0.0,0.0,0,0,0,0.0,0.0,0.0
Open Images,abf1d637ed2122e8,12,0,2,0,2,4,4,4,8,5,0,0,4,0.0167037490000439,0.0055511250000108,0.0,0.0055511250000108,0.0056474499999694,0.0223516240000662,Optimal,0,none,1.4380087407430016,0,5,100.0,100.0,100.0,2.0,0,2,0,0.0,0.0,0.0,0.0,0,2,0,0.0,0.0,0.0,0.0,0,2,0,0.0,0.0,0.0,0.0,0,0,0,0.0,0.0,0.0,0,0,0,0.0,0.0,0.0
Open Images,ad20808830930976,8,0,1,0,0,0,0,0,0,0,0,0,1,0.0186573070000122,0.0039682209999227,0.0,0.0039682209999227,0.0039976069999738,0.0226551659999358,Optimal,0,none,,0,1,100.0,0.0,0.0,0.0,0,0,0,0.0,0.0,0.0,0.0,0,0,0,0.0,0.0,0.0,0.0,0,0,0,0.0,0.0,0.0,0.0,0,0,0,0.0,0.0,0.0,0,0,0,0.0,0.0,0.0
Open Images,ad6aca201fa51896,45,2,2,0,17,480,34,480,514,290,0,0,34,0.0204341879999674,0.0233531180000454,0.0,0.0233531180000454,0.0240410730000348,0.0444759389999944,Optimal,0,none,13.58747021993002,0,52,100.0,100.0,100.0,2.0,1,16,1,0.0588235294117647,0.5,0.1052631578947368,0.6153343011269216,1,16,1,0.0588235294117647,0.5,0.1052631578947368,0.6153343011269216,1,16,1,0.0588235294117647,0.5,0.1052631578947368,0.6153343011269216,0,0,0,0.0,0.0,0.0,0,0,0,0.0,0.0,0.0
Open Images,ae3dd169da01729f,10,0,1,0,4,26,8,26,34,17,0,0,8,0.0171100170000499,0.0063574970000672,0.0,0.0063574970000672,0.0064924040000278,0.0236027800000329,Optimal,0,none,3.200016209284465,0,13,100.0,100.0,100.0,2.0,0,4,0,0.0,0.0,0.0,0.0,0,4,0,0.0,0.0,0.0,0.0,0,4,0,0.0,0.0,0.0,0.0,0,0,0,0.0,0.0,0.0,0,0,0,0.0,0.0,0.0
Open Images,aecc6fdf5a5f66b9,18,0,5,0,4,17,8,17,25,17,0,0,8,0.0205769680000003,0.008394767000027,0.0,0.008394767000027,0.008548616999974,0.0291260169999532,Optimal,0,none,3.5350899998346974,0,13,100.0,100.0,100.0,2.0,0,4,0,0.0,0.0,0.0,0.0,0,4,0,0.0,0.0,0.0,0.0,0,4,0,0.0,0.0,0.0,0.0,0,0,0,0.0,0.0,0.0,0,0,0,0.0,0.0,0.0
Open Images,b1b9df89276a198b,10,1,3,0,3,12,6,12,18,10,0,0,6,0.0592721579999988,0.0076203410000061,0.0,0.0076203410000061,0.0077565630000435,0.0670292190000054,Optimal,0,none,2.4417875790596018,0,10,100.0,100.0,100.0,2.0,0,3,1,0.0,0.0,0.0,0.9315693441688652,0,3,1,0.0,0.0,0.0,0.9315693441688652,0,3,1,0.0,0.0,0.0,0.9315693441688652,0,0,0,0.0,0.0,0.0,0,0,0,0.0,0.0,0.0
Open Images,b379c09ba49595b4,20,0,1,0,9,129,18,129,147,82,0,0,18,0.0245773230000168,0.0120854299999564,0.0,0.0120854299999564,0.0124309539999103,0.0370087469999589,Optimal,0,none,7.633874008655551,0,28,100.0,100.0,100.0,2.0,0,9,0,0.0,0.0,0.0,0.0,0,9,0,0.0,0.0,0.0,0.0,0,9,0,0.0,0.0,0.0,0.0,0,0,0,0.0,0.0,0.0,0,0,0,0.0,0.0,0.0
Open Images,b4068aa9b3b58fa8,16,0,1,0,3,10,6,10,16,10,0,0,6,0.0197715900000048,0.0072559720000526,0.0,0.0072559720000526,0.0073983340000722,0.0271704139998973,Optimal,0,none,2.5905633163452157,0,10,100.0,100.0,100.0,2.0,0,3,0,0.0,0.0,0.0,0.0,0,3,0,0.0,0.0,0.0,0.0,0,3,0,0.0,0.0,0.0,0.0,0,0,0,0.0,0.0,0.0,0,0,0,0.0,0.0,0.0
Open Images,b432735a2d626bc2,21,0,6,0,3,10,6,10,16,10,0,0,6,0.0221955370000159,0.0071754429999373,0.0,0.0071754429999373,0.0073696779999181,0.0295657320000373,Optimal,0,none,2.3020499976835485,0,10,100.0,100.0,100.0,2.0,0,3,0,0.0,0.0,0.0,0.0,0,3,0,0.0,0.0,0.0,0.0,0,3,0,0.0,0.0,0.0,0.0,0,0,0,0.0,0.0,0.0,0,0,0,0.0,0.0,0.0
Open Images,b4bf8713c7f34283,10,0,2,0,2,2,4,2,6,5,0,0,4,0.0190528480000011,0.0067462849999628,0.0,0.0067462849999628,0.0068670529999508,0.0259203539999361,Optimal,0,none,1.2221609719594315,0,5,100.0,100.0,100.0,2.0,0,2,0,0.0,0.0,0.0,0.0,0,2,0,0.0,0.0,0.0,0.0,0,2,0,0.0,0.0,0.0,0.0,0,0,0,0.0,0.0,0.0,0,0,0,0.0,0.0,0.0
Open Images,b6d6e570eccdb5ec,10,0,3,0,1,0,2,0,2,1,0,0,2,0.0157704470000226,0.0066232249999984,0.0,0.0066232249999984,0.0067056330000241,0.0224765079999542,Optimal,0,none,0.6086383740107218,0,2,100.0,100.0,100.0,2.0,0,1,0,0.0,0.0,0.0,0.0,0,1,0,0.0,0.0,0.0,0.0,0,1,0,0.0,0.0,0.0,0.0,0,0,0,0.0,0.0,0.0,0,0,0,0.0,0.0,0.0
Open Images,b6ebb2fdb29dc778,40,1,4,0,8,82,16,82,98,65,0,0,16,0.0178422710000631,0.0103962709999905,0.0,0.0103962709999905,0.0106751850000819,0.0285178909999785,Optimal,0,none,6.685861068566642,0,25,100.0,100.0,100.0,2.0,0,8,1,0.0,0.0,0.0,0.0,0,8,1,0.0,0.0,0.0,0.0,0,8,1,0.0,0.0,0.0,0.0,0,0,0,0.0,0.0,0.0,0,0,0,0.0,0.0,0.0
Open Images,b7904a8837396983,19,3,10,0,5,40,10,40,50,26,0,0,10,0.0218635539999922,0.0085039140000162,0.0,0.0085039140000162,0.0087031169999818,0.0305671139999503,Optimal,0,none,4.290394254525504,0,16,100.0,100.0,100.0,2.0,0,5,3,0.0,0.0,0.0,0.0,0,5,3,0.0,0.0,0.0,0.0,0,5,3,0.0,0.0,0.0,0.0,0,0,0,0.0,0.0,0.0,0,0,0,0.0,0.0,0.0
Open Images,b793c3cd82e1b00e,7,1,3,0,3,11,6,11,17,10,0,0,6,0.0168579090000093,0.0070969429999649,0.0,0.0070969429999649,0.0072280309999541,0.0240863960000297,Optimal,0,none,2.6099674201011664,0,10,100.0,100.0,100.0,2.0,1,2,0,0.3333333333333333,1.0,0.5,0.6380185645318528,1,2,0,0.3333333333333333,1.0,0.5,0.6380185645318528,1,2,0,0.3333333333333333,1.0,0.5,0.6380185645318528,0,0,0,0.0,0.0,0.0,0,0,0,0.0,0.0,0.0
Open Images,b7d604c0f497cecf,13,0,2,0,2,5,4,5,9,5,0,0,4,0.022401162000051,0.0067878039999413,0.0,0.0067878039999413,0.0068863709999504,0.0292879600000333,Optimal,0,none,1.2768352301915489,0,5,100.0,100.0,100.0,2.0,0,2,0,0.0,0.0,0.0,0.0,0,2,0,0.0,0.0,0.0,0.0,0,2,0,0.0,0.0,0.0,0.0,0,0,0,0.0,0.0,0.0,0,0,0,0.0,0.0,0.0
Open Images,b809013feee5805a,18,0,4,0,4,20,8,20,28,17,0,0,8,0.0182742230000485,0.0075628669999332,0.0,0.0075628669999332,0.0077078950000668,0.0259825220000493,Optimal,0,none,3.5978413550059014,0,13,100.0,100.0,100.0,2.0,0,4,0,0.0,0.0,0.0,0.0,0,4,0,0.0,0.0,0.0,0.0,0,4,0,0.0,0.0,0.0,0.0,0,0,0,0.0,0.0,0.0,0,0,0,0.0,0.0,0.0
Open Images,b8d6dcbc1ee43a28,35,0,1,0,4,20,8,20,28,17,0,0,8,0.0195048419999466,0.0073630269999966,0.0,0.0073630269999966,0.0075088589999268,0.027014194000003,Optimal,0,none,3.010934009043477,0,13,100.0,100.0,100.0,2.0,0,4,0,0.0,0.0,0.0,0.0,0,4,0,0.0,0.0,0.0,0.0,0,4,0,0.0,0.0,0.0,0.0,0,0,0,0.0,0.0,0.0,0,0,0,0.0,0.0,0.0
Open Images,ba2ce56c4a558b46,22,2,6,0,6,56,12,56,68,37,0,0,12,0.0150747860000137,0.0086922360000016,0.0,0.0086922360000016,0.0088920760000519,0.0239672899999732,Optimal,0,none,5.0988620153743724,0,19,100.0,100.0,100.0,2.0,2,4,0,0.3333333333333333,1.0,0.5,0.957474996727662,2,4,0,0.3333333333333333,1.0,0.5,0.957474996727662,2,4,0,0.3333333333333333,1.0,0.5,0.957474996727662,0,0,0,0.0,0.0,0.0,0,0,0,0.0,0.0,0.0
Open Images,bb5aca7adfb2d415,21,2,2,0,3,12,6,12,18,10,0,0,6,0.0194089840000515,0.0062528359999305,0.0,0.0062528359999305,0.006378709000046,0.0257881979999865,Optimal,0,none,2.6090494728088385,0,10,100.0,100.0,100.0,2.0,1,2,1,0.3333333333333333,0.5,0.4,0.9467081403821986,1,2,1,0.3333333333333333,0.5,0.4,0.9467081403821986,1,2,1,0.3333333333333333,0.5,0.4,0.9467081403821986,0,0,0,0.0,0.0,0.0,0,0,0,0.0,0.0,0.0
Open Images,bb872dbf60de40a0,12,0,2,0,13,293,26,293,319,170,0,0,26,0.0185323499999867,0.0169145309999976,0.0,0.0169145309999976,0.0173691170000438,0.0359166939999795,Optimal,0,none,10.34525156498471,0,40,100.0,100.0,100.0,2.0,0,13,0,0.0,0.0,0.0,0.0,0,13,0,0.0,0.0,0.0,0.0,0,13,0,0.0,0.0,0.0,0.0,0,0,0,0.0,0.0,0.0,0,0,0,0.0,0.0,0.0
Open Images,bd5c58974539e9ec,34,5,6,0,5,32,10,32,42,26,0,0,10,0.0196463300000004,0.0072270029999117,0.0,0.0072270029999117,0.0073917009999604,0.0270385080000323,Optimal,0,none,4.340569277604423,0,16,100.0,100.0,100.0,2.0,3,2,2,0.6,0.6,0.6,0.8084910203078083,3,2,2,0.6,0.6,0.6,0.8084910203078083,3,2,2,0.6,0.6,0.6,0.8084910203078083,0,0,0,0.0,0.0,0.0,0,0,0,0.0,0.0,0.0
Open Images,be836aa24cb54cb3,8,1,2,0,4,26,8,26,34,17,0,0,8,0.0177831930000138,0.0075438879999865,0.0,0.0075438879999865,0.0077139039999565,0.0254976139999598,Optimal,0,none,3.333680381081388,0,13,100.0,100.0,100.0,2.0,1,3,0,0.25,1.0,0.4,0.5329218691262599,1,3,0,0.25,1.0,0.4,0.5329218691262599,1,3,0,0.25,1.0,0.4,0.5329218691262599,0,0,0,0.0,0.0,0.0,0,0,0,0.0,0.0,0.0
Open Images,c09a331e62a12d04,47,1,40,0,2,6,4,6,10,5,0,0,4,0.0161597370000663,0.0058300540000573,0.0,0.0058300540000573,0.005930009999929,0.0220902739999928,Optimal,0,none,1.3552859505017598,0,5,100.0,100.0,100.0,2.0,0,2,1,0.0,0.0,0.0,0.8344733905322658,0,2,1,0.0,0.0,0.0,0.8344733905322658,0,2,1,0.0,0.0,0.0,0.8344733905322658,0,0,0,0.0,0.0,0.0,0,0,0,0.0,0.0,0.0
Open Images,c10217d15b7b93a5,28,0,2,0,4,18,8,18,26,17,0,0,8,0.0201956789999258,0.0071821310000359,0.0,0.0071821310000359,0.0073232219999681,0.0275193139999601,Optimal,0,none,3.6324670855204273,0,13,100.0,100.0,100.0,2.0,0,4,0,0.0,0.0,0.0,0.0,0,4,0,0.0,0.0,0.0,0.0,0,4,0,0.0,0.0,0.0,0.0,0,0,0,0.0,0.0,0.0,0,0,0,0.0,0.0,0.0
Open Images,c160e483b6c16f12,11,0,1,0,2,4,4,4,8,5,0,0,4,0.0177176899999267,0.005954900000006,0.0,0.005954900000006,0.0060502290000385,0.0237684329999865,Optimal,0,none,1.49038582166036,0,5,100.0,100.0,100.0,2.0,0,2,0,0.0,0.0,0.0,0.0,0,2,0,0.0,0.0,0.0,0.0,0,2,0,0.0,0.0,0.0,0.0,0,0,0,0.0,0.0,0.0,0,0,0,0.0,0.0,0.0
Open Images,c479beacc67d4b7d,4,1,1,0,1,0,2,0,2,1,0,0,2,0.018506114000047,0.0053518599999051,0.0,0.0053518599999051,0.0054113450000841,0.0239178279999805,Optimal,0,none,0.4569552103678385,0,2,100.0,100.0,100.0,2.0,1,0,0,1.0,1.0,1.0,0.8570284438472607,1,0,0,1.0,1.0,1.0,0.8570284438472607,1,0,0,1.0,1.0,1.0,0.8570284438472607,0,0,0,0.0,0.0,0.0,0,0,0,0.0,0.0,0.0
Open Images,c4a79ad7987f24b9,22,4,7,0,5,34,10,34,44,26,0,0,10,0.0202173469999706,0.0073423719999254,0.0,0.0073423719999254,0.0075259270000742,0.0277438639999445,Optimal,0,none,4.087061115105948,0,16,100.0,100.0,100.0,2.0,0,5,4,0.0,0.0,0.0,0.0,0,5,4,0.0,0.0,0.0,0.0,0,5,4,0.0,0.0,0.0,0.0,0,0,0,0.0,0.0,0.0,0,0,0,0.0,0.0,0.0
Open Images,c506cdf48321ee2e,5,0,1,0,4,25,8,25,33,17,0,0,8,0.0173214679999773,0.007139402000007,0.0,0.007139402000007,0.0072795129999576,0.0246013060000223,Optimal,0,none,3.235593005816143,0,13,100.0,100.0,100.0,2.0,0,4,0,0.0,0.0,0.0,0.0,0,4,0,0.0,0.0,0.0,0.0,0,4,0,0.0,0.0,0.0,0.0,0,0,0,0.0,0.0,0.0,0,0,0,0.0,0.0,0.0
Open Images,c5398214bb3f6dda,17,1,2,0,3,12,6,12,18,10,0,0,6,0.0242942959999936,0.0063283509999791,0.0,0.0063283509999791,0.0064596949999895,0.0307544670000652,Optimal,0,none,2.273373742103577,0,10,100.0,100.0,100.0,2.0,0,3,1,0.0,0.0,0.0,0.0,0,3,1,0.0,0.0,0.0,0.0,0,3,1,0.0,0.0,0.0,0.0,0,0,0,0.0,0.0,0.0,0,0,0,0.0,0.0,0.0
Open Images,c705061238b1fe30,34,0,1,0,20,691,40,691,731,401,0,0,40,0.0196406500000421,0.0314064489999736,0.0,0.0314064489999736,0.0322667579999915,0.0519078099999887,Optimal,0,none,16.078878913351122,0,61,100.0,100.0,100.0,2.0,0,20,0,0.0,0.0,0.0,0.0,0,20,0,0.0,0.0,0.0,0.0,0,20,0,0.0,0.0,0.0,0.0,0,0,0,0.0,0.0,0.0,0,0,0,0.0,0.0,0.0
Open Images,c7a6a5f2a8f674ce,24,0,1,0,10,155,20,155,175,101,0,0,20,0.0163137649999498,0.0127077060000146,0.0,0.0127077060000146,0.013016642000025,0.0293308980000119,Optimal,0,none,8.8439592757571,0,31,100.0,100.0,100.0,2.0,0,10,0,0.0,0.0,0.0,0.0,0,10,0,0.0,0.0,0.0,0.0,0,10,0,0.0,0.0,0.0,0.0,0,0,0,0.0,0.0,0.0,0,0,0,0.0,0.0,0.0
Open Images,c7e7654a5c583b13,6,0,1,0,2,4,4,4,8,5,0,0,4,0.0183891040001071,0.0058876519999557,0.0,0.0058876519999557,0.0059773570000061,0.0243668850000631,Optimal,0,none,1.4377448590596518,0,5,100.0,100.0,100.0,2.0,0,2,0,0.0,0.0,0.0,0.0,0,2,0,0.0,0.0,0.0,0.0,0,2,0,0.0,0.0,0.0,0.0,0,0,0,0.0,0.0,0.0,0,0,0,0.0,0.0,0.0
Open Images,c864c741b7fa44f4,8,2,1,0,6,53,12,53,65,37,0,0,12,0.0172820290000572,0.0078566409999893,0.0,0.0078566409999893,0.0080471920000491,0.0253296810000165,Optimal,0,none,5.222564690113069,0,19,100.0,100.0,100.0,2.0,2,4,0,0.3333333333333333,1.0,0.5,0.939807743331588,2,4,0,0.3333333333333333,1.0,0.5,0.939807743331588,2,4,0,0.3333333333333333,1.0,0.5,0.939807743331588,0,0,0,0.0,0.0,0.0,0,0,0,0.0,0.0,0.0
Open Images,c8a4a4786eea0ec5,8,3,2,0,5,37,10,37,47,25,0,0,10,0.0184839290000127,0.0077247010000291,0.0,0.0077247010000291,0.0079223900000897,0.0264067360000126,Optimal,0,none,4.209316297372184,0,16,100.0,100.0,100.0,2.0,3,2,0,0.6,1.0,0.7499999999999999,0.9108217237091164,3,2,0,0.6,1.0,0.7499999999999999,0.9108217237091164,3,2,0,0.6,1.0,0.7499999999999999,0.9108217237091164,0,0,0,0.0,0.0,0.0,0,0,0,0.0,0.0,0.0
Open Images,c9beadfaec7b5043,21,1,1,0,3,14,6,14,20,10,0,0,6,0.0219763730000295,0.0069718059999104,0.0,0.0069718059999104,0.0071077860000059,0.0290849689999959,Optimal,0,none,2.593978986740113,0,10,100.0,100.0,100.0,2.0,1,2,0,0.3333333333333333,1.0,0.5,0.9546786715586454,1,2,0,0.3333333333333333,1.0,0.5,0.9546786715586454,1,2,0,0.3333333333333333,1.0,0.5,0.9546786715586454,0,0,0,0.0,0.0,0.0,0,0,0,0.0,0.0,0.0
Open Images,ca3ef34d7304dd6c,13,0,4,0,1,0,2,0,2,1,0,0,2,0.0204917099999875,0.00568405599995,0.0,0.00568405599995,0.0057470270000976,0.0262391730000217,Optimal,0,none,0.612282148996989,0,2,100.0,100.0,100.0,2.0,0,1,0,0.0,0.0,0.0,0.0,0,1,0,0.0,0.0,0.0,0.0,0,1,0,0.0,0.0,0.0,0.0,0,0,0,0.0,0.0,0.0,0,0,0,0.0,0.0,0.0
Open Images,cca11bfdbfa9f92f,11,0,8,0,0,0,0,0,0,0,0,0,1,0.0176689830000214,0.0043247840000049,0.0,0.0043247840000049,0.0043574740000167,0.0220267629999852,Optimal,0,none,,0,1,100.0,0.0,0.0,0.0,0,0,0,0.0,0.0,0.0,0.0,0,0,0,0.0,0.0,0.0,0.0,0,0,0,0.0,0.0,0.0,0.0,0,0,0,0.0,0.0,0.0,0,0,0,0.0,0.0,0.0
Open Images,cdb2b707ef94db2c,20,0,11,0,2,4,4,4,8,5,0,0,4,0.0169752369999969,0.0058930270000701,0.0,0.0058930270000701,0.0059855399999833,0.0229612939999697,Optimal,0,none,1.2779594691594445,0,5,100.0,100.0,100.0,2.0,0,2,0,0.0,0.0,0.0,0.0,0,2,0,0.0,0.0,0.0,0.0,0,2,0,0.0,0.0,0.0,0.0,0,0,0,0.0,0.0,0.0,0,0,0,0.0,0.0,0.0
Open Images,cddd3bc1bdb5ccb8,55,2,2,0,7,68,14,68,82,50,0,0,14,0.0183179510000854,0.0090937409999014,0.0,0.0090937409999014,0.0093231529999684,0.0276415040000301,Optimal,0,none,5.9783631030718505,0,22,100.0,100.0,100.0,2.0,2,5,0,0.2857142857142857,1.0,0.4444444444444445,0.788107777537812,2,5,0,0.2857142857142857,1.0,0.4444444444444445,0.788107777537812,2,5,0,0.2857142857142857,1.0,0.4444444444444445,0.788107777537812,0,0,0,0.0,0.0,0.0,0,0,0,0.0,0.0,0.0
Open Images,ce7aa02b052cb75a,27,0,1,0,9,115,18,115,133,82,0,0,18,0.0196757179999167,0.0106795839999449,0.0,0.0106795839999449,0.0109977020000542,0.0306738289999657,Optimal,0,none,7.13356492996216,0,28,100.0,100.0,100.0,2.0,0,9,0,0.0,0.0,0.0,0.0,0,9,0,0.0,0.0,0.0,0.0,0,9,0,0.0,0.0,0.0,0.0,0,0,0,0.0,0.0,0.0,0,0,0,0.0,0.0,0.0
Open Images,cf97377cb331bb4d,12,0,1,0,1,0,2,0,2,1,0,0,2,0.0186339399999724,0.0057168530000808,0.0,0.0057168530000808,0.0057742450001114,0.0244085399999676,Optimal,0,none,0.6415885845820108,0,2,100.0,100.0,100.0,2.0,0,1,0,0.0,0.0,0.0,0.0,0,1,0,0.0,0.0,0.0,0.0,0,1,0,0.0,0.0,0.0,0.0,0,0,0,0.0,0.0,0.0,0,0,0,0.0,0.0,0.0
Open Images,d0d5130bf995f3dd,11,0,1,0,5,36,10,36,46,26,0,0,10,0.0257609609999462,0.0079668000000765,0.0,0.0079668000000765,0.0082021640000675,0.0339636349999636,Optimal,0,none,4.463798445065818,0,16,100.0,100.0,100.0,2.0,0,5,0,0.0,0.0,0.0,0.0,0,5,0,0.0,0.0,0.0,0.0,0,5,0,0.0,0.0,0.0,0.0,0,0,0,0.0,0.0,0.0,0,0,0,0.0,0.0,0.0
Open Images,d1a9733014ce4e89,22,9,1,0,6,56,12,56,68,37,0,0,12,0.0324253979999866,0.008169882000061,0.0,0.008169882000061,0.0083831099999542,0.0408088870000256,Optimal,0,none,5.330303592681886,0,19,100.0,100.0,100.0,2.0,5,1,4,0.8333333333333334,0.5555555555555556,0.6666666666666667,0.8579107723676322,5,1,4,0.8333333333333334,0.5555555555555556,0.6666666666666667,0.8579107723676322,5,1,4,0.8333333333333334,0.5555555555555556,0.6666666666666667,0.8579107723676322,0,0,0,0.0,0.0,0.0,0,0,0,0.0,0.0,0.0
Open Images,d1ef645e3687eb31,21,0,9,0,6,56,12,56,68,37,0,0,12,0.0157244260000197,0.0082968579999942,0.0,0.0082968579999942,0.0084824909999952,0.0242073079999727,Optimal,0,none,4.975363973021352,0,19,100.0,100.0,100.0,2.0,0,6,0,0.0,0.0,0.0,0.0,0,6,0,0.0,0.0,0.0,0.0,0,6,0,0.0,0.0,0.0,0.0,0,0,0,0.0,0.0,0.0,0,0,0,0.0,0.0,0.0
Open Images,d29f095f98aec84f,3,0,1,0,11,209,22,209,231,122,0,0,22,0.0166526010000325,0.01393672100005,0.0,0.01393672100005,0.0143800079999891,0.0310330500000191,Optimal,0,none,8.690324049858011,0,34,100.0,100.0,100.0,2.0,0,11,0,0.0,0.0,0.0,0.0,0,11,0,0.0,0.0,0.0,0.0,0,11,0,0.0,0.0,0.0,0.0,0,0,0,0.0,0.0,0.0,0,0,0,0.0,0.0,0.0
Open Images,d2d5e5cc2b420898,68,10,2,0,15,366,30,366,396,226,0,0,30,0.0174133880000226,0.0189028959999859,0.0,0.0189028959999859,0.0194620830000076,0.0368759790000012,Optimal,0,none,12.13721514877925,0,46,100.0,100.0,100.0,2.0,6,9,4,0.4,0.6,0.48,0.7905923475353515,6,9,4,0.4,0.6,0.48,0.7905923475353515,6,9,4,0.4,0.6,0.48,0.7905923475353515,0,0,0,0.0,0.0,0.0,0,0,0,0.0,0.0,0.0
Open Images,d2fd5a5b75deb8e6,22,1,3,0,10,173,20,173,193,101,0,0,20,0.0183284910000338,0.0124822280000671,0.0,0.0124822280000671,0.0128311129999474,0.0311600569999654,Optimal,0,none,9.00402994439661,0,31,100.0,100.0,100.0,2.0,1,9,0,0.1,1.0,0.1818181818181818,0.7266174791571047,1,9,0,0.1,1.0,0.1818181818181818,0.7266174791571047,1,9,0,0.1,1.0,0.1818181818181818,0.7266174791571047,0,0,0,0.0,0.0,0.0,0,0,0,0.0,0.0,0.0
Open Images,d32f37b94e40e78a,39,1,3,0,4,19,8,19,27,17,0,0,8,0.0153103519999149,0.0068781439999838,0.0,0.0068781439999838,0.0070236320000276,0.0223344069999029,Optimal,0,none,3.561193591753643,0,13,100.0,100.0,100.0,2.0,1,3,0,0.25,1.0,0.4,0.9500045925959172,1,3,0,0.25,1.0,0.4,0.9500045925959172,1,3,0,0.25,1.0,0.4,0.9500045925959172,0,0,0,0.0,0.0,0.0,0,0,0,0.0,0.0,0.0
Open Images,d44801d0b7da712e,7,1,2,0,5,37,10,37,47,26,0,0,10,0.0191457040000386,0.0077089750000141,0.0,0.0077089750000141,0.0078814290000082,0.0270275260000971,Optimal,0,none,4.268776495540458,0,16,100.0,100.0,100.0,2.0,1,4,0,0.2,1.0,0.3333333333333333,0.9351238762362308,1,4,0,0.2,1.0,0.3333333333333333,0.9351238762362308,1,4,0,0.2,1.0,0.3333333333333333,0.9351238762362308,0,0,0,0.0,0.0,0.0,0,0,0,0.0,0.0,0.0
Open Images,d4a83afb84b0f902,5,0,4,0,3,12,6,12,18,10,0,0,6,0.0169009210000012,0.005940967000015,0.0,0.005940967000015,0.0060559179999017,0.0229572350000353,Optimal,0,none,2.423783169772157,0,10,100.0,100.0,100.0,2.0,0,3,0,0.0,0.0,0.0,0.0,0,3,0,0.0,0.0,0.0,0.0,0,3,0,0.0,0.0,0.0,0.0,0,0,0,0.0,0.0,0.0,0,0,0,0.0,0.0,0.0
Open Images,d4c9a417b5e7ba37,9,0,2,0,4,21,8,21,29,17,0,0,8,0.0176332510000065,0.0070117870000103,0.0,0.0070117870000103,0.0071416709999994,0.024775341999998,Optimal,0,none,3.470560230414073,0,13,100.0,100.0,100.0,2.0,0,4,0,0.0,0.0,0.0,0.0,0,4,0,0.0,0.0,0.0,0.0,0,4,0,0.0,0.0,0.0,0.0,0,0,0,0.0,0.0,0.0,0,0,0,0.0,0.0,0.0
Open Images,d5a1e51d937f330f,24,7,2,0,11,203,22,203,225,122,0,0,22,0.0181936260000838,0.0135014899999532,0.0,0.0135014899999532,0.0139455330000828,0.0321396300000742,Optimal,0,none,8.549361068241328,0,34,100.0,100.0,100.0,2.0,3,8,4,0.2727272727272727,0.4285714285714285,0.3333333333333332,0.804982075650256,3,8,4,0.2727272727272727,0.4285714285714285,0.3333333333333332,0.804982075650256,3,8,4,0.2727272727272727,0.4285714285714285,0.3333333333333332,0.804982075650256,0,0,0,0.0,0.0,0.0,0,0,0,0.0,0.0,0.0
Open Images,d6bdc197b5645e29,4,0,2,0,4,20,8,20,28,17,0,0,8,0.0138211429999728,0.0063511790000347,0.0,0.0063511790000347,0.0064849719999529,0.0203065749999495,Optimal,0,none,3.2561595952964195,0,13,100.0,100.0,100.0,2.0,0,4,0,0.0,0.0,0.0,0.0,0,4,0,0.0,0.0,0.0,0.0,0,4,0,0.0,0.0,0.0,0.0,0,0,0,0.0,0.0,0.0,0,0,0,0.0,0.0,0.0
Open Images,d7f48eef89b429ff,9,1,3,0,3,9,6,9,15,10,0,0,6,0.016188814999964,0.0059734809999554,0.0,0.0059734809999554,0.0060877549999531,0.0222769670000388,Optimal,0,none,2.621569908874614,0,10,100.0,100.0,100.0,2.0,1,2,0,0.3333333333333333,1.0,0.5,0.8676710375603031,1,2,0,0.3333333333333333,1.0,0.5,0.8676710375603031,1,2,0,0.3333333333333333,1.0,0.5,0.8676710375603031,0,0,0,0.0,0.0,0.0,0,0,0,0.0,0.0,0.0
Open Images,d8241d4c97b7bdc7,5,0,2,0,1,0,2,0,2,1,0,0,2,0.0160335969999323,0.0055916839999099,0.0,0.0055916839999099,0.0056477900000118,0.0216817829999627,Optimal,0,none,0.5648168961207072,0,2,100.0,100.0,100.0,2.0,0,1,0,0.0,0.0,0.0,0.0,0,1,0,0.0,0.0,0.0,0.0,0,1,0,0.0,0.0,0.0,0.0,0,0,0,0.0,0.0,0.0,0,0,0,0.0,0.0,0.0
Open Images,d92f7bdf1bfbcb31,9,1,1,0,2,2,4,2,6,5,0,0,4,0.0149720959999513,0.0055902190000551,0.0,0.0055902190000551,0.0056698770000593,0.0206423429999631,Optimal,0,none,1.5245834477742513,0,5,100.0,100.0,100.0,2.0,1,1,0,0.5,1.0,0.6666666666666666,0.8427567838960937,1,1,0,0.5,1.0,0.6666666666666666,0.8427567838960937,1,1,0,0.5,1.0,0.6666666666666666,0.8427567838960937,0,0,0,0.0,0.0,0.0,0,0,0,0.0,0.0,0.0
Open Images,d9e9a8b9befb3f51,18,2,1,0,3,11,6,11,17,10,0,0,6,0.0159936549999883,0.0067100339999797,0.0,0.0067100339999797,0.0068451600000116,0.0228392870000107,Optimal,0,none,2.6418322638701945,0,10,100.0,100.0,100.0,2.0,1,2,1,0.3333333333333333,0.5,0.4,0.5861688015857311,1,2,1,0.3333333333333333,0.5,0.4,0.5861688015857311,1,2,1,0.3333333333333333,0.5,0.4,0.5861688015857311,0,0,0,0.0,0.0,0.0,0,0,0,0.0,0.0,0.0
Open Images,dabd65b40c5f53fc,29,11,5,0,15,389,30,389,419,226,0,0,30,0.0211919099999704,0.0212849570000344,0.0,0.0212849570000344,0.0218965540000226,0.0430890599999429,Optimal,0,none,12.33690723152169,0,46,100.0,100.0,100.0,2.0,3,12,8,0.2,0.2727272727272727,0.2307692307692307,0.9381638459012694,3,12,8,0.2,0.2727272727272727,0.2307692307692307,0.9381638459012694,3,12,8,0.2,0.2727272727272727,0.2307692307692307,0.9381638459012694,0,0,0,0.0,0.0,0.0,0,0,0,0.0,0.0,0.0
Open Images,db73cb1e1bbecd08,3,1,2,0,0,0,0,0,0,0,0,0,1,0.0234768880000046,0.0045885360000283,0.0,0.0045885360000283,0.0046224029999848,0.0280996380000715,Optimal,0,none,,0,1,100.0,0.0,0.0,0.0,0,0,1,0.0,0.0,0.0,0.0,0,0,1,0.0,0.0,0.0,0.0,0,0,1,0.0,0.0,0.0,0.0,0,0,0,0.0,0.0,0.0,0,0,0,0.0,0.0,0.0
Open Images,db9455699be59212,26,0,2,0,2,4,4,4,8,5,0,0,4,0.0154138580001017,0.006257225000013,0.0,0.006257225000013,0.0063832800000227,0.0217975430000478,Optimal,0,none,1.4472813876469934,0,5,100.0,100.0,100.0,2.0,0,2,0,0.0,0.0,0.0,0.0,0,2,0,0.0,0.0,0.0,0.0,0,2,0,0.0,0.0,0.0,0.0,0,0,0,0.0,0.0,0.0,0,0,0,0.0,0.0,0.0
Open Images,dd1160459778fdd6,14,1,1,0,1,0,2,0,2,1,0,0,2,0.0225686649999943,0.0060403229999792,0.0,0.0060403229999792,0.0061034789999894,0.0286726439999256,Optimal,0,none,0.5929556290308635,0,2,100.0,100.0,100.0,2.0,0,1,1,0.0,0.0,0.0,0.5421153439530689,0,1,1,0.0,0.0,0.0,0.5421153439530689,0,1,1,0.0,0.0,0.0,0.5421153439530689,0,0,0,0.0,0.0,0.0,0,0,0,0.0,0.0,0.0
Open Images,dd424886ee4db1df,44,0,1,0,6,48,12,48,60,37,0,0,12,0.0243717010000636,0.0084014469999829,0.0,0.0084014469999829,0.0085858799999414,0.0329580600000554,Optimal,0,none,5.3407501411438005,0,19,100.0,100.0,100.0,2.0,0,6,0,0.0,0.0,0.0,0.0,0,6,0,0.0,0.0,0.0,0.0,0,6,0,0.0,0.0,0.0,0.0,0,0,0,0.0,0.0,0.0,0,0,0,0.0,0.0,0.0
Open Images,dd5cce09d5f254cc,13,0,3,0,2,8,4,8,12,5,0,0,4,0.0184754330000487,0.0063433519999307,0.0,0.0063433519999307,0.0064427350000642,0.0249185730000363,Optimal,0,none,1.170320120652517,0,5,100.0,100.0,100.0,2.0,0,2,0,0.0,0.0,0.0,0.0,0,2,0,0.0,0.0,0.0,0.0,0,2,0,0.0,0.0,0.0,0.0,0,0,0,0.0,0.0,0.0,0,0,0,0.0,0.0,0.0
Open Images,dd7c6dbfee84e796,25,1,1,0,13,286,26,286,312,170,0,0,26,0.0186219559999472,0.0163952860000335,0.0,0.0163952860000335,0.0168473689999473,0.0354698190000135,Optimal,0,none,11.169107383886978,0,40,100.0,100.0,100.0,2.0,1,12,0,0.0769230769230769,1.0,0.1428571428571428,0.5778950859962058,1,12,0,0.0769230769230769,1.0,0.1428571428571428,0.5778950859962058,1,12,0,0.0769230769230769,1.0,0.1428571428571428,0.5778950859962058,0,0,0,0.0,0.0,0.0,0,0,0,0.0,0.0,0.0
Open Images,ddebe5a86b2713c4,8,0,2,0,4,28,8,28,36,17,0,0,8,0.0188796679999541,0.0074481540000306,0.0,0.0074481540000306,0.0076148480000028,0.0264949410000099,Optimal,0,none,3.4527778355280567,0,13,100.0,100.0,100.0,2.0,0,4,0,0.0,0.0,0.0,0.0,0,4,0,0.0,0.0,0.0,0.0,0,4,0,0.0,0.0,0.0,0.0,0,0,0,0.0,0.0,0.0,0,0,0,0.0,0.0,0.0
Open Images,de578e711d5d2712,8,0,8,0,3,10,6,10,16,10,0,0,6,0.0179587370000717,0.006009382000002,0.0,0.006009382000002,0.0061330559999532,0.0240922360000013,Optimal,0,none,2.647193374633789,0,10,100.0,100.0,100.0,2.0,0,3,0,0.0,0.0,0.0,0.0,0,3,0,0.0,0.0,0.0,0.0,0,3,0,0.0,0.0,0.0,0.0,0,0,0,0.0,0.0,0.0,0,0,0,0.0,0.0,0.0
Open Images,df0179678dcd6762,23,3,2,0,14,365,28,365,393,197,0,0,28,0.0216656530000136,0.0196823439999889,0.0,0.0196823439999889,0.0201961390000633,0.041862339999966,Optimal,0,none,11.70607043622562,0,43,100.0,100.0,100.0,2.0,2,12,1,0.1428571428571428,0.6666666666666666,0.2352941176470588,0.8114570350191226,2,12,1,0.1428571428571428,0.6666666666666666,0.2352941176470588,0.8114570350191226,2,12,1,0.1428571428571428,0.6666666666666666,0.2352941176470588,0.8114570350191226,0,0,0,0.0,0.0,0.0,0,0,0,0.0,0.0,0.0
Open Images,df01a6bc5ed9029e,38,0,2,0,15,392,30,392,422,226,0,0,30,0.0178556649999563,0.0198074660000884,0.0,0.0198074660000884,0.0203382070000088,0.0381944120000525,Optimal,0,none,12.729690272014626,0,46,100.0,100.0,100.0,2.0,0,15,0,0.0,0.0,0.0,0.0,0,15,0,0.0,0.0,0.0,0.0,0,15,0,0.0,0.0,0.0,0.0,0,0,0,0.0,0.0,0.0,0,0,0,0.0,0.0,0.0
Open Images,e0aa41e2ede3de7d,13,0,4,0,2,6,4,6,10,5,0,0,4,0.0173807850000002,0.0059523339999714,0.0,0.0059523339999714,0.0060523450000573,0.0234335879999889,Optimal,0,none,1.3148277791341147,0,5,100.0,100.0,100.0,2.0,0,2,0,0.0,0.0,0.0,0.0,0,2,0,0.0,0.0,0.0,0.0,0,2,0,0.0,0.0,0.0,0.0,0,0,0,0.0,0.0,0.0,0,0,0,0.0,0.0,0.0
Open Images,e12d3e0517297b73,5,0,1,0,1,0,2,0,2,1,0,0,2,0.0188440470000159,0.0059312779999345,0.0,0.0059312779999345,0.0059930459999577,0.0248375600000372,Optimal,0,none,0.4225497762362162,0,2,100.0,100.0,100.0,2.0,0,1,0,0.0,0.0,0.0,0.0,0,1,0,0.0,0.0,0.0,0.0,0,1,0,0.0,0.0,0.0,0.0,0,0,0,0.0,0.0,0.0,0,0,0,0.0,0.0,0.0
Open Images,e216dd92c7f1e961,32,5,1,0,20,691,40,691,731,401,0,0,40,0.022049260000017,0.0317465210000591,0.0,0.0317465210000591,0.0326561269999956,0.0547059900000022,Optimal,0,none,16.349251610986066,0,61,100.0,100.0,100.0,2.0,2,18,3,0.1,0.4,0.16,0.9043973216266096,2,18,3,0.1,0.4,0.16,0.9043973216266096,2,18,3,0.1,0.4,0.16,0.9043973216266096,0,0,0,0.0,0.0,0.0,0,0,0,0.0,0.0,0.0
Open Images,e3f5e554f66f6595,64,2,9,0,15,382,30,382,412,226,0,0,30,0.0206174159999363,0.0199940500000366,0.0,0.0199940500000366,0.0205459960000098,0.0411639599999489,Optimal,0,none,12.465464237635684,0,46,100.0,100.0,100.0,2.0,1,14,1,0.0666666666666666,0.5,0.1176470588235294,0.7141905851486812,1,14,1,0.0666666666666666,0.5,0.1176470588235294,0.7141905851486812,1,14,1,0.0666666666666666,0.5,0.1176470588235294,0.7141905851486812,0,0,0,0.0,0.0,0.0,0,0,0,0.0,0.0,0.0
Open Images,e6697a9f8ec12c82,7,0,1,0,2,2,4,2,6,5,0,0,4,0.0228122430000894,0.0059155220000093,0.0,0.0059155220000093,0.0060051540000358,0.0288178389999984,Optimal,0,none,1.2469763406117755,0,5,100.0,100.0,100.0,2.0,0,2,0,0.0,0.0,0.0,0.0,0,2,0,0.0,0.0,0.0,0.0,0,2,0,0.0,0.0,0.0,0.0,0,0,0,0.0,0.0,0.0,0,0,0,0.0,0.0,0.0
Open Images,e91b89ea86367570,13,0,3,0,2,2,4,2,6,5,0,0,4,0.0159518409999464,0.0058698650000224,0.0,0.0058698650000224,0.0059683470000209,0.0219206059999805,Optimal,0,none,1.435548294385274,0,5,100.0,100.0,100.0,2.0,0,2,0,0.0,0.0,0.0,0.0,0,2,0,0.0,0.0,0.0,0.0,0,2,0,0.0,0.0,0.0,0.0,0,0,0,0.0,0.0,0.0,0,0,0,0.0,0.0,0.0
Open Images,e955e464ee18492a,17,1,1,0,2,4,4,4,8,5,0,0,4,0.0215513970000529,0.0064436229999955,0.0,0.0064436229999955,0.0065423800000417,0.0280942599999889,Optimal,0,none,1.398810246785482,0,5,100.0,100.0,100.0,2.0,1,1,0,0.5,1.0,0.6666666666666666,0.9008131454655446,1,1,0,0.5,1.0,0.6666666666666666,0.9008131454655446,1,1,0,0.5,1.0,0.6666666666666666,0.9008131454655446,0,0,0,0.0,0.0,0.0,0,0,0,0.0,0.0,0.0
Open Images,ea0cd65da3d17cb6,12,1,2,0,4,16,8,16,24,17,0,0,8,0.0152521850000084,0.0070575580000422,0.0,0.0070575580000422,0.0071903609999708,0.0224429849999978,Optimal,0,none,3.1796697227160147,0,13,100.0,100.0,100.0,2.0,1,3,0,0.25,1.0,0.4,0.9576826105842164,1,3,0,0.25,1.0,0.4,0.9576826105842164,1,3,0,0.25,1.0,0.4,0.9576826105842164,0,0,0,0.0,0.0,0.0,0,0,0,0.0,0.0,0.0
Open Images,ea2a84f5d29be501,8,0,2,0,3,14,6,14,20,10,0,0,6,0.0211708619999626,0.0061916220000739,0.0,0.0061916220000739,0.0063512880000189,0.0275226069999234,Optimal,0,none,2.3616968428460927,0,10,100.0,100.0,100.0,2.0,0,3,0,0.0,0.0,0.0,0.0,0,3,0,0.0,0.0,0.0,0.0,0,3,0,0.0,0.0,0.0,0.0,0,0,0,0.0,0.0,0.0,0,0,0,0.0,0.0,0.0
Open Images,eadce84978423613,13,1,5,0,1,0,2,0,2,1,0,0,2,0.0229766830000244,0.0057136879999006,0.0,0.0057136879999006,0.00577351000004,0.0287505600000486,Optimal,0,none,0.6263865629831951,0,2,100.0,100.0,100.0,2.0,0,1,1,0.0,0.0,0.0,0.0,0,1,1,0.0,0.0,0.0,0.0,0,1,1,0.0,0.0,0.0,0.0,0,0,0,0.0,0.0,0.0,0,0,0,0.0,0.0,0.0
Open Images,ecbbb807ff44e14d,23,1,1,0,2,2,4,2,6,5,0,0,4,0.0133848870000292,0.005843757999969,0.0,0.005843757999969,0.0059417569999595,0.0193270930000153,Optimal,0,none,1.335732234319051,0,5,100.0,100.0,100.0,2.0,0,2,1,0.0,0.0,0.0,0.0,0,2,1,0.0,0.0,0.0,0.0,0,2,1,0.0,0.0,0.0,0.0,0,0,0,0.0,0.0,0.0,0,0,0,0.0,0.0,0.0
Open Images,ed583cb7dc069691,40,1,1,0,2,4,4,4,8,5,0,0,4,0.0163772470000367,0.0058595960000502,0.0,0.0058595960000502,0.0059467410000024,0.0223243260001027,Optimal,0,none,1.498928033538598,0,5,100.0,100.0,100.0,2.0,0,2,1,0.0,0.0,0.0,0.0,0,2,1,0.0,0.0,0.0,0.0,0,2,1,0.0,0.0,0.0,0.0,0,0,0,0.0,0.0,0.0,0,0,0,0.0,0.0,0.0
Open Images,f00d696f4d0663e1,20,0,2,0,1,0,2,0,2,1,0,0,2,0.056107245000021,0.0057504569999764,0.0,0.0057504569999764,0.0058301710000705,0.0619378620000361,Optimal,0,none,0.6155933777491251,0,2,100.0,100.0,100.0,2.0,0,1,0,0.0,0.0,0.0,0.0,0,1,0,0.0,0.0,0.0,0.0,0,1,0,0.0,0.0,0.0,0.0,0,0,0,0.0,0.0,0.0,0,0,0,0.0,0.0,0.0
Open Images,f0ec9c4728c00172,8,5,5,0,3,10,6,10,16,10,0,0,6,0.0197614040000644,0.006104966999942,0.0,0.006104966999942,0.0062190470000587,0.0259809000000359,Optimal,0,none,2.2569396805763247,0,10,100.0,100.0,100.0,2.0,1,2,4,0.3333333333333333,0.2,0.25,0.9269897323880107,1,2,4,0.3333333333333333,0.2,0.25,0.9269897323880107,1,2,4,0.3333333333333333,0.2,0.25,0.9269897323880107,0,0,0,0.0,0.0,0.0,0,0,0,0.0,0.0,0.0
Open Images,f185f8f2d67d0067,8,0,5,0,1,0,2,0,2,1,0,0,2,0.0171610759999794,0.0058189369999581,0.0,0.0058189369999581,0.0058801239999866,0.0230416120000427,Optimal,0,none,0.5953720013300579,0,2,100.0,100.0,100.0,2.0,0,1,0,0.0,0.0,0.0,0.0,0,1,0,0.0,0.0,0.0,0.0,0,1,0,0.0,0.0,0.0,0.0,0,0,0,0.0,0.0,0.0,0,0,0,0.0,0.0,0.0
Open Images,f339b1c5438b5b7c,58,2,7,0,7,66,14,66,80,50,0,0,14,0.0197666100000333,0.0089444510000475,0.0,0.0089444510000475,0.0091537989999324,0.0289208609999604,Optimal,0,none,6.246626693407697,0,22,100.0,100.0,100.0,2.0,1,6,1,0.1428571428571428,0.5,0.2222222222222222,0.8079724323056396,1,6,1,0.1428571428571428,0.5,0.2222222222222222,0.8079724323056396,1,6,1,0.1428571428571428,0.5,0.2222222222222222,0.8079724323056396,0,0,0,0.0,0.0,0.0,0,0,0,0.0,0.0,0.0
Open Images,f3e7fed441e35ccd,23,0,1,0,4,27,8,27,35,17,0,0,8,0.0168719170000031,0.0069987719999744,0.0,0.0069987719999744,0.0071426539999492,0.0240149249999603,Optimal,0,none,3.2780411746215865,0,13,100.0,100.0,100.0,2.0,0,4,0,0.0,0.0,0.0,0.0,0,4,0,0.0,0.0,0.0,0.0,0,4,0,0.0,0.0,0.0,0.0,0,0,0,0.0,0.0,0.0,0,0,0,0.0,0.0,0.0
Open Images,f54cecf49c0397f5,12,0,1,0,3,10,6,10,16,10,0,0,6,0.0206327759999567,0.0061280999999553,0.0,0.0061280999999553,0.0062416449999318,0.0268830920000482,Optimal,0,none,2.3627036762237554,0,10,100.0,100.0,100.0,2.0,0,3,0,0.0,0.0,0.0,0.0,0,3,0,0.0,0.0,0.0,0.0,0,3,0,0.0,0.0,0.0,0.0,0,0,0,0.0,0.0,0.0,0,0,0,0.0,0.0,0.0
Open Images,f88b1b035c47011b,12,3,3,0,7,74,14,74,88,50,0,0,14,0.0174133089999486,0.0082496280000441,0.0,0.0082496280000441,0.0085315259999561,0.0259454209999603,Optimal,0,none,5.71500975529353,0,22,100.0,100.0,100.0,2.0,2,5,1,0.2857142857142857,0.6666666666666666,0.4,0.7774606057760761,2,5,1,0.2857142857142857,0.6666666666666666,0.4,0.7774606057760761,2,5,1,0.2857142857142857,0.6666666666666666,0.4,0.7774606057760761,0,0,0,0.0,0.0,0.0,0,0,0,0.0,0.0,0.0
Open Images,f98e23895593ab01,23,0,3,0,5,40,10,40,50,26,0,0,10,0.0214417690000345,0.007148495000024,0.0,0.007148495000024,0.007329289999916,0.0287713980000035,Optimal,0,none,3.98916116555532,0,16,100.0,100.0,100.0,2.0,0,5,0,0.0,0.0,0.0,0.0,0,5,0,0.0,0.0,0.0,0.0,0,5,0,0.0,0.0,0.0,0.0,0,0,0,0.0,0.0,0.0,0,0,0,0.0,0.0,0.0
Open Images,f9d76673400715e9,12,0,1,0,1,0,2,0,2,1,0,0,2,0.0294604609999851,0.0057403049999038,0.0,0.0057403049999038,0.0058720920000041,0.0353329920000078,Optimal,0,none,0.6222742716471354,0,2,100.0,100.0,100.0,2.0,0,1,0,0.0,0.0,0.0,0.0,0,1,0,0.0,0.0,0.0,0.0,0,1,0,0.0,0.0,0.0,0.0,0,0,0,0.0,0.0,0.0,0,0,0,0.0,0.0,0.0
Open Images,f9e161f84d07e4c0,15,0,1,0,1,0,2,0,2,1,0,0,2,0.0174445000000105,0.005548277999992,0.0,0.005548277999992,0.0056069500000148,0.0230518340000571,Optimal,0,none,0.6374839941660564,0,2,100.0,100.0,100.0,2.0,0,1,0,0.0,0.0,0.0,0.0,0,1,0,0.0,0.0,0.0,0.0,0,1,0,0.0,0.0,0.0,0.0,0,0,0,0.0,0.0,0.0,0,0,0,0.0,0.0,0.0
Open Images,f9e68389f2422650,11,0,6,0,1,0,2,0,2,1,0,0,2,0.0205852430000277,0.0054322779999438,0.0,0.0054322779999438,0.0054891660000748,0.026074761000018,Optimal,0,none,0.3856588880221049,0,2,100.0,100.0,100.0,2.0,0,1,0,0.0,0.0,0.0,0.0,0,1,0,0.0,0.0,0.0,0.0,0,1,0,0.0,0.0,0.0,0.0,0,0,0,0.0,0.0,0.0,0,0,0,0.0,0.0,0.0
Open Images,fb29a634ec39a4c1,33,2,2,0,11,172,22,172,194,122,0,0,22,0.0164023620000079,0.0112880300000597,0.0,0.0112880300000597,0.0116160099998978,0.0280188020000196,Optimal,0,none,8.709015622933709,0,34,100.0,100.0,100.0,2.0,1,10,1,0.0909090909090909,0.5,0.1538461538461538,0.7893374152669147,1,10,1,0.0909090909090909,0.5,0.1538461538461538,0.7893374152669147,1,10,1,0.0909090909090909,0.5,0.1538461538461538,0.7893374152669147,0,0,0,0.0,0.0,0.0,0,0,0,0.0,0.0,0.0
Open Images,fc14f1cce131d551,28,0,3,0,4,20,8,20,28,17,0,0,8,0.0229184549999672,0.0070137760000079,0.0,0.0070137760000079,0.0071430399999599,0.0300619289999986,Optimal,0,none,3.5278924671808887,0,13,100.0,100.0,100.0,2.0,0,4,0,0.0,0.0,0.0,0.0,0,4,0,0.0,0.0,0.0,0.0,0,4,0,0.0,0.0,0.0,0.0,0,0,0,0.0,0.0,0.0,0,0,0,0.0,0.0,0.0
Open Images,fcae2d2574521a1a,15,0,4,0,2,4,4,4,8,5,0,0,4,0.0189139679999925,0.0058494639999935,0.0,0.0058494639999935,0.0059323630000562,0.0248467400000436,Optimal,0,none,1.3626738937695824,0,5,100.0,100.0,100.0,2.0,0,2,0,0.0,0.0,0.0,0.0,0,2,0,0.0,0.0,0.0,0.0,0,2,0,0.0,0.0,0.0,0.0,0,0,0,0.0,0.0,0.0,0,0,0,0.0,0.0,0.0
Open Images,fcfbd8e754fea64f,26,0,2,0,5,32,10,32,42,26,0,0,10,0.0177143290000003,0.0069357859999854,0.0,0.0069357859999854,0.0070968569999649,0.024811604999968,Optimal,0,none,4.295860453446707,0,16,100.0,100.0,100.0,2.0,0,5,0,0.0,0.0,0.0,0.0,0,5,0,0.0,0.0,0.0,0.0,0,5,0,0.0,0.0,0.0,0.0,0,0,0,0.0,0.0,0.0,0,0,0,0.0,0.0,0.0
Open Images,fd29da80d062d4df,18,0,1,0,3,10,6,10,16,10,0,0,6,0.0145350300000473,0.0056592309999814,0.0,0.0056592309999814,0.0057664240000576,0.0203019190000759,Optimal,0,none,2.3869811558723453,0,10,100.0,100.0,100.0,2.0,0,3,0,0.0,0.0,0.0,0.0,0,3,0,0.0,0.0,0.0,0.0,0,3,0,0.0,0.0,0.0,0.0,0,0,0,0.0,0.0,0.0,0,0,0,0.0,0.0,0.0
Open Images,fdef6eed1051dd32,12,0,1,0,2,6,4,6,10,5,0,0,4,0.0149583529999972,0.0061494830000583,0.0,0.0061494830000583,0.0062464410000302,0.0212052440000434,Optimal,0,none,1.2510389359792078,0,5,100.0,100.0,100.0,2.0,0,2,0,0.0,0.0,0.0,0.0,0,2,0,0.0,0.0,0.0,0.0,0,2,0,0.0,0.0,0.0,0.0,0,0,0,0.0,0.0,0.0,0,0,0,0.0,0.0,0.0
Open Images,fdefeec421b9a4df,42,0,1,0,22,838,44,838,882,485,0,0,44,0.0285257920000958,0.0404310069999382,0.0,0.0404310069999382,0.0415229679999811,0.0700492350000558,Optimal,0,none,18.2079258910815,0,67,100.0,100.0,100.0,2.0,0,22,0,0.0,0.0,0.0,0.0,0,22,0,0.0,0.0,0.0,0.0,0,22,0,0.0,0.0,0.0,0.0,0,0,0,0.0,0.0,0.0,0,0,0,0.0,0.0,0.0
Open Images,fe600639ac5f36c1,30,0,2,0,6,57,12,57,69,37,0,0,12,0.0165967200000523,0.0109164870000313,0.0,0.0109164870000313,0.0111435500000425,0.0277407510000102,Optimal,0,none,5.31792480900768,0,19,100.0,100.0,100.0,2.0,0,6,0,0.0,0.0,0.0,0.0,0,6,0,0.0,0.0,0.0,0.0,0,6,0,0.0,0.0,0.0,0.0,0,0,0,0.0,0.0,0.0,0,0,0,0.0,0.0,0.0
Open Images,fe67317504c74466,8,0,1,0,3,14,6,14,20,10,0,0,6,0.0174516549999452,0.0072987529999863,0.0,0.0072987529999863,0.007442879999985,0.024894986999925,Optimal,0,none,2.368731985092164,0,10,100.0,100.0,100.0,2.0,0,3,0,0.0,0.0,0.0,0.0,0,3,0,0.0,0.0,0.0,0.0,0,3,0,0.0,0.0,0.0,0.0,0,0,0,0.0,0.0,0.0,0,0,0,0.0,0.0,0.0
Open Images,ff50b6fca1c1d54b,20,1,6,0,5,38,10,38,48,26,0,0,10,0.0190147879999358,0.0082430170000407,0.0,0.0082430170000407,0.0084229320000304,0.0274381399999583,Optimal,0,none,4.172469111283621,0,16,100.0,100.0,100.0,2.0,1,4,0,0.2,1.0,0.3333333333333333,0.6225518865899726,1,4,0,0.2,1.0,0.3333333333333333,0.6225518865899726,1,4,0,0.2,1.0,0.3333333333333333,0.6225518865899726,0,0,0,0.0,0.0,0.0,0,0,0,0.0,0.0,0.0
Open Images,ffb2640fb0b5a865,20,1,6,0,2,4,4,4,8,5,0,0,4,0.0197722520000525,0.0062764629999492,0.0,0.0062764629999492,0.0063701930000661,0.0261428230001001,Optimal,0,none,1.356599574130295,0,5,100.0,100.0,100.0,2.0,0,2,1,0.0,0.0,0.0,0.0,0,2,1,0.0,0.0,0.0,0.0,0,2,1,0.0,0.0,0.0,0.0,0,0,0,0.0,0.0,0.0,0,0,0,0.0,0.0,0.0
Open Images,ffddf3805faf3cbf,12,1,1,0,2,5,4,5,9,5,0,0,4,0.0239747519999582,0.006153587999961,0.0,0.006153587999961,0.0062483520000569,0.03022354299992,Optimal,0,none,1.4386638641756797,0,5,100.0,100.0,100.0,2.0,0,2,1,0.0,0.0,0.0,0.0,0,2,1,0.0,0.0,0.0,0.0,0,2,1,0.0,0.0,0.0,0.0,0,0,0,0.0,0.0,0.0,0,0,0,0.0,0.0,0.0
