dataset,image_id,raw_gt_boxes,eligible_gt_boxes,raw_gt_relations,eligible_gt_relations,n_objects,n_relation_candidates,n_label_variables,n_relation_variables,n_binary_variables,n_constraints,n_domain_constraints,n_range_constraints,relation_budget,candidate_build_time_s,clean_time_s,legacy_time_s,end_to_end_time_s,clean_objective,legacy_objective,clean_fallback,legacy_fallback,clean_violations,legacy_violations,clean_tp,clean_fp,clean_fn,clean_precision,clean_recall,clean_f1,clean_miou,legacy_tp,legacy_fp,legacy_fn,legacy_precision,legacy_recall,legacy_f1,legacy_miou,clean_rel_tp,clean_rel_fp,clean_rel_fn,clean_rel_precision,clean_rel_recall,clean_rel_f1,legacy_rel_tp,legacy_rel_fp,legacy_rel_fn,legacy_rel_precision,legacy_rel_recall,legacy_rel_f1,selected_label_changes,selected_relation_symmetric_diff
COCO,397133,19,19,0,0,9,140,18,140,158,82,0,0,18,0.015129573000081109,0.014002353000023504,0.012947563000011542,0.04208075100007136,7.415990853309635,6.927587080299858,0,0,0,0,7,2,12,0.7777777777777778,0.3684210526315789,0.5,0.8169959153301155,7,2,12,0.7777777777777778,0.3684210526315789,0.5,0.8169959153301155,0,0,0,0.0,0.0,0.0,0,0,0,0.0,0.0,0.0,0,0
COCO,37777,14,14,0,0,10,206,20,206,226,101,0,0,20,0.012594694000085838,0.015864106999970318,0.015011979999940195,0.043471840000052,7.993419081874307,7.343316811529414,0,0,0,0,8,2,6,0.8,0.5714285714285714,0.6666666666666666,0.8665902376234738,8,2,6,0.8,0.5714285714285714,0.6666666666666666,0.8665902376234738,0,0,0,0.0,0.0,0.0,0,0,0,0.0,0.0,0.0,0,0
COCO,252219,7,7,0,0,6,49,12,49,61,37,0,0,12,0.014678646999982448,0.01072492000002967,0.009987776999992093,0.035392022999985784,5.159939947814005,4.945221364885824,0,0,0,0,5,1,2,0.8333333333333334,0.7142857142857143,0.7692307692307692,0.9439183427943287,5,1,2,0.8333333333333334,0.7142857142857143,0.7692307692307692,0.9439183427943287,0,0,0,0.0,0.0,0.0,0,0,0,0.0,0.0,0.0,0,0
COCO,87038,17,17,0,0,14,287,28,287,315,197,0,0,28,0.01701285599995117,0.021456649000015204,0.02041274299995166,0.058882951999976285,10.95348351704188,10.00404554617512,0,0,0,0,8,6,9,0.5714285714285714,0.47058823529411764,0.5161290322580646,0.7713169576311789,8,6,9,0.5714285714285714,0.47058823529411764,0.5161290322580646,0.7713169576311789,0,0,0,0.0,0.0,0.0,0,0,0,0.0,0.0,0.0,0,0
COCO,174482,12,12,0,0,10,154,20,154,174,101,0,0,20,0.14020844000003763,0.01464587800001027,0.01400138799999695,0.16885674000002382,8.007033654212982,7.388472089429728,0,0,0,0,4,6,8,0.4,0.3333333333333333,0.3636363636363636,0.823688080298954,4,6,8,0.4,0.3333333333333333,0.3636363636363636,0.823688080298954,0,0,0,0.0,0.0,0.0,0,0,0,0.0,0.0,0.0,0,0
COCO,403385,2,2,0,0,3,10,6,10,16,10,0,0,6,0.06092888499995297,0.007303712999942036,0.006150439999942137,0.07438378500000908,2.399567849636078,2.23988958761096,0,0,0,0,2,1,0,0.6666666666666666,1.0,0.8,0.8313655951927312,2,1,0,0.6666666666666666,1.0,0.8,0.8313655951927312,0,0,0,0.0,0.0,0.0,0,0,0,0.0,0.0,0.0,0,0
COCO,6818,1,1,0,0,1,0,2,0,2,1,0,0,2,0.0548773830000755,0.006236875000013242,0.006046577999995861,0.06716153700006089,0.40166943470637007,0.310691409856081,0,0,0,0,1,0,0,1.0,1.0,1.0,0.865488981028744,1,0,0,1.0,1.0,1.0,0.865488981028744,0,0,0,0.0,0.0,0.0,0,0,0,0.0,0.0,0.0,0,0
COCO,480985,13,13,0,0,5,38,10,38,48,26,0,0,10,0.05880257600006189,0.010101763999955438,0.009299941999984185,0.07820486499997514,4.010178490479788,3.7210437844693676,0,0,0,0,4,1,9,0.8,0.3076923076923077,0.4444444444444444,0.8246246488940939,4,1,9,0.8,0.3076923076923077,0.4444444444444444,0.8246246488940939,0,0,0,0.0,0.0,0.0,0,0,0,0.0,0.0,0.0,0,0
COCO,458054,10,10,0,0,3,9,6,9,15,10,0,0,6,0.014447985000060726,0.007373267000048145,0.006233901999962654,0.028055769000047803,2.283347113132477,2.0757277972996238,0,0,0,0,2,1,8,0.6666666666666666,0.2,0.30769230769230765,0.6486358711314193,2,1,8,0.6666666666666666,0.2,0.30769230769230765,0.6486358711314193,0,0,0,0.0,0.0,0.0,0,0,0,0.0,0.0,0.0,0,0
COCO,331352,2,2,0,0,3,11,6,11,17,10,0,0,6,0.014147404000027564,0.0072193889999425664,0.006539571999951477,0.027907111000104123,2.4495774768861396,2.282010458615647,0,0,0,0,1,2,1,0.3333333333333333,0.5,0.4,0.8180303677598093,1,2,1,0.3333333333333333,0.5,0.4,0.8180303677598093,0,0,0,0.0,0.0,0.0,0,0,0,0.0,0.0,0.0,0,0
COCO,296649,26,26,0,0,18,549,36,549,585,325,0,0,36,0.01773390199991809,0.03160670800002663,0.030919641999958003,0.0802609359999451,14.705665836181993,13.702751529064532,0,0,0,0,12,6,14,0.6666666666666666,0.46153846153846156,0.5454545454545455,0.745083718096633,12,6,14,0.6666666666666666,0.46153846153846156,0.5454545454545455,0.745083718096633,0,0,0,0.0,0.0,0.0,0,0,0,0.0,0.0,0.0,0,0
COCO,386912,18,18,0,0,6,57,12,57,69,37,0,0,12,0.015828273000010995,0.010174564000067221,0.009160896000025787,0.03516448200002742,4.6811424123709715,4.259042290396027,0,0,0,0,1,5,17,0.16666666666666666,0.05555555555555555,0.08333333333333333,0.7858375823690464,1,5,17,0.16666666666666666,0.05555555555555555,0.08333333333333333,0.7858375823690464,0,0,0,0.0,0.0,0.0,0,0,0,0.0,0.0,0.0,0,0
COCO,502136,4,4,0,0,4,22,8,22,30,17,0,0,8,0.059707308999918496,0.008188432999986617,0.008185059999959776,0.076081439999939,3.196127138564981,2.9583119733929606,0,0,0,0,4,0,0,1.0,1.0,1.0,0.8149914915050892,4,0,0,1.0,1.0,1.0,0.8149914915050892,0,0,0,0.0,0.0,0.0,0,0,0,0.0,0.0,0.0,0,0
COCO,491497,12,12,0,0,3,12,6,12,18,10,0,0,6,0.014499665000016648,0.007722967000063363,0.006307157000037478,0.02853056399999332,2.453831586837769,2.300037116408349,0,0,0,0,1,2,11,0.3333333333333333,0.08333333333333333,0.13333333333333333,0.95372730656882,1,2,11,0.3333333333333333,0.08333333333333333,0.13333333333333333,0.95372730656882,0,0,0,0.0,0.0,0.0,0,0,0,0.0,0.0,0.0,0,0
COCO,184791,7,7,0,0,5,41,10,41,51,26,0,0,10,0.015890448999925866,0.010868565000009767,0.009958654999991268,0.03671827799996663,4.211628561801315,3.996112063513796,0,0,0,0,4,1,3,0.8,0.5714285714285714,0.6666666666666666,0.8904596346698382,4,1,3,0.8,0.5714285714285714,0.6666666666666666,0.8904596346698382,0,0,0,0.0,0.0,0.0,0,0,0,0.0,0.0,0.0,0,0
COCO,348881,5,5,0,0,4,22,8,22,30,17,0,0,8,0.014574734999996508,0.007914027000083479,0.006903776999934053,0.029393132999985028,3.1243673769632987,2.858502253293992,0,0,0,0,3,1,2,0.75,0.6,0.6666666666666665,0.9009330709441116,3,1,2,0.75,0.6,0.6666666666666665,0.9009330709441116,0,0,0,0.0,0.0,0.0,0,0,0,0.0,0.0,0.0,0,0
COCO,289393,4,4,0,0,6,58,12,58,70,37,0,0,12,0.013532308000094417,0.009997570999985328,0.008416789000079916,0.031947295000009035,4.627753603458406,4.171701964884998,0,0,0,0,1,5,3,0.16666666666666666,0.25,0.2,0.9684531675177958,1,5,3,0.16666666666666666,0.25,0.2,0.9684531675177958,0,0,0,0.0,0.0,0.0,0,0,0,0.0,0.0,0.0,0,0
COCO,522713,13,13,0,0,3,12,6,12,18,10,0,0,6,0.013671159000068656,0.007197121999979572,0.006239308000090205,0.027108225000006314,2.365962276458741,2.1759217154979713,0,0,0,0,2,1,11,0.6666666666666666,0.15384615384615385,0.25,0.899708122242201,2,1,11,0.6666666666666666,0.15384615384615385,0.25,0.899708122242201,0,0,0,0.0,0.0,0.0,0,0,0,0.0,0.0,0.0,0,0
COCO,181666,16,16,0,0,11,173,22,173,195,122,0,0,22,0.015192433000038363,0.015041474999975435,0.014729794000004404,0.044964251000010336,9.067154248555504,8.519647042751314,0,0,0,0,9,2,7,0.8181818181818182,0.5625,0.6666666666666666,0.8543766217032819,9,2,7,0.8181818181818182,0.5625,0.6666666666666666,0.8543766217032819,0,0,0,0.0,0.0,0.0,0,0,0,0.0,0.0,0.0,0,0
COCO,17627,16,16,0,0,13,241,26,241,267,170,0,0,26,0.01704660400002922,0.018217808999906993,0.017974457999912374,0.05323953000004167,10.890786124865217,10.330568734705452,0,0,0,0,12,1,4,0.9230769230769231,0.75,0.8275862068965517,0.8698758425245191,12,1,4,0.9230769230769231,0.75,0.8275862068965517,0.8698758425245191,0,0,0,0.0,0.0,0.0,0,0,0,0.0,0.0,0.0,0,0
COCO,143931,2,2,0,0,3,12,6,12,18,10,0,0,6,0.014179259000002276,0.007066744999974617,0.006245928000112144,0.027492608999978074,2.2904903626441953,2.069317637234926,0,0,0,0,2,1,0,0.6666666666666666,1.0,0.8,0.9370136853511397,2,1,0,0.6666666666666666,1.0,0.8,0.9370136853511397,0,0,0,0.0,0.0,0.0,0,0,0,0.0,0.0,0.0,0,0
COCO,303818,18,18,0,0,13,263,26,263,289,170,0,0,26,0.016898927000056574,0.02027573299994856,0.018538934999924095,0.05571461400006683,10.652203837937765,9.979191290792478,0,0,0,0,12,1,6,0.9230769230769231,0.6666666666666666,0.7741935483870968,0.8007256033868532,12,1,6,0.9230769230769231,0.6666666666666666,0.7741935483870968,0.8007256033868532,0,0,0,0.0,0.0,0.0,0,0,0,0.0,0.0,0.0,0,0
COCO,463730,22,22,0,0,13,271,26,271,297,170,0,0,26,0.015387429000043085,0.019749108000041815,0.01906332300006852,0.054200532999971074,10.813683214014402,10.16575638743801,0,0,0,0,9,4,13,0.6923076923076923,0.4090909090909091,0.5142857142857142,0.8717693013268242,9,4,13,0.6923076923076923,0.4090909090909091,0.5142857142857142,0.8717693013268242,0,0,0,0.0,0.0,0.0,0,0,0,0.0,0.0,0.0,0,0
COCO,460347,7,7,0,0,6,53,12,53,65,37,0,0,12,0.014451932000042689,0.009903079999958209,0.009092366000004404,0.033447997000052965,5.201735758781434,5.003076759278776,0,0,0,0,6,0,1,1.0,0.8571428571428571,0.923076923076923,0.861551404788484,6,0,1,1.0,0.8571428571428571,0.923076923076923,0.861551404788484,0,0,0,0.0,0.0,0.0,0,0,0,0.0,0.0,0.0,0,0
COCO,322864,6,6,0,0,9,137,18,137,155,82,0,0,18,0.014963695000005828,0.014850591000026725,0.013187379999976656,0.043002385000022514,7.368748041309775,6.871749729879559,0,0,0,0,6,3,0,0.6666666666666666,1.0,0.8,0.8508833946923676,6,3,0,0.6666666666666666,1.0,0.8,0.8508833946923676,0,0,0,0.0,0.0,0.0,0,0,0,0.0,0.0,0.0,0,0
COCO,226111,0,0,0,0,0,0,0,0,0,0,0,0,1,0.012487195999938194,0.004937883000025067,0.004277340999919943,0.02170296099995994,,,0,0,0,0,0,0,0,0.0,0.0,0.0,0.0,0,0,0,0.0,0.0,0.0,0.0,0,0,0,0.0,0.0,0.0,0,0,0,0.0,0.0,0.0,0,0
COCO,153299,2,2,0,0,2,4,4,4,8,5,0,0,4,0.05877367799996591,0.006776395999963825,0.0063758700000562385,0.07192665599995962,1.4176609309514365,1.3571127316355707,0,0,0,0,2,0,0,1.0,1.0,1.0,0.9488826382422703,2,0,0,1.0,1.0,1.0,0.9488826382422703,0,0,0,0.0,0.0,0.0,0,0,0,0.0,0.0,0.0,0,0
COCO,308394,4,4,0,0,4,22,8,22,30,17,0,0,8,0.014298554999982116,0.0082021519999671,0.007263354999963667,0.029764634000002843,3.3673338977495844,3.2016924639046205,0,0,0,0,2,2,2,0.5,0.5,0.5,0.7329136725544038,2,2,2,0.5,0.5,0.5,0.7329136725544038,0,0,0,0.0,0.0,0.0,0,0,0,0.0,0.0,0.0,0,0
COCO,456496,5,5,0,0,4,23,8,23,31,17,0,0,8,0.013104119999979957,0.00794778799991036,0.0069829090000439464,0.02803543200002423,3.474457414993191,3.3485711802527742,0,0,0,0,4,0,1,1.0,0.8,0.888888888888889,0.8763608343842586,4,0,1,1.0,0.8,0.888888888888889,0.8763608343842586,0,0,0,0.0,0.0,0.0,0,0,0,0.0,0.0,0.0,0,0
COCO,58636,0,0,0,0,0,0,0,0,0,0,0,0,1,0.05590281800004959,0.005334545999971851,0.004426376999958848,0.06566459999999097,,,0,0,0,0,0,0,0,0.0,0.0,0.0,0.0,0,0,0,0.0,0.0,0.0,0.0,0,0,0,0.0,0.0,0.0,0,0,0,0.0,0.0,0.0,0,0
COCO,41888,3,3,0,0,4,24,8,24,32,17,0,0,8,0.017570038000030763,0.008208473999957278,0.007075030000009974,0.032854267000061554,3.5362014267167847,3.4307340454381112,0,0,0,0,3,1,0,0.75,1.0,0.8571428571428571,0.8432422714140281,3,1,0,0.75,1.0,0.8571428571428571,0.8432422714140281,0,0,0,0.0,0.0,0.0,0,0,0,0.0,0.0,0.0,0,0
COCO,184321,1,1,0,0,2,4,4,4,8,5,0,0,4,0.014367870000000948,0.007046489999993355,0.005819614999950318,0.027234685000053105,1.321432557900747,1.2211901547014716,0,0,0,0,1,1,0,0.5,1.0,0.6666666666666666,0.8376666561543347,1,1,0,0.5,1.0,0.6666666666666666,0.8376666561543347,0,0,0,0.0,0.0,0.0,0,0,0,0.0,0.0,0.0,0,0
COCO,565778,7,7,0,0,6,62,12,62,74,37,0,0,12,0.01516287000004013,0.009715781000068091,0.009376404000022376,0.03425557299999582,4.765321777459583,4.3948235732283205,0,0,0,0,2,4,5,0.3333333333333333,0.2857142857142857,0.30769230769230765,0.729957304856195,2,4,5,0.3333333333333333,0.2857142857142857,0.30769230769230765,0.729957304856195,0,0,0,0.0,0.0,0.0,0,0,0,0.0,0.0,0.0,0,0
COCO,297343,1,1,0,0,1,0,2,0,2,1,0,0,2,0.013602579999997033,0.006208009000033599,0.005329211999992367,0.025140312000075937,0.6271525780359903,0.6291863498091698,0,0,0,0,1,0,0,1.0,1.0,1.0,0.9501271700910937,1,0,0,1.0,1.0,1.0,0.9501271700910937,0,0,0,0.0,0.0,0.0,0,0,0,0.0,0.0,0.0,0,0
COCO,336587,2,2,0,0,1,0,2,0,2,1,0,0,2,0.013815130000011777,0.006570667000005415,0.00608017000001837,0.02646654199998011,0.6377704779307047,0.6441841334104539,0,0,0,0,1,0,1,1.0,0.5,0.6666666666666666,0.934051405058407,1,0,1,1.0,0.5,0.6666666666666666,0.934051405058407,0,0,0,0.0,0.0,0.0,0,0,0,0.0,0.0,0.0,0,0
COCO,122745,1,1,0,0,1,0,2,0,2,1,0,0,2,0.012233451999918543,0.006529156000055991,0.0052055149999432615,0.02396869299991522,0.6431759516398112,0.6518193650245667,0,0,0,0,1,0,0,1.0,1.0,1.0,0.9355064658926157,1,0,0,1.0,1.0,1.0,0.9355064658926157,0,0,0,0.0,0.0,0.0,0,0,0,0.0,0.0,0.0,0,0
COCO,219578,4,4,0,0,5,30,10,30,40,26,0,0,10,0.015066117999936068,0.008241466999947988,0.007496467999999368,0.030804643999999826,3.7787921230312054,3.413790204755055,0,0,0,0,2,3,2,0.4,0.5,0.4444444444444445,0.6966718592030589,2,3,2,0.4,0.5,0.4444444444444445,0.6966718592030589,0,0,0,0.0,0.0,0.0,0,0,0,0.0,0.0,0.0,0,0
COCO,555705,2,2,0,0,2,2,4,2,6,5,0,0,4,0.0559283579999601,0.006585964999999305,0.006040458000029503,0.06855531899998368,1.4991598733266194,1.4887299877405165,0,0,0,0,2,0,0,1.0,1.0,1.0,0.9626401196979626,2,0,0,1.0,1.0,1.0,0.9626401196979626,0,0,0,0.0,0.0,0.0,0,0,0,0.0,0.0,0.0,0,0
COCO,443303,3,3,0,0,3,10,6,10,16,10,0,0,6,0.014035206000016842,0.007267698999953609,0.005732946000080119,0.02703649599993696,2.494533546663379,2.35476899499402,0,0,0,0,2,1,1,0.6666666666666666,0.6666666666666666,0.6666666666666666,0.9661025522115054,2,1,1,0.6666666666666666,0.6666666666666666,0.6666666666666666,0.9661025522115054,0,0,0,0.0,0.0,0.0,0,0,0,0.0,0.0,0.0,0,0
COCO,500663,3,3,0,0,5,40,10,40,50,26,0,0,10,0.01323622399991109,0.008791347000055794,0.00800745900005495,0.030035712999961106,4.046127796967826,3.7388221798837202,0,0,0,0,2,3,1,0.4,0.6666666666666666,0.5,0.8226944120386419,2,3,1,0.4,0.6666666666666666,0.5,0.8226944120386419,0,0,0,0.0,0.0,0.0,0,0,0,0.0,0.0,0.0,0,0
COCO,418281,2,2,0,0,2,2,4,2,6,5,0,0,4,0.016500064999945607,0.00651278899999852,0.005593619000023864,0.028607037000028868,1.4189747699101765,1.375468529164791,0,0,0,0,2,0,0,1.0,1.0,1.0,0.9271876557619712,2,0,0,1.0,1.0,1.0,0.9271876557619712,0,0,0,0.0,0.0,0.0,0,0,0,0.0,0.0,0.0,0,0
COCO,25560,4,4,0,0,4,22,8,22,30,17,0,0,8,0.014278997999895182,0.008022977999985414,0.00681515999997373,0.029117807999909928,3.560311493078869,3.474273317307235,0,0,0,0,4,0,0,1.0,1.0,1.0,0.9373551420853694,4,0,0,1.0,1.0,1.0,0.9373551420853694,0,0,0,0.0,0.0,0.0,0,0,0,0.0,0.0,0.0,0,0
COCO,403817,3,3,0,0,3,10,6,10,16,10,0,0,6,0.01551671400000032,0.007947715000000244,0.007172781000008399,0.03063790600003813,2.3131408429145814,2.1013114406168456,0,0,0,0,1,2,2,0.3333333333333333,0.3333333333333333,0.3333333333333333,0.9051428101129361,1,2,2,0.3333333333333333,0.3333333333333333,0.3333333333333333,0.9051428101129361,0,0,0,0.0,0.0,0.0,0,0,0,0.0,0.0,0.0,0,0
COCO,85329,2,2,0,0,2,5,4,5,9,5,0,0,4,0.012968068000077437,0.008606544000031136,0.006866922999961389,0.028442140000038307,1.3354805620511376,1.2410329605638983,0,0,0,0,2,0,0,1.0,1.0,1.0,0.8781631361289199,2,0,0,1.0,1.0,1.0,0.8781631361289199,0,0,0,0.0,0.0,0.0,0,0,0,0.0,0.0,0.0,0,0
COCO,329323,14,14,0,0,14,327,28,327,355,197,0,0,28,0.01608782499999961,0.02361151900004188,0.021292925000011564,0.0609929080000029,11.068013398633544,10.167419327881083,0,0,0,0,9,5,5,0.6428571428571429,0.6428571428571429,0.6428571428571429,0.7821009450737132,9,5,5,0.6428571428571429,0.6428571428571429,0.6428571428571429,0.7821009450737132,0,0,0,0.0,0.0,0.0,0,0,0,0.0,0.0,0.0,0,0
COCO,239274,14,14,0,0,9,138,18,138,156,82,0,0,18,0.019058692999919913,0.013201026000047023,0.012321669999892038,0.04458215099998597,6.873731297625851,6.19465839587028,0,0,0,0,7,2,7,0.7777777777777778,0.5,0.6086956521739131,0.7486403499161444,7,2,7,0.7777777777777778,0.5,0.6086956521739131,0.7486403499161444,0,0,0,0.0,0.0,0.0,0,0,0,0.0,0.0,0.0,0,0
COCO,286994,9,9,0,0,8,106,16,106,122,65,0,0,16,0.016334252999968157,0.012274421999904916,0.01150833799999873,0.040117699000006724,7.016174465020501,6.801013098508122,0,0,0,0,8,0,1,1.0,0.8888888888888888,0.9411764705882353,0.9035310451846059,8,0,1,1.0,0.8888888888888888,0.9411764705882353,0.9035310451846059,0,0,0,0.0,0.0,0.0,0,0,0,0.0,0.0,0.0,0,0
COCO,511321,4,4,0,0,2,4,4,4,8,5,0,0,4,0.014451466000082291,0.006825045999903523,0.006291129999908662,0.027568507000069076,1.49132621606191,1.4611649468541148,0,0,0,0,2,0,2,1.0,0.5,0.6666666666666666,0.9047976793739541,2,0,2,1.0,0.5,0.6666666666666666,0.9047976793739541,0,0,0,0.0,0.0,0.0,0,0,0,0.0,0.0,0.0,0,0
COCO,314294,2,2,0,0,1,0,2,0,2,1,0,0,2,0.014711742000031336,0.006838989000016227,0.005548191000002589,0.027099641000063457,0.6317509333292644,0.6356815266609193,0,0,0,0,1,0,1,1.0,0.5,0.6666666666666666,0.9550233309924421,1,0,1,1.0,0.5,0.6666666666666666,0.9550233309924421,0,0,0,0.0,0.0,0.0,0,0,0,0.0,0.0,0.0,0,0
COCO,233771,17,17,0,0,13,279,26,279,305,170,0,0,26,0.017719838000061827,0.020447105000016563,0.02278638600000704,0.060953964000077576,10.75404127390712,10.102051685666337,0,0,0,0,10,3,7,0.7692307692307693,0.5882352941176471,0.6666666666666667,0.8174450370727137,10,3,7,0.7692307692307693,0.5882352941176471,0.6666666666666667,0.8174450370727137,0,0,0,0.0,0.0,0.0,0,0,0,0.0,0.0,0.0,0,0
COCO,475779,1,1,0,0,1,0,2,0,2,1,0,0,2,0.01680673900000329,0.006053356999927928,0.005370547999973496,0.02823123400003169,0.633105484644572,0.6375948303937913,0,0,0,0,1,0,0,1.0,1.0,1.0,0.9785257647243346,1,0,0,1.0,1.0,1.0,0.9785257647243346,0,0,0,0.0,0.0,0.0,0,0,0,0.0,0.0,0.0,0,0
COCO,301867,7,7,0,0,8,91,16,91,107,65,0,0,16,0.015542540999945231,0.011709941000049184,0.010385983999981363,0.037639070999944124,6.570626293651309,6.11392007979954,0,0,0,0,5,3,2,0.625,0.7142857142857143,0.6666666666666666,0.9144348199788158,5,3,2,0.625,0.7142857142857143,0.6666666666666666,0.9144348199788158,0,0,0,0.0,0.0,0.0,0,0,0,0.0,0.0,0.0,0,0
COCO,312421,12,12,0,0,6,56,12,56,68,37,0,0,12,0.014549632000012025,0.009740496999938841,0.009501313999976446,0.03379205099997762,4.820227384702566,4.457784227864149,0,0,0,0,6,0,6,1.0,0.5,0.6666666666666666,0.8189945394528281,6,0,6,1.0,0.5,0.6666666666666666,0.8189945394528281,0,0,0,0.0,0.0,0.0,0,0,0,0.0,0.0,0.0,0,0
COCO,185250,5,5,0,0,5,40,10,40,50,26,0,0,10,0.05893754000010176,0.00972733099990819,0.008308229000022038,0.07697379600006116,4.287565458615623,4.079852876961232,0,0,0,0,4,1,1,0.8,0.8,0.8000000000000002,0.8601055273216794,4,1,1,0.8,0.8,0.8000000000000002,0.8601055273216794,0,0,0,0.0,0.0,0.0,0,0,0,0.0,0.0,0.0,0,0
COCO,356427,8,8,0,0,5,37,10,37,47,26,0,0,10,0.014543097000000671,0.00894226200000503,0.00827308299994911,0.03175914200005536,4.017825134818338,3.729862791969958,0,0,0,0,2,3,6,0.4,0.25,0.3076923076923077,0.8099377506462,2,3,6,0.4,0.25,0.3076923076923077,0.8099377506462,0,0,0,0.0,0.0,0.0,0,0,0,0.0,0.0,0.0,0,0
COCO,572517,2,2,0,0,2,4,4,4,8,5,0,0,4,0.0150723230000267,0.0075266999999712425,0.006569879999915429,0.029169550000005984,1.457701948483785,1.4136706689000134,0,0,0,0,2,0,0,1.0,1.0,1.0,0.924342726378528,2,0,0,1.0,1.0,1.0,0.924342726378528,0,0,0,0.0,0.0,0.0,0,0,0,0.0,0.0,0.0,0,0
COCO,270244,1,1,0,0,1,0,2,0,2,1,0,0,2,0.013510373000030995,0.0064895460000116145,0.005793583000013314,0.0257941770000798,0.6308644215265911,0.6344293287396432,0,0,0,0,1,0,0,1.0,1.0,1.0,0.840795439708816,1,0,0,1.0,1.0,1.0,0.840795439708816,0,0,0,0.0,0.0,0.0,0,0,0,0.0,0.0,0.0,0,0
COCO,516316,11,11,0,0,2,2,4,2,6,5,0,0,4,0.02020760200002769,0.0072786340000448035,0.006658461000029092,0.03414534099999855,1.5535215266545612,1.5655158230662345,0,0,0,0,2,0,9,1.0,0.18181818181818182,0.3076923076923077,0.9414513841583034,2,0,9,1.0,0.18181818181818182,0.3076923076923077,0.9414513841583034,0,0,0,0.0,0.0,0.0,0,0,0,0.0,0.0,0.0,0,0
COCO,125211,1,1,0,0,3,12,6,12,18,10,0,0,6,0.027181944000062686,0.008852824000086912,0.006548973000008118,0.0425845870000785,2.3649517011642462,2.190994277894497,0,0,0,0,1,2,0,0.3333333333333333,1.0,0.5,0.963569132583068,1,2,0,0.3333333333333333,1.0,0.5,0.963569132583068,0,0,0,0.0,0.0,0.0,0,0,0,0.0,0.0,0.0,0,0
COCO,562121,3,3,0,0,3,10,6,10,16,10,0,0,6,0.0141424039999265,0.007058255999936591,0.006451384000001781,0.02765272199997071,2.351312787532806,2.171729312390089,0,0,0,0,2,1,1,0.6666666666666666,0.6666666666666666,0.6666666666666666,0.7561501258585839,2,1,1,0.6666666666666666,0.6666666666666666,0.6666666666666666,0.7561501258585839,0,0,0,0.0,0.0,0.0,0,0,0,0.0,0.0,0.0,0,0
COCO,360661,7,7,0,0,9,129,18,129,147,82,0,0,18,0.014657113999987814,0.014396862000012334,0.0129518180000332,0.04200658399997792,7.685777737706435,7.345421949982179,0,0,0,0,7,2,0,0.7777777777777778,1.0,0.8750000000000001,0.9028823902591329,7,2,0,0.7777777777777778,1.0,0.8750000000000001,0.9028823902591329,0,0,0,0.0,0.0,0.0,0,0,0,0.0,0.0,0.0,0,0
COCO,16228,21,21,0,0,14,322,28,322,350,197,0,0,28,0.01617369600000984,0.02225748000000749,0.0214551469999833,0.05988691099992138,10.767858353235804,9.760457136112931,0,0,0,0,10,4,11,0.7142857142857143,0.47619047619047616,0.5714285714285714,0.7741838276736939,10,4,11,0.7142857142857143,0.47619047619047616,0.5714285714285714,0.7741838276736939,0,0,0,0.0,0.0,0.0,0,0,0,0.0,0.0,0.0,0,0
COCO,382088,1,1,0,0,1,0,2,0,2,1,0,0,2,0.012813502999961202,0.006002680000051441,0.005515642999966985,0.02433240499999556,0.6244161049524943,0.6253210815787316,0,0,0,0,1,0,0,1.0,1.0,1.0,0.9699513852195896,1,0,0,1.0,1.0,1.0,0.9699513852195896,0,0,0,0.0,0.0,0.0,0,0,0,0.0,0.0,0.0,0,0
COCO,266409,2,2,0,0,2,2,4,2,6,5,0,0,4,0.014332394000007298,0.006468758999972124,0.005778727000006256,0.02658051200000955,1.3411657842000326,1.249063336849213,0,0,0,0,2,0,0,1.0,1.0,1.0,0.7810603235767277,2,0,0,1.0,1.0,1.0,0.7810603235767277,0,0,0,0.0,0.0,0.0,0,0,0,0.0,0.0,0.0,0,0
COCO,430961,4,4,0,0,5,40,10,40,50,26,0,0,10,0.013031152999928963,0.008954017999940334,0.008714535000081014,0.03070038599992131,3.9764236291249606,3.673365042805673,0,0,0,0,3,2,1,0.6,0.75,0.6666666666666665,0.7883610212908617,3,2,1,0.6,0.75,0.6666666666666665,0.7883610212908617,0,0,0,0.0,0.0,0.0,0,0,0,0.0,0.0,0.0,0,0
COCO,80671,2,2,0,0,2,5,4,5,9,5,0,0,4,0.014043335999986084,0.006622067000080278,0.005751286999952754,0.026417309999942518,1.3872120598958086,1.3040536441411725,0,0,0,0,1,1,1,0.5,0.5,0.5,0.9670299623169736,1,1,1,0.5,0.5,0.5,0.9670299623169736,0,0,0,0.0,0.0,0.0,0,0,0,0.0,0.0,0.0,0,0
COCO,577539,5,5,0,0,3,11,6,11,17,10,0,0,6,0.017905033000033654,0.00833432999991146,0.006410117999962495,0.03265006200001608,2.3271621799468996,2.1211165791749953,0,0,0,0,1,2,4,0.3333333333333333,0.2,0.25,0.7554319873298312,1,2,4,0.3333333333333333,0.2,0.25,0.7554319873298312,0,0,0,0.0,0.0,0.0,0,0,0,0.0,0.0,0.0,0,0
COCO,104612,12,12,0,0,9,146,18,146,164,82,0,0,18,0.015274017000024287,0.013938391000010597,0.013110336999943684,0.042323718000034205,6.58403827428818,5.801954062432054,0,0,0,0,1,8,11,0.1111111111111111,0.08333333333333333,0.09523809523809525,0.6917891383749859,1,8,11,0.1111111111111111,0.08333333333333333,0.09523809523809525,0.6917891383749859,0,0,0,0.0,0.0,0.0,0,0,0,0.0,0.0,0.0,0,0
COCO,476258,2,2,0,0,2,2,4,2,6,5,0,0,4,0.013315966000050139,0.006610469000065677,0.005680785999970794,0.025607916000012665,1.5752455743153893,1.5797010403871536,0,0,0,0,2,0,0,1.0,1.0,1.0,0.9719793232564455,2,0,0,1.0,1.0,1.0,0.9719793232564455,0,0,0,0.0,0.0,0.0,0,0,0,0.0,0.0,0.0,0,0
COCO,448365,3,3,0,0,5,38,10,38,48,26,0,0,10,0.015376534999973046,0.008883512000011251,0.00812127800008966,0.03238190100000793,4.097281683043974,3.839632750507531,0,0,0,0,2,3,1,0.4,0.6666666666666666,0.5,0.9803119556281847,2,3,1,0.4,0.6666666666666666,0.5,0.9803119556281847,0,0,0,0.0,0.0,0.0,0,0,0,0.0,0.0,0.0,0,0
COCO,35197,3,3,0,0,4,24,8,24,32,17,0,0,8,0.013470315000063238,0.008063990000096055,0.007026674000030653,0.028561527000078968,3.3692140390874883,3.197807529111896,0,0,0,0,3,1,0,0.75,1.0,0.8571428571428571,0.8501119347283214,3,1,0,0.75,1.0,0.8571428571428571,0.8501119347283214,0,0,0,0.0,0.0,0.0,0,0,0,0.0,0.0,0.0,0,0
COCO,349860,8,8,0,0,6,59,12,59,71,37,0,0,12,0.014103648999935103,0.009867345999964527,0.00907986599997912,0.033051607999937005,5.021963761231294,4.749384085765472,0,0,0,0,5,1,3,0.8333333333333334,0.625,0.7142857142857143,0.8328911358115139,5,1,3,0.8333333333333334,0.625,0.7142857142857143,0.8328911358115139,0,0,0,0.0,0.0,0.0,0,0,0,0.0,0.0,0.0,0,0
COCO,180135,2,2,0,0,3,6,6,6,12,10,0,0,6,0.013101032000008672,0.006888317000061761,0.0059981729999663,0.025988136000023587,2.442384905815125,2.3003686794638636,0,0,0,0,2,1,0,0.6666666666666666,1.0,0.8,0.859106905817538,2,1,0,0.6666666666666666,1.0,0.8,0.859106905817538,0,0,0,0.0,0.0,0.0,0,0,0,0.0,0.0,0.0,0,0
COCO,486438,9,9,0,0,9,136,18,136,154,82,0,0,18,0.014865471999996771,0.012897109000050477,0.012948993999998493,0.04071219399997972,8.1662691773041,7.99699626143415,0,0,0,0,8,1,1,0.8888888888888888,0.8888888888888888,0.8888888888888888,0.9179751336663114,8,1,1,0.8888888888888888,0.8888888888888888,0.8888888888888888,0.9179751336663114,0,0,0,0.0,0.0,0.0,0,0,0,0.0,0.0,0.0,0,0
COCO,400573,5,5,0,0,3,12,6,12,18,10,0,0,6,0.017115740999997797,0.00845056499997554,0.008355512999969505,0.03392258999997466,2.548252449035645,2.433406584262848,0,0,0,0,2,1,3,0.6666666666666666,0.4,0.5,0.9757622704224952,2,1,3,0.6666666666666666,0.4,0.5,0.9757622704224952,0,0,0,0.0,0.0,0.0,0,0,0,0.0,0.0,0.0,0,0
COCO,109798,4,4,0,0,4,21,8,21,29,17,0,0,8,0.014271827000015946,0.008868839999990996,0.007927092000045377,0.03106871800002864,3.662093499117686,3.608609339310322,0,0,0,0,3,1,1,0.75,0.75,0.75,0.9432513024400418,3,1,1,0.75,0.75,0.75,0.9432513024400418,0,0,0,0.0,0.0,0.0,0,0,0,0.0,0.0,0.0,0,0
COCO,370677,16,16,0,0,18,612,36,612,648,325,0,0,36,0.02171245599993199,0.036630823999985296,0.03544555799999216,0.09378980199994658,14.330208261189371,13.132911281464013,0,0,0,0,7,11,9,0.3888888888888889,0.4375,0.411764705882353,0.9057104317179973,7,11,9,0.3888888888888889,0.4375,0.411764705882353,0.9057104317179973,0,0,0,0.0,0.0,0.0,0,0,0,0.0,0.0,0.0,0,0
COCO,238866,12,12,0,0,30,1685,60,1685,1745,901,0,0,60,0.02035646000001634,0.09341243699998358,0.09761128399998142,0.21138161299995772,26.308433117634486,25.452525562859016,0,0,0,0,12,18,0,0.4,1.0,0.5714285714285715,0.9107780305779366,12,18,0,0.4,1.0,0.5714285714285715,0.9107780305779366,0,0,0,0.0,0.0,0.0,0,0,0,0.0,0.0,0.0,0,0
COCO,369370,7,7,0,0,5,40,10,40,50,26,0,0,10,0.015079295999953501,0.009364080999944235,0.00829177000002801,0.03273580400002629,4.072922168084817,3.786449753005145,0,0,0,0,4,1,3,0.8,0.5714285714285714,0.6666666666666666,0.8546483116348288,4,1,3,0.8,0.5714285714285714,0.6666666666666666,0.8546483116348288,0,0,0,0.0,0.0,0.0,0,0,0,0.0,0.0,0.0,0,0
COCO,502737,4,4,0,0,7,76,14,76,90,50,0,0,14,0.015769914999964385,0.012977573000057419,0.011572913999998491,0.04032111599997279,5.234530965487164,4.607108322083952,0,0,0,0,3,4,1,0.42857142857142855,0.75,0.5454545454545454,0.8566480928121809,3,4,1,0.42857142857142855,0.75,0.5454545454545454,0.8566480928121809,0,0,0,0.0,0.0,0.0,0,0,0,0.0,0.0,0.0,0,0
COCO,515579,7,7,0,0,2,4,4,4,8,5,0,0,4,0.015484447000062573,0.007653182000012748,0.006728386999952818,0.02986682000005203,1.4747676165898644,1.4377759250998499,0,0,0,0,2,0,5,1.0,0.2857142857142857,0.4444444444444445,0.783969353238491,2,0,5,1.0,0.2857142857142857,0.4444444444444445,0.783969353238491,0,0,0,0.0,0.0,0.0,0,0,0,0.0,0.0,0.0,0,0
COCO,515445,7,7,0,0,8,74,16,74,90,65,0,0,16,0.014942256000040288,0.012717931999986831,0.011906679000048825,0.039567583999996714,6.700858277339621,6.267047571747385,0,0,0,0,5,3,2,0.625,0.7142857142857143,0.6666666666666666,0.7938453662874281,5,3,2,0.625,0.7142857142857143,0.6666666666666666,0.7938453662874281,0,0,0,0.0,0.0,0.0,0,0,0,0.0,0.0,0.0,0,0
COCO,173383,4,4,0,0,3,12,6,12,18,10,0,0,6,0.014265569000031064,0.42644634499993117,0.007483664999995199,0.4481963020000421,2.245626947879792,2.005948063880206,0,0,0,0,1,2,3,0.3333333333333333,0.25,0.28571428571428575,0.9149517560863218,1,2,3,0.3333333333333333,0.25,0.28571428571428575,0.9149517560863218,0,0,0,0.0,0.0,0.0,0,0,0,0.0,0.0,0.0,0,0
COCO,438862,10,10,0,0,6,51,12,51,63,37,0,0,12,0.014978851999899234,0.0100605299999188,0.009445023000012043,0.03448496900000464,5.493594141006471,5.42770172417164,0,0,0,0,6,0,4,1.0,0.6,0.7499999999999999,0.9175329006299647,6,0,4,1.0,0.6,0.7499999999999999,0.9175329006299647,0,0,0,0.0,0.0,0.0,0,0,0,0.0,0.0,0.0,0,0
COCO,180560,3,3,0,0,4,26,8,26,34,17,0,0,8,0.014683461000004172,0.008175459000085539,0.00746829299998808,0.03032787699999062,3.479647394816082,3.3603352785110485,0,0,0,0,2,2,1,0.5,0.6666666666666666,0.5714285714285715,0.9246567324938604,2,2,1,0.5,0.6666666666666666,0.5714285714285715,0.9246567324938604,0,0,0,0.0,0.0,0.0,0,0,0,0.0,0.0,0.0,0,0
COCO,347693,2,2,0,0,1,0,2,0,2,1,0,0,2,0.012520117999997638,0.008029131000057532,0.005556261000037921,0.02610620099994776,0.4791198412577311,0.4200901091098786,0,0,0,0,0,1,2,0.0,0.0,0.0,0.0,0,1,2,0.0,0.0,0.0,0.0,0,0,0,0.0,0.0,0.0,0,0,0,0.0,0.0,0.0,0,0
COCO,39956,2,2,0,0,7,84,14,84,98,50,0,0,14,0.014094703999944613,0.012114978999989034,0.012085736000017278,0.03829613200002768,5.290322021017573,4.747919285714728,0,0,0,0,2,5,0,0.2857142857142857,1.0,0.4444444444444445,0.7466599717576614,2,5,0,0.2857142857142857,1.0,0.4444444444444445,0.7466599717576614,0,0,0,0.0,0.0,0.0,0,0,0,0.0,0.0,0.0,0,0
COCO,321214,3,3,0,0,2,4,4,4,8,5,0,0,4,0.016512867999949776,0.007401576000006571,0.006083244000024024,0.02999832399996194,1.4393056186040245,1.387685852944851,0,0,0,0,2,0,1,1.0,0.6666666666666666,0.8,0.9113459526438414,2,0,1,1.0,0.6666666666666666,0.8,0.9113459526438414,0,0,0,0.0,0.0,0.0,0,0,0,0.0,0.0,0.0,0,0
COCO,474028,15,15,0,0,14,287,28,287,315,197,0,0,28,0.017115889000024254,0.020915020000074946,0.020184441999958835,0.058215987000039604,11.97839400570004,11.462238125556794,0,0,0,0,13,1,2,0.9285714285714286,0.8666666666666667,0.896551724137931,0.8798568280229836,13,1,2,0.9285714285714286,0.8666666666666667,0.896551724137931,0.8798568280229836,0,0,0,0.0,0.0,0.0,0,0,0,0.0,0.0,0.0,0,0
COCO,66523,1,1,0,0,1,0,2,0,2,1,0,0,2,0.013609779000034905,0.006333804000064447,0.005923372999973253,0.02586755400000129,0.6084539333979289,0.602774514257908,0,0,0,0,1,0,0,1.0,1.0,1.0,0.8785116209525657,1,0,0,1.0,1.0,1.0,0.8785116209525657,0,0,0,0.0,0.0,0.0,0,0,0,0.0,0.0,0.0,0,0
COCO,355257,3,3,0,0,2,4,4,4,8,5,0,0,4,0.014231429000005846,0.006641909999984819,0.00561006299994915,0.02648406499997691,1.2900133641560876,1.1768105435371399,0,0,0,0,0,2,3,0.0,0.0,0.0,0.6923862629634103,0,2,3,0.0,0.0,0.0,0.6923862629634103,0,0,0,0.0,0.0,0.0,0,0,0,0.0,0.0,0.0,0,0
COCO,142092,1,1,0,0,1,0,2,0,2,1,0,0,2,0.015029445999971358,0.008225108999909025,0.005678295000052458,0.028933639000001676,0.6015952269236247,0.5930865913629533,0,0,0,0,1,0,0,1.0,1.0,1.0,0.9551595124292063,1,0,0,1.0,1.0,1.0,0.9551595124292063,0,0,0,0.0,0.0,0.0,0,0,0,0.0,0.0,0.0,0,0
COCO,63154,2,2,0,0,4,25,8,25,33,17,0,0,8,0.014376111999922614,0.008406356000023152,0.007233935000044767,0.030017028999964168,3.0467217984480124,2.7460910460534156,0,0,0,0,2,2,0,0.5,1.0,0.6666666666666666,0.6822770266517785,2,2,0,0.5,1.0,0.6666666666666666,0.6822770266517785,0,0,0,0.0,0.0,0.0,0,0,0,0.0,0.0,0.0,0,0
COCO,199551,2,2,0,0,2,3,4,3,7,5,0,0,4,0.014007478000053197,0.007482707000008304,0.006568418000028942,0.02805933100000857,1.3904587872823078,1.3351897037029263,0,0,0,0,2,0,0,1.0,1.0,1.0,0.7729388578113188,2,0,0,1.0,1.0,1.0,0.7729388578113188,0,0,0,0.0,0.0,0.0,0,0,0,0.0,0.0,0.0,0,0
COCO,239347,4,4,0,0,2,3,4,3,7,5,0,0,4,0.015113190000079157,0.007003418999943278,0.006023825000056604,0.028141117000018312,1.2263016613324487,1.08681776329875,0,0,0,0,0,2,4,0.0,0.0,0.0,0.0,0,2,4,0.0,0.0,0.0,0.0,0,0,0,0.0,0.0,0.0,0,0,0,0.0,0.0,0.0,0,0
COCO,514508,5,5,0,0,5,33,10,33,43,26,0,0,10,0.014348521999977493,0.008830302999967898,0.007345021999981327,0.03052453999998761,4.193400255044303,4.012844526916743,0,0,0,0,4,1,1,0.8,0.8,0.8000000000000002,0.8906448799261273,4,1,1,0.8,0.8,0.8000000000000002,0.8906448799261273,0,0,0,0.0,0.0,0.0,0,0,0,0.0,0.0,0.0,0,0
COCO,473237,3,3,0,0,2,6,4,6,10,5,0,0,4,0.013604305999933786,0.006926844000076926,0.006072971999969923,0.026604780999946342,1.507741359074911,1.4843513363599778,0,0,0,0,2,0,1,1.0,0.6666666666666666,0.8,0.9471893976728669,2,0,1,1.0,0.6666666666666666,0.8,0.9471893976728669,0,0,0,0.0,0.0,0.0,0,0,0,0.0,0.0,0.0,0,0
COCO,228144,4,4,0,0,3,10,6,10,16,10,0,0,6,0.012041939999903661,0.007022388999985196,0.005763787999967462,0.02482868199990662,2.441006643772125,2.298421884328127,0,0,0,0,1,2,3,0.3333333333333333,0.25,0.28571428571428575,0.973989694078298,1,2,3,0.3333333333333333,0.25,0.28571428571428575,0.973989694078298,0,0,0,0.0,0.0,0.0,0,0,0,0.0,0.0,0.0,0,0
COCO,206027,6,6,0,0,6,49,12,49,61,37,0,0,12,0.016159164999976383,0.010088740000014695,0.00884864900001503,0.03509724699995331,5.0703329349178405,4.804152550162707,0,0,0,0,3,3,3,0.5,0.5,0.5,0.9307191306448191,3,3,3,0.5,0.5,0.5,0.9307191306448191,0,0,0,0.0,0.0,0.0,0,0,0,0.0,0.0,0.0,0,0
COCO,78915,12,12,0,0,17,501,34,501,535,290,0,0,34,0.057958060000032674,0.030394195999974727,0.028288339000027918,0.11664127100004862,13.633683885099378,12.611874605727083,0,0,0,0,10,7,2,0.5882352941176471,0.8333333333333334,0.6896551724137931,0.8138860551421191,10,7,2,0.5882352941176471,0.8333333333333334,0.6896551724137931,0.8138860551421191,0,0,0,0.0,0.0,0.0,0,0,0,0.0,0.0,0.0,0,0
COCO,551215,2,2,0,0,1,0,2,0,2,1,0,0,2,0.01565867099998286,0.0065921579999894675,0.005661878000069009,0.02791338400004406,0.6119760672251384,0.6077495282888412,0,0,0,0,1,0,1,1.0,0.5,0.6666666666666666,0.9628013329020721,1,0,1,1.0,0.5,0.6666666666666666,0.9628013329020721,0,0,0,0.0,0.0,0.0,0,0,0,0.0,0.0,0.0,0,0
COCO,544519,2,2,0,0,4,28,8,28,36,17,0,0,8,0.014128430000027947,0.009126168999955553,0.01054514800000561,0.033800725999981296,3.2761344877878833,3.0728732973337185,0,0,0,0,2,2,0,0.5,1.0,0.6666666666666666,0.8814649871980861,2,2,0,0.5,1.0,0.6666666666666666,0.8814649871980861,0,0,0,0.0,0.0,0.0,0,0,0,0.0,0.0,0.0,0,0
COCO,96493,3,3,0,0,3,9,6,9,15,10,0,0,6,0.015039583999964634,0.007881709000002957,0.006900887000028888,0.029822843000033572,2.563533673286438,2.4549913135170938,0,0,0,0,1,2,2,0.3333333333333333,0.3333333333333333,0.3333333333333333,0.8816909517133402,1,2,2,0.3333333333333333,0.3333333333333333,0.3333333333333333,0.8816909517133402,0,0,0,0.0,0.0,0.0,0,0,0,0.0,0.0,0.0,0,0
COCO,23899,9,9,0,0,5,36,10,36,46,26,0,0,10,0.013998987000036323,0.009220397000035518,0.008644977999892944,0.031865079999988666,4.0786364421903345,3.7678299728194125,0,0,0,0,2,3,7,0.4,0.2222222222222222,0.2857142857142857,0.6546844932699376,2,3,7,0.4,0.2222222222222222,0.2857142857142857,0.6546844932699376,0,0,0,0.0,0.0,0.0,0,0,0,0.0,0.0,0.0,0,0
COCO,340175,29,29,0,0,6,60,12,60,72,37,0,0,12,0.01440575499998431,0.010228219999930843,0.009275806000005105,0.03391044400007104,4.8587615485777,4.515355716227447,0,0,0,0,5,1,24,0.8333333333333334,0.1724137931034483,0.28571428571428575,0.841383098291866,5,1,24,0.8333333333333334,0.1724137931034483,0.28571428571428575,0.841383098291866,0,0,0,0.0,0.0,0.0,0,0,0,0.0,0.0,0.0,0,0
COCO,578500,14,14,0,0,12,247,24,247,271,145,0,0,24,0.05851368700007242,0.018672528000024613,0.017957842999976492,0.09514472300008947,9.197849225647559,8.306360046662203,0,0,0,0,5,7,9,0.4166666666666667,0.35714285714285715,0.3846153846153846,0.8384397394512377,5,7,9,0.4166666666666667,0.35714285714285715,0.3846153846153846,0.8384397394512377,0,0,0,0.0,0.0,0.0,0,0,0,0.0,0.0,0.0,0,0
COCO,366141,4,4,0,0,6,57,12,57,69,37,0,0,12,0.014707536000059918,0.010109776999911446,0.008908627999971941,0.03372661600008087,4.694483828544618,4.265958407819273,0,0,0,0,3,3,1,0.5,0.75,0.6,0.9002528195582031,3,3,1,0.5,0.75,0.6,0.9002528195582031,0,0,0,0.0,0.0,0.0,0,0,0,0.0,0.0,0.0,0,0
COCO,57597,33,33,0,0,22,884,44,884,928,485,0,0,44,0.020518536000054155,0.05459331999998085,0.050921248000008745,0.12603402299998834,16.89726004294611,15.250020685911744,0,0,0,0,9,13,24,0.4090909090909091,0.2727272727272727,0.32727272727272727,0.7967535235225243,9,13,24,0.4090909090909091,0.2727272727272727,0.32727272727272727,0.7967535235225243,0,0,0,0.0,0.0,0.0,0,0,0,0.0,0.0,0.0,0,0
COCO,559842,18,18,0,0,18,506,36,506,542,325,0,0,36,0.017718266999963816,0.0328029790000528,0.03389921799998774,0.08442122299993571,15.531711472238971,14.926007860269022,0,0,0,0,13,5,5,0.7222222222222222,0.7222222222222222,0.7222222222222222,0.9029307827833747,13,5,5,0.7222222222222222,0.7222222222222222,0.7222222222222222,0.9029307827833747,0,0,0,0.0,0.0,0.0,0,0,0,0.0,0.0,0.0,0,0
COCO,434230,21,21,0,0,20,680,40,680,720,401,0,0,40,0.01981163900006777,0.040984336000065014,0.037490993999995226,0.09828784299998006,15.956580420303561,14.727741375086921,0,0,0,0,6,14,15,0.3,0.2857142857142857,0.2926829268292683,0.8120630893933579,6,14,15,0.3,0.2857142857142857,0.2926829268292683,0.8120630893933579,0,0,0,0.0,0.0,0.0,0,0,0,0.0,0.0,0.0,0,0
COCO,428454,5,5,0,0,4,26,8,26,34,17,0,0,8,0.015231971000048361,0.008775790999948185,0.007688160000043354,0.031696685000042635,3.4333464519182852,3.261935196667911,0,0,0,0,2,2,3,0.5,0.4,0.4444444444444445,0.8460609578628362,2,2,3,0.5,0.4,0.4444444444444445,0.8460609578628362,0,0,0,0.0,0.0,0.0,0,0,0,0.0,0.0,0.0,0,0
COCO,399462,4,4,0,0,4,20,8,20,28,17,0,0,8,0.014468276999991758,0.00844690899998568,0.007222151000064514,0.030137916999933623,3.763455197016399,3.761213799118997,0,0,0,0,4,0,0,1.0,1.0,1.0,0.9240872712801889,4,0,0,1.0,1.0,1.0,0.9240872712801889,0,0,0,0.0,0.0,0.0,0,0,0,0.0,0.0,0.0,0,0
COCO,261061,5,5,0,0,2,4,4,4,8,5,0,0,4,0.014610489000006055,0.006979992000083257,0.006138384999985647,0.027729534000059175,1.5024348529179892,1.4768558964133263,0,0,0,0,1,1,4,0.5,0.2,0.28571428571428575,0.9150726697509513,1,1,4,0.5,0.2,0.28571428571428575,0.9150726697509513,0,0,0,0.0,0.0,0.0,0,0,0,0.0,0.0,0.0,0,0
COCO,168330,7,7,0,0,5,40,10,40,50,26,0,0,10,0.013538784999923337,0.009130744000003688,0.00787267799989877,0.030542792000005647,4.169969697793326,3.9467488647997393,0,0,0,0,4,1,3,0.8,0.5714285714285714,0.6666666666666666,0.8105873746987209,4,1,3,0.8,0.5714285714285714,0.6666666666666666,0.8105873746987209,0,0,0,0.0,0.0,0.0,0,0,0,0.0,0.0,0.0,0,0
COCO,383384,12,12,0,0,6,54,12,54,66,37,0,0,12,0.016616135000049326,0.009103425999910542,0.00824941000007584,0.033969522999996116,5.345673401355745,5.218763679414989,0,0,0,0,5,1,7,0.8333333333333334,0.4166666666666667,0.5555555555555556,0.9283994286995034,5,1,7,0.8333333333333334,0.4166666666666667,0.5555555555555556,0.9283994286995034,0,0,0,0.0,0.0,0.0,0,0,0,0.0,0.0,0.0,0,0
COCO,342006,4,4,0,0,3,12,6,12,18,10,0,0,6,0.014300946999924236,0.007413296999970953,0.00607361699997,0.027788564999923437,2.5537247037887583,2.4411361441016206,0,0,0,0,2,1,2,0.6666666666666666,0.5,0.5714285714285715,0.8480281867912208,2,1,2,0.6666666666666666,0.5,0.5714285714285715,0.8480281867912208,0,0,0,0.0,0.0,0.0,0,0,0,0.0,0.0,0.0,0,0
COCO,217285,25,25,0,0,14,333,28,333,361,197,0,0,28,0.01686315300003116,0.02243179599997802,0.020351240999957554,0.059647157000085826,11.004278970559442,10.102210712581876,0,0,0,0,7,7,18,0.5,0.28,0.358974358974359,0.9295412223728424,7,7,18,0.5,0.28,0.358974358974359,0.9295412223728424,0,0,0,0.0,0.0,0.0,0,0,0,0.0,0.0,0.0,0,0
COCO,236412,2,2,0,0,2,6,4,6,10,5,0,0,4,0.015294808000021476,0.00740369200002533,0.006363561000057416,0.029062809000038214,1.4322251151856136,1.351053592697417,0,0,0,0,1,1,1,0.5,0.5,0.5,0.8971391065323536,1,1,1,0.5,0.5,0.5,0.8971391065323536,0,0,0,0.0,0.0,0.0,0,0,0,0.0,0.0,0.0,0,0
COCO,524456,6,6,0,0,3,12,6,12,18,10,0,0,6,0.01432217599995056,0.0073946720000321875,0.006569440000021132,0.02828687299995636,2.458970556259156,2.3072959107160576,0,0,0,0,2,1,4,0.6666666666666666,0.3333333333333333,0.4444444444444444,0.7738015083116703,2,1,4,0.6666666666666666,0.3333333333333333,0.4444444444444444,0.7738015083116703,0,0,0,0.0,0.0,0.0,0,0,0,0.0,0.0,0.0,0,0
COCO,153343,2,2,0,0,2,2,4,2,6,5,0,0,4,0.014397009999925103,0.006971260000000257,0.006020307999961005,0.02738919699993403,1.474818600018819,1.4543479391932486,0,0,0,0,2,0,0,1.0,1.0,1.0,0.7295344181137527,2,0,0,1.0,1.0,1.0,0.7295344181137527,0,0,0,0.0,0.0,0.0,0,0,0,0.0,0.0,0.0,0,0
COCO,95786,4,4,0,0,2,4,4,4,8,5,0,0,4,0.013877243999900202,0.006847182999990764,0.006111345000022084,0.02683648999993693,1.5401619466145835,1.5301454162597659,0,0,0,0,1,1,3,0.5,0.25,0.3333333333333333,0.8905550079214837,1,1,3,0.5,0.25,0.3333333333333333,0.8905550079214837,0,0,0,0.0,0.0,0.0,0,0,0,0.0,0.0,0.0,0,0
COCO,326541,9,9,0,0,4,14,8,14,22,17,0,0,8,0.012902070999984971,0.00732789899996078,0.006322995000004994,0.02655348199994023,3.3631644598642993,3.261803132891656,0,0,0,0,4,0,5,1.0,0.4444444444444444,0.6153846153846153,0.8007324131271225,4,0,5,1.0,0.4444444444444444,0.6153846153846153,0.8007324131271225,0,0,0,0.0,0.0,0.0,0,0,0,0.0,0.0,0.0,0,0
COCO,213086,5,5,0,0,4,20,8,20,28,17,0,0,8,0.014223272999970504,0.008296278999978313,0.007256144999928438,0.029776299999980438,3.2020464197794607,2.9558489012718208,0,0,0,0,2,2,3,0.5,0.4,0.4444444444444445,0.8394845192353907,2,2,3,0.5,0.4,0.4444444444444445,0.8394845192353907,0,0,0,0.0,0.0,0.0,0,0,0,0.0,0.0,0.0,0,0
COCO,231339,3,3,0,0,4,27,8,27,35,17,0,0,8,0.013985826999942219,0.008010157999933654,0.007177951000016947,0.029174533999935193,3.3041406051317863,3.1000569380819805,0,0,0,0,2,2,1,0.5,0.6666666666666666,0.5714285714285715,0.9008668480941948,2,2,1,0.5,0.6666666666666666,0.5714285714285715,0.9008668480941948,0,0,0,0.0,0.0,0.0,0,0,0,0.0,0.0,0.0,0,0
COCO,508730,6,6,0,0,3,8,6,8,14,10,0,0,6,0.015600124000002324,0.007139789000007113,0.006703229000095234,0.029443898000067747,2.6933958005905154,2.654921568334103,0,0,0,0,2,1,4,0.6666666666666666,0.3333333333333333,0.4444444444444444,0.8823617082558394,2,1,4,0.6666666666666666,0.3333333333333333,0.4444444444444444,0.8823617082558394,0,0,0,0.0,0.0,0.0,0,0,0,0.0,0.0,0.0,0,0
COCO,550426,1,1,0,0,2,2,4,2,6,5,0,0,4,0.01469774999998208,0.006463327999995272,0.005772503999992296,0.026934168000025238,1.290987649758657,1.1781867219507696,0,0,0,0,1,1,0,0.5,1.0,0.6666666666666666,0.8545613377320646,1,1,0,0.5,1.0,0.6666666666666666,0.8545613377320646,0,0,0,0.0,0.0,0.0,0,0,0,0.0,0.0,0.0,0,0
COCO,368294,2,2,0,0,1,0,2,0,2,1,0,0,2,0.01400600800002394,0.006436120999978812,0.005703760999949736,0.02614649500003452,0.620518938700358,0.6198163342475891,0,0,0,0,1,0,1,1.0,0.5,0.6666666666666666,0.9240361720158045,1,0,1,1.0,0.5,0.6666666666666666,0.9240361720158045,0,0,0,0.0,0.0,0.0,0,0,0,0.0,0.0,0.0,0,0
COCO,171190,38,38,0,0,23,929,46,929,975,530,0,0,46,0.01830628400000478,0.047783871000092404,0.047077574000013556,0.11316850000002887,19.098698714731817,17.98543531493215,0,0,0,0,18,5,20,0.782608695652174,0.47368421052631576,0.5901639344262294,0.8259623767500133,18,5,20,0.782608695652174,0.47368421052631576,0.5901639344262294,0.8259623767500133,0,0,0,0.0,0.0,0.0,0,0,0,0.0,0.0,0.0,0,0
COCO,301135,23,23,0,0,17,514,34,514,548,290,0,0,34,0.018341193999958705,0.03017680300001757,0.028854934000037247,0.07737365499997395,14.156732579036278,13.326646931731425,0,0,0,0,15,2,8,0.8823529411764706,0.6521739130434783,0.75,0.8494667196107635,15,2,8,0.8823529411764706,0.6521739130434783,0.75,0.8494667196107635,0,0,0,0.0,0.0,0.0,0,0,0,0.0,0.0,0.0,0,0
COCO,580294,9,9,0,0,4,25,8,25,33,17,0,0,8,0.013548765999985335,0.00835066199999801,0.008033190999981343,0.029933360999962133,3.299091297785442,3.0805497914552697,0,0,0,0,3,1,6,0.75,0.3333333333333333,0.46153846153846156,0.8151947127383519,3,1,6,0.75,0.3333333333333333,0.46153846153846156,0.8151947127383519,0,0,0,0.0,0.0,0.0,0,0,0,0.0,0.0,0.0,0,0
COCO,494869,9,9,0,0,9,143,18,143,161,82,0,0,18,0.016553887999975814,0.01364275900004941,0.013213221000000885,0.04341050300001825,7.392263410515922,6.897207824416297,0,0,0,0,6,3,3,0.6666666666666666,0.6666666666666666,0.6666666666666666,0.805723434560441,6,3,3,0.6666666666666666,0.6666666666666666,0.6666666666666666,0.805723434560441,0,0,0,0.0,0.0,0.0,0,0,0,0.0,0.0,0.0,0,0
COCO,33638,8,8,0,0,8,108,16,108,124,65,0,0,16,0.013964622000003146,0.012197088999982952,0.011929294999958984,0.03809172499995839,6.140163729985557,5.551272935271265,0,0,0,0,1,7,7,0.125,0.125,0.125,0.947072650630515,1,7,7,0.125,0.125,0.125,0.947072650630515,0,0,0,0.0,0.0,0.0,0,0,0,0.0,0.0,0.0,0,0
COCO,329219,21,21,0,0,8,104,16,104,120,65,0,0,16,0.015345390999982556,0.011991813999998158,0.01143550899996626,0.038773350999917966,6.177796968464,5.612908176823401,0,0,0,0,4,4,17,0.5,0.19047619047619047,0.27586206896551724,0.8193827855367825,4,4,17,0.5,0.19047619047619047,0.27586206896551724,0.8193827855367825,0,0,0,0.0,0.0,0.0,0,0,0,0.0,0.0,0.0,0,0
COCO,34873,9,9,0,0,6,64,12,64,76,37,0,0,12,0.01477319200000693,0.010672632000023441,0.0093426889999364,0.034789153000019724,4.7728660903766835,4.382453870911904,0,0,0,0,3,3,6,0.5,0.3333333333333333,0.4,0.8713509323917258,3,3,6,0.5,0.3333333333333333,0.4,0.8713509323917258,0,0,0,0.0,0.0,0.0,0,0,0,0.0,0.0,0.0,0,0
COCO,186980,14,14,0,0,3,10,6,10,16,10,0,0,6,0.015556908999997177,0.007279422000010527,0.006067858000051274,0.028904817000011462,2.7286916685104377,2.704776981770993,0,0,0,0,3,0,11,1.0,0.21428571428571427,0.35294117647058826,0.8675551024719357,3,0,11,1.0,0.21428571428571427,0.35294117647058826,0.8675551024719357,0,0,0,0.0,0.0,0.0,0,0,0,0.0,0.0,0.0,0,0
COCO,127182,10,10,0,0,7,81,14,81,95,50,0,0,14,0.01850759100000232,0.012633701000027031,0.009571357000027092,0.040713323000090895,5.5945286332827635,5.1568746720017815,0,0,0,0,6,1,4,0.8571428571428571,0.6,0.7058823529411764,0.8335049108607965,6,1,4,0.8571428571428571,0.6,0.7058823529411764,0.8335049108607965,0,0,0,0.0,0.0,0.0,0,0,0,0.0,0.0,0.0,0,0
COCO,356387,21,21,0,0,12,249,24,249,273,145,0,0,24,0.02202869199993529,0.022322169000062786,0.020338683000090896,0.06469045799997275,9.422076648768822,8.567226596918744,0,0,0,0,12,0,9,1.0,0.5714285714285714,0.7272727272727273,0.8202640248528955,12,0,9,1.0,0.5714285714285714,0.7272727272727273,0.8202640248528955,0,0,0,0.0,0.0,0.0,0,0,0,0.0,0.0,0.0,0,0
COCO,367680,14,14,0,0,11,186,22,186,208,122,0,0,22,0.014863168000033511,0.016288724000105503,0.014168171000051188,0.045320909999986725,9.315687346634435,8.827165730721918,0,0,0,0,6,5,8,0.5454545454545454,0.42857142857142855,0.4799999999999999,0.9062309736226657,6,5,8,0.5454545454545454,0.42857142857142855,0.4799999999999999,0.9062309736226657,0,0,0,0.0,0.0,0.0,0,0,0,0.0,0.0,0.0,0,0
COCO,263796,1,1,0,0,1,0,2,0,2,1,0,0,2,0.016828468999960933,0.006169597000052818,0.005532318000064151,0.02853085899994312,0.39580103556315105,0.3024022960662842,0,0,0,0,1,0,0,1.0,1.0,1.0,0.9143280734768966,1,0,0,1.0,1.0,1.0,0.9143280734768966,0,0,0,0.0,0.0,0.0,0,0,0,0.0,0.0,0.0,0,0
COCO,117425,7,7,0,0,5,40,10,40,50,26,0,0,10,0.01391490799994699,0.008834757000045101,0.00809689499999422,0.03084721499999432,4.201052006085715,3.9906526252627392,0,0,0,0,4,1,3,0.8,0.5714285714285714,0.6666666666666666,0.8749520951070928,4,1,3,0.8,0.5714285714285714,0.6666666666666666,0.8749520951070928,0,0,0,0.0,0.0,0.0,0,0,0,0.0,0.0,0.0,0,0
COCO,365387,4,4,0,0,2,4,4,4,8,5,0,0,4,0.012983056000052784,0.006800229000077707,0.006131526999979542,0.025915371999985837,1.0890662105878195,0.8929726891219617,0,0,0,0,0,2,4,0.0,0.0,0.0,0.9617112535954562,0,2,4,0.0,0.0,0.0,0.9617112535954562,0,0,0,0.0,0.0,0.0,0,0,0,0.0,0.0,0.0,0,0
COCO,487583,2,2,0,0,3,12,6,12,18,10,0,0,6,0.0129328620000706,0.007263599999987491,0.006324853000023722,0.026522097999986727,2.518675441741944,2.4081290614604955,0,0,0,0,2,1,0,0.6666666666666666,1.0,0.8,0.8109398257308542,2,1,0,0.6666666666666666,1.0,0.8,0.8109398257308542,0,0,0,0.0,0.0,0.0,0,0,0,0.0,0.0,0.0,0,0
COCO,504711,2,2,0,0,3,9,6,9,15,10,0,0,6,0.015221047999943949,0.00761593200002153,0.006609830000002148,0.029447500999935983,2.5920395326614387,2.511755839884282,0,0,0,0,2,1,0,0.6666666666666666,1.0,0.8,0.9277282572955015,2,1,0,0.6666666666666666,1.0,0.8,0.9277282572955015,0,0,0,0.0,0.0,0.0,0,0,0,0.0,0.0,0.0,0,0
COCO,363840,12,12,0,0,8,103,16,103,119,65,0,0,16,0.014547884999956295,0.011898800000039955,0.010485756999969453,0.036933117999979004,7.0874570544560775,6.901699756085875,0,0,0,0,6,2,6,0.75,0.5,0.6,0.9368194119115727,6,2,6,0.75,0.5,0.6,0.9368194119115727,0,0,0,0.0,0.0,0.0,0,0,0,0.0,0.0,0.0,0,0
COCO,214720,11,11,0,0,8,100,16,100,116,65,0,0,16,0.015033617000085542,0.012155021000012312,0.011754841999959353,0.03894416100001763,6.636469152768455,6.239929344952109,0,0,0,0,7,1,4,0.875,0.6363636363636364,0.7368421052631579,0.8736428801976958,7,1,4,0.875,0.6363636363636364,0.7368421052631579,0.8736428801976958,0,0,0,0.0,0.0,0.0,0,0,0,0.0,0.0,0.0,0,0
COCO,379453,1,1,0,0,1,0,2,0,2,1,0,0,2,0.013990373999945405,0.0064778830000022936,0.0059378130000595775,0.026406675999965046,0.6391234556833902,0.6460952144861221,0,0,0,0,1,0,0,1.0,1.0,1.0,0.9641252230743304,1,0,0,1.0,1.0,1.0,0.9641252230743304,0,0,0,0.0,0.0,0.0,0,0,0,0.0,0.0,0.0,0,0
COCO,311295,10,10,0,0,7,82,14,82,96,50,0,0,14,0.016957043000047634,0.011532994000049257,0.010001895000073091,0.03849257900003522,5.579569342205091,5.134924833892946,0,0,0,0,5,2,5,0.7142857142857143,0.5,0.588235294117647,0.7817154089438959,5,2,5,0.7142857142857143,0.5,0.588235294117647,0.7817154089438959,0,0,0,0.0,0.0,0.0,0,0,0,0.0,0.0,0.0,0,0
COCO,29393,4,4,0,0,2,4,4,4,8,5,0,0,4,0.014724141999977292,0.006996888999992734,0.006374280999921211,0.028095975000042017,1.3685655029614767,1.2877654395997529,0,0,0,0,1,1,3,0.5,0.25,0.3333333333333333,0.87309864089106,1,1,3,0.5,0.25,0.3333333333333333,0.87309864089106,0,0,0,0.0,0.0,0.0,0,0,0,0.0,0.0,0.0,0,0
COCO,278848,10,10,0,0,10,167,20,167,187,101,0,0,20,0.01502385100002357,0.01531915200007461,0.013112852999938696,0.04345651599999201,8.646239725730357,8.287957712095517,0,0,0,0,9,1,1,0.9,0.9,0.9,0.868706593797786,9,1,1,0.9,0.9,0.9,0.868706593797786,0,0,0,0.0,0.0,0.0,0,0,0,0.0,0.0,0.0,0,0
COCO,166391,28,28,0,0,20,666,40,666,706,401,0,0,40,0.01696321600002193,0.03978622499994344,0.03813098899991019,0.09488107599997875,16.8233684899748,15.916261307481989,0,0,0,0,16,4,12,0.8,0.5714285714285714,0.6666666666666666,0.805913071641147,16,4,12,0.8,0.5714285714285714,0.6666666666666666,0.805913071641147,0,0,0,0.0,0.0,0.0,0,0,0,0.0,0.0,0.0,0,0
COCO,48153,2,2,0,0,1,0,2,0,2,1,0,0,2,0.015660346999993635,0.006554033999918829,0.0062416150000217385,0.028456779999942228,0.5776742140452067,0.5592981606721878,0,0,0,0,1,0,1,1.0,0.5,0.6666666666666666,0.8739167539511179,1,0,1,1.0,0.5,0.6666666666666666,0.8739167539511179,0,0,0,0.0,0.0,0.0,0,0,0,0.0,0.0,0.0,0,0
COCO,459153,4,4,0,0,4,28,8,28,36,17,0,0,8,0.016409010000074886,0.008551669999974365,0.008006829999999354,0.03296812400003546,3.388184097347622,3.189316554355586,0,0,0,0,3,1,1,0.75,0.75,0.75,0.9590179355313748,3,1,1,0.75,0.75,0.75,0.9590179355313748,0,0,0,0.0,0.0,0.0,0,0,0,0.0,0.0,0.0,0,0
COCO,295713,12,12,0,0,11,211,22,211,233,121,0,0,22,0.015641009999967537,0.020925312000031226,0.015209864999974343,0.051776908999954685,8.794587906201683,8.134647084176542,0,0,0,0,9,2,3,0.8181818181818182,0.75,0.7826086956521738,0.8166307979200705,9,2,3,0.8181818181818182,0.75,0.7826086956521738,0.8166307979200705,0,0,0,0.0,0.0,0.0,0,0,0,0.0,0.0,0.0,0,0
COCO,223130,1,1,0,0,2,4,4,4,8,5,0,0,4,0.014699962000008782,0.0066768820000788764,0.006322470999975849,0.027699965000010707,1.3061979087193807,1.1996712127327922,0,0,0,0,1,1,0,0.5,1.0,0.6666666666666666,0.8941213096049604,1,1,0,0.5,1.0,0.6666666666666666,0.8941213096049604,0,0,0,0.0,0.0,0.0,0,0,0,0.0,0.0,0.0,0,0
COCO,273132,3,3,0,0,1,0,2,0,2,1,0,0,2,0.016623739000010573,0.0063779269999031385,0.00616481199995178,0.029167122999979256,0.5810126225153605,0.56401366263628,0,0,0,0,1,0,2,1.0,0.3333333333333333,0.5,0.8559722795090394,1,0,2,1.0,0.3333333333333333,0.5,0.8559722795090394,0,0,0,0.0,0.0,0.0,0,0,0,0.0,0.0,0.0,0,0
COCO,198960,3,3,0,0,3,6,6,6,12,10,0,0,6,0.015202152000028946,0.00759370699995543,0.006713653000019804,0.029510349000020142,2.66976930141449,2.654549138247967,0,0,0,0,3,0,0,1.0,1.0,1.0,0.885688643360627,3,0,0,1.0,1.0,1.0,0.885688643360627,0,0,0,0.0,0.0,0.0,0,0,0,0.0,0.0,0.0,0,0
COCO,344059,2,2,0,0,2,2,4,2,6,5,0,0,4,0.013148670999953538,0.006694326999991063,0.005996026000048005,0.025839665000034984,1.5499256261189778,1.5604366135597227,0,0,0,0,2,0,0,1.0,1.0,1.0,0.9077329161889663,2,0,0,1.0,1.0,1.0,0.9077329161889663,0,0,0,0.0,0.0,0.0,0,0,0,0.0,0.0,0.0,0,0
COCO,410428,10,10,0,0,12,253,24,253,277,145,0,0,24,0.015731256999970356,0.018273486999987654,0.017906084999935956,0.051911393999944266,9.84469669410121,9.128676815713758,0,0,0,0,6,6,4,0.5,0.6,0.5454545454545454,0.7794459535846027,6,6,4,0.5,0.6,0.5454545454545454,0.7794459535846027,0,0,0,0.0,0.0,0.0,0,0,0,0.0,0.0,0.0,0,0
COCO,87875,1,1,0,0,1,0,2,0,2,1,0,0,2,0.01651012100001026,0.006501689000060651,0.005390944000055242,0.028403527000023132,0.6409365336100261,0.6486561870574952,0,0,0,0,1,0,0,1.0,1.0,1.0,0.9144831905377924,1,0,0,1.0,1.0,1.0,0.9144831905377924,0,0,0,0.0,0.0,0.0,0,0,0,0.0,0.0,0.0,0,0
COCO,450758,7,7,0,0,7,46,14,46,60,50,0,0,14,0.017031953000014255,0.009436239000024216,0.008562866999909602,0.035031669000090915,6.204957968393959,6.1263364636898014,0,0,0,0,7,0,0,1.0,1.0,1.0,0.8494010326745007,7,0,0,1.0,1.0,1.0,0.8494010326745007,0,0,0,0.0,0.0,0.0,0,0,0,0.0,0.0,0.0,0,0
COCO,458790,0,0,0,0,0,0,0,0,0,0,0,0,1,0.011161761000039405,0.005168253999954686,0.004363729000033345,0.020694326000011642,,,0,0,0,0,0,0,0,0.0,0.0,0.0,0.0,0,0,0,0.0,0.0,0.0,0.0,0,0,0,0.0,0.0,0.0,0,0,0,0.0,0.0,0.0,0,0
COCO,460160,1,1,0,0,2,4,4,4,8,5,0,0,4,0.014594091000049048,0.006846619999919312,0.005823652999993101,0.027264904000048773,1.2315901311238608,1.09428772687912,0,0,0,0,1,1,0,0.5,1.0,0.6666666666666666,0.5889659488370801,1,1,0,0.5,1.0,0.6666666666666666,0.5889659488370801,0,0,0,0.0,0.0,0.0,0,0,0,0.0,0.0,0.0,0,0
COCO,458109,5,5,0,0,1,0,2,0,2,1,0,0,2,0.013489003000017874,0.006202443000006497,0.005529086000024108,0.02522106399999302,0.6125419775644938,0.6085488766431809,0,0,0,0,1,0,4,1.0,0.2,0.33333333333333337,0.9784469930723705,1,0,4,1.0,0.2,0.33333333333333337,0.9784469930723705,0,0,0,0.0,0.0,0.0,0,0,0,0.0,0.0,0.0,0,0
COCO,30675,1,1,0,0,1,0,2,0,2,1,0,0,2,0.014114931999984037,0.00628096100001585,0.00610887199991339,0.026505302000032316,0.6226968208948771,0.6228925928473473,0,0,0,0,1,0,0,1.0,1.0,1.0,0.9684835372411207,1,0,0,1.0,1.0,1.0,0.9684835372411207,0,0,0,0.0,0.0,0.0,0,0,0,0.0,0.0,0.0,0,0
COCO,566524,7,7,0,0,3,10,6,10,16,10,0,0,6,0.015539751999995133,0.00682937299995956,0.00577670199993463,0.028146408999987216,2.6965695095062263,2.6594044321775443,0,0,0,0,3,0,4,1.0,0.42857142857142855,0.6,0.8854287480636353,3,0,4,1.0,0.42857142857142855,0.6,0.8854287480636353,0,0,0,0.0,0.0,0.0,0,0,0,0.0,0.0,0.0,0,0
COCO,338428,4,4,0,0,3,8,6,8,14,10,0,0,6,0.015336351999962972,0.006896563000054812,0.006227773999967212,0.028461433999950714,2.4895193433761595,2.3504460725188254,0,0,0,0,2,1,2,0.6666666666666666,0.5,0.5714285714285715,0.8747796106435475,2,1,2,0.6666666666666666,0.5,0.5714285714285715,0.8747796106435475,0,0,0,0.0,0.0,0.0,0,0,0,0.0,0.0,0.0,0,0
COCO,545826,2,2,0,0,3,12,6,12,18,10,0,0,6,0.013878619000024628,0.007215780000024097,0.007362043000057383,0.028457094000032157,2.3310938776887795,2.126852784440651,0,0,0,0,1,2,1,0.3333333333333333,0.5,0.4,0.954978788802796,1,2,1,0.3333333333333333,0.5,0.4,0.954978788802796,0,0,0,0.0,0.0,0.0,0,0,0,0.0,0.0,0.0,0,0
COCO,166277,4,4,0,0,1,0,2,0,2,1,0,0,2,0.013967296999908285,0.006754662000048484,0.00551131700001406,0.02623385699996561,0.5658264557520549,0.5425632020831108,0,0,0,0,1,0,3,1.0,0.25,0.4,0.9247761700797819,1,0,3,1.0,0.25,0.4,0.9247761700797819,0,0,0,0.0,0.0,0.0,0,0,0,0.0,0.0,0.0,0,0
COCO,269314,2,2,0,0,1,0,2,0,2,1,0,0,2,0.014505339999914213,0.006824112999993304,0.005807344999993802,0.027137475999893468,0.5119006792704264,0.4663930428028107,0,0,0,0,0,1,2,0.0,0.0,0.0,0.0,0,1,2,0.0,0.0,0.0,0.0,0,0,0,0.0,0.0,0.0,0,0,0,0.0,0.0,0.0,0,0
COCO,476415,2,2,0,0,2,3,4,3,7,5,0,0,4,0.012853242999995018,0.006909442000051058,0.006694954999943548,0.026458542000000307,1.4628771670659382,1.4374806651473044,0,0,0,0,2,0,0,1.0,1.0,1.0,0.9567192318119859,2,0,0,1.0,1.0,1.0,0.9567192318119859,0,0,0,0.0,0.0,0.0,0,0,0,0.0,0.0,0.0,0,0
COCO,292082,5,5,0,0,7,86,14,86,100,50,0,0,14,0.017233761000056802,0.012103768999963904,0.011304318000043168,0.0406427130000111,5.477080315748853,5.015709279328587,0,0,0,0,4,3,1,0.5714285714285714,0.8,0.6666666666666666,0.7700369183662548,4,3,1,0.5714285714285714,0.8,0.6666666666666666,0.7700369183662548,0,0,0,0.0,0.0,0.0,0,0,0,0.0,0.0,0.0,0,0
COCO,360137,3,3,0,0,4,28,8,28,36,17,0,0,8,0.016840997000031166,0.00842035399989527,0.007902907000016057,0.03316494499995315,3.2203360788027453,2.9363080446422107,0,0,0,0,3,1,0,0.75,1.0,0.8571428571428571,0.8118124155978078,3,1,0,0.75,1.0,0.8571428571428571,0.8118124155978078,0,0,0,0.0,0.0,0.0,0,0,0,0.0,0.0,0.0,0,0
COCO,122046,3,3,0,0,2,4,4,4,8,5,0,0,4,0.014341913999942335,0.006722395000110737,0.0058165609999605294,0.02688153099995816,1.5632636578877768,1.5627765834331515,0,0,0,0,2,0,1,1.0,0.6666666666666666,0.8,0.9588730851629108,2,0,1,1.0,0.6666666666666666,0.8,0.9588730851629108,0,0,0,0.0,0.0,0.0,0,0,0,0.0,0.0,0.0,0,0
COCO,352684,10,10,0,0,10,120,20,120,140,101,0,0,20,0.014427200000000084,0.013373483999998825,0.013687595999954283,0.04148890199996913,8.484969572226209,8.098352854102853,0,0,0,0,10,0,0,1.0,1.0,1.0,0.8589419244279707,10,0,0,1.0,1.0,1.0,0.8589419244279707,0,0,0,0.0,0.0,0.0,0,0,0,0.0,0.0,0.0,0,0
COCO,512836,7,7,0,0,5,32,10,32,42,26,0,0,10,0.014989821000085612,0.008883990000072117,0.007725131000029251,0.03159967900000993,4.098112674554191,3.84525081947446,0,0,0,0,4,1,3,0.8,0.5714285714285714,0.6666666666666666,0.8559554579053819,4,1,3,0.8,0.5714285714285714,0.6666666666666666,0.8559554579053819,0,0,0,0.0,0.0,0.0,0,0,0,0.0,0.0,0.0,0,0
COCO,8021,7,7,0,0,4,23,8,23,31,17,0,0,8,0.015515177999986918,0.008999625999990712,0.007564227999978357,0.03207975499992699,3.6632444111506155,3.6196660640835776,0,0,0,0,4,0,3,1.0,0.5714285714285714,0.7272727272727273,0.9029937535561686,4,0,3,1.0,0.5714285714285714,0.7272727272727273,0.9029937535561686,0,0,0,0.0,0.0,0.0,0,0,0,0.0,0.0,0.0,0,0
COCO,107226,18,18,0,0,12,244,24,244,268,145,0,0,24,0.015414124000017182,0.018550351999920167,0.017370714000094267,0.05133583700001054,9.868201695734408,9.227231937551645,0,0,0,0,9,3,9,0.75,0.5,0.6,0.7951350482885142,9,3,9,0.75,0.5,0.6,0.7951350482885142,0,0,0,0.0,0.0,0.0,0,0,0,0.0,0.0,0.0,0,0
COCO,84477,3,3,0,0,4,23,8,23,31,17,0,0,8,0.015072131000010813,0.008304813999984617,0.007795668000085243,0.031173374999980297,3.463819493452709,3.3256033678352845,0,0,0,0,3,1,0,0.75,1.0,0.8571428571428571,0.8527785615047079,3,1,0,0.75,1.0,0.8571428571428571,0.8527785615047079,0,0,0,0.0,0.0,0.0,0,0,0,0.0,0.0,0.0,0,0
COCO,562243,2,2,0,0,2,2,4,2,6,5,0,0,4,0.015901767000059408,0.006522848000031445,0.006038463000095362,0.028463849999980084,1.5538693221410118,1.5495070841908456,0,0,0,0,2,0,0,1.0,1.0,1.0,0.9452499027375001,2,0,0,1.0,1.0,1.0,0.9452499027375001,0,0,0,0.0,0.0,0.0,0,0,0,0.0,0.0,0.0,0,0
COCO,181859,2,2,0,0,2,4,4,4,8,5,0,0,4,0.013064483999983167,0.007169656999963081,0.005944551999959913,0.026179431000059594,1.3300611766179404,1.2333780786395074,0,0,0,0,1,1,1,0.5,0.5,0.5,0.9051673480356696,1,1,1,0.5,0.5,0.5,0.9051673480356696,0,0,0,0.0,0.0,0.0,0,0,0,0.0,0.0,0.0,0,0
COCO,177015,6,6,0,0,4,22,8,22,30,17,0,0,8,0.014950954000028105,0.008549173000005794,0.007023702000083176,0.0305245309999691,3.3134823673083855,3.1480927969132337,0,0,0,0,1,3,5,0.25,0.16666666666666666,0.2,0.7234368480178333,1,3,5,0.25,0.16666666666666666,0.2,0.7234368480178333,0,0,0,0.0,0.0,0.0,0,0,0,0.0,0.0,0.0,0,0
COCO,292236,7,7,0,0,7,78,14,78,92,50,0,0,14,0.014309646000015164,0.011374795000051563,0.01129889000003459,0.03698414600000888,5.76892561880565,5.421609961418472,0,0,0,0,6,1,1,0.8571428571428571,0.8571428571428571,0.8571428571428571,0.893688497863042,6,1,1,0.8571428571428571,0.8571428571428571,0.8571428571428571,0.893688497863042,0,0,0,0.0,0.0,0.0,0,0,0,0.0,0.0,0.0,0,0
COCO,121506,9,9,0,0,7,83,14,83,97,50,0,0,14,0.017027875000053427,0.011405222999997022,0.010909523000009358,0.03934329800006253,5.434988236570316,4.900422280772484,0,0,0,0,3,4,6,0.42857142857142855,0.3333333333333333,0.375,0.7181045446797039,3,4,6,0.42857142857142855,0.3333333333333333,0.375,0.7181045446797039,0,0,0,0.0,0.0,0.0,0,0,0,0.0,0.0,0.0,0,0
COCO,288042,3,3,0,0,3,11,6,11,17,10,0,0,6,0.014398249000009855,0.007721046000028764,0.006340025999975296,0.028459951000058936,2.5938087368011478,2.485379840731621,0,0,0,0,2,1,1,0.6666666666666666,0.6666666666666666,0.6666666666666666,0.7845448846188312,2,1,1,0.6666666666666666,0.6666666666666666,0.6666666666666666,0.7845448846188312,0,0,0,0.0,0.0,0.0,0,0,0,0.0,0.0,0.0,0,0
COCO,453860,2,2,0,0,4,16,8,16,24,17,0,0,8,0.013557261999949333,0.008656117999976232,0.007176308999987668,0.02939031599998998,3.300237430731457,3.0739187042415153,0,0,0,0,1,3,1,0.25,0.5,0.3333333333333333,0.9661193704979427,1,3,1,0.25,0.5,0.3333333333333333,0.9661193704979427,0,0,0,0.0,0.0,0.0,0,0,0,0.0,0.0,0.0,0,0
COCO,500257,31,31,0,0,7,78,14,78,92,50,0,0,14,0.016458564000004117,0.01046555499999613,0.009971820000032494,0.03689661399994293,5.449409801165265,4.976624677479269,0,0,0,0,5,2,26,0.7142857142857143,0.16129032258064516,0.2631578947368421,0.8847033910318329,5,2,26,0.7142857142857143,0.16129032258064516,0.2631578947368421,0.8847033910318329,0,0,0,0.0,0.0,0.0,0,0,0,0.0,0.0,0.0,0,0
COCO,113403,4,4,0,0,3,10,6,10,16,10,0,0,6,0.014227338000068812,0.007309027000019341,0.005870125000001281,0.02740721600002871,2.448276998996735,2.3416912610828877,0,0,0,0,3,0,1,1.0,0.75,0.8571428571428571,0.7085657194290721,3,0,1,1.0,0.75,0.8571428571428571,0.7085657194290721,0,0,0,0.0,0.0,0.0,0,0,0,0.0,0.0,0.0,0,0
COCO,125062,10,10,0,0,7,76,14,76,90,50,0,0,14,0.015407540000069275,0.012896249000050375,0.010737142000039057,0.03904168500002925,5.698517105190424,5.289880789328087,0,0,0,0,6,1,4,0.8571428571428571,0.6,0.7058823529411764,0.749772731848556,6,1,4,0.8571428571428571,0.6,0.7058823529411764,0.749772731848556,0,0,0,0.0,0.0,0.0,0,0,0,0.0,0.0,0.0,0,0
COCO,375015,1,1,0,0,1,0,2,0,2,1,0,0,2,0.014684879000014917,0.0064372589999948104,0.005494024999961766,0.026616879000016525,0.6473310152689615,0.6576883924007415,0,0,0,0,1,0,0,1.0,1.0,1.0,0.9733687616627542,1,0,0,1.0,1.0,1.0,0.9733687616627542,0,0,0,0.0,0.0,0.0,0,0,0,0.0,0.0,0.0,0,0
COCO,334719,9,9,0,0,6,54,12,54,66,37,0,0,12,0.013592869000035535,0.009586912000031589,0.009656604000042535,0.03283707200000663,5.420140023231508,5.323947782814504,0,0,0,0,6,0,3,1.0,0.6666666666666666,0.8,0.9254134516325113,6,0,3,1.0,0.6666666666666666,0.8,0.9254134516325113,0,0,0,0.0,0.0,0.0,0,0,0,0.0,0.0,0.0,0,0
COCO,134112,3,3,0,0,3,10,6,10,16,10,0,0,6,0.013944140999910815,0.007681982000008247,0.006940350999911971,0.02856740400000035,2.6540937897351085,2.6061141967561543,0,0,0,0,3,0,0,1.0,1.0,1.0,0.9669496938836611,3,0,0,1.0,1.0,1.0,0.9669496938836611,0,0,0,0.0,0.0,0.0,0,0,0,0.0,0.0,0.0,0,0
COCO,283520,4,4,0,0,3,12,6,12,18,10,0,0,6,0.015803690999973696,0.007233113000097546,0.006173966999995173,0.029211411000005683,2.6030131173133855,2.527256028205157,0,0,0,0,3,0,1,1.0,0.75,0.8571428571428571,0.7757243562538525,3,0,1,1.0,0.75,0.8571428571428571,0.7757243562538525,0,0,0,0.0,0.0,0.0,0,0,0,0.0,0.0,0.0,0,0
COCO,31269,3,3,0,0,3,8,6,8,14,10,0,0,6,0.014772033999975065,0.006897023000078661,0.006957061999969483,0.028626748999954543,2.757599000930787,2.762108588814736,0,0,0,0,3,0,0,1.0,1.0,1.0,0.9480385348789141,3,0,0,1.0,1.0,1.0,0.9480385348789141,0,0,0,0.0,0.0,0.0,0,0,0,0.0,0.0,0.0,0,0
COCO,319721,4,4,0,0,4,24,8,24,32,17,0,0,8,0.01521027100000083,0.00855193400002463,0.007844892999969488,0.03160816799993427,3.464929092612628,3.323939095722401,0,0,0,0,3,1,1,0.75,0.75,0.75,0.8791372285688736,3,1,1,0.75,0.75,0.75,0.8791372285688736,0,0,0,0.0,0.0,0.0,0,0,0,0.0,0.0,0.0,0,0
COCO,165351,6,6,0,0,0,0,0,0,0,0,0,0,1,0.016447011999957795,0.005137118999982704,0.004169832000002316,0.025754473000006328,,,0,0,0,0,0,0,6,0.0,0.0,0.0,0.0,0,0,6,0.0,0.0,0.0,0.0,0,0,0,0.0,0.0,0.0,0,0,0,0.0,0.0,0.0,0,0
COCO,347265,2,2,0,0,3,10,6,10,16,10,0,0,6,0.014796148000073117,0.006902168000010533,0.006483047999950031,0.028181946000017888,2.4012710530028687,2.2098242630527363,0,0,0,0,2,1,0,0.6666666666666666,1.0,0.8,0.7293135248154516,2,1,0,0.6666666666666666,1.0,0.8,0.7293135248154516,0,0,0,0.0,0.0,0.0,0,0,0,0.0,0.0,0.0,0,0
COCO,414170,7,7,0,0,5,39,10,39,49,26,0,0,10,0.014384431999928893,0.008988271000021086,0.008895670000015343,0.03226904699999977,4.353546453317008,4.193676031976939,0,0,0,0,5,0,2,1.0,0.7142857142857143,0.8333333333333333,0.8407176923240819,5,0,2,1.0,0.7142857142857143,0.8333333333333333,0.8407176923240819,0,0,0,0.0,0.0,0.0,0,0,0,0.0,0.0,0.0,0,0
COCO,231508,26,26,0,0,13,305,26,305,331,170,0,0,26,0.014560571999936656,0.020224005999921246,0.020769215999962398,0.05555447999995522,10.347715086035306,9.513895168644563,0,0,0,0,10,3,16,0.7692307692307693,0.38461538461538464,0.5128205128205128,0.8075357231501343,10,3,16,0.7692307692307693,0.38461538461538464,0.5128205128205128,0.8075357231501343,0,0,0,0.0,0.0,0.0,0,0,0,0.0,0.0,0.0,0,0
COCO,389381,6,6,0,0,8,117,16,117,133,65,0,0,16,0.01701208199995108,0.012927444999945692,0.011535246999983428,0.04147561599995697,6.399347625573479,5.917370187789205,0,0,0,0,5,3,1,0.625,0.8333333333333334,0.7142857142857143,0.9122096908810884,5,3,1,0.625,0.8333333333333334,0.7142857142857143,0.9122096908810884,0,0,0,0.0,0.0,0.0,0,0,0,0.0,0.0,0.0,0,0
COCO,118921,3,3,0,0,2,2,4,2,6,5,0,0,4,0.014441258000033486,0.0065517719999661495,0.005669116000035501,0.026662768000051074,1.5745042594273886,1.5786539331078533,0,0,0,0,2,0,1,1.0,0.6666666666666666,0.8,0.9614069036944757,2,0,1,1.0,0.6666666666666666,0.8,0.9614069036944757,0,0,0,0.0,0.0,0.0,0,0,0,0.0,0.0,0.0,0,0
COCO,21503,8,8,0,0,2,4,4,4,8,5,0,0,4,0.013951046999977734,0.007066805000022214,0.006054483000070832,0.027073038999901655,1.2043727548917138,1.055843182951212,0,0,0,0,0,2,8,0.0,0.0,0.0,0.9739677540679708,0,2,8,0.0,0.0,0.0,0.9739677540679708,0,0,0,0.0,0.0,0.0,0,0,0,0.0,0.0,0.0,0,0
COCO,785,2,2,0,0,2,3,4,3,7,5,0,0,4,0.01356633700004295,0.006779402999995909,0.005395330000055765,0.02574160300002859,1.4314353736241658,1.3765691319108013,0,0,0,0,2,0,0,1.0,1.0,1.0,0.9388114439911143,2,0,0,1.0,1.0,1.0,0.9388114439911143,0,0,0,0.0,0.0,0.0,0,0,0,0.0,0.0,0.0,0,0
COCO,300842,1,1,0,0,2,2,4,2,6,5,0,0,4,0.012111414999935732,0.007018635000008544,0.0060246299999562325,0.025155348999987837,1.2467365821202596,1.0826820889115334,0,0,0,0,1,1,0,0.5,1.0,0.6666666666666666,0.6246241769296125,1,1,0,0.5,1.0,0.6666666666666666,0.6246241769296125,0,0,0,0.0,0.0,0.0,0,0,0,0.0,0.0,0.0,0,0
COCO,105014,6,6,0,0,5,40,10,40,50,26,0,0,10,0.01582081300000482,0.008809974000087095,0.008712983000009444,0.033344461000069714,3.9853529446139406,3.6844164746815435,0,0,0,0,3,2,3,0.6,0.5,0.5454545454545454,0.9140180107666487,3,2,3,0.6,0.5,0.5454545454545454,0.9140180107666487,0,0,0,0.0,0.0,0.0,0,0,0,0.0,0.0,0.0,0,0
COCO,261982,5,5,0,0,4,18,8,18,26,17,0,0,8,0.014366993000066941,0.008303226000066388,0.00740645099995163,0.030077321000021584,3.325381595293682,3.1589348366856584,0,0,0,0,4,0,1,1.0,0.8,0.888888888888889,0.7870664888990492,4,0,1,1.0,0.8,0.888888888888889,0.7870664888990492,0,0,0,0.0,0.0,0.0,0,0,0,0.0,0.0,0.0,0,0
COCO,34205,3,3,0,0,1,0,2,0,2,1,0,0,2,0.014441067000007024,0.007210858000007647,0.006270582999945873,0.027923065999971186,0.5027727524439494,0.4534998461604119,0,0,0,0,0,1,3,0.0,0.0,0.0,0.0,0,1,3,0.0,0.0,0.0,0.0,0,0,0,0.0,0.0,0.0,0,0,0,0.0,0.0,0.0,0,0
COCO,99242,2,2,0,0,2,4,4,4,8,5,0,0,4,0.015847620000045026,0.008943295999984002,0.008391708999965886,0.03318369199996596,1.5333660395940147,1.5205461975932124,0,0,0,0,2,0,0,1.0,1.0,1.0,0.949831384565957,2,0,0,1.0,1.0,1.0,0.949831384565957,0,0,0,0.0,0.0,0.0,0,0,0,0.0,0.0,0.0,0,0
COCO,314709,2,2,0,0,2,2,4,2,6,5,0,0,4,0.01302137599998332,0.0070422339999822725,0.005631165000067995,0.025695481000070686,1.5055587323506674,1.4812683761119847,0,0,0,0,2,0,0,1.0,1.0,1.0,0.8746377502706686,2,0,0,1.0,1.0,1.0,0.8746377502706686,0,0,0,0.0,0.0,0.0,0,0,0,0.0,0.0,0.0,0,0
COCO,460494,9,9,0,0,8,115,16,115,131,65,0,0,16,0.01424493000001803,0.012401486999920053,0.01124651099996754,0.03790814000001319,6.748327959442735,6.375441866283218,0,0,0,0,4,4,5,0.5,0.4444444444444444,0.47058823529411764,0.9241129953891677,4,4,5,0.5,0.4444444444444444,0.47058823529411764,0.9241129953891677,0,0,0,0.0,0.0,0.0,0,0,0,0.0,0.0,0.0,0,0
COCO,339442,3,3,0,0,2,4,4,4,8,5,0,0,4,0.05368967200001862,0.007229178999978103,0.005961358999911681,0.06688076299997192,1.4258181126912435,1.3686347508430483,0,0,0,0,2,0,1,1.0,0.6666666666666666,0.8,0.877672459733198,2,0,1,1.0,0.6666666666666666,0.8,0.877672459733198,0,0,0,0.0,0.0,0.0,0,0,0,0.0,0.0,0.0,0,0
COCO,541055,11,11,0,0,6,49,12,49,61,37,0,0,12,0.014187563999939812,0.009274498999957359,0.008713126999964516,0.03217582100000982,5.313911931514741,5.149150603264571,0,0,0,0,5,1,6,0.8333333333333334,0.45454545454545453,0.5882352941176471,0.8017291553517246,5,1,6,0.8333333333333334,0.45454545454545453,0.5882352941176471,0.8017291553517246,0,0,0,0.0,0.0,0.0,0,0,0,0.0,0.0,0.0,0,0
COCO,409475,2,2,0,0,2,2,4,2,6,5,0,0,4,0.013585073999934139,0.006501047000028848,0.005644071000006079,0.02573088699989512,1.5488450892766314,1.5589103552699088,0,0,0,0,2,0,0,1.0,1.0,1.0,0.9648421775265601,2,0,0,1.0,1.0,1.0,0.9648421775265601,0,0,0,0.0,0.0,0.0,0,0,0,0.0,0.0,0.0,0,0
COCO,464786,2,2,0,0,3,10,6,10,16,10,0,0,6,0.013620216000049368,0.006638789000021461,0.006163563999962207,0.026423176999969655,2.3684870223561396,2.2023811553279034,0,0,0,0,2,1,0,0.6666666666666666,1.0,0.8,0.7201163091241565,2,1,0,0.6666666666666666,1.0,0.8,0.7201163091241565,0,0,0,0.0,0.0,0.0,0,0,0,0.0,0.0,0.0,0,0
COCO,378605,4,4,0,0,2,4,4,4,8,5,0,0,4,0.01340016199992533,0.006420712000021922,0.005724883999960184,0.025546459999986837,1.61087344010671,1.6300254008173947,0,0,0,0,2,0,2,1.0,0.5,0.6666666666666666,0.9233028275409204,2,0,2,1.0,0.5,0.6666666666666666,0.9233028275409204,0,0,0,0.0,0.0,0.0,0,0,0,0.0,0.0,0.0,0,0
COCO,331817,17,17,0,0,10,175,20,175,195,101,0,0,20,0.01745458499999586,0.016682298999967315,0.014894104999939373,0.04903180600001633,8.268385901186024,7.783349961423033,0,0,0,0,7,3,10,0.7,0.4117647058823529,0.5185185185185185,0.8689029725122198,7,3,10,0.7,0.4117647058823529,0.5185185185185185,0.8689029725122198,0,0,0,0.0,0.0,0.0,0,0,0,0.0,0.0,0.0,0,0
COCO,218091,7,7,0,0,4,24,8,24,32,17,0,0,8,0.014612719999945512,0.0077862840000761935,0.007041890000095918,0.02944161899995379,3.195138832728069,2.9584669345617307,0,0,0,0,3,1,4,0.75,0.42857142857142855,0.5454545454545454,0.8603688495772271,3,1,4,0.75,0.42857142857142855,0.5454545454545454,0.8603688495772271,0,0,0,0.0,0.0,0.0,0,0,0,0.0,0.0,0.0,0,0
COCO,578545,4,4,0,0,3,9,6,9,15,9,0,0,6,0.0159685469999431,0.006904848000090169,0.0063772799999242125,0.029251328999976067,2.2166099095344545,2.0557114972174166,0,0,0,0,2,1,2,0.6666666666666666,0.5,0.5714285714285715,0.9147801576368565,2,1,2,0.6666666666666666,0.5,0.5714285714285715,0.9147801576368565,0,0,0,0.0,0.0,0.0,0,0,0,0.0,0.0,0.0,0,0
COCO,363207,14,14,0,0,11,207,22,207,229,122,0,0,22,0.015978439000036815,0.0171243099999856,0.015376931999981025,0.04848036199996386,8.854531272252403,8.219317088723185,0,0,0,0,8,3,6,0.7272727272727273,0.5714285714285714,0.64,0.804688324670919,8,3,6,0.7272727272727273,0.5714285714285714,0.64,0.804688324670919,0,0,0,0.0,0.0,0.0,0,0,0,0.0,0.0,0.0,0,0
COCO,372577,3,3,0,0,3,12,6,12,18,10,0,0,6,0.016497828000069603,0.007267146000003777,0.006093731999953889,0.02985938699998769,2.772107763290406,2.766102215647698,0,0,0,0,3,0,0,1.0,1.0,1.0,0.9097529512798928,3,0,0,1.0,1.0,1.0,0.9097529512798928,0,0,0,0.0,0.0,0.0,0,0,0,0.0,0.0,0.0,0,0
COCO,212166,1,1,0,0,3,8,6,8,14,10,0,0,6,0.016864961000010226,0.006782513999951334,0.005799961999969128,0.029448033999983636,2.51949030984309,2.3481931220379137,0,0,0,0,1,2,0,0.3333333333333333,1.0,0.5,0.9495531440125748,1,2,0,0.3333333333333333,1.0,0.5,0.9495531440125748,0,0,0,0.0,0.0,0.0,0,0,0,0.0,0.0,0.0,0,0
COCO,172571,8,8,0,0,10,171,20,171,191,101,0,0,20,0.016382430000021486,0.01562508799997886,0.015466319999973166,0.04747452499998417,8.025326320116775,7.396163958991624,0,0,0,0,4,6,4,0.4,0.5,0.4444444444444445,0.8191420774494611,4,6,4,0.4,0.5,0.4444444444444445,0.8191420774494611,0,0,0,0.0,0.0,0.0,0,0,0,0.0,0.0,0.0,0,0
COCO,294831,5,5,0,0,5,39,10,39,49,26,0,0,10,0.012813304000019343,0.008826334999980645,0.008232768999960172,0.029873065999936443,4.140927814362831,3.9053409477257603,0,0,0,0,4,1,1,0.8,0.8,0.8000000000000002,0.9224557852448582,4,1,1,0.8,0.8,0.8000000000000002,0.9224557852448582,0,0,0,0.0,0.0,0.0,0,0,0,0.0,0.0,0.0,0,0
COCO,84431,2,2,0,0,3,9,6,9,15,10,0,0,6,0.05681054100000438,0.008386235999978453,0.006372711000039999,0.07157008100000439,2.717042925022662,2.6555170034990914,0,0,0,0,2,1,0,0.6666666666666666,1.0,0.8,0.9625921249870519,2,1,0,0.6666666666666666,1.0,0.8,0.9625921249870519,0,0,0,0.0,0.0,0.0,0,0,0,0.0,0.0,0.0,0,0
COCO,323355,3,3,0,0,4,24,8,24,32,17,0,0,8,0.0150476339999841,0.008660424000026978,0.008016327000063939,0.031725101999995786,3.32408888022105,3.140608876645566,0,0,0,0,3,1,0,0.75,1.0,0.8571428571428571,0.8733983511998388,3,1,0,0.75,1.0,0.8571428571428571,0.8733983511998388,0,0,0,0.0,0.0,0.0,0,0,0,0.0,0.0,0.0,0,0
COCO,355325,11,11,0,0,6,50,12,50,62,37,0,0,12,0.015424850000044898,0.009936513999946328,0.00890731600009076,0.034269347999952515,5.202150576972225,4.97715566631482,0,0,0,0,6,0,5,1.0,0.5454545454545454,0.7058823529411764,0.850286302101436,6,0,5,1.0,0.5454545454545454,0.7058823529411764,0.850286302101436,0,0,0,0.0,0.0,0.0,0,0,0,0.0,0.0,0.0,0,0
COCO,100582,3,3,0,0,1,0,2,0,2,1,0,0,2,0.014953204999983427,0.006693968000035966,0.0062004520000300545,0.02784851699993851,0.6329883495966593,0.6374293771386146,0,0,0,0,1,0,2,1.0,0.3333333333333333,0.5,0.9753228332700247,1,0,2,1.0,0.3333333333333333,0.5,0.9753228332700247,0,0,0,0.0,0.0,0.0,0,0,0,0.0,0.0,0.0,0,0
COCO,555412,1,1,0,0,1,0,2,0,2,1,0,0,2,0.014001569000015479,0.006507153000029575,0.005241582000053313,0.025750863999974172,0.5891117493311564,0.5754536792635918,0,0,0,0,1,0,0,1.0,1.0,1.0,0.9902382416618826,1,0,0,1.0,1.0,1.0,0.9902382416618826,0,0,0,0.0,0.0,0.0,0,0,0,0.0,0.0,0.0,0,0
COCO,4495,3,3,0,0,3,12,6,12,18,10,0,0,6,0.014196325999932924,0.007123960000058105,0.0061432269999386335,0.02746408699999847,2.7774795150756844,2.757189815044404,0,0,0,0,3,0,0,1.0,1.0,1.0,0.971326657339338,3,0,0,1.0,1.0,1.0,0.971326657339338,0,0,0,0.0,0.0,0.0,0,0,0,0.0,0.0,0.0,0,0
COCO,9483,6,6,0,0,7,76,14,76,90,50,0,0,14,0.014222632000041813,0.010137963999909516,0.009431442999925821,0.03379277200008346,5.9575637690226255,5.682017157077791,0,0,0,0,4,3,2,0.5714285714285714,0.6666666666666666,0.6153846153846153,0.9271515675043239,4,3,2,0.5714285714285714,0.6666666666666666,0.6153846153846153,0.9271515675043239,0,0,0,0.0,0.0,0.0,0,0,0,0.0,0.0,0.0,0,0
COCO,326082,17,17,0,0,8,107,16,107,123,65,0,0,16,0.014640533000033429,0.012675917000024128,0.011024378999991313,0.0383414420000463,6.779224394285761,6.4477851046364325,0,0,0,0,5,3,12,0.625,0.29411764705882354,0.4,0.8709069137313326,5,3,12,0.625,0.29411764705882354,0.4,0.8709069137313326,0,0,0,0.0,0.0,0.0,0,0,0,0.0,0.0,0.0,0,0
COCO,398237,5,5,0,0,4,20,8,20,28,17,0,0,8,0.015601734000028955,0.007651753999994071,0.007284131999995225,0.03053825400002097,3.2092069355646777,2.9783381298184404,0,0,0,0,1,3,4,0.25,0.2,0.22222222222222224,0.9407520496306323,1,3,4,0.25,0.2,0.22222222222222224,0.9407520496306323,0,0,0,0.0,0.0,0.0,0,0,0,0.0,0.0,0.0,0,0
COCO,507223,9,9,0,0,7,74,14,74,88,50,0,0,14,0.015450850000092942,0.010328889999982493,0.009757358999991084,0.03553773300006924,5.863958329359693,5.562174473553898,0,0,0,0,6,1,3,0.8571428571428571,0.6666666666666666,0.75,0.8383738314803787,6,1,3,0.8571428571428571,0.6666666666666666,0.75,0.8383738314803787,0,0,0,0.0,0.0,0.0,0,0,0,0.0,0.0,0.0,0,0
COCO,31050,1,1,0,0,3,10,6,10,16,10,0,0,6,0.014754025000002002,0.007609366999986378,0.006298878000052355,0.028662951999990582,2.2199258518218996,1.9861452656984326,0,0,0,0,1,2,0,0.3333333333333333,1.0,0.5,0.8223771871650155,1,2,0,0.3333333333333333,1.0,0.5,0.8223771871650155,0,0,0,0.0,0.0,0.0,0,0,0,0.0,0.0,0.0,0,0
COCO,239537,3,3,0,0,3,12,6,12,18,10,0,0,6,0.014066176000028463,0.006983530999946197,0.006555001000037919,0.02760534500009726,2.7690569829940803,2.7617929884791383,0,0,0,0,3,0,0,1.0,1.0,1.0,0.9293884688037761,3,0,0,1.0,1.0,1.0,0.9293884688037761,0,0,0,0.0,0.0,0.0,0,0,0,0.0,0.0,0.0,0,0
COCO,340930,2,2,0,0,4,27,8,27,35,17,0,0,8,0.01363679400003548,0.008436415999995006,0.007434930000044915,0.0295088160000887,2.830129021072039,2.4567353315787006,0,0,0,0,1,3,1,0.25,0.5,0.3333333333333333,0.9709569431307559,1,3,1,0.25,0.5,0.3333333333333333,0.9709569431307559,0,0,0,0.0,0.0,0.0,0,0,0,0.0,0.0,0.0,0,0
COCO,11813,2,2,0,0,0,0,0,0,0,0,0,0,1,0.012064265999924828,0.004917206999948576,0.00433773800000381,0.021319747000006828,,,0,0,0,0,0,0,2,0.0,0.0,0.0,0.0,0,0,2,0.0,0.0,0.0,0.0,0,0,0,0.0,0.0,0.0,0,0,0,0.0,0.0,0.0,0,0
COCO,281414,3,3,0,0,2,5,4,5,9,5,0,0,4,0.013789530999929411,0.006552340999974149,0.006240650999984609,0.02658320900002309,1.4827946933110558,1.449114170968533,0,0,0,0,2,0,1,1.0,0.6666666666666666,0.8,0.7146498504646874,2,0,1,1.0,0.6666666666666666,0.8,0.7146498504646874,0,0,0,0.0,0.0,0.0,0,0,0,0.0,0.0,0.0,0,0
COCO,537991,7,7,0,0,6,60,12,60,72,37,0,0,12,0.014520508999908088,0.009370140999976684,0.008829507999962516,0.032720856999958414,5.216246588230135,5.035948305875064,0,0,0,0,5,1,2,0.8333333333333334,0.7142857142857143,0.7692307692307692,0.8368452238771,5,1,2,0.8333333333333334,0.7142857142857143,0.7692307692307692,0.8368452238771,0,0,0,0.0,0.0,0.0,0,0,0,0.0,0.0,0.0,0,0
COCO,284282,1,1,0,0,1,0,2,0,2,1,0,0,2,0.013115808000065954,0.006230980000054842,0.005583601000012095,0.024930902000050992,0.5388722817103069,0.5044904312491417,0,0,0,0,0,1,1,0.0,0.0,0.0,0.0,0,1,1,0.0,0.0,0.0,0.0,0,0,0,0.0,0.0,0.0,0,0,0,0.0,0.0,0.0,0,0
COCO,321333,3,3,0,0,3,10,6,10,16,10,0,0,6,0.014040165999972487,0.008202390000064952,0.007034362000013061,0.029277498999931595,2.4210903239250183,2.270290082544088,0,0,0,0,3,0,0,1.0,1.0,1.0,0.7391343798694344,3,0,0,1.0,1.0,1.0,0.7391343798694344,0,0,0,0.0,0.0,0.0,0,0,0,0.0,0.0,0.0,0,0
COCO,521282,1,1,0,0,1,0,2,0,2,1,0,0,2,0.014014806999966822,0.006786298999941209,0.006254109999986213,0.027055856999936623,0.6139049688975016,0.6104741019010544,0,0,0,0,1,0,0,1.0,1.0,1.0,0.9352123608465425,1,0,0,1.0,1.0,1.0,0.9352123608465425,0,0,0,0.0,0.0,0.0,0,0,0,0.0,0.0,0.0,0,0
COCO,108026,3,3,0,0,3,12,6,12,18,10,0,0,6,0.013854777000005924,0.007058430000029148,0.006372392000002947,0.02728622600000108,2.333230709241781,2.1510589448680015,0,0,0,0,2,1,1,0.6666666666666666,0.6666666666666666,0.6666666666666666,0.9760917511879516,2,1,1,0.6666666666666666,0.6666666666666666,0.6666666666666666,0.9760917511879516,0,0,0,0.0,0.0,0.0,0,0,0,0.0,0.0,0.0,0,0
COCO,243204,4,4,0,0,1,0,2,0,2,1,0,0,2,0.013503840999987915,0.006486206999966271,0.0056658349999452184,0.02565649999996822,0.528244177500407,0.4894782340526581,0,0,0,0,1,0,3,1.0,0.25,0.4,0.5759383109687994,1,0,3,1.0,0.25,0.4,0.5759383109687994,0,0,0,0.0,0.0,0.0,0,0,0,0.0,0.0,0.0,0,0
COCO,177935,13,13,0,0,3,14,6,14,20,10,0,0,6,0.014219349000086368,0.007575789000043187,0.006256431999986489,0.028052311000010377,2.355235514640809,2.1607701644301422,0,0,0,0,2,1,11,0.6666666666666666,0.15384615384615385,0.25,0.7666417897667601,2,1,11,0.6666666666666666,0.15384615384615385,0.25,0.7666417897667601,0,0,0,0.0,0.0,0.0,0,0,0,0.0,0.0,0.0,0,0
COCO,38829,12,12,0,0,9,121,18,121,139,82,0,0,18,0.01554851499997767,0.012931783999988511,0.013365991000000577,0.04184709300000122,7.929462592601778,7.702365912050011,0,0,0,0,8,1,4,0.8888888888888888,0.6666666666666666,0.761904761904762,0.8345108026770066,8,1,4,0.8888888888888888,0.6666666666666666,0.761904761904762,0.8345108026770066,0,0,0,0.0,0.0,0.0,0,0,0,0.0,0.0,0.0,0,0
COCO,397327,2,2,0,0,2,4,4,4,8,5,0,0,4,0.012544640999976764,0.00700375599990366,0.005974809000008463,0.025523930999952427,1.4808430941899617,1.446357537209988,0,0,0,0,2,0,0,1.0,1.0,1.0,0.9013225225519692,2,0,0,1.0,1.0,1.0,0.9013225225519692,0,0,0,0.0,0.0,0.0,0,0,0,0.0,0.0,0.0,0,0
COCO,501523,5,5,0,0,5,39,10,39,49,26,0,0,10,0.013618391000022712,0.008941271000026063,0.009148475999950278,0.03170885700001236,4.121529794534048,3.84532750144601,0,0,0,0,3,2,2,0.6,0.6,0.6,0.870832287083839,3,2,2,0.6,0.6,0.6,0.870832287083839,0,0,0,0.0,0.0,0.0,0,0,0,0.0,0.0,0.0,0,0
COCO,555050,18,18,0,0,10,175,20,175,195,101,0,0,20,0.014578877999952056,0.015419603000054849,0.014738598000008096,0.04473778199997014,8.357137347402904,7.895312321774894,0,0,0,0,6,4,12,0.6,0.3333333333333333,0.42857142857142855,0.7921844215907472,6,4,12,0.6,0.3333333333333333,0.42857142857142855,0.7921844215907472,0,0,0,0.0,0.0,0.0,0,0,0,0.0,0.0,0.0,0,0
COCO,376442,2,2,0,0,1,0,2,0,2,1,0,0,2,0.012986630000000332,0.0064516229999753705,0.005719258999988597,0.025158120000014605,0.5885992924372355,0.5747298339009286,0,0,0,0,1,0,1,1.0,0.5,0.6666666666666666,0.8722026700887596,1,0,1,1.0,0.5,0.6666666666666666,0.8722026700887596,0,0,0,0.0,0.0,0.0,0,0,0,0.0,0.0,0.0,0,0
COCO,187243,3,3,0,0,2,4,4,4,8,5,0,0,4,0.012857562000021971,0.0066314329999386246,0.00582620600005157,0.025315942000020186,1.5882376941045129,1.598052409589291,0,0,0,0,2,0,1,1.0,0.6666666666666666,0.8,0.9085969368180431,2,0,1,1.0,0.6666666666666666,0.8,0.9085969368180431,0,0,0,0.0,0.0,0.0,0,0,0,0.0,0.0,0.0,0,0
COCO,356347,3,3,0,0,1,0,2,0,2,1,0,0,2,0.014998860999980934,0.006235569000068608,0.00524859799998012,0.02648368500001652,0.48212229410807295,0.42433107376098633,0,0,0,0,1,0,2,1.0,0.3333333333333333,0.5,0.7523007569186192,1,0,2,1.0,0.3333333333333333,0.5,0.7523007569186192,0,0,0,0.0,0.0,0.0,0,0,0,0.0,0.0,0.0,0,0
COCO,293044,4,4,0,0,3,12,6,12,18,10,0,0,6,0.012442300999964573,0.007224282000038329,0.006716678999964643,0.02638383199996497,2.413514540195466,2.2430892880260953,0,0,0,0,1,2,3,0.3333333333333333,0.25,0.28571428571428575,0.8496573051499077,1,2,3,0.3333333333333333,0.25,0.28571428571428575,0.8496573051499077,0,0,0,0.0,0.0,0.0,0,0,0,0.0,0.0,0.0,0,0
COCO,560279,2,2,0,0,3,14,6,14,20,10,0,0,6,0.01651889200002188,0.00731649399995149,0.006414452999933928,0.03025062100005016,2.468518674373627,2.2630326275527484,0,0,0,0,1,2,1,0.3333333333333333,0.5,0.4,0.850186984151144,1,2,1,0.3333333333333333,0.5,0.4,0.850186984151144,0,0,0,0.0,0.0,0.0,0,0,0,0.0,0.0,0.0,0,0
COCO,42276,2,2,0,0,1,0,2,0,2,1,0,0,2,0.013583753000034449,0.006236565000108385,0.005373248999944735,0.02519414100004269,0.6345086018244426,0.6395767334103585,0,0,0,0,1,0,1,1.0,0.5,0.6666666666666666,0.9476919389631566,1,0,1,1.0,0.5,0.6666666666666666,0.9476919389631566,0,0,0,0.0,0.0,0.0,0,0,0,0.0,0.0,0.0,0,0
COCO,534827,10,10,0,0,8,81,16,81,97,65,0,0,16,0.01649592000001121,0.011479185999974106,0.01105077500005791,0.03902655699994284,6.555357950528465,6.150109771788123,0,0,0,0,6,2,4,0.75,0.6,0.6666666666666665,0.8370812200739354,6,2,4,0.75,0.6,0.6666666666666665,0.8370812200739354,0,0,0,0.0,0.0,0.0,0,0,0,0.0,0.0,0.0,0,0
COCO,190756,2,2,0,0,2,3,4,3,7,5,0,0,4,0.013958894999973381,0.006822729999953481,0.005634928999938893,0.026417205000029753,1.5421497853597006,1.5329532384872437,0,0,0,0,2,0,0,1.0,1.0,1.0,0.9656006896621732,2,0,0,1.0,1.0,1.0,0.9656006896621732,0,0,0,0.0,0.0,0.0,0,0,0,0.0,0.0,0.0,0,0
COCO,482917,5,5,0,0,4,23,8,23,31,17,0,0,8,0.013548529999980019,0.008091682999975092,0.007388871999978619,0.029029692999984036,3.3321185366312673,3.1395757663249984,0,0,0,0,1,3,4,0.25,0.2,0.22222222222222224,0.8798177063475012,1,3,4,0.25,0.2,0.22222222222222224,0.8798177063475012,0,0,0,0.0,0.0,0.0,0,0,0,0.0,0.0,0.0,0,0
COCO,300659,7,7,0,0,7,83,14,83,97,50,0,0,14,0.015038648000086141,0.010688899000001584,0.010344908999968538,0.03607311000007485,6.489902683526269,6.436580780973028,0,0,0,0,7,0,0,1.0,1.0,1.0,0.9330553422827632,7,0,0,1.0,1.0,1.0,0.9330553422827632,0,0,0,0.0,0.0,0.0,0,0,0,0.0,0.0,0.0,0,0
COCO,199977,1,1,0,0,1,0,2,0,2,1,0,0,2,0.013734453999973084,0.0066209269999717435,0.005678306000049815,0.026034294000055525,0.5919734636942546,0.5794958508014679,0,0,0,0,1,0,0,1.0,1.0,1.0,0.906019268830601,1,0,0,1.0,1.0,1.0,0.906019268830601,0,0,0,0.0,0.0,0.0,0,0,0,0.0,0.0,0.0,0,0
COCO,442480,4,4,0,0,2,4,4,4,8,5,0,0,4,0.014794659000017418,0.0078304000001026,0.006567799999970703,0.029193529999929524,1.1449789555867513,0.971949441432953,0,0,0,0,2,0,2,1.0,0.5,0.6666666666666666,0.7615744520837746,2,0,2,1.0,0.5,0.6666666666666666,0.7615744520837746,0,0,0,0.0,0.0,0.0,0,0,0,0.0,0.0,0.0,0,0
COCO,384350,2,2,0,0,3,12,6,12,18,10,0,0,6,0.01567755799999304,0.007484996000016508,0.0067481730000054085,0.02991145700002562,2.376871116161347,2.2078304515779026,0,0,0,0,2,1,0,0.6666666666666666,1.0,0.8,0.7029141418425526,2,1,0,0.6666666666666666,1.0,0.8,0.7029141418425526,0,0,0,0.0,0.0,0.0,0,0,0,0.0,0.0,0.0,0,0
COCO,383621,1,1,0,0,1,0,2,0,2,1,0,0,2,0.013439436999988175,0.006259936999981619,0.005189323999957196,0.024889200999950845,0.6118761936823527,0.6076084569096566,0,0,0,0,1,0,0,1.0,1.0,1.0,0.959737782603842,1,0,0,1.0,1.0,1.0,0.959737782603842,0,0,0,0.0,0.0,0.0,0,0,0,0.0,0.0,0.0,0,0
COCO,189828,1,1,0,0,1,0,2,0,2,1,0,0,2,0.016373739999949066,0.0063626029999568345,0.005357202000027428,0.02809424500003388,0.56853875319163,0.5463943222165109,0,0,0,0,1,0,0,1.0,1.0,1.0,0.954096068324599,1,0,0,1.0,1.0,1.0,0.954096068324599,0,0,0,0.0,0.0,0.0,0,0,0,0.0,0.0,0.0,0,0
COCO,412894,20,20,0,0,14,339,28,339,367,197,0,0,28,0.01545371100007742,0.02267621800001507,0.021171679000076438,0.05930217200000243,11.830044812109088,11.23947789946796,0,0,0,0,10,4,10,0.7142857142857143,0.5,0.588235294117647,0.8451901754369707,10,4,10,0.7142857142857143,0.5,0.588235294117647,0.8451901754369707,0,0,0,0.0,0.0,0.0,0,0,0,0.0,0.0,0.0,0,0
COCO,537153,3,3,0,0,1,0,2,0,2,1,0,0,2,0.0132142439999825,0.006236999000066135,0.005999332999977014,0.025451294999925267,0.48606926600138345,0.42990617156028754,0,0,0,0,1,0,2,1.0,0.3333333333333333,0.5,0.6674573483461398,1,0,2,1.0,0.3333333333333333,0.5,0.6674573483461398,0,0,0,0.0,0.0,0.0,0,0,0,0.0,0.0,0.0,0,0
COCO,361103,27,27,0,0,18,577,36,577,613,325,0,0,36,0.01697504799994931,0.032113108999965334,0.03094448399997418,0.08003330899998673,14.893393815139904,13.999676527212038,0,0,0,0,14,4,13,0.7777777777777778,0.5185185185185185,0.6222222222222222,0.8013939814934831,14,4,13,0.7777777777777778,0.5185185185185185,0.6222222222222222,0.8013939814934831,0,0,0,0.0,0.0,0.0,0,0,0,0.0,0.0,0.0,0,0
COCO,392722,15,15,0,0,11,199,22,199,221,122,0,0,22,0.01526734399999441,0.016445956999973532,0.015609100000006038,0.04732301499996083,9.36400282700857,8.951320659816268,0,0,0,0,10,1,5,0.9090909090909091,0.6666666666666666,0.7692307692307692,0.870452043526609,10,1,5,0.9090909090909091,0.6666666666666666,0.7692307692307692,0.870452043526609,0,0,0,0.0,0.0,0.0,0,0,0,0.0,0.0,0.0,0,0
COCO,338560,12,12,0,0,7,76,14,76,90,50,0,0,14,0.015600794999954815,0.010915160000081414,0.00993650800000978,0.03645304999997734,5.989969313434653,5.720579663556707,0,0,0,0,6,1,6,0.8571428571428571,0.5,0.631578947368421,0.8967999603750051,6,1,6,0.8571428571428571,0.5,0.631578947368421,0.8967999603750051,0,0,0,0.0,0.0,0.0,0,0,0,0.0,0.0,0.0,0,0
COCO,264535,5,5,0,0,3,12,6,12,18,10,0,0,6,0.018356752000045162,0.00713727499999095,0.006806520000054661,0.03230128400002741,2.783860502243043,2.7662029594182975,0,0,0,0,3,0,2,1.0,0.6,0.7499999999999999,0.8456928256938929,3,0,2,1.0,0.6,0.7499999999999999,0.8456928256938929,0,0,0,0.0,0.0,0.0,0,0,0,0.0,0.0,0.0,0,0
COCO,295231,7,7,0,0,8,106,16,106,122,65,0,0,16,0.014898947999995471,0.012856500999987475,0.011595926999916628,0.039352026999949885,6.429612266146581,5.949325513217292,0,0,0,0,7,1,0,0.875,1.0,0.9333333333333333,0.8057929456487629,7,1,0,0.875,1.0,0.9333333333333333,0.8057929456487629,0,0,0,0.0,0.0,0.0,0,0,0,0.0,0.0,0.0,0,0
COCO,154947,1,1,0,0,1,0,2,0,2,1,0,0,2,0.01563721100001203,0.00680539300003602,0.0059360599999536134,0.0283792899999753,0.6338650385538738,0.63866770029068,0,0,0,0,1,0,0,1.0,1.0,1.0,0.9573888654076245,1,0,0,1.0,1.0,1.0,0.9573888654076245,0,0,0,0.0,0.0,0.0,0,0,0,0.0,0.0,0.0,0,0
COCO,212559,10,10,0,0,8,107,16,107,123,65,0,0,16,0.017435352999996212,0.013270028999954775,0.011023725999962153,0.04172969799992643,7.31109883102946,7.186391749810898,0,0,0,0,8,0,2,1.0,0.8,0.888888888888889,0.9219433329514695,8,0,2,1.0,0.8,0.888888888888889,0.9219433329514695,0,0,0,0.0,0.0,0.0,0,0,0,0.0,0.0,0.0,0,0
COCO,458755,6,6,0,0,4,19,8,19,27,17,0,0,8,0.017390708999982962,0.0085928049999211,0.0080808509999315,0.03406513499999164,3.2947586862246205,3.0991799776256093,0,0,0,0,3,1,3,0.75,0.5,0.6,0.7228997762852023,3,1,3,0.75,0.5,0.6,0.7228997762852023,0,0,0,0.0,0.0,0.0,0,0,0,0.0,0.0,0.0,0,0
COCO,104782,1,1,0,0,1,0,2,0,2,1,0,0,2,0.012892554000018208,0.006392989999994825,0.005372424000029241,0.02465855700006614,0.5914383808771769,0.5787400463223458,0,0,0,0,1,0,0,1.0,1.0,1.0,0.9155935193633817,1,0,0,1.0,1.0,1.0,0.9155935193633817,0,0,0,0.0,0.0,0.0,0,0,0,0.0,0.0,0.0,0,0
COCO,315257,1,1,0,0,2,2,4,2,6,5,0,0,4,0.019549223000012717,0.006773161999944932,0.005446185000096193,0.03176909700005126,1.381516316731771,1.306058464050293,0,0,0,0,1,1,0,0.5,1.0,0.6666666666666666,0.8913505017895305,1,1,0,0.5,1.0,0.6666666666666666,0.8913505017895305,0,0,0,0.0,0.0,0.0,0,0,0,0.0,0.0,0.0,0,0
COCO,130599,1,1,0,0,3,10,6,10,16,10,0,0,6,0.015260883999985708,0.0069742980000455645,0.005939496999985749,0.028175371999964227,2.4428619217872622,2.301042464524508,0,0,0,0,1,2,0,0.3333333333333333,1.0,0.5,0.9767217599743299,1,2,0,0.3333333333333333,1.0,0.5,0.9767217599743299,0,0,0,0.0,0.0,0.0,0,0,0,0.0,0.0,0.0,0,0
COCO,227187,11,11,0,0,4,25,8,25,33,17,0,0,8,0.015756727999928444,0.008327291000000514,0.007328809000000547,0.03141357899994546,3.1628965584437063,2.912924722135068,0,0,0,0,2,2,9,0.5,0.18181818181818182,0.26666666666666666,0.8859978381347082,2,2,9,0.5,0.18181818181818182,0.26666666666666666,0.8859978381347082,0,0,0,0.0,0.0,0.0,0,0,0,0.0,0.0,0.0,0,0
COCO,151662,2,2,0,0,2,4,4,4,8,5,0,0,4,0.013721241000098416,0.007013821999976244,0.006127682000055756,0.026863300000059098,1.3257102761550579,1.2222070676469636,0,0,0,0,1,1,1,0.5,0.5,0.5,0.8553972986216068,1,1,1,0.5,0.5,0.5,0.8553972986216068,0,0,0,0.0,0.0,0.0,0,0,0,0.0,0.0,0.0,0,0
COCO,461275,0,0,0,0,0,0,0,0,0,0,0,0,1,0.013299576000008528,0.004777967999984867,0.004238601999986713,0.02231664600003569,,,0,0,0,0,0,0,0,0.0,0.0,0.0,0.0,0,0,0,0.0,0.0,0.0,0.0,0,0,0,0.0,0.0,0.0,0,0,0,0.0,0.0,0.0,0,0
COCO,523811,1,1,0,0,2,4,4,4,8,5,0,0,4,0.01355014500006746,0.006389425000065785,0.005918178999991142,0.025858336000055715,1.4433604033788048,1.3934132364392284,0,0,0,0,1,1,0,0.5,1.0,0.6666666666666666,0.9388730819667033,1,1,0,0.5,1.0,0.6666666666666666,0.9388730819667033,0,0,0,0.0,0.0,0.0,0,0,0,0.0,0.0,0.0,0,0
COCO,456559,2,2,0,0,1,0,2,0,2,1,0,0,2,0.011885103999929925,0.006143522000002122,0.005853597999930571,0.023882791000005454,0.620830504099528,0.6202564203739167,0,0,0,0,1,0,1,1.0,0.5,0.6666666666666666,0.9928997269596213,1,0,1,1.0,0.5,0.6666666666666666,0.9928997269596213,0,0,0,0.0,0.0,0.0,0,0,0,0.0,0.0,0.0,0,0
COCO,101068,2,2,0,0,4,26,8,26,34,17,0,0,8,0.01466788900006577,0.0081751660000009,0.007177341999977216,0.03002097200010212,3.2073234764734915,2.9756777438521396,0,0,0,0,2,2,0,0.5,1.0,0.6666666666666666,0.9739245447219691,2,2,0,0.5,1.0,0.6666666666666666,0.9739245447219691,0,0,0,0.0,0.0,0.0,0,0,0,0.0,0.0,0.0,0,0
COCO,140640,11,11,0,0,6,54,12,54,66,37,0,0,12,0.014094687000010708,0.009560315000044284,0.008928761999982271,0.032584395999947446,5.291047430461592,5.125654641365952,0,0,0,0,6,0,5,1.0,0.5454545454545454,0.7058823529411764,0.8211760837061045,6,0,5,1.0,0.5454545454545454,0.7058823529411764,0.8211760837061045,0,0,0,0.0,0.0,0.0,0,0,0,0.0,0.0,0.0,0,0
COCO,516708,1,1,0,0,1,0,2,0,2,1,0,0,2,0.014633560999982365,0.006579441999974733,0.005802562999974725,0.027016157999923962,0.5697134653727214,0.5480536031723022,0,0,0,0,1,0,0,1.0,1.0,1.0,0.9373437313083126,1,0,0,1.0,1.0,1.0,0.9373437313083126,0,0,0,0.0,0.0,0.0,0,0,0,0.0,0.0,0.0,0,0
COCO,544605,1,1,0,0,0,0,0,0,0,0,0,0,1,0.011919411999997465,0.00526694299992414,0.004333244000008563,0.021520013999975163,,,0,0,0,0,0,0,1,0.0,0.0,0.0,0.0,0,0,1,0.0,0.0,0.0,0.0,0,0,0,0.0,0.0,0.0,0,0,0,0.0,0.0,0.0,0,0
COCO,385190,5,5,0,0,4,24,8,24,32,17,0,0,8,0.012721453000040128,0.008364363000055164,0.007113991999972313,0.02820049399997515,3.1116028277079275,2.8404723274707804,0,0,0,0,2,2,3,0.5,0.4,0.4444444444444445,0.6815374104688454,2,2,3,0.5,0.4,0.4444444444444445,0.6815374104688454,0,0,0,0.0,0.0,0.0,0,0,0,0.0,0.0,0.0,0,0
COCO,338986,4,4,0,0,3,10,6,10,16,10,0,0,6,0.014668130999893947,0.00724974199999906,0.006398445000058928,0.028316863999975794,2.3430193257331853,2.160014797598124,0,0,0,0,3,0,1,1.0,0.75,0.8571428571428571,0.8661425386053104,3,0,1,1.0,0.75,0.8571428571428571,0.8661425386053104,0,0,0,0.0,0.0,0.0,0,0,0,0.0,0.0,0.0,0,0
COCO,53994,4,4,0,0,2,4,4,4,8,5,0,0,4,0.014928435000001627,0.0070055010000942275,0.006292499999972279,0.028227136000168684,1.4142155798276268,1.3522461731731896,0,0,0,0,2,0,2,1.0,0.5,0.6666666666666666,0.6886766597182591,2,0,2,1.0,0.5,0.6666666666666666,0.6886766597182591,0,0,0,0.0,0.0,0.0,0,0,0,0.0,0.0,0.0,0,0
COCO,61171,7,7,0,0,4,20,8,20,28,17,0,0,8,0.01490587700004653,0.007825276999938069,0.007310936000067159,0.03004268399990906,3.1100407568613697,2.838265902400018,0,0,0,0,2,2,5,0.5,0.2857142857142857,0.36363636363636365,0.9133102383944613,2,2,5,0.5,0.2857142857142857,0.36363636363636365,0.9133102383944613,0,0,0,0.0,0.0,0.0,0,0,0,0.0,0.0,0.0,0,0
COCO,314034,26,26,0,0,16,415,32,415,447,257,0,0,32,0.017297474000088187,0.027065184000093723,0.025562810999872454,0.06992622799998571,13.069696878574291,12.205895325076579,0,0,0,0,14,2,12,0.875,0.5384615384615384,0.6666666666666667,0.8451227153287657,14,2,12,0.875,0.5384615384615384,0.6666666666666667,0.8451227153287657,0,0,0,0.0,0.0,0.0,0,0,0,0.0,0.0,0.0,0,0
COCO,291490,2,2,0,0,2,4,4,4,8,5,0,0,4,0.014955250999946657,0.007214012000076764,0.006404817999964507,0.028574786999797652,1.3668089040120441,1.301784243583679,0,0,0,0,2,0,0,1.0,1.0,1.0,0.9520920739969121,2,0,0,1.0,1.0,1.0,0.9520920739969121,0,0,0,0.0,0.0,0.0,0,0,0,0.0,0.0,0.0,0,0
COCO,152740,15,15,0,0,18,587,36,587,623,325,0,0,36,0.06347968900013257,0.03425087999994503,0.03419511200013403,0.13192638200007423,14.829388851034258,13.917316594379756,0,0,0,0,13,5,2,0.7222222222222222,0.8666666666666667,0.7878787878787877,0.8934041850437908,13,5,2,0.7222222222222222,0.8666666666666667,0.7878787878787877,0.8934041850437908,0,0,0,0.0,0.0,0.0,0,0,0,0.0,0.0,0.0,0,0
COCO,24919,2,2,0,0,3,10,6,10,16,10,0,0,6,0.01534499399986089,0.007532228999934887,0.007334936000006564,0.03021291499999279,2.4726280999183654,2.3430871911346913,0,0,0,0,2,1,0,0.6666666666666666,1.0,0.8,0.817789973409625,2,1,0,0.6666666666666666,1.0,0.8,0.817789973409625,0,0,0,0.0,0.0,0.0,0,0,0,0.0,0.0,0.0,0,0
COCO,79837,8,8,0,0,6,50,12,50,62,37,0,0,12,0.014531763000150022,0.009669022000025507,0.009130600999924354,0.03333202700014226,4.447584612369539,3.9502132649719734,0,0,0,0,3,3,5,0.5,0.375,0.42857142857142855,0.7948764565169627,3,3,5,0.5,0.375,0.42857142857142855,0.7948764565169627,0,0,0,0.0,0.0,0.0,0,0,0,0.0,0.0,0.0,0,0
COCO,21903,3,3,0,0,3,10,6,10,16,10,0,0,6,0.015832963000093514,0.008309799000016937,0.007582124999998996,0.03172555900005136,2.703339571952821,2.668967145383359,0,0,0,0,3,0,0,1.0,1.0,1.0,0.9374358062118082,3,0,0,1.0,1.0,1.0,0.9374358062118082,0,0,0,0.0,0.0,0.0,0,0,0,0.0,0.0,0.0,0,0
COCO,564133,8,8,0,0,7,48,14,48,62,50,0,0,14,0.016285154000115654,0.010603301000173815,0.009576152000136062,0.03646530900005018,5.367093565730017,4.947647563087705,0,0,0,0,6,1,2,0.8571428571428571,0.75,0.7999999999999999,0.7694253703289595,6,1,2,0.8571428571428571,0.75,0.7999999999999999,0.7694253703289595,0,0,0,0.0,0.0,0.0,0,0,0,0.0,0.0,0.0,0,0
COCO,337055,2,2,0,0,2,4,4,4,8,5,0,0,4,0.013712818999920273,0.006813334000071336,0.0060564770001292345,0.026583638999909454,1.3899355443318688,1.317950623035431,0,0,0,0,2,0,0,1.0,1.0,1.0,0.961586854787534,2,0,0,1.0,1.0,1.0,0.961586854787534,0,0,0,0.0,0.0,0.0,0,0,0,0.0,0.0,0.0,0,0
COCO,110638,3,3,0,0,3,10,6,10,16,10,0,0,6,0.014283330000125716,0.007093402999998943,0.006295183000020188,0.02767256700008147,2.616460437774659,2.5462503683567053,0,0,0,0,3,0,0,1.0,1.0,1.0,0.918255705597665,3,0,0,1.0,1.0,1.0,0.918255705597665,0,0,0,0.0,0.0,0.0,0,0,0,0.0,0.0,0.0,0,0
COCO,34139,4,4,0,0,5,30,10,30,40,26,0,0,10,0.014112809999915044,0.008456262999970932,0.007969318000050407,0.03053897299992059,4.207070823510489,3.999154204875232,0,0,0,0,4,1,0,0.8,1.0,0.888888888888889,0.7450511570250864,4,1,0,0.8,1.0,0.888888888888889,0.7450511570250864,0,0,0,0.0,0.0,0.0,0,0,0,0.0,0.0,0.0,0,0
COCO,80340,20,20,0,0,13,279,26,279,305,170,0,0,26,0.016277597999987847,0.020652917999996134,0.019253734000130862,0.05618499399997745,11.09354555765788,10.513841433525087,0,0,0,0,10,3,10,0.7692307692307693,0.5,0.6060606060606061,0.8379906451862676,10,3,10,0.7692307692307693,0.5,0.6060606060606061,0.8379906451862676,0,0,0,0.0,0.0,0.0,0,0,0,0.0,0.0,0.0,0,0
COCO,83113,2,2,0,0,3,6,6,6,12,10,0,0,6,0.015566965000061828,0.006760683000038625,0.0060334900001635106,0.028361655000026076,2.2657118821144104,2.083818033486604,0,0,0,0,2,1,0,0.6666666666666666,1.0,0.8,0.9467498027636616,2,1,0,0.6666666666666666,1.0,0.8,0.9467498027636616,0,0,0,0.0,0.0,0.0,0,0,0,0.0,0.0,0.0,0,0
COCO,173033,2,2,0,0,2,3,4,3,7,5,0,0,4,0.01476222700011931,0.00692344599997341,0.006105278999939401,0.027791573000058634,1.3625273497899375,1.2792365482449535,0,0,0,0,1,1,1,0.5,0.5,0.5,0.8176949299712849,1,1,1,0.5,0.5,0.5,0.8176949299712849,0,0,0,0.0,0.0,0.0,0,0,0,0.0,0.0,0.0,0,0
COCO,255664,2,2,0,0,2,4,4,4,8,5,0,0,4,0.014491024999870206,0.006509035000135555,0.0058389870000610244,0.026839743999971688,1.6306509049733484,1.6579610699415208,0,0,0,0,2,0,0,1.0,1.0,1.0,0.9557815193194596,2,0,0,1.0,1.0,1.0,0.9557815193194596,0,0,0,0.0,0.0,0.0,0,0,0,0.0,0.0,0.0,0,0
COCO,72813,3,3,0,0,3,13,6,13,19,10,0,0,6,0.013914190999912535,0.007336563999842838,0.006308863999947789,0.02756028199996763,2.653773531913758,2.582455113828183,0,0,0,0,3,0,0,1.0,1.0,1.0,0.9378210184867952,3,0,0,1.0,1.0,1.0,0.9378210184867952,0,0,0,0.0,0.0,0.0,0,0,0,0.0,0.0,0.0,0,0
COCO,545129,3,3,0,0,3,8,6,8,14,10,0,0,6,0.013689070000054926,0.007235399999899528,0.006775809999908233,0.02770113500014304,2.8120187234878546,2.8224764469265944,0,0,0,0,3,0,0,1.0,1.0,1.0,0.946982214873196,3,0,0,1.0,1.0,1.0,0.946982214873196,0,0,0,0.0,0.0,0.0,0,0,0,0.0,0.0,0.0,0,0
COCO,546011,3,3,0,0,3,8,6,8,14,10,0,0,6,0.013763839999910488,0.006803249000085998,0.006245519999993121,0.026813222000100723,2.773530540776517,2.8008017316582463,0,0,0,0,3,0,0,1.0,1.0,1.0,0.9213547433582822,3,0,0,1.0,1.0,1.0,0.9213547433582822,0,0,0,0.0,0.0,0.0,0,0,0,0.0,0.0,0.0,0,0
COCO,121031,8,8,0,0,6,50,12,50,62,37,0,0,12,0.015540036999937001,0.009507471000006262,0.008914344000004348,0.033962469000016426,5.12528053045273,4.907458749264481,0,0,0,0,6,0,2,1.0,0.75,0.8571428571428571,0.8643620771062207,6,0,2,1.0,0.75,0.8571428571428571,0.8643620771062207,0,0,0,0.0,0.0,0.0,0,0,0,0.0,0.0,0.0,0,0
COCO,172547,7,7,0,0,3,8,6,8,14,10,0,0,6,0.015372754000054556,0.00745754600006876,0.006179801999905976,0.02901088999988133,2.2108576118023175,2.0048182659418363,0,0,0,0,3,0,4,1.0,0.42857142857142855,0.6,0.7913030108529644,3,0,4,1.0,0.42857142857142855,0.6,0.7913030108529644,0,0,0,0.0,0.0,0.0,0,0,0,0.0,0.0,0.0,0,0
COCO,369081,3,3,0,0,3,6,6,6,12,10,0,0,6,0.01398665500005336,0.007239442999889434,0.006537453999953868,0.027764084999944316,2.741981401443482,2.7565487295389186,0,0,0,0,3,0,0,1.0,1.0,1.0,0.9459870538102654,3,0,0,1.0,1.0,1.0,0.9459870538102654,0,0,0,0.0,0.0,0.0,0,0,0,0.0,0.0,0.0,0,0
COCO,509131,9,9,0,0,8,110,16,110,126,65,0,0,16,0.013236725999831833,0.012198017000173422,0.011284834999969462,0.03672022799992192,5.9985495830552,5.330608347403628,0,0,0,0,3,5,6,0.375,0.3333333333333333,0.35294117647058826,0.8278254382474042,3,5,6,0.375,0.3333333333333333,0.35294117647058826,0.8278254382474042,0,0,0,0.0,0.0,0.0,0,0,0,0.0,0.0,0.0,0,0
COCO,578922,7,7,0,0,5,36,10,36,46,26,0,0,10,0.016369550999797866,0.009134974000062357,0.008668676000070263,0.03417385599982481,4.059174311955771,3.757250382304193,0,0,0,0,3,2,4,0.6,0.42857142857142855,0.5,0.8348349418003936,3,2,4,0.6,0.42857142857142855,0.5,0.8348349418003936,0,0,0,0.0,0.0,0.0,0,0,0,0.0,0.0,0.0,0,0
COCO,464089,14,14,0,0,11,207,22,207,229,122,0,0,22,0.01674134299992147,0.01687201400000049,0.016013946999919426,0.04962804799993137,9.394638279518427,8.993903214425783,0,0,0,0,7,4,7,0.6363636363636364,0.5,0.56,0.8442054314059344,7,4,7,0.6363636363636364,0.5,0.56,0.8442054314059344,0,0,0,0.0,0.0,0.0,0,0,0,0.0,0.0,0.0,0,0
COCO,453708,14,14,0,0,11,200,22,200,222,122,0,0,22,0.015271609000137687,0.016501640000115003,0.01595082799985903,0.04772468700002719,9.115890593694116,8.578145131137438,0,0,0,0,9,2,5,0.8181818181818182,0.6428571428571429,0.7200000000000001,0.9049084072869792,9,2,5,0.8181818181818182,0.6428571428571429,0.7200000000000001,0.9049084072869792,0,0,0,0.0,0.0,0.0,0,0,0,0.0,0.0,0.0,0,0
COCO,177714,11,11,0,0,6,62,12,62,74,37,0,0,12,0.014133534999928088,0.011041618000035669,0.009586995000063325,0.034762794000016584,4.475996549129487,3.990345125645401,0,0,0,0,5,1,6,0.8333333333333334,0.45454545454545453,0.5882352941176471,0.8431720114000063,5,1,6,0.8333333333333334,0.45454545454545453,0.5882352941176471,0.8431720114000063,0,0,0,0.0,0.0,0.0,0,0,0,0.0,0.0,0.0,0,0
COCO,459887,3,3,0,0,2,4,4,4,8,5,0,0,4,0.015221983999936128,0.006992309999986901,0.006262616999947568,0.028477611999960573,1.3839559314058143,1.2941994200553415,0,0,0,0,1,1,2,0.5,0.3333333333333333,0.4,0.7531811884082626,1,1,2,0.5,0.3333333333333333,0.4,0.7531811884082626,0,0,0,0.0,0.0,0.0,0,0,0,0.0,0.0,0.0,0,0
COCO,155179,2,2,0,0,1,0,2,0,2,1,0,0,2,0.013655512000013914,0.006188054999938686,0.00525629999992816,0.025100457000007736,0.6076735178629558,0.6016721773147583,0,0,0,0,1,0,1,1.0,0.5,0.6666666666666666,0.9830019692150641,1,0,1,1.0,0.5,0.6666666666666666,0.9830019692150641,0,0,0,0.0,0.0,0.0,0,0,0,0.0,0.0,0.0,0,0
COCO,261116,11,11,0,0,5,37,10,37,47,26,0,0,10,0.012946042999828933,0.008381790999919758,0.007666610999876866,0.028995033999990483,4.121961081822714,3.86656169474125,0,0,0,0,4,1,7,0.8,0.36363636363636365,0.5000000000000001,0.9363489440426733,4,1,7,0.8,0.36363636363636365,0.5000000000000001,0.9363489440426733,0,0,0,0.0,0.0,0.0,0,0,0,0.0,0.0,0.0,0,0
COCO,396274,1,1,0,0,0,0,0,0,0,0,0,0,1,0.013573830000041198,0.004893891999927291,0.004581618999964121,0.023049933000038436,,,0,0,0,0,0,0,1,0.0,0.0,0.0,0.0,0,0,1,0.0,0.0,0.0,0.0,0,0,0,0.0,0.0,0.0,0,0,0,0.0,0.0,0.0,0,0
COCO,29640,14,14,0,0,15,411,30,411,441,226,0,0,30,0.016379702000222096,0.025081290000116496,0.023911716999919008,0.06537347500011492,11.498164306005538,10.390083022734226,0,0,0,0,5,10,9,0.3333333333333333,0.35714285714285715,0.3448275862068965,0.8215166190605508,5,10,9,0.3333333333333333,0.35714285714285715,0.3448275862068965,0.8215166190605508,0,0,0,0.0,0.0,0.0,0,0,0,0.0,0.0,0.0,0,0
COCO,141328,16,16,0,0,7,79,14,79,93,50,0,0,14,0.016863721000163423,0.012510649999967427,0.010084934999895268,0.039459938000163675,5.49350486914317,5.02653396099806,0,0,0,0,6,1,10,0.8571428571428571,0.375,0.5217391304347825,0.7677965976554569,6,1,10,0.8571428571428571,0.375,0.5217391304347825,0.7677965976554569,0,0,0,0.0,0.0,0.0,0,0,0,0.0,0.0,0.0,0,0
COCO,308430,18,18,0,0,12,279,24,279,303,145,0,0,24,0.016199306000089564,0.018948319999935848,0.018056544000046415,0.05320486000005076,8.837160936042594,7.812954480990695,0,0,0,0,3,9,15,0.25,0.16666666666666666,0.2,0.7887787937480116,3,9,15,0.25,0.16666666666666666,0.2,0.7887787937480116,0,0,0,0.0,0.0,0.0,0,0,0,0.0,0.0,0.0,0,0
COCO,43314,5,5,0,0,5,41,10,41,51,26,0,0,10,0.015002461999984007,0.008402902000170798,0.007871403999843096,0.03127739299998211,3.8191679301031782,3.4416634273696296,0,0,0,0,2,3,3,0.4,0.4,0.4000000000000001,0.6539924375406793,2,3,3,0.4,0.4,0.4000000000000001,0.6539924375406793,0,0,0,0.0,0.0,0.0,0,0,0,0.0,0.0,0.0,0,0
COCO,273715,5,5,0,0,7,84,14,84,98,50,0,0,14,0.01508173699994586,0.01030318600010105,0.00973985900009211,0.0351253229998747,5.948347015909567,5.657733522188877,0,0,0,0,4,3,1,0.5714285714285714,0.8,0.6666666666666666,0.8971839872764442,4,3,1,0.5714285714285714,0.8,0.6666666666666666,0.8971839872764442,0,0,0,0.0,0.0,0.0,0,0,0,0.0,0.0,0.0,0,0
COCO,456303,6,6,0,0,2,3,4,3,7,5,0,0,4,0.01461798200011799,0.006596876000003249,0.005873197000028085,0.027088714000001346,1.2773582728703818,1.1589352270960809,0,0,0,0,2,0,4,1.0,0.3333333333333333,0.5,0.7619587032859825,2,0,4,1.0,0.3333333333333333,0.5,0.7619587032859825,0,0,0,0.0,0.0,0.0,0,0,0,0.0,0.0,0.0,0,0
COCO,406611,25,25,0,0,15,409,30,409,439,226,0,0,30,0.01635195099993325,0.02425253999990673,0.024347270999896864,0.06495259100006479,11.391826596336841,10.21460038982558,0,0,0,0,5,10,20,0.3333333333333333,0.2,0.25,0.7943711777723046,5,10,20,0.3333333333333333,0.2,0.25,0.7943711777723046,0,0,0,0.0,0.0,0.0,0,0,0,0.0,0.0,0.0,0,0
COCO,475064,4,4,0,0,5,36,10,36,46,26,0,0,10,0.014785713000037504,0.009678394000047774,0.00854346500000247,0.03300826500003495,4.084845579465232,3.793511047661306,0,0,0,0,3,2,1,0.6,0.75,0.6666666666666665,0.7820017217719577,3,2,1,0.6,0.75,0.6666666666666665,0.7820017217719577,0,0,0,0.0,0.0,0.0,0,0,0,0.0,0.0,0.0,0,0
COCO,466567,1,1,0,0,2,4,4,4,8,5,0,0,4,0.014212882999800058,0.006104756000013367,0.00607286300009946,0.026391166999928828,1.480821665128072,1.4133272686600684,0,0,0,0,0,2,1,0.0,0.0,0.0,0.9437410664196373,0,2,1,0.0,0.0,0.0,0.9437410664196373,0,0,0,0.0,0.0,0.0,0,0,0,0.0,0.0,0.0,0,0
COCO,137246,17,17,0,0,9,141,18,141,159,82,0,0,18,0.01425311100001636,0.013795187000141595,0.012406549000161249,0.04045558899997559,7.599412100987382,7.128613789157814,0,0,0,0,4,5,13,0.4444444444444444,0.23529411764705882,0.30769230769230765,0.8518099227486928,4,5,13,0.4444444444444444,0.23529411764705882,0.30769230769230765,0.8518099227486928,0,0,0,0.0,0.0,0.0,0,0,0,0.0,0.0,0.0,0,0
COCO,15079,3,3,0,0,5,36,10,36,46,26,0,0,10,0.01337963699984357,0.00858149400005459,0.008011707000150636,0.029973465000011856,3.9852503784497593,3.6528328262269514,0,0,0,0,2,3,1,0.4,0.6666666666666666,0.5,0.8469678215182074,2,3,1,0.4,0.6666666666666666,0.5,0.8469678215182074,0,0,0,0.0,0.0,0.0,0,0,0,0.0,0.0,0.0,0,0
COCO,296284,10,10,0,0,1,0,2,0,2,1,0,0,2,0.013424756999938836,0.007133333999945535,0.006242546000066795,0.026801309999882506,0.3820167104403178,0.28293193683028217,0,0,0,0,0,1,10,0.0,0.0,0.0,0.0,0,1,10,0.0,0.0,0.0,0.0,0,0,0,0.0,0.0,0.0,0,0,0,0.0,0.0,0.0,0,0
COCO,226147,21,21,0,0,10,175,20,175,195,101,0,0,20,0.014532424999970317,0.015872284999886688,0.013445375999936005,0.04385075899995172,8.17452140728633,7.647469821125272,0,0,0,0,6,4,15,0.6,0.2857142857142857,0.3870967741935483,0.8543508731813249,6,4,15,0.6,0.2857142857142857,0.3870967741935483,0.8543508731813249,0,0,0,0.0,0.0,0.0,0,0,0,0.0,0.0,0.0,0,0
COCO,226903,22,22,0,0,10,170,20,170,190,101,0,0,20,0.015378178999981174,0.014926300999832165,0.013914136000039434,0.04421928300007494,7.474788217100894,6.640628952735062,0,0,0,0,3,7,19,0.3,0.13636363636363635,0.18749999999999997,0.7092654892231033,3,7,19,0.3,0.13636363636363635,0.18749999999999997,0.7092654892231033,0,0,0,0.0,0.0,0.0,0,0,0,0.0,0.0,0.0,0,0
COCO,127517,11,11,0,0,11,144,22,144,166,122,0,0,22,0.0166272819999449,0.01474555100003272,0.014260794999927384,0.045634273999894504,9.641150313283807,9.323875382011936,0,0,0,0,9,2,2,0.8181818181818182,0.8181818181818182,0.8181818181818182,0.8896725990326215,9,2,2,0.8181818181818182,0.8181818181818182,0.8181818181818182,0.8896725990326215,0,0,0,0.0,0.0,0.0,0,0,0,0.0,0.0,0.0,0,0
COCO,162092,16,16,0,0,10,162,20,162,182,101,0,0,20,0.017714375999958065,0.014843138000060208,0.013207259999944654,0.045765385999857244,8.390789677302045,7.9405737525224716,0,0,0,0,9,1,7,0.9,0.5625,0.6923076923076923,0.8242647608165731,9,1,7,0.9,0.5625,0.6923076923076923,0.8242647608165731,0,0,0,0.0,0.0,0.0,0,0,0,0.0,0.0,0.0,0,0
COCO,131379,1,1,0,0,1,0,2,0,2,1,0,0,2,0.014660353999943254,0.006307114000037473,0.007003234999956476,0.02797136499998487,0.5487436930338542,0.5184337997436523,0,0,0,0,0,1,1,0.0,0.0,0.0,0.9784078925009425,0,1,1,0.0,0.0,0.0,0.9784078925009425,0,0,0,0.0,0.0,0.0,0,0,0,0.0,0.0,0.0,0,0
COCO,366611,2,2,0,0,3,6,6,6,12,10,0,0,6,0.014675175999855128,0.007120173999965118,0.005985841999972763,0.027781938999851263,2.3861777567863465,2.2539760814607144,0,0,0,0,2,1,0,0.6666666666666666,1.0,0.8,0.950684469994791,2,1,0,0.6666666666666666,1.0,0.8,0.950684469994791,0,0,0,0.0,0.0,0.0,0,0,0,0.0,0.0,0.0,0,0
COCO,263969,5,5,0,0,4,24,8,24,32,17,0,0,8,0.016927617999954236,0.008192452000002959,0.007305739999992511,0.03242673099998683,3.46745726744334,3.343116723597051,0,0,0,0,4,0,1,1.0,0.8,0.888888888888889,0.8511010915734772,4,0,1,1.0,0.8,0.888888888888889,0.8511010915734772,0,0,0,0.0,0.0,0.0,0,0,0,0.0,0.0,0.0,0,0
COCO,551439,3,3,0,0,1,0,2,0,2,1,0,0,2,0.013417304999848056,0.0062425749999874824,0.005701037000108045,0.02536145499993836,0.5625510613123577,0.5379367074370385,0,0,0,0,1,0,2,1.0,0.3333333333333333,0.5,0.9525406683108321,1,0,2,1.0,0.3333333333333333,0.5,0.9525406683108321,0,0,0,0.0,0.0,0.0,0,0,0,0.0,0.0,0.0,0,0
COCO,474167,9,9,0,0,7,82,14,82,96,50,0,0,14,0.013274063999915597,0.01058846499995525,0.009544244000153412,0.03340747099991859,6.020635795959162,5.737940666048057,0,0,0,0,5,2,4,0.7142857142857143,0.5555555555555556,0.6250000000000001,0.7855161787913876,5,2,4,0.7142857142857143,0.5555555555555556,0.6250000000000001,0.7855161787913876,0,0,0,0.0,0.0,0.0,0,0,0,0.0,0.0,0.0,0,0
COCO,159458,3,3,0,0,5,40,10,40,50,26,0,0,10,0.015332729999954609,0.008697342000004937,0.008064714000056483,0.032095485999889206,3.891315825780234,3.5531502705812468,0,0,0,0,2,3,1,0.4,0.6666666666666666,0.5,0.875507861241545,2,3,1,0.4,0.6666666666666666,0.5,0.875507861241545,0,0,0,0.0,0.0,0.0,0,0,0,0.0,0.0,0.0,0,0
COCO,554735,2,2,0,0,2,2,4,2,6,5,0,0,4,0.012468954000041776,0.006371707999960563,0.005522066999901654,0.02436339499990936,1.4365733750661211,1.400326558947563,0,0,0,0,2,0,0,1.0,1.0,1.0,0.9659736728320856,2,0,0,1.0,1.0,1.0,0.9659736728320856,0,0,0,0.0,0.0,0.0,0,0,0,0.0,0.0,0.0,0,0
COCO,99428,5,5,0,0,1,0,2,0,2,1,0,0,2,0.013933836999967752,0.006083580999984406,0.0054170880000583566,0.025435189999825525,0.37886478106180826,0.2784798365831375,0,0,0,0,0,1,5,0.0,0.0,0.0,0.9617021736321146,0,1,5,0.0,0.0,0.0,0.9617021736321146,0,0,0,0.0,0.0,0.0,0,0,0,0.0,0.0,0.0,0,0
COCO,386352,13,13,0,0,11,183,22,183,205,122,0,0,22,0.015547540999932608,0.015338246000055733,0.014041152999880069,0.044927695000069434,9.212367263635002,8.737135426551106,0,0,0,0,11,0,2,1.0,0.8461538461538461,0.9166666666666666,0.8148399763994639,11,0,2,1.0,0.8461538461538461,0.9166666666666666,0.8148399763994639,0,0,0,0.0,0.0,0.0,0,0,0,0.0,0.0,0.0,0,0
COCO,173004,15,15,0,0,12,252,24,252,276,145,0,0,24,0.01570296300019436,0.01782757500018306,0.017354565000005095,0.05088575700006004,10.378828129533316,9.960260676953578,0,0,0,0,12,0,3,1.0,0.8,0.888888888888889,0.8719620944026424,12,0,3,1.0,0.8,0.888888888888889,0.8719620944026424,0,0,0,0.0,0.0,0.0,0,0,0,0.0,0.0,0.0,0,0
COCO,311394,2,2,0,0,2,4,4,4,8,5,0,0,4,0.013803450999830602,0.007227870999940933,0.006431767000094624,0.027463738000051308,1.4115528949101765,1.364985130727291,0,0,0,0,2,0,0,1.0,1.0,1.0,0.8887054292746652,2,0,0,1.0,1.0,1.0,0.8887054292746652,0,0,0,0.0,0.0,0.0,0,0,0,0.0,0.0,0.0,0,0
COCO,578489,11,11,0,0,9,117,18,117,135,82,0,0,18,0.01697937899984936,0.012204655000005005,0.013386327000034726,0.04257111599986274,7.695079164505008,7.371299319863321,0,0,0,0,9,0,2,1.0,0.8181818181818182,0.9,0.8401052883585963,9,0,2,1.0,0.8181818181818182,0.9,0.8401052883585963,0,0,0,0.0,0.0,0.0,0,0,0,0.0,0.0,0.0,0,0
COCO,189310,1,1,0,0,5,32,10,32,42,26,0,0,10,0.01347858899998755,0.008777125000051456,0.008056519999854572,0.030312797000078717,4.065666061242423,3.7334199781715887,0,0,0,0,1,4,0,0.2,1.0,0.33333333333333337,0.9522381368177906,1,4,0,0.2,1.0,0.33333333333333337,0.9522381368177906,0,0,0,0.0,0.0,0.0,0,0,0,0.0,0.0,0.0,0,0
COCO,491366,10,10,0,0,7,71,14,71,85,50,0,0,14,0.013281752000011693,0.01226726099980624,0.010524281000016344,0.03607398999997713,5.50492915954525,5.040387699319271,0,0,0,0,3,4,7,0.42857142857142855,0.3,0.3529411764705882,0.9401394255789028,3,4,7,0.42857142857142855,0.3,0.3529411764705882,0.9401394255789028,0,0,0,0.0,0.0,0.0,0,0,0,0.0,0.0,0.0,0,0
COCO,448076,17,17,0,0,10,150,20,150,170,101,0,0,20,0.014556277999872691,0.0133383079999021,0.012317797999912727,0.04021298499992554,8.539945046106975,8.176005710959437,0,0,0,0,7,3,10,0.7,0.4117647058823529,0.5185185185185185,0.8616559004543343,7,3,10,0.7,0.4117647058823529,0.5185185185185185,0.8616559004543343,0,0,0,0.0,0.0,0.0,0,0,0,0.0,0.0,0.0,0,0
COCO,293804,6,6,0,0,4,28,8,28,36,17,0,0,8,0.013283486000091216,0.007821591000038097,0.0071015809999153134,0.028207220000012967,3.3905666807610446,3.225160292915369,0,0,0,0,3,1,3,0.75,0.5,0.6,0.8512038826351704,3,1,3,0.75,0.5,0.6,0.8512038826351704,0,0,0,0.0,0.0,0.0,0,0,0,0.0,0.0,0.0,0,0
COCO,312237,23,23,0,0,7,82,14,82,96,50,0,0,14,0.012447248999933436,0.010576614999990852,0.009940267000047243,0.03296482899986586,5.245245626885545,4.676663648256512,0,0,0,0,4,3,19,0.5714285714285714,0.17391304347826086,0.26666666666666666,0.8102681049403455,4,3,19,0.5714285714285714,0.17391304347826086,0.26666666666666666,0.8102681049403455,0,0,0,0.0,0.0,0.0,0,0,0,0.0,0.0,0.0,0,0
COCO,221291,2,2,0,0,2,4,4,4,8,5,0,0,4,0.013006774999894333,0.006454258000076152,0.00543176900009712,0.02489348499989319,1.5471529277165734,1.5400201770663267,0,0,0,0,2,0,0,1.0,1.0,1.0,0.9415164979239002,2,0,0,1.0,1.0,1.0,0.9415164979239002,0,0,0,0.0,0.0,0.0,0,0,0,0.0,0.0,0.0,0,0
COCO,141821,5,5,0,0,10,180,20,180,200,101,0,0,20,0.01564813499999218,0.015446895000195582,0.014732476000062888,0.04582810800002335,8.159074856319647,7.4725429983721385,0,0,0,0,4,6,1,0.4,0.8,0.5333333333333333,0.9440538381207947,4,6,1,0.4,0.8,0.5333333333333333,0.9440538381207947,0,0,0,0.0,0.0,0.0,0,0,0,0.0,0.0,0.0,0,0
COCO,410650,30,30,0,0,15,390,30,390,420,226,0,0,30,0.015422989000171583,0.02458722599999419,0.02327551600001243,0.06328647700001966,11.344305506559762,10.174339855673464,0,0,0,0,7,8,23,0.4666666666666667,0.23333333333333334,0.31111111111111117,0.8380368366024863,7,8,23,0.4666666666666667,0.23333333333333334,0.31111111111111117,0.8380368366024863,0,0,0,0.0,0.0,0.0,0,0,0,0.0,0.0,0.0,0,0
COCO,199310,2,2,0,0,2,4,4,4,8,5,0,0,4,0.01382142199986447,0.006073563999962062,0.005659722000018519,0.02555523999990328,1.5538481267293296,1.5494771456718448,0,0,0,0,2,0,0,1.0,1.0,1.0,0.8020857371917955,2,0,0,1.0,1.0,1.0,0.8020857371917955,0,0,0,0.0,0.0,0.0,0,0,0,0.0,0.0,0.0,0,0
COCO,323151,5,5,0,0,4,24,8,24,32,17,0,0,8,0.014503333999982715,0.008090231999858588,0.00709271899995656,0.029687106999972457,3.573608061472576,3.4930547201633466,0,0,0,0,4,0,1,1.0,0.8,0.888888888888889,0.9038192642883328,4,0,1,1.0,0.8,0.888888888888889,0.9038192642883328,0,0,0,0.0,0.0,0.0,0,0,0,0.0,0.0,0.0,0,0
COCO,89648,38,38,0,0,20,715,40,715,755,401,0,0,40,0.017212929999914195,0.03794874400000481,0.03710197300006257,0.0922644439999658,16.95855826362027,16.098465911388928,0,0,0,0,11,9,27,0.55,0.2894736842105263,0.37931034482758624,0.8365582489686976,11,9,27,0.55,0.2894736842105263,0.37931034482758624,0.8365582489686976,0,0,0,0.0,0.0,0.0,0,0,0,0.0,0.0,0.0,0,0
COCO,219283,5,5,0,0,1,0,2,0,2,1,0,0,2,0.014814491999914026,0.006470616999877166,0.005450724999946033,0.026736427000059848,0.5778266827265421,0.5595135226845742,0,0,0,0,1,0,4,1.0,0.2,0.33333333333333337,0.9362874977913946,1,0,4,1.0,0.2,0.33333333333333337,0.9362874977913946,0,0,0,0.0,0.0,0.0,0,0,0,0.0,0.0,0.0,0,0
COCO,471869,3,3,0,0,1,0,2,0,2,1,0,0,2,0.015550171000086266,0.005923641999970641,0.005141585000046689,0.02661592100002963,0.6188058296839396,0.6173965677618981,0,0,0,0,1,0,2,1.0,0.3333333333333333,0.5,0.9591372547815642,1,0,2,1.0,0.3333333333333333,0.5,0.9591372547815642,0,0,0,0.0,0.0,0.0,0,0,0,0.0,0.0,0.0,0,0
COCO,520264,18,18,0,0,11,195,22,195,217,122,0,0,22,0.0160349860000224,0.016333346999999776,0.01492106499995316,0.04729010799997013,8.835750249226892,8.205163893699648,0,0,0,0,7,4,11,0.6363636363636364,0.3888888888888889,0.4827586206896552,0.8092725182811518,7,4,11,0.6363636363636364,0.3888888888888889,0.4827586206896552,0.8092725182811518,0,0,0,0.0,0.0,0.0,0,0,0,0.0,0.0,0.0,0,0
COCO,111179,2,2,0,0,2,4,4,4,8,5,0,0,4,0.014062173999946026,0.006854851999833045,0.006027227000004132,0.02694492699993134,1.3732584389050806,1.2943942116200926,0,0,0,0,2,0,0,1.0,1.0,1.0,0.880647537167424,2,0,0,1.0,1.0,1.0,0.880647537167424,0,0,0,0.0,0.0,0.0,0,0,0,0.0,0.0,0.0,0,0
COCO,151000,13,13,0,0,6,57,12,57,69,37,0,0,12,0.014492654999912702,0.009922066999934032,0.009158401000149752,0.03357389500001773,5.035961239865577,4.772080425104654,0,0,0,0,4,2,9,0.6666666666666666,0.3076923076923077,0.42105263157894735,0.8179692093753292,4,2,9,0.6666666666666666,0.3076923076923077,0.42105263157894735,0.8179692093753292,0,0,0,0.0,0.0,0.0,0,0,0,0.0,0.0,0.0,0,0
COCO,100624,9,9,0,0,6,51,12,51,63,37,0,0,12,0.013480878000109442,0.0099313279999933,0.008835539000074277,0.03224848100012423,5.145978255271913,4.936694285571577,0,0,0,0,4,2,5,0.6666666666666666,0.4444444444444444,0.5333333333333333,0.7897308704780196,4,2,5,0.6666666666666666,0.4444444444444444,0.5333333333333333,0.7897308704780196,0,0,0,0.0,0.0,0.0,0,0,0,0.0,0.0,0.0,0,0
COCO,332570,2,2,0,0,3,11,6,11,17,10,0,0,6,0.013934805999952005,0.007691086000022551,0.006752564999942479,0.028379141999948843,2.6549591053832784,2.5403920414854304,0,0,0,0,2,1,0,0.6666666666666666,1.0,0.8,0.9405366263391322,2,1,0,0.6666666666666666,1.0,0.8,0.9405366263391322,0,0,0,0.0,0.0,0.0,0,0,0,0.0,0.0,0.0,0,0
COCO,57238,4,4,0,0,5,34,10,34,44,26,0,0,10,0.014083207000112452,0.009156771999869306,0.007996817000048395,0.031237523000072542,4.18976459334298,3.9662350519498593,0,0,0,0,3,2,1,0.6,0.75,0.6666666666666665,0.8569450863852365,3,2,1,0.6,0.75,0.6666666666666665,0.8569450863852365,0,0,0,0.0,0.0,0.0,0,0,0,0.0,0.0,0.0,0,0
COCO,502732,1,1,0,0,1,0,2,0,2,1,0,0,2,0.012729700999898341,0.006644203000178095,0.006562596999856396,0.02593701000000692,0.576458470026652,0.5575809222459793,0,0,0,0,1,0,0,1.0,1.0,1.0,0.8046445139912097,1,0,0,1.0,1.0,1.0,0.8046445139912097,0,0,0,0.0,0.0,0.0,0,0,0,0.0,0.0,0.0,0,0
COCO,135561,8,8,0,0,3,12,6,12,18,10,0,0,6,0.013271254000073895,0.006988589999991746,0.006474590999914653,0.026735116000054404,2.5509363269805916,2.4371975618600854,0,0,0,0,2,1,6,0.6666666666666666,0.25,0.36363636363636365,0.8556293469627709,2,1,6,0.6666666666666666,0.25,0.36363636363636365,0.8556293469627709,0,0,0,0.0,0.0,0.0,0,0,0,0.0,0.0,0.0,0,0
COCO,8277,13,13,0,0,5,37,10,37,47,26,0,0,10,0.01764040000011846,0.008355132999895432,0.0079844229999253,0.03398066900012964,3.6915473349889134,3.2379772773385063,0,0,0,0,2,3,11,0.4,0.15384615384615385,0.2222222222222222,0.8945459471516676,2,3,11,0.4,0.15384615384615385,0.2222222222222222,0.8945459471516676,0,0,0,0.0,0.0,0.0,0,0,0,0.0,0.0,0.0,0,0
COCO,173044,1,1,0,0,1,0,2,0,2,1,0,0,2,0.013122822000013912,0.00627181599998039,0.005613170999822614,0.02500835899991216,0.6063735882441204,0.5998360267281533,0,0,0,0,1,0,0,1.0,1.0,1.0,0.9627509487217645,1,0,0,1.0,1.0,1.0,0.9627509487217645,0,0,0,0.0,0.0,0.0,0,0,0,0.0,0.0,0.0,0,0
COCO,168458,1,1,0,0,4,24,8,24,32,17,0,0,8,0.013757352999846262,0.007619040999998106,0.006813176000150634,0.028190215999984503,3.3592671124140434,3.190298129618169,0,0,0,0,1,3,0,0.25,1.0,0.4,0.9299461285082627,1,3,0,0.25,1.0,0.4,0.9299461285082627,0,0,0,0.0,0.0,0.0,0,0,0,0.0,0.0,0.0,0,0
COCO,512194,1,1,0,0,3,12,6,12,18,10,0,0,6,0.014321480999797132,0.007231247999925472,0.006284981999897354,0.027838279999969018,2.554426975250245,2.4586281025409704,0,0,0,0,1,2,0,0.3333333333333333,1.0,0.5,0.9254353651847711,1,2,0,0.3333333333333333,1.0,0.5,0.9254353651847711,0,0,0,0.0,0.0,0.0,0,0,0,0.0,0.0,0.0,0,0
COCO,370042,14,14,0,0,11,183,22,183,205,122,0,0,22,0.015360046999830956,0.016197643999930733,0.014953122999941115,0.04651184299996203,8.545925064881647,7.783410820811991,0,0,0,0,9,2,5,0.8181818181818182,0.6428571428571429,0.7200000000000001,0.8856384425637391,9,2,5,0.8181818181818182,0.6428571428571429,0.7200000000000001,0.8856384425637391,0,0,0,0.0,0.0,0.0,0,0,0,0.0,0.0,0.0,0,0
COCO,189436,5,5,0,0,1,0,2,0,2,1,0,0,2,0.013414940000075148,0.005778978000080315,0.005440052000039941,0.02463455899987821,0.6405987898508707,0.6481791239976883,0,0,0,0,1,0,4,1.0,0.2,0.33333333333333337,0.9747679364583862,1,0,4,1.0,0.2,0.33333333333333337,0.9747679364583862,0,0,0,0.0,0.0,0.0,0,0,0,0.0,0.0,0.0,0,0
COCO,533958,1,1,0,0,2,6,4,6,10,5,0,0,4,0.015724982000165255,0.0065565269999297016,0.006171512000037183,0.02845367100007934,1.1342545541127524,0.9568012243509294,0,0,0,0,0,2,1,0.0,0.0,0.0,0.0,0,2,1,0.0,0.0,0.0,0.0,0,0,0,0.0,0.0,0.0,0,0,0,0.0,0.0,0.0,0,0
COCO,117645,2,2,0,0,1,0,2,0,2,1,0,0,2,0.012642100999983086,0.005836356000145315,0.005548795000095197,0.024027796999916973,0.5531428972880046,0.5246476757526398,0,0,0,0,1,0,1,1.0,0.5,0.6666666666666666,0.8321714947103925,1,0,1,1.0,0.5,0.6666666666666666,0.8321714947103925,0,0,0,0.0,0.0,0.0,0,0,0,0.0,0.0,0.0,0,0
COCO,221708,9,9,0,0,4,18,8,18,26,17,0,0,8,0.014678434000188645,0.007493901000088954,0.00681577099999231,0.028988787000116645,3.685858947436016,3.668109096586705,0,0,0,0,4,0,5,1.0,0.4444444444444444,0.6153846153846153,0.9337063477415561,4,0,5,1.0,0.4444444444444444,0.6153846153846153,0.9337063477415561,0,0,0,0.0,0.0,0.0,0,0,0,0.0,0.0,0.0,0,0
COCO,202228,1,1,0,0,2,3,4,3,7,5,0,0,4,0.011374488999990717,0.005932625999776064,0.005697291999922527,0.023004994000075385,1.3819415839513147,1.3066591539978982,0,0,0,0,1,1,0,0.5,1.0,0.6666666666666666,0.960806719607414,1,1,0,0.5,1.0,0.6666666666666666,0.960806719607414,0,0,0,0.0,0.0,0.0,0,0,0,0.0,0.0,0.0,0,0
COCO,403565,3,3,0,0,2,4,4,4,8,5,0,0,4,0.014343278000069404,0.006770292000055633,0.0063835500000095635,0.027497820000007778,1.5066656621297203,1.4828319144248963,0,0,0,0,2,0,1,1.0,0.6666666666666666,0.8,0.9038158593467307,2,0,1,1.0,0.6666666666666666,0.8,0.9038158593467307,0,0,0,0.0,0.0,0.0,0,0,0,0.0,0.0,0.0,0,0
COCO,211042,2,2,0,0,3,6,6,6,12,10,0,0,6,0.014279370999929597,0.006814996999992218,0.005994070000042484,0.027089260999900944,2.354026713371277,2.208562732636928,0,0,0,0,1,2,1,0.3333333333333333,0.5,0.4,0.7689845405847505,1,2,1,0.3333333333333333,0.5,0.4,0.7689845405847505,0,0,0,0.0,0.0,0.0,0,0,0,0.0,0.0,0.0,0,0
COCO,492878,8,8,0,0,4,24,8,24,32,17,0,0,8,0.017229979000148887,0.007750750000013795,0.006505413000013505,0.03148679200012339,3.1841269699732475,2.942912678420545,0,0,0,0,2,2,6,0.5,0.25,0.3333333333333333,0.8753922143288593,2,2,6,0.5,0.25,0.3333333333333333,0.8753922143288593,0,0,0,0.0,0.0,0.0,0,0,0,0.0,0.0,0.0,0,0
COCO,441586,10,10,0,0,9,129,18,129,147,82,0,0,18,0.016023138000036852,0.012460810999982641,0.011954479999985779,0.040439092000042365,7.31781027555466,6.813657014220956,0,0,0,0,5,4,5,0.5555555555555556,0.5,0.5263157894736842,0.8340208720239519,5,4,5,0.5555555555555556,0.5,0.5263157894736842,0.8340208720239519,0,0,0,0.0,0.0,0.0,0,0,0,0.0,0.0,0.0,0,0
COCO,547816,4,4,0,0,3,8,6,8,14,10,0,0,6,0.01777837500003443,0.00893994299985934,0.008017221000045538,0.034736510999891834,2.1966509866714476,1.9697695186734199,0,0,0,0,1,2,3,0.3333333333333333,0.25,0.28571428571428575,0.9315770581189947,1,2,3,0.3333333333333333,0.25,0.28571428571428575,0.9315770581189947,0,0,0,0.0,0.0,0.0,0,0,0,0.0,0.0,0.0,0,0
COCO,306733,7,7,0,0,3,12,6,12,18,10,0,0,6,0.013989284999979645,0.0072074659999543655,0.006370947000050364,0.027568312000084916,2.354086131627997,2.159251117135724,0,0,0,0,1,2,6,0.3333333333333333,0.14285714285714285,0.2,0.8703744953506753,1,2,6,0.3333333333333333,0.14285714285714285,0.2,0.8703744953506753,0,0,0,0.0,0.0,0.0,0,0,0,0.0,0.0,0.0,0,0
COCO,530099,2,2,0,0,2,2,4,2,6,5,0,0,4,0.01322422600014761,0.006263494999984687,0.00566697799990834,0.025155433999998422,1.2064426692326866,1.0587669369578363,0,0,0,0,2,0,0,1.0,1.0,1.0,0.9004214645812172,2,0,0,1.0,1.0,1.0,0.9004214645812172,0,0,0,0.0,0.0,0.0,0,0,0,0.0,0.0,0.0,0,0
COCO,312278,2,2,0,0,0,0,0,0,0,0,0,0,1,0.01245934300004592,0.005729793000000427,0.005252036999991105,0.023441622000063944,,,0,0,0,0,0,0,2,0.0,0.0,0.0,0.0,0,0,2,0.0,0.0,0.0,0.0,0,0,0,0.0,0.0,0.0,0,0,0,0.0,0.0,0.0,0,0
COCO,97679,5,5,0,0,2,2,4,2,6,5,0,0,4,0.013446719000057783,0.0063645630000337405,0.005493386000125611,0.025305247000005693,1.5259603627522784,1.5265856790542602,0,0,0,0,2,0,3,1.0,0.4,0.5714285714285715,0.8606319645786741,2,0,3,1.0,0.4,0.5714285714285715,0.8606319645786741,0,0,0,0.0,0.0,0.0,0,0,0,0.0,0.0,0.0,0,0
COCO,564127,1,1,0,0,1,0,2,0,2,1,0,0,2,0.013139987000158726,0.00606285999992906,0.00526641200008271,0.024469839000175853,0.6202795902887981,0.6194782546162605,0,0,0,0,1,0,0,1.0,1.0,1.0,0.9529408435692113,1,0,0,1.0,1.0,1.0,0.9529408435692113,0,0,0,0.0,0.0,0.0,0,0,0,0.0,0.0,0.0,0,0
COCO,251065,1,1,0,0,1,0,2,0,2,1,0,0,2,0.013570141999935004,0.00612417699994694,0.0059139319998848805,0.025608877999957258,0.5766080061594645,0.557792142033577,0,0,0,0,1,0,0,1.0,1.0,1.0,0.9377720493096505,1,0,0,1.0,1.0,1.0,0.9377720493096505,0,0,0,0.0,0.0,0.0,0,0,0,0.0,0.0,0.0,0,0
COCO,3845,12,12,0,0,8,107,16,107,123,65,0,0,16,0.014389384000196515,0.011504541000022073,0.011140833000126804,0.03703536300008636,6.580070085384999,6.1249517732446925,0,0,0,0,6,2,6,0.75,0.5,0.6,0.8806702712095187,6,2,6,0.75,0.5,0.6,0.8806702712095187,0,0,0,0.0,0.0,0.0,0,0,0,0.0,0.0,0.0,0,0
COCO,138819,2,2,0,0,3,12,6,12,18,10,0,0,6,0.013130304000014803,0.007256856999902084,0.006288226000151553,0.026676063000195427,2.4169951176643383,2.248005603700877,0,0,0,0,2,1,0,0.6666666666666666,1.0,0.8,0.9486534952132669,2,1,0,0.6666666666666666,1.0,0.8,0.9486534952132669,0,0,0,0.0,0.0,0.0,0,0,0,0.0,0.0,0.0,0,0
COCO,205834,2,2,0,0,2,4,4,4,8,5,0,0,4,0.013751514999967185,0.007205564000059894,0.0061686239998834935,0.0271711759999107,1.5794843705495198,1.5856883400678639,0,0,0,0,2,0,0,1.0,1.0,1.0,0.9142704308732034,2,0,0,1.0,1.0,1.0,0.9142704308732034,0,0,0,0.0,0.0,0.0,0,0,0,0.0,0.0,0.0,0,0
COCO,348708,3,3,0,0,4,20,8,20,28,17,0,0,8,0.013480896000146458,0.00778483299995969,0.0069287070000427775,0.028195008000011512,3.461107236452205,3.340510807839337,0,0,0,0,3,1,0,0.75,1.0,0.8571428571428571,0.8643957860247777,3,1,0,0.75,1.0,0.8571428571428571,0.8643957860247777,0,0,0,0.0,0.0,0.0,0,0,0,0.0,0.0,0.0,0,0
COCO,166521,16,16,0,0,3,12,6,12,18,10,0,0,6,0.013650126000129603,0.006655998999804069,0.0062619100001484185,0.026568635000103313,2.585651943683625,2.48623337045312,0,0,0,0,3,0,13,1.0,0.1875,0.3157894736842105,0.8336324896513707,3,0,13,1.0,0.1875,0.3157894736842105,0.8336324896513707,0,0,0,0.0,0.0,0.0,0,0,0,0.0,0.0,0.0,0,0
COCO,485802,1,1,0,0,1,0,2,0,2,1,0,0,2,0.01354351800000586,0.006287891000056334,0.0055455080000683665,0.02537760000018352,0.39792163769404093,0.3053976465761662,0,0,0,0,1,0,0,1.0,1.0,1.0,0.833891837254592,1,0,0,1.0,1.0,1.0,0.833891837254592,0,0,0,0.0,0.0,0.0,0,0,0,0.0,0.0,0.0,0,0
COCO,99054,6,6,0,0,1,0,2,0,2,1,0,0,2,0.012868184999888399,0.005893608999940625,0.005542598000147336,0.0243049030000293,0.4902946631113688,0.4358745449781418,0,0,0,0,1,0,5,1.0,0.16666666666666666,0.2857142857142857,0.9348492043479494,1,0,5,1.0,0.16666666666666666,0.2857142857142857,0.9348492043479494,0,0,0,0.0,0.0,0.0,0,0,0,0.0,0.0,0.0,0,0
COCO,22969,2,2,0,0,2,4,4,4,8,5,0,0,4,0.014079180999942764,0.0067371860000093875,0.005912086000080308,0.026729131999900346,1.599253443082174,1.6136121550202374,0,0,0,0,2,0,0,1.0,1.0,1.0,0.9693355611794725,2,0,0,1.0,1.0,1.0,0.9693355611794725,0,0,0,0.0,0.0,0.0,0,0,0,0.0,0.0,0.0,0,0
COCO,570539,8,8,0,0,7,84,14,84,98,50,0,0,14,0.014005984000050375,0.010728707999987819,0.009793311999828802,0.0345285910000257,5.8058100625914335,5.391683699840506,0,0,0,0,3,4,5,0.42857142857142855,0.375,0.39999999999999997,0.8811620433824916,3,4,5,0.42857142857142855,0.375,0.39999999999999997,0.8811620433824916,0,0,0,0.0,0.0,0.0,0,0,0,0.0,0.0,0.0,0,0
COCO,278353,1,1,0,0,1,0,2,0,2,1,0,0,2,0.018325874000083786,0.006386539999994056,0.0056678309999824705,0.030380841999885888,0.578274170557658,0.5601455992460251,0,0,0,0,1,0,0,1.0,1.0,1.0,0.9578346109403065,1,0,0,1.0,1.0,1.0,0.9578346109403065,0,0,0,0.0,0.0,0.0,0,0,0,0.0,0.0,0.0,0,0
COCO,158548,20,20,0,0,4,24,8,24,32,17,0,0,8,0.01575249300003634,0.0074188520000006974,0.006940051000128733,0.030112315999986095,3.5290769783655813,3.4301545652747167,0,0,0,0,3,1,17,0.75,0.15,0.24999999999999997,0.9017658603730687,3,1,17,0.75,0.15,0.24999999999999997,0.9017658603730687,0,0,0,0.0,0.0,0.0,0,0,0,0.0,0.0,0.0,0,0
COCO,461405,12,12,0,0,14,288,28,288,316,197,0,0,28,0.017406364999942525,0.023089534000064305,0.021659480999915104,0.06215607399985856,11.92946359565219,11.393125722560892,0,0,0,0,12,2,0,0.8571428571428571,1.0,0.923076923076923,0.8390839775160623,12,2,0,0.8571428571428571,1.0,0.923076923076923,0.8390839775160623,0,0,0,0.0,0.0,0.0,0,0,0,0.0,0.0,0.0,0,0
COCO,176606,4,4,0,0,3,8,6,8,14,10,0,0,6,0.015510209000012765,0.006605077000131132,0.0056555640001079155,0.027771440000151415,2.474139730930329,2.3617223699390886,0,0,0,0,2,1,2,0.6666666666666666,0.5,0.5714285714285715,0.7990863592407426,2,1,2,0.6666666666666666,0.5,0.5714285714285715,0.7990863592407426,0,0,0,0.0,0.0,0.0,0,0,0,0.0,0.0,0.0,0,0
COCO,44699,4,4,0,0,6,52,12,52,64,37,0,0,12,0.01711101199998666,0.00918065799987744,0.008594636999987415,0.03488684099988859,5.122725827693941,4.903850231617691,0,0,0,0,4,2,0,0.6666666666666666,1.0,0.8,0.8782082041418229,4,2,0,0.6666666666666666,1.0,0.8,0.8782082041418229,0,0,0,0.0,0.0,0.0,0,0,0,0.0,0.0,0.0,0,0
COCO,559956,9,9,0,0,7,77,14,77,91,50,0,0,14,0.015404736999926172,0.00984356599997227,0.009550558999990244,0.03479942899980415,6.324351786225668,6.209785429884623,0,0,0,0,7,0,2,1.0,0.7777777777777778,0.8750000000000001,0.9137481237394685,7,0,2,1.0,0.7777777777777778,0.8750000000000001,0.9137481237394685,0,0,0,0.0,0.0,0.0,0,0,0,0.0,0.0,0.0,0,0
COCO,268996,0,0,0,0,0,0,0,0,0,0,0,0,1,0.011525795999887123,0.004783975999998802,0.004507210000156192,0.02081743999997343,,,0,0,0,0,0,0,0,0.0,0.0,0.0,0.0,0,0,0,0.0,0.0,0.0,0.0,0,0,0,0.0,0.0,0.0,0,0,0,0.0,0.0,0.0,0,0
COCO,11197,16,16,0,0,13,294,26,294,320,170,0,0,26,0.016042732999949294,0.01986799500014058,0.019582135999826278,0.05549353899982634,10.617609823154563,9.922651673413469,0,0,0,0,8,5,8,0.6153846153846154,0.5,0.5517241379310345,0.8137442761835367,8,5,8,0.6153846153846154,0.5,0.5517241379310345,0.8137442761835367,0,0,0,0.0,0.0,0.0,0,0,0,0.0,0.0,0.0,0,0
COCO,483667,3,3,0,0,2,5,4,5,9,5,0,0,4,0.01272679499993501,0.006089522000138459,0.005983149000030608,0.024800145999961387,1.564479068120321,1.5644933503866199,0,0,0,0,2,0,1,1.0,0.6666666666666666,0.8,0.962524660460117,2,0,1,1.0,0.6666666666666666,0.8,0.962524660460117,0,0,0,0.0,0.0,0.0,0,0,0,0.0,0.0,0.0,0,0
COCO,448810,1,1,0,0,1,0,2,0,2,1,0,0,2,0.014385691000143197,0.006220734999942579,0.005688065999947867,0.026295088000097167,0.5637685457865398,0.5396564042568207,0,0,0,0,1,0,0,1.0,1.0,1.0,0.946043850042844,1,0,0,1.0,1.0,1.0,0.946043850042844,0,0,0,0.0,0.0,0.0,0,0,0,0.0,0.0,0.0,0,0
COCO,724,4,4,0,0,3,12,6,12,18,10,0,0,6,0.01316782100002456,0.006663320999905409,0.006265180999889708,0.026096879999840894,2.4039040064811714,2.229514409154654,0,0,0,0,2,1,2,0.6666666666666666,0.5,0.5714285714285715,0.9076024874958515,2,1,2,0.6666666666666666,0.5,0.5714285714285715,0.9076024874958515,0,0,0,0.0,0.0,0.0,0,0,0,0.0,0.0,0.0,0,0
COCO,51961,1,1,0,0,1,0,2,0,2,1,0,0,2,0.014319028000045364,0.006525004999957673,0.0054580299999997806,0.026302626999950007,0.5840691248575847,0.5683309721946717,0,0,0,0,1,0,0,1.0,1.0,1.0,0.9112041780244143,1,0,0,1.0,1.0,1.0,0.9112041780244143,0,0,0,0.0,0.0,0.0,0,0,0,0.0,0.0,0.0,0,0
COCO,375278,6,6,0,0,4,24,8,24,32,17,0,0,8,0.0129199929999686,0.007949981999900047,0.0071411730000363605,0.028011801000047853,3.243756438891094,2.9941393032670027,0,0,0,0,2,2,4,0.5,0.3333333333333333,0.4,0.845115255983003,2,2,4,0.5,0.3333333333333333,0.4,0.845115255983003,0,0,0,0.0,0.0,0.0,0,0,0,0.0,0.0,0.0,0,0
COCO,302165,10,10,0,0,7,85,14,85,99,50,0,0,14,0.014603811999904792,0.010299419000148191,0.011024647000112964,0.03592853300006027,5.6888865471823475,5.299645123327123,0,0,0,0,5,2,5,0.7142857142857143,0.5,0.588235294117647,0.8284016556863125,5,2,5,0.7142857142857143,0.5,0.588235294117647,0.8284016556863125,0,0,0,0.0,0.0,0.0,0,0,0,0.0,0.0,0.0,0,0
COCO,131131,2,2,0,0,4,23,8,23,31,17,0,0,8,0.013576749000094424,0.007751794999876438,0.007371085000158928,0.028700341000103435,3.241240808169048,3.0235859748721134,0,0,0,0,2,2,0,0.5,1.0,0.6666666666666666,0.7677164211841179,2,2,0,0.5,1.0,0.6666666666666666,0.7677164211841179,0,0,0,0.0,0.0,0.0,0,0,0,0.0,0.0,0.0,0,0
COCO,98839,3,3,0,0,2,1,4,1,5,4,0,0,4,0.013329016999932719,0.006400804999884713,0.005514438999853155,0.025244842000120116,1.3252169593175251,1.300785621702671,0,0,0,0,2,0,1,1.0,0.6666666666666666,0.8,0.9296182221697726,2,0,1,1.0,0.6666666666666666,0.8,0.9296182221697726,0,0,0,0.0,0.0,0.0,0,0,0,0.0,0.0,0.0,0,0
COCO,402992,10,10,0,0,12,261,24,261,285,145,0,0,24,0.016772448999972767,0.01915056200004983,0.017378924000013285,0.053302696999935506,10.918785113424578,10.713989127904693,0,0,0,0,10,2,0,0.8333333333333334,1.0,0.9090909090909091,0.8337211851894555,10,2,0,0.8333333333333334,1.0,0.9090909090909091,0.8337211851894555,0,0,0,0.0,0.0,0.0,0,0,0,0.0,0.0,0.0,0,0
COCO,465675,3,3,0,0,2,6,4,6,10,5,0,0,4,0.01289438899993911,0.00638603300012619,0.005764545999909387,0.025045479000027626,1.4207473357518512,1.3284722784161567,0,0,0,0,0,2,3,0.0,0.0,0.0,0.0,0,2,3,0.0,0.0,0.0,0.0,0,0,0,0.0,0.0,0.0,0,0,0,0.0,0.0,0.0,0,0
COCO,240754,3,3,0,0,2,2,4,2,6,5,0,0,4,0.014154343999962293,0.006463008000082482,0.005737425999996049,0.02635531400005675,1.5677824385960895,1.5856593611836431,0,0,0,0,2,0,1,1.0,0.6666666666666666,0.8,0.9374972986259438,2,0,1,1.0,0.6666666666666666,0.8,0.9374972986259438,0,0,0,0.0,0.0,0.0,0,0,0,0.0,0.0,0.0,0,0
COCO,21167,4,4,0,0,4,23,8,23,31,17,0,0,8,0.012192071000072247,0.0072602079999342095,0.006802271999958975,0.026255165000065972,3.482257477561843,3.3548492094578464,0,0,0,0,4,0,0,1.0,1.0,1.0,0.8290211230040816,4,0,0,1.0,1.0,1.0,0.8290211230040816,0,0,0,0.0,0.0,0.0,0,0,0,0.0,0.0,0.0,0,0
COCO,148730,2,2,0,0,1,0,2,0,2,1,0,0,2,0.013304694999987987,0.005797755000003235,0.0057950609998442815,0.024898096000015357,0.42415440479914346,0.34245143011212353,0,0,0,0,0,1,2,0.0,0.0,0.0,0.0,0,1,2,0.0,0.0,0.0,0.0,0,0,0,0.0,0.0,0.0,0,0,0,0.0,0.0,0.0,0,0
COCO,384468,6,6,0,0,6,53,12,53,65,37,0,0,12,0.01603360099989004,0.009407486000100107,0.009004660999835323,0.034446331000026476,5.084173830501146,4.823063887409277,0,0,0,0,5,1,1,0.8333333333333334,0.8333333333333334,0.8333333333333334,0.8874762085439867,5,1,1,0.8333333333333334,0.8333333333333334,0.8333333333333334,0.8874762085439867,0,0,0,0.0,0.0,0.0,0,0,0,0.0,0.0,0.0,0,0
COCO,253742,29,29,0,0,30,1642,60,1642,1702,901,0,0,60,0.019297538000046188,0.09041361100003087,0.08181063899996843,0.19152264300009847,25.45593083452401,24.061655451319787,0,0,0,0,20,10,9,0.6666666666666666,0.6896551724137931,0.6779661016949153,0.8318561968380379,20,10,9,0.6666666666666666,0.6896551724137931,0.6779661016949153,0.8318561968380379,0,0,0,0.0,0.0,0.0,0,0,0,0.0,0.0,0.0,0,0
COCO,186873,10,10,0,0,7,70,14,70,84,50,0,0,14,0.017606155000066792,0.011060888999963936,0.009676541000089856,0.038344305000009626,5.589182649728979,5.169642071055696,0,0,0,0,7,0,3,1.0,0.7,0.8235294117647058,0.7362334662283712,7,0,3,1.0,0.7,0.8235294117647058,0.7362334662283712,0,0,0,0.0,0.0,0.0,0,0,0,0.0,0.0,0.0,0,0
COCO,82180,3,3,0,0,3,11,6,11,17,10,0,0,6,0.013723029999937353,0.007670925999946121,0.00685705599994435,0.02825168999993366,2.609673460671819,2.54871541822902,0,0,0,0,2,1,1,0.6666666666666666,0.6666666666666666,0.6666666666666666,0.9278227407072488,2,1,1,0.6666666666666666,0.6666666666666666,0.6666666666666666,0.9278227407072488,0,0,0,0.0,0.0,0.0,0,0,0,0.0,0.0,0.0,0,0
COCO,446522,4,4,0,0,3,12,6,12,18,10,0,0,6,0.013846941000110746,0.006825064999929964,0.006118714000194814,0.026791406000029383,2.608398331378624,2.5305101319896433,0,0,0,0,3,0,1,1.0,0.75,0.8571428571428571,0.9152148149455698,3,0,1,1.0,0.75,0.8571428571428571,0.9152148149455698,0,0,0,0.0,0.0,0.0,0,0,0,0.0,0.0,0.0,0,0
COCO,552902,1,1,0,0,1,0,2,0,2,1,0,0,2,0.015299847000051159,0.0060309509999569855,0.005483220000087385,0.02681449000010616,0.637745992342631,0.6441495475172996,0,0,0,0,1,0,0,1.0,1.0,1.0,0.9592138525269956,1,0,0,1.0,1.0,1.0,0.9592138525269956,0,0,0,0.0,0.0,0.0,0,0,0,0.0,0.0,0.0,0,0
COCO,125405,3,3,0,0,2,4,4,4,8,5,0,0,4,0.01240952499983905,0.006487223000021913,0.005783257000075537,0.024680736999926012,1.5294100316365564,1.5149583363533021,0,0,0,0,2,0,1,1.0,0.6666666666666666,0.8,0.9505019205392922,2,0,1,1.0,0.6666666666666666,0.8,0.9505019205392922,0,0,0,0.0,0.0,0.0,0,0,0,0.0,0.0,0.0,0,0
COCO,110211,5,5,0,0,5,28,10,28,38,26,0,0,10,0.01384751899990988,0.008013941000172053,0.007527289000108794,0.02938936600003217,4.185179236274719,3.9982047544337904,0,0,0,0,4,1,1,0.8,0.8,0.8000000000000002,0.9219506776090214,4,1,1,0.8,0.8,0.8000000000000002,0.9219506776090214,0,0,0,0.0,0.0,0.0,0,0,0,0.0,0.0,0.0,0,0
COCO,16010,5,5,0,0,5,38,10,38,48,26,0,0,10,0.015553175000150077,0.009114306000128636,0.007164288000012675,0.0318322939999689,4.135424955685934,3.8979544165730493,0,0,0,0,1,4,4,0.2,0.2,0.20000000000000004,0.9162979671900963,1,4,4,0.2,0.2,0.20000000000000004,0.9162979671900963,0,0,0,0.0,0.0,0.0,0,0,0,0.0,0.0,0.0,0,0
COCO,64462,2,2,0,0,2,5,4,5,9,5,0,0,4,0.014031505000048128,0.006660111999963192,0.005566595999880519,0.026258700999960638,1.531265324756299,1.5057326900013233,0,0,0,0,2,0,0,1.0,1.0,1.0,0.8549246898894727,2,0,0,1.0,1.0,1.0,0.8549246898894727,0,0,0,0.0,0.0,0.0,0,0,0,0.0,0.0,0.0,0,0
COCO,314182,9,9,0,0,13,309,26,309,335,170,0,0,26,0.015311013999962597,0.02061404500000208,0.019603261999918686,0.055529004999925746,10.901547794043163,10.299546051521242,0,0,0,0,7,6,2,0.5384615384615384,0.7777777777777778,0.6363636363636364,0.8859952198689586,7,6,2,0.5384615384615384,0.7777777777777778,0.6363636363636364,0.8859952198689586,0,0,0,0.0,0.0,0.0,0,0,0,0.0,0.0,0.0,0,0
COCO,248980,10,10,0,0,6,66,12,66,78,37,0,0,12,0.014325630000030287,0.009019738000006328,0.008624038000107248,0.03197011899987956,4.682909436225893,4.2826095786690725,0,0,0,0,3,3,7,0.5,0.3,0.37499999999999994,0.7380094049072886,3,3,7,0.5,0.3,0.37499999999999994,0.7380094049072886,0,0,0,0.0,0.0,0.0,0,0,0,0.0,0.0,0.0,0,0
COCO,68387,7,7,0,0,7,88,14,88,102,50,0,0,14,0.012983118000192917,0.010386480000079246,0.010591646999955628,0.03396190500006924,6.258003857548165,6.086173654362687,0,0,0,0,6,1,1,0.8571428571428571,0.8571428571428571,0.8571428571428571,0.8949391251719021,6,1,1,0.8571428571428571,0.8571428571428571,0.8571428571428571,0.8949391251719021,0,0,0,0.0,0.0,0.0,0,0,0,0.0,0.0,0.0,0,0
COCO,429281,18,18,0,0,6,55,12,55,67,37,0,0,12,0.015207936000024347,0.009884961000125259,0.008428243000025759,0.0335218249999798,4.668549571929456,4.258913939444305,0,0,0,0,1,5,17,0.16666666666666666,0.05555555555555555,0.08333333333333333,0.528257801081957,1,5,17,0.16666666666666666,0.05555555555555555,0.08333333333333333,0.528257801081957,0,0,0,0.0,0.0,0.0,0,0,0,0.0,0.0,0.0,0,0
COCO,345466,11,11,0,0,7,67,14,67,81,50,0,0,14,0.015118131000008361,0.010301359000095545,0.009333188000027803,0.03475332299990441,5.977377914587659,5.7100046376884,0,0,0,0,7,0,4,1.0,0.6363636363636364,0.7777777777777778,0.889455410055331,7,0,4,1.0,0.6363636363636364,0.7777777777777778,0.889455410055331,0,0,0,0.0,0.0,0.0,0,0,0,0.0,0.0,0.0,0,0
COCO,352900,9,9,0,0,9,145,18,145,163,82,0,0,18,0.014302689000032842,0.013431190999881437,0.012173017999884905,0.039907674999994924,7.066857199668887,6.483935794532302,0,0,0,0,5,4,4,0.5555555555555556,0.5555555555555556,0.5555555555555556,0.8726769413247352,5,4,4,0.5555555555555556,0.5555555555555556,0.5555555555555556,0.8726769413247352,0,0,0,0.0,0.0,0.0,0,0,0,0.0,0.0,0.0,0,0
COCO,118367,10,10,0,0,2,2,4,2,6,5,0,0,4,0.01238409400002638,0.006478120000110721,0.00568461800003206,0.024547458999904848,1.3970034011205037,1.344433970749378,0,0,0,0,1,1,9,0.5,0.1,0.16666666666666669,0.8229930160033092,1,1,9,0.5,0.1,0.16666666666666669,0.8229930160033092,0,0,0,0.0,0.0,0.0,0,0,0,0.0,0.0,0.0,0,0
COCO,113235,4,4,0,0,3,12,6,12,18,10,0,0,6,0.015783293999902526,0.00760222300004898,0.006782149000173376,0.030168365000008635,2.6186755275726328,2.5328791826963433,0,0,0,0,1,2,3,0.3333333333333333,0.25,0.28571428571428575,0.7350805785624357,1,2,3,0.3333333333333333,0.25,0.28571428571428575,0.7350805785624357,0,0,0,0.0,0.0,0.0,0,0,0,0.0,0.0,0.0,0,0
COCO,311303,8,8,0,0,8,103,16,103,119,65,0,0,16,0.015343588999940039,0.012109584999961953,0.011408616000153415,0.038862596999933885,6.44436112212573,5.977356221203352,0,0,0,0,5,3,3,0.625,0.625,0.625,0.8335895742082647,5,3,3,0.625,0.625,0.625,0.8335895742082647,0,0,0,0.0,0.0,0.0,0,0,0,0.0,0.0,0.0,0,0
COCO,163640,6,6,0,0,5,32,10,32,42,26,0,0,10,0.01461550899989561,0.01024990699988848,0.008308377000048495,0.033174356000017724,4.387752697177589,4.241797349113087,0,0,0,0,4,1,2,0.8,0.6666666666666666,0.7272727272727272,0.8699263897107847,4,1,2,0.8,0.6666666666666666,0.7272727272727272,0.8699263897107847,0,0,0,0.0,0.0,0.0,0,0,0,0.0,0.0,0.0,0,0
COCO,370999,0,0,0,0,2,4,4,4,8,5,0,0,4,0.01283402300009584,0.006661344999884022,0.005875771999853896,0.02537177900012466,1.5789858849843346,1.584984229207039,0,0,0,0,0,2,0,0.0,0.0,0.0,0.0,0,2,0,0.0,0.0,0.0,0.0,0,0,0,0.0,0.0,0.0,0,0,0,0.0,0.0,0.0,0,0
COCO,1490,2,2,0,0,2,3,4,3,7,5,0,0,4,0.013062185999842768,0.007142694999856758,0.005772391999926185,0.025977959999863742,1.3066491158803304,1.2003085428476337,0,0,0,0,2,0,0,1.0,1.0,1.0,0.9055431309203354,2,0,0,1.0,1.0,1.0,0.9055431309203354,0,0,0,0.0,0.0,0.0,0,0,0,0.0,0.0,0.0,0,0
COCO,329456,9,9,0,0,7,65,14,65,79,49,0,0,14,0.014288248999946518,0.009927272999902925,0.008975796999948216,0.033191940000051545,6.087270522859307,5.8613365652130165,0,0,0,0,5,2,4,0.7142857142857143,0.5555555555555556,0.6250000000000001,0.885890344537023,5,2,4,0.7142857142857143,0.5555555555555556,0.6250000000000001,0.885890344537023,0,0,0,0.0,0.0,0.0,0,0,0,0.0,0.0,0.0,0,0
COCO,570471,10,10,0,0,7,76,14,76,90,50,0,0,14,0.014701179999974556,0.010445867000044018,0.009750687999940055,0.034898285000053875,5.560146140257519,5.120664756447079,0,0,0,0,5,2,5,0.7142857142857143,0.5,0.588235294117647,0.9178980356973575,5,2,5,0.7142857142857143,0.5,0.588235294117647,0.9178980356973575,0,0,0,0.0,0.0,0.0,0,0,0,0.0,0.0,0.0,0,0
COCO,88269,4,4,0,0,4,27,8,27,35,17,0,0,8,0.015004069000042364,0.008332100000188802,0.0073724440001115,0.030709315000194692,3.3130655066172294,3.112663361430169,0,0,0,0,2,2,2,0.5,0.5,0.5,0.928593763192893,2,2,2,0.5,0.5,0.5,0.928593763192893,0,0,0,0.0,0.0,0.0,0,0,0,0.0,0.0,0.0,0,0
COCO,260470,23,23,0,0,16,465,32,465,497,257,0,0,32,0.017068827000002784,0.026715003999925102,0.025687983999887365,0.06947280400004274,12.784485183520337,11.771835679921727,0,0,0,0,9,7,14,0.5625,0.391304347826087,0.46153846153846156,0.8657233584295185,9,7,14,0.5625,0.391304347826087,0.46153846153846156,0.8657233584295185,0,0,0,0.0,0.0,0.0,0,0,0,0.0,0.0,0.0,0,0
COCO,193494,1,1,0,0,1,0,2,0,2,1,0,0,2,0.013276582000116832,0.005915016000017204,0.005159222999964186,0.024351373000172316,0.6154029051462809,0.6125899368524552,0,0,0,0,1,0,0,1.0,1.0,1.0,0.9140857748794872,1,0,0,1.0,1.0,1.0,0.9140857748794872,0,0,0,0.0,0.0,0.0,0,0,0,0.0,0.0,0.0,0,0
COCO,252776,5,5,0,0,4,22,8,22,30,17,0,0,8,0.012617628000043624,0.007596090000106415,0.007148154000105933,0.027362838000044576,3.588173170975078,3.4994973059408157,0,0,0,0,3,1,2,0.75,0.6,0.6666666666666665,0.9492642394328801,3,1,2,0.75,0.6,0.6666666666666665,0.9492642394328801,0,0,0,0.0,0.0,0.0,0,0,0,0.0,0.0,0.0,0,0
COCO,201072,5,5,0,0,8,86,16,86,102,65,0,0,16,0.014708246999816765,0.01050461899990296,0.010211983000090186,0.035425442999894585,6.4304616779133195,5.962213342889599,0,0,0,0,5,3,0,0.625,1.0,0.7692307692307693,0.8203950224635678,5,3,0,0.625,1.0,0.7692307692307693,0.8203950224635678,0,0,0,0.0,0.0,0.0,0,0,0,0.0,0.0,0.0,0,0
COCO,18150,7,7,0,0,3,6,6,6,12,10,0,0,6,0.014178512999933446,0.006513421999898128,0.0057600599998295365,0.02645254300000488,2.6142064237594607,2.5760665735602384,0,0,0,0,3,0,4,1.0,0.42857142857142855,0.6,0.8995785349642255,3,0,4,1.0,0.42857142857142855,0.6,0.8995785349642255,0,0,0,0.0,0.0,0.0,0,0,0,0.0,0.0,0.0,0,0
COCO,337498,6,6,0,0,5,44,10,44,54,26,0,0,10,0.014394401999879847,0.008513181000125769,0.008410575999960201,0.03131881199988129,4.320547805020395,4.136985411782248,0,0,0,0,4,1,2,0.8,0.6666666666666666,0.7272727272727272,0.9092122264347658,4,1,2,0.8,0.6666666666666666,0.7272727272727272,0.9092122264347658,0,0,0,0.0,0.0,0.0,0,0,0,0.0,0.0,0.0,0,0
COCO,521405,2,2,0,0,1,0,2,0,2,1,0,0,2,0.0134371110000302,0.006254200000057608,0.0058203680000588065,0.025512354000056803,0.4171760479609172,0.3325945010781288,0,0,0,0,1,0,1,1.0,0.5,0.6666666666666666,0.8180909534359526,1,0,1,1.0,0.5,0.6666666666666666,0.8180909534359526,0,0,0,0.0,0.0,0.0,0,0,0,0.0,0.0,0.0,0,0
COCO,518770,22,22,0,0,13,285,26,285,311,170,0,0,26,0.015688898999997036,0.01947581700005685,0.019272895000085555,0.05443830300009722,10.676603817145033,10.003286225050692,0,0,0,0,10,3,12,0.7692307692307693,0.45454545454545453,0.5714285714285714,0.831760543079157,10,3,12,0.7692307692307693,0.45454545454545453,0.5714285714285714,0.831760543079157,0,0,0,0.0,0.0,0.0,0,0,0,0.0,0.0,0.0,0,0
COCO,201646,4,4,0,0,2,4,4,4,8,5,0,0,4,0.012798984000028213,0.006884916999979396,0.00600001899988456,0.025684490999992704,1.41323134024938,1.3508559347689153,0,0,0,0,1,1,3,0.5,0.25,0.3333333333333333,0.975574034698679,1,1,3,0.5,0.25,0.3333333333333333,0.975574034698679,0,0,0,0.0,0.0,0.0,0,0,0,0.0,0.0,0.0,0,0
COCO,36936,22,22,0,0,13,315,26,315,341,170,0,0,26,0.019832451999945988,0.021048057999905723,0.019736579999971582,0.06061784500002432,10.571782983995552,9.774483950343804,0,0,0,0,8,5,14,0.6153846153846154,0.36363636363636365,0.4571428571428572,0.7772250023568317,8,5,14,0.6153846153846154,0.36363636363636365,0.4571428571428572,0.7772250023568317,0,0,0,0.0,0.0,0.0,0,0,0,0.0,0.0,0.0,0,0
COCO,59044,20,20,0,0,13,273,26,273,299,170,0,0,26,0.015052018999995198,0.018537610000066707,0.018348243999980696,0.05193849400006911,10.206021036307021,9.363338047116999,0,0,0,0,9,4,11,0.6923076923076923,0.45,0.5454545454545455,0.8573211334930854,9,4,11,0.6923076923076923,0.45,0.5454545454545455,0.8573211334930854,0,0,0,0.0,0.0,0.0,0,0,0,0.0,0.0,0.0,0,0
COCO,172946,21,21,0,0,10,165,20,165,185,101,0,0,20,0.013898746999984724,0.01457473100003881,0.013339228999939223,0.04181341399998928,8.031106521562892,7.43333362204448,0,0,0,0,9,1,12,0.9,0.42857142857142855,0.5806451612903225,0.8217836488922646,9,1,12,0.9,0.42857142857142855,0.5806451612903225,0.8217836488922646,0,0,0,0.0,0.0,0.0,0,0,0,0.0,0.0,0.0,0,0
COCO,234607,5,5,0,0,4,24,8,24,32,17,0,0,8,0.01493964699989192,0.008092385000054492,0.007041896999908204,0.03007456499994987,3.0723637143424547,2.8301963060747974,0,0,0,0,3,1,2,0.75,0.6,0.6666666666666665,0.6687653720416579,3,1,2,0.75,0.6,0.6666666666666665,0.6687653720416579,0,0,0,0.0,0.0,0.0,0,0,0,0.0,0.0,0.0,0,0
COCO,532690,5,5,0,0,7,89,14,89,103,50,0,0,14,0.015031780000072104,0.01119369100001677,0.010511286000109976,0.03673752200006675,5.684211950707675,5.281931864031396,0,0,0,0,4,3,1,0.5714285714285714,0.8,0.6666666666666666,0.8177469461687633,4,3,1,0.5714285714285714,0.8,0.6666666666666666,0.8177469461687633,0,0,0,0.0,0.0,0.0,0,0,0,0.0,0.0,0.0,0,0
COCO,323895,3,3,0,0,2,4,4,4,8,5,0,0,4,0.013707497000041258,0.0071460389999629115,0.00681512100004511,0.027669365000065227,1.4329256327946984,1.3786741229891781,0,0,0,0,2,0,1,1.0,0.6666666666666666,0.8,0.8836660044692364,2,0,1,1.0,0.6666666666666666,0.8,0.8836660044692364,0,0,0,0.0,0.0,0.0,0,0,0,0.0,0.0,0.0,0,0
COCO,384670,4,4,0,0,3,12,6,12,18,10,0,0,6,0.01241567500005658,0.006720778000044447,0.006220524999889676,0.02535758299995905,2.803930339813233,2.7945516049861916,0,0,0,0,3,0,1,1.0,0.75,0.8571428571428571,0.9223083774477759,3,0,1,1.0,0.75,0.8571428571428571,0.9223083774477759,0,0,0,0.0,0.0,0.0,0,0,0,0.0,0.0,0.0,0,0
COCO,50326,3,3,0,0,2,2,4,2,6,5,0,0,4,0.011910686999954123,0.0063390960001470376,0.005980806000025041,0.024231229999941206,1.3042979367574055,1.213487502336502,0,0,0,0,1,1,2,0.5,0.3333333333333333,0.4,0.9334470440710452,1,1,2,0.5,0.3333333333333333,0.4,0.9334470440710452,0,0,0,0.0,0.0,0.0,0,0,0,0.0,0.0,0.0,0,0
COCO,205542,1,1,0,0,1,0,2,0,2,1,0,0,2,0.013908476999858976,0.0064081000000442145,0.0053617680000570545,0.025679009999976188,0.634652558962504,0.6397800728678704,0,0,0,0,1,0,0,1.0,1.0,1.0,0.9489499488430384,1,0,0,1.0,1.0,1.0,0.9489499488430384,0,0,0,0.0,0.0,0.0,0,0,0,0.0,0.0,0.0,0,0
COCO,217957,1,1,0,0,1,0,2,0,2,1,0,0,2,0.014756110000007538,0.005935391000093659,0.0054241309999270015,0.02611658199998601,0.5328731934229534,0.4960167190432549,0,0,0,0,1,0,0,1.0,1.0,1.0,0.8487018978666845,1,0,0,1.0,1.0,1.0,0.8487018978666845,0,0,0,0.0,0.0,0.0,0,0,0,0.0,0.0,0.0,0,0
COCO,162035,5,5,0,0,4,24,8,24,32,17,0,0,8,0.014228483999886521,0.007902887000000192,0.006902945000092586,0.029034992999868336,3.1164757219950365,2.8473552906513224,0,0,0,0,3,1,2,0.75,0.6,0.6666666666666665,0.9469053117589766,3,1,2,0.75,0.6,0.6666666666666665,0.9469053117589766,0,0,0,0.0,0.0,0.0,0,0,0,0.0,0.0,0.0,0,0
COCO,415727,11,11,0,0,3,12,6,12,18,10,0,0,6,0.013647900000023583,0.0074683510001705145,0.006554589999950622,0.027671419999933278,2.4658404207229623,2.316999594271184,0,0,0,0,3,0,8,1.0,0.2727272727272727,0.42857142857142855,0.8761020348685618,3,0,8,1.0,0.2727272727272727,0.42857142857142855,0.8761020348685618,0,0,0,0.0,0.0,0.0,0,0,0,0.0,0.0,0.0,0,0
COCO,46252,5,5,0,0,6,47,12,47,59,37,0,0,12,0.014962160000095537,0.009373360999916258,0.00821552000002157,0.032551655999895956,5.155201878544343,4.931208294626725,0,0,0,0,5,1,0,0.8333333333333334,1.0,0.9090909090909091,0.8288402795774221,5,1,0,0.8333333333333334,1.0,0.9090909090909091,0.8288402795774221,0,0,0,0.0,0.0,0.0,0,0,0,0.0,0.0,0.0,0,0
COCO,182021,5,5,0,0,2,4,4,4,8,5,0,0,4,0.012658047000059014,0.007219374999976935,0.006117227000004277,0.025995277999982136,1.5236757787068687,1.5068587040901185,0,0,0,0,2,0,3,1.0,0.4,0.5714285714285715,0.8738058947937053,2,0,3,1.0,0.4,0.5714285714285715,0.8738058947937053,0,0,0,0.0,0.0,0.0,0,0,0,0.0,0.0,0.0,0,0
COCO,231747,15,15,0,0,3,10,6,10,16,10,0,0,6,0.014031850000037593,0.0073778400001174305,0.006787196999994194,0.028197536999869044,2.5266716790199286,2.4194237466156485,0,0,0,0,1,2,14,0.3333333333333333,0.06666666666666667,0.1111111111111111,0.9077236840081677,1,2,14,0.3333333333333333,0.06666666666666667,0.1111111111111111,0.9077236840081677,0,0,0,0.0,0.0,0.0,0,0,0,0.0,0.0,0.0,0,0
COCO,90284,2,2,0,0,2,4,4,4,8,5,0,0,4,0.01504817200020625,0.006598937000035221,0.00595589999988988,0.027603643000020384,1.5094906218846638,1.5033221700787545,0,0,0,0,2,0,0,1.0,1.0,1.0,0.9421793899846145,2,0,0,1.0,1.0,1.0,0.9421793899846145,0,0,0,0.0,0.0,0.0,0,0,0,0.0,0.0,0.0,0,0
COCO,286553,18,18,0,0,10,169,20,169,189,101,0,0,20,0.0155694580000727,0.013847338000005038,0.013598024999964764,0.04301549100000557,8.37928347720032,7.900908265742908,0,0,0,0,8,2,10,0.8,0.4444444444444444,0.5714285714285714,0.8660496627138461,8,2,10,0.8,0.4444444444444444,0.5714285714285714,0.8660496627138461,0,0,0,0.0,0.0,0.0,0,0,0,0.0,0.0,0.0,0,0
COCO,488736,2,2,0,0,2,2,4,2,6,5,0,0,4,0.014282460000003994,0.0063127329999588255,0.005527269999902273,0.02612312200017186,1.4840525992711382,1.4673909631371496,0,0,0,0,2,0,0,1.0,1.0,1.0,0.9026703529625753,2,0,0,1.0,1.0,1.0,0.9026703529625753,0,0,0,0.0,0.0,0.0,0,0,0,0.0,0.0,0.0,0,0
COCO,63602,8,8,0,0,2,2,4,2,6,5,0,0,4,0.013213609000104043,0.006856316000039442,0.006291503000056764,0.026362073999962377,1.532375825246175,1.535647519826889,0,0,0,0,2,0,6,1.0,0.25,0.4,0.8943323950655163,2,0,6,1.0,0.25,0.4,0.8943323950655163,0,0,0,0.0,0.0,0.0,0,0,0,0.0,0.0,0.0,0,0
COCO,383386,4,4,0,0,3,6,6,6,12,10,0,0,6,0.014133295000192447,0.00662663999992219,0.005963973000007172,0.026724460000195904,2.63794454574585,2.609596670866013,0,0,0,0,3,0,1,1.0,0.75,0.8571428571428571,0.9500904647182716,3,0,1,1.0,0.75,0.8571428571428571,0.9500904647182716,0,0,0,0.0,0.0,0.0,0,0,0,0.0,0.0,0.0,0,0
COCO,450686,2,2,0,0,2,4,4,4,8,5,0,0,4,0.013466370000060124,0.00604344399994261,0.005899467000062941,0.0254098210000393,1.4852408917744957,1.4525694262981417,0,0,0,0,2,0,0,1.0,1.0,1.0,0.867341779930295,2,0,0,1.0,1.0,1.0,0.867341779930295,0,0,0,0.0,0.0,0.0,0,0,0,0.0,0.0,0.0,0,0
COCO,5060,2,2,0,0,3,12,6,12,18,10,0,0,6,0.014172940999969796,0.006819794999955775,0.005883951999976489,0.026877267999907417,2.2991521692276007,2.081552439033986,0,0,0,0,1,2,1,0.3333333333333333,0.5,0.4,0.8270077823111914,1,2,1,0.3333333333333333,0.5,0.4,0.8270077823111914,0,0,0,0.0,0.0,0.0,0,0,0,0.0,0.0,0.0,0,0
COCO,286523,2,2,0,0,5,42,10,42,52,26,0,0,10,0.014545988999998372,0.008152225000003455,0.007349078000061127,0.030047934999856807,3.804845770200095,3.4310113170743004,0,0,0,0,2,3,0,0.4,1.0,0.5714285714285715,0.8822373870545746,2,3,0,0.4,1.0,0.5714285714285715,0.8822373870545746,0,0,0,0.0,0.0,0.0,0,0,0,0.0,0.0,0.0,0,0
COCO,120420,26,26,0,0,9,135,18,135,153,82,0,0,18,0.015360768999926222,0.013982661000000007,0.011758524000015314,0.04110272399998394,7.309163084030154,6.801442856192591,0,0,0,0,8,1,18,0.8888888888888888,0.3076923076923077,0.4571428571428572,0.8474267422969297,8,1,18,0.8888888888888888,0.3076923076923077,0.4571428571428572,0.8474267422969297,0,0,0,0.0,0.0,0.0,0,0,0,0.0,0.0,0.0,0,0
COCO,579655,16,16,0,0,2,6,4,6,10,5,0,0,4,0.012506325000003926,0.006026944000041112,0.006259913000121742,0.024793735000002926,1.355353954633077,1.269104127585888,0,0,0,0,2,0,14,1.0,0.125,0.2222222222222222,0.7751295660964403,2,0,14,1.0,0.125,0.2222222222222222,0.7751295660964403,0,0,0,0.0,0.0,0.0,0,0,0,0.0,0.0,0.0,0,0
COCO,117908,9,9,0,0,6,54,12,54,66,37,0,0,12,0.012846781000007468,0.009569295999881433,0.009284535999995569,0.031701257000122496,4.829058122634889,4.456044598221781,0,0,0,0,4,2,5,0.6666666666666666,0.4444444444444444,0.5333333333333333,0.8848111978268024,4,2,5,0.6666666666666666,0.4444444444444444,0.5333333333333333,0.8848111978268024,0,0,0,0.0,0.0,0.0,0,0,0,0.0,0.0,0.0,0,0
COCO,550322,6,6,0,0,5,34,10,34,44,26,0,0,10,0.014763637000214658,0.008800674999974945,0.007727128999931665,0.031292118000010305,3.979320617516837,3.6774570389091985,0,0,0,0,2,3,4,0.4,0.3333333333333333,0.3636363636363636,0.7627840592800125,2,3,4,0.4,0.3333333333333333,0.3636363636363636,0.7627840592800125,0,0,0,0.0,0.0,0.0,0,0,0,0.0,0.0,0.0,0,0
COCO,322844,2,2,0,0,3,10,6,10,16,10,0,0,6,0.014955920000147671,0.006706028000053266,0.00598439899999903,0.02764695600012601,2.2986614060401918,2.0973592360317705,0,0,0,0,2,1,0,0.6666666666666666,1.0,0.8,0.7131785703696225,2,1,0,0.6666666666666666,1.0,0.8,0.7131785703696225,0,0,0,0.0,0.0,0.0,0,0,0,0.0,0.0,0.0,0,0
COCO,218362,8,8,0,0,4,24,8,24,32,17,0,0,8,0.014303059999974721,0.007870720000028086,0.007411444999888772,0.029585919000055583,2.9927268401781726,2.6395599950850013,0,0,0,0,2,2,6,0.5,0.25,0.3333333333333333,0.937701447940108,2,2,6,0.5,0.25,0.3333333333333333,0.937701447940108,0,0,0,0.0,0.0,0.0,0,0,0,0.0,0.0,0.0,0,0
COCO,213224,6,6,0,0,10,166,20,166,186,101,0,0,20,0.01685983699985627,0.014915205999841419,0.013740073000008124,0.045515876999843385,7.997672268549604,7.377045412659648,0,0,0,0,4,6,2,0.4,0.6666666666666666,0.5,0.8979722434985224,4,6,2,0.4,0.6666666666666666,0.5,0.8979722434985224,0,0,0,0.0,0.0,0.0,0,0,0,0.0,0.0,0.0,0,0
COCO,223747,3,3,0,0,2,4,4,4,8,5,0,0,4,0.012375150000025315,0.00677288499991846,0.005848459999924671,0.024997112999926685,1.1082227381070455,0.9200312842428685,0,0,0,0,0,2,3,0.0,0.0,0.0,0.6519603900993971,0,2,3,0.0,0.0,0.0,0.6519603900993971,0,0,0,0.0,0.0,0.0,0,0,0,0.0,0.0,0.0,0,0
COCO,297578,10,10,0,0,5,34,10,34,44,26,0,0,10,0.012428767000074004,0.009194624999963708,0.007985239999925398,0.02960921699991559,4.281995297273001,4.092610024064781,0,0,0,0,5,0,5,1.0,0.5,0.6666666666666666,0.8123425380073479,5,0,5,1.0,0.5,0.6666666666666666,0.8123425380073479,0,0,0,0.0,0.0,0.0,0,0,0,0.0,0.0,0.0,0,0
COCO,458992,4,4,0,0,5,40,10,40,50,26,0,0,10,0.014416724000057002,0.008535909000102038,0.007834223999907408,0.030787462000034793,4.2977308853467315,4.069461542218924,0,0,0,0,2,3,2,0.4,0.5,0.4444444444444445,0.9689432985424111,2,3,2,0.4,0.5,0.4444444444444445,0.9689432985424111,0,0,0,0.0,0.0,0.0,0,0,0,0.0,0.0,0.0,0,0
COCO,78266,15,15,0,0,1,0,2,0,2,1,0,0,2,0.014766160000135642,0.006613577999814879,0.0057835200000226905,0.02716377299998385,0.4805604616800944,0.4221249854564667,0,0,0,0,0,1,15,0.0,0.0,0.0,0.0,0,1,15,0.0,0.0,0.0,0.0,0,0,0,0.0,0.0,0.0,0,0,0,0.0,0.0,0.0,0,0
COCO,164602,6,6,0,0,3,8,6,8,14,10,0,0,6,0.013202186999933474,0.006279903999939052,0.005575785000019096,0.02505855699996573,2.420210387706757,2.3020471726357936,0,0,0,0,2,1,4,0.6666666666666666,0.3333333333333333,0.4444444444444444,0.8206120707890363,2,1,4,0.6666666666666666,0.3333333333333333,0.4444444444444444,0.8206120707890363,0,0,0,0.0,0.0,0.0,0,0,0,0.0,0.0,0.0,0,0
COCO,440475,26,26,0,0,8,107,16,107,123,65,0,0,16,0.01521722199981923,0.01424510700007886,0.011025422999864531,0.04048846099999537,6.461389677766753,6.012059902592296,0,0,0,0,5,3,21,0.625,0.19230769230769232,0.29411764705882354,0.7828076450952566,5,3,21,0.625,0.19230769230769232,0.29411764705882354,0.7828076450952566,0,0,0,0.0,0.0,0.0,0,0,0,0.0,0.0,0.0,0,0
COCO,101762,2,2,0,0,2,4,4,4,8,5,0,0,4,0.01401456100006726,0.006872319999956744,0.005957207000164999,0.026844663000019864,1.5245363744099936,1.5080742955207826,0,0,0,0,2,0,0,1.0,1.0,1.0,0.8099170356554997,2,0,0,1.0,1.0,1.0,0.8099170356554997,0,0,0,0.0,0.0,0.0,0,0,0,0.0,0.0,0.0,0,0
COCO,557501,2,2,0,0,2,2,4,2,6,5,0,0,4,0.013837669000167807,0.006898834999901737,0.006315428999869255,0.02705265800000234,1.425895155270894,1.3852435734868047,0,0,0,0,2,0,0,1.0,1.0,1.0,0.901446982380051,2,0,0,1.0,1.0,1.0,0.901446982380051,0,0,0,0.0,0.0,0.0,0,0,0,0.0,0.0,0.0,0,0
COCO,203317,1,1,0,0,1,0,2,0,2,1,0,0,2,0.015287594000028548,0.006467147000194018,0.005682197999931304,0.0274375220001275,0.6421681801478067,0.6503958877921104,0,0,0,0,1,0,0,1.0,1.0,1.0,0.9783740828404816,1,0,0,1.0,1.0,1.0,0.9783740828404816,0,0,0,0.0,0.0,0.0,0,0,0,0.0,0.0,0.0,0,0
COCO,368940,1,1,0,0,2,4,4,4,8,5,0,0,4,0.014564860000064073,0.006190408000065872,0.005605177000006734,0.02636097000004156,1.2648962091064426,1.1471366215900551,0,0,0,0,1,1,0,0.5,1.0,0.6666666666666666,0.7949256734460757,1,1,0,0.5,1.0,0.6666666666666666,0.7949256734460757,0,0,0,0.0,0.0,0.0,0,0,0,0.0,0.0,0.0,0,0
COCO,569917,5,5,0,0,3,12,6,12,18,10,0,0,6,0.015245839000044725,0.0070206469999902765,0.006053014999906736,0.028320118000010552,2.2413849163921387,2.004011193451455,0,0,0,0,2,1,3,0.6666666666666666,0.4,0.5,0.8701704476211356,2,1,3,0.6666666666666666,0.4,0.5,0.8701704476211356,0,0,0,0.0,0.0,0.0,0,0,0,0.0,0.0,0.0,0,0
COCO,144798,4,4,0,0,2,4,4,4,8,5,0,0,4,0.013223321999930704,0.005956146000016815,0.006078848000015569,0.025258893999989596,1.5059102567036948,1.4817649042606358,0,0,0,0,2,0,2,1.0,0.5,0.6666666666666666,0.9410266629148343,2,0,2,1.0,0.5,0.6666666666666666,0.9410266629148343,0,0,0,0.0,0.0,0.0,0,0,0,0.0,0.0,0.0,0,0
COCO,284623,5,5,0,0,3,10,6,10,16,10,0,0,6,0.013430638000045292,0.007700396000018372,0.006816218000039953,0.027947859000050812,2.570961015224457,2.4984824340045457,0,0,0,0,3,0,2,1.0,0.6,0.7499999999999999,0.948762621337833,3,0,2,1.0,0.6,0.7499999999999999,0.948762621337833,0,0,0,0.0,0.0,0.0,0,0,0,0.0,0.0,0.0,0,0
COCO,520301,1,1,0,0,1,0,2,0,2,1,0,0,2,0.012911029999941093,0.006313185999943016,0.005545232000031319,0.024770054000100572,0.6055704275767009,0.5987015622854233,0,0,0,0,1,0,0,1.0,1.0,1.0,0.9815471516032039,1,0,0,1.0,1.0,1.0,0.9815471516032039,0,0,0,0.0,0.0,0.0,0,0,0,0.0,0.0,0.0,0,0
COCO,127987,3,3,0,0,3,13,6,13,19,10,0,0,6,0.013255059999892183,0.006781162999914159,0.006398769000043103,0.026435593999849516,2.6436856073879738,2.558816326930477,0,0,0,0,2,1,1,0.6666666666666666,0.6666666666666666,0.6666666666666666,0.9320577366590089,2,1,1,0.6666666666666666,0.6666666666666666,0.6666666666666666,0.9320577366590089,0,0,0,0.0,0.0,0.0,0,0,0,0.0,0.0,0.0,0,0
COCO,63740,11,11,0,0,11,211,22,211,233,122,0,0,22,0.014295962999995027,0.01512558500007799,0.014528754999901139,0.04395088299997951,9.299833457071509,8.853782606123813,0,0,0,0,8,3,3,0.7272727272727273,0.7272727272727273,0.7272727272727273,0.8832138281943049,8,3,3,0.7272727272727273,0.7272727272727273,0.7272727272727273,0.8832138281943049,0,0,0,0.0,0.0,0.0,0,0,0,0.0,0.0,0.0,0,0
COCO,36494,52,52,0,0,21,793,42,793,835,442,0,0,42,0.016738247999910527,0.041469883999980084,0.041705908000039926,0.09991470099998878,15.844737183488526,14.185413538105406,0,0,0,0,13,8,39,0.6190476190476191,0.25,0.3561643835616438,0.8157270056320051,13,8,39,0.6190476190476191,0.25,0.3561643835616438,0.8157270056320051,0,0,0,0.0,0.0,0.0,0,0,0,0.0,0.0,0.0,0,0
COCO,210032,15,15,0,0,5,38,10,38,48,26,0,0,10,0.01355936599998131,0.00765167500003372,0.007329960000106439,0.028541580999899452,4.08782260020574,3.830716089457275,0,0,0,0,3,2,12,0.6,0.2,0.3,0.7268895447074504,3,2,12,0.6,0.2,0.3,0.7268895447074504,0,0,0,0.0,0.0,0.0,0,0,0,0.0,0.0,0.0,0,0
Visual Genome,83,25,1,16,0,28,1429,56,1429,1485,785,0,0,56,0.01854317200013611,0.07253459499997916,0.06987658900015958,0.16095521600004759,22.699173180846394,21.09269001199605,0,0,0,0,0,28,1,0.0,0.0,0.0,0.0,0,28,1,0.0,0.0,0.0,0.0,0,0,0,0.0,0.0,0.0,0,0,0,0.0,0.0,0.0,0,0
Visual Genome,347,13,1,7,0,14,352,28,352,380,197,0,0,28,0.015206658000124662,0.022048906000009083,0.02149700500012841,0.05875329400009832,11.684041680073499,11.01238924287335,0,0,0,0,1,13,0,0.07142857142857142,1.0,0.13333333333333333,0.6088530700244924,1,13,0,0.07142857142857142,1.0,0.13333333333333333,0.6088530700244924,0,0,0,0.0,0.0,0.0,0,0,0,0.0,0.0,0.0,0,0
Visual Genome,532,28,1,49,0,1,0,2,0,2,1,0,0,2,0.01306588800002828,0.005827893000059703,0.005305741000029229,0.024200092999990375,0.604728881518046,0.5975128784775734,0,0,0,0,1,0,0,1.0,1.0,1.0,0.8996194252227986,1,0,0,1.0,1.0,1.0,0.8996194252227986,0,0,0,0.0,0.0,0.0,0,0,0,0.0,0.0,0.0,0,0
Visual Genome,1045,35,1,22,0,28,1407,56,1407,1463,785,0,0,56,0.019289231000129803,0.07204947400009587,0.07077504299991233,0.16211470799999006,23.418768662192438,22.0833272981922,0,0,0,0,1,27,0,0.03571428571428571,1.0,0.0689655172413793,0.9619170594332537,1,27,0,0.03571428571428571,1.0,0.0689655172413793,0.9619170594332537,0,0,0,0.0,0.0,0.0,0,0,0,0.0,0.0,0.0,0,0
Visual Genome,1139,30,0,25,0,7,80,14,80,94,50,0,0,14,0.014414579000003869,0.012354211999991094,0.011522500999944896,0.038292058999786605,5.295514153955299,4.74306555392138,0,0,0,0,0,7,0,0.0,0.0,0.0,0.0,0,7,0,0.0,0.0,0.0,0.0,0,0,0,0.0,0.0,0.0,0,0,0,0.0,0.0,0.0,0,0
Visual Genome,1716,28,8,20,0,15,372,30,372,402,226,0,0,30,0.016862550000041665,0.023182409999890297,0.022104196000100274,0.06214985300016451,12.127404987812048,11.299959545284514,0,0,0,0,6,9,2,0.4,0.75,0.5217391304347827,0.8845121658533279,6,9,2,0.4,0.75,0.5217391304347827,0.8845121658533279,0,0,0,0.0,0.0,0.0,0,0,0,0.0,0.0,0.0,0,0
Visual Genome,2159,25,3,14,0,8,102,16,102,118,65,0,0,16,0.013943636000021797,0.012059235000151602,0.01148470999987694,0.0374884860000293,6.057708433470597,5.420875985027822,0,0,0,0,2,6,1,0.25,0.6666666666666666,0.36363636363636365,0.8814663573441348,2,6,1,0.25,0.6666666666666666,0.36363636363636365,0.8814663573441348,0,0,0,0.0,0.0,0.0,0,0,0,0.0,0.0,0.0,0,0
Visual Genome,2813,14,0,8,0,0,0,0,0,0,0,0,0,1,0.012357156999996732,0.00492228600000999,0.004663665999942168,0.0219437350001499,,,0,0,0,0,0,0,0,0.0,0.0,0.0,0.0,0,0,0,0.0,0.0,0.0,0.0,0,0,0,0.0,0.0,0.0,0,0,0,0.0,0.0,0.0,0,0
Visual Genome,3040,18,2,15,0,3,12,6,12,18,10,0,0,6,0.014327188999914142,0.006688935000056517,0.006311836000122639,0.02732864199992946,2.577692975997926,2.44199132859707,0,0,0,0,1,2,1,0.3333333333333333,0.5,0.4,0.9134589780294818,1,2,1,0.3333333333333333,0.5,0.4,0.9134589780294818,0,0,0,0.0,0.0,0.0,0,0,0,0.0,0.0,0.0,0,0
Visual Genome,3575,11,1,11,0,1,0,2,0,2,1,0,0,2,0.013334935000102632,0.006864769999992859,0.006241029999955572,0.026441362000014124,0.3771908680597941,0.2761154344677925,0,0,0,0,0,1,1,0.0,0.0,0.0,0.0,0,1,1,0.0,0.0,0.0,0.0,0,0,0,0.0,0.0,0.0,0,0,0,0.0,0.0,0.0,0,0
Visual Genome,3781,62,16,62,0,9,114,18,114,132,82,0,0,18,0.0146210450000126,0.012686149000046498,0.011552068999890253,0.03886000900001818,6.64191254442561,5.866699003633145,0,0,0,0,5,4,11,0.5555555555555556,0.3125,0.39999999999999997,0.6661520308401749,5,4,11,0.5555555555555556,0.3125,0.39999999999999997,0.6661520308401749,0,0,0,0.0,0.0,0.0,0,0,0,0.0,0.0,0.0,0,0
Visual Genome,4218,5,0,3,0,0,0,0,0,0,0,0,0,1,0.011836478000077477,0.004592832000071212,0.004099335000091742,0.02052905800019289,,,0,0,0,0,0,0,0,0.0,0.0,0.0,0.0,0,0,0,0.0,0.0,0.0,0.0,0,0,0,0.0,0.0,0.0,0,0,0,0.0,0.0,0.0,0,0
Visual Genome,4434,8,1,15,0,2,4,4,4,8,5,0,0,4,0.014003434999949604,0.007183874000020296,0.006253259000004618,0.02744129799998518,1.285396679242452,1.1372894760966301,0,0,0,0,0,2,1,0.0,0.0,0.0,0.7734870065833309,0,2,1,0.0,0.0,0.0,0.7734870065833309,0,0,0,0.0,0.0,0.0,0,0,0,0.0,0.0,0.0,0,0
Visual Genome,4483,24,2,13,0,4,18,8,18,26,17,0,0,8,0.055066032000013365,0.00786441700006435,0.006802185999958965,0.06973325800004204,3.4485973183314016,3.332977045476438,0,0,0,0,2,2,0,0.5,1.0,0.6666666666666666,0.9674957532201804,2,2,0,0.5,1.0,0.6666666666666666,0.9674957532201804,0,0,0,0.0,0.0,0.0,0,0,0,0.0,0.0,0.0,0,0
Visual Genome,4525,23,1,13,0,0,0,0,0,0,0,0,0,1,0.012042104000101972,0.005308459999923798,0.004483338999989428,0.021834500000068147,,,0,0,0,0,0,0,1,0.0,0.0,0.0,0.0,0,0,1,0.0,0.0,0.0,0.0,0,0,0,0.0,0.0,0.0,0,0,0,0.0,0.0,0.0,0,0
Visual Genome,285666,4,0,1,0,3,10,6,10,16,10,0,0,6,0.019112074000076973,0.006964483000047039,0.006312996000133353,0.0323901830001887,2.4952497673034673,2.375040296316147,0,0,0,0,0,3,0,0.0,0.0,0.0,0.0,0,3,0,0.0,0.0,0.0,0.0,0,0,0,0.0,0.0,0.0,0,0,0,0.0,0.0,0.0,0,0
Visual Genome,497981,32,1,14,0,4,24,8,24,32,17,0,0,8,0.017513859000018783,0.007933580000099028,0.007754851000072449,0.033202845000005254,2.9293096510569265,2.5829832154512418,0,0,0,0,0,4,1,0.0,0.0,0.0,0.0,0,4,1,0.0,0.0,0.0,0.0,0,0,0,0.0,0.0,0.0,0,0,0,0.0,0.0,0.0,0,0
Visual Genome,498311,27,4,18,0,3,12,6,12,18,10,0,0,6,0.02137432900008207,0.007019736000074772,0.0061315379998632125,0.0345262119999461,2.450601445261082,2.3039193254445403,0,0,0,0,3,0,1,1.0,0.75,0.8571428571428571,0.8355290348399967,3,0,1,1.0,0.75,0.8571428571428571,0.8355290348399967,0,0,0,0.0,0.0,0.0,0,0,0,0.0,0.0,0.0,0,0
Visual Genome,713027,8,1,2,0,5,42,10,42,52,26,0,0,10,0.024723153999957503,0.008310360999985278,0.007387561000086862,0.040421745000003284,3.6227026422818516,3.1737341488897814,0,0,0,0,1,4,0,0.2,1.0,0.33333333333333337,0.7393753385839741,1,4,0,0.2,1.0,0.33333333333333337,0.7393753385839741,0,0,0,0.0,0.0,0.0,0,0,0,0.0,0.0,0.0,0,0
Visual Genome,713431,16,0,8,0,4,22,8,22,30,17,0,0,8,0.01849442899992937,0.0081863059999705,0.006971777999979167,0.03365320299985797,3.4191180245081596,3.2418375429511084,0,0,0,0,0,4,0,0.0,0.0,0.0,0.0,0,4,0,0.0,0.0,0.0,0.0,0,0,0,0.0,0.0,0.0,0,0,0,0.0,0.0,0.0,0,0
Visual Genome,713491,32,0,16,0,19,589,38,589,627,362,0,0,38,0.02229387600004884,0.03297164399987196,0.03237190500021825,0.08763827699999638,15.167105811505744,14.00244643943432,0,0,0,0,0,19,0,0.0,0.0,0.0,0.0,0,19,0,0.0,0.0,0.0,0.0,0,0,0,0.0,0.0,0.0,0,0,0,0.0,0.0,0.0,0,0
Visual Genome,1159279,36,5,23,0,17,525,34,525,559,290,0,0,34,0.024124491000065973,0.031211049999910756,0.02862754800003131,0.08396388000005572,14.325144956559711,13.570698104153845,0,0,0,0,4,13,1,0.23529411764705882,0.8,0.3636363636363636,0.8425969705101859,4,13,1,0.23529411764705882,0.8,0.3636363636363636,0.8425969705101859,0,0,0,0.0,0.0,0.0,0,0,0,0.0,0.0,0.0,0,0
Visual Genome,1159540,26,12,42,1,18,561,36,561,597,325,0,0,36,0.02419594999992114,0.03346952000015335,0.03317559400011305,0.09084191299984923,14.555710713719561,13.521038455968334,0,0,0,0,11,7,1,0.6111111111111112,0.9166666666666666,0.7333333333333334,0.8354765472541626,11,7,1,0.6111111111111112,0.9166666666666666,0.7333333333333334,0.8354765472541626,0,4,1,0.0,0.0,0.0,0,4,1,0.0,0.0,0.0,0,0
Visual Genome,1159694,18,4,10,0,13,311,26,311,337,170,0,0,26,0.02156709900009446,0.02067418399997223,0.020051901999977417,0.062293833000012455,11.235788588520888,10.771311124758922,0,0,0,0,3,10,1,0.23076923076923078,0.75,0.3529411764705882,0.8296596976299591,3,10,1,0.23076923076923078,0.75,0.3529411764705882,0.8296596976299591,0,0,0,0.0,0.0,0.0,0,0,0,0.0,0.0,0.0,0,0
Visual Genome,1159744,41,12,32,0,23,906,46,906,952,530,0,0,46,0.02486958899999081,0.0471088450001389,0.046222111000133737,0.11820144700004676,20.139875265898247,19.42050779749149,0,0,0,0,10,13,2,0.43478260869565216,0.8333333333333334,0.5714285714285714,0.8698763170042644,10,13,2,0.43478260869565216,0.8333333333333334,0.5714285714285714,0.8698763170042644,0,0,0,0.0,0.0,0.0,0,0,0,0.0,0.0,0.0,0,0
Visual Genome,1159873,5,0,4,0,8,101,16,101,117,65,0,0,16,0.020564878999948633,0.01134190499988108,0.010641007999993235,0.04254838900010327,6.627297252019249,6.251724035143854,0,0,0,0,0,8,0,0.0,0.0,0.0,0.0,0,8,0,0.0,0.0,0.0,0.0,0,0,0,0.0,0.0,0.0,0,0,0,0.0,0.0,0.0,0,0
Visual Genome,1159972,34,2,29,0,9,114,18,114,132,82,0,0,18,0.02096923199997036,0.01271461500004989,0.011242831000117803,0.0449272859998473,7.451251595020297,7.026892877966168,0,0,0,0,0,9,2,0.0,0.0,0.0,0.0,0,9,2,0.0,0.0,0.0,0.0,0,0,0,0.0,0.0,0.0,0,0,0,0.0,0.0,0.0,0,0
Visual Genome,1159995,19,2,10,0,5,34,10,34,44,26,0,0,10,0.021675619000006918,0.008156438000014532,0.007008561000020563,0.03684124400001565,4.207706399758658,4.0000519563257715,0,0,0,0,2,3,0,0.4,1.0,0.5714285714285715,0.6924770637989253,2,3,0,0.4,1.0,0.5714285714285715,0.6924770637989253,0,0,0,0.0,0.0,0.0,0,0,0,0.0,0.0,0.0,0,0
Visual Genome,1160034,11,9,16,0,11,163,22,163,185,120,0,0,22,0.020148684999867328,0.014897898000072018,0.014861260000088805,0.04990847799990661,8.819616551510263,8.162131864042847,0,0,0,0,6,5,3,0.5454545454545454,0.6666666666666666,0.6,0.89110472777296,6,5,3,0.5454545454545454,0.6666666666666666,0.6,0.89110472777296,0,0,0,0.0,0.0,0.0,0,0,0,0.0,0.0,0.0,0,0
Visual Genome,1591822,35,2,22,0,8,109,16,109,125,65,0,0,16,0.021347515999877942,0.012480141999958505,0.011431851999986975,0.04526024500000858,6.321787496147637,5.794826367982313,0,0,0,0,1,7,1,0.125,0.5,0.2,0.6235740313892145,1,7,1,0.125,0.5,0.2,0.6235740313892145,0,0,0,0.0,0.0,0.0,0,0,0,0.0,0.0,0.0,0,0
Visual Genome,1591881,31,3,25,0,12,242,24,242,266,145,0,0,24,0.022680406000063158,0.01891767000006439,0.0186573609998959,0.06025607400010813,10.021616909319018,9.476957071089602,0,0,0,0,1,11,2,0.08333333333333333,0.3333333333333333,0.13333333333333333,0.6787048330779393,1,11,2,0.08333333333333333,0.3333333333333333,0.13333333333333333,0.6787048330779393,0,0,0,0.0,0.0,0.0,0,0,0,0.0,0.0,0.0,0,0
Visual Genome,1592256,29,3,19,0,9,125,18,125,143,82,0,0,18,0.01905617599982179,0.013571747000014511,0.01150293499995314,0.04413149299989527,7.100584838390353,6.519201084226372,0,0,0,0,2,7,1,0.2222222222222222,0.6666666666666666,0.3333333333333333,0.8159010489979763,2,7,1,0.2222222222222222,0.6666666666666666,0.3333333333333333,0.8159010489979763,0,0,0,0.0,0.0,0.0,0,0,0,0.0,0.0,0.0,0,0
Visual Genome,1592323,51,1,63,0,9,123,18,123,141,82,0,0,18,0.01964494599997124,0.01194157399982032,0.012080243000127666,0.04366733500000919,7.7466627407074,7.444161121249201,0,0,0,0,1,8,0,0.1111111111111111,1.0,0.19999999999999998,0.776802185012198,1,8,0,0.1111111111111111,1.0,0.19999999999999998,0.776802185012198,0,0,0,0.0,0.0,0.0,0,0,0,0.0,0.0,0.0,0,0
Visual Genome,1592611,40,0,27,0,1,0,2,0,2,1,0,0,2,0.019543896000186578,0.006281208000018523,0.005473278000181381,0.0312989420001486,0.6021134773890178,0.5938186201453208,0,0,0,0,0,1,0,0.0,0.0,0.0,0.0,0,1,0,0.0,0.0,0.0,0.0,0,0,0,0.0,0.0,0.0,0,0,0,0.0,0.0,0.0,0,0
Visual Genome,1592779,18,0,3,0,1,0,2,0,2,1,0,0,2,0.031333314999983486,0.006942692999928113,0.006474837000041589,0.04475158599984752,0.6368072907129924,0.642823631465435,0,0,0,0,0,1,0,0.0,0.0,0.0,0.0,0,1,0,0.0,0.0,0.0,0.0,0,0,0,0.0,0.0,0.0,0,0,0,0.0,0.0,0.0,0,0
Visual Genome,1592852,19,0,18,0,2,3,4,3,7,5,0,0,4,0.021017395999933797,0.006602802000088559,0.00598138299983475,0.033602142000063395,1.5564013036092126,1.5530835080146792,0,0,0,0,0,2,0,0.0,0.0,0.0,0.0,0,2,0,0.0,0.0,0.0,0.0,0,0,0,0.0,0.0,0.0,0,0,0,0.0,0.0,0.0,0,0
Visual Genome,1592930,31,5,25,0,13,310,26,310,336,170,0,0,26,0.021977732999857835,0.021080332000110502,0.02410000399981982,0.06715897000003679,10.16419013471176,9.300193362740375,0,0,0,0,2,11,3,0.15384615384615385,0.4,0.2222222222222222,0.6453768870996018,2,11,3,0.15384615384615385,0.4,0.2222222222222222,0.6453768870996018,0,0,0,0.0,0.0,0.0,0,0,0,0.0,0.0,0.0,0,0
Visual Genome,1593021,24,4,27,0,19,602,38,602,640,362,0,0,38,0.02300310400005401,0.3191762689998541,0.03408964600021136,0.37626978100001907,15.99663134711258,15.146919388098242,0,0,0,0,4,15,0,0.21052631578947367,1.0,0.34782608695652173,0.8217650179857863,4,15,0,0.21052631578947367,1.0,0.34782608695652173,0.8217650179857863,0,0,0,0.0,0.0,0.0,0,0,0,0.0,0.0,0.0,0,0
Visual Genome,1593068,19,1,14,0,11,200,22,200,222,122,0,0,22,0.02059893099999499,0.018293594999931884,0.016230393000114418,0.055123605000062526,8.579836629207195,7.842285190796119,0,0,0,0,1,10,0,0.09090909090909091,1.0,0.16666666666666669,0.8701733024820818,1,10,0,0.09090909090909091,1.0,0.16666666666666669,0.8701733024820818,0,0,0,0.0,0.0,0.0,0,0,0,0.0,0.0,0.0,0,0
Visual Genome,1593241,43,3,36,0,3,10,6,10,16,10,0,0,6,0.021088491999989856,0.0067292969999925845,0.0064324459999625105,0.03425080400006664,2.631452021598817,2.550925980508328,0,0,0,0,1,2,2,0.3333333333333333,0.3333333333333333,0.3333333333333333,0.8156696063298604,1,2,2,0.3333333333333333,0.3333333333333333,0.3333333333333333,0.8156696063298604,0,0,0,0.0,0.0,0.0,0,0,0,0.0,0.0,0.0,0,0
Visual Genome,1593259,21,0,18,0,4,14,8,14,22,17,0,0,8,0.019984356000122716,0.008107643999892389,0.007549108999910459,0.035641708000184735,3.4349237934748342,3.3466631916165364,0,0,0,0,0,4,0,0.0,0.0,0.0,0.0,0,4,0,0.0,0.0,0.0,0.0,0,0,0,0.0,0.0,0.0,0,0,0,0.0,0.0,0.0,0,0
Visual Genome,2315399,12,2,7,0,5,30,10,30,40,26,0,0,10,0.012636092000093413,0.009063695999884658,0.007719194999936008,0.029419617000030485,3.8201230627756178,3.450461540367291,0,0,0,0,1,4,1,0.2,0.5,0.28571428571428575,0.5988938412361628,1,4,1,0.2,0.5,0.28571428571428575,0.5988938412361628,0,0,0,0.0,0.0,0.0,0,0,0,0.0,0.0,0.0,0,0
Visual Genome,2315969,22,2,16,0,2,5,4,5,9,5,0,0,4,0.01334531599991351,0.006619679000095857,0.006992608000018663,0.026958220000096844,1.3352857025464377,1.2407577215135097,0,0,0,0,1,1,1,0.5,0.5,0.5,0.9220600539057656,1,1,1,0.5,0.5,0.5,0.9220600539057656,0,0,0,0.0,0.0,0.0,0,0,0,0.0,0.0,0.0,0,0
Visual Genome,2316439,33,2,27,0,3,14,6,14,20,10,0,0,6,0.013847005000116042,0.0075299180000456545,0.00640163200000643,0.027779256000030728,2.681041651871797,2.6161378126412598,0,0,0,0,2,1,0,0.6666666666666666,1.0,0.8,0.9267288609740352,2,1,0,0.6666666666666666,1.0,0.8,0.9267288609740352,0,0,0,0.0,0.0,0.0,0,0,0,0.0,0.0,0.0,0,0
Visual Genome,2316445,35,2,34,0,3,8,6,8,14,10,0,0,6,0.014812528999982533,0.0063735829999131965,0.006003971999916757,0.0271907020000981,2.5079620409011847,2.4094963827729226,0,0,0,0,1,2,1,0.3333333333333333,0.5,0.4,0.9618071904725842,1,2,1,0.3333333333333333,0.5,0.4,0.9618071904725842,0,0,0,0.0,0.0,0.0,0,0,0,0.0,0.0,0.0,0,0
Visual Genome,2316585,21,0,12,0,10,166,20,166,186,101,0,0,20,0.014995507000094221,0.014858163999861063,0.014038835999826915,0.04389306600000964,7.9500608182496375,7.320414581700817,0,0,0,0,0,10,0,0.0,0.0,0.0,0.0,0,10,0,0.0,0.0,0.0,0.0,0,0,0,0.0,0.0,0.0,0,0,0,0.0,0.0,0.0,0,0
Visual Genome,2316628,25,2,36,0,2,2,4,2,6,5,0,0,4,0.013503232999937609,0.006327165000129753,0.005909283999926629,0.025740263999978197,1.4710322650273642,1.4324997410178186,0,0,0,0,1,1,1,0.5,0.5,0.5,0.8945761929588115,1,1,1,0.5,0.5,0.5,0.8945761929588115,0,0,0,0.0,0.0,0.0,0,0,0,0.0,0.0,0.0,0,0
Visual Genome,2316897,15,1,21,0,1,0,2,0,2,1,0,0,2,0.013861759000064922,0.0065076459998181235,0.00566850100017291,0.026038489000029585,0.5468794743220011,0.51580059081316,0,0,0,0,0,1,1,0.0,0.0,0.0,0.0,0,1,1,0.0,0.0,0.0,0.0,0,0,0,0.0,0.0,0.0,0,0,0,0.0,0.0,0.0,0,0
Visual Genome,2317399,34,2,36,0,1,0,2,0,2,1,0,0,2,0.012744051999789008,0.006739061999951446,0.006416302000161522,0.025900144999923214,0.42590518395106,0.34492440566420557,0,0,0,0,1,0,1,1.0,0.5,0.6666666666666666,0.653543668096767,1,0,1,1.0,0.5,0.6666666666666666,0.653543668096767,0,0,0,0.0,0.0,0.0,0,0,0,0.0,0.0,0.0,0,0
Visual Genome,2317578,14,0,9,0,17,523,34,523,557,290,0,0,34,0.016142480000098658,0.02997457299989037,0.029186721999849397,0.07530441200015048,13.523255986012026,12.40120785160562,0,0,0,0,0,17,0,0.0,0.0,0.0,0.0,0,17,0,0.0,0.0,0.0,0.0,0,0,0,0.0,0.0,0.0,0,0,0,0.0,0.0,0.0,0,0
Visual Genome,2318115,26,3,22,0,2,4,4,4,8,5,0,0,4,0.012641788999872006,0.006962992000126178,0.006005598000001555,0.025611008999931073,1.1838766368230185,1.0268924161791801,0,0,0,0,0,2,3,0.0,0.0,0.0,0.5385246586041468,0,2,3,0.0,0.0,0.0,0.5385246586041468,0,0,0,0.0,0.0,0.0,0,0,0,0.0,0.0,0.0,0,0
Visual Genome,2318369,25,1,19,0,2,4,4,4,8,5,0,0,4,0.012856630999976915,0.0063781210001252475,0.005674419000115449,0.024909767000053762,1.471520951588949,1.4331900107860567,0,0,0,0,0,2,1,0.0,0.0,0.0,0.0,0,2,1,0.0,0.0,0.0,0.0,0,0,0,0.0,0.0,0.0,0,0,0,0.0,0.0,0.0,0,0
Visual Genome,2318440,45,7,22,0,18,518,36,518,554,325,0,0,36,0.016252146999931938,0.029889861999890854,0.02959081500011962,0.07573345399987375,14.632175454657654,13.657678950887298,0,0,0,0,7,11,0,0.3888888888888889,1.0,0.56,0.8341131472950086,7,11,0,0.3888888888888889,1.0,0.56,0.8341131472950086,0,0,0,0.0,0.0,0.0,0,0,0,0.0,0.0,0.0,0,0
Visual Genome,2318496,24,3,16,0,1,0,2,0,2,1,0,0,2,0.013858210000080362,0.006265130999963731,0.0059024220001901995,0.026026444000081028,0.6368696371714274,0.6429116958379746,0,0,0,0,1,0,2,1.0,0.3333333333333333,0.5,0.9727585314413646,1,0,2,1.0,0.3333333333333333,0.5,0.9727585314413646,0,0,0,0.0,0.0,0.0,0,0,0,0.0,0.0,0.0,0,0
Visual Genome,2318583,31,1,19,0,5,42,10,42,52,26,0,0,10,0.012105235000035464,0.009804647000009936,0.00842503199987732,0.03033557200001269,3.894055663233259,3.5106724485608525,0,0,0,0,0,5,1,0.0,0.0,0.0,0.0,0,5,1,0.0,0.0,0.0,0.0,0,0,0,0.0,0.0,0.0,0,0,0,0.0,0.0,0.0,0,0
Visual Genome,2318913,20,1,22,0,4,21,8,21,29,17,0,0,8,0.012185369000007995,0.008122185000047466,0.007366284999989148,0.027674478000108138,3.2049075663031403,2.960709116502729,0,0,0,0,1,3,0,0.25,1.0,0.4,0.8794220349310278,1,3,0,0.25,1.0,0.4,0.8794220349310278,0,0,0,0.0,0.0,0.0,0,0,0,0.0,0.0,0.0,0,0
Visual Genome,2318942,38,0,26,0,1,0,2,0,2,1,0,0,2,0.014853911000045628,0.006164875000195025,0.005525155000213999,0.02654445999996824,0.5936402241388956,0.5818501499295234,0,0,0,0,0,1,0,0.0,0.0,0.0,0.0,0,1,0,0.0,0.0,0.0,0.0,0,0,0,0.0,0.0,0.0,0,0,0,0.0,0.0,0.0,0,0
Visual Genome,2319079,13,0,19,0,1,0,2,0,2,1,0,0,2,0.05399424900019767,0.006412402000023576,0.005609536000065418,0.06601667000018097,0.624840752283732,0.6259208959341049,0,0,0,0,0,1,0,0.0,0.0,0.0,0.0,0,1,0,0.0,0.0,0.0,0.0,0,0,0,0.0,0.0,0.0,0,0,0,0.0,0.0,0.0,0,0
Visual Genome,2319149,15,0,9,0,1,0,2,0,2,1,0,0,2,0.015405449999889242,0.005993924999984301,0.005691896999906021,0.027092113999970024,0.5748338381449382,0.5552861297130585,0,0,0,0,0,1,0,0.0,0.0,0.0,0.0,0,1,0,0.0,0.0,0.0,0.0,0,0,0,0.0,0.0,0.0,0,0,0,0.0,0.0,0.0,0,0
Visual Genome,2319501,35,0,32,0,3,8,6,8,14,10,0,0,6,0.014669655000034254,0.007879301999992094,0.007348589000002903,0.029898511000055805,2.293679914474488,2.0738228791952142,0,0,0,0,0,3,0,0.0,0.0,0.0,0.0,0,3,0,0.0,0.0,0.0,0.0,0,0,0,0.0,0.0,0.0,0,0,0,0.0,0.0,0.0,0,0
Visual Genome,2319669,46,6,56,0,9,131,18,131,149,82,0,0,18,0.01542746400014039,0.013233635000005961,0.012803093999991688,0.041464810999968904,7.2734933963700525,6.77001730787599,0,0,0,0,2,7,4,0.2222222222222222,0.3333333333333333,0.26666666666666666,0.9062500736351848,2,7,4,0.2222222222222222,0.3333333333333333,0.26666666666666666,0.9062500736351848,0,0,0,0.0,0.0,0.0,0,0,0,0.0,0.0,0.0,0,0
Visual Genome,2319710,18,0,37,0,1,0,2,0,2,1,0,0,2,0.011686344999816356,0.006222964000016873,0.005703354000161198,0.023613255999862304,0.6129119078318278,0.6090714031457901,0,0,0,0,0,1,0,0.0,0.0,0.0,0.0,0,1,0,0.0,0.0,0.0,0.0,0,0,0,0.0,0.0,0.0,0,0,0,0.0,0.0,0.0,0,0
Visual Genome,2320251,17,3,15,0,6,52,12,52,64,37,0,0,12,0.013351904000046488,0.00959861199999068,0.008783558999994057,0.03173485199999959,5.107084100922951,4.869011660447727,0,0,0,0,3,3,0,0.5,1.0,0.6666666666666666,0.846949519283982,3,3,0,0.5,1.0,0.6666666666666666,0.846949519283982,0,0,0,0.0,0.0,0.0,0,0,0,0.0,0.0,0.0,0,0
Visual Genome,2320648,25,0,13,0,4,24,8,24,32,17,0,0,8,0.01417727900002319,0.007535355000072741,0.0069735600000058184,0.0286867390000225,3.24318946282069,3.0263384495675574,0,0,0,0,0,4,0,0.0,0.0,0.0,0.0,0,4,0,0.0,0.0,0.0,0.0,0,0,0,0.0,0.0,0.0,0,0,0,0.0,0.0,0.0,0,0
Visual Genome,2320698,33,1,21,0,17,505,34,505,539,290,0,0,34,0.016734063000058086,0.03148780600008649,0.030049922999978662,0.07827245300018149,13.233295024012325,12.035148875042596,0,0,0,0,1,16,0,0.058823529411764705,1.0,0.1111111111111111,0.5606073482804698,1,16,0,0.058823529411764705,1.0,0.1111111111111111,0.5606073482804698,0,0,0,0.0,0.0,0.0,0,0,0,0.0,0.0,0.0,0,0
Visual Genome,2320927,8,0,3,0,1,0,2,0,2,1,0,0,2,0.014489296999954604,0.006308613000101104,0.00566308499992374,0.026461536999931923,0.6494154373804728,0.6606326386332513,0,0,0,0,0,1,0,0.0,0.0,0.0,0.0,0,1,0,0.0,0.0,0.0,0.0,0,0,0,0.0,0.0,0.0,0,0,0,0.0,0.0,0.0,0,0
Visual Genome,2320957,46,2,28,0,18,567,36,567,603,325,0,0,36,0.016280578000078094,0.033628404999944905,0.032208698999966145,0.08211844900006326,14.865171803764241,13.965043993822473,0,0,0,0,2,16,0,0.1111111111111111,1.0,0.19999999999999998,0.7217771505586337,2,16,0,0.1111111111111111,1.0,0.19999999999999998,0.7217771505586337,0,0,0,0.0,0.0,0.0,0,0,0,0.0,0.0,0.0,0,0
Visual Genome,2321001,13,1,37,0,3,10,6,10,16,10,0,0,6,0.013941883999905258,0.007073551000075895,0.007093536999946082,0.028109589999985474,2.519432327747346,2.392698162943126,0,0,0,0,1,2,0,0.3333333333333333,1.0,0.5,0.9754633261690219,1,2,0,0.3333333333333333,1.0,0.5,0.9754633261690219,0,0,0,0.0,0.0,0.0,0,0,0,0.0,0.0,0.0,0,0
Visual Genome,2321381,27,1,14,0,2,2,4,2,6,5,0,0,4,0.011199132000001555,0.006152601999929175,0.0059184240001286526,0.02327083299996957,1.414297712643941,1.3688621857762335,0,0,0,0,0,2,1,0.0,0.0,0.0,0.0,0,2,1,0.0,0.0,0.0,0.0,0,0,0,0.0,0.0,0.0,0,0,0,0.0,0.0,0.0,0,0
Visual Genome,2322129,22,2,23,0,3,10,6,10,16,10,0,0,6,0.051103183999885005,0.0066215859999374516,0.006185949999917284,0.06391132499993546,2.588338155746461,2.5065276449918756,0,0,0,0,1,2,1,0.3333333333333333,0.5,0.4,0.9178453088764963,1,2,1,0.3333333333333333,0.5,0.4,0.9178453088764963,0,0,0,0.0,0.0,0.0,0,0,0,0.0,0.0,0.0,0,0
Visual Genome,2322284,20,0,12,0,2,2,4,2,6,5,0,0,4,0.014326304999940476,0.005966960000023391,0.005713501999935033,0.026007355000047028,1.357858851750692,1.2726422947645188,0,0,0,0,0,2,0,0.0,0.0,0.0,0.0,0,2,0,0.0,0.0,0.0,0.0,0,0,0,0.0,0.0,0.0,0,0,0,0.0,0.0,0.0,0,0
Visual Genome,2322814,33,1,36,0,1,0,2,0,2,1,0,0,2,0.013889673999983643,0.006206501000178832,0.005240802999878724,0.025337625000020125,0.5520261208216349,0.5230702289938927,0,0,0,0,0,1,1,0.0,0.0,0.0,0.9343860740934696,0,1,1,0.0,0.0,0.0,0.9343860740934696,0,0,0,0.0,0.0,0.0,0,0,0,0.0,0.0,0.0,0,0
Visual Genome,2322943,13,0,18,0,3,12,6,12,18,10,0,0,6,0.014055365000103848,0.006743397000036566,0.006281250000029104,0.027080651999995098,2.5556212282180795,2.4438149848580366,0,0,0,0,0,3,0,0.0,0.0,0.0,0.0,0,3,0,0.0,0.0,0.0,0.0,0,0,0,0.0,0.0,0.0,0,0,0,0.0,0.0,0.0,0,0
Visual Genome,2323305,9,0,1,0,1,0,2,0,2,1,0,0,2,0.013356083999951807,0.006853941000144914,0.005843435999850044,0.026054101999989143,0.3908850351969401,0.29545844554901124,0,0,0,0,0,1,0,0.0,0.0,0.0,0.0,0,1,0,0.0,0.0,0.0,0.0,0,0,0,0.0,0.0,0.0,0,0,0,0.0,0.0,0.0,0,0
Visual Genome,2323847,19,2,41,0,10,162,20,162,182,101,0,0,20,0.014121994000106497,0.016013407999935225,0.015405540000074325,0.04554182500010029,8.255503639079985,7.765958478597659,0,0,0,0,2,8,0,0.2,1.0,0.33333333333333337,0.9033838555081262,2,8,0,0.2,1.0,0.33333333333333337,0.9033838555081262,0,0,0,0.0,0.0,0.0,0,0,0,0.0,0.0,0.0,0,0
Visual Genome,2324675,12,1,12,0,6,58,12,58,70,37,0,0,12,0.01291960300000028,0.009717175999867322,0.009125403000098231,0.0317629589999342,4.852659482607508,4.506023244211339,0,0,0,0,1,5,0,0.16666666666666666,1.0,0.2857142857142857,0.9585482759962924,1,5,0,0.16666666666666666,1.0,0.2857142857142857,0.9585482759962924,0,0,0,0.0,0.0,0.0,0,0,0,0.0,0.0,0.0,0,0
Visual Genome,2324842,36,4,27,0,6,50,12,50,62,37,0,0,12,0.014848436999955084,0.009197859999858338,0.008740440000110539,0.03278741999997692,5.247487695217134,5.0800763694942015,0,0,0,0,4,2,0,0.6666666666666666,1.0,0.8,0.9047986782062509,4,2,0,0.6666666666666666,1.0,0.8,0.9047986782062509,0,0,0,0.0,0.0,0.0,0,0,0,0.0,0.0,0.0,0,0
Visual Genome,2324854,17,1,24,0,6,57,12,57,69,37,0,0,12,0.014163265999968644,0.009847398999909274,0.008503547000145772,0.03251486199997089,4.7602282047271745,4.3794473391771325,0,0,0,0,0,6,1,0.0,0.0,0.0,0.0,0,6,1,0.0,0.0,0.0,0.0,0,0,0,0.0,0.0,0.0,0,0,0,0.0,0.0,0.0,0,0
Visual Genome,2324932,34,2,27,0,18,574,36,574,610,325,0,0,36,0.01677359600012096,0.03173155600006794,0.03158351699994455,0.08008944300013354,13.937866180842018,12.646840351675845,0,0,0,0,1,17,1,0.05555555555555555,0.5,0.09999999999999999,0.6485480486290633,1,17,1,0.05555555555555555,0.5,0.09999999999999999,0.6485480486290633,0,0,0,0.0,0.0,0.0,0,0,0,0.0,0.0,0.0,0,0
Visual Genome,2325308,43,0,48,0,4,34,8,34,42,17,0,0,8,0.014454384999908143,0.008925526999973954,0.00877524599991375,0.032155848999991576,3.4854282394312923,3.36446972422432,0,0,0,0,0,4,0,0.0,0.0,0.0,0.0,0,4,0,0.0,0.0,0.0,0.0,0,0,0,0.0,0.0,0.0,0,0,0,0.0,0.0,0.0,0,0
Visual Genome,2326698,24,8,8,0,1,0,2,0,2,1,0,0,2,0.013909088000218617,0.006111623999913718,0.005259234000050128,0.02528063700015082,0.6206393639246623,0.6199864348769188,0,0,0,0,0,1,8,0.0,0.0,0.0,0.0,0,1,8,0.0,0.0,0.0,0.0,0,0,0,0.0,0.0,0.0,0,0,0,0.0,0.0,0.0,0,0
Visual Genome,2326699,20,6,7,0,2,4,4,4,8,5,0,0,4,0.013495427999941967,0.0068000589999428485,0.006087790000037785,0.026384298000039053,1.4001966150601706,1.3324443854391577,0,0,0,0,2,0,4,1.0,0.3333333333333333,0.5,0.9313888542796381,2,0,4,1.0,0.3333333333333333,0.5,0.9313888542796381,0,0,0,0.0,0.0,0.0,0,0,0,0.0,0.0,0.0,0,0
Visual Genome,2326969,30,2,26,0,2,2,4,2,6,5,0,0,4,0.014296263000005638,0.006825832000004084,0.005815971999936664,0.02693900200006283,1.2692853363355003,1.1475322042405607,0,0,0,0,1,1,1,0.5,0.5,0.5,0.7977640374410985,1,1,1,0.5,0.5,0.5,0.7977640374410985,0,0,0,0.0,0.0,0.0,0,0,0,0.0,0.0,0.0,0,0
Visual Genome,2327066,14,0,6,0,2,5,4,5,9,5,0,0,4,0.01246916499985673,0.0068335639998622355,0.005604505000064819,0.024907949999942502,1.373117569287618,1.2941952332854272,0,0,0,0,0,2,0,0.0,0.0,0.0,0.0,0,2,0,0.0,0.0,0.0,0.0,0,0,0,0.0,0.0,0.0,0,0,0,0.0,0.0,0.0,0,0
Visual Genome,2327344,19,2,11,0,4,23,8,23,31,17,0,0,8,0.019001527999989776,0.010590195000077074,0.009795406000193907,0.0393882799999119,3.266570223967235,3.0469887746870525,0,0,0,0,2,2,0,0.5,1.0,0.6666666666666666,0.8164031548649267,2,2,0,0.5,1.0,0.6666666666666666,0.8164031548649267,0,0,0,0.0,0.0,0.0,0,0,0,0.0,0.0,0.0,0,0
Visual Genome,2327444,25,3,27,1,2,4,4,4,8,5,0,0,4,0.012997232000088843,0.0063253099999656115,0.006052132000149868,0.025375371000109226,1.2454339536031087,1.1138421261310578,0,0,0,0,0,2,3,0.0,0.0,0.0,0.9245800110095818,0,2,3,0.0,0.0,0.0,0.9245800110095818,0,0,1,0.0,0.0,0.0,0,0,1,0.0,0.0,0.0,0,0
Visual Genome,2327650,14,0,7,0,2,4,4,4,8,5,0,0,4,0.0156097490000775,0.006879022000020996,0.0054869840000719705,0.02797628500002247,1.5797962697347008,1.5861288976669314,0,0,0,0,0,2,0,0.0,0.0,0.0,0.0,0,2,0,0.0,0.0,0.0,0.0,0,0,0,0.0,0.0,0.0,0,0,0,0.0,0.0,0.0,0,0
Visual Genome,2327696,9,1,38,0,4,23,8,23,31,17,0,0,8,0.013951614999996309,0.007666857000003802,0.0074931399999513815,0.029112303999909273,3.4526605335871388,3.3222163370251665,0,0,0,0,0,4,1,0.0,0.0,0.0,0.0,0,4,1,0.0,0.0,0.0,0.0,0,0,0,0.0,0.0,0.0,0,0,0,0.0,0.0,0.0,0,0
Visual Genome,2327918,10,0,15,0,4,24,8,24,32,17,0,0,8,0.01408113500019681,0.0084599019999132,0.007088769999882061,0.029630472000008012,3.564690109888714,3.480458113551141,0,0,0,0,0,4,0,0.0,0.0,0.0,0.0,0,4,0,0.0,0.0,0.0,0.0,0,0,0,0.0,0.0,0.0,0,0,0,0.0,0.0,0.0,0,0
Visual Genome,2328070,20,4,12,0,15,389,30,389,419,226,0,0,30,0.017100603000017145,0.02626600899998266,0.023147481000023618,0.06651471800000763,12.345642237180755,11.576201494449661,0,0,0,0,2,13,2,0.13333333333333333,0.5,0.2105263157894737,0.6292557789268508,2,13,2,0.13333333333333333,0.5,0.2105263157894737,0.6292557789268508,0,0,0,0.0,0.0,0.0,0,0,0,0.0,0.0,0.0,0,0
Visual Genome,2328175,26,2,11,0,5,40,10,40,50,26,0,0,10,0.014279557000008936,0.008114212000009502,0.007351424000034967,0.02974581200010107,4.384150787194571,4.249279653578998,0,0,0,0,2,3,0,0.4,1.0,0.5714285714285715,0.9330003665863946,2,3,0,0.4,1.0,0.5714285714285715,0.9330003665863946,0,0,0,0.0,0.0,0.0,0,0,0,0.0,0.0,0.0,0,0
Visual Genome,2328345,9,0,23,0,5,32,10,32,42,26,0,0,10,0.013404447000084474,0.008222621999948387,0.007294994999938353,0.02892273599991313,3.966554582913718,3.626425015032293,0,0,0,0,0,5,0,0.0,0.0,0.0,0.0,0,5,0,0.0,0.0,0.0,0.0,0,0,0,0.0,0.0,0.0,0,0,0,0.0,0.0,0.0,0,0
Visual Genome,2328417,11,0,8,0,5,34,10,34,44,26,0,0,10,0.015048642000010659,0.009255870999822946,0.008110374999887426,0.032415556999922046,4.604679210980734,4.560776052176953,0,0,0,0,0,5,0,0.0,0.0,0.0,0.0,0,5,0,0.0,0.0,0.0,0.0,0,0,0,0.0,0.0,0.0,0,0,0,0.0,0.0,0.0,0,0
Visual Genome,2328583,12,0,5,0,6,47,12,47,59,37,0,0,12,0.015343842999982371,0.009395061000077476,0.008906534000061583,0.0336460989999523,5.461806821823121,5.370427135825159,0,0,0,0,0,6,0,0.0,0.0,0.0,0.0,0,6,0,0.0,0.0,0.0,0.0,0,0,0,0.0,0.0,0.0,0,0,0,0.0,0.0,0.0,0,0
Visual Genome,2329266,15,0,16,0,2,4,4,4,8,5,0,0,4,0.01334497600009854,0.006527516000005562,0.005562134000001606,0.02543525999999474,1.2472136114371772,1.1314525959723152,0,0,0,0,0,2,0,0.0,0.0,0.0,0.0,0,2,0,0.0,0.0,0.0,0.0,0,0,0,0.0,0.0,0.0,0,0,0,0.0,0.0,0.0,0,0
Visual Genome,2330342,23,0,22,0,2,4,4,4,8,5,0,0,4,0.014702604999911273,0.006520151999893642,0.005585200000041368,0.026808646000063163,1.528381470044454,1.513505493104458,0,0,0,0,0,2,0,0.0,0.0,0.0,0.0,0,2,0,0.0,0.0,0.0,0.0,0,0,0,0.0,0.0,0.0,0,0,0,0.0,0.0,0.0,0,0
Visual Genome,2331047,31,2,28,0,6,48,12,48,60,37,0,0,12,0.01296635099993182,0.008695173000205614,0.00809770900013973,0.029759911999917676,5.138137443065645,4.925619138330223,0,0,0,0,1,5,1,0.16666666666666666,0.5,0.25,0.838841774528702,1,5,1,0.16666666666666666,0.5,0.25,0.838841774528702,0,0,0,0.0,0.0,0.0,0,0,0,0.0,0.0,0.0,0,0
Visual Genome,2331383,18,1,10,0,3,13,6,13,19,10,0,0,6,0.014166643000180557,0.007513237000011941,0.00682409999990341,0.028504713000074844,2.5029084345184582,2.322878810115935,0,0,0,0,1,2,0,0.3333333333333333,1.0,0.5,0.8839755286819685,1,2,0,0.3333333333333333,1.0,0.5,0.8839755286819685,0,0,0,0.0,0.0,0.0,0,0,0,0.0,0.0,0.0,0,0
Visual Genome,2331993,36,13,21,0,4,20,8,20,28,17,0,0,8,0.014250093000100605,0.007944600999962859,0.007056677000036871,0.029251971000121557,3.095568733216313,2.8176834548026197,0,0,0,0,4,0,9,1.0,0.3076923076923077,0.47058823529411764,0.831566404058143,4,0,9,1.0,0.3076923076923077,0.47058823529411764,0.831566404058143,0,0,0,0.0,0.0,0.0,0,0,0,0.0,0.0,0.0,0,0
Visual Genome,2332038,22,2,10,0,6,53,12,53,65,37,0,0,12,0.014487270000017816,0.009339586999885796,0.008758248000049207,0.03258586399988417,4.845242469310762,4.445904987901451,0,0,0,0,0,6,2,0.0,0.0,0.0,0.0,0,6,2,0.0,0.0,0.0,0.0,0,0,0,0.0,0.0,0.0,0,0,0,0.0,0.0,0.0,0,0
Visual Genome,2332066,17,1,16,0,2,2,4,2,6,5,0,0,4,0.01271898400000282,0.006525610999915443,0.005534291999993002,0.024779624000075273,1.5453911574681602,1.5375316765904428,0,0,0,0,1,1,0,0.5,1.0,0.6666666666666666,0.9820808154422621,1,1,0,0.5,1.0,0.6666666666666666,0.9820808154422621,0,0,0,0.0,0.0,0.0,0,0,0,0.0,0.0,0.0,0,0
Visual Genome,2332239,14,0,11,0,5,38,10,38,48,26,0,0,10,0.015431698999918808,0.008517555000025823,0.007610711999859632,0.03156063400001585,4.265603197613315,4.055353865821119,0,0,0,0,0,5,0,0.0,0.0,0.0,0.0,0,5,0,0.0,0.0,0.0,0.0,0,0,0,0.0,0.0,0.0,0,0,0,0.0,0.0,0.0,0,0
Visual Genome,2332341,13,2,13,0,2,4,4,4,8,5,0,0,4,0.013329213999895728,0.006547016000013173,0.005830035000144562,0.025706909999826166,1.5730290921529138,1.576570259332657,0,0,0,0,2,0,0,1.0,1.0,1.0,0.7473577807689658,2,0,0,1.0,1.0,1.0,0.7473577807689658,0,0,0,0.0,0.0,0.0,0,0,0,0.0,0.0,0.0,0,0
Visual Genome,2333282,20,1,19,0,1,0,2,0,2,1,0,0,2,0.014301757999874098,0.006125238000095123,0.005819501999894783,0.02624708999996983,0.6318252484003704,0.6357864966988565,0,0,0,0,1,0,0,1.0,1.0,1.0,0.8701625090428022,1,0,0,1.0,1.0,1.0,0.8701625090428022,0,0,0,0.0,0.0,0.0,0,0,0,0.0,0.0,0.0,0,0
Visual Genome,2333291,25,1,44,0,2,2,4,2,6,5,0,0,4,0.0133848670000134,0.006240121000018917,0.005895368999972561,0.025521010999909777,1.4427630456288658,1.3925694686174395,0,0,0,0,1,1,0,0.5,1.0,0.6666666666666666,0.9275117816895031,1,1,0,0.5,1.0,0.6666666666666666,0.9275117816895031,0,0,0,0.0,0.0,0.0,0,0,0,0.0,0.0,0.0,0,0
Visual Genome,2333601,16,0,12,0,1,0,2,0,2,1,0,0,2,0.013308350999977847,0.006084268999984488,0.005641578999984631,0.025034808000100384,0.6201555411020915,0.6193030351400375,0,0,0,0,0,1,0,0.0,0.0,0.0,0.0,0,1,0,0.0,0.0,0.0,0.0,0,0,0,0.0,0.0,0.0,0,0,0,0.0,0.0,0.0,0,0
Visual Genome,2334041,25,4,23,1,7,64,14,64,78,50,0,0,14,0.012945015000013882,0.011482776000093509,0.00944890599998871,0.03387744399992698,5.351978484789533,4.773002943098547,0,0,0,0,3,4,1,0.42857142857142855,0.75,0.5454545454545454,0.9094720186826395,3,4,1,0.42857142857142855,0.75,0.5454545454545454,0.9094720186826395,0,0,1,0.0,0.0,0.0,0,0,1,0.0,0.0,0.0,0,0
Visual Genome,2334757,27,1,25,0,4,22,8,22,30,17,0,0,8,0.013661444000035772,0.007967284999949698,0.0070244619998902635,0.028653873999928692,3.3480413166681937,3.1744416931271564,0,0,0,0,0,4,1,0.0,0.0,0.0,0.0,0,4,1,0.0,0.0,0.0,0.0,0,0,0,0.0,0.0,0.0,0,0,0,0.0,0.0,0.0,0,0
Visual Genome,2334959,32,5,36,0,8,91,16,91,107,65,0,0,16,0.014705735000006825,0.011035953999908088,0.01043421400004263,0.036176657999931194,6.405201225855164,5.9257490561189385,0,0,0,0,1,7,4,0.125,0.2,0.15384615384615385,0.8183981938881679,1,7,4,0.125,0.2,0.15384615384615385,0.8183981938881679,0,0,0,0.0,0.0,0.0,0,0,0,0.0,0.0,0.0,0,0
Visual Genome,2335066,33,0,31,0,1,0,2,0,2,1,0,0,2,0.014797470000075919,0.006246477000104278,0.005611711000028663,0.026656223999907525,0.6264131943384806,0.6281419703364373,0,0,0,0,0,1,0,0.0,0.0,0.0,0.0,0,1,0,0.0,0.0,0.0,0.0,0,0,0,0.0,0.0,0.0,0,0,0,0.0,0.0,0.0,0,0
Visual Genome,2335180,14,1,9,0,2,4,4,4,8,5,0,0,4,0.013792417999866302,0.0064021739999589045,0.005825696999863794,0.02602097799990588,1.4899323495229089,1.4591961103677753,0,0,0,0,1,1,0,0.5,1.0,0.6666666666666666,0.9823313923353587,1,1,0,0.5,1.0,0.6666666666666666,0.9823313923353587,0,0,0,0.0,0.0,0.0,0,0,0,0.0,0.0,0.0,0,0
Visual Genome,2335341,24,0,16,0,1,0,2,0,2,1,0,0,2,0.014490399000123944,0.006312363000006371,0.005270840000093813,0.026074262000065573,0.6377031485239665,0.6440890306234359,0,0,0,0,0,1,0,0.0,0.0,0.0,0.0,0,1,0,0.0,0.0,0.0,0.0,0,0,0,0.0,0.0,0.0,0,0,0,0.0,0.0,0.0,0,0
Visual Genome,2335407,28,0,47,0,3,16,6,16,22,10,0,0,6,0.014441566999948918,0.007243023000000903,0.006409139999959734,0.02809446899982504,2.642981991767884,2.567212063372136,0,0,0,0,0,3,0,0.0,0.0,0.0,0.0,0,3,0,0.0,0.0,0.0,0.0,0,0,0,0.0,0.0,0.0,0,0,0,0.0,0.0,0.0,0,0
Visual Genome,2335564,40,0,29,0,0,0,0,0,0,0,0,0,1,0.013729664999800661,0.004970812999999907,0.003958343000022069,0.02265926999984913,,,0,0,0,0,0,0,0,0.0,0.0,0.0,0.0,0,0,0,0.0,0.0,0.0,0.0,0,0,0,0.0,0.0,0.0,0,0,0,0.0,0.0,0.0,0,0
Visual Genome,2335895,29,0,7,0,4,18,8,18,26,17,0,0,8,0.013489316000004692,0.008064563000061753,0.006933379999964018,0.02848796700004641,3.4925775973002127,3.3785991895198833,0,0,0,0,0,4,0,0.0,0.0,0.0,0.0,0,4,0,0.0,0.0,0.0,0.0,0,0,0,0.0,0.0,0.0,0,0,0,0.0,0.0,0.0,0,0
Visual Genome,2336031,19,1,12,0,2,2,4,2,6,5,0,0,4,0.013828455000066242,0.006632136999996874,0.005916330999980346,0.02637766299994837,1.434942425092061,1.3980228421092034,0,0,0,0,0,2,1,0.0,0.0,0.0,0.0,0,2,1,0.0,0.0,0.0,0.0,0,0,0,0.0,0.0,0.0,0,0,0,0.0,0.0,0.0,0,0
Visual Genome,2336123,31,1,22,0,2,5,4,5,9,5,0,0,4,0.011962797000023784,0.006354881000106616,0.00547800999993342,0.02379627499999515,1.2801354130071574,1.150877370681581,0,0,0,0,1,1,0,0.5,1.0,0.6666666666666666,0.6670337835386154,1,1,0,0.5,1.0,0.6666666666666666,0.6670337835386154,0,0,0,0.0,0.0,0.0,0,0,0,0.0,0.0,0.0,0,0
Visual Genome,2336165,9,0,5,0,1,0,2,0,2,1,0,0,2,0.015767758999800208,0.00695404599991889,0.006225763999964329,0.02894819399989501,0.6070181528727214,0.6007464742660522,0,0,0,0,0,1,0,0.0,0.0,0.0,0.0,0,1,0,0.0,0.0,0.0,0.0,0,0,0,0.0,0.0,0.0,0,0,0,0.0,0.0,0.0,0,0
Visual Genome,2336245,28,10,26,3,15,407,30,407,437,226,0,0,30,0.01507946699985041,0.02486838100003297,0.02405266299979303,0.0640012139999726,12.165529659913716,11.326209041850504,0,0,0,0,8,7,2,0.5333333333333333,0.8,0.64,0.9039653201663661,8,7,2,0.5333333333333333,0.8,0.64,0.9039653201663661,0,8,3,0.0,0.0,0.0,0,8,3,0.0,0.0,0.0,0,0
Visual Genome,2336275,17,3,8,0,2,2,4,2,6,5,0,0,4,0.01258710299998711,0.006020804000172575,0.005581356999982745,0.02418980700008433,1.282959378560384,1.1833467888832092,0,0,0,0,2,0,1,1.0,0.6666666666666666,0.8,0.8327867288425702,2,0,1,1.0,0.6666666666666666,0.8,0.8327867288425702,0,0,0,0.0,0.0,0.0,0,0,0,0.0,0.0,0.0,0,0
Visual Genome,2336668,22,3,23,0,5,37,10,37,47,26,0,0,10,0.014970346000154677,0.009059603999958199,0.008614341999873432,0.03264499400006571,4.162935133775076,3.9368125431239616,0,0,0,0,1,4,2,0.2,0.3333333333333333,0.25,0.8586068584520259,1,4,2,0.2,0.3333333333333333,0.25,0.8586068584520259,0,0,0,0.0,0.0,0.0,0,0,0,0.0,0.0,0.0,0,0
Visual Genome,2336871,17,0,15,0,5,38,10,38,48,26,0,0,10,0.015306565999935628,0.008807665999938763,0.008469848000004276,0.032584692999989784,4.320259292920432,4.159032917916776,0,0,0,0,0,5,0,0.0,0.0,0.0,0.0,0,5,0,0.0,0.0,0.0,0.0,0,0,0,0.0,0.0,0.0,0,0,0,0.0,0.0,0.0,0,0
Visual Genome,2337319,19,2,18,0,4,18,8,18,26,17,0,0,8,0.015033646999881967,0.007784471999912057,0.006882401999973808,0.02970119099995827,3.4377489034334827,3.3176536594331276,0,0,0,0,1,3,1,0.25,0.5,0.3333333333333333,0.810913491422817,1,3,1,0.25,0.5,0.3333333333333333,0.810913491422817,0,0,0,0.0,0.0,0.0,0,0,0,0.0,0.0,0.0,0,0
Visual Genome,2337466,9,1,8,0,3,13,6,13,19,10,0,0,6,0.016320192999955907,0.006841570000005959,0.006252733000110311,0.029415172999961214,2.5324604264771735,2.402274322596768,0,0,0,0,0,3,1,0.0,0.0,0.0,0.0,0,3,1,0.0,0.0,0.0,0.0,0,0,0,0.0,0.0,0.0,0,0,0,0.0,0.0,0.0,0,0
Visual Genome,2337482,27,0,2,0,9,136,18,136,154,82,0,0,18,0.0146571209998001,0.01246564699999908,0.012115811000057874,0.039239477999899464,6.924873476573905,6.265080223032913,0,0,0,0,0,9,0,0.0,0.0,0.0,0.0,0,9,0,0.0,0.0,0.0,0.0,0,0,0,0.0,0.0,0.0,0,0,0,0.0,0.0,0.0,0,0
Visual Genome,2337637,15,2,4,0,6,62,12,62,74,37,0,0,12,0.015040954999903988,0.009909840000091208,0.00932320000015352,0.03427462399986325,5.06196233034134,4.805646791607143,0,0,0,0,2,4,0,0.3333333333333333,1.0,0.5,0.9674484975568464,2,4,0,0.3333333333333333,1.0,0.5,0.9674484975568464,0,0,0,0.0,0.0,0.0,0,0,0,0.0,0.0,0.0,0,0
Visual Genome,2338009,25,1,34,0,1,0,2,0,2,1,0,0,2,0.012421259000120699,0.006092057999921963,0.005726769999910175,0.024241112000026988,0.5479696194330852,0.517340420782566,0,0,0,0,1,0,0,1.0,1.0,1.0,0.8753635533747561,1,0,0,1.0,1.0,1.0,0.8753635533747561,0,0,0,0.0,0.0,0.0,0,0,0,0.0,0.0,0.0,0,0
Visual Genome,2338027,44,1,20,0,12,238,24,238,262,145,0,0,24,0.013849078000021109,0.018640100000084203,0.016975222999917605,0.04946507099998598,9.813193308979137,9.178454445719582,0,0,0,0,1,11,0,0.08333333333333333,1.0,0.15384615384615385,0.5402556754337245,1,11,0,0.08333333333333333,1.0,0.15384615384615385,0.5402556754337245,0,0,0,0.0,0.0,0.0,0,0,0,0.0,0.0,0.0,0,0
Visual Genome,2338369,28,4,33,0,4,20,8,20,28,17,0,0,8,0.01393976899998961,0.007954340999958731,0.0074932060001629,0.029388144999984434,3.4021742669741326,3.2509044854342948,0,0,0,0,2,2,2,0.5,0.5,0.5,0.747684714291541,2,2,2,0.5,0.5,0.5,0.747684714291541,0,0,0,0.0,0.0,0.0,0,0,0,0.0,0.0,0.0,0,0
Visual Genome,2338540,31,0,8,0,3,8,6,8,14,10,0,0,6,0.012975349000043934,0.006617630999926405,0.005631700000094497,0.0252253539999856,2.4333437032949745,2.266287035639268,0,0,0,0,0,3,0,0.0,0.0,0.0,0.0,0,3,0,0.0,0.0,0.0,0.0,0,0,0,0.0,0.0,0.0,0,0,0,0.0,0.0,0.0,0,0
Visual Genome,2338778,12,0,3,0,1,0,2,0,2,1,0,0,2,0.013915792000034344,0.007424893000006705,0.00632801599999766,0.027669290999938312,0.6171351353327433,0.6150367119908333,0,0,0,0,0,1,0,0.0,0.0,0.0,0.0,0,1,0,0.0,0.0,0.0,0.0,0,0,0,0.0,0.0,0.0,0,0,0,0.0,0.0,0.0,0,0
Visual Genome,2338877,9,1,3,0,6,63,12,63,75,37,0,0,12,0.014228251999838903,0.009898877999830802,0.009507642000016858,0.0336354940000092,4.798184540190274,4.422290963449056,0,0,0,0,1,5,0,0.16666666666666666,1.0,0.2857142857142857,0.7929333296172959,1,5,0,0.16666666666666666,1.0,0.2857142857142857,0.7929333296172959,0,0,0,0.0,0.0,0.0,0,0,0,0.0,0.0,0.0,0,0
Visual Genome,2338982,17,1,4,0,1,0,2,0,2,1,0,0,2,0.020028615999990507,0.0073476499999287626,0.006522985999936282,0.03390004100015176,0.5656678835550943,0.5423392188549041,0,0,0,0,1,0,0,1.0,1.0,1.0,0.9703044428613877,1,0,0,1.0,1.0,1.0,0.9703044428613877,0,0,0,0.0,0.0,0.0,0,0,0,0.0,0.0,0.0,0,0
Visual Genome,2339184,17,1,10,0,2,2,4,2,6,5,0,0,4,0.014544926000098712,0.007431315000076211,0.006337587999951211,0.028314601000147377,1.5247127023425682,1.5180264009125017,0,0,0,0,1,1,0,0.5,1.0,0.6666666666666666,0.8004205914712496,1,1,0,0.5,1.0,0.6666666666666666,0.8004205914712496,0,0,0,0.0,0.0,0.0,0,0,0,0.0,0.0,0.0,0,0
Visual Genome,2339493,13,1,8,0,2,4,4,4,8,5,0,0,4,0.01232839099998273,0.006644857999845044,0.006368513000097664,0.025342398000020694,1.3665192874272667,1.2848751601576804,0,0,0,0,1,1,0,0.5,1.0,0.6666666666666666,0.516079914019872,1,1,0,0.5,1.0,0.6666666666666666,0.516079914019872,0,0,0,0.0,0.0,0.0,0,0,0,0.0,0.0,0.0,0,0
Visual Genome,2339752,24,0,33,0,5,36,10,36,46,26,0,0,10,0.013630002000127206,0.008304559999942285,0.007998274000101446,0.029933982000102333,4.276814194520316,4.0976667164266125,0,0,0,0,0,5,0,0.0,0.0,0.0,0.0,0,5,0,0.0,0.0,0.0,0.0,0,0,0,0.0,0.0,0.0,0,0,0,0.0,0.0,0.0,0,0
Visual Genome,2339763,23,0,13,0,4,22,8,22,30,17,0,0,8,0.013247643000113385,0.008071935999851121,0.007013205000021117,0.028333425000028,2.9583155930501297,2.615993731713501,0,0,0,0,0,4,0,0.0,0.0,0.0,0.0,0,4,0,0.0,0.0,0.0,0.0,0,0,0,0.0,0.0,0.0,0,0,0,0.0,0.0,0.0,0,0
Visual Genome,2339984,18,1,16,0,1,0,2,0,2,1,0,0,2,0.014688991999946666,0.006144916000039302,0.00550304800003687,0.026337562999970032,0.5435446421305339,0.5110901403427124,0,0,0,0,1,0,0,1.0,1.0,1.0,0.9472556535413281,1,0,0,1.0,1.0,1.0,0.9472556535413281,0,0,0,0.0,0.0,0.0,0,0,0,0.0,0.0,0.0,0,0
Visual Genome,2340059,7,0,4,0,7,78,14,78,92,50,0,0,14,0.01348637899991445,0.010269846000028338,0.010081376000016462,0.03383822399996461,5.326742750803631,4.803357468843462,0,0,0,0,0,7,0,0.0,0.0,0.0,0.0,0,7,0,0.0,0.0,0.0,0.0,0,0,0,0.0,0.0,0.0,0,0,0,0.0,0.0,0.0,0,0
Visual Genome,2340282,34,0,26,0,9,138,18,138,156,82,0,0,18,0.014418052000110038,0.012366898999971454,0.01150230999996893,0.038287941000135106,7.477294688224795,7.063678747117522,0,0,0,0,0,9,0,0.0,0.0,0.0,0.0,0,9,0,0.0,0.0,0.0,0.0,0,0,0,0.0,0.0,0.0,0,0,0,0.0,0.0,0.0,0,0
Visual Genome,2340394,25,1,21,0,4,22,8,22,30,17,0,0,8,0.012907204999919486,0.007920775000002322,0.0072013200001492805,0.02802989799988609,3.2869599714570743,3.071838888694197,0,0,0,0,1,3,0,0.25,1.0,0.4,0.7827116794435219,1,3,0,0.25,1.0,0.4,0.7827116794435219,0,0,0,0.0,0.0,0.0,0,0,0,0.0,0.0,0.0,0,0
Visual Genome,2340552,33,3,29,0,5,48,10,48,58,26,0,0,10,0.015149082000107228,0.008864452999887362,0.00794465199987826,0.03195887800006858,4.148454303939888,3.8822852428254975,0,0,0,0,1,4,2,0.2,0.3333333333333333,0.25,0.8667102324559143,1,4,2,0.2,0.3333333333333333,0.25,0.8667102324559143,0,0,0,0.0,0.0,0.0,0,0,0,0.0,0.0,0.0,0,0
Visual Genome,2340775,14,0,4,0,3,10,6,10,16,10,0,0,6,0.015117111000108707,0.006225991000064823,0.005867331999979797,0.0272110360001534,2.3654817533493047,2.1917429766058922,0,0,0,0,0,3,0,0.0,0.0,0.0,0.0,0,3,0,0.0,0.0,0.0,0.0,0,0,0,0.0,0.0,0.0,0,0,0,0.0,0.0,0.0,0,0
Visual Genome,2342080,23,3,19,0,1,0,2,0,2,1,0,0,2,0.013782720000108384,0.007051240000009784,0.005751589000055901,0.026586296999994374,0.6186350981394451,0.6171554094552993,0,0,0,0,1,0,2,1.0,0.3333333333333333,0.5,0.9031484571685277,1,0,2,1.0,0.3333333333333333,0.5,0.9031484571685277,0,0,0,0.0,0.0,0.0,0,0,0,0.0,0.0,0.0,0,0
Visual Genome,2342353,40,2,37,0,9,135,18,135,153,82,0,0,18,0.014324297000030128,0.013270957000031558,0.012159612000004927,0.03975554299995565,7.290401929207334,6.792330866046438,0,0,0,0,2,7,0,0.2222222222222222,1.0,0.3636363636363636,0.8107248583425581,2,7,0,0.2222222222222222,1.0,0.3636363636363636,0.8107248583425581,0,0,0,0.0,0.0,0.0,0,0,0,0.0,0.0,0.0,0,0
Visual Genome,2342444,38,0,35,0,2,2,4,2,6,5,0,0,4,0.013779628999827764,0.0066341909998755,0.0054490299999088165,0.02586362899978667,1.5248310454686482,1.5249905183911323,0,0,0,0,0,2,0,0.0,0.0,0.0,0.0,0,2,0,0.0,0.0,0.0,0.0,0,0,0,0.0,0.0,0.0,0,0,0,0.0,0.0,0.0,0,0
Visual Genome,2342599,22,0,24,0,2,2,4,2,6,5,0,0,4,0.014572224000175993,0.006992080999907557,0.005819941000027029,0.027384939000057784,1.345328009923299,1.2714424806833267,0,0,0,0,0,2,0,0.0,0.0,0.0,0.0,0,2,0,0.0,0.0,0.0,0.0,0,0,0,0.0,0.0,0.0,0,0,0,0.0,0.0,0.0,0,0
Visual Genome,2342650,35,0,42,0,1,0,2,0,2,1,0,0,2,0.013780840000208627,0.006507956999939779,0.005384575999869412,0.025673923000113064,0.6137698809305827,0.6102832901477814,0,0,0,0,0,1,0,0.0,0.0,0.0,0.0,0,1,0,0.0,0.0,0.0,0.0,0,0,0,0.0,0.0,0.0,0,0,0,0.0,0.0,0.0,0,0
Visual Genome,2342674,23,1,17,0,1,0,2,0,2,1,0,0,2,0.013415572999974756,0.0061763900000642025,0.00555034700005308,0.025142911999864737,0.6285443941752116,0.6311522901058197,0,0,0,0,1,0,0,1.0,1.0,1.0,0.968972368181047,1,0,0,1.0,1.0,1.0,0.968972368181047,0,0,0,0.0,0.0,0.0,0,0,0,0.0,0.0,0.0,0,0
Visual Genome,2342695,17,2,5,0,12,265,24,265,289,145,0,0,24,0.015420115000097212,0.01891525099995306,0.018251620999990337,0.05258778999996139,9.474125340977922,8.692951512137666,0,0,0,0,1,11,1,0.08333333333333333,0.5,0.14285714285714285,0.8078739044843859,1,11,1,0.08333333333333333,0.5,0.14285714285714285,0.8078739044843859,0,0,0,0.0,0.0,0.0,0,0,0,0.0,0.0,0.0,0,0
Visual Genome,2342749,19,0,19,0,2,2,4,2,6,5,0,0,4,0.012808329999870693,0.006494372999895859,0.005888677000029929,0.025192112000013367,1.546809304555257,1.5560348093509673,0,0,0,0,0,2,0,0.0,0.0,0.0,0.0,0,2,0,0.0,0.0,0.0,0.0,0,0,0,0.0,0.0,0.0,0,0,0,0.0,0.0,0.0,0,0
Visual Genome,2342915,37,2,32,0,7,80,14,80,94,50,0,0,14,0.01446474199997283,0.010987679999971078,0.010598163000167915,0.036051243999963845,5.697611613943611,5.325601949815387,0,0,0,0,2,5,0,0.2857142857142857,1.0,0.4444444444444445,0.8324771512511024,2,5,0,0.2857142857142857,1.0,0.4444444444444445,0.8324771512511024,0,0,0,0.0,0.0,0.0,0,0,0,0.0,0.0,0.0,0,0
Visual Genome,2342937,37,4,47,0,4,22,8,22,30,17,0,0,8,0.013994122999974934,0.007713073999866538,0.007181458999866663,0.028889209999988452,3.7311427084604913,3.7155724090337765,0,0,0,0,3,1,1,0.75,0.75,0.75,0.9587044871139351,3,1,1,0.75,0.75,0.75,0.9587044871139351,0,0,0,0.0,0.0,0.0,0,0,0,0.0,0.0,0.0,0,0
Visual Genome,2343037,23,1,38,0,2,6,4,6,10,5,0,0,4,0.012484710000080668,0.006892967000112549,0.005801862999987861,0.02518017800002781,1.3340007336934412,1.238942703008652,0,0,0,0,1,1,0,0.5,1.0,0.6666666666666666,0.9573980174507343,1,1,0,0.5,1.0,0.6666666666666666,0.9573980174507343,0,0,0,0.0,0.0,0.0,0,0,0,0.0,0.0,0.0,0,0
Visual Genome,2343345,32,0,28,0,1,0,2,0,2,1,0,0,2,0.013280840000106764,0.006380110000009154,0.005464200000005803,0.025125658999968437,0.6534347454706828,0.6663099113106727,0,0,0,0,0,1,0,0.0,0.0,0.0,0.0,0,1,0,0.0,0.0,0.0,0.0,0,0,0,0.0,0.0,0.0,0,0,0,0.0,0.0,0.0,0,0
Visual Genome,2344045,18,1,38,0,7,78,14,78,92,50,0,0,14,0.013751226000067618,0.010954941999898438,0.009647554999901331,0.034354309000036665,5.805049487875044,5.398937210714955,0,0,0,0,1,6,0,0.14285714285714285,1.0,0.25,0.5152751961663408,1,6,0,0.14285714285714285,1.0,0.25,0.5152751961663408,0,0,0,0.0,0.0,0.0,0,0,0,0.0,0.0,0.0,0,0
Visual Genome,2344446,13,0,20,0,2,4,4,4,8,5,0,0,4,0.014877116999969076,0.007526809000182766,0.006519696999930602,0.028924281999934465,1.2336417229970298,1.0971856003999712,0,0,0,0,0,2,0,0.0,0.0,0.0,0.0,0,2,0,0.0,0.0,0.0,0.0,0,0,0,0.0,0.0,0.0,0,0,0,0.0,0.0,0.0,0,0
Visual Genome,2344459,28,2,19,1,3,8,6,8,14,10,0,0,6,0.013973685000109981,0.00716554000018732,0.007295114000044123,0.028434930000003078,2.5786836671829225,2.509390679895878,0,0,0,0,2,1,0,0.6666666666666666,1.0,0.8,0.9320963410150773,2,1,0,0.6666666666666666,1.0,0.8,0.9320963410150773,0,2,1,0.0,0.0,0.0,0,2,1,0.0,0.0,0.0,0,0
Visual Genome,2344493,68,4,38,0,27,1283,54,1283,1337,730,0,0,54,0.027180495000038718,0.07104151299995465,0.06580021900003885,0.16402315999994244,21.96378865685794,20.33387852754924,0,0,0,0,2,25,2,0.07407407407407407,0.5,0.12903225806451613,0.689328930829678,2,25,2,0.07407407407407407,0.5,0.12903225806451613,0.689328930829678,0,0,0,0.0,0.0,0.0,0,0,0,0.0,0.0,0.0,0,0
Visual Genome,2344534,19,1,22,0,12,257,24,257,281,145,0,0,24,0.016459730999940803,0.018824807000100918,0.017214006999893172,0.05249927799991383,9.884197642803194,9.297429170459512,0,0,0,0,0,12,1,0.0,0.0,0.0,0.0,0,12,1,0.0,0.0,0.0,0.0,0,0,0,0.0,0.0,0.0,0,0,0,0.0,0.0,0.0,0,0
Visual Genome,2344546,36,1,40,0,16,390,32,390,422,257,0,0,32,0.01848408399996515,0.02502083599983962,0.024588991999962673,0.06809460199997375,12.74389316526016,11.747169718463823,0,0,0,0,1,15,0,0.0625,1.0,0.11764705882352941,0.7702196377690929,1,15,0,0.0625,1.0,0.11764705882352941,0.7702196377690929,0,0,0,0.0,0.0,0.0,0,0,0,0.0,0.0,0.0,0,0
Visual Genome,2345476,28,1,39,0,1,0,2,0,2,1,0,0,2,0.013617346000046382,0.006457596000018384,0.005820604999826173,0.025896241000054943,0.5926706711451213,0.5804806563258171,0,0,0,0,1,0,0,1.0,1.0,1.0,0.9605248428469926,1,0,0,1.0,1.0,1.0,0.9605248428469926,0,0,0,0.0,0.0,0.0,0,0,0,0.0,0.0,0.0,0,0
Visual Genome,2346047,22,1,17,0,2,6,4,6,10,5,0,0,4,0.013000716999840733,0.007202344000006633,0.0062076389999674575,0.026411443999904805,1.3343206675847372,1.239394609630108,0,0,0,0,0,2,1,0.0,0.0,0.0,0.9701094345180722,0,2,1,0.0,0.0,0.0,0.9701094345180722,0,0,0,0.0,0.0,0.0,0,0,0,0.0,0.0,0.0,0,0
Visual Genome,2346565,39,2,36,0,2,2,4,2,6,5,0,0,4,0.013591868000048635,0.006435140000121464,0.005892571999993379,0.02592046500012657,1.3152058696583697,1.2282275175388444,0,0,0,0,2,0,0,1.0,1.0,1.0,0.8120305679694171,2,0,0,1.0,1.0,1.0,0.8120305679694171,0,0,0,0.0,0.0,0.0,0,0,0,0.0,0.0,0.0,0,0
Visual Genome,2346611,14,1,5,0,4,16,8,16,24,17,0,0,8,0.013032527999939703,0.007657324999854609,0.006613072999925862,0.027303558000085104,3.25665333340208,3.096682571765187,0,0,0,0,0,4,1,0.0,0.0,0.0,0.0,0,4,1,0.0,0.0,0.0,0.0,0,0,0,0.0,0.0,0.0,0,0,0,0.0,0.0,0.0,0,0
Visual Genome,2347057,27,1,10,0,4,22,8,22,30,17,0,0,8,0.013443001999803528,0.007903132000137703,0.006789545999936308,0.02813631499998337,3.323413345019024,3.139654683172704,0,0,0,0,1,3,0,0.25,1.0,0.4,0.6270888103891472,1,3,0,0.25,1.0,0.4,0.6270888103891472,0,0,0,0.0,0.0,0.0,0,0,0,0.0,0.0,0.0,0,0
Visual Genome,2347297,25,3,18,0,4,27,8,27,35,17,0,0,8,0.014449310000145488,0.008867337999845404,0.007155555999815988,0.03047294500015596,3.137699573347967,2.87304720914364,0,0,0,0,2,2,1,0.5,0.6666666666666666,0.5714285714285715,0.6612533720916604,2,2,1,0.5,0.6666666666666666,0.5714285714285715,0.6612533720916604,0,0,0,0.0,0.0,0.0,0,0,0,0.0,0.0,0.0,0,0
Visual Genome,2348575,26,0,42,0,14,353,28,353,381,197,0,0,28,0.016247907999968447,0.023859327999844027,0.020472813000196766,0.06058074299994587,10.8414885369033,9.841787509132462,0,0,0,0,0,14,0,0.0,0.0,0.0,0.0,0,14,0,0.0,0.0,0.0,0.0,0,0,0,0.0,0.0,0.0,0,0,0,0.0,0.0,0.0,0,0
Visual Genome,2349159,19,3,4,0,8,97,16,97,113,65,0,0,16,0.014003376999880857,0.01199898499999108,0.010490042999890647,0.036493058999894856,6.575716036160789,6.17886556774378,0,0,0,0,1,7,2,0.125,0.3333333333333333,0.18181818181818182,0.9748456928993501,1,7,2,0.125,0.3333333333333333,0.18181818181818182,0.9748456928993501,0,0,0,0.0,0.0,0.0,0,0,0,0.0,0.0,0.0,0,0
Visual Genome,2349416,30,0,21,0,4,18,8,18,26,17,0,0,8,0.013856423999868639,0.00807989500003714,0.007118424000054802,0.029055386999971233,3.2431768303453072,3.018327767087931,0,0,0,0,0,4,0,0.0,0.0,0.0,0.0,0,4,0,0.0,0.0,0.0,0.0,0,0,0,0.0,0.0,0.0,0,0,0,0.0,0.0,0.0,0,0
Visual Genome,2349496,38,2,21,0,3,12,6,12,18,10,0,0,6,0.014349796000033166,0.007260313999950085,0.0061306119998789654,0.027741658999957508,2.385477123260499,2.2034864366054543,0,0,0,0,1,2,1,0.3333333333333333,0.5,0.4,0.8453084160795524,1,2,1,0.3333333333333333,0.5,0.4,0.8453084160795524,0,0,0,0.0,0.0,0.0,0,0,0,0.0,0.0,0.0,0,0
Visual Genome,2349564,47,7,45,0,18,595,36,595,631,325,0,0,36,0.01601606700000957,0.03326480799978526,0.031577038000023094,0.0808586660000401,15.333186883500492,14.54894248979417,0,0,0,0,5,13,2,0.2777777777777778,0.7142857142857143,0.4,0.8832104850714688,5,13,2,0.2777777777777778,0.7142857142857143,0.4,0.8832104850714688,0,0,0,0.0,0.0,0.0,0,0,0,0.0,0.0,0.0,0,0
Visual Genome,2349670,23,1,46,0,4,26,8,26,34,17,0,0,8,0.01350944800014986,0.007885372999908213,0.0070311029999174934,0.028426545999991504,3.472537037531536,3.3502918988466277,0,0,0,0,1,3,0,0.25,1.0,0.4,0.6313864828938006,1,3,0,0.25,1.0,0.4,0.6313864828938006,0,0,0,0.0,0.0,0.0,0,0,0,0.0,0.0,0.0,0,0
Visual Genome,2349796,36,3,25,0,7,90,14,90,104,50,0,0,14,0.015260004000083427,0.011248064000028535,0.010894272000086858,0.037403140000151325,5.870909550347391,5.506490290074014,0,0,0,0,1,6,2,0.14285714285714285,0.3333333333333333,0.2,0.9895138790696053,1,6,2,0.14285714285714285,0.3333333333333333,0.2,0.9895138790696053,0,0,0,0.0,0.0,0.0,0,0,0,0.0,0.0,0.0,0,0
Visual Genome,2350875,18,0,3,0,7,62,14,62,76,50,0,0,14,0.013137155000094936,0.009875261000161117,0.009406548000015391,0.03241955700013932,5.481209510966578,5.022096428726554,0,0,0,0,0,7,0,0.0,0.0,0.0,0.0,0,7,0,0.0,0.0,0.0,0.0,0,0,0,0.0,0.0,0.0,0,0,0,0.0,0.0,0.0,0,0
Visual Genome,2350894,28,0,7,0,2,4,4,4,8,5,0,0,4,0.013815011999895432,0.006234039999981178,0.005508534999989934,0.025558146999856035,1.4929046885620867,1.4673561018160297,0,0,0,0,0,2,0,0.0,0.0,0.0,0.0,0,2,0,0.0,0.0,0.0,0.0,0,0,0,0.0,0.0,0.0,0,0,0,0.0,0.0,0.0,0,0
Visual Genome,2351741,28,5,13,1,12,238,24,238,262,145,0,0,24,0.01604378899992298,0.017912471000045116,0.016999768999994558,0.050956599000073766,10.129025617192534,9.620442372213152,0,0,0,0,2,10,3,0.16666666666666666,0.4,0.23529411764705882,0.880661507688992,2,10,3,0.16666666666666666,0.4,0.23529411764705882,0.880661507688992,0,0,1,0.0,0.0,0.0,0,0,1,0.0,0.0,0.0,0,0
Visual Genome,2352582,16,1,9,0,1,0,2,0,2,1,0,0,2,0.01442728300003182,0.006647517999908814,0.005897732999983418,0.02697318799982895,0.6032750288645427,0.5954593116044998,0,0,0,0,1,0,0,1.0,1.0,1.0,0.9880095467083457,1,0,0,1.0,1.0,1.0,0.9880095467083457,0,0,0,0.0,0.0,0.0,0,0,0,0.0,0.0,0.0,0,0
Visual Genome,2352788,20,0,11,0,3,9,6,9,15,10,0,0,6,0.013820199000065259,0.006530719000011231,0.005578321000029973,0.025929929000085394,2.720702370384963,2.681962245384486,0,0,0,0,0,3,0,0.0,0.0,0.0,0.0,0,3,0,0.0,0.0,0.0,0.0,0,0,0,0.0,0.0,0.0,0,0,0,0.0,0.0,0.0,0,0
Visual Genome,2352954,18,1,17,0,2,2,4,2,6,5,0,0,4,0.014268674000049941,0.0062299880000864505,0.005616281999891726,0.026115488999948866,1.3637756617863976,1.280999788939953,0,0,0,0,1,1,0,0.5,1.0,0.6666666666666666,0.8303920705541995,1,1,0,0.5,1.0,0.6666666666666666,0.8303920705541995,0,0,0,0.0,0.0,0.0,0,0,0,0.0,0.0,0.0,0,0
Visual Genome,2353074,21,0,14,0,5,40,10,40,50,26,0,0,10,0.013110515999869676,0.009800936000146976,0.007923239000092508,0.030835520999971777,4.255656292721313,4.064849526966296,0,0,0,0,0,5,0,0.0,0.0,0.0,0.0,0,5,0,0.0,0.0,0.0,0.0,0,0,0,0.0,0.0,0.0,0,0,0,0.0,0.0,0.0,0,0
Visual Genome,2353084,27,1,20,0,2,4,4,4,8,5,0,0,4,0.013234109999984867,0.006391991000100461,0.005961694999996325,0.025588416999880792,1.4144437583287561,1.3525684753060343,0,0,0,0,1,1,0,0.5,1.0,0.6666666666666666,0.8977589025099135,1,1,0,0.5,1.0,0.6666666666666666,0.8977589025099135,0,0,0,0.0,0.0,0.0,0,0,0,0.0,0.0,0.0,0,0
Visual Genome,2353616,21,0,40,0,1,0,2,0,2,1,0,0,2,0.013889239000036468,0.005971649000002799,0.0052874390000852145,0.025149050999971223,0.6433757940928142,0.6521016424894333,0,0,0,0,0,1,0,0.0,0.0,0.0,0.0,0,1,0,0.0,0.0,0.0,0.0,0,0,0,0.0,0.0,0.0,0,0,0,0.0,0.0,0.0,0,0
Visual Genome,2355068,14,0,11,0,2,4,4,4,8,5,0,0,4,0.013646192999885898,0.006278421999923012,0.0054174229999262025,0.02534267800001544,1.293736151059469,1.1820689800381663,0,0,0,0,0,2,0,0.0,0.0,0.0,0.0,0,2,0,0.0,0.0,0.0,0.0,0,0,0,0.0,0.0,0.0,0,0,0,0.0,0.0,0.0,0,0
Visual Genome,2355207,11,0,18,0,2,5,4,5,9,5,0,0,4,0.014285984000025564,0.006583290999969904,0.0058556860001317546,0.02672563600003741,1.6089363397015841,1.6159492482596352,0,0,0,0,0,2,0,0.0,0.0,0.0,0.0,0,2,0,0.0,0.0,0.0,0.0,0,0,0,0.0,0.0,0.0,0,0,0,0.0,0.0,0.0,0,0
Visual Genome,2355714,27,2,17,0,5,32,10,32,42,26,0,0,10,0.013710417999845959,0.008170711000047959,0.007928730999992695,0.029810494999992443,3.8716555436452245,3.5253801220655454,0,0,0,0,0,5,2,0.0,0.0,0.0,0.0,0,5,2,0.0,0.0,0.0,0.0,0,0,0,0.0,0.0,0.0,0,0,0,0.0,0.0,0.0,0,0
Visual Genome,2356074,32,0,32,0,8,91,16,91,107,65,0,0,16,0.013745233000008739,0.012670856999875468,0.010989779000055933,0.03740657100001954,6.720395796189789,6.3695189808210575,0,0,0,0,0,8,0,0.0,0.0,0.0,0.0,0,8,0,0.0,0.0,0.0,0.0,0,0,0,0.0,0.0,0.0,0,0,0,0.0,0.0,0.0,0,0
Visual Genome,2356121,24,2,12,0,1,0,2,0,2,1,0,0,2,0.013047364000158268,0.006301277999909871,0.005233895999936067,0.024583147000157624,0.5930221954981486,0.5809771844744682,0,0,0,0,0,1,2,0.0,0.0,0.0,0.0,0,1,2,0.0,0.0,0.0,0.0,0,0,0,0.0,0.0,0.0,0,0,0,0.0,0.0,0.0,0,0
Visual Genome,2356259,25,3,37,0,3,10,6,10,16,10,0,0,6,0.013266824000083943,0.006913005000114936,0.005705252000097971,0.02588571900014358,2.605460638999939,2.5307131525874142,0,0,0,0,1,2,2,0.3333333333333333,0.3333333333333333,0.3333333333333333,0.7299104519327438,1,2,2,0.3333333333333333,0.3333333333333333,0.3333333333333333,0.7299104519327438,0,0,0,0.0,0.0,0.0,0,0,0,0.0,0.0,0.0,0,0
Visual Genome,2356511,42,0,25,0,6,63,12,63,75,37,0,0,12,0.016469364000158748,0.009564818999933777,0.008679637999875922,0.03471481700012191,4.851154155731203,4.520255244970324,0,0,0,0,0,6,0,0.0,0.0,0.0,0.0,0,6,0,0.0,0.0,0.0,0.0,0,0,0,0.0,0.0,0.0,0,0,0,0.0,0.0,0.0,0,0
Visual Genome,2357259,15,0,15,0,3,6,6,6,12,10,0,0,6,0.013721054999905391,0.007337381000070309,0.007234752999920602,0.028293801000017993,2.5489200258255007,2.4838495364785196,0,0,0,0,0,3,0,0.0,0.0,0.0,0.0,0,3,0,0.0,0.0,0.0,0.0,0,0,0,0.0,0.0,0.0,0,0,0,0.0,0.0,0.0,0,0
Visual Genome,2357707,19,1,26,0,1,0,2,0,2,1,0,0,2,0.012702095000122426,0.006478052999909778,0.0055789049999930285,0.02475965600001473,0.6133577267328898,0.6097011223435402,0,0,0,0,1,0,0,1.0,1.0,1.0,0.638578106695172,1,0,0,1.0,1.0,1.0,0.638578106695172,0,0,0,0.0,0.0,0.0,0,0,0,0.0,0.0,0.0,0,0
Visual Genome,2357774,26,1,24,0,4,24,8,24,32,17,0,0,8,0.013998437000054764,0.008363752999912322,0.007557808000001387,0.029920631000095455,3.591665658156078,3.5185610754787935,0,0,0,0,1,3,0,0.25,1.0,0.4,0.9447582551175747,1,3,0,0.25,1.0,0.4,0.9447582551175747,0,0,0,0.0,0.0,0.0,0,0,0,0.0,0.0,0.0,0,0
Visual Genome,2358408,24,2,39,0,4,26,8,26,34,17,0,0,8,0.014604232000010597,0.00827427399985936,0.007251098000097045,0.030130281000083414,3.5820098129908255,3.504922194182874,0,0,0,0,0,4,2,0.0,0.0,0.0,0.9248231811054941,0,4,2,0.0,0.0,0.0,0.9248231811054941,0,0,0,0.0,0.0,0.0,0,0,0,0.0,0.0,0.0,0,0
Visual Genome,2358470,27,0,12,0,3,12,6,12,18,10,0,0,6,0.012964971999963382,0.007380410999985543,0.006151372999966043,0.026497414999994362,2.279298279285432,2.053508819490672,0,0,0,0,0,3,0,0.0,0.0,0.0,0.0,0,3,0,0.0,0.0,0.0,0.0,0,0,0,0.0,0.0,0.0,0,0,0,0.0,0.0,0.0,0,0
Visual Genome,2358536,26,1,21,0,1,0,2,0,2,1,0,0,2,0.013169369999786795,0.006293716000072891,0.005875083000091763,0.02533878399981404,0.6223483959833781,0.6224004426598548,0,0,0,0,1,0,0,1.0,1.0,1.0,0.9557403787202033,1,0,0,1.0,1.0,1.0,0.9557403787202033,0,0,0,0.0,0.0,0.0,0,0,0,0.0,0.0,0.0,0,0
Visual Genome,2358600,33,2,14,0,2,4,4,4,8,5,0,0,4,0.013473089000171967,0.0065375069998481194,0.005651241000123264,0.025662474000000657,1.2167913111050925,1.0733843936026097,0,0,0,0,1,1,1,0.5,0.5,0.5,0.872075471213656,1,1,1,0.5,0.5,0.5,0.872075471213656,0,0,0,0.0,0.0,0.0,0,0,0,0.0,0.0,0.0,0,0
Visual Genome,2358626,23,1,33,0,4,26,8,26,34,17,0,0,8,0.015235456000027625,0.008826666999993904,0.007956621999937852,0.032019458000149825,3.475986110984657,3.3200564646913344,0,0,0,0,0,4,1,0.0,0.0,0.0,0.0,0,4,1,0.0,0.0,0.0,0.0,0,0,0,0.0,0.0,0.0,0,0,0,0.0,0.0,0.0,0,0
Visual Genome,2358828,30,3,36,0,3,10,6,10,16,10,0,0,6,0.013027390000161176,0.0069675469999310735,0.005930162000140626,0.025925758000084898,2.6762144947052007,2.5811529737710956,0,0,0,0,1,2,2,0.3333333333333333,0.3333333333333333,0.3333333333333333,0.9341066085431622,1,2,2,0.3333333333333333,0.3333333333333333,0.3333333333333333,0.9341066085431622,0,0,0,0.0,0.0,0.0,0,0,0,0.0,0.0,0.0,0,0
Visual Genome,2359262,25,0,23,0,2,4,4,4,8,5,0,0,4,0.013065768999922511,0.0067750150001302245,0.005904821000058291,0.02574616399988372,1.34353283961614,1.2524068026244644,0,0,0,0,0,2,0,0.0,0.0,0.0,0.0,0,2,0,0.0,0.0,0.0,0.0,0,0,0,0.0,0.0,0.0,0,0,0,0.0,0.0,0.0,0,0
Visual Genome,2360042,33,0,22,0,5,38,10,38,48,26,0,0,10,0.014192832999924576,0.008805761000076018,0.007695867999927941,0.030695014999992054,4.489323024344206,4.378080256275098,0,0,0,0,0,5,0,0.0,0.0,0.0,0.0,0,5,0,0.0,0.0,0.0,0.0,0,0,0,0.0,0.0,0.0,0,0,0,0.0,0.0,0.0,0,0
Visual Genome,2360765,33,2,41,0,20,713,40,713,753,401,0,0,40,0.016755789999933768,0.039666420999992624,0.03742895100003807,0.09385201899999629,15.616051626611386,14.215252315609291,0,0,0,0,2,18,0,0.1,1.0,0.18181818181818182,0.8501164900843361,2,18,0,0.1,1.0,0.18181818181818182,0.8501164900843361,0,0,0,0.0,0.0,0.0,0,0,0,0.0,0.0,0.0,0,0
Visual Genome,2361228,17,2,12,0,5,32,10,32,42,26,0,0,10,0.013976839000179098,0.008551441000008708,0.007278840000026321,0.029807705000166607,4.064250794504228,3.810851026876909,0,0,0,0,1,4,1,0.2,0.5,0.28571428571428575,0.951037535995869,1,4,1,0.2,0.5,0.28571428571428575,0.951037535995869,0,0,0,0.0,0.0,0.0,0,0,0,0.0,0.0,0.0,0,0
Visual Genome,2361287,28,2,44,0,5,38,10,38,48,26,0,0,10,0.013531198000009681,0.008338910000020405,0.008569893999947453,0.030440612999882433,4.271388741334281,4.0900032638013375,0,0,0,0,0,5,2,0.0,0.0,0.0,0.0,0,5,2,0.0,0.0,0.0,0.0,0,0,0,0.0,0.0,0.0,0,0,0,0.0,0.0,0.0,0,0
Visual Genome,2361514,32,0,45,0,4,16,8,16,24,17,0,0,8,0.012778277000052185,0.008705757000143421,0.00686474700000872,0.028349335000029896,3.24284409985279,3.0569437061780187,0,0,0,0,0,4,0,0.0,0.0,0.0,0.0,0,4,0,0.0,0.0,0.0,0.0,0,0,0,0.0,0.0,0.0,0,0,0,0.0,0.0,0.0,0,0
Visual Genome,2361531,24,0,21,0,4,20,8,20,28,17,0,0,8,0.01369031600006565,0.007866694000085772,0.0072299450000627985,0.02878769500011913,3.7361606804529837,3.7226602944731724,0,0,0,0,0,4,0,0.0,0.0,0.0,0.0,0,4,0,0.0,0.0,0.0,0.0,0,0,0,0.0,0.0,0.0,0,0,0,0.0,0.0,0.0,0,0
Visual Genome,2361736,27,0,23,0,1,0,2,0,2,1,0,0,2,0.01407717600000069,0.0062716370000543975,0.005641908999905354,0.025991303999944648,0.6106069723765055,0.6058156818151474,0,0,0,0,0,1,0,0.0,0.0,0.0,0.0,0,1,0,0.0,0.0,0.0,0.0,0,0,0,0.0,0.0,0.0,0,0,0,0.0,0.0,0.0,0,0
Visual Genome,2361898,28,1,29,0,10,166,20,166,186,101,0,0,20,0.015493957999979102,0.01458927999988191,0.013872945000002801,0.04395675799992205,8.540040923178573,8.0992330244386,0,0,0,0,1,9,0,0.1,1.0,0.18181818181818182,0.921030833356819,1,9,0,0.1,1.0,0.18181818181818182,0.921030833356819,0,0,0,0.0,0.0,0.0,0,0,0,0.0,0.0,0.0,0,0
Visual Genome,2362268,20,1,17,0,4,30,8,30,38,17,0,0,8,0.012852863000034631,0.00795093600004293,0.0074477650000517315,0.028252215000065917,3.175383214606634,2.904196793887805,0,0,0,0,0,4,1,0.0,0.0,0.0,0.0,0,4,1,0.0,0.0,0.0,0.0,0,0,0,0.0,0.0,0.0,0,0,0,0.0,0.0,0.0,0,0
Visual Genome,2362364,41,5,20,0,5,32,10,32,42,26,0,0,10,0.01517138300005172,0.008374570000114545,0.007386897999822395,0.03093332899993584,4.283994360764823,4.107808701246978,0,0,0,0,4,1,1,0.8,0.8,0.8000000000000002,0.8427719660986777,4,1,1,0.8,0.8,0.8000000000000002,0.8427719660986777,0,0,0,0.0,0.0,0.0,0,0,0,0.0,0.0,0.0,0,0
Visual Genome,2362923,24,2,19,0,9,123,18,123,141,82,0,0,18,0.013862546999916958,0.012671980000050098,0.011742160000039803,0.038277409000102125,7.751429519342881,7.438609513776998,0,0,0,0,1,8,1,0.1111111111111111,0.5,0.1818181818181818,0.9711507730753784,1,8,1,0.1111111111111111,0.5,0.1818181818181818,0.9711507730753784,0,0,0,0.0,0.0,0.0,0,0,0,0.0,0.0,0.0,0,0
Visual Genome,2364039,19,0,29,0,2,6,4,6,10,5,0,0,4,0.012079132999815556,0.006787776999999551,0.005803616000093825,0.024671162999993612,1.2099407300410099,1.0783410790122971,0,0,0,0,0,2,0,0.0,0.0,0.0,0.0,0,2,0,0.0,0.0,0.0,0.0,0,0,0,0.0,0.0,0.0,0,0,0,0.0,0.0,0.0,0,0
Visual Genome,2364080,11,0,23,0,0,0,0,0,0,0,0,0,1,0.01400191899983838,0.00516191500014429,0.004533271999889621,0.02369763799993052,,,0,0,0,0,0,0,0,0.0,0.0,0.0,0.0,0,0,0,0.0,0.0,0.0,0.0,0,0,0,0.0,0.0,0.0,0,0,0,0.0,0.0,0.0,0,0
Visual Genome,2364407,54,1,26,0,14,354,28,354,382,197,0,0,28,0.015406606000169631,0.021893578000117486,0.021656172999882983,0.05895708800017019,11.20202954820653,10.324275153744821,0,0,0,0,1,13,0,0.07142857142857142,1.0,0.13333333333333333,0.827231921761312,1,13,0,0.07142857142857142,1.0,0.13333333333333333,0.827231921761312,0,0,0,0.0,0.0,0.0,0,0,0,0.0,0.0,0.0,0,0
Visual Genome,2364413,48,3,19,0,6,60,12,60,72,37,0,0,12,0.012548105999940162,0.009027535000086573,0.008599025999956211,0.03017524599999888,4.9161148738861105,4.61201225936413,0,0,0,0,1,5,2,0.16666666666666666,0.3333333333333333,0.2222222222222222,0.6691042257540837,1,5,2,0.16666666666666666,0.3333333333333333,0.2222222222222222,0.6691042257540837,0,0,0,0.0,0.0,0.0,0,0,0,0.0,0.0,0.0,0,0
Visual Genome,2364445,31,0,20,0,3,13,6,13,19,10,0,0,6,0.013888139999835403,0.007117848999996568,0.006294859000036013,0.027301561000058427,2.4721711182594306,2.3135667045414454,0,0,0,0,0,3,0,0.0,0.0,0.0,0.0,0,3,0,0.0,0.0,0.0,0.0,0,0,0,0.0,0.0,0.0,0,0,0,0.0,0.0,0.0,0,0
Visual Genome,2364508,34,1,33,0,20,523,40,523,563,401,0,0,40,0.017926067999951556,0.03343786799996451,0.032686481999917305,0.08405120099996566,16.292738792384938,15.203018634950396,0,0,0,0,1,19,0,0.05,1.0,0.09523809523809523,0.934127149600834,1,19,0,0.05,1.0,0.09523809523809523,0.934127149600834,0,0,0,0.0,0.0,0.0,0,0,0,0.0,0.0,0.0,0,0
Visual Genome,2364565,33,1,21,0,2,2,4,2,6,5,0,0,4,0.013663485000051878,0.006368856000108281,0.005846966000035536,0.025879947000021275,1.4906586201985679,1.4602219676971435,0,0,0,0,1,1,0,0.5,1.0,0.6666666666666666,0.9268419942121483,1,1,0,0.5,1.0,0.6666666666666666,0.9268419942121483,0,0,0,0.0,0.0,0.0,0,0,0,0.0,0.0,0.0,0,0
Visual Genome,2364584,31,2,20,0,6,45,12,45,57,37,0,0,12,0.01463695400002507,0.011416171999826474,0.010059236999950372,0.036113038999928904,5.145696325302126,4.936296059489252,0,0,0,0,2,4,0,0.3333333333333333,1.0,0.5,0.9149688689237434,2,4,0,0.3333333333333333,1.0,0.5,0.9149688689237434,0,0,0,0.0,0.0,0.0,0,0,0,0.0,0.0,0.0,0,0
Visual Genome,2364645,23,0,19,0,1,0,2,0,2,1,0,0,2,0.012049738000087018,0.006281592000050296,0.005272487999945952,0.02360442300005161,0.36685041586558026,0.26150954574346547,0,0,0,0,0,1,0,0.0,0.0,0.0,0.0,0,1,0,0.0,0.0,0.0,0.0,0,0,0,0.0,0.0,0.0,0,0,0,0.0,0.0,0.0,0,0
Visual Genome,2365315,24,0,25,0,2,4,4,4,8,5,0,0,4,0.013882727999998679,0.00697253900011674,0.006048297999996066,0.02690432500003226,1.3058474334081014,1.1991761663556102,0,0,0,0,0,2,0,0.0,0.0,0.0,0.0,0,2,0,0.0,0.0,0.0,0.0,0,0,0,0.0,0.0,0.0,0,0,0,0.0,0.0,0.0,0,0
Visual Genome,2365681,41,1,21,0,2,6,4,6,10,5,0,0,4,0.014223388999880626,0.006643384999961199,0.005829763000065213,0.026697108999997,1.357275870641073,1.2718188339471816,0,0,0,0,1,1,0,0.5,1.0,0.6666666666666666,0.8027307780303025,1,1,0,0.5,1.0,0.6666666666666666,0.8027307780303025,0,0,0,0.0,0.0,0.0,0,0,0,0.0,0.0,0.0,0,0
Visual Genome,2366193,24,5,17,0,9,121,18,121,139,82,0,0,18,0.0141427549999662,0.012866332999919905,0.011282374000074924,0.03829205399983948,7.0208332382398435,6.41760714652713,0,0,0,0,2,7,3,0.2222222222222222,0.4,0.2857142857142857,0.8017267949135661,2,7,3,0.2222222222222222,0.4,0.2857142857142857,0.8017267949135661,0,0,0,0.0,0.0,0.0,0,0,0,0.0,0.0,0.0,0,0
Visual Genome,2366660,23,3,7,0,3,14,6,14,20,10,0,0,6,0.01367563799999516,0.0072305360001792,0.006623567999895386,0.0275304330000381,2.6713639162164773,2.6096061892491424,0,0,0,0,1,2,2,0.3333333333333333,0.3333333333333333,0.3333333333333333,0.944537047709943,1,2,2,0.3333333333333333,0.3333333333333333,0.3333333333333333,0.944537047709943,0,0,0,0.0,0.0,0.0,0,0,0,0.0,0.0,0.0,0,0
Visual Genome,2367354,37,2,17,0,9,142,18,142,160,82,0,0,18,0.013775696000038806,0.013593461000027673,0.0130288569998811,0.04039875800003756,7.42840755939484,6.982250677645209,0,0,0,0,2,7,0,0.2222222222222222,1.0,0.3636363636363636,0.804161880835255,2,7,0,0.2222222222222222,1.0,0.3636363636363636,0.804161880835255,0,0,0,0.0,0.0,0.0,0,0,0,0.0,0.0,0.0,0,0
Visual Genome,2368110,37,1,24,0,16,348,32,348,380,257,0,0,32,0.01813646699997662,0.023806573999991087,0.022765570000046864,0.06470942200007812,12.253336573449815,11.040082820761247,0,0,0,0,0,16,1,0.0,0.0,0.0,0.0,0,16,1,0.0,0.0,0.0,0.0,0,0,0,0.0,0.0,0.0,0,0,0,0.0,0.0,0.0,0,0
Visual Genome,2368192,33,0,37,0,4,20,8,20,28,17,0,0,8,0.012656991000085327,0.007816653999952905,0.007058566000068822,0.027533030000086,3.3233218876520803,3.1395254996418966,0,0,0,0,0,4,0,0.0,0.0,0.0,0.0,0,4,0,0.0,0.0,0.0,0.0,0,0,0,0.0,0.0,0.0,0,0,0,0.0,0.0,0.0,0,0
Visual Genome,2368508,29,2,10,0,12,239,24,239,263,145,0,0,24,0.015917145000003075,0.017903877999970064,0.016879725999842776,0.0507013779999852,9.66932037084198,8.960053957689762,0,0,0,0,0,12,2,0.0,0.0,0.0,0.0,0,12,2,0.0,0.0,0.0,0.0,0,0,0,0.0,0.0,0.0,0,0,0,0.0,0.0,0.0,0,0
Visual Genome,2368774,9,1,34,0,1,0,2,0,2,1,0,0,2,0.012938357000166434,0.006600297999966642,0.00561658400010856,0.025155834000088362,0.6369913736979167,0.6430836486816407,0,0,0,0,1,0,0,1.0,1.0,1.0,0.9735759765124221,1,0,0,1.0,1.0,1.0,0.9735759765124221,0,0,0,0.0,0.0,0.0,0,0,0,0.0,0.0,0.0,0,0
Visual Genome,2368817,18,0,10,0,1,0,2,0,2,1,0,0,2,0.014780608999899414,0.00622381200014388,0.0055332000001726556,0.02653829099995164,0.5963319937388103,0.5856522744894028,0,0,0,0,0,1,0,0.0,0.0,0.0,0.0,0,1,0,0.0,0.0,0.0,0.0,0,0,0,0.0,0.0,0.0,0,0,0,0.0,0.0,0.0,0,0
Visual Genome,2368996,26,0,17,0,4,21,8,21,29,17,0,0,8,0.018077444000027754,0.008806490999859307,0.0071228330000394635,0.034007921000011265,3.0947903362909965,2.8167246833443653,0,0,0,0,0,4,0,0.0,0.0,0.0,0.0,0,4,0,0.0,0.0,0.0,0.0,0,0,0,0.0,0.0,0.0,0,0,0,0.0,0.0,0.0,0,0
Visual Genome,2369534,20,0,23,0,1,0,2,0,2,1,0,0,2,0.01195868799982236,0.007201179000048796,0.005636628000047494,0.02479723499982356,0.5949761311213175,0.5837371185421945,0,0,0,0,0,1,0,0.0,0.0,0.0,0.0,0,1,0,0.0,0.0,0.0,0.0,0,0,0,0.0,0.0,0.0,0,0,0,0.0,0.0,0.0,0,0
Visual Genome,2369615,25,9,17,0,13,313,26,313,339,170,0,0,26,0.015491285000052812,0.020180143000061435,0.019450667000000976,0.05512324200003604,10.386930720482404,9.555852908069031,0,0,0,0,7,6,2,0.5384615384615384,0.7777777777777778,0.6363636363636364,0.7874401110891681,7,6,2,0.5384615384615384,0.7777777777777778,0.6363636363636364,0.7874401110891681,0,0,0,0.0,0.0,0.0,0,0,0,0.0,0.0,0.0,0,0
Visual Genome,2370016,32,1,14,0,5,40,10,40,50,26,0,0,10,0.013788908000151423,0.008495846999949208,0.008137497999996413,0.03042285600008654,4.067109812239957,3.7736412098905965,0,0,0,0,0,5,1,0.0,0.0,0.0,0.7943040579683818,0,5,1,0.0,0.0,0.0,0.7943040579683818,0,0,0,0.0,0.0,0.0,0,0,0,0.0,0.0,0.0,0,0
Visual Genome,2370071,58,0,40,0,1,0,2,0,2,1,0,0,2,0.013982690999910119,0.0061061500000505475,0.00595056400015892,0.026040052999860563,0.6200937191645304,0.6192157116532326,0,0,0,0,0,1,0,0.0,0.0,0.0,0.0,0,1,0,0.0,0.0,0.0,0.0,0,0,0,0.0,0.0,0.0,0,0,0,0.0,0.0,0.0,0,0
Visual Genome,2370681,26,0,16,0,5,43,10,43,53,26,0,0,10,0.013090749999946638,0.008693856000036249,0.007551487999990059,0.02933685399989372,4.309359520276389,4.118886989057065,0,0,0,0,0,5,0,0.0,0.0,0.0,0.0,0,5,0,0.0,0.0,0.0,0.0,0,0,0,0.0,0.0,0.0,0,0,0,0.0,0.0,0.0,0,0
Visual Genome,2370826,42,6,15,0,3,11,6,11,17,10,0,0,6,0.012831129999995028,0.007059973999957947,0.0062413289999767585,0.026133118999950966,2.489775135252162,2.30819590571849,0,0,0,0,1,2,5,0.3333333333333333,0.16666666666666666,0.2222222222222222,0.8514258980387372,1,2,5,0.3333333333333333,0.16666666666666666,0.2222222222222222,0.8514258980387372,0,0,0,0.0,0.0,0.0,0,0,0,0.0,0.0,0.0,0,0
Visual Genome,2371479,8,0,18,0,2,5,4,5,9,5,0,0,4,0.013294489999907455,0.007113841999853321,0.006217693000053259,0.026626697999972748,1.511533610855454,1.503845864668403,0,0,0,0,0,2,0,0.0,0.0,0.0,0.0,0,2,0,0.0,0.0,0.0,0.0,0,0,0,0.0,0.0,0.0,0,0,0,0.0,0.0,0.0,0,0
Visual Genome,2371520,16,1,14,0,2,6,4,6,10,5,0,0,4,0.01267649800001891,0.00652464399991004,0.005824826999969446,0.025026616000104696,1.5521272691090906,1.5470464342832568,0,0,0,0,1,1,0,0.5,1.0,0.6666666666666666,0.9722370321974267,1,1,0,0.5,1.0,0.6666666666666666,0.9722370321974267,0,0,0,0.0,0.0,0.0,0,0,0,0.0,0.0,0.0,0,0
Visual Genome,2371844,32,0,20,0,1,0,2,0,2,1,0,0,2,0.013898852000011175,0.006239278000066406,0.005686137000111557,0.025824951000004148,0.6153026501337687,0.6124483266472817,0,0,0,0,0,1,0,0.0,0.0,0.0,0.0,0,1,0,0.0,0.0,0.0,0.0,0,0,0,0.0,0.0,0.0,0,0,0,0.0,0.0,0.0,0,0
Visual Genome,2372054,15,0,7,0,9,131,18,131,149,82,0,0,18,0.014445740000155638,0.013725767000096312,0.011772295000127997,0.039944379000189656,6.933813493251803,6.2960115592181705,0,0,0,0,0,9,0,0.0,0.0,0.0,0.0,0,9,0,0.0,0.0,0.0,0.0,0,0,0,0.0,0.0,0.0,0,0,0,0.0,0.0,0.0,0,0
Visual Genome,2372677,18,0,25,0,1,0,2,0,2,1,0,0,2,0.013010095000026922,0.0059489709999525076,0.005461396000100649,0.024421474000064336,0.6191528956095378,0.6178867983818055,0,0,0,0,0,1,0,0.0,0.0,0.0,0.0,0,1,0,0.0,0.0,0.0,0.0,0,0,0,0.0,0.0,0.0,0,0,0,0.0,0.0,0.0,0,0
Visual Genome,2373246,29,2,10,0,7,74,14,74,88,50,0,0,14,0.015524163999998564,0.011022409000133848,0.009459024999841859,0.036006309999947916,6.141801326631531,5.9329740452359365,0,0,0,0,2,5,0,0.2857142857142857,1.0,0.4444444444444445,0.9666060664790499,2,5,0,0.2857142857142857,1.0,0.4444444444444445,0.9666060664790499,0,0,0,0.0,0.0,0.0,0,0,0,0.0,0.0,0.0,0,0
Visual Genome,2373277,16,0,14,0,3,10,6,10,16,10,0,0,6,0.013858701000117435,0.007704649000061181,0.006789636000121391,0.028353670000115017,2.518497653007508,2.407877934873105,0,0,0,0,0,3,0,0.0,0.0,0.0,0.0,0,3,0,0.0,0.0,0.0,0.0,0,0,0,0.0,0.0,0.0,0,0,0,0.0,0.0,0.0,0,0
Visual Genome,2373324,28,3,12,0,7,73,14,73,87,50,0,0,14,0.015795787000115524,0.011289605000001757,0.010579665000022942,0.03766582200000812,5.9798932003557494,5.722817361511768,0,0,0,0,3,4,0,0.42857142857142855,1.0,0.6,0.9028823782123999,3,4,0,0.42857142857142855,1.0,0.6,0.9028823782123999,0,0,0,0.0,0.0,0.0,0,0,0,0.0,0.0,0.0,0,0
Visual Genome,2373416,26,3,17,0,8,102,16,102,118,65,0,0,16,0.016439544000149908,0.012463428999808457,0.011495074999857025,0.04039893800018035,6.916693251927696,6.660495885014536,0,0,0,0,1,7,2,0.125,0.3333333333333333,0.18181818181818182,0.7743484016201378,1,7,2,0.125,0.3333333333333333,0.18181818181818182,0.7743484016201378,0,0,0,0.0,0.0,0.0,0,0,0,0.0,0.0,0.0,0,0
Visual Genome,2373675,33,1,19,0,0,0,0,0,0,0,0,0,1,0.013013869999895178,0.005063609999979235,0.004442273999984536,0.022520335999843155,,,0,0,0,0,0,0,1,0.0,0.0,0.0,0.0,0,0,1,0.0,0.0,0.0,0.0,0,0,0,0.0,0.0,0.0,0,0,0,0.0,0.0,0.0,0,0
Visual Genome,2374347,30,1,32,0,3,13,6,13,19,10,0,0,6,0.014930371999980707,0.0069154640000306244,0.007001149000188889,0.028847692999988794,2.51635895729065,2.388357027173043,0,0,0,0,0,3,1,0.0,0.0,0.0,0.0,0,3,1,0.0,0.0,0.0,0.0,0,0,0,0.0,0.0,0.0,0,0,0,0.0,0.0,0.0,0,0
Visual Genome,2375149,18,1,23,0,4,26,8,26,34,17,0,0,8,0.012271969000039462,0.007552618000090661,0.00750289999996312,0.027328173000114475,3.8129729620842916,3.812955145858604,0,0,0,0,1,3,0,0.25,1.0,0.4,0.9557630451098762,1,3,0,0.25,1.0,0.4,0.9557630451098762,0,0,0,0.0,0.0,0.0,0,0,0,0.0,0.0,0.0,0,0
Visual Genome,2375342,30,0,34,0,13,273,26,273,299,170,0,0,26,0.01613770799986014,0.020043273000055706,0.020607000999916636,0.056788688999859005,11.023785773721304,10.409288331078457,0,0,0,0,0,13,0,0.0,0.0,0.0,0.0,0,13,0,0.0,0.0,0.0,0.0,0,0,0,0.0,0.0,0.0,0,0,0,0.0,0.0,0.0,0,0
Visual Genome,2375655,25,1,17,0,1,0,2,0,2,1,0,0,2,0.012743441000111488,0.006053180000208158,0.005365333000099781,0.02416254000013396,0.6020429293314615,0.5937189710140228,0,0,0,0,1,0,0,1.0,1.0,1.0,0.8105545949681806,1,0,0,1.0,1.0,1.0,0.8105545949681806,0,0,0,0.0,0.0,0.0,0,0,0,0.0,0.0,0.0,0,0
Visual Genome,2375995,6,2,16,0,4,24,8,24,32,17,0,0,8,0.016760346999944886,0.00806088199988153,0.006718610999996599,0.031540578999965874,3.2314864508310963,2.910807945132256,0,0,0,0,2,2,0,0.5,1.0,0.6666666666666666,0.8676748654298814,2,2,0,0.5,1.0,0.6666666666666666,0.8676748654298814,0,0,0,0.0,0.0,0.0,0,0,0,0.0,0.0,0.0,0,0
Visual Genome,2376311,28,2,20,0,4,17,8,17,25,17,0,0,8,0.0142690320001293,0.007837307000045257,0.006867200999977285,0.028974177999998574,3.5896782700220755,3.532253889739515,0,0,0,0,2,2,0,0.5,1.0,0.6666666666666666,0.8921250120923783,2,2,0,0.5,1.0,0.6666666666666666,0.8921250120923783,0,0,0,0.0,0.0,0.0,0,0,0,0.0,0.0,0.0,0,0
Visual Genome,2376313,22,0,11,0,2,2,4,2,6,5,0,0,4,0.014155316000142193,0.006255035000094722,0.005825831000038306,0.02623679299995274,1.5211857446034747,1.519841530919075,0,0,0,0,0,2,0,0.0,0.0,0.0,0.0,0,2,0,0.0,0.0,0.0,0.0,0,0,0,0.0,0.0,0.0,0,0,0,0.0,0.0,0.0,0,0
Visual Genome,2376333,24,2,44,0,3,12,6,12,18,10,0,0,6,0.012449537999827953,0.006774363999966226,0.006093976000101975,0.02531850799982749,2.5628041958808905,2.453960926681758,0,0,0,0,2,1,0,0.6666666666666666,1.0,0.8,0.6420651687523234,2,1,0,0.6666666666666666,1.0,0.8,0.6420651687523234,0,0,0,0.0,0.0,0.0,0,0,0,0.0,0.0,0.0,0,0
Visual Genome,2376562,25,3,26,0,7,77,14,77,91,50,0,0,14,0.01455061100000421,0.010576822000075481,0.00941736899994794,0.03454536399999597,5.833025721837033,5.502554865458557,0,0,0,0,2,5,1,0.2857142857142857,0.6666666666666666,0.4,0.827644078393735,2,5,1,0.2857142857142857,0.6666666666666666,0.4,0.827644078393735,0,0,0,0.0,0.0,0.0,0,0,0,0.0,0.0,0.0,0,0
Visual Genome,2377208,28,1,25,0,3,11,6,11,17,10,0,0,6,0.014605737000010777,0.006922830999883445,0.006291125999950964,0.027820315000099072,2.5409275436401373,2.4106851553916937,0,0,0,0,1,2,0,0.3333333333333333,1.0,0.5,0.6587808123042451,1,2,0,0.3333333333333333,1.0,0.5,0.6587808123042451,0,0,0,0.0,0.0,0.0,0,0,0,0.0,0.0,0.0,0,0
Visual Genome,2377681,24,1,21,0,8,109,16,109,125,65,0,0,16,0.01548820900006831,0.012336064999999508,0.011432345000002897,0.03925727600017126,6.891861604060166,6.565320500140819,0,0,0,0,0,8,1,0.0,0.0,0.0,0.0,0,8,1,0.0,0.0,0.0,0.0,0,0,0,0.0,0.0,0.0,0,0,0,0.0,0.0,0.0,0,0
Visual Genome,2378406,44,6,37,0,6,34,12,34,46,37,0,0,12,0.01379859500002567,0.009607909999886033,0.008330827000008867,0.03173795299994708,4.241435096263886,3.72502707347274,0,0,0,0,3,3,3,0.5,0.5,0.5,0.8166123155257042,3,3,3,0.5,0.5,0.5,0.8166123155257042,0,0,0,0.0,0.0,0.0,0,0,0,0.0,0.0,0.0,0,0
Visual Genome,2379084,18,0,28,0,3,12,6,12,18,10,0,0,6,0.013290035999943939,0.0069656299999678595,0.00619683700006135,0.026453049999872746,2.5618163204193123,2.452565552592278,0,0,0,0,0,3,0,0.0,0.0,0.0,0.0,0,3,0,0.0,0.0,0.0,0.0,0,0,0,0.0,0.0,0.0,0,0,0,0.0,0.0,0.0,0,0
Visual Genome,2379285,20,0,7,0,4,18,8,18,26,17,0,0,8,0.01348112300001958,0.007637185000021418,0.00679285199998958,0.027911756999856152,3.670406014124554,3.646281828284265,0,0,0,0,0,4,0,0.0,0.0,0.0,0.0,0,4,0,0.0,0.0,0.0,0.0,0,0,0,0.0,0.0,0.0,0,0,0,0.0,0.0,0.0,0,0
Visual Genome,2379457,18,2,15,1,1,0,2,0,2,1,0,0,2,0.012518875000068874,0.0058925949999775185,0.0051903590001529665,0.023602336000067226,0.6069845596949259,0.6006990239024164,0,0,0,0,1,0,1,1.0,0.5,0.6666666666666666,0.9644248297935641,1,0,1,1.0,0.5,0.6666666666666666,0.9644248297935641,0,0,1,0.0,0.0,0.0,0,0,1,0.0,0.0,0.0,0,0
Visual Genome,2379567,26,1,21,0,4,16,8,16,24,17,0,0,8,0.01501603800011253,0.008485932999974466,0.007747800000061034,0.03125042900001063,3.4470169703165703,3.3472448039054883,0,0,0,0,1,3,0,0.25,1.0,0.4,0.9819032603496385,1,3,0,0.25,1.0,0.4,0.9819032603496385,0,0,0,0.0,0.0,0.0,0,0,0,0.0,0.0,0.0,0,0
Visual Genome,2379786,22,2,23,1,2,4,4,4,8,5,0,0,4,0.014529923000054623,0.006444917000180794,0.006065791000082754,0.02704131500013318,1.5785281451543174,1.5843376716971402,0,0,0,0,2,0,0,1.0,1.0,1.0,0.9618426506064761,2,0,0,1.0,1.0,1.0,0.9618426506064761,0,2,1,0.0,0.0,0.0,0,2,1,0.0,0.0,0.0,0,0
Visual Genome,2379993,19,0,20,0,5,36,10,36,46,26,0,0,10,0.014635083000030136,0.008966870999984167,0.007655062000139878,0.031257671000048504,4.259810038407645,4.073648345917465,0,0,0,0,0,5,0,0.0,0.0,0.0,0.0,0,5,0,0.0,0.0,0.0,0.0,0,0,0,0.0,0.0,0.0,0,0,0,0.0,0.0,0.0,0,0
Visual Genome,2380286,21,1,25,0,3,10,6,10,16,10,0,0,6,0.013052624000010837,0.006961273000115398,0.005747543000097721,0.02576211400014472,2.67391161441803,2.627400155365468,0,0,0,0,1,2,0,0.3333333333333333,1.0,0.5,0.7216540727958111,1,2,0,0.3333333333333333,1.0,0.5,0.7216540727958111,0,0,0,0.0,0.0,0.0,0,0,0,0.0,0.0,0.0,0,0
Visual Genome,2380294,28,5,44,0,10,162,20,162,182,101,0,0,20,0.014250059000005422,0.01478494299999511,0.013531516000057309,0.04256710899994687,8.070404768516756,7.495300744901238,0,0,0,0,5,5,0,0.5,1.0,0.6666666666666666,0.8381764773874426,5,5,0,0.5,1.0,0.6666666666666666,0.8381764773874426,0,0,0,0.0,0.0,0.0,0,0,0,0.0,0.0,0.0,0,0
Visual Genome,2380388,21,0,20,0,6,66,12,66,78,37,0,0,12,0.014874811000026966,0.010500066000076913,0.009774683999921763,0.0351502429998618,4.699310761813714,4.28395346385677,0,0,0,0,0,6,0,0.0,0.0,0.0,0.0,0,6,0,0.0,0.0,0.0,0.0,0,0,0,0.0,0.0,0.0,0,0,0,0.0,0.0,0.0,0,0
Visual Genome,2380673,22,0,5,0,0,0,0,0,0,0,0,0,1,0.012522181000122146,0.0048653869998815935,0.004069468000125198,0.02145745200004967,,,0,0,0,0,0,0,0,0.0,0.0,0.0,0.0,0,0,0,0.0,0.0,0.0,0.0,0,0,0,0.0,0.0,0.0,0,0,0,0.0,0.0,0.0,0,0
Visual Genome,2380711,17,1,26,0,2,4,4,4,8,5,0,0,4,0.012583602999939103,0.00652989099990009,0.005634139999983745,0.024748217000023942,1.4079134376843774,1.3433443973958497,0,0,0,0,1,1,0,0.5,1.0,0.6666666666666666,0.9592121428860978,1,1,0,0.5,1.0,0.6666666666666666,0.9592121428860978,0,0,0,0.0,0.0,0.0,0,0,0,0.0,0.0,0.0,0,0
Visual Genome,2380719,27,6,19,0,11,207,22,207,229,122,0,0,22,0.014858799999956318,0.018262383000092086,0.017597360000081608,0.05071955199991862,9.36569820171251,8.888271289027275,0,0,0,0,4,7,2,0.36363636363636365,0.6666666666666666,0.4705882352941177,0.7910234209233572,4,7,2,0.36363636363636365,0.6666666666666666,0.4705882352941177,0.7910234209233572,0,0,0,0.0,0.0,0.0,0,0,0,0.0,0.0,0.0,0,0
Visual Genome,2380732,32,5,39,3,9,127,18,127,145,82,0,0,18,0.014884428999948796,0.012696095999899626,0.011993356999937532,0.03957450199982304,7.780353612206532,7.485760152987792,0,0,0,0,3,6,2,0.3333333333333333,0.6,0.42857142857142855,0.8815305159523931,3,6,2,0.3333333333333333,0.6,0.42857142857142855,0.8815305159523931,0,0,3,0.0,0.0,0.0,0,0,3,0.0,0.0,0.0,0,0
Visual Genome,2380910,17,1,26,0,3,11,6,11,17,10,0,0,6,0.012503867000077662,0.007812149000073987,0.006436830999973608,0.026753475000077742,2.3983079515878174,2.228261475611112,0,0,0,0,1,2,0,0.3333333333333333,1.0,0.5,0.9155847540428212,1,2,0,0.3333333333333333,1.0,0.5,0.9155847540428212,0,0,0,0.0,0.0,0.0,0,0,0,0.0,0.0,0.0,0,0
Visual Genome,2381146,24,1,34,0,4,23,8,23,31,17,0,0,8,0.01498863300002995,0.008142182000028697,0.007023448999916582,0.03015493299994887,3.453788248527146,3.323381674863991,0,0,0,0,1,3,0,0.25,1.0,0.4,0.94221015579727,1,3,0,0.25,1.0,0.4,0.94221015579727,0,0,0,0.0,0.0,0.0,0,0,0,0.0,0.0,0.0,0,0
Visual Genome,2381575,10,0,27,0,1,0,2,0,2,1,0,0,2,0.01268105100007233,0.006116606999967189,0.00615326100000857,0.02495159000000058,0.5924026886622111,0.5801021310687065,0,0,0,0,0,1,0,0.0,0.0,0.0,0.0,0,1,0,0.0,0.0,0.0,0.0,0,0,0,0.0,0.0,0.0,0,0,0,0.0,0.0,0.0,0,0
Visual Genome,2381641,13,4,21,0,13,277,26,277,303,170,0,0,26,0.014821570000094653,0.02063216300007298,0.020278176999909192,0.055732860000034634,10.680733380244915,9.900978379822515,0,0,0,0,3,10,1,0.23076923076923078,0.75,0.3529411764705882,0.7687616785956773,3,10,1,0.23076923076923078,0.75,0.3529411764705882,0.7687616785956773,0,0,0,0.0,0.0,0.0,0,0,0,0.0,0.0,0.0,0,0
Visual Genome,2382289,16,0,28,0,2,2,4,2,6,5,0,0,4,0.01385897299996941,0.006421047999992879,0.005877413999996861,0.026158097999996244,1.3788528831799827,1.302296364158392,0,0,0,0,0,2,0,0.0,0.0,0.0,0.0,0,2,0,0.0,0.0,0.0,0.0,0,0,0,0.0,0.0,0.0,0,0,0,0.0,0.0,0.0,0,0
Visual Genome,2382368,24,2,6,0,6,52,12,52,64,37,0,0,12,0.014749155999879804,0.009468826000102126,0.008477133000042159,0.03269587799991314,4.961906766891481,4.643693308234217,0,0,0,0,1,5,1,0.16666666666666666,0.5,0.25,0.5900527047356758,1,5,1,0.16666666666666666,0.5,0.25,0.5900527047356758,0,0,0,0.0,0.0,0.0,0,0,0,0.0,0.0,0.0,0,0
Visual Genome,2382609,23,2,36,0,13,283,26,283,309,170,0,0,26,0.015456921000122748,0.019711137000058443,0.020266785999865533,0.05543567300014729,10.90836806493476,10.33446452535664,0,0,0,0,1,12,1,0.07692307692307693,0.5,0.13333333333333336,0.9362432005506065,1,12,1,0.07692307692307693,0.5,0.13333333333333336,0.9362432005506065,0,0,0,0.0,0.0,0.0,0,0,0,0.0,0.0,0.0,0,0
Visual Genome,2382779,23,1,32,0,1,0,2,0,2,1,0,0,2,0.01583230400001412,0.006500424000023486,0.006518967000147313,0.02885235200005809,0.621933929125468,0.6218150082230569,0,0,0,0,1,0,0,1.0,1.0,1.0,0.9366134492685653,1,0,0,1.0,1.0,1.0,0.9366134492685653,0,0,0,0.0,0.0,0.0,0,0,0,0.0,0.0,0.0,0,0
Visual Genome,2382880,22,2,34,1,2,2,4,2,6,5,0,0,4,0.013884542999903715,0.006589622000092277,0.0055616570000438514,0.026036612999860154,1.5364444382985432,1.541394435763359,0,0,0,0,2,0,0,1.0,1.0,1.0,0.9644299972906968,2,0,0,1.0,1.0,1.0,0.9644299972906968,0,2,1,0.0,0.0,0.0,0,2,1,0.0,0.0,0.0,0,0
Visual Genome,2383143,46,3,17,1,2,2,4,2,6,5,0,0,4,0.014237989000093876,0.0070212099999480415,0.006315785000197138,0.027575657000170395,1.2676314123471577,1.161696036607027,0,0,0,0,1,1,2,0.5,0.3333333333333333,0.4,0.8967788408006196,1,1,2,0.5,0.3333333333333333,0.4,0.8967788408006196,0,0,1,0.0,0.0,0.0,0,0,1,0.0,0.0,0.0,0,0
Visual Genome,2383321,16,1,8,0,4,26,8,26,34,17,0,0,8,0.02121192999993582,0.012845073000107732,0.011219948000189106,0.04527788999985205,3.5203962794939687,3.3601430781185635,0,0,0,0,1,3,0,0.25,1.0,0.4,0.9453517630809188,1,3,0,0.25,1.0,0.4,0.9453517630809188,0,0,0,0.0,0.0,0.0,0,0,0,0.0,0.0,0.0,0,0
Visual Genome,2383979,18,2,12,0,4,22,8,22,30,17,0,0,8,0.015551997000102347,0.007558000000017273,0.0065984570001091924,0.029709059000197158,3.2284246293703727,3.005483122318984,0,0,0,0,1,3,1,0.25,0.5,0.3333333333333333,0.5570951727689705,1,3,1,0.25,0.5,0.3333333333333333,0.5570951727689705,0,0,0,0.0,0.0,0.0,0,0,0,0.0,0.0,0.0,0,0
Visual Genome,2383998,26,0,31,0,2,2,4,2,6,5,0,0,4,0.013342338000029486,0.006513215000040873,0.006061519000013504,0.025917757999877722,1.525738433202108,1.5097722035646441,0,0,0,0,0,2,0,0.0,0.0,0.0,0.0,0,2,0,0.0,0.0,0.0,0.0,0,0,0,0.0,0.0,0.0,0,0,0,0.0,0.0,0.0,0,0
Visual Genome,2384583,18,0,12,0,1,0,2,0,2,1,0,0,2,0.013930326999798126,0.007151797999995324,0.0061432319998857565,0.027225961999874926,0.6069163719813029,0.6006027087569237,0,0,0,0,0,1,0,0.0,0.0,0.0,0.0,0,1,0,0.0,0.0,0.0,0.0,0,0,0,0.0,0.0,0.0,0,0,0,0.0,0.0,0.0,0,0
Visual Genome,2384873,21,2,29,0,3,12,6,12,18,10,0,0,6,0.01289732199984428,0.007145790999857127,0.006122180000147637,0.026165957999864986,2.293894689431352,2.0871550885345163,0,0,0,0,0,3,2,0.0,0.0,0.0,0.6239795399151861,0,3,2,0.0,0.0,0.0,0.6239795399151861,0,0,0,0.0,0.0,0.0,0,0,0,0.0,0.0,0.0,0,0
Visual Genome,2384897,18,0,22,0,4,24,8,24,32,17,0,0,8,0.014887355999917418,0.008740725000052407,0.00821119399984127,0.03184003399996982,3.808010106481235,3.810245533582688,0,0,0,0,0,4,0,0.0,0.0,0.0,0.0,0,4,0,0.0,0.0,0.0,0.0,0,0,0,0.0,0.0,0.0,0,0,0,0.0,0.0,0.0,0,0
Visual Genome,2385235,25,0,33,0,0,0,0,0,0,0,0,0,1,0.012598952999951507,0.0049528690001352516,0.004767228999980944,0.022319961999983207,,,0,0,0,0,0,0,0,0.0,0.0,0.0,0.0,0,0,0,0.0,0.0,0.0,0.0,0,0,0,0.0,0.0,0.0,0,0,0,0.0,0.0,0.0,0,0
Visual Genome,2385443,5,0,12,0,3,12,6,12,18,10,0,0,6,0.01394411699993725,0.007303615000182617,0.006140239999922414,0.02738862399996833,2.750568981170655,2.73567868590355,0,0,0,0,0,3,0,0.0,0.0,0.0,0.0,0,3,0,0.0,0.0,0.0,0.0,0,0,0,0.0,0.0,0.0,0,0,0,0.0,0.0,0.0,0,0
Visual Genome,2386236,9,0,26,0,3,8,6,8,14,10,0,0,6,0.01309935500012216,0.006786195999893607,0.006277849000071001,0.026164036999944074,2.203212458743578,1.9687425095875322,0,0,0,0,0,3,0,0.0,0.0,0.0,0.0,0,3,0,0.0,0.0,0.0,0.0,0,0,0,0.0,0.0,0.0,0,0,0,0.0,0.0,0.0,0,0
Visual Genome,2386409,21,0,18,0,1,0,2,0,2,1,0,0,2,0.014296553000122003,0.006363645999954315,0.005274889000020266,0.025935608000054344,0.621640960375468,0.6214011898636818,0,0,0,0,0,1,0,0.0,0.0,0.0,0.0,0,1,0,0.0,0.0,0.0,0.0,0,0,0,0.0,0.0,0.0,0,0,0,0.0,0.0,0.0,0,0
Visual Genome,2386658,24,0,18,0,1,0,2,0,2,1,0,0,2,0.013260249000040858,0.006285551000019041,0.005986803000041618,0.025533219999942958,0.6265020291010539,0.628267449438572,0,0,0,0,0,1,0,0.0,0.0,0.0,0.0,0,1,0,0.0,0.0,0.0,0.0,0,0,0,0.0,0.0,0.0,0,0,0,0.0,0.0,0.0,0,0
Visual Genome,2386697,22,0,37,0,1,0,2,0,2,1,0,0,2,0.012114608000047156,0.0062148619999788934,0.0056854590000057215,0.024015855000016018,0.6049474636713663,0.5978216257691383,0,0,0,0,0,1,0,0.0,0.0,0.0,0.0,0,1,0,0.0,0.0,0.0,0.0,0,0,0,0.0,0.0,0.0,0,0,0,0.0,0.0,0.0,0,0
Visual Genome,2387359,44,0,38,0,8,110,16,110,126,65,0,0,16,0.014590438000141148,0.011879447999945114,0.011308459000019866,0.037779059000058623,6.594341915448509,6.205174622237685,0,0,0,0,0,8,0,0.0,0.0,0.0,0.0,0,8,0,0.0,0.0,0.0,0.0,0,0,0,0.0,0.0,0.0,0,0,0,0.0,0.0,0.0,0,0
Visual Genome,2387380,30,0,36,0,1,0,2,0,2,1,0,0,2,0.014484961000107432,0.007318789000009929,0.005720864000068104,0.02752523399999518,0.6316531340281168,0.6355433851480485,0,0,0,0,0,1,0,0.0,0.0,0.0,0.0,0,1,0,0.0,0.0,0.0,0.0,0,0,0,0.0,0.0,0.0,0,0,0,0.0,0.0,0.0,0,0
Visual Genome,2387453,11,1,4,0,10,170,20,170,190,101,0,0,20,0.0148624099999779,0.015041236000115532,0.01440317300011884,0.0443074649999744,8.792570515245602,8.4811092329228,0,0,0,0,1,9,0,0.1,1.0,0.18181818181818182,0.9271578025397303,1,9,0,0.1,1.0,0.18181818181818182,0.9271578025397303,0,0,0,0.0,0.0,0.0,0,0,0,0.0,0.0,0.0,0,0
Visual Genome,2387511,27,2,13,0,1,0,2,0,2,1,0,0,2,0.012923747000058938,0.006209840000110489,0.005671051000035732,0.024805386000025464,0.6414102474848429,0.649325307905674,0,0,0,0,1,0,1,1.0,0.5,0.6666666666666666,0.9480294866598885,1,0,1,1.0,0.5,0.6666666666666666,0.9480294866598885,0,0,0,0.0,0.0,0.0,0,0,0,0.0,0.0,0.0,0,0
Visual Genome,2388051,21,2,14,0,3,8,6,8,14,10,0,0,6,0.01530872300008923,0.007705177999923762,0.006536630000027799,0.029551099999935104,2.4113866223118774,2.259505112292575,0,0,0,0,2,1,0,0.6666666666666666,1.0,0.8,0.6772746660054639,2,1,0,0.6666666666666666,1.0,0.8,0.6772746660054639,0,0,0,0.0,0.0,0.0,0,0,0,0.0,0.0,0.0,0,0
Visual Genome,2388069,25,1,27,0,3,10,6,10,16,10,0,0,6,0.012390674000016588,0.007765686999846366,0.006770223000103215,0.026927228000204195,2.4880364966392525,2.3648515515029436,0,0,0,0,0,3,1,0.0,0.0,0.0,0.0,0,3,1,0.0,0.0,0.0,0.0,0,0,0,0.0,0.0,0.0,0,0,0,0.0,0.0,0.0,0,0
Visual Genome,2388190,11,2,9,0,5,38,10,38,48,26,0,0,10,0.015437370999961786,0.009318646000110675,0.008157020999988163,0.03291364799997609,4.101579666932425,3.817147946208717,0,0,0,0,1,4,1,0.2,0.5,0.28571428571428575,0.9104290135329718,1,4,1,0.2,0.5,0.28571428571428575,0.9104290135329718,0,0,0,0.0,0.0,0.0,0,0,0,0.0,0.0,0.0,0,0
Visual Genome,2388367,19,1,11,0,5,43,10,43,53,26,0,0,10,0.015587463999963802,0.008716877000097156,0.007576639000035357,0.03188155800012282,4.118728143534977,3.8068688181657784,0,0,0,0,1,4,0,0.2,1.0,0.33333333333333337,0.8776213506291872,1,4,0,0.2,1.0,0.33333333333333337,0.8776213506291872,0,0,0,0.0,0.0,0.0,0,0,0,0.0,0.0,0.0,0,0
Visual Genome,2388946,18,2,13,0,4,21,8,21,29,17,0,0,8,0.014208370999995168,0.007536387999834915,0.007362527999930535,0.02910789699990346,3.3315881101290397,3.1512015388906014,0,0,0,0,2,2,0,0.5,1.0,0.6666666666666666,0.6703326216018306,2,2,0,0.5,1.0,0.6666666666666666,0.6703326216018306,0,0,0,0.0,0.0,0.0,0,0,0,0.0,0.0,0.0,0,0
Visual Genome,2389025,2,0,1,0,30,1671,60,1671,1731,901,0,0,60,0.023126353000179733,0.08402508400013176,0.0819425450001745,0.1890951920001953,24.157793785745238,22.24759983476434,0,0,0,0,0,30,0,0.0,0.0,0.0,0.0,0,30,0,0.0,0.0,0.0,0.0,0,0,0,0.0,0.0,0.0,0,0,0,0.0,0.0,0.0,0,0
Visual Genome,2389145,36,6,38,1,8,108,16,108,124,65,0,0,16,0.014230268999881446,0.012404961000129333,0.01193271699980869,0.03856855699996231,6.644140249093375,6.2755147685110595,0,0,0,0,4,4,2,0.5,0.6666666666666666,0.5714285714285715,0.7307540873696319,4,4,2,0.5,0.6666666666666666,0.5714285714285715,0.7307540873696319,0,2,1,0.0,0.0,0.0,0,2,1,0.0,0.0,0.0,0,0
Visual Genome,2389222,14,0,6,0,2,4,4,4,8,5,0,0,4,0.01380649100019582,0.006446852999943076,0.0058035819999986415,0.02605752200020106,1.5069041045506797,1.4831687143445018,0,0,0,0,0,2,0,0.0,0.0,0.0,0.0,0,2,0,0.0,0.0,0.0,0.0,0,0,0,0.0,0.0,0.0,0,0,0,0.0,0.0,0.0,0,0
Visual Genome,2389596,21,0,26,0,2,6,4,6,10,5,0,0,4,0.014033483000048363,0.006665679999969143,0.006277022999938708,0.02697679499988226,1.5683644088109339,1.5699813941121104,0,0,0,0,0,2,0,0.0,0.0,0.0,0.0,0,2,0,0.0,0.0,0.0,0.0,0,0,0,0.0,0.0,0.0,0,0,0,0.0,0.0,0.0,0,0
Visual Genome,2390045,12,1,7,0,4,23,8,23,31,17,0,0,8,0.013659841999924538,0.009025437999980568,0.011374435999869092,0.034060942999985855,3.42941322485606,3.2563795134425177,0,0,0,0,1,3,0,0.25,1.0,0.4,0.9443840321725907,1,3,0,0.25,1.0,0.4,0.9443840321725907,0,0,0,0.0,0.0,0.0,0,0,0,0.0,0.0,0.0,0,0
Visual Genome,2390293,23,1,14,0,2,4,4,4,8,5,0,0,4,0.01767677999987427,0.007724502999963079,0.0061593249999987165,0.03156148499988376,1.5290918620427454,1.5145089218020442,0,0,0,0,1,1,0,0.5,1.0,0.6666666666666666,0.9538427338742848,1,1,0,0.5,1.0,0.6666666666666666,0.9538427338742848,0,0,0,0.0,0.0,0.0,0,0,0,0.0,0.0,0.0,0,0
Visual Genome,2390699,27,2,2,0,8,102,16,102,118,65,0,0,16,0.0130421030000889,0.011451889999989362,0.010949494999977105,0.035444068000060724,7.278147247246076,7.153989604921311,0,0,0,0,2,6,0,0.25,1.0,0.4,0.9170420031123248,2,6,0,0.25,1.0,0.4,0.9170420031123248,0,0,0,0.0,0.0,0.0,0,0,0,0.0,0.0,0.0,0,0
Visual Genome,2391028,29,0,16,0,3,14,6,14,20,10,0,0,6,0.013904383999943093,0.006874745000004623,0.006637264999881154,0.027417031999902974,2.417169711589814,2.248252217620612,0,0,0,0,0,3,0,0.0,0.0,0.0,0.0,0,3,0,0.0,0.0,0.0,0.0,0,0,0,0.0,0.0,0.0,0,0,0,0.0,0.0,0.0,0,0
Visual Genome,2391050,12,1,2,0,14,306,28,306,334,197,0,0,28,0.015590263999911258,0.021942583000054583,0.02054968600009488,0.0580832250000185,11.533840050951403,10.81063544025596,0,0,0,0,1,13,0,0.07142857142857142,1.0,0.13333333333333333,0.7493429973622909,1,13,0,0.07142857142857142,1.0,0.13333333333333333,0.7493429973622909,0,0,0,0.0,0.0,0.0,0,0,0,0.0,0.0,0.0,0,0
Visual Genome,2392484,4,0,13,0,4,20,8,20,28,17,0,0,8,0.01298040899996522,0.009329857000011543,0.008204252000041379,0.030515233999949487,3.5964749112637744,3.5363377090207635,0,0,0,0,0,4,0,0.0,0.0,0.0,0.0,0,4,0,0.0,0.0,0.0,0.0,0,0,0,0.0,0.0,0.0,0,0,0,0.0,0.0,0.0,0,0
Visual Genome,2392623,14,0,20,0,2,2,4,2,6,5,0,0,4,0.011956793000081234,0.006109819000130301,0.005931017999955657,0.023998308000045654,1.3860303290685017,1.3289345064759253,0,0,0,0,0,2,0,0.0,0.0,0.0,0.0,0,2,0,0.0,0.0,0.0,0.0,0,0,0,0.0,0.0,0.0,0,0,0,0.0,0.0,0.0,0,0
Visual Genome,2393640,14,0,27,0,1,0,2,0,2,1,0,0,2,0.012554116999808684,0.00627529999997023,0.005619514000045456,0.02444958899991434,0.5941985766092936,0.5826388227939605,0,0,0,0,0,1,0,0.0,0.0,0.0,0.0,0,1,0,0.0,0.0,0.0,0.0,0,0,0,0.0,0.0,0.0,0,0,0,0.0,0.0,0.0,0,0
Visual Genome,2393968,39,1,79,0,1,0,2,0,2,1,0,0,2,0.014189236999982313,0.005930235999812794,0.005407848999993803,0.025527875999841854,0.45129539171854655,0.3807880741357803,0,0,0,0,0,1,1,0.0,0.0,0.0,0.0,0,1,1,0.0,0.0,0.0,0.0,0,0,0,0.0,0.0,0.0,0,0,0,0.0,0.0,0.0,0,0
Visual Genome,2394145,40,1,44,0,2,4,4,4,8,5,0,0,4,0.013673788000005516,0.0064272869999513205,0.006233251999901768,0.02633501399986926,1.4575288565953577,1.4134261766076093,0,0,0,0,0,2,1,0.0,0.0,0.0,0.0,0,2,1,0.0,0.0,0.0,0.0,0,0,0,0.0,0.0,0.0,0,0,0,0.0,0.0,0.0,0,0
Visual Genome,2394523,16,0,28,0,1,0,2,0,2,1,0,0,2,0.012623344000076031,0.006318273000033514,0.0057595279999986815,0.024701656000161165,0.6502946535746257,0.6618745315074921,0,0,0,0,0,1,0,0.0,0.0,0.0,0.0,0,1,0,0.0,0.0,0.0,0.0,0,0,0,0.0,0.0,0.0,0,0,0,0.0,0.0,0.0,0,0
Visual Genome,2395092,29,3,48,0,8,100,16,100,116,65,0,0,16,0.014692429000206175,0.01189338999984102,0.011071237999885852,0.037657720000197514,6.918275621732079,6.637980982363228,0,0,0,0,2,6,1,0.25,0.6666666666666666,0.36363636363636365,0.7754447371587372,2,6,1,0.25,0.6666666666666666,0.36363636363636365,0.7754447371587372,0,0,0,0.0,0.0,0.0,0,0,0,0.0,0.0,0.0,0,0
Visual Genome,2395198,10,0,20,0,0,0,0,0,0,0,0,0,1,0.012267771999859178,0.005621772000040437,0.0044992099999490165,0.022389374999875145,,,0,0,0,0,0,0,0,0.0,0.0,0.0,0.0,0,0,0,0.0,0.0,0.0,0.0,0,0,0,0.0,0.0,0.0,0,0,0,0.0,0.0,0.0,0,0
Visual Genome,2395697,6,0,4,0,4,21,8,21,29,17,0,0,8,0.014806232999944768,0.007932632000120066,0.007469198000080723,0.030208708999907685,3.6482866921911943,3.6046215336412497,0,0,0,0,0,4,0,0.0,0.0,0.0,0.0,0,4,0,0.0,0.0,0.0,0.0,0,0,0,0.0,0.0,0.0,0,0,0,0.0,0.0,0.0,0,0
Visual Genome,2395770,16,0,8,0,2,4,4,4,8,5,0,0,4,0.014855176000082793,0.007137088000035874,0.00633173699998224,0.028324802000042837,1.370866456826528,1.2910155369341374,0,0,0,0,0,2,0,0.0,0.0,0.0,0.0,0,2,0,0.0,0.0,0.0,0.0,0,0,0,0.0,0.0,0.0,0,0,0,0.0,0.0,0.0,0,0
Visual Genome,2395864,23,0,15,0,3,10,6,10,16,10,0,0,6,0.014204181999957655,0.007203902000128437,0.006462171000066519,0.027870928999846,2.708591074943543,2.6763848933577545,0,0,0,0,0,3,0,0.0,0.0,0.0,0.0,0,3,0,0.0,0.0,0.0,0.0,0,0,0,0.0,0.0,0.0,0,0,0,0.0,0.0,0.0,0,0
Visual Genome,2396008,21,0,21,0,3,10,6,10,16,10,0,0,6,0.01518388399995274,0.006792745999973704,0.005920032999938485,0.027897296999981336,2.278009399491381,2.0808816600023023,0,0,0,0,0,3,0,0.0,0.0,0.0,0.0,0,3,0,0.0,0.0,0.0,0.0,0,0,0,0.0,0.0,0.0,0,0,0,0.0,0.0,0.0,0,0
Visual Genome,2396300,49,2,59,1,2,4,4,4,8,5,0,0,4,0.01324904099988089,0.006378571000141164,0.005904941999915536,0.02553309899985834,1.3467780621846517,1.2569906795024872,0,0,0,0,1,1,1,0.5,0.5,0.5,0.9101042150971752,1,1,1,0.5,0.5,0.5,0.9101042150971752,0,0,1,0.0,0.0,0.0,0,0,1,0.0,0.0,0.0,0,0
Visual Genome,2396794,12,0,17,0,0,0,0,0,0,0,0,0,1,0.010836813999958395,0.004711503999942579,0.004541991999985839,0.020091197000056127,,,0,0,0,0,0,0,0,0.0,0.0,0.0,0.0,0,0,0,0.0,0.0,0.0,0.0,0,0,0,0.0,0.0,0.0,0,0,0,0.0,0.0,0.0,0,0
Visual Genome,2397054,31,0,58,0,11,204,22,204,226,122,0,0,22,0.015509835000102612,0.017234484000027805,0.014696716000116794,0.04744165600004635,9.240498074039678,8.712959171379469,0,0,0,0,0,11,0,0.0,0.0,0.0,0.0,0,11,0,0.0,0.0,0.0,0.0,0,0,0,0.0,0.0,0.0,0,0,0,0.0,0.0,0.0,0,0
Visual Genome,2397354,5,2,1,0,2,2,4,2,6,5,0,0,4,0.013476266000225223,0.006517625000014959,0.005315194000104384,0.025309634000223014,1.4537658103307087,1.4246108737587928,0,0,0,0,1,1,1,0.5,0.5,0.5,0.875618698865749,1,1,1,0.5,0.5,0.5,0.875618698865749,0,0,0,0.0,0.0,0.0,0,0,0,0.0,0.0,0.0,0,0
Visual Genome,2397355,26,1,34,0,2,4,4,4,8,5,0,0,4,0.013415216000112196,0.006420232999971631,0.005864516999963598,0.025700619000190272,1.4436279328664146,1.393791121840477,0,0,0,0,0,2,1,0.0,0.0,0.0,0.0,0,2,1,0.0,0.0,0.0,0.0,0,0,0,0.0,0.0,0.0,0,0,0,0.0,0.0,0.0,0,0
Visual Genome,2397722,20,0,14,0,2,4,4,4,8,5,0,0,4,0.012740868000037153,0.006088451000096029,0.005952662999789027,0.024782668999932866,1.4130027087529502,1.3505329927802086,0,0,0,0,0,2,0,0.0,0.0,0.0,0.0,0,2,0,0.0,0.0,0.0,0.0,0,0,0,0.0,0.0,0.0,0,0,0,0.0,0.0,0.0,0,0
Visual Genome,2397905,27,2,24,0,7,73,14,73,87,50,0,0,14,0.014125889000069947,0.01018401500004984,0.010076248999894233,0.03438688100004583,5.3801194016138725,4.878751988112929,0,0,0,0,1,6,1,0.14285714285714285,0.5,0.22222222222222224,0.7842495849588886,1,6,1,0.14285714285714285,0.5,0.22222222222222224,0.7842495849588886,0,0,0,0.0,0.0,0.0,0,0,0,0.0,0.0,0.0,0,0
Visual Genome,2398185,19,0,20,0,1,0,2,0,2,1,0,0,2,0.011549003000027369,0.006167715999936263,0.005425878999858469,0.02314316299998609,0.5982215801874797,0.5883213153481484,0,0,0,0,0,1,0,0.0,0.0,0.0,0.0,0,1,0,0.0,0.0,0.0,0.0,0,0,0,0.0,0.0,0.0,0,0,0,0.0,0.0,0.0,0,0
Visual Genome,2398459,23,0,37,0,2,2,4,2,6,5,0,0,4,0.013972059000025183,0.0067990269999427255,0.00606895999999324,0.02684079899995595,1.493108738263448,1.4801827594637869,0,0,0,0,0,2,0,0.0,0.0,0.0,0.0,0,2,0,0.0,0.0,0.0,0.0,0,0,0,0.0,0.0,0.0,0,0,0,0.0,0.0,0.0,0,0
Visual Genome,2398695,17,1,41,1,1,0,2,0,2,1,0,0,2,0.01641575799999373,0.006680018999986714,0.006610664000163524,0.029707092999842644,0.5396812121073404,0.5056330454349518,0,0,0,0,1,0,0,1.0,1.0,1.0,0.7770374389683273,1,0,0,1.0,1.0,1.0,0.7770374389683273,0,0,1,0.0,0.0,0.0,0,0,1,0.0,0.0,0.0,0,0
Visual Genome,2398805,15,0,23,0,8,102,16,102,118,65,0,0,16,0.014132211000060124,0.011209697999902346,0.014960388999952556,0.04030298800012133,7.0613372262318945,6.8648054987192175,0,0,0,0,0,8,0,0.0,0.0,0.0,0.0,0,8,0,0.0,0.0,0.0,0.0,0,0,0,0.0,0.0,0.0,0,0,0,0.0,0.0,0.0,0,0
Visual Genome,2399024,26,1,17,0,22,831,44,831,875,485,0,0,44,0.02507860399987294,0.04725151699994967,0.044826814999851194,0.1171577630000229,18.274394483947958,17.19198284847955,0,0,0,0,1,21,0,0.045454545454545456,1.0,0.08695652173913045,0.8973843619759786,1,21,0,0.045454545454545456,1.0,0.08695652173913045,0.8973843619759786,0,0,0,0.0,0.0,0.0,0,0,0,0.0,0.0,0.0,0,0
Visual Genome,2399108,20,0,7,0,1,0,2,0,2,1,0,0,2,0.013422102000049563,0.006300790000068446,0.005985885999962193,0.02570940000009614,0.6203032414118449,0.6195116618275642,0,0,0,0,0,1,0,0.0,0.0,0.0,0.0,0,1,0,0.0,0.0,0.0,0.0,0,0,0,0.0,0.0,0.0,0,0,0,0.0,0.0,0.0,0,0
Visual Genome,2400148,20,0,8,0,9,125,18,125,143,82,0,0,18,0.014524361999974644,0.013655058000040299,0.012187949000008302,0.04036809700005506,8.294997451252923,8.205223825223431,0,0,0,0,0,9,0,0.0,0.0,0.0,0.0,0,9,0,0.0,0.0,0.0,0.0,0,0,0,0.0,0.0,0.0,0,0,0,0.0,0.0,0.0,0,0
Visual Genome,2400255,4,1,19,0,4,28,8,28,36,17,0,0,8,0.014245338999899104,0.008505138000145962,0.00827309500004958,0.03102427799990437,3.3058908272256318,3.091900968796994,0,0,0,0,1,3,0,0.25,1.0,0.4,0.6457312321875482,1,3,0,0.25,1.0,0.4,0.6457312321875482,0,0,0,0.0,0.0,0.0,0,0,0,0.0,0.0,0.0,0,0
Visual Genome,2400322,31,0,22,0,22,865,44,865,909,485,0,0,44,0.01714796999999635,0.04512013099997603,0.04312923700013016,0.10539818600000217,18.59547027588406,17.582607929910417,0,0,0,0,0,22,0,0.0,0.0,0.0,0.0,0,22,0,0.0,0.0,0.0,0.0,0,0,0,0.0,0.0,0.0,0,0,0,0.0,0.0,0.0,0,0
Visual Genome,2400544,21,3,20,0,5,32,10,32,42,26,0,0,10,0.013416172999995979,0.008022380999818779,0.007301398999970843,0.028740542999912577,4.470992966492972,4.37194423183799,0,0,0,0,2,3,1,0.4,0.6666666666666666,0.5,0.8723738729911115,2,3,1,0.4,0.6666666666666666,0.5,0.8723738729911115,0,0,0,0.0,0.0,0.0,0,0,0,0.0,0.0,0.0,0,0
Visual Genome,2400777,5,1,12,0,1,0,2,0,2,1,0,0,2,0.013173553000115135,0.00613550100001703,0.0055905340000208525,0.024900164999962726,0.6353842417399089,0.6408135747909547,0,0,0,0,0,1,1,0.0,0.0,0.0,0.0,0,1,1,0.0,0.0,0.0,0.0,0,0,0,0.0,0.0,0.0,0,0,0,0.0,0.0,0.0,0,0
Visual Genome,2401046,46,2,42,0,18,548,36,548,584,325,0,0,36,0.016207905000101164,0.031376624999893465,0.030425461000049836,0.07801078700003927,13.874926178956422,12.58538124432603,0,0,0,0,1,17,1,0.05555555555555555,0.5,0.09999999999999999,0.9239373094023102,1,17,1,0.05555555555555555,0.5,0.09999999999999999,0.9239373094023102,0,0,0,0.0,0.0,0.0,0,0,0,0.0,0.0,0.0,0,0
Visual Genome,2401262,22,1,22,0,9,138,18,138,156,82,0,0,18,0.014565545999857932,0.012818589000062275,0.012322999000161872,0.039707812999949965,7.668294130928528,7.323073025263558,0,0,0,0,1,8,0,0.1111111111111111,1.0,0.19999999999999998,0.942720337968296,1,8,0,0.1111111111111111,1.0,0.19999999999999998,0.942720337968296,0,0,0,0.0,0.0,0.0,0,0,0,0.0,0.0,0.0,0,0
Visual Genome,2401768,9,0,23,0,2,4,4,4,8,5,0,0,4,0.012798923999980616,0.006973026000196114,0.0058528079998723115,0.025625479000154883,1.3502222569783533,1.2618556046485905,0,0,0,0,0,2,0,0.0,0.0,0.0,0.0,0,2,0,0.0,0.0,0.0,0.0,0,0,0,0.0,0.0,0.0,0,0,0,0.0,0.0,0.0,0,0
Visual Genome,2401798,34,2,4,0,3,10,6,10,16,10,0,0,6,0.012813971000014135,0.0067629870000018855,0.0060353690000738425,0.02561311400017985,2.583794279098511,2.500109419226647,0,0,0,0,2,1,0,0.6666666666666666,1.0,0.8,0.8678119118329747,2,1,0,0.6666666666666666,1.0,0.8,0.8678119118329747,0,0,0,0.0,0.0,0.0,0,0,0,0.0,0.0,0.0,0,0
Visual Genome,2401971,32,4,45,0,6,56,12,56,68,37,0,0,12,0.01426438000021335,0.009496149999904446,0.008873224000126356,0.03263443700006974,5.115656957626344,4.836115452647211,0,0,0,0,4,2,0,0.6666666666666666,1.0,0.8,0.8601086458341748,4,2,0,0.6666666666666666,1.0,0.8,0.8601086458341748,0,0,0,0.0,0.0,0.0,0,0,0,0.0,0.0,0.0,0,0
Visual Genome,2402222,27,1,38,0,2,4,4,4,8,5,0,0,4,0.01265349399977822,0.006419868999955725,0.005533267000146225,0.024607234999848515,1.5336725505193076,1.5209791442751888,0,0,0,0,1,1,0,0.5,1.0,0.6666666666666666,0.9359897706916649,1,1,0,0.5,1.0,0.6666666666666666,0.9359897706916649,0,0,0,0.0,0.0,0.0,0,0,0,0.0,0.0,0.0,0,0
Visual Genome,2402373,7,0,29,0,1,0,2,0,2,1,0,0,2,0.014620379000007233,0.006860278999965885,0.006017540999891935,0.02749890899985985,0.489576784769694,0.43486054182052614,0,0,0,0,0,1,0,0.0,0.0,0.0,0.0,0,1,0,0.0,0.0,0.0,0.0,0,0,0,0.0,0.0,0.0,0,0,0,0.0,0.0,0.0,0,0
Visual Genome,2402873,39,3,25,0,11,215,22,215,237,122,0,0,22,0.013797489999888057,0.01639723900007084,0.015281594000043697,0.045477081999933944,8.464797582427636,7.657268319328601,0,0,0,0,0,11,3,0.0,0.0,0.0,0.9558202062645343,0,11,3,0.0,0.0,0.0,0.9558202062645343,0,0,0,0.0,0.0,0.0,0,0,0,0.0,0.0,0.0,0,0
Visual Genome,2403106,23,0,13,0,3,10,6,10,16,10,0,0,6,0.013010282000095685,0.006729084999960833,0.00606490399991344,0.025804941000160397,2.818073363304139,2.831028625667096,0,0,0,0,0,3,0,0.0,0.0,0.0,0.0,0,3,0,0.0,0.0,0.0,0.0,0,0,0,0.0,0.0,0.0,0,0,0,0.0,0.0,0.0,0,0
Visual Genome,2404039,4,0,5,0,2,2,4,2,6,5,0,0,4,0.012794582999958948,0.0065622709998933715,0.005652484999927765,0.025010042000076282,1.4613645442326861,1.4353440853953359,0,0,0,0,0,2,0,0.0,0.0,0.0,0.0,0,2,0,0.0,0.0,0.0,0.0,0,0,0,0.0,0.0,0.0,0,0,0,0.0,0.0,0.0,0,0
Visual Genome,2404251,28,0,20,0,1,0,2,0,2,1,0,0,2,0.014255413000000772,0.006531788000074812,0.006309085000111736,0.027096902999801387,0.5107000748316447,0.4646971890330315,0,0,0,0,0,1,0,0.0,0.0,0.0,0.0,0,1,0,0.0,0.0,0.0,0.0,0,0,0,0.0,0.0,0.0,0,0,0,0.0,0.0,0.0,0,0
Visual Genome,2404690,31,3,38,0,16,489,32,489,521,257,0,0,32,0.016324496999914118,0.030184353000095143,0.029960180999978547,0.07647006399997736,13.258814948663101,12.38918881378073,0,0,0,0,2,14,1,0.125,0.6666666666666666,0.21052631578947367,0.9338007442961843,2,14,1,0.125,0.6666666666666666,0.21052631578947367,0.9338007442961843,0,0,0,0.0,0.0,0.0,0,0,0,0.0,0.0,0.0,0,0
Visual Genome,2404756,29,1,47,0,3,11,6,11,17,10,0,0,6,0.014157450999846333,0.007303603000082148,0.006165469000052326,0.027627188999986174,2.4425706495024295,2.2727196640946,0,0,0,0,1,2,0,0.3333333333333333,1.0,0.5,0.7481921766613737,1,2,0,0.3333333333333333,1.0,0.5,0.7481921766613737,0,0,0,0.0,0.0,0.0,0,0,0,0.0,0.0,0.0,0,0
Visual Genome,2405144,21,2,11,0,2,4,4,4,8,5,0,0,4,0.015411548999963998,0.0067086359999848355,0.005941754999867044,0.02806261099999574,1.3742481861103837,1.3032978330641254,0,0,0,0,2,0,0,1.0,1.0,1.0,0.8773534433126005,2,0,0,1.0,1.0,1.0,0.8773534433126005,0,0,0,0.0,0.0,0.0,0,0,0,0.0,0.0,0.0,0,0
Visual Genome,2405594,30,1,23,0,2,5,4,5,9,5,0,0,4,0.013144792999810306,0.006912821000014446,0.005961580000075628,0.026019819999874017,1.4896100412836293,1.4490404814512154,0,0,0,0,1,1,0,0.5,1.0,0.6666666666666666,0.7742761072596874,1,1,0,0.5,1.0,0.6666666666666666,0.7742761072596874,0,0,0,0.0,0.0,0.0,0,0,0,0.0,0.0,0.0,0,0
Visual Genome,2406302,25,0,35,0,2,4,4,4,8,5,0,0,4,0.0132144619999508,0.008092649999980495,0.005901211999798761,0.02720900300005269,1.4831474097569783,1.449612382948399,0,0,0,0,0,2,0,0.0,0.0,0.0,0.0,0,2,0,0.0,0.0,0.0,0.0,0,0,0,0.0,0.0,0.0,0,0,0,0.0,0.0,0.0,0,0
Visual Genome,2406726,20,2,24,0,4,22,8,22,30,17,0,0,8,0.013028935000193087,0.007792870999992374,0.007153963000064323,0.027976816000091276,3.156122263206112,2.891243950161405,0,0,0,0,2,2,0,0.5,1.0,0.6666666666666666,0.9023003408029155,2,2,0,0.5,1.0,0.6666666666666666,0.9023003408029155,0,0,0,0.0,0.0,0.0,0,0,0,0.0,0.0,0.0,0,0
Visual Genome,2406748,30,2,44,0,14,366,28,366,394,197,0,0,28,0.015297264000082578,0.022634835999951974,0.02250849000006383,0.060441355999955704,11.514042719842495,10.78299035404275,0,0,0,0,1,13,1,0.07142857142857142,0.5,0.125,0.8133780807099547,1,13,1,0.07142857142857142,0.5,0.125,0.8133780807099547,0,0,0,0.0,0.0,0.0,0,0,0,0.0,0.0,0.0,0,0
Visual Genome,2406990,31,1,35,0,5,36,10,36,46,26,0,0,10,0.016160074000026725,0.008501099999875805,0.007581454000046506,0.032243314999959694,4.745133100102756,4.740879893651022,0,0,0,0,1,4,0,0.2,1.0,0.33333333333333337,0.9024504293007054,1,4,0,0.2,1.0,0.33333333333333337,0.9024504293007054,0,0,0,0.0,0.0,0.0,0,0,0,0.0,0.0,0.0,0,0
Visual Genome,2407062,30,1,32,0,23,916,46,916,962,530,0,0,46,0.016247339000074135,0.047678163000000495,0.04521065499989163,0.10913701899994521,18.025241370405674,16.447640628224526,0,0,0,0,1,22,0,0.043478260869565216,1.0,0.08333333333333333,0.8661688244416784,1,22,0,0.043478260869565216,1.0,0.08333333333333333,0.8661688244416784,0,0,0,0.0,0.0,0.0,0,0,0,0.0,0.0,0.0,0,0
Visual Genome,2407236,16,2,12,0,2,4,4,4,8,5,0,0,4,0.013888434999898891,0.0064509610001550755,0.005831423000017821,0.02617142799999783,1.5551517041524252,1.5513184487819673,0,0,0,0,2,0,0,1.0,1.0,1.0,0.9494661353579216,2,0,0,1.0,1.0,1.0,0.9494661353579216,0,0,0,0.0,0.0,0.0,0,0,0,0.0,0.0,0.0,0,0
Visual Genome,2407380,11,0,26,0,3,7,6,7,13,10,0,0,6,0.014626454999870475,0.0072930559999804245,0.006497746000150073,0.028417983999815988,2.508938230782152,2.387195775418878,0,0,0,0,0,3,0,0.0,0.0,0.0,0.0,0,3,0,0.0,0.0,0.0,0.0,0,0,0,0.0,0.0,0.0,0,0,0,0.0,0.0,0.0,0,0
Visual Genome,2407567,19,0,14,0,1,0,2,0,2,1,0,0,2,0.012788893000106327,0.00656881700001577,0.005664845999945101,0.02502310300019417,0.6292114655176799,0.6320945283770562,0,0,0,0,0,1,0,0.0,0.0,0.0,0.0,0,1,0,0.0,0.0,0.0,0.0,0,0,0,0.0,0.0,0.0,0,0,0,0.0,0.0,0.0,0,0
Visual Genome,2407743,27,2,33,0,3,8,6,8,14,10,0,0,6,0.011806783000110954,0.007180528999924718,0.0057998830000087764,0.024787733000039225,2.4423657274246215,2.283841589987278,0,0,0,0,0,3,2,0.0,0.0,0.0,0.0,0,3,2,0.0,0.0,0.0,0.0,0,0,0,0.0,0.0,0.0,0,0,0,0.0,0.0,0.0,0,0
Visual Genome,2408419,27,1,19,0,5,39,10,39,49,26,0,0,10,0.013648240000065925,0.009060560000079931,0.008664063999958671,0.03137367799990898,4.040960276921591,3.752148057818414,0,0,0,0,1,4,0,0.2,1.0,0.33333333333333337,0.9704579380797779,1,4,0,0.2,1.0,0.33333333333333337,0.9704579380797779,0,0,0,0.0,0.0,0.0,0,0,0,0.0,0.0,0.0,0,0
Visual Genome,2408537,35,1,21,0,15,394,30,394,424,226,0,0,30,0.015454447999900367,0.024883714999987205,0.023095130000001518,0.0634341489999315,12.888601599974466,12.31170787070496,0,0,0,0,0,15,1,0.0,0.0,0.0,0.0,0,15,1,0.0,0.0,0.0,0.0,0,0,0,0.0,0.0,0.0,0,0,0,0.0,0.0,0.0,0,0
Visual Genome,2408545,16,0,25,0,1,0,2,0,2,1,0,0,2,0.014565469999979541,0.006510864000119909,0.005354525000029753,0.026431455999954778,0.6002487579981486,0.5911847040057183,0,0,0,0,0,1,0,0.0,0.0,0.0,0.0,0,1,0,0.0,0.0,0.0,0.0,0,0,0,0.0,0.0,0.0,0,0,0,0.0,0.0,0.0,0,0
Visual Genome,2408628,31,1,50,0,6,60,12,60,72,37,0,0,12,0.014187570999865784,0.009376741000096445,0.008701920000021346,0.032267013999899063,4.897065429911257,4.556634934023263,0,0,0,0,0,6,1,0.0,0.0,0.0,0.0,0,6,1,0.0,0.0,0.0,0.0,0,0,0,0.0,0.0,0.0,0,0,0,0.0,0.0,0.0,0,0
Visual Genome,2408655,20,1,6,0,7,85,14,85,99,50,0,0,14,0.013467766000076153,0.01121717399996669,0.010540607000166347,0.035226360000024215,5.8004335387897585,5.449565558865875,0,0,0,0,0,7,1,0.0,0.0,0.0,0.0,0,7,1,0.0,0.0,0.0,0.0,0,0,0,0.0,0.0,0.0,0,0,0,0.0,0.0,0.0,0,0
Visual Genome,2408732,19,1,44,0,2,4,4,4,8,5,0,0,4,0.012755186000049434,0.006195072000082291,0.005714267000030304,0.024665039999945293,1.419661405881246,1.3599384024739267,0,0,0,0,1,1,0,0.5,1.0,0.6666666666666666,0.8821846285887227,1,1,0,0.5,1.0,0.6666666666666666,0.8821846285887227,0,0,0,0.0,0.0,0.0,0,0,0,0.0,0.0,0.0,0,0
Visual Genome,2408931,39,1,59,0,1,0,2,0,2,1,0,0,2,0.014133609000055003,0.006252618999951665,0.005434236000155579,0.025821099000040704,0.6423979679743449,0.6507204630970955,0,0,0,0,0,1,1,0.0,0.0,0.0,0.0,0,1,1,0.0,0.0,0.0,0.0,0,0,0,0.0,0.0,0.0,0,0,0,0.0,0.0,0.0,0,0
Visual Genome,2409452,26,0,24,0,10,136,20,136,156,101,0,0,20,0.015122673999940162,0.01338479399987591,0.014115369999899485,0.04262379400006466,8.047873969281305,7.471634457960317,0,0,0,0,0,10,0,0.0,0.0,0.0,0.0,0,10,0,0.0,0.0,0.0,0.0,0,0,0,0.0,0.0,0.0,0,0,0,0.0,0.0,0.0,0,0
Visual Genome,2409552,27,5,17,0,7,76,14,76,90,50,0,0,14,0.014772286999914286,0.0116268689998833,0.011242777999996179,0.037642698999889035,5.931086124706074,5.655492561586504,0,0,0,0,3,4,2,0.42857142857142855,0.6,0.5,0.7082774649445575,3,4,2,0.42857142857142855,0.6,0.5,0.7082774649445575,0,0,0,0.0,0.0,0.0,0,0,0,0.0,0.0,0.0,0,0
Visual Genome,2410121,31,0,40,0,2,4,4,4,8,5,0,0,4,0.01207699099995807,0.0067080730000270705,0.005477190999954473,0.02426281999987623,1.3871429642041524,1.301631103605032,0,0,0,0,0,2,0,0.0,0.0,0.0,0.0,0,2,0,0.0,0.0,0.0,0.0,0,0,0,0.0,0.0,0.0,0,0,0,0.0,0.0,0.0,0,0
Visual Genome,2410242,39,4,40,0,7,80,14,80,94,50,0,0,14,0.013504585999953633,0.010432824999952572,0.01004454399981114,0.033982557999934215,6.262166463534039,6.1122684630751625,0,0,0,0,3,4,1,0.42857142857142855,0.75,0.5454545454545454,0.839101703017035,3,4,1,0.42857142857142855,0.75,0.5454545454545454,0.839101703017035,0,0,0,0.0,0.0,0.0,0,0,0,0.0,0.0,0.0,0,0
Visual Genome,2410715,5,1,16,0,4,22,8,22,30,17,0,0,8,0.015000168999904417,0.00818606699999691,0.007669230000146854,0.03085604499983674,3.731633731524151,3.716265979111196,0,0,0,0,1,3,0,0.25,1.0,0.4,0.9671789551050197,1,3,0,0.25,1.0,0.4,0.9671789551050197,0,0,0,0.0,0.0,0.0,0,0,0,0.0,0.0,0.0,0,0
Visual Genome,2410992,28,0,35,0,2,2,4,2,6,5,0,0,4,0.014870577000010599,0.006507044999807476,0.005376260000048205,0.026754429999982676,1.5153093942006426,1.5115411859750747,0,0,0,0,0,2,0,0.0,0.0,0.0,0.0,0,2,0,0.0,0.0,0.0,0.0,0,0,0,0.0,0.0,0.0,0,0,0,0.0,0.0,0.0,0,0
Visual Genome,2411122,34,2,56,0,1,0,2,0,2,1,0,0,2,0.013031350999881397,0.007039228000166986,0.006749786000000313,0.02682114799995361,0.5525416294733683,0.5237983849644661,0,0,0,0,1,0,1,1.0,0.5,0.6666666666666666,0.630330861091809,1,0,1,1.0,0.5,0.6666666666666666,0.630330861091809,0,0,0,0.0,0.0,0.0,0,0,0,0.0,0.0,0.0,0,0
Visual Genome,2411532,8,0,29,0,9,122,18,122,140,82,0,0,18,0.015014361999874382,0.012978012000075978,0.012032774999852336,0.04002574099990852,7.504488491633528,7.089748741605871,0,0,0,0,0,9,0,0.0,0.0,0.0,0.0,0,9,0,0.0,0.0,0.0,0.0,0,0,0,0.0,0.0,0.0,0,0,0,0.0,0.0,0.0,0,0
Visual Genome,2411908,15,1,27,0,1,0,2,0,2,1,0,0,2,0.014167660000111937,0.006231795999838141,0.0056797249999362975,0.02607986099997106,0.642204229036967,0.6504468068480492,0,0,0,0,1,0,0,1.0,1.0,1.0,0.9608458973954536,1,0,0,1.0,1.0,1.0,0.9608458973954536,0,0,0,0.0,0.0,0.0,0,0,0,0.0,0.0,0.0,0,0
Visual Genome,2412143,55,2,43,0,4,24,8,24,32,17,0,0,8,0.014336048000131996,0.00773556300009659,0.00719689900006415,0.029269154000076014,3.356655975977581,3.186609899401666,0,0,0,0,2,2,0,0.5,1.0,0.6666666666666666,0.8469842025893768,2,2,0,0.5,1.0,0.6666666666666666,0.8469842025893768,0,0,0,0.0,0.0,0.0,0,0,0,0.0,0.0,0.0,0,0
Visual Genome,2412219,34,1,33,0,5,30,10,30,40,26,0,0,10,0.014554674999999406,0.008441634000064369,0.007118822999927943,0.030115787000113414,4.405107673009238,4.278881254792215,0,0,0,0,1,4,0,0.2,1.0,0.33333333333333337,0.8820503150859047,1,4,0,0.2,1.0,0.33333333333333337,0.8820503150859047,0,0,0,0.0,0.0,0.0,0,0,0,0.0,0.0,0.0,0,0
Visual Genome,2412631,29,3,30,0,5,37,10,37,47,26,0,0,10,0.014845010000044567,0.008594026000082522,0.007696078999970268,0.031135778999896502,4.503901959260306,4.406053184121848,0,0,0,0,2,3,1,0.4,0.6666666666666666,0.5,0.912155100869197,2,3,1,0.4,0.6666666666666666,0.5,0.912155100869197,0,0,0,0.0,0.0,0.0,0,0,0,0.0,0.0,0.0,0,0
Visual Genome,2412879,25,0,25,0,2,3,4,3,7,5,0,0,4,0.013935982999782937,0.006213405999915267,0.005546804999994492,0.02569687499999418,1.4947562774022418,1.4536349084973335,0,0,0,0,0,2,0,0.0,0.0,0.0,0.0,0,2,0,0.0,0.0,0.0,0.0,0,0,0,0.0,0.0,0.0,0,0,0,0.0,0.0,0.0,0,0
Visual Genome,2413066,37,0,31,0,2,5,4,5,9,5,0,0,4,0.015347283999972205,0.00676439200015011,0.0059486340001058124,0.0280609110000114,1.3560215871992018,1.2584305288356847,0,0,0,0,0,2,0,0.0,0.0,0.0,0.0,0,2,0,0.0,0.0,0.0,0.0,0,0,0,0.0,0.0,0.0,0,0,0,0.0,0.0,0.0,0,0
Visual Genome,2413140,13,1,14,0,2,4,4,4,8,5,0,0,4,0.013366614999995363,0.006763287000012497,0.005813547000116159,0.02594411600011881,1.4593737157185873,1.4160320401191715,0,0,0,0,1,1,0,0.5,1.0,0.6666666666666666,0.8901616155326365,1,1,0,0.5,1.0,0.6666666666666666,0.8901616155326365,0,0,0,0.0,0.0,0.0,0,0,0,0.0,0.0,0.0,0,0
Visual Genome,2413274,34,1,28,0,4,22,8,22,30,17,0,0,8,0.012994532999982766,0.008362799999986237,0.007725579999942056,0.02908354600003804,3.3211542812983206,3.1364637556672106,0,0,0,0,1,3,0,0.25,1.0,0.4,0.8967022095641637,1,3,0,0.25,1.0,0.4,0.8967022095641637,0,0,0,0.0,0.0,0.0,0,0,0,0.0,0.0,0.0,0,0
Visual Genome,2413603,16,1,16,0,5,38,10,38,48,26,0,0,10,0.013849978000052943,0.008536359000117955,0.008367489999955069,0.030754537000120763,4.397551484902701,4.2682081390917315,0,0,0,0,0,5,1,0.0,0.0,0.0,0.0,0,5,1,0.0,0.0,0.0,0.0,0,0,0,0.0,0.0,0.0,0,0,0,0.0,0.0,0.0,0,0
Visual Genome,2413953,7,4,8,0,7,66,14,66,80,50,0,0,14,0.015270528999963062,0.010335558999940986,0.010162866999962716,0.035769740999967325,5.266627854506177,4.718445177823307,0,0,0,0,4,3,0,0.5714285714285714,1.0,0.7272727272727273,0.8085047412779596,4,3,0,0.5714285714285714,1.0,0.7272727272727273,0.8085047412779596,0,0,0,0.0,0.0,0.0,0,0,0,0.0,0.0,0.0,0,0
Visual Genome,2413992,26,0,6,0,1,0,2,0,2,1,0,0,2,0.011974890999908894,0.006049625999821728,0.005336725999995906,0.023361856000065018,0.543680230776469,0.5112816593050957,0,0,0,0,0,1,0,0.0,0.0,0.0,0.0,0,1,0,0.0,0.0,0.0,0.0,0,0,0,0.0,0.0,0.0,0,0,0,0.0,0.0,0.0,0,0
Visual Genome,2414643,14,0,7,0,2,4,4,4,8,5,0,0,4,0.013607612999976482,0.00697453900011169,0.006113042999913887,0.0266958090001026,1.532726958592733,1.5196434956789018,0,0,0,0,0,2,0,0.0,0.0,0.0,0.0,0,2,0,0.0,0.0,0.0,0.0,0,0,0,0.0,0.0,0.0,0,0,0,0.0,0.0,0.0,0,0
Visual Genome,2415055,46,2,43,0,8,98,16,98,114,65,0,0,16,0.014770983000062188,0.011992349000138347,0.0113382399999864,0.03810211900008653,6.279128987901172,5.742407527777315,0,0,0,0,1,7,1,0.125,0.5,0.2,0.557149229280185,1,7,1,0.125,0.5,0.2,0.557149229280185,0,0,0,0.0,0.0,0.0,0,0,0,0.0,0.0,0.0,0,0
Visual Genome,2415419,15,0,5,0,9,140,18,140,158,82,0,0,18,0.015796839999893564,0.013949473999900874,0.012186869000061051,0.041933850999839706,7.450962399538001,6.999980699415646,0,0,0,0,0,9,0,0.0,0.0,0.0,0.0,0,9,0,0.0,0.0,0.0,0.0,0,0,0,0.0,0.0,0.0,0,0,0,0.0,0.0,0.0,0,0
Visual Genome,2416071,9,1,5,0,5,39,10,39,49,26,0,0,10,0.015018072000202665,0.008133799999995972,0.007369856999957847,0.030522314000108963,4.012446459134421,3.7242472901940364,0,0,0,0,1,4,0,0.2,1.0,0.33333333333333337,0.7982703011336538,1,4,0,0.2,1.0,0.33333333333333337,0.7982703011336538,0,0,0,0.0,0.0,0.0,0,0,0,0.0,0.0,0.0,0,0
Visual Genome,2416171,17,1,15,0,4,23,8,23,31,17,0,0,8,0.015393015000199739,0.007978633999982776,0.006987199999912264,0.03035944200019003,3.09087217728297,2.8111902837455287,0,0,0,0,1,3,0,0.25,1.0,0.4,0.8929215026214226,1,3,0,0.25,1.0,0.4,0.8929215026214226,0,0,0,0.0,0.0,0.0,0,0,0,0.0,0.0,0.0,0,0
Visual Genome,2416250,19,0,8,0,6,63,12,63,75,37,0,0,12,0.01551104200007103,0.010894441999880655,0.010022247999813771,0.03642835300001934,4.70527717224619,4.1775949174847335,0,0,0,0,0,6,0,0.0,0.0,0.0,0.0,0,6,0,0.0,0.0,0.0,0.0,0,0,0,0.0,0.0,0.0,0,0,0,0.0,0.0,0.0,0,0
Visual Genome,2416319,10,0,4,0,7,83,14,83,97,50,0,0,14,0.013804828999809615,0.01054912100016736,0.009936328000094363,0.03429091399993922,6.0701398436228455,5.853405862450601,0,0,0,0,0,7,0,0.0,0.0,0.0,0.0,0,7,0,0.0,0.0,0.0,0.0,0,0,0,0.0,0.0,0.0,0,0,0,0.0,0.0,0.0,0,0
Visual Genome,2417304,16,0,20,0,6,62,12,62,74,37,0,0,12,0.014213602999916475,0.009559019999869633,0.008600707000141483,0.032374080999943544,5.0823016708423605,4.839154756449651,0,0,0,0,0,6,0,0.0,0.0,0.0,0.0,0,6,0,0.0,0.0,0.0,0.0,0,0,0,0.0,0.0,0.0,0,0,0,0.0,0.0,0.0,0,0
Open Images,0071f62f5d703904,10,0,5,0,8,116,16,116,132,65,0,0,16,0.02768378800010396,0.01144356700001481,0.011155557999927623,0.05028355099989312,7.365867845222358,7.281084098274513,0,0,0,0,0,8,0,0.0,0.0,0.0,0.0,0,8,0,0.0,0.0,0.0,0.0,0,0,0,0.0,0.0,0.0,0,0,0,0.0,0.0,0.0,0,0
Open Images,00e0a53e14bf2447,8,0,2,0,5,39,10,39,49,26,0,0,10,0.01786330300001282,0.0071211540000604145,0.007207854999933261,0.032192928000085885,4.249485548337302,4.059065003693106,0,0,0,0,0,5,0,0.0,0.0,0.0,0.0,0,5,0,0.0,0.0,0.0,0.0,0,0,0,0.0,0.0,0.0,0,0,0,0.0,0.0,0.0,0,0
Open Images,01bf00da5f94e942,37,3,25,0,6,30,12,30,42,37,0,0,12,0.021491583999932118,0.007253767000065636,0.007314609999866661,0.036060520000091856,5.236993865966794,5.164253835678099,0,0,0,0,0,6,3,0.0,0.0,0.0,0.0,0,6,3,0.0,0.0,0.0,0.0,0,0,0,0.0,0.0,0.0,0,0,0,0.0,0.0,0.0,0,0
Open Images,020c7b8e6d605069,12,0,1,0,0,0,0,0,0,0,0,0,1,0.015284143999906519,0.004010580999874946,0.0037476840000181255,0.02304320700000062,,,0,0,0,0,0,0,0,0.0,0.0,0.0,0.0,0,0,0,0.0,0.0,0.0,0.0,0,0,0,0.0,0.0,0.0,0,0,0,0.0,0.0,0.0,0,0
Open Images,0319faa662ff5d06,34,0,2,0,3,6,6,6,12,10,0,0,6,0.017235896999864053,0.005818732000079763,0.006179719000101613,0.02923491899991859,2.498656966686249,2.4128529654443263,0,0,0,0,0,3,0,0.0,0.0,0.0,0.0,0,3,0,0.0,0.0,0.0,0.0,0,0,0,0.0,0.0,0.0,0,0,0,0.0,0.0,0.0,0,0
Open Images,060091417ccafbcf,5,0,1,0,2,4,4,4,8,5,0,0,4,0.017025590999992346,0.005589643999883265,0.0053913140000076964,0.028007126999909815,1.1579282434781393,0.9902403105795383,0,0,0,0,0,2,0,0.0,0.0,0.0,0.0,0,2,0,0.0,0.0,0.0,0.0,0,0,0,0.0,0.0,0.0,0,0,0,0.0,0.0,0.0,0,0
Open Images,0649557c211985bd,23,3,2,0,7,79,14,79,93,50,0,0,14,0.018024042000206464,0.010586433000071338,0.010473590000174227,0.039084738000155994,5.687061622041179,5.280612966366324,0,0,0,0,3,4,0,0.42857142857142855,1.0,0.6,0.8290115739859113,3,4,0,0.42857142857142855,1.0,0.6,0.8290115739859113,0,0,0,0.0,0.0,0.0,0,0,0,0.0,0.0,0.0,0,0
Open Images,078fd57f81047cf3,28,2,4,0,8,98,16,98,114,65,0,0,16,0.019416039000134333,0.011319507000052909,0.01078940699994746,0.04152553200015063,6.81192744334539,6.512514180392029,0,0,0,0,2,6,0,0.25,1.0,0.4,0.8740967205181647,2,6,0,0.25,1.0,0.4,0.8740967205181647,0,0,0,0.0,0.0,0.0,0,0,0,0.0,0.0,0.0,0,0
Open Images,07c216b2baad22e7,24,0,10,0,7,70,14,70,84,50,0,0,14,0.01951064500008215,0.010788368000021364,0.010210992000111219,0.04051061099994513,5.55357746521632,5.123761502951385,0,0,0,0,0,7,0,0.0,0.0,0.0,0.0,0,7,0,0.0,0.0,0.0,0.0,0,0,0,0.0,0.0,0.0,0,0,0,0.0,0.0,0.0,0,0
Open Images,09625dc24eb205b4,41,0,1,0,11,180,22,180,202,122,0,0,22,0.02246174000015344,0.017478878000019904,0.014755809000007503,0.0546970750001492,8.504947454137442,7.722169711493291,0,0,0,0,0,11,0,0.0,0.0,0.0,0.0,0,11,0,0.0,0.0,0.0,0.0,0,0,0,0.0,0.0,0.0,0,0,0,0.0,0.0,0.0,0,0
Open Images,09e617d9d3120b32,15,1,2,0,3,11,6,11,17,10,0,0,6,0.023437581000052887,0.006750794000026872,0.006341680000105043,0.0365306529999998,2.5558987957018116,2.4553874324041103,0,0,0,0,0,3,1,0.0,0.0,0.0,0.0,0,3,1,0.0,0.0,0.0,0.0,0,0,0,0.0,0.0,0.0,0,0,0,0.0,0.0,0.0,0,0
Open Images,0a02c648d24f39fb,12,0,1,0,1,0,2,0,2,1,0,0,2,0.017232582999895385,0.0055123810000168305,0.005630099999962113,0.028375550999953703,0.5674958149592082,0.5449211719632149,0,0,0,0,0,1,0,0.0,0.0,0.0,0.0,0,1,0,0.0,0.0,0.0,0.0,0,0,0,0.0,0.0,0.0,0,0,0,0.0,0.0,0.0,0,0
Open Images,0d16c88ec322340f,19,0,1,0,4,24,8,24,32,17,0,0,8,0.02335500399999546,0.007617920000029699,0.007234594999999899,0.03820821399995111,3.3592860428492237,3.190324868857862,0,0,0,0,0,4,0,0.0,0.0,0.0,0.0,0,4,0,0.0,0.0,0.0,0.0,0,0,0,0.0,0.0,0.0,0,0,0,0.0,0.0,0.0,0,0
Open Images,0dce9e80f546efc6,19,1,1,0,3,12,6,12,18,10,0,0,6,0.018544695999935357,0.006283141000039905,0.006229385999859005,0.031057814999940092,2.530522892475129,2.408363585621119,0,0,0,0,1,2,0,0.3333333333333333,1.0,0.5,0.7046153732685831,1,2,0,0.3333333333333333,1.0,0.5,0.7046153732685831,0,0,0,0.0,0.0,0.0,0,0,0,0.0,0.0,0.0,0,0
Open Images,0e481ee0c6655eb1,3,0,2,0,2,4,4,4,8,5,0,0,4,0.016095633000077214,0.005384628000001612,0.0055645840000124736,0.027045454000017344,1.449170013173388,1.3895607734262612,0,0,0,0,0,2,0,0.0,0.0,0.0,0.0,0,2,0,0.0,0.0,0.0,0.0,0,0,0,0.0,0.0,0.0,0,0,0,0.0,0.0,0.0,0,0
Open Images,0ff8dd7e1d0f6010,4,1,3,0,2,2,4,2,6,5,0,0,4,0.016969029999927443,0.0054160469999260386,0.005313792999913858,0.027699447000031796,1.4677614720662437,1.4278797459602357,0,0,0,0,1,1,0,0.5,1.0,0.6666666666666666,0.9869070773309073,1,1,0,0.5,1.0,0.6666666666666666,0.9869070773309073,0,0,0,0.0,0.0,0.0,0,0,0,0.0,0.0,0.0,0,0
Open Images,106c8de22ed8d1d4,18,7,8,0,10,175,20,175,195,101,0,0,20,0.021054064000054495,0.01487122100002125,0.0147023319998425,0.050628331000098115,8.362076700452132,7.865820752703312,0,0,0,0,5,5,2,0.5,0.7142857142857143,0.588235294117647,0.8323545091694653,5,5,2,0.5,0.7142857142857143,0.588235294117647,0.8323545091694653,0,0,0,0.0,0.0,0.0,0,0,0,0.0,0.0,0.0,0,0
Open Images,10cae64b8b77b511,13,0,2,0,2,2,4,2,6,5,0,0,4,0.019011431999842898,0.005843604999881791,0.005771854000158783,0.030627524000010453,1.3695692308743794,1.3056832052767275,0,0,0,0,0,2,0,0.0,0.0,0.0,0.0,0,2,0,0.0,0.0,0.0,0.0,0,0,0,0.0,0.0,0.0,0,0,0,0.0,0.0,0.0,0,0
Open Images,115150a6ba4eb0ca,16,1,3,0,1,0,2,0,2,1,0,0,2,0.015095996000127343,0.00547690500002318,0.00492824599996311,0.025501716000007946,0.6326337973276774,0.6369285720586777,0,0,0,0,0,1,1,0.0,0.0,0.0,0.0,0,1,1,0.0,0.0,0.0,0.0,0,0,0,0.0,0.0,0.0,0,0,0,0.0,0.0,0.0,0,0
Open Images,116cb9c709ca88e7,4,0,1,0,2,4,4,4,8,5,0,0,4,0.01550321900003837,0.005850258999998914,0.005719324999972741,0.02707344500004183,1.1918768471474044,1.0502439739798102,0,0,0,0,0,2,0,0.0,0.0,0.0,0.0,0,2,0,0.0,0.0,0.0,0.0,0,0,0,0.0,0.0,0.0,0,0,0,0.0,0.0,0.0,0,0
Open Images,1220e474e709cdf1,2,1,1,0,2,6,4,6,10,5,0,0,4,0.018693950999931985,0.005506734000164215,0.005550444999926185,0.02975171200000659,1.1392493923359799,0.9629450337443439,0,0,0,0,0,2,1,0.0,0.0,0.0,0.5293717936907415,0,2,1,0.0,0.0,0.0,0.5293717936907415,0,0,0,0.0,0.0,0.0,0,0,0,0.0,0.0,0.0,0,0
Open Images,122259cbb3d91b12,13,0,3,0,2,6,4,6,10,5,0,0,4,0.020131009000124322,0.005374998999968739,0.005442493000145987,0.03094910200002232,1.409488442738851,1.3455690920352938,0,0,0,0,0,2,0,0.0,0.0,0.0,0.0,0,2,0,0.0,0.0,0.0,0.0,0,0,0,0.0,0.0,0.0,0,0,0,0.0,0.0,0.0,0,0
Open Images,1313a4add388424c,12,1,2,0,1,0,2,0,2,1,0,0,2,0.03401601800010212,0.005415354999968258,0.0049452089999704185,0.0443770660001519,0.5470439116160075,0.5160328584909439,0,0,0,0,0,1,1,0.0,0.0,0.0,0.0,0,1,1,0.0,0.0,0.0,0.0,0,0,0,0.0,0.0,0.0,0,0,0,0.0,0.0,0.0,0,0
Open Images,135deaa5afb21894,13,0,1,0,0,0,0,0,0,0,0,0,1,0.016793770000049335,0.004149791999907393,0.0037126709999029117,0.02465669599996545,,,0,0,0,0,0,0,0,0.0,0.0,0.0,0.0,0,0,0,0.0,0.0,0.0,0.0,0,0,0,0.0,0.0,0.0,0,0,0,0.0,0.0,0.0,0,0
Open Images,13d93884b48bc28c,15,1,2,0,2,4,4,4,8,5,0,0,4,0.01761349399998835,0.005504200000132187,0.005559277999964252,0.028677559000016117,1.5140567334493005,1.4932718026638034,0,0,0,0,1,1,0,0.5,1.0,0.6666666666666666,0.9686775280588595,1,1,0,0.5,1.0,0.6666666666666666,0.9686775280588595,0,0,0,0.0,0.0,0.0,0,0,0,0.0,0.0,0.0,0,0
Open Images,13ffeb4fec0d2c49,14,1,3,0,2,3,4,3,7,5,0,0,4,0.0172735940000166,0.005405016999930012,0.005428072999848155,0.0281072640000275,1.539178613026937,1.5287564575672152,0,0,0,0,1,1,0,0.5,1.0,0.6666666666666666,0.6660247313233517,1,1,0,0.5,1.0,0.6666666666666666,0.6660247313233517,0,0,0,0.0,0.0,0.0,0,0,0,0.0,0.0,0.0,0,0
Open Images,141d8961e111ead7,60,0,9,0,21,783,42,783,825,442,0,0,42,0.021147318000203086,0.041820419000032416,0.04139231199997084,0.10436077900021701,17.93371315256689,17.02448463172648,0,0,0,0,0,21,0,0.0,0.0,0.0,0.0,0,21,0,0.0,0.0,0.0,0.0,0,0,0,0.0,0.0,0.0,0,0,0,0.0,0.0,0.0,0,0
Open Images,146316cdeb2aef2a,38,2,4,0,15,407,30,407,437,226,0,0,30,0.02132111499986422,0.024104460999978983,0.023582643000054304,0.06900883599996632,12.385170756350687,11.608887651930978,0,0,0,0,2,13,0,0.13333333333333333,1.0,0.23529411764705882,0.9291522064053678,2,13,0,0.13333333333333333,1.0,0.23529411764705882,0.9291522064053678,0,0,0,0.0,0.0,0.0,0,0,0,0.0,0.0,0.0,0,0
Open Images,1654c86093ada840,9,1,2,0,8,109,16,109,125,65,0,0,16,0.017020700999864857,0.010492513000144754,0.011116721000007601,0.03863054899989038,6.3666421351983065,5.87199365816056,0,0,0,0,1,7,0,0.125,1.0,0.2222222222222222,0.8307949200990739,1,7,0,0.125,1.0,0.2222222222222222,0.8307949200990739,0,0,0,0.0,0.0,0.0,0,0,0,0.0,0.0,0.0,0,0
Open Images,169795b5dffa3dc6,45,4,2,0,10,173,20,173,193,101,0,0,20,0.018445261999886498,0.01389745699998457,0.013466566000033708,0.04581008099989958,8.755984160049106,8.466610951665386,0,0,0,0,2,8,2,0.2,0.5,0.28571428571428575,0.958175805994731,2,8,2,0.2,0.5,0.28571428571428575,0.958175805994731,0,0,0,0.0,0.0,0.0,0,0,0,0.0,0.0,0.0,0,0
Open Images,18f5b21c06c6f3d1,15,1,8,0,4,27,8,27,35,17,0,0,8,0.017918086999998195,0.008002866999959224,0.00796461699997053,0.03388635100009196,3.282915440410872,3.0437392025793577,0,0,0,0,0,4,1,0.0,0.0,0.0,0.6140335437478744,0,4,1,0.0,0.0,0.0,0.6140335437478744,0,0,0,0.0,0.0,0.0,0,0,0,0.0,0.0,0.0,0,0
Open Images,19aa926f2f7d9782,7,1,1,0,4,25,8,25,33,17,0,0,8,0.02376419100005478,0.007014503999926092,0.007112438999911319,0.03789178500005619,3.4991718260447193,3.387913537621499,0,0,0,0,1,3,0,0.25,1.0,0.4,0.9191967725615501,1,3,0,0.25,1.0,0.4,0.9191967725615501,0,0,0,0.0,0.0,0.0,0,0,0,0.0,0.0,0.0,0,0
Open Images,1ad1b75ba69177b3,2,0,1,0,0,0,0,0,0,0,0,0,1,0.018240314000195212,0.004526111999894056,0.004658549000168932,0.02742548300011549,,,0,0,0,0,0,0,0,0.0,0.0,0.0,0.0,0,0,0,0.0,0.0,0.0,0.0,0,0,0,0.0,0.0,0.0,0,0,0,0.0,0.0,0.0,0,0
Open Images,1b02d463464d45f3,5,1,1,0,3,10,6,10,16,10,0,0,6,0.015590144000043438,0.006289250000008906,0.006170180000026448,0.028050300000131756,2.492304286956788,2.3543798053264626,0,0,0,0,0,3,1,0.0,0.0,0.0,0.0,0,3,1,0.0,0.0,0.0,0.0,0,0,0,0.0,0.0,0.0,0,0,0,0.0,0.0,0.0,0,0
Open Images,1b75ec99a2b81fa6,6,2,2,0,2,4,4,4,8,5,0,0,4,0.01603840500001752,0.005546904999846447,0.005498107999983404,0.027084027000000788,1.2707750829060873,1.149636471271515,0,0,0,0,1,1,1,0.5,0.5,0.5,0.9420698098033362,1,1,1,0.5,0.5,0.5,0.9420698098033362,0,0,0,0.0,0.0,0.0,0,0,0,0.0,0.0,0.0,0,0
Open Images,1b8c4e46421a0a9f,13,1,1,0,2,2,4,2,6,5,0,0,4,0.017174309999973048,0.005875121000144645,0.005778382000016791,0.028828390000171566,1.530704811414083,1.5167872127890591,0,0,0,0,0,2,1,0.0,0.0,0.0,0.0,0,2,1,0.0,0.0,0.0,0.0,0,0,0,0.0,0.0,0.0,0,0,0,0.0,0.0,0.0,0,0
Open Images,1bde6aa77c1a45fb,29,25,4,0,20,693,40,693,733,401,0,0,40,0.020340802999953667,0.03765608300000167,0.036181558999942354,0.09417913199990835,16.502481374196076,15.458400379570186,0,0,0,0,13,7,12,0.65,0.52,0.5777777777777778,0.8325844373758025,13,7,12,0.65,0.52,0.5777777777777778,0.8325844373758025,0,0,0,0.0,0.0,0.0,0,0,0,0.0,0.0,0.0,0,0
Open Images,1c1a752a8b9553f7,21,0,1,0,5,40,10,40,50,26,0,0,10,0.021809817000075782,0.007600767999974778,0.007635843999878489,0.03704701600008775,4.330292781194053,4.173205220103265,0,0,0,0,0,5,0,0.0,0.0,0.0,0.0,0,5,0,0.0,0.0,0.0,0.0,0,0,0,0.0,0.0,0.0,0,0,0,0.0,0.0,0.0,0,0
Open Images,1d6468e90f600660,5,0,2,0,1,0,2,0,2,1,0,0,2,0.015359401000068829,0.005404495999982828,0.005355393999934677,0.026119782000023406,0.48808366457621255,0.4327515095472336,0,0,0,0,0,1,0,0.0,0.0,0.0,0.0,0,1,0,0.0,0.0,0.0,0.0,0,0,0,0.0,0.0,0.0,0,0,0,0.0,0.0,0.0,0,0
Open Images,1d8766876ad7362a,6,1,1,0,1,0,2,0,2,1,0,0,2,0.01851813000007496,0.005706124999960593,0.005650847999959296,0.02987558299992088,0.5012473980585734,0.45134528309106825,0,0,0,0,1,0,0,1.0,1.0,1.0,0.9733708221357734,1,0,0,1.0,1.0,1.0,0.9733708221357734,0,0,0,0.0,0.0,0.0,0,0,0,0.0,0.0,0.0,0,0
Open Images,1e7b2a58768e328c,10,0,2,0,1,0,2,0,2,1,0,0,2,0.01384792700014259,0.005535902000019632,0.005515052999953696,0.024899469000047247,0.6336860577265422,0.6384148898720742,0,0,0,0,0,1,0,0.0,0.0,0.0,0.0,0,1,0,0.0,0.0,0.0,0.0,0,0,0,0.0,0.0,0.0,0,0,0,0.0,0.0,0.0,0,0
Open Images,1f05d514448663fc,7,0,1,0,4,28,8,28,36,17,0,0,8,0.016739647000122204,0.00745631399990998,0.006561961999977939,0.030758565000041926,3.275505005518596,3.0142341536283497,0,0,0,0,0,4,0,0.0,0.0,0.0,0.0,0,4,0,0.0,0.0,0.0,0.0,0,0,0,0.0,0.0,0.0,0,0,0,0.0,0.0,0.0,0,0
Open Images,1f6c156f2cb2d4f2,9,0,2,0,1,0,2,0,2,1,0,0,2,0.01895234099993104,0.005605895999906352,0.0053596709999510495,0.029918554000005315,0.4944753090540568,0.44177970737218863,0,0,0,0,0,1,0,0.0,0.0,0.0,0.0,0,1,0,0.0,0.0,0.0,0.0,0,0,0,0.0,0.0,0.0,0,0,0,0.0,0.0,0.0,0,0
Open Images,1f7c30f0c24fda91,15,0,4,0,4,20,8,20,28,17,0,0,8,0.018471415000021807,0.007182431999808614,0.007320750000189946,0.03297520399996756,3.398326382584655,3.235353204456253,0,0,0,0,0,4,0,0.0,0.0,0.0,0.0,0,4,0,0.0,0.0,0.0,0.0,0,0,0,0.0,0.0,0.0,0,0,0,0.0,0.0,0.0,0,0
Open Images,1fe277f5abfc7d74,14,0,4,0,1,0,2,0,2,1,0,0,2,0.014226394999923286,0.005878770999970584,0.0049935179999920365,0.025099210999997013,0.5522892634073893,0.5234419178962708,0,0,0,0,0,1,0,0.0,0.0,0.0,0.0,0,1,0,0.0,0.0,0.0,0.0,0,0,0,0.0,0.0,0.0,0,0,0,0.0,0.0,0.0,0,0
Open Images,2198847783e240e7,3,0,2,0,1,0,2,0,2,1,0,0,2,0.020082958000102735,0.0052723080000305345,0.0052449290001277404,0.030600689000038983,0.6498980919520061,0.6613143882155419,0,0,0,0,0,1,0,0.0,0.0,0.0,0.0,0,1,0,0.0,0.0,0.0,0.0,0,0,0,0.0,0.0,0.0,0,0,0,0.0,0.0,0.0,0,0
Open Images,231a40bf7aa6ddb9,24,0,3,0,2,2,4,2,6,5,0,0,4,0.019464983000034408,0.005846191000046019,0.005405145999930028,0.030716965999999957,1.5168820269902545,1.5137625297904014,0,0,0,0,0,2,0,0.0,0.0,0.0,0.0,0,2,0,0.0,0.0,0.0,0.0,0,0,0,0.0,0.0,0.0,0,0,0,0.0,0.0,0.0,0,0
Open Images,23282811e70b4df7,14,0,4,0,2,4,4,4,8,5,0,0,4,0.01620202000003701,0.006531756999947902,0.005588609999904293,0.028322976000026756,1.2759353407224017,1.1734253354370594,0,0,0,0,0,2,0,0.0,0.0,0.0,0.0,0,2,0,0.0,0.0,0.0,0.0,0,0,0,0.0,0.0,0.0,0,0,0,0.0,0.0,0.0,0,0
Open Images,24ecee17e7b53fab,21,0,2,0,4,22,8,22,30,17,0,0,8,0.01992772999983572,0.007344581000097605,0.007315945000073043,0.03458888799991655,3.7260514465967827,3.708381001651288,0,0,0,0,0,4,0,0.0,0.0,0.0,0.0,0,4,0,0.0,0.0,0.0,0.0,0,0,0,0.0,0.0,0.0,0,0,0,0.0,0.0,0.0,0,0
Open Images,25ce96bd10afe1b0,46,1,9,0,8,101,16,101,117,65,0,0,16,0.018231131999982608,0.012308653999980379,0.011385797999992064,0.04192635100002917,6.805458134015404,6.503376280963423,0,0,0,0,1,7,0,0.125,1.0,0.2222222222222222,0.7878359443574888,1,7,0,0.125,1.0,0.2222222222222222,0.7878359443574888,0,0,0,0.0,0.0,0.0,0,0,0,0.0,0.0,0.0,0,0
Open Images,26d3e6efda2035c0,20,0,2,0,1,0,2,0,2,1,0,0,2,0.01615094399994632,0.005538623999882475,0.005980977000035637,0.027671100999896225,0.6185739676157633,0.6170690625905991,0,0,0,0,0,1,0,0.0,0.0,0.0,0.0,0,1,0,0.0,0.0,0.0,0.0,0,0,0,0.0,0.0,0.0,0,0,0,0.0,0.0,0.0,0,0
Open Images,2722015316635d05,15,1,1,0,2,4,4,4,8,5,0,0,4,0.02145325999981651,0.005541901000015059,0.005841078000003108,0.03283682399978716,1.5091525204976397,1.5028446018695831,0,0,0,0,1,1,0,0.5,1.0,0.6666666666666666,0.9277365489355252,1,1,0,0.5,1.0,0.6666666666666666,0.9277365489355252,0,0,0,0.0,0.0,0.0,0,0,0,0.0,0.0,0.0,0,0
Open Images,286de7c921469cec,6,0,2,0,6,61,12,61,73,37,0,0,12,0.01893643899984454,0.009523561999913,0.00857565399996929,0.03703635099986968,4.841648862885429,4.395342135356857,0,0,0,0,0,6,0,0.0,0.0,0.0,0.0,0,6,0,0.0,0.0,0.0,0.0,0,0,0,0.0,0.0,0.0,0,0,0,0.0,0.0,0.0,0,0
Open Images,2bded1f9cb587843,6,0,1,0,2,3,4,3,7,5,0,0,4,0.020278569999845786,0.00583130500012885,0.0054466439999032445,0.031557110999983706,1.4189045079549152,1.3753692841529845,0,0,0,0,0,2,0,0.0,0.0,0.0,0.0,0,2,0,0.0,0.0,0.0,0.0,0,0,0,0.0,0.0,0.0,0,0,0,0.0,0.0,0.0,0,0
Open Images,2ce0d48f1957670e,3,0,1,0,2,2,4,2,6,5,0,0,4,0.016343323000000964,0.005484238999997615,0.005947208999941722,0.02777541399996153,1.112633851369222,0.9262619817256929,0,0,0,0,0,2,0,0.0,0.0,0.0,0.0,0,2,0,0.0,0.0,0.0,0.0,0,0,0,0.0,0.0,0.0,0,0,0,0.0,0.0,0.0,0,0
Open Images,2dab4bf641b91d2a,20,1,2,0,4,18,8,18,26,17,0,0,8,0.01610446800009413,0.007343983000055232,0.006581446000154756,0.030030428000145548,3.3153839008013417,3.1159380932152283,0,0,0,0,1,3,0,0.25,1.0,0.4,0.9404980766693047,1,3,0,0.25,1.0,0.4,0.9404980766693047,0,0,0,0.0,0.0,0.0,0,0,0,0.0,0.0,0.0,0,0
Open Images,2e08a3701ae74310,14,3,1,0,4,18,8,18,26,17,0,0,8,0.017416672000081235,0.008469228999956613,0.0074959179999041226,0.03338284000005842,3.572542351881664,3.5080494053661835,0,0,0,0,3,1,0,0.75,1.0,0.8571428571428571,0.8311407638447051,3,1,0,0.75,1.0,0.8571428571428571,0.8311407638447051,0,0,0,0.0,0.0,0.0,0,0,0,0.0,0.0,0.0,0,0
Open Images,2e1b6b5c14f7d522,58,0,1,0,22,878,44,878,922,485,0,0,44,0.023595746999944822,0.04643638699985786,0.045890502000020206,0.11592341499999748,17.432239037946722,16.020042478984454,0,0,0,0,0,22,0,0.0,0.0,0.0,0.0,0,22,0,0.0,0.0,0.0,0.0,0,0,0,0.0,0.0,0.0,0,0,0,0.0,0.0,0.0,0,0
Open Images,2e6ed3de36f341f7,27,0,4,0,8,105,16,105,121,65,0,0,16,0.01930336200007332,0.010769944999992731,0.011032875999944736,0.041106924000132494,6.868904681746895,6.5851376420703875,0,0,0,0,0,8,0,0.0,0.0,0.0,0.0,0,8,0,0.0,0.0,0.0,0.0,0,0,0,0.0,0.0,0.0,0,0,0,0.0,0.0,0.0,0,0
Open Images,2ed000d799794d71,9,3,2,2,4,22,8,22,30,17,0,0,8,0.02134377399988807,0.006982787999959328,0.007802712000056999,0.03612979899980928,3.2402165584205767,2.9955576694447976,0,0,0,0,2,2,1,0.5,0.6666666666666666,0.5714285714285715,0.8809923565849919,2,2,1,0.5,0.6666666666666666,0.5714285714285715,0.8809923565849919,0,2,2,0.0,0.0,0.0,0,2,2,0.0,0.0,0.0,0,0
Open Images,2eeec709f51ecd0d,7,3,1,0,3,13,6,13,19,10,0,0,6,0.019381746999897587,0.00635063300001093,0.006375110999897515,0.03210807200002819,2.507648972026066,2.363687925538973,0,0,0,0,1,2,2,0.3333333333333333,0.3333333333333333,0.3333333333333333,0.7083609059484535,1,2,2,0.3333333333333333,0.3333333333333333,0.3333333333333333,0.7083609059484535,0,0,0,0.0,0.0,0.0,0,0,0,0.0,0.0,0.0,0,0
Open Images,2f8ff99a443af1df,12,1,1,0,6,41,12,41,53,37,0,0,12,0.016805867999892143,0.007940318999999363,0.00799261099996329,0.032739457999923616,5.252360770702363,5.091084588617088,0,0,0,0,0,6,1,0.0,0.0,0.0,0.9657239857995885,0,6,1,0.0,0.0,0.0,0.9657239857995885,0,0,0,0.0,0.0,0.0,0,0,0,0.0,0.0,0.0,0,0
Open Images,30ace30967aca271,17,0,4,0,2,2,4,2,6,5,0,0,4,0.01852042700011225,0.006205927000110023,0.005559272000027704,0.030286274999980378,1.4289038785298664,1.389493395090103,0,0,0,0,0,2,0,0.0,0.0,0.0,0.0,0,2,0,0.0,0.0,0.0,0.0,0,0,0,0.0,0.0,0.0,0,0,0,0.0,0.0,0.0,0,0
Open Images,333452abf04d1b2b,25,4,3,0,14,348,28,348,376,197,0,0,28,0.023060463000092568,0.022083715000007942,0.021889589000011256,0.06703463899998496,10.56008641423607,9.46180504676525,0,0,0,0,1,13,3,0.07142857142857142,0.25,0.11111111111111112,0.9417375249681935,1,13,3,0.07142857142857142,0.25,0.11111111111111112,0.9417375249681935,0,0,0,0.0,0.0,0.0,0,0,0,0.0,0.0,0.0,0,0
Open Images,366209cb2cfa7f73,15,1,3,0,2,5,4,5,9,5,0,0,4,0.03054538799983675,0.005787482999949134,0.005284139999957915,0.04161761899990779,1.5667322905858359,1.5676760271191599,0,0,0,0,1,1,0,0.5,1.0,0.6666666666666666,0.9763294847710651,1,1,0,0.5,1.0,0.6666666666666666,0.9763294847710651,0,0,0,0.0,0.0,0.0,0,0,0,0.0,0.0,0.0,0,0
Open Images,36a1f2f6d9539824,4,0,2,0,3,12,6,12,18,10,0,0,6,0.018341534000001047,0.00610013000004983,0.006113251999977365,0.030555482000181655,2.4158232116699225,2.2133502864837653,0,0,0,0,0,3,0,0.0,0.0,0.0,0.0,0,3,0,0.0,0.0,0.0,0.0,0,0,0,0.0,0.0,0.0,0,0,0,0.0,0.0,0.0,0,0
Open Images,3881457cb3a6585e,8,0,7,0,0,0,0,0,0,0,0,0,1,0.016978350999806935,0.004007832000070266,0.004268864000096073,0.025255533999825275,,,0,0,0,0,0,0,0,0.0,0.0,0.0,0.0,0,0,0,0.0,0.0,0.0,0.0,0,0,0,0.0,0.0,0.0,0,0,0,0.0,0.0,0.0,0,0
Open Images,38dde2b71edf6611,17,0,7,0,1,0,2,0,2,1,0,0,2,0.01747186500006137,0.005596695999884105,0.005199650999884398,0.028268772000046738,0.6259068648020427,0.6274267798662185,0,0,0,0,0,1,0,0.0,0.0,0.0,0.0,0,1,0,0.0,0.0,0.0,0.0,0,0,0,0.0,0.0,0.0,0,0,0,0.0,0.0,0.0,0,0
Open Images,3b2444d13b3b30e1,14,2,1,0,4,27,8,27,35,17,0,0,8,0.02213620800011995,0.0068705410001257405,0.006600934000061898,0.035608373000059146,3.62683763186137,3.568241488337518,0,0,0,0,2,2,0,0.5,1.0,0.6666666666666666,0.7416443980189081,2,2,0,0.5,1.0,0.6666666666666666,0.7416443980189081,0,0,0,0.0,0.0,0.0,0,0,0,0.0,0.0,0.0,0,0
Open Images,3b78e75f33d9b90a,10,2,5,0,2,4,4,4,8,5,0,0,4,0.01650559799986695,0.006326284999886411,0.005682886999920811,0.028515371999901618,1.472061498959859,1.400953533947468,0,0,0,0,0,2,2,0.0,0.0,0.0,0.0,0,2,2,0.0,0.0,0.0,0.0,0,0,0,0.0,0.0,0.0,0,0,0,0.0,0.0,0.0,0,0
Open Images,3ba112bd2a75b755,11,0,2,0,2,2,4,2,6,5,0,0,4,0.01869128999987879,0.005831817000171213,0.005590135000147711,0.030113819000007425,1.0605557449658711,0.8692016564309598,0,0,0,0,0,2,0,0.0,0.0,0.0,0.0,0,2,0,0.0,0.0,0.0,0.0,0,0,0,0.0,0.0,0.0,0,0,0,0.0,0.0,0.0,0,0
Open Images,3bbedd517e851024,28,4,4,0,4,24,8,24,32,17,0,0,8,0.017362421000143513,0.0075714130000505975,0.007068795999884969,0.03200318400013202,3.477640065352123,3.3574999256432068,0,0,0,0,0,4,4,0.0,0.0,0.0,0.0,0,4,4,0.0,0.0,0.0,0.0,0,0,0,0.0,0.0,0.0,0,0,0,0.0,0.0,0.0,0,0
Open Images,3be189900a496924,18,2,5,0,2,4,4,4,8,5,0,0,4,0.016241490000084013,0.0059628929998325475,0.005591579000110869,0.02779647300008037,1.5276188643773398,1.5124283125996594,0,0,0,0,0,2,2,0.0,0.0,0.0,0.0,0,2,2,0.0,0.0,0.0,0.0,0,0,0,0.0,0.0,0.0,0,0,0,0.0,0.0,0.0,0,0
Open Images,3c134d48cbb1e25c,15,0,1,0,7,78,14,78,92,50,0,0,14,0.019593438999891077,0.009981301000152598,0.01056701500010604,0.04014239899993299,5.354841416781365,4.818363021816035,0,0,0,0,0,7,0,0.0,0.0,0.0,0.0,0,7,0,0.0,0.0,0.0,0.0,0,0,0,0.0,0.0,0.0,0,0,0,0.0,0.0,0.0,0,0
Open Images,3ce9353aae8238b1,34,1,1,0,9,122,18,122,140,82,0,0,18,0.020500791000131358,0.011229440000079194,0.011183206999930917,0.042914104999908886,6.994173042774204,6.38126942291856,0,0,0,0,1,8,0,0.1111111111111111,1.0,0.19999999999999998,0.8952752120231794,1,8,0,0.1111111111111111,1.0,0.19999999999999998,0.8952752120231794,0,0,0,0.0,0.0,0.0,0,0,0,0.0,0.0,0.0,0,0
Open Images,3d1275028c1dcd88,41,8,3,0,8,103,16,103,119,65,0,0,16,0.02302603800012548,0.01088815599996451,0.010775863999924695,0.04469072100005178,6.733682657918186,6.391130632997404,0,0,0,0,3,5,5,0.375,0.375,0.375,0.8094657921470095,3,5,5,0.375,0.375,0.375,0.8094657921470095,0,0,0,0.0,0.0,0.0,0,0,0,0.0,0.0,0.0,0,0
Open Images,3d42dd0fca5505cf,8,0,4,0,3,8,6,8,14,10,0,0,6,0.020766550999951505,0.005866561999937403,0.005872651000117912,0.03250638700001218,2.358098704814911,2.1813144205510615,0,0,0,0,0,3,0,0.0,0.0,0.0,0.0,0,3,0,0.0,0.0,0.0,0.0,0,0,0,0.0,0.0,0.0,0,0,0,0.0,0.0,0.0,0,0
Open Images,3e3f45d51c4a049e,22,0,2,0,3,10,6,10,16,10,0,0,6,0.024435089999997217,0.006466271999897799,0.005836735999992015,0.03673884199997701,2.1814411330223082,1.94828560039401,0,0,0,0,0,3,0,0.0,0.0,0.0,0.0,0,3,0,0.0,0.0,0.0,0.0,0,0,0,0.0,0.0,0.0,0,0,0,0.0,0.0,0.0,0,0
Open Images,3e6029e1509f1dd1,12,1,1,0,2,4,4,4,8,5,0,0,4,0.015561879999950179,0.00585472599982495,0.005882999000050404,0.02730038999993667,1.3039254983266195,1.1634614330530166,0,0,0,0,0,2,1,0.0,0.0,0.0,0.0,0,2,1,0.0,0.0,0.0,0.0,0,0,0,0.0,0.0,0.0,0,0,0,0.0,0.0,0.0,0,0
Open Images,3efce935d21b765a,33,1,1,0,4,20,8,20,28,17,0,0,8,0.03014646300016466,0.007337256000027992,0.00730497200015634,0.04478927400009525,3.581880542437237,3.5047395995259296,0,0,0,0,1,3,0,0.25,1.0,0.4,0.9834501803810545,1,3,0,0.25,1.0,0.4,0.9834501803810545,0,0,0,0.0,0.0,0.0,0,0,0,0.0,0.0,0.0,0,0
Open Images,3f2cc085cfc23975,26,2,1,0,2,2,4,2,6,5,0,0,4,0.016963470000064262,0.005510019000212196,0.00562121300004037,0.028095208999957322,1.5358788855870564,1.5405955925583839,0,0,0,0,0,2,2,0.0,0.0,0.0,0.0,0,2,2,0.0,0.0,0.0,0.0,0,0,0,0.0,0.0,0.0,0,0,0,0.0,0.0,0.0,0,0
Open Images,3f67ddce3448e74c,19,1,1,0,2,4,4,4,8,5,0,0,4,0.017898700000159806,0.0058942669998032216,0.005827227000054336,0.02962072300010732,1.4666102202733362,1.4262536028027535,0,0,0,0,1,1,0,0.5,1.0,0.6666666666666666,0.8218840960745321,1,1,0,0.5,1.0,0.6666666666666666,0.8218840960745321,0,0,0,0.0,0.0,0.0,0,0,0,0.0,0.0,0.0,0,0
Open Images,3f7d5b7ffa990565,27,8,12,0,7,80,14,80,94,49,0,0,14,0.022850399000162724,0.009945783999910418,0.009844372000088697,0.04264120100015134,5.580904852549238,5.12936143755913,0,0,0,0,2,5,6,0.2857142857142857,0.25,0.26666666666666666,0.7044107466659228,2,5,6,0.2857142857142857,0.25,0.26666666666666666,0.7044107466659228,0,0,0,0.0,0.0,0.0,0,0,0,0.0,0.0,0.0,0,0
Open Images,408209a5977369e8,14,0,6,0,1,0,2,0,2,1,0,0,2,0.014782776999936686,0.005418579999968642,0.005067468000106601,0.02526941600012833,0.6049686829249064,0.5978515979647636,0,0,0,0,0,1,0,0.0,0.0,0.0,0.0,0,1,0,0.0,0.0,0.0,0.0,0,0,0,0.0,0.0,0.0,0,0,0,0.0,0.0,0.0,0,0
Open Images,41a362d2cf8dd3f8,12,0,2,0,1,0,2,0,2,1,0,0,2,0.021973619999926086,0.0057826639999802865,0.005033592000017961,0.03279036799995083,0.6249683300654094,0.6261010995507241,0,0,0,0,0,1,0,0.0,0.0,0.0,0.0,0,1,0,0.0,0.0,0.0,0.0,0,0,0,0.0,0.0,0.0,0,0,0,0.0,0.0,0.0,0,0
Open Images,422d4210cdcdb6a5,22,1,2,0,2,2,4,2,6,5,0,0,4,0.01768239300008645,0.005750665999812554,0.005536521999829347,0.028970199000013963,1.47836102326711,1.4593516120314596,0,0,0,0,1,1,0,0.5,1.0,0.6666666666666666,0.6905396309462108,1,1,0,0.5,1.0,0.6666666666666666,0.6905396309462108,0,0,0,0.0,0.0,0.0,0,0,0,0.0,0.0,0.0,0,0
Open Images,4287fb387a363c94,11,0,6,0,3,10,6,10,16,10,0,0,6,0.024849976999803403,0.006107717999839224,0.006012259000044651,0.0369705470000099,2.331888611316681,2.1442926634848116,0,0,0,0,0,3,0,0.0,0.0,0.0,0.0,0,3,0,0.0,0.0,0.0,0.0,0,0,0,0.0,0.0,0.0,0,0,0,0.0,0.0,0.0,0,0
Open Images,42cdf62be2cd206c,23,9,2,0,17,470,34,470,504,290,0,0,34,0.02282963400011795,0.02822540600004686,0.028476744000045073,0.07953260400017825,14.20764364479021,13.399787623217062,0,0,0,0,6,11,3,0.35294117647058826,0.6666666666666666,0.46153846153846156,0.8482710950057251,6,11,3,0.35294117647058826,0.6666666666666666,0.46153846153846156,0.8482710950057251,0,0,0,0.0,0.0,0.0,0,0,0,0.0,0.0,0.0,0,0
Open Images,43c19287631911c6,29,1,1,0,1,0,2,0,2,1,0,0,2,0.01870217999999113,0.005495124000162832,0.00535392500000853,0.02955169099982413,0.5776530663172403,0.5592682895064354,0,0,0,0,0,1,1,0.0,0.0,0.0,0.0,0,1,1,0.0,0.0,0.0,0.0,0,0,0,0.0,0.0,0.0,0,0,0,0.0,0.0,0.0,0,0
Open Images,43f2a4b7197637ff,3,1,2,0,1,0,2,0,2,1,0,0,2,0.019169547000046805,0.005746789000113495,0.005283211999994819,0.030200027000091723,0.6429742733637491,0.6515344944596291,0,0,0,0,1,0,0,1.0,1.0,1.0,0.9540948588703974,1,0,0,1.0,1.0,1.0,0.9540948588703974,0,0,0,0.0,0.0,0.0,0,0,0,0.0,0.0,0.0,0,0
Open Images,4420025f6d6ab706,23,1,2,0,7,66,14,66,80,50,0,0,14,0.02529923400015832,0.01008975200011264,0.009856882000121914,0.04524652400004925,5.750148694876083,5.375793020986765,0,0,0,0,1,6,0,0.14285714285714285,1.0,0.25,0.9471912386236794,1,6,0,0.14285714285714285,1.0,0.25,0.9471912386236794,0,0,0,0.0,0.0,0.0,0,0,0,0.0,0.0,0.0,0,0
Open Images,450dc8db3bfee2c9,25,0,1,0,3,9,6,9,15,10,0,0,6,0.016459677000057127,0.006369357000039599,0.006036096000116231,0.028865689999975075,2.5320233511924743,2.44348298355937,0,0,0,0,0,3,0,0.0,0.0,0.0,0.0,0,3,0,0.0,0.0,0.0,0.0,0,0,0,0.0,0.0,0.0,0,0,0,0.0,0.0,0.0,0,0
Open Images,489b8628e0f419a5,23,1,1,0,2,6,4,6,10,5,0,0,4,0.019523682999988523,0.005756336999866107,0.005340859999932945,0.030621370000062598,1.4132146628697715,1.3508323779702187,0,0,0,0,1,1,0,0.5,1.0,0.6666666666666666,0.9412092352338386,1,1,0,0.5,1.0,0.6666666666666666,0.9412092352338386,0,0,0,0.0,0.0,0.0,0,0,0,0.0,0.0,0.0,0,0
Open Images,48abd1db27d7de96,32,2,1,0,7,77,14,77,91,50,0,0,14,0.01609555300001375,0.009528969000029974,0.0086025640000571,0.03422771499981536,5.730502754847211,5.373668474555018,0,0,0,0,2,5,0,0.2857142857142857,1.0,0.4444444444444445,0.8365104225501365,2,5,0,0.2857142857142857,1.0,0.4444444444444445,0.8365104225501365,0,0,0,0.0,0.0,0.0,0,0,0,0.0,0.0,0.0,0,0
Open Images,48cd906fad6004bf,3,0,2,0,3,6,6,6,12,10,0,0,6,0.018872932000022047,0.0058163279998098005,0.005654770000091958,0.030344695999929172,2.636022543907166,2.4583818432688718,0,0,0,0,0,3,0,0.0,0.0,0.0,0.0,0,3,0,0.0,0.0,0.0,0.0,0,0,0,0.0,0.0,0.0,0,0,0,0.0,0.0,0.0,0,0
Open Images,48d7e9892a1653e3,7,0,2,0,2,4,4,4,8,5,0,0,4,0.017399652999984028,0.005641093000122055,0.005753033000019059,0.02879442099992957,1.3847689302762354,1.3106527806818487,0,0,0,0,0,2,0,0.0,0.0,0.0,0.0,0,2,0,0.0,0.0,0.0,0.0,0,0,0,0.0,0.0,0.0,0,0,0,0.0,0.0,0.0,0,0
Open Images,494c1c49e967eb79,33,1,5,0,6,46,12,46,58,37,0,0,12,0.045572290000109206,0.009123996999960582,0.00819370599992908,0.06289061000006768,5.051163768978144,4.7983473221075785,0,0,0,0,1,5,0,0.16666666666666666,1.0,0.2857142857142857,0.6880547856875847,1,5,0,0.16666666666666666,1.0,0.2857142857142857,0.6880547856875847,0,0,0,0.0,0.0,0.0,0,0,0,0.0,0.0,0.0,0,0
Open Images,49cc9e3699b6a53e,43,0,7,0,12,250,24,250,274,145,0,0,24,0.017151702999854024,0.01802581799984182,0.017626668999810136,0.05280483399997138,10.374908093047237,9.953674858194685,0,0,0,0,0,12,0,0.0,0.0,0.0,0.0,0,12,0,0.0,0.0,0.0,0.0,0,0,0,0.0,0.0,0.0,0,0,0,0.0,0.0,0.0,0,0
Open Images,4a197f10b93d99d8,28,0,1,0,11,181,22,181,203,122,0,0,22,0.02221701899998152,0.015445726000052673,0.015314101999820195,0.05297750499994436,9.698943167888052,9.406167682173775,0,0,0,0,0,11,0,0.0,0.0,0.0,0.0,0,11,0,0.0,0.0,0.0,0.0,0,0,0,0.0,0.0,0.0,0,0,0,0.0,0.0,0.0,0,0
Open Images,4c9154ccd94191ff,8,1,1,0,2,2,4,2,6,5,0,0,4,0.015655443000014202,0.00549126900000374,0.005892439000035665,0.027039778000016668,1.5633806975682578,1.562941901981831,0,0,0,0,1,1,0,0.5,1.0,0.6666666666666666,0.9346366901550183,1,1,0,0.5,1.0,0.6666666666666666,0.9346366901550183,0,0,0,0.0,0.0,0.0,0,0,0,0.0,0.0,0.0,0,0
Open Images,4dd4010e95454176,38,17,4,0,12,263,24,263,287,145,0,0,24,0.018694067999831532,0.01766662299996824,0.018625381999981983,0.05498679299989817,9.235264398003041,8.335764649355829,0,0,0,0,5,7,12,0.4166666666666667,0.29411764705882354,0.3448275862068966,0.8339316048579433,5,7,12,0.4166666666666667,0.29411764705882354,0.3448275862068966,0.8339316048579433,0,0,0,0.0,0.0,0.0,0,0,0,0.0,0.0,0.0,0,0
Open Images,4e409a31ed9b18e3,13,0,2,0,1,0,2,0,2,1,0,0,2,0.015790104999950927,0.005466087000058906,0.005360874999951193,0.02661764099980246,0.5883642594019571,0.5743978497385979,0,0,0,0,0,1,0,0.0,0.0,0.0,0.0,0,1,0,0.0,0.0,0.0,0.0,0,0,0,0.0,0.0,0.0,0,0,0,0.0,0.0,0.0,0,0
Open Images,515d392264b903b5,2,0,1,0,2,3,4,3,7,5,0,0,4,0.018832934999863937,0.006007065999938277,0.005927892000045176,0.030768503999979657,1.4269418032964074,1.370221963822842,0,0,0,0,0,2,0,0.0,0.0,0.0,0.0,0,2,0,0.0,0.0,0.0,0.0,0,0,0,0.0,0.0,0.0,0,0,0,0.0,0.0,0.0,0,0
Open Images,52072b5c865a4f30,4,0,2,0,2,5,4,5,9,5,0,0,4,0.016000208999912502,0.005538572999967073,0.005647094000096331,0.027186582000013004,1.3527065957355815,1.2691606410114287,0,0,0,0,0,2,0,0.0,0.0,0.0,0.0,0,2,0,0.0,0.0,0.0,0.0,0,0,0,0.0,0.0,0.0,0,0,0,0.0,0.0,0.0,0,0
Open Images,52371c64db9ee3f2,34,2,13,0,23,850,46,850,896,530,0,0,46,0.02937849499994627,0.04819406000001436,0.04583214399985991,0.12340551000011146,18.856492051964665,17.667856404022043,0,0,0,0,1,22,1,0.043478260869565216,0.5,0.08,0.7475729044820907,1,22,1,0.043478260869565216,0.5,0.08,0.7475729044820907,0,0,0,0.0,0.0,0.0,0,0,0,0.0,0.0,0.0,0,0
Open Images,537fcd028b47bc5f,11,0,1,0,2,2,4,2,6,5,0,0,4,0.019997073000013188,0.00610374400002911,0.005425657999921896,0.03152707200001714,1.1408699162801106,0.982645423412323,0,0,0,0,0,2,0,0.0,0.0,0.0,0.0,0,2,0,0.0,0.0,0.0,0.0,0,0,0,0.0,0.0,0.0,0,0,0,0.0,0.0,0.0,0,0
Open Images,561fe7f628410a18,12,1,1,0,1,0,2,0,2,1,0,0,2,0.018607481000117332,0.005759577999924659,0.005507116999979189,0.02987481300010586,0.6247866074244182,0.6258444163203241,0,0,0,0,0,1,1,0.0,0.0,0.0,0.0,0,1,1,0.0,0.0,0.0,0.0,0,0,0,0.0,0.0,0.0,0,0,0,0.0,0.0,0.0,0,0
Open Images,571e87b93aecab33,7,1,1,0,4,22,8,22,30,17,0,0,8,0.016647530999989613,0.007670299999972485,0.006536745999937921,0.030855207000058726,2.904967137972515,2.54859941571951,0,0,0,0,0,4,1,0.0,0.0,0.0,0.9646173330990332,0,4,1,0.0,0.0,0.0,0.9646173330990332,0,0,0,0.0,0.0,0.0,0,0,0,0.0,0.0,0.0,0,0
Open Images,582be29db5b1a39d,14,0,6,0,1,0,2,0,2,1,0,0,2,0.01899289600009979,0.005404204999877038,0.005341174999784926,0.029738850000057937,0.6219467560450236,0.6218331262469292,0,0,0,0,0,1,0,0.0,0.0,0.0,0.0,0,1,0,0.0,0.0,0.0,0.0,0,0,0,0.0,0.0,0.0,0,0,0,0.0,0.0,0.0,0,0
Open Images,5847ef17fa137eea,5,2,3,0,2,2,4,2,6,5,0,0,4,0.018018141999846193,0.00569010200001685,0.005188267999983509,0.028897058999973524,1.3325619848569237,1.236910470277071,0,0,0,0,1,1,1,0.5,0.5,0.5,0.9670630448871077,1,1,1,0.5,0.5,0.5,0.9670630448871077,0,0,0,0.0,0.0,0.0,0,0,0,0.0,0.0,0.0,0,0
Open Images,5a1600c71cb5d944,13,0,1,0,1,0,2,0,2,1,0,0,2,0.024813601999994717,0.006067522999956054,0.005281230000036885,0.03616286900000887,0.6453392903010051,0.654875080883503,0,0,0,0,0,1,0,0.0,0.0,0.0,0.0,0,1,0,0.0,0.0,0.0,0.0,0,0,0,0.0,0.0,0.0,0,0,0,0.0,0.0,0.0,0,0
Open Images,5a63bb568d149c2e,21,4,3,0,15,392,30,392,422,226,0,0,30,0.02102638900009879,0.023700325999925553,0.022894204000067475,0.06762160100015535,12.64078607160561,11.969222802407668,0,0,0,0,2,13,2,0.13333333333333333,0.5,0.2105263157894737,0.6949107165891328,2,13,2,0.13333333333333333,0.5,0.2105263157894737,0.6949107165891328,0,0,0,0.0,0.0,0.0,0,0,0,0.0,0.0,0.0,0,0
Open Images,5b906e188aac9f24,12,5,1,0,4,23,8,23,31,17,0,0,8,0.021517399000003934,0.0069682390001162275,0.006990640999902098,0.035476846000165096,3.1859926597277335,2.9331729651987564,0,0,0,0,1,3,4,0.25,0.2,0.22222222222222224,0.9499007163455746,1,3,4,0.25,0.2,0.22222222222222224,0.9499007163455746,0,0,0,0.0,0.0,0.0,0,0,0,0.0,0.0,0.0,0,0
Open Images,5e59e5dc357f93f4,41,0,6,0,9,112,18,112,130,82,0,0,18,0.02191076099984457,0.011367747000122108,0.011840112000072622,0.04511932699983845,7.89253281593323,7.625452602505687,0,0,0,0,0,9,0,0.0,0.0,0.0,0.0,0,9,0,0.0,0.0,0.0,0.0,0,0,0,0.0,0.0,0.0,0,0,0,0.0,0.0,0.0,0,0
Open Images,5ee03b187a08d7a4,13,1,2,0,4,20,8,20,28,17,0,0,8,0.016567428999906042,0.006582255000012083,0.0067813509999723465,0.02993160200003331,3.2745697228113824,3.07066306680441,0,0,0,0,1,3,0,0.25,1.0,0.4,0.9109989097616362,1,3,0,0.25,1.0,0.4,0.9109989097616362,0,0,0,0.0,0.0,0.0,0,0,0,0.0,0.0,0.0,0,0
Open Images,6022a450df278025,24,4,5,0,7,84,14,84,98,50,0,0,14,0.017052477999868643,0.010032607999846732,0.009657882000055906,0.03674362199990355,6.004609479793197,5.7200899367911475,0,0,0,0,1,6,3,0.14285714285714285,0.25,0.18181818181818182,0.8704567639419242,1,6,3,0.14285714285714285,0.25,0.18181818181818182,0.8704567639419242,0,0,0,0.0,0.0,0.0,0,0,0,0.0,0.0,0.0,0,0
Open Images,60fdb7fd333eaf74,13,1,1,0,3,12,6,12,18,10,0,0,6,0.019621731000142972,0.0062578910001320764,0.005875010999943697,0.03175523999993857,2.3895003780851005,2.1997379689046976,0,0,0,0,0,3,1,0.0,0.0,0.0,0.6358215290280492,0,3,1,0.0,0.0,0.0,0.6358215290280492,0,0,0,0.0,0.0,0.0,0,0,0,0.0,0.0,0.0,0,0
Open Images,656abc78a9534c08,23,0,3,0,3,10,6,10,16,10,0,0,6,0.02468370400015374,0.007847061999882499,0.010069622000173695,0.04260130900001968,2.487022240161896,2.363418914228678,0,0,0,0,0,3,0,0.0,0.0,0.0,0.0,0,3,0,0.0,0.0,0.0,0.0,0,0,0,0.0,0.0,0.0,0,0,0,0.0,0.0,0.0,0,0
Open Images,659fc7394df83f02,5,0,2,0,1,0,2,0,2,1,0,0,2,0.02601316200002657,0.007861266999952932,0.0067143679998480366,0.04058950700004971,0.5737250010172525,0.5537198972702027,0,0,0,0,0,1,0,0.0,0.0,0.0,0.0,0,1,0,0.0,0.0,0.0,0.0,0,0,0,0.0,0.0,0.0,0,0,0,0.0,0.0,0.0,0,0
Open Images,66628a0eee9deb75,7,0,3,0,1,0,2,0,2,1,0,0,2,0.022724448999952074,0.005663338999966072,0.005536129999882178,0.03392445899999075,0.4622777024904887,0.3963005881011486,0,0,0,0,0,1,0,0.0,0.0,0.0,0.0,0,1,0,0.0,0.0,0.0,0.0,0,0,0,0.0,0.0,0.0,0,0,0,0.0,0.0,0.0,0,0
Open Images,66a048ed7d6aabcc,5,1,3,0,3,11,6,11,17,10,0,0,6,0.024302970999997342,0.006721895000055156,0.006093865000138976,0.03711931199995888,2.542080674171449,2.4246889522671706,0,0,0,0,1,2,0,0.3333333333333333,1.0,0.5,0.9586946835108086,1,2,0,0.3333333333333333,1.0,0.5,0.9586946835108086,0,0,0,0.0,0.0,0.0,0,0,0,0.0,0.0,0.0,0,0
Open Images,66ef4a8a4a84b9b3,74,8,14,0,10,160,20,160,180,101,0,0,20,0.019221568999910232,0.014074552000010954,0.012888910999890868,0.046185652000076516,8.574917933146162,8.213029913902286,0,0,0,0,2,8,6,0.2,0.25,0.22222222222222224,0.7288007563651839,2,8,6,0.2,0.25,0.22222222222222224,0.7288007563651839,0,0,0,0.0,0.0,0.0,0,0,0,0.0,0.0,0.0,0,0
Open Images,671dce6fe4eb944d,15,2,3,0,2,3,4,3,7,5,0,0,4,0.014893430000029184,0.005860960000063642,0.005517936000160262,0.02627289099996233,1.304874447186788,1.197801823318005,0,0,0,0,0,2,2,0.0,0.0,0.0,0.0,0,2,2,0.0,0.0,0.0,0.0,0,0,0,0.0,0.0,0.0,0,0,0,0.0,0.0,0.0,0,0
Open Images,67bb81df42352db9,7,2,2,0,2,4,4,4,8,5,0,0,4,0.016336178000074142,0.005987717999914821,0.005851146999930279,0.028175581000141392,1.566270235379537,1.567023374140263,0,0,0,0,1,1,1,0.5,0.5,0.5,0.9841614515656683,1,1,1,0.5,0.5,0.5,0.9841614515656683,0,0,0,0.0,0.0,0.0,0,0,0,0.0,0.0,0.0,0,0
Open Images,69788246df023ddf,8,0,1,0,1,0,2,0,2,1,0,0,2,0.024606202999848392,0.005635372999904575,0.005624896999961493,0.03586701699987316,0.46928664843241374,0.4062007242441178,0,0,0,0,0,1,0,0.0,0.0,0.0,0.0,0,1,0,0.0,0.0,0.0,0.0,0,0,0,0.0,0.0,0.0,0,0,0,0.0,0.0,0.0,0,0
Open Images,6a316f2b341bdc0b,16,1,2,0,3,11,6,11,17,10,0,0,6,0.020846837000135565,0.006034103000047253,0.005802352000046085,0.032683854999959294,2.5405811452865605,2.410195867717267,0,0,0,0,1,2,0,0.3333333333333333,1.0,0.5,0.804613527607876,1,2,0,0.3333333333333333,1.0,0.5,0.804613527607876,0,0,0,0.0,0.0,0.0,0,0,0,0.0,0.0,0.0,0,0
Open Images,6a6881aefff9ad58,26,5,2,0,19,648,38,648,686,362,0,0,38,0.020515366999916296,0.03683134299990343,0.03822050400003718,0.09556788800000504,15.390914436256612,14.207896092708632,0,0,0,0,5,14,0,0.2631578947368421,1.0,0.4166666666666667,0.8007397270473495,5,14,0,0.2631578947368421,1.0,0.4166666666666667,0.8007397270473495,0,0,0,0.0,0.0,0.0,0,0,0,0.0,0.0,0.0,0,0
Open Images,6bff678ea2346ac5,23,0,2,0,3,10,6,10,16,10,0,0,6,0.022418044000005466,0.006255155999951967,0.00573959799999102,0.03441336500009129,2.4265388894081115,2.2944861812889576,0,0,0,0,0,3,0,0.0,0.0,0.0,0.0,0,3,0,0.0,0.0,0.0,0.0,0,0,0,0.0,0.0,0.0,0,0,0,0.0,0.0,0.0,0,0
Open Images,6c1cd7fdc967c0d5,11,0,1,0,1,0,2,0,2,1,0,0,2,0.01663514300003044,0.005684312999846952,0.005108041000084995,0.027428188000158116,0.5347943226496379,0.4987303140759468,0,0,0,0,0,1,0,0.0,0.0,0.0,0.0,0,1,0,0.0,0.0,0.0,0.0,0,0,0,0.0,0.0,0.0,0,0,0,0.0,0.0,0.0,0,0
Open Images,6c2aa294019ac91a,32,1,7,0,9,122,18,122,140,82,0,0,18,0.016216400000075737,0.012179696999965017,0.011187426999867967,0.03958415000010973,7.642404734442259,7.256167710969474,0,0,0,0,0,9,1,0.0,0.0,0.0,0.886632223321397,0,9,1,0.0,0.0,0.0,0.886632223321397,0,0,0,0.0,0.0,0.0,0,0,0,0.0,0.0,0.0,0,0
Open Images,6c8dafac9ee9d86e,35,2,1,0,29,1557,58,1557,1615,842,0,0,58,0.02036816099985117,0.07872198699988076,0.07487946300011572,0.1739705589998266,23.76828590882201,22.19271373145161,0,0,0,0,2,27,0,0.06896551724137931,1.0,0.12903225806451613,0.854136576486664,2,27,0,0.06896551724137931,1.0,0.12903225806451613,0.854136576486664,0,0,0,0.0,0.0,0.0,0,0,0,0.0,0.0,0.0,0,0
Open Images,6d83767827cba4a3,16,0,2,0,1,0,2,0,2,1,0,0,2,0.022628902999940692,0.006090370000038092,0.0053149169998505386,0.03403470600005676,0.5746572653452555,0.5550367206335068,0,0,0,0,0,1,0,0.0,0.0,0.0,0.0,0,1,0,0.0,0.0,0.0,0.0,0,0,0,0.0,0.0,0.0,0,0,0,0.0,0.0,0.0,0,0
Open Images,6fc0ad531ee4c66e,6,1,1,0,1,0,2,0,2,1,0,0,2,0.017988345000048866,0.005394578000050387,0.005987170000025799,0.02937070699999822,0.5821491400400798,0.565618993639946,0,0,0,0,0,1,1,0.0,0.0,0.0,0.5415314737915627,0,1,1,0.0,0.0,0.0,0.5415314737915627,0,0,0,0.0,0.0,0.0,0,0,0,0.0,0.0,0.0,0,0
Open Images,71631731c0d63e45,10,0,2,0,2,6,4,6,10,5,0,0,4,0.019856449999906545,0.005727428000000145,0.005665239000109068,0.031249841000089873,1.55122828801473,1.5457766234874728,0,0,0,0,0,2,0,0.0,0.0,0.0,0.0,0,2,0,0.0,0.0,0.0,0.0,0,0,0,0.0,0.0,0.0,0,0,0,0.0,0.0,0.0,0,0
Open Images,72157cefa7c57ec8,16,1,1,0,5,40,10,40,50,26,0,0,10,0.017488491999984035,0.007483546999992541,0.007168877000140128,0.03214163699999517,4.141785181363425,3.873938235342504,0,0,0,0,1,4,0,0.2,1.0,0.33333333333333337,0.801752058503448,1,4,0,0.2,1.0,0.33333333333333337,0.801752058503448,0,0,0,0.0,0.0,0.0,0,0,0,0.0,0.0,0.0,0,0
Open Images,7290c66c57edfdc5,5,2,3,0,2,2,4,2,6,5,0,0,4,0.016730806999930792,0.005548773000100482,0.005408729000009771,0.027688890000035826,1.3604338296254475,1.2927794510126114,0,0,0,0,0,2,2,0.0,0.0,0.0,0.9537218440071089,0,2,2,0.0,0.0,0.0,0.9537218440071089,0,0,0,0.0,0.0,0.0,0,0,0,0.0,0.0,0.0,0,0
Open Images,7546e007f40fb1a9,47,2,1,0,7,75,14,75,89,50,0,0,14,0.020603850999805218,0.009848328000089168,0.009376047999921866,0.039828805999832184,5.782237033483483,5.421829738306101,0,0,0,0,2,5,0,0.2857142857142857,1.0,0.4444444444444445,0.7303477867763056,2,5,0,0.2857142857142857,1.0,0.4444444444444445,0.7303477867763056,0,0,0,0.0,0.0,0.0,0,0,0,0.0,0.0,0.0,0,0
Open Images,75ed7924c47f984d,19,0,5,0,1,0,2,0,2,1,0,0,2,0.01617730200018741,0.00548505199981264,0.0055981560001328035,0.0272612180001488,0.497781507174174,0.4464497122168541,0,0,0,0,0,1,0,0.0,0.0,0.0,0.0,0,1,0,0.0,0.0,0.0,0.0,0,0,0,0.0,0.0,0.0,0,0,0,0.0,0.0,0.0,0,0
Open Images,793b05bcb9445b1f,38,1,2,0,6,48,12,48,60,37,0,0,12,0.020221889000140436,0.009262429000045813,0.008445036000011896,0.03792993199999728,5.417931077620886,5.310863026372097,0,0,0,0,1,5,0,0.16666666666666666,1.0,0.2857142857142857,0.9479942182770192,1,5,0,0.16666666666666666,1.0,0.2857142857142857,0.9479942182770192,0,0,0,0.0,0.0,0.0,0,0,0,0.0,0.0,0.0,0,0
Open Images,7a87225ae9d63bcd,57,20,6,0,16,460,32,460,492,257,0,0,32,0.028138911000041844,0.026976317000162453,0.026931039000146484,0.08204700600003889,12.664070472384285,11.611929951175842,0,0,0,0,10,6,10,0.625,0.5,0.5555555555555556,0.8127016881004663,10,6,10,0.625,0.5,0.5555555555555556,0.8127016881004663,0,0,0,0.0,0.0,0.0,0,0,0,0.0,0.0,0.0,0,0
Open Images,7a9767c9f102b469,16,1,1,0,3,10,6,10,16,10,0,0,6,0.02239378200010833,0.0060659200000827695,0.005905100999825663,0.03436540400002741,2.3237796974182134,2.1328388226032255,0,0,0,0,1,2,0,0.3333333333333333,1.0,0.5,0.9350423873571401,1,2,0,0.3333333333333333,1.0,0.5,0.9350423873571401,0,0,0,0.0,0.0,0.0,0,0,0,0.0,0.0,0.0,0,0
Open Images,7aff58e036d03b98,47,3,8,0,8,84,16,84,100,65,0,0,16,0.02045189599994046,0.010703625000132888,0.010573089999979857,0.04172939799991582,7.2004068311055525,7.061241315603259,0,0,0,0,3,5,0,0.375,1.0,0.5454545454545454,0.933787840578589,3,5,0,0.375,1.0,0.5454545454545454,0.933787840578589,0,0,0,0.0,0.0,0.0,0,0,0,0.0,0.0,0.0,0,0
Open Images,7b072d084f4d3198,13,0,1,0,2,4,4,4,8,5,0,0,4,0.01659722700014754,0.0054428050000296935,0.005559938000033071,0.027600691000088773,1.3799689420064287,1.3203727972507475,0,0,0,0,0,2,0,0.0,0.0,0.0,0.0,0,2,0,0.0,0.0,0.0,0.0,0,0,0,0.0,0.0,0.0,0,0,0,0.0,0.0,0.0,0,0
Open Images,7c888d0d5fd5b56e,49,0,4,0,5,34,10,34,44,26,0,0,10,0.02163554399999157,0.007320075000052384,0.0075267890001669,0.036483040000121036,4.287767823573744,4.101452703810528,0,0,0,0,0,5,0,0.0,0.0,0.0,0.0,0,5,0,0.0,0.0,0.0,0.0,0,0,0,0.0,0.0,0.0,0,0,0,0.0,0.0,0.0,0,0
Open Images,7d4c46b89378b7dc,30,3,6,0,6,51,12,51,63,37,0,0,12,0.019897630000059507,0.009819027000048663,0.009360533000062787,0.0390778579999278,5.433702051639559,5.330729147940876,0,0,0,0,3,3,0,0.5,1.0,0.6666666666666666,0.9207150866796813,3,3,0,0.5,1.0,0.6666666666666666,0.9207150866796813,0,0,0,0.0,0.0,0.0,0,0,0,0.0,0.0,0.0,0,0
Open Images,7f8ef92c55a63b32,26,13,3,0,13,273,26,273,299,170,0,0,26,0.017976466999925833,0.018776614999978847,0.01826145300015014,0.055015108999896256,10.321046554028701,9.469532564212592,0,0,0,0,3,10,10,0.23076923076923078,0.23076923076923078,0.23076923076923078,0.6825302910306619,3,10,10,0.23076923076923078,0.23076923076923078,0.23076923076923078,0.6825302910306619,0,0,0,0.0,0.0,0.0,0,0,0,0.0,0.0,0.0,0,0
Open Images,7ff76c84761e761e,6,3,1,0,5,28,10,28,38,26,0,0,10,0.018875072999890108,0.008163526000089405,0.008538191000070583,0.03557734900005016,3.7812652738889074,3.4307038660347478,0,0,0,0,3,2,0,0.6,1.0,0.7499999999999999,0.9236506900389908,3,2,0,0.6,1.0,0.7499999999999999,0.9236506900389908,0,0,0,0.0,0.0,0.0,0,0,0,0.0,0.0,0.0,0,0
Open Images,82b48c199a4d5a8c,28,0,1,0,8,104,16,104,120,65,0,0,16,0.02489175499999874,0.010886668000011923,0.010595122000040647,0.04637416400009897,5.909799729188285,5.205258784145119,0,0,0,0,0,8,0,0.0,0.0,0.0,0.0,0,8,0,0.0,0.0,0.0,0.0,0,0,0,0.0,0.0,0.0,0,0,0,0.0,0.0,0.0,0,0
Open Images,83c97587c5cb217a,10,1,1,0,3,15,6,15,21,10,0,0,6,0.0197982449999472,0.006319184999938443,0.006023747999961415,0.03214181099997404,2.587553174495697,2.5054188589751725,0,0,0,0,1,2,0,0.3333333333333333,1.0,0.5,0.9478839538934531,1,2,0,0.3333333333333333,1.0,0.5,0.9478839538934531,0,0,0,0.0,0.0,0.0,0,0,0,0.0,0.0,0.0,0,0
Open Images,8442ec11695b3d6f,17,1,1,0,4,18,8,18,26,17,0,0,8,0.019638020999991568,0.007239391999974032,0.006571130999873276,0.03344918899983895,3.0215871755282095,2.7298252187669285,0,0,0,0,0,4,1,0.0,0.0,0.0,0.0,0,4,1,0.0,0.0,0.0,0.0,0,0,0,0.0,0.0,0.0,0,0,0,0.0,0.0,0.0,0,0
Open Images,845d6ac4a4fb713c,10,0,2,0,2,4,4,4,8,5,0,0,4,0.0166245190000609,0.0059159590000490425,0.006203032000030362,0.02874410699996588,1.299738968213399,1.207047959268093,0,0,0,0,0,2,0,0.0,0.0,0.0,0.0,0,2,0,0.0,0.0,0.0,0.0,0,0,0,0.0,0.0,0.0,0,0,0,0.0,0.0,0.0,0,0
Open Images,857cfd128a025297,17,2,2,0,6,50,12,50,62,37,0,0,12,0.016245743999888873,0.008712954999964495,0.008201524000014615,0.03316089299983105,5.163930864334108,4.962052345871927,0,0,0,0,1,5,1,0.16666666666666666,0.5,0.25,0.9035436156870186,1,5,1,0.16666666666666666,0.5,0.25,0.9035436156870186,0,0,0,0.0,0.0,0.0,0,0,0,0.0,0.0,0.0,0,0
Open Images,85bcf3cd6540ec7d,8,1,2,0,2,4,4,4,8,5,0,0,4,0.016014223999945898,0.0057911809999495745,0.005432496999901559,0.027238408999892272,1.5476886065800985,1.540776823461056,0,0,0,0,1,1,0,0.5,1.0,0.6666666666666666,0.982594974616466,1,1,0,0.5,1.0,0.6666666666666666,0.982594974616466,0,0,0,0.0,0.0,0.0,0,0,0,0.0,0.0,0.0,0,0
Open Images,8671b9d2f05bd71e,5,0,1,0,1,0,2,0,2,1,0,0,2,0.01554595699985839,0.005678269999862096,0.005311118999998143,0.026535921000004237,0.5008217493693035,0.45074405431747444,0,0,0,0,0,1,0,0.0,0.0,0.0,0.0,0,1,0,0.0,0.0,0.0,0.0,0,0,0,0.0,0.0,0.0,0,0,0,0.0,0.0,0.0,0,0
Open Images,87ea34b7a6c3838c,32,7,1,0,8,98,16,98,114,65,0,0,16,0.01805857699991975,0.010740263000116101,0.010376455999903555,0.03917583299994476,6.372443102200828,5.879367548525336,0,0,0,0,1,7,6,0.125,0.14285714285714285,0.13333333333333333,0.9730091350777671,1,7,6,0.125,0.14285714285714285,0.13333333333333333,0.9730091350777671,0,0,0,0.0,0.0,0.0,0,0,0,0.0,0.0,0.0,0,0
Open Images,884273f6f4720bc5,8,0,2,0,2,4,4,4,8,5,0,0,4,0.020250958000133323,0.005540573000189397,0.005464397000196186,0.0312564860000748,1.1624892981847128,0.9966828003525735,0,0,0,0,0,2,0,0.0,0.0,0.0,0.0,0,2,0,0.0,0.0,0.0,0.0,0,0,0,0.0,0.0,0.0,0,0,0,0.0,0.0,0.0,0,0
Open Images,890a08ff48bf62d8,25,5,1,0,9,137,18,137,155,82,0,0,18,0.02075665300003493,0.012250540999957593,0.012367165000114255,0.045374983000101565,7.534506759643558,7.132115797996524,0,0,0,0,4,5,1,0.4444444444444444,0.8,0.5714285714285714,0.8708478955616511,4,5,1,0.4444444444444444,0.8,0.5714285714285714,0.8708478955616511,0,0,0,0.0,0.0,0.0,0,0,0,0.0,0.0,0.0,0,0
Open Images,8987951815d36f77,17,4,8,0,6,46,12,46,58,37,0,0,12,0.01941858600002888,0.008335199999919496,0.008141509000097358,0.035895873999834293,5.1981754732131975,5.010422855913641,0,0,0,0,3,3,1,0.5,0.75,0.6,0.7463455193643137,3,3,1,0.5,0.75,0.6,0.7463455193643137,0,0,0,0.0,0.0,0.0,0,0,0,0.0,0.0,0.0,0,0
Open Images,8c3a7ca22c0ac8d9,5,3,2,0,4,16,8,16,24,17,0,0,8,0.018931211999870357,0.0066075320000891224,0.0072472340000331315,0.03278653500001383,3.508310584227245,3.433822033554317,0,0,0,0,2,2,1,0.5,0.6666666666666666,0.5714285714285715,0.9604702956646642,2,2,1,0.5,0.6666666666666666,0.5714285714285715,0.9604702956646642,0,0,0,0.0,0.0,0.0,0,0,0,0.0,0.0,0.0,0,0
Open Images,8c676b9db5bde9f4,11,0,1,0,3,6,6,6,12,10,0,0,6,0.01840222500004529,0.005588156999920102,0.005531128000029639,0.02952206700001625,2.5445183658599855,2.47763219177723,0,0,0,0,0,3,0,0.0,0.0,0.0,0.0,0,3,0,0.0,0.0,0.0,0.0,0,0,0,0.0,0.0,0.0,0,0,0,0.0,0.0,0.0,0,0
Open Images,8d0b1e22cc02c96a,7,1,1,0,4,22,8,22,30,17,0,0,8,0.01893573799998194,0.0065914530000554805,0.006072521000078268,0.031600353000158066,3.734790250460308,3.720724562108518,0,0,0,0,1,3,0,0.25,1.0,0.4,0.9762619289050203,1,3,0,0.25,1.0,0.4,0.9762619289050203,0,0,0,0.0,0.0,0.0,0,0,0,0.0,0.0,0.0,0,0
Open Images,8e2b641bfa080a9a,12,0,1,0,1,0,2,0,2,1,0,0,2,0.014319166999939625,0.005920288999959666,0.0052890530000695435,0.02552904699996361,0.37670942942301433,0.2754354023933411,0,0,0,0,0,1,0,0.0,0.0,0.0,0.0,0,1,0,0.0,0.0,0.0,0.0,0,0,0,0.0,0.0,0.0,0,0,0,0.0,0.0,0.0,0,0
Open Images,9039a3d17b3cdd01,13,0,1,0,1,0,2,0,2,1,0,0,2,0.016437892999874748,0.005210067000007257,0.005476855000097203,0.02712539599997399,0.5826175371805826,0.5662806046009063,0,0,0,0,0,1,0,0.0,0.0,0.0,0.0,0,1,0,0.0,0.0,0.0,0.0,0,0,0,0.0,0.0,0.0,0,0,0,0.0,0.0,0.0,0,0
Open Images,90933aea042430bd,31,0,6,0,5,28,10,28,38,26,0,0,10,0.015328080000017508,0.0072751100001369196,0.00727843100003156,0.029882277000069735,4.257489364941915,4.086870394647123,0,0,0,0,0,5,0,0.0,0.0,0.0,0.0,0,5,0,0.0,0.0,0.0,0.0,0,0,0,0.0,0.0,0.0,0,0,0,0.0,0.0,0.0,0,0
Open Images,91271214e694cc03,12,1,1,0,2,2,4,2,6,5,0,0,4,0.016348303999848213,0.005689361999884568,0.0058393790000081935,0.02787762599996313,1.5412632354100544,1.5482009866833686,0,0,0,0,1,1,0,0.5,1.0,0.6666666666666666,0.9590498380984551,1,1,0,0.5,1.0,0.6666666666666666,0.9590498380984551,0,0,0,0.0,0.0,0.0,0,0,0,0.0,0.0,0.0,0,0
Open Images,91e09bc4c8db7631,10,2,2,0,4,23,8,23,31,17,0,0,8,0.016955541000015728,0.0071980780001013045,0.007032322999975804,0.03118653000001359,3.2379904715220142,3.0189948743581785,0,0,0,0,1,3,1,0.25,0.5,0.3333333333333333,0.7681974031442299,1,3,1,0.25,0.5,0.3333333333333333,0.7681974031442299,0,0,0,0.0,0.0,0.0,0,0,0,0.0,0.0,0.0,0,0
Open Images,9265227e8b79f7b5,23,1,2,0,4,23,8,23,31,17,0,0,8,0.019013323000081073,0.00726793099988754,0.006829706999951668,0.03311153900017416,3.1490592257181813,2.881004489660264,0,0,0,0,1,3,0,0.25,1.0,0.4,0.7922073555287867,1,3,0,0.25,1.0,0.4,0.7922073555287867,0,0,0,0.0,0.0,0.0,0,0,0,0.0,0.0,0.0,0,0
Open Images,935ddd7147973bbe,12,0,1,0,4,31,8,31,39,17,0,0,8,0.01677055800018934,0.0077268779998576065,0.008057073000145465,0.032555192000017996,3.203559667021919,2.9556025858728967,0,0,0,0,0,4,0,0.0,0.0,0.0,0.0,0,4,0,0.0,0.0,0.0,0.0,0,0,0,0.0,0.0,0.0,0,0,0,0.0,0.0,0.0,0,0
Open Images,940e335cf9bb61ce,10,0,1,0,7,81,14,81,95,50,0,0,14,0.017966274999935195,0.010531140000011874,0.009874244000002363,0.03837230799990721,5.71983444372813,5.3214744850993165,0,0,0,0,0,7,0,0.0,0.0,0.0,0.0,0,7,0,0.0,0.0,0.0,0.0,0,0,0,0.0,0.0,0.0,0,0,0,0.0,0.0,0.0,0,0
Open Images,976649e55a61ced7,9,0,4,0,4,22,8,22,30,17,0,0,8,0.016759646000082284,0.007159591000117871,0.007195628000090437,0.03111546500008444,3.5440434913012373,3.4390377146177475,0,0,0,0,0,4,0,0.0,0.0,0.0,0.0,0,4,0,0.0,0.0,0.0,0.0,0,0,0,0.0,0.0,0.0,0,0,0,0.0,0.0,0.0,0,0
Open Images,9795c20f42516f05,13,0,4,0,1,0,2,0,2,1,0,0,2,0.018729500000063126,0.00597713100000874,0.00677959099994041,0.03148681499988015,0.585890261332194,0.5709033274650575,0,0,0,0,0,1,0,0.0,0.0,0.0,0.0,0,1,0,0.0,0.0,0.0,0.0,0,0,0,0.0,0.0,0.0,0,0,0,0.0,0.0,0.0,0,0
Open Images,97b57bf58e7b224d,20,1,1,0,3,10,6,10,16,10,0,0,6,0.015003592000084609,0.0058231729999533854,0.005878936999806683,0.026706239000077403,2.5961862397193918,2.5176130636036405,0,0,0,0,1,2,0,0.3333333333333333,1.0,0.5,0.9792899599784916,1,2,0,0.3333333333333333,1.0,0.5,0.9792899599784916,0,0,0,0.0,0.0,0.0,0,0,0,0.0,0.0,0.0,0,0
Open Images,988888b4794b2981,10,1,7,0,3,12,6,12,18,10,0,0,6,0.016148345999908997,0.0063450830000419955,0.005682462999857307,0.028176456999972288,2.3341024589538577,2.1474197232723236,0,0,0,0,0,3,1,0.0,0.0,0.0,0.0,0,3,1,0.0,0.0,0.0,0.0,0,0,0,0.0,0.0,0.0,0,0,0,0.0,0.0,0.0,0,0
Open Images,98dd164dfd089339,45,2,1,0,15,332,30,332,362,226,0,0,30,0.025448431999848253,0.02294522700003654,0.022077516000081232,0.07047181699999783,12.446752595901492,11.751038041710856,0,0,0,0,2,13,0,0.13333333333333333,1.0,0.23529411764705882,0.6989853310331668,2,13,0,0.13333333333333333,1.0,0.23529411764705882,0.6989853310331668,0,0,0,0.0,0.0,0.0,0,0,0,0.0,0.0,0.0,0,0
Open Images,9998b5a9eff9472b,30,2,1,0,2,3,4,3,7,5,0,0,4,0.015475710000146137,0.005577097000013964,0.00588346399990769,0.02693683899997268,1.351058164437612,1.2630363239347937,0,0,0,0,0,2,2,0.0,0.0,0.0,0.0,0,2,2,0.0,0.0,0.0,0.0,0,0,0,0.0,0.0,0.0,0,0,0,0.0,0.0,0.0,0,0
Open Images,99b2f15e3e4a9d13,11,0,3,0,1,0,2,0,2,1,0,0,2,0.01648970500014002,0.005182627000067441,0.005844315000103961,0.027517097000099966,0.4483798662821452,0.3766698944568634,0,0,0,0,0,1,0,0.0,0.0,0.0,0.0,0,1,0,0.0,0.0,0.0,0.0,0,0,0,0.0,0.0,0.0,0,0,0,0.0,0.0,0.0,0,0
Open Images,9aa42339174d4689,24,0,2,0,3,10,6,10,16,10,0,0,6,0.01784226899985697,0.00590678300000036,0.0057137850001254264,0.029463417999977537,2.488413043022156,2.365383423268795,0,0,0,0,0,3,0,0.0,0.0,0.0,0.0,0,3,0,0.0,0.0,0.0,0.0,0,0,0,0.0,0.0,0.0,0,0,0,0.0,0.0,0.0,0,0
Open Images,9abee97e903a6145,10,0,2,0,1,0,2,0,2,1,0,0,2,0.019253001999913977,0.005299506000028487,0.0051603039999008615,0.02971332600009191,0.5132359425226847,0.4682791021466255,0,0,0,0,0,1,0,0.0,0.0,0.0,0.0,0,1,0,0.0,0.0,0.0,0.0,0,0,0,0.0,0.0,0.0,0,0,0,0.0,0.0,0.0,0,0
Open Images,9c1ff16b1dd2125b,8,0,2,0,1,0,2,0,2,1,0,0,2,0.019339018999971813,0.005583544000046459,0.005181324999966819,0.03010443499988469,0.5796619335810343,0.5621058145165443,0,0,0,0,0,1,0,0.0,0.0,0.0,0.0,0,1,0,0.0,0.0,0.0,0.0,0,0,0,0.0,0.0,0.0,0,0,0,0.0,0.0,0.0,0,0
Open Images,9d42af30c97b8e32,11,0,3,0,5,37,10,37,47,25,0,0,10,0.01969793600005687,0.008093669000118098,0.007823666999911438,0.03561589700007062,4.029426850953839,3.6910393693339243,0,0,0,0,0,5,0,0.0,0.0,0.0,0.0,0,5,0,0.0,0.0,0.0,0.0,0,0,0,0.0,0.0,0.0,0,0,0,0.0,0.0,0.0,0,0
Open Images,9db652b99ba0d220,28,0,1,0,2,2,4,2,6,5,0,0,4,0.014917988999968657,0.00595099600013782,0.005931954000061523,0.026801508000062313,1.4507993586858112,1.4204207608103752,0,0,0,0,0,2,0,0.0,0.0,0.0,0.0,0,2,0,0.0,0.0,0.0,0.0,0,0,0,0.0,0.0,0.0,0,0,0,0.0,0.0,0.0,0,0
Open Images,9e34df630c2d2301,10,0,1,0,1,0,2,0,2,1,0,0,2,0.016777226000158407,0.00555902199994307,0.0050953600000411825,0.02743214900010571,0.5820258299509684,0.5654448181390763,0,0,0,0,0,1,0,0.0,0.0,0.0,0.0,0,1,0,0.0,0.0,0.0,0.0,0,0,0,0.0,0.0,0.0,0,0,0,0.0,0.0,0.0,0,0
Open Images,9e525d25b1f5fca7,10,0,1,0,2,5,4,5,9,5,0,0,4,0.021196380999981557,0.005747925000150644,0.006175443000074665,0.033120306999990134,1.3592709024747212,1.2622618164122104,0,0,0,0,0,2,0,0.0,0.0,0.0,0.0,0,2,0,0.0,0.0,0.0,0.0,0,0,0,0.0,0.0,0.0,0,0,0,0.0,0.0,0.0,0,0
Open Images,9f791f1ac0364b02,16,0,7,0,3,13,6,13,19,10,0,0,6,0.017548193000038736,0.005956452999953399,0.006573346000095626,0.030078653999908056,2.25735386133194,2.039012329131365,0,0,0,0,0,3,0,0.0,0.0,0.0,0.0,0,3,0,0.0,0.0,0.0,0.0,0,0,0,0.0,0.0,0.0,0,0,0,0.0,0.0,0.0,0,0
Open Images,a03a6011b066cd73,16,2,2,0,11,174,22,174,196,122,0,0,22,0.01977297100006581,0.013973692000035953,0.014000502000044435,0.04774779200010926,8.562586143811547,7.819319594800476,0,0,0,0,1,10,1,0.09090909090909091,0.5,0.15384615384615385,0.9661368147589576,1,10,1,0.09090909090909091,0.5,0.15384615384615385,0.9661368147589576,0,0,0,0.0,0.0,0.0,0,0,0,0.0,0.0,0.0,0,0
Open Images,a144cb066f688185,41,1,2,0,7,80,14,80,94,50,0,0,14,0.023827481999887823,0.010490520000075776,0.009667008999940663,0.04398565799988319,5.611793363691819,5.1812589668248625,0,0,0,0,0,7,1,0.0,0.0,0.0,0.0,0,7,1,0.0,0.0,0.0,0.0,0,0,0,0.0,0.0,0.0,0,0,0,0.0,0.0,0.0,0,0
Open Images,a221ec1d89638d96,8,0,1,0,2,4,4,4,8,5,0,0,4,0.019172196999988955,0.005878739999843674,0.005717705000051865,0.030769217999932152,1.2396826775868734,1.1057184487581253,0,0,0,0,0,2,0,0.0,0.0,0.0,0.0,0,2,0,0.0,0.0,0.0,0.0,0,0,0,0.0,0.0,0.0,0,0,0,0.0,0.0,0.0,0,0
Open Images,a358a9eb26b043d3,5,0,2,0,4,27,8,27,35,17,0,0,8,0.0187534639999285,0.007557713000096555,0.007190309000179695,0.0335020310001255,3.2730471785676603,2.997280318668695,0,0,0,0,0,4,0,0.0,0.0,0.0,0.0,0,4,0,0.0,0.0,0.0,0.0,0,0,0,0.0,0.0,0.0,0,0,0,0.0,0.0,0.0,0,0
Open Images,a3e014e7509aba65,13,0,2,0,3,14,6,14,20,10,0,0,6,0.01781898900003398,0.00620640099987213,0.006002128999853085,0.03002807899997606,2.3304330801963813,2.1257367257773883,0,0,0,0,0,3,0,0.0,0.0,0.0,0.0,0,3,0,0.0,0.0,0.0,0.0,0,0,0,0.0,0.0,0.0,0,0,0,0.0,0.0,0.0,0,0
Open Images,a6a7dcf14dd9f0f1,13,0,1,0,1,0,2,0,2,1,0,0,2,0.018523711000170806,0.005223334999982399,0.005407809999951496,0.029155524000088917,0.6051945606867473,0.5981706503033638,0,0,0,0,0,1,0,0.0,0.0,0.0,0.0,0,1,0,0.0,0.0,0.0,0.0,0,0,0,0.0,0.0,0.0,0,0,0,0.0,0.0,0.0,0,0
Open Images,a6b74e491c688fbd,18,2,2,0,4,19,8,19,27,17,0,0,8,0.01787998399981916,0.006666403000053833,0.006853140999965035,0.03140015500002846,3.2537753269923813,3.0296560329052897,0,0,0,0,1,3,1,0.25,0.5,0.3333333333333333,0.9117000468218405,1,3,1,0.25,0.5,0.3333333333333333,0.9117000468218405,0,0,0,0.0,0.0,0.0,0,0,0,0.0,0.0,0.0,0,0
Open Images,a7f4ab4e7b501e74,9,2,5,0,8,101,16,101,117,65,0,0,16,0.01964349999980186,0.010668450999901324,0.010285699000178283,0.040598422999892136,6.614215892155968,6.23324661433697,0,0,0,0,2,6,0,0.25,1.0,0.4,0.7212813663764861,2,6,0,0.25,1.0,0.4,0.7212813663764861,0,0,0,0.0,0.0,0.0,0,0,0,0.0,0.0,0.0,0,0
Open Images,a80e58d34f5a2233,10,1,1,0,2,4,4,4,8,5,0,0,4,0.01535354600014216,0.0060179409999818745,0.0059135100000276,0.027285657999982504,1.5806558163960776,1.5873430073261265,0,0,0,0,1,1,0,0.5,1.0,0.6666666666666666,0.9850947420870974,1,1,0,0.5,1.0,0.6666666666666666,0.9850947420870974,0,0,0,0.0,0.0,0.0,0,0,0,0.0,0.0,0.0,0,0
Open Images,a83d31d69e28914b,10,1,2,0,11,205,22,205,227,122,0,0,22,0.01845075200003521,0.016028458999926443,0.01551741299999776,0.049997434000033536,9.480586336474115,9.042055934687946,0,0,0,0,1,10,0,0.09090909090909091,1.0,0.16666666666666669,0.9426847728673574,1,10,0,0.09090909090909091,1.0,0.16666666666666669,0.9426847728673574,0,0,0,0.0,0.0,0.0,0,0,0,0.0,0.0,0.0,0,0
Open Images,a8b14d4a442bf4a8,5,0,2,0,3,12,6,12,18,10,0,0,6,0.016255164000085642,0.006118402000083734,0.005956236999963949,0.028330434000054083,2.4438623499870307,2.30245556935668,0,0,0,0,0,3,0,0.0,0.0,0.0,0.0,0,3,0,0.0,0.0,0.0,0.0,0,0,0,0.0,0.0,0.0,0,0,0,0.0,0.0,0.0,0,0
Open Images,aa6c7c9bf1188b05,14,4,1,0,5,42,10,42,52,26,0,0,10,0.02475547199992434,0.008498735000102897,0.008485377999932098,0.04174020499999642,3.88495486577352,3.5441654145717636,0,0,0,0,1,4,3,0.2,0.25,0.22222222222222224,0.8859254064672858,1,4,3,0.2,0.25,0.22222222222222224,0.8859254064672858,0,0,0,0.0,0.0,0.0,0,0,0,0.0,0.0,0.0,0,0
Open Images,aacadd9f833b7c46,38,4,2,0,9,120,18,120,138,82,0,0,18,0.018644395000137592,0.01129611900000782,0.011370725999995557,0.04131190200018864,7.8980106484386985,7.6455725286398,0,0,0,0,1,8,3,0.1111111111111111,0.25,0.15384615384615383,0.8917958816158086,1,8,3,0.1111111111111111,0.25,0.15384615384615383,0.8917958816158086,0,0,0,0.0,0.0,0.0,0,0,0,0.0,0.0,0.0,0,0
Open Images,abf1d637ed2122e8,12,0,2,0,2,4,4,4,8,5,0,0,4,0.01734028999999282,0.005917925999938234,0.005621589000156746,0.028880307999997967,1.4380087407430016,1.3858540129661563,0,0,0,0,0,2,0,0.0,0.0,0.0,0.0,0,2,0,0.0,0.0,0.0,0.0,0,0,0,0.0,0.0,0.0,0,0,0,0.0,0.0,0.0,0,0
Open Images,ad20808830930976,8,0,1,0,0,0,0,0,0,0,0,0,1,0.018518907000043328,0.0041492610000659624,0.003935282000156803,0.026603941000075793,,,0,0,0,0,0,0,0,0.0,0.0,0.0,0.0,0,0,0,0.0,0.0,0.0,0.0,0,0,0,0.0,0.0,0.0,0,0,0,0.0,0.0,0.0,0,0
Open Images,ad6aca201fa51896,45,2,2,0,17,480,34,480,514,290,0,0,34,0.02190175700002328,0.026255812000044898,0.02713433700000678,0.07529273599993758,13.587470219930019,12.584968352317816,0,0,0,0,1,16,1,0.058823529411764705,0.5,0.10526315789473684,0.6153343011269216,1,16,1,0.058823529411764705,0.5,0.10526315789473684,0.6153343011269216,0,0,0,0.0,0.0,0.0,0,0,0,0.0,0.0,0.0,0,0
Open Images,ae3dd169da01729f,10,0,1,0,4,26,8,26,34,17,0,0,8,0.018375063000121372,0.0069685739999840735,0.006467919999977312,0.03181212000004052,3.2000162092844655,2.9653562289476403,0,0,0,0,0,4,0,0.0,0.0,0.0,0.0,0,4,0,0.0,0.0,0.0,0.0,0,0,0,0.0,0.0,0.0,0,0,0,0.0,0.0,0.0,0,0
Open Images,aecc6fdf5a5f66b9,18,0,5,0,4,17,8,17,25,17,0,0,8,0.020350428000028842,0.0070373440000821574,0.006258541999841327,0.033646900000121605,3.5350899998346974,3.455147958099843,0,0,0,0,0,4,0,0.0,0.0,0.0,0.0,0,4,0,0.0,0.0,0.0,0.0,0,0,0,0.0,0.0,0.0,0,0,0,0.0,0.0,0.0,0,0
Open Images,b1b9df89276a198b,10,1,3,0,3,12,6,12,18,10,0,0,6,0.05813832600006208,0.006377297999961229,0.006037014999947132,0.07055318100015029,2.4417875790596018,2.2500249554216865,0,0,0,0,0,3,1,0.0,0.0,0.0,0.9315693441688653,0,3,1,0.0,0.0,0.0,0.9315693441688653,0,0,0,0.0,0.0,0.0,0,0,0,0.0,0.0,0.0,0,0
Open Images,b379c09ba49595b4,20,0,1,0,9,129,18,129,147,82,0,0,18,0.023192596999933812,0.012295113000163838,0.011523353000029601,0.04701164399989466,7.633874008655551,7.272472037225965,0,0,0,0,0,9,0,0.0,0.0,0.0,0.0,0,9,0,0.0,0.0,0.0,0.0,0,0,0,0.0,0.0,0.0,0,0,0,0.0,0.0,0.0,0,0
Open Images,b4068aa9b3b58fa8,16,0,1,0,3,10,6,10,16,10,0,0,6,0.025186019000102533,0.006066356000019368,0.006330856999966272,0.03758385200012526,2.5905633163452153,2.5096706843376166,0,0,0,0,0,3,0,0.0,0.0,0.0,0.0,0,3,0,0.0,0.0,0.0,0.0,0,0,0,0.0,0.0,0.0,0,0,0,0.0,0.0,0.0,0,0
Open Images,b432735a2d626bc2,21,0,6,0,3,10,6,10,16,10,0,0,6,0.020036409000113053,0.005791703999875608,0.005814665999878343,0.03164337700013675,2.3020499976835485,2.1109120292327637,0,0,0,0,0,3,0,0.0,0.0,0.0,0.0,0,3,0,0.0,0.0,0.0,0.0,0,0,0,0.0,0.0,0.0,0,0,0,0.0,0.0,0.0,0,0
Open Images,b4bf8713c7f34283,10,0,2,0,2,2,4,2,6,5,0,0,4,0.01701010600004338,0.005557511000006343,0.005455660000052376,0.028023817000075724,1.2221609719594317,1.0974690395593643,0,0,0,0,0,2,0,0.0,0.0,0.0,0.0,0,2,0,0.0,0.0,0.0,0.0,0,0,0,0.0,0.0,0.0,0,0,0,0.0,0.0,0.0,0,0
Open Images,b6d6e570eccdb5ec,10,0,3,0,1,0,2,0,2,1,0,0,2,0.014426694999883694,0.005411923000110619,0.0052775080000628805,0.025116690000004382,0.6086383740107218,0.603035036623478,0,0,0,0,0,1,0,0.0,0.0,0.0,0.0,0,1,0,0.0,0.0,0.0,0.0,0,0,0,0.0,0.0,0.0,0,0,0,0.0,0.0,0.0,0,0
Open Images,b6ebb2fdb29dc778,40,1,4,0,8,82,16,82,98,65,0,0,16,0.016466078999883393,0.009628240999973059,0.00993857699995715,0.03603355499990357,6.685861068566642,6.334445426017048,0,0,0,0,0,8,1,0.0,0.0,0.0,0.0,0,8,1,0.0,0.0,0.0,0.0,0,0,0,0.0,0.0,0.0,0,0,0,0.0,0.0,0.0,0,0
Open Images,b7904a8837396983,19,3,10,0,5,40,10,40,50,26,0,0,10,0.02043554499982747,0.0075943449999158474,0.007912135999958991,0.035942667999961486,4.290394254525504,4.11684855118394,0,0,0,0,0,5,3,0.0,0.0,0.0,0.0,0,5,3,0.0,0.0,0.0,0.0,0,0,0,0.0,0.0,0.0,0,0,0,0.0,0.0,0.0,0,0
Open Images,b793c3cd82e1b00e,7,1,3,0,3,11,6,11,17,10,0,0,6,0.015309964999914882,0.006119760000046881,0.005998932000011337,0.02742928799989386,2.6099674201011664,2.5205789808928976,0,0,0,0,1,2,0,0.3333333333333333,1.0,0.5,0.6380185645318528,1,2,0,0.3333333333333333,1.0,0.5,0.6380185645318528,0,0,0,0.0,0.0,0.0,0,0,0,0.0,0.0,0.0,0,0
Open Images,b7d604c0f497cecf,13,0,2,0,2,5,4,5,9,5,0,0,4,0.021541009999964444,0.006035273000179586,0.00557436099984443,0.03315119199987748,1.2768352301915487,1.158196429312229,0,0,0,0,0,2,0,0.0,0.0,0.0,0.0,0,2,0,0.0,0.0,0.0,0.0,0,0,0,0.0,0.0,0.0,0,0,0,0.0,0.0,0.0,0,0
Open Images,b809013feee5805a,18,0,4,0,4,20,8,20,28,17,0,0,8,0.019001112000069043,0.007141497000020536,0.006591846999981499,0.03273500699992837,3.5978413550059014,3.5272842472791686,0,0,0,0,0,4,0,0.0,0.0,0.0,0.0,0,4,0,0.0,0.0,0.0,0.0,0,0,0,0.0,0.0,0.0,0,0,0,0.0,0.0,0.0,0,0
Open Images,b8d6dcbc1ee43a28,35,0,1,0,4,20,8,20,28,17,0,0,8,0.018653309000001173,0.007299811999928352,0.007083028000124614,0.03303676199993788,3.010934009043477,2.734469697016579,0,0,0,0,0,4,0,0.0,0.0,0.0,0.0,0,4,0,0.0,0.0,0.0,0.0,0,0,0,0.0,0.0,0.0,0,0,0,0.0,0.0,0.0,0,0
Open Images,ba2ce56c4a558b46,22,2,6,0,6,56,12,56,68,37,0,0,12,0.015007184000069174,0.00837348999993992,0.008629326000118454,0.032010568000032436,5.0988620153743724,4.866083521463344,0,0,0,0,2,4,0,0.3333333333333333,1.0,0.5,0.9574749967276619,2,4,0,0.3333333333333333,1.0,0.5,0.9574749967276619,0,0,0,0.0,0.0,0.0,0,0,0,0.0,0.0,0.0,0,0
Open Images,bb5aca7adfb2d415,21,2,2,0,3,12,6,12,18,10,0,0,6,0.020196848999830763,0.00626383300004818,0.006133912999985114,0.03259516599996459,2.6090494728088385,2.519282380342484,0,0,0,0,1,2,1,0.3333333333333333,0.5,0.4,0.9467081403821986,1,2,1,0.3333333333333333,0.5,0.4,0.9467081403821986,0,0,0,0.0,0.0,0.0,0,0,0,0.0,0.0,0.0,0,0
Open Images,bb872dbf60de40a0,12,0,2,0,13,293,26,293,319,170,0,0,26,0.01778579400001945,0.01904751799997939,0.019881310000073427,0.05671535800001948,10.34525156498471,9.52659070080041,0,0,0,0,0,13,0,0.0,0.0,0.0,0.0,0,13,0,0.0,0.0,0.0,0.0,0,0,0,0.0,0.0,0.0,0,0,0,0.0,0.0,0.0,0,0
Open Images,bd5c58974539e9ec,34,5,6,0,5,32,10,32,42,26,0,0,10,0.02080951399989317,0.007512093000059394,0.0074089900001581555,0.03573114200003147,4.3405692776044225,4.187720771282913,0,0,0,0,3,2,2,0.6,0.6,0.6,0.8084910203078083,3,2,2,0.6,0.6,0.6,0.8084910203078083,0,0,0,0.0,0.0,0.0,0,0,0,0.0,0.0,0.0,0,0
Open Images,be836aa24cb54cb3,8,1,2,0,4,26,8,26,34,17,0,0,8,0.017724817000043913,0.007036805999860007,0.00747109899998577,0.032233410000117146,3.333680381081388,3.1403761933265986,0,0,0,0,1,3,0,0.25,1.0,0.4,0.5329218691262599,1,3,0,0.25,1.0,0.4,0.5329218691262599,0,0,0,0.0,0.0,0.0,0,0,0,0.0,0.0,0.0,0,0
Open Images,c09a331e62a12d04,47,1,40,0,2,6,4,6,10,5,0,0,4,0.01701580400003877,0.00634462099992561,0.005775295999910668,0.029136324000091918,1.3552859505017598,1.2360080717504025,0,0,0,0,0,2,1,0.0,0.0,0.0,0.8344733905322658,0,2,1,0.0,0.0,0.0,0.8344733905322658,0,0,0,0.0,0.0,0.0,0,0,0,0.0,0.0,0.0,0,0
Open Images,c10217d15b7b93a5,28,0,2,0,4,18,8,18,26,17,0,0,8,0.020567015999858995,0.00730955900007757,0.006977555999810647,0.034854707000022245,3.6324670855204273,3.5926930916309368,0,0,0,0,0,4,0,0.0,0.0,0.0,0.0,0,4,0,0.0,0.0,0.0,0.0,0,0,0,0.0,0.0,0.0,0,0,0,0.0,0.0,0.0,0,0
Open Images,c160e483b6c16f12,11,0,1,0,2,4,4,4,8,5,0,0,4,0.018042352000065875,0.005895215999998982,0.00571445099990342,0.02965256600009525,1.49038582166036,1.459836639761925,0,0,0,0,0,2,0,0.0,0.0,0.0,0.0,0,2,0,0.0,0.0,0.0,0.0,0,0,0,0.0,0.0,0.0,0,0,0,0.0,0.0,0.0,0,0
Open Images,c479beacc67d4b7d,4,1,1,0,1,0,2,0,2,1,0,0,2,0.01937972800010357,0.005434288999822456,0.005136290000109511,0.029950885000062044,0.45695521036783854,0.3887825679779053,0,0,0,0,1,0,0,1.0,1.0,1.0,0.8570284438472607,1,0,0,1.0,1.0,1.0,0.8570284438472607,0,0,0,0.0,0.0,0.0,0,0,0,0.0,0.0,0.0,0,0
Open Images,c4a79ad7987f24b9,22,4,7,0,5,34,10,34,44,26,0,0,10,0.02276266100011526,0.00821600699987357,0.007331629999953293,0.03831080000009024,4.087061115105948,3.829640491753818,0,0,0,0,0,5,4,0.0,0.0,0.0,0.0,0,5,4,0.0,0.0,0.0,0.0,0,0,0,0.0,0.0,0.0,0,0,0,0.0,0.0,0.0,0,0
Open Images,c506cdf48321ee2e,5,0,1,0,4,25,8,25,33,17,0,0,8,0.01733702399997128,0.007239705999836588,0.006757895999953689,0.03133520699998371,3.235593005816143,3.0156084540486345,0,0,0,0,0,4,0,0.0,0.0,0.0,0.0,0,4,0,0.0,0.0,0.0,0.0,0,0,0,0.0,0.0,0.0,0,0,0,0.0,0.0,0.0,0,0
Open Images,c5398214bb3f6dda,17,1,2,0,3,12,6,12,18,10,0,0,6,0.024241858000095817,0.006158549000019775,0.0058702359999642795,0.03627120300006936,2.273373742103577,2.061640410721302,0,0,0,0,0,3,1,0.0,0.0,0.0,0.0,0,3,1,0.0,0.0,0.0,0.0,0,0,0,0.0,0.0,0.0,0,0,0,0.0,0.0,0.0,0,0
Open Images,c705061238b1fe30,34,0,1,0,20,691,40,691,731,401,0,0,40,0.020054856999877302,0.03595947099984187,0.04032080899992252,0.09633592699992732,16.078878913351122,14.929680724519711,0,0,0,0,0,20,0,0.0,0.0,0.0,0.0,0,20,0,0.0,0.0,0.0,0.0,0,0,0,0.0,0.0,0.0,0,0,0,0.0,0.0,0.0,0,0
Open Images,c7a6a5f2a8f674ce,24,0,1,0,10,155,20,155,175,101,0,0,20,0.01655725899991012,0.014362606000076994,0.014326676999871779,0.045247216999996454,8.8439592757571,8.580751935417283,0,0,0,0,0,10,0,0.0,0.0,0.0,0.0,0,10,0,0.0,0.0,0.0,0.0,0,0,0,0.0,0.0,0.0,0,0,0,0.0,0.0,0.0,0,0
Open Images,c7e7654a5c583b13,6,0,1,0,2,4,4,4,8,5,0,0,4,0.019298483000056876,0.005718290999993769,0.0054697509999641625,0.030487085999993724,1.4377448590596518,1.3854812800884249,0,0,0,0,0,2,0,0.0,0.0,0.0,0.0,0,2,0,0.0,0.0,0.0,0.0,0,0,0,0.0,0.0,0.0,0,0,0,0.0,0.0,0.0,0,0
Open Images,c864c741b7fa44f4,8,2,1,0,6,53,12,53,65,37,0,0,12,0.01797873600003186,0.008203051999998934,0.00798522100012633,0.03416762599999856,5.222564690113069,5.020122624784709,0,0,0,0,2,4,0,0.3333333333333333,1.0,0.5,0.9398077433315881,2,4,0,0.3333333333333333,1.0,0.5,0.9398077433315881,0,0,0,0.0,0.0,0.0,0,0,0,0.0,0.0,0.0,0,0
Open Images,c8a4a4786eea0ec5,8,3,2,0,5,37,10,37,47,25,0,0,10,0.020429099000011774,0.007369204000042373,0.007537056000046505,0.035335924000037267,4.209316297372184,4.002325936704875,0,0,0,0,3,2,0,0.6,1.0,0.7499999999999999,0.9108217237091165,3,2,0,0.6,1.0,0.7499999999999999,0.9108217237091165,0,0,0,0.0,0.0,0.0,0,0,0,0.0,0.0,0.0,0,0
Open Images,c9beadfaec7b5043,21,1,1,0,3,14,6,14,20,10,0,0,6,0.020805877000157125,0.0063874200000100245,0.006063893999908032,0.0332576920000065,2.593978986740113,2.4979953187704096,0,0,0,0,1,2,0,0.3333333333333333,1.0,0.5,0.9546786715586454,1,2,0,0.3333333333333333,1.0,0.5,0.9546786715586454,0,0,0,0.0,0.0,0.0,0,0,0,0.0,0.0,0.0,0,0
Open Images,ca3ef34d7304dd6c,13,0,4,0,1,0,2,0,2,1,0,0,2,0.020673817000215422,0.005201357000032658,0.005098930000031032,0.030974707000041235,0.612282148996989,0.6081818687915802,0,0,0,0,0,1,0,0.0,0.0,0.0,0.0,0,1,0,0.0,0.0,0.0,0.0,0,0,0,0.0,0.0,0.0,0,0,0,0.0,0.0,0.0,0,0
Open Images,cca11bfdbfa9f92f,11,0,8,0,0,0,0,0,0,0,0,0,1,0.018955989000005502,0.00428747699993437,0.003984905000152139,0.02722883000001275,,,0,0,0,0,0,0,0,0.0,0.0,0.0,0.0,0,0,0,0.0,0.0,0.0,0.0,0,0,0,0.0,0.0,0.0,0,0,0,0.0,0.0,0.0,0,0
Open Images,cdb2b707ef94db2c,20,0,11,0,2,4,4,4,8,5,0,0,4,0.018026968999947712,0.006247977000157334,0.00542575500003295,0.029701279999926555,1.2779594691594443,1.1597844168543818,0,0,0,0,0,2,0,0.0,0.0,0.0,0.0,0,2,0,0.0,0.0,0.0,0.0,0,0,0,0.0,0.0,0.0,0,0,0,0.0,0.0,0.0,0,0
Open Images,cddd3bc1bdb5ccb8,55,2,2,0,7,68,14,68,82,50,0,0,14,0.0187938619999386,0.00893059899999571,0.00914989400007471,0.036874989999887475,5.9783631030718505,5.723771216422321,0,0,0,0,2,5,0,0.2857142857142857,1.0,0.4444444444444445,0.788107777537812,2,5,0,0.2857142857142857,1.0,0.4444444444444445,0.788107777537812,0,0,0,0.0,0.0,0.0,0,0,0,0.0,0.0,0.0,0,0
Open Images,ce7aa02b052cb75a,27,0,1,0,9,115,18,115,133,82,0,0,18,0.02019965899989984,0.011642629000107263,0.011394586000051277,0.04323755999985224,7.13356492996216,6.578160463571551,0,0,0,0,0,9,0,0.0,0.0,0.0,0.0,0,9,0,0.0,0.0,0.0,0.0,0,0,0,0.0,0.0,0.0,0,0,0,0.0,0.0,0.0,0,0
Open Images,cf97377cb331bb4d,12,0,1,0,1,0,2,0,2,1,0,0,2,0.01832179100006215,0.005696016000001691,0.005472843000006833,0.029491215000007287,0.6415885845820108,0.6495772090554237,0,0,0,0,0,1,0,0.0,0.0,0.0,0.0,0,1,0,0.0,0.0,0.0,0.0,0,0,0,0.0,0.0,0.0,0,0,0,0.0,0.0,0.0,0,0
Open Images,d0d5130bf995f3dd,11,0,1,0,5,36,10,36,46,26,0,0,10,0.024938424000083614,0.00790324500007955,0.007402129999945828,0.04024444600008792,4.463798445065818,4.3370319703221325,0,0,0,0,0,5,0,0.0,0.0,0.0,0.0,0,5,0,0.0,0.0,0.0,0.0,0,0,0,0.0,0.0,0.0,0,0,0,0.0,0.0,0.0,0,0
Open Images,d1a9733014ce4e89,22,9,1,0,6,56,12,56,68,37,0,0,12,0.037600154000074326,0.008334968999861303,0.00824551200003043,0.05418121700017764,5.330303592681886,5.197053824663164,0,0,0,0,5,1,4,0.8333333333333334,0.5555555555555556,0.6666666666666667,0.8579107723676322,5,1,4,0.8333333333333334,0.5555555555555556,0.6666666666666667,0.8579107723676322,0,0,0,0.0,0.0,0.0,0,0,0,0.0,0.0,0.0,0,0
Open Images,d1ef645e3687eb31,21,0,9,0,6,56,12,56,68,37,0,0,12,0.017458319000070333,0.009133122999855914,0.008581865999985894,0.03517386399994393,4.975363973021352,4.687597884028996,0,0,0,0,0,6,0,0.0,0.0,0.0,0.0,0,6,0,0.0,0.0,0.0,0.0,0,0,0,0.0,0.0,0.0,0,0,0,0.0,0.0,0.0,0,0
Open Images,d29f095f98aec84f,3,0,1,0,11,209,22,209,231,122,0,0,22,0.017457045000128346,0.015926223999940703,0.016556424000100378,0.0499403540000003,8.690324049858011,7.905267070599156,0,0,0,0,0,11,0,0.0,0.0,0.0,0.0,0,11,0,0.0,0.0,0.0,0.0,0,0,0,0.0,0.0,0.0,0,0,0,0.0,0.0,0.0,0,0
Open Images,d2d5e5cc2b420898,68,10,2,0,15,366,30,366,396,226,0,0,30,0.01956458799986649,0.024445946000014374,0.02417477099993448,0.06818608099979429,12.13721514877925,11.301204136135674,0,0,0,0,6,9,4,0.4,0.6,0.48,0.7905923475353515,6,9,4,0.4,0.6,0.48,0.7905923475353515,0,0,0,0.0,0.0,0.0,0,0,0,0.0,0.0,0.0,0,0
Open Images,d2fd5a5b75deb8e6,22,1,3,0,10,173,20,173,193,101,0,0,20,0.021310504999974,0.015559308999854693,0.015538239000079557,0.052408866999940074,9.00402994439661,8.749057273622945,0,0,0,0,1,9,0,0.1,1.0,0.18181818181818182,0.7266174791571047,1,9,0,0.1,1.0,0.18181818181818182,0.7266174791571047,0,0,0,0.0,0.0,0.0,0,0,0,0.0,0.0,0.0,0,0
Open Images,d32f37b94e40e78a,39,1,3,0,4,19,8,19,27,17,0,0,8,0.016766884000162463,0.007743470999912461,0.00770537600010357,0.032216285000004063,3.561193591753643,3.4920192816853537,0,0,0,0,1,3,0,0.25,1.0,0.4,0.9500045925959172,1,3,0,0.25,1.0,0.4,0.9500045925959172,0,0,0,0.0,0.0,0.0,0,0,0,0.0,0.0,0.0,0,0
Open Images,d44801d0b7da712e,7,1,2,0,5,37,10,37,47,26,0,0,10,0.021230231000117783,0.009449928999856638,0.00905990399996881,0.03974076400004378,4.268776495540458,4.009168782417296,0,0,0,0,1,4,0,0.2,1.0,0.33333333333333337,0.9351238762362307,1,4,0,0.2,1.0,0.33333333333333337,0.9351238762362307,0,0,0,0.0,0.0,0.0,0,0,0,0.0,0.0,0.0,0,0
Open Images,d4a83afb84b0f902,5,0,4,0,3,12,6,12,18,10,0,0,6,0.017728183999906832,0.007258145000150762,0.0066402500001458975,0.03162715400003435,2.4237831697721575,2.279550334598551,0,0,0,0,0,3,0,0.0,0.0,0.0,0.0,0,3,0,0.0,0.0,0.0,0.0,0,0,0,0.0,0.0,0.0,0,0,0,0.0,0.0,0.0,0,0
Open Images,d4c9a417b5e7ba37,9,0,2,0,4,21,8,21,29,17,0,0,8,0.019913703999918653,0.007123387000092407,0.007525876000045173,0.03456354099989767,3.4705602304140735,3.335124658793212,0,0,0,0,0,4,0,0.0,0.0,0.0,0.0,0,4,0,0.0,0.0,0.0,0.0,0,0,0,0.0,0.0,0.0,0,0,0,0.0,0.0,0.0,0,0
Open Images,d5a1e51d937f330f,24,7,2,0,11,203,22,203,225,122,0,0,22,0.018730388999983916,0.014994093000041175,0.014644275999899037,0.04836938500011456,8.549361068241328,7.780930917146336,0,0,0,0,3,8,4,0.2727272727272727,0.42857142857142855,0.33333333333333326,0.804982075650256,3,8,4,0.2727272727272727,0.42857142857142855,0.33333333333333326,0.804982075650256,0,0,0,0.0,0.0,0.0,0,0,0,0.0,0.0,0.0,0,0
Open Images,d6bdc197b5645e29,4,0,2,0,4,20,8,20,28,17,0,0,8,0.014263565999954153,0.006857785999955013,0.006598023999913494,0.027719975999843882,3.2561595952964195,2.9940992280300827,0,0,0,0,0,4,0,0.0,0.0,0.0,0.0,0,4,0,0.0,0.0,0.0,0.0,0,0,0,0.0,0.0,0.0,0,0,0,0.0,0.0,0.0,0,0
Open Images,d7f48eef89b429ff,9,1,3,0,3,9,6,9,15,10,0,0,6,0.01724687199998698,0.00587541599998076,0.005539917999840327,0.028662828000051377,2.621569908874614,2.5394516289406845,0,0,0,0,1,2,0,0.3333333333333333,1.0,0.5,0.8676710375603031,1,2,0,0.3333333333333333,1.0,0.5,0.8676710375603031,0,0,0,0.0,0.0,0.0,0,0,0,0.0,0.0,0.0,0,0
Open Images,d8241d4c97b7bdc7,5,0,2,0,1,0,2,0,2,1,0,0,2,0.015832036999881893,0.005284438999979102,0.005091273000061847,0.026208361000044533,0.5648168961207072,0.5411371991038323,0,0,0,0,0,1,0,0.0,0.0,0.0,0.0,0,1,0,0.0,0.0,0.0,0.0,0,0,0,0.0,0.0,0.0,0,0,0,0.0,0.0,0.0,0,0
Open Images,d92f7bdf1bfbcb31,9,1,1,0,2,2,4,2,6,5,0,0,4,0.0168537170000036,0.005909291000079975,0.005595463999952699,0.028359098999999333,1.5245834477742513,1.5246407866477965,0,0,0,0,1,1,0,0.5,1.0,0.6666666666666666,0.8427567838960937,1,1,0,0.5,1.0,0.6666666666666666,0.8427567838960937,0,0,0,0.0,0.0,0.0,0,0,0,0.0,0.0,0.0,0,0
Open Images,d9e9a8b9befb3f51,18,2,1,0,3,11,6,11,17,10,0,0,6,0.01832108899998275,0.00601221700003407,0.005707847999929072,0.030041672000152175,2.6418322638701945,2.5599368495773818,0,0,0,0,1,2,1,0.3333333333333333,0.5,0.4,0.5861688015857311,1,2,1,0.3333333333333333,0.5,0.4,0.5861688015857311,0,0,0,0.0,0.0,0.0,0,0,0,0.0,0.0,0.0,0,0
Open Images,dabd65b40c5f53fc,29,11,5,0,15,389,30,389,419,226,0,0,30,0.019757550999884188,0.024134631999913836,0.02410232400006862,0.06799518499997248,12.33690723152169,11.545809374314631,0,0,0,0,3,12,8,0.2,0.2727272727272727,0.23076923076923075,0.9381638459012694,3,12,8,0.2,0.2727272727272727,0.23076923076923075,0.9381638459012694,0,0,0,0.0,0.0,0.0,0,0,0,0.0,0.0,0.0,0,0
Open Images,db73cb1e1bbecd08,3,1,2,0,0,0,0,0,0,0,0,0,1,0.02430021800000759,0.004744714000025851,0.004275020000022778,0.03332035000016731,,,0,0,0,0,0,0,1,0.0,0.0,0.0,0.0,0,0,1,0.0,0.0,0.0,0.0,0,0,0,0.0,0.0,0.0,0,0,0,0.0,0.0,0.0,0,0
Open Images,db9455699be59212,26,0,2,0,2,4,4,4,8,5,0,0,4,0.01562898499992116,0.006272551000165549,0.005504027000142742,0.02740613800006031,1.4472813876469934,1.3989516267180448,0,0,0,0,0,2,0,0.0,0.0,0.0,0.0,0,2,0,0.0,0.0,0.0,0.0,0,0,0,0.0,0.0,0.0,0,0,0,0.0,0.0,0.0,0,0
Open Images,dd1160459778fdd6,14,1,1,0,1,0,2,0,2,1,0,0,2,0.024055667000084213,0.005778949000159628,0.0055964270000004035,0.03543159000014384,0.5929556290308635,0.5808831593394279,0,0,0,0,0,1,1,0.0,0.0,0.0,0.5421153439530689,0,1,1,0.0,0.0,0.0,0.5421153439530689,0,0,0,0.0,0.0,0.0,0,0,0,0.0,0.0,0.0,0,0
Open Images,dd424886ee4db1df,44,0,1,0,6,48,12,48,60,37,0,0,12,0.02590961500004596,0.00933026300003803,0.008675949000007677,0.0439164530000653,5.3407501411438005,5.211809574365618,0,0,0,0,0,6,0,0.0,0.0,0.0,0.0,0,6,0,0.0,0.0,0.0,0.0,0,0,0,0.0,0.0,0.0,0,0,0,0.0,0.0,0.0,0,0
Open Images,dd5cce09d5f254cc,13,0,3,0,2,8,4,8,12,5,0,0,4,0.01995657400016171,0.006721284000150263,0.0056105720000232395,0.032289033000097334,1.1703201206525167,1.0077438370883467,0,0,0,0,0,2,0,0.0,0.0,0.0,0.0,0,2,0,0.0,0.0,0.0,0.0,0,0,0,0.0,0.0,0.0,0,0,0,0.0,0.0,0.0,0,0
Open Images,dd7c6dbfee84e796,25,1,1,0,13,286,26,286,312,170,0,0,26,0.02115044999982274,0.018954690999862578,0.018343489000017144,0.05844953599989822,11.169107383886978,10.711322513073686,0,0,0,0,1,12,0,0.07692307692307693,1.0,0.14285714285714288,0.5778950859962058,1,12,0,0.07692307692307693,1.0,0.14285714285714288,0.5778950859962058,0,0,0,0.0,0.0,0.0,0,0,0,0.0,0.0,0.0,0,0
Open Images,ddebe5a86b2713c4,8,0,2,0,4,28,8,28,36,17,0,0,8,0.020228507999945577,0.00814215300010801,0.007658303999960481,0.03602957099997184,3.4527778355280567,3.3223820260167134,0,0,0,0,0,4,0,0.0,0.0,0.0,0.0,0,4,0,0.0,0.0,0.0,0.0,0,0,0,0.0,0.0,0.0,0,0,0,0.0,0.0,0.0,0,0
Open Images,de578e711d5d2712,8,0,8,0,3,10,6,10,16,10,0,0,6,0.018861889999925552,0.006481263000068793,0.005741825000086465,0.031085621000102037,2.6471933746337895,2.622660641670228,0,0,0,0,0,3,0,0.0,0.0,0.0,0.0,0,3,0,0.0,0.0,0.0,0.0,0,0,0,0.0,0.0,0.0,0,0,0,0.0,0.0,0.0,0,0
Open Images,df0179678dcd6762,23,3,2,0,14,365,28,365,393,197,0,0,28,0.02238063599997986,0.023679327000081685,0.021679737000113164,0.06774034700015363,11.706070436225621,11.02179838084806,0,0,0,0,2,12,1,0.14285714285714285,0.6666666666666666,0.23529411764705882,0.8114570350191226,2,12,1,0.14285714285714285,0.6666666666666666,0.23529411764705882,0.8114570350191226,0,0,0,0.0,0.0,0.0,0,0,0,0.0,0.0,0.0,0,0
Open Images,df01a6bc5ed9029e,38,0,2,0,15,392,30,392,422,226,0,0,30,0.018683244000158084,0.02275637299999289,0.024280176000047504,0.06572067299998707,12.729690272014626,12.103227372866158,0,0,0,0,0,15,0,0.0,0.0,0.0,0.0,0,15,0,0.0,0.0,0.0,0.0,0,0,0,0.0,0.0,0.0,0,0,0,0.0,0.0,0.0,0,0
Open Images,e0aa41e2ede3de7d,13,0,4,0,2,6,4,6,10,5,0,0,4,0.017800521000026492,0.007711663999998564,0.006510100000014063,0.03202291499997045,1.3148277791341147,1.2118609046936037,0,0,0,0,0,2,0,0.0,0.0,0.0,0.0,0,2,0,0.0,0.0,0.0,0.0,0,0,0,0.0,0.0,0.0,0,0,0,0.0,0.0,0.0,0,0
Open Images,e12d3e0517297b73,5,0,1,0,1,0,2,0,2,1,0,0,2,0.022357887999987724,0.006157062000056612,0.005835703000002468,0.034351355000126205,0.42254977623621626,0.3401848922669888,0,0,0,0,0,1,0,0.0,0.0,0.0,0.0,0,1,0,0.0,0.0,0.0,0.0,0,0,0,0.0,0.0,0.0,0,0,0,0.0,0.0,0.0,0,0
Open Images,e216dd92c7f1e961,32,5,1,0,20,691,40,691,731,401,0,0,40,0.023613667000063288,0.042375108999976874,0.03954955599988352,0.1055389880000348,16.349251610986066,15.264911882133951,0,0,0,0,2,18,3,0.1,0.4,0.16000000000000003,0.9043973216266097,2,18,3,0.1,0.4,0.16000000000000003,0.9043973216266097,0,0,0,0.0,0.0,0.0,0,0,0,0.0,0.0,0.0,0,0
Open Images,e3f5e554f66f6595,64,2,9,0,15,382,30,382,412,226,0,0,30,0.024049378999961846,0.025833652999835977,0.02572338499999205,0.0756072189999486,12.465464237635683,11.737493301933357,0,0,0,0,1,14,1,0.06666666666666667,0.5,0.11764705882352941,0.7141905851486812,1,14,1,0.06666666666666667,0.5,0.11764705882352941,0.7141905851486812,0,0,0,0.0,0.0,0.0,0,0,0,0.0,0.0,0.0,0,0
Open Images,e6697a9f8ec12c82,7,0,1,0,2,2,4,2,6,5,0,0,4,0.023139785000012125,0.005999164999821005,0.005959552999911466,0.03509915500012539,1.2469763406117755,1.1325207477808,0,0,0,0,0,2,0,0.0,0.0,0.0,0.0,0,2,0,0.0,0.0,0.0,0.0,0,0,0,0.0,0.0,0.0,0,0,0,0.0,0.0,0.0,0,0
Open Images,e91b89ea86367570,13,0,3,0,2,2,4,2,6,5,0,0,4,0.01715114400008133,0.005670394999924611,0.005591551999941657,0.028413655000122162,1.435548294385274,1.3988786324858664,0,0,0,0,0,2,0,0.0,0.0,0.0,0.0,0,2,0,0.0,0.0,0.0,0.0,0,0,0,0.0,0.0,0.0,0,0,0,0.0,0.0,0.0,0,0
Open Images,e955e464ee18492a,17,1,1,0,2,4,4,4,8,5,0,0,4,0.021007632000191734,0.006257632999904672,0.005846444999860978,0.03311225200013723,1.398810246785482,1.33048614025116,0,0,0,0,1,1,0,0.5,1.0,0.6666666666666666,0.9008131454655446,1,1,0,0.5,1.0,0.6666666666666666,0.9008131454655446,0,0,0,0.0,0.0,0.0,0,0,0,0.0,0.0,0.0,0,0
Open Images,ea0cd65da3d17cb6,12,1,2,0,4,16,8,16,24,17,0,0,8,0.015580485000100452,0.006846512000038274,0.0071715659998972114,0.029599178999887954,3.1796697227160147,2.9366168166697038,0,0,0,0,1,3,0,0.25,1.0,0.4,0.9576826105842164,1,3,0,0.25,1.0,0.4,0.9576826105842164,0,0,0,0.0,0.0,0.0,0,0,0,0.0,0.0,0.0,0,0
Open Images,ea2a84f5d29be501,8,0,2,0,3,14,6,14,20,10,0,0,6,0.02163712299989129,0.00614212199980102,0.006060909999860087,0.03384073699999135,2.3616968428460927,2.160420238312897,0,0,0,0,0,3,0,0.0,0.0,0.0,0.0,0,3,0,0.0,0.0,0.0,0.0,0,0,0,0.0,0.0,0.0,0,0,0,0.0,0.0,0.0,0,0
Open Images,eadce84978423613,13,1,5,0,1,0,2,0,2,1,0,0,2,0.023373844999923676,0.005320951000157947,0.005360858999893026,0.0340561880000223,0.6263865629831951,0.6281043535470963,0,0,0,0,0,1,1,0.0,0.0,0.0,0.0,0,1,1,0.0,0.0,0.0,0.0,0,0,0,0.0,0.0,0.0,0,0,0,0.0,0.0,0.0,0,0
Open Images,ecbbb807ff44e14d,23,1,1,0,2,2,4,2,6,5,0,0,4,0.01422668099985458,0.005389529000012772,0.005621001000008619,0.02523775999998179,1.335732234319051,1.2578884476423262,0,0,0,0,0,2,1,0.0,0.0,0.0,0.0,0,2,1,0.0,0.0,0.0,0.0,0,0,0,0.0,0.0,0.0,0,0,0,0.0,0.0,0.0,0,0
Open Images,ed583cb7dc069691,40,1,1,0,2,4,4,4,8,5,0,0,4,0.01693024799988052,0.005574753000018973,0.0057879769999544806,0.028293579999854046,1.498928033538598,1.4832294964074473,0,0,0,0,0,2,1,0.0,0.0,0.0,0.0,0,2,1,0.0,0.0,0.0,0.0,0,0,0,0.0,0.0,0.0,0,0,0,0.0,0.0,0.0,0,0
Open Images,f00d696f4d0663e1,20,0,2,0,1,0,2,0,2,1,0,0,2,0.05673656800013305,0.006040336000069146,0.0052568070000234,0.06803422699999828,0.6155933777491251,0.6128589794039727,0,0,0,0,0,1,0,0.0,0.0,0.0,0.0,0,1,0,0.0,0.0,0.0,0.0,0,0,0,0.0,0.0,0.0,0,0,0,0.0,0.0,0.0,0,0
Open Images,f0ec9c4728c00172,8,5,5,0,3,10,6,10,16,10,0,0,6,0.02093312900001365,0.005819902999974147,0.005705332000161434,0.03245889300001181,2.2569396805763247,2.0384272988140584,0,0,0,0,1,2,4,0.3333333333333333,0.2,0.25,0.9269897323880109,1,2,4,0.3333333333333333,0.2,0.25,0.9269897323880109,0,0,0,0.0,0.0,0.0,0,0,0,0.0,0.0,0.0,0,0
Open Images,f185f8f2d67d0067,8,0,5,0,1,0,2,0,2,1,0,0,2,0.016708666000113226,0.005642892999958349,0.0050291899999592715,0.027381249000200114,0.5953720013300579,0.5842962852120399,0,0,0,0,0,1,0,0.0,0.0,0.0,0.0,0,1,0,0.0,0.0,0.0,0.0,0,0,0,0.0,0.0,0.0,0,0,0,0.0,0.0,0.0,0,0
Open Images,f339b1c5438b5b7c,58,2,7,0,7,66,14,66,80,50,0,0,14,0.020031747000075484,0.009919354999965435,0.009613236999939545,0.03956491600001755,6.246626693407697,6.102693537771704,0,0,0,0,1,6,1,0.14285714285714285,0.5,0.22222222222222224,0.8079724323056396,1,6,1,0.14285714285714285,0.5,0.22222222222222224,0.8079724323056396,0,0,0,0.0,0.0,0.0,0,0,0,0.0,0.0,0.0,0,0
Open Images,f3e7fed441e35ccd,23,0,1,0,4,27,8,27,35,17,0,0,8,0.017953436999960104,0.007455042999936268,0.0069162889999461186,0.03232532799984256,3.2780411746215865,3.0601725826772097,0,0,0,0,0,4,0,0.0,0.0,0.0,0.0,0,4,0,0.0,0.0,0.0,0.0,0,0,0,0.0,0.0,0.0,0,0,0,0.0,0.0,0.0,0,0
Open Images,f54cecf49c0397f5,12,0,1,0,3,10,6,10,16,10,0,0,6,0.022714390000146523,0.006197602000156621,0.0061227920000419545,0.03503532900003847,2.3627036762237554,2.187818942666054,0,0,0,0,0,3,0,0.0,0.0,0.0,0.0,0,3,0,0.0,0.0,0.0,0.0,0,0,0,0.0,0.0,0.0,0,0,0,0.0,0.0,0.0,0,0
Open Images,f88b1b035c47011b,12,3,3,0,7,74,14,74,88,50,0,0,14,0.019766555999922275,0.009631360999946992,0.009024328999885256,0.038422855999897365,5.71500975529353,5.351784612685443,0,0,0,0,2,5,1,0.2857142857142857,0.6666666666666666,0.4,0.7774606057760761,2,5,1,0.2857142857142857,0.6666666666666666,0.4,0.7774606057760761,0,0,0,0.0,0.0,0.0,0,0,0,0.0,0.0,0.0,0,0
Open Images,f98e23895593ab01,23,0,3,0,5,40,10,40,50,26,0,0,10,0.023087425999847255,0.007849246999967363,0.007728971000005913,0.0386663110000427,3.98916116555532,3.691356813013555,0,0,0,0,0,5,0,0.0,0.0,0.0,0.0,0,5,0,0.0,0.0,0.0,0.0,0,0,0,0.0,0.0,0.0,0,0,0,0.0,0.0,0.0,0,0
Open Images,f9d76673400715e9,12,0,1,0,1,0,2,0,2,1,0,0,2,0.03021647299988217,0.006317696999985856,0.005545471999994334,0.042080191999957606,0.6222742716471354,0.6222957420349122,0,0,0,0,0,1,0,0.0,0.0,0.0,0.0,0,1,0,0.0,0.0,0.0,0.0,0,0,0,0.0,0.0,0.0,0,0,0,0.0,0.0,0.0,0,0
Open Images,f9e161f84d07e4c0,15,0,1,0,1,0,2,0,2,1,0,0,2,0.022830774999874848,0.006739402999983213,0.006063978999918618,0.03563503700002002,0.6374839941660564,0.6437794750928879,0,0,0,0,0,1,0,0.0,0.0,0.0,0.0,0,1,0,0.0,0.0,0.0,0.0,0,0,0,0.0,0.0,0.0,0,0,0,0.0,0.0,0.0,0,0
Open Images,f9e68389f2422650,11,0,6,0,1,0,2,0,2,1,0,0,2,0.021877320999919903,0.007035660999918036,0.006677548999959981,0.03559113899996191,0.3856588880221049,0.2880765126645565,0,0,0,0,0,1,0,0.0,0.0,0.0,0.0,0,1,0,0.0,0.0,0.0,0.0,0,0,0,0.0,0.0,0.0,0,0,0,0.0,0.0,0.0,0,0
Open Images,fb29a634ec39a4c1,33,2,2,0,11,172,22,172,194,122,0,0,22,0.01963931099999172,0.015381655000055616,0.013788101000045572,0.04881005499987623,8.709015622933709,8.02615123406053,0,0,0,0,1,10,1,0.09090909090909091,0.5,0.15384615384615385,0.7893374152669147,1,10,1,0.09090909090909091,0.5,0.15384615384615385,0.7893374152669147,0,0,0,0.0,0.0,0.0,0,0,0,0.0,0.0,0.0,0,0
Open Images,fc14f1cce131d551,28,0,3,0,4,20,8,20,28,17,0,0,8,0.023745548000078998,0.007695044000001872,0.008144611000034274,0.03958602700004121,3.5278924671808887,3.4284814432263384,0,0,0,0,0,4,0,0.0,0.0,0.0,0.0,0,4,0,0.0,0.0,0.0,0.0,0,0,0,0.0,0.0,0.0,0,0,0,0.0,0.0,0.0,0,0
Open Images,fcae2d2574521a1a,15,0,4,0,2,4,4,4,8,5,0,0,4,0.019799235999926168,0.005885888999955569,0.005391664000171659,0.03107736400011163,1.3626738937695824,1.2794435416162018,0,0,0,0,0,2,0,0.0,0.0,0.0,0.0,0,2,0,0.0,0.0,0.0,0.0,0,0,0,0.0,0.0,0.0,0,0,0,0.0,0.0,0.0,0,0
Open Images,fcfbd8e754fea64f,26,0,2,0,5,32,10,32,42,26,0,0,10,0.018341521000138528,0.007382749000043987,0.0069923060000292026,0.0327171610001642,4.295860453446707,4.12456955716014,0,0,0,0,0,5,0,0.0,0.0,0.0,0.0,0,5,0,0.0,0.0,0.0,0.0,0,0,0,0.0,0.0,0.0,0,0,0,0.0,0.0,0.0,0,0
Open Images,fd29da80d062d4df,18,0,1,0,3,10,6,10,16,10,0,0,6,0.015306236999776957,0.006312025000170252,0.005652229999896008,0.02727106699990145,2.3869811558723453,2.1726108826696877,0,0,0,0,0,3,0,0.0,0.0,0.0,0.0,0,3,0,0.0,0.0,0.0,0.0,0,0,0,0.0,0.0,0.0,0,0,0,0.0,0.0,0.0,0,0
Open Images,fdef6eed1051dd32,12,0,1,0,2,6,4,6,10,5,0,0,4,0.017609943999786992,0.006094487999916964,0.00609074299995882,0.029795791999958965,1.2510389359792078,1.121759163737297,0,0,0,0,0,2,0,0.0,0.0,0.0,0.0,0,2,0,0.0,0.0,0.0,0.0,0,0,0,0.0,0.0,0.0,0,0,0,0.0,0.0,0.0,0,0
Open Images,fdefeec421b9a4df,42,0,1,0,22,838,44,838,882,485,0,0,44,0.03130839699997523,0.04423616899998706,0.04290192799999204,0.11844718899988038,18.2079258910815,17.155653654485945,0,0,0,0,0,22,0,0.0,0.0,0.0,0.0,0,22,0,0.0,0.0,0.0,0.0,0,0,0,0.0,0.0,0.0,0,0,0,0.0,0.0,0.0,0,0
Open Images,fe600639ac5f36c1,30,0,2,0,6,57,12,57,69,37,0,0,12,0.025107103999971514,0.009258643000066513,0.008770120000008319,0.04313649899995653,5.31792480900768,5.164669837801493,0,0,0,0,0,6,0,0.0,0.0,0.0,0.0,0,6,0,0.0,0.0,0.0,0.0,0,0,0,0.0,0.0,0.0,0,0,0,0.0,0.0,0.0,0,0
Open Images,fe67317504c74466,8,0,1,0,3,14,6,14,20,10,0,0,6,0.01695807999999488,0.006577460000016799,0.0064054160000068805,0.02994156399995518,2.3687319850921638,2.1798339289426814,0,0,0,0,0,3,0,0.0,0.0,0.0,0.0,0,3,0,0.0,0.0,0.0,0.0,0,0,0,0.0,0.0,0.0,0,0,0,0.0,0.0,0.0,0,0
Open Images,ff50b6fca1c1d54b,20,1,6,0,5,38,10,38,48,26,0,0,10,0.017901276999964466,0.007942893000063123,0.007544655999936367,0.03338946799999576,4.172469111283621,3.9502792863547813,0,0,0,0,1,4,0,0.2,1.0,0.33333333333333337,0.6225518865899726,1,4,0,0.2,1.0,0.33333333333333337,0.6225518865899726,0,0,0,0.0,0.0,0.0,0,0,0,0.0,0.0,0.0,0,0
Open Images,ffb2640fb0b5a865,20,1,6,0,2,4,4,4,8,5,0,0,4,0.018988417000173285,0.005428726999980427,0.0055139399999006855,0.029931681000107346,1.356599574130295,1.2637672346746107,0,0,0,0,0,2,1,0.0,0.0,0.0,0.0,0,2,1,0.0,0.0,0.0,0.0,0,0,0,0.0,0.0,0.0,0,0,0,0.0,0.0,0.0,0,0
Open Images,ffddf3805faf3cbf,12,1,1,0,2,5,4,5,9,5,0,0,4,0.015286390000028405,0.0060630410000612756,0.005657566999843766,0.02700761699998111,1.4386638641756795,1.3790131118796292,0,0,0,0,0,2,1,0.0,0.0,0.0,0.0,0,2,1,0.0,0.0,0.0,0.0,0,0,0,0.0,0.0,0.0,0,0,0,0.0,0.0,0.0,0,0
