dataset,image_id,raw_gt_boxes,eligible_gt_boxes,raw_gt_relations,eligible_gt_relations,n_objects,n_relation_candidates,n_label_variables,n_relation_variables,n_binary_variables,n_constraints,n_domain_constraints,n_range_constraints,relation_budget,candidate_build_time_s,clean_time_s,legacy_time_s,end_to_end_time_s,clean_objective,legacy_objective,clean_fallback,legacy_fallback,clean_violations,legacy_violations,clean_tp,clean_fp,clean_fn,clean_precision,clean_recall,clean_f1,clean_miou,legacy_tp,legacy_fp,legacy_fn,legacy_precision,legacy_recall,legacy_f1,legacy_miou,clean_rel_tp,clean_rel_fp,clean_rel_fn,clean_rel_precision,clean_rel_recall,clean_rel_f1,legacy_rel_tp,legacy_rel_fp,legacy_rel_fn,legacy_rel_precision,legacy_rel_recall,legacy_rel_f1,selected_label_changes,selected_relation_symmetric_diff
COCO,397133,19,19,0,0,9,140,18,140,158,82,0,0,18,0.0151295730000811,0.0140023530000235,0.0129475630000115,0.0420807510000713,7.415990853309635,6.927587080299858,0,0,0,0,7,2,12,0.7777777777777778,0.3684210526315789,0.5,0.8169959153301155,7,2,12,0.7777777777777778,0.3684210526315789,0.5,0.8169959153301155,0,0,0,0.0,0.0,0.0,0,0,0,0.0,0.0,0.0,0,0
COCO,37777,14,14,0,0,10,206,20,206,226,101,0,0,20,0.0125946940000858,0.0158641069999703,0.0150119799999401,0.043471840000052,7.993419081874307,7.343316811529414,0,0,0,0,8,2,6,0.8,0.5714285714285714,0.6666666666666666,0.8665902376234738,8,2,6,0.8,0.5714285714285714,0.6666666666666666,0.8665902376234738,0,0,0,0.0,0.0,0.0,0,0,0,0.0,0.0,0.0,0,0
COCO,252219,7,7,0,0,6,49,12,49,61,37,0,0,12,0.0146786469999824,0.0107249200000296,0.009987776999992,0.0353920229999857,5.159939947814005,4.945221364885824,0,0,0,0,5,1,2,0.8333333333333334,0.7142857142857143,0.7692307692307692,0.9439183427943288,5,1,2,0.8333333333333334,0.7142857142857143,0.7692307692307692,0.9439183427943288,0,0,0,0.0,0.0,0.0,0,0,0,0.0,0.0,0.0,0,0
COCO,87038,17,17,0,0,14,287,28,287,315,197,0,0,28,0.0170128559999511,0.0214566490000152,0.0204127429999516,0.0588829519999762,10.95348351704188,10.00404554617512,0,0,0,0,8,6,9,0.5714285714285714,0.4705882352941176,0.5161290322580646,0.7713169576311789,8,6,9,0.5714285714285714,0.4705882352941176,0.5161290322580646,0.7713169576311789,0,0,0,0.0,0.0,0.0,0,0,0,0.0,0.0,0.0,0,0
COCO,174482,12,12,0,0,10,154,20,154,174,101,0,0,20,0.1402084400000376,0.0146458780000102,0.0140013879999969,0.1688567400000238,8.007033654212982,7.388472089429728,0,0,0,0,4,6,8,0.4,0.3333333333333333,0.3636363636363636,0.823688080298954,4,6,8,0.4,0.3333333333333333,0.3636363636363636,0.823688080298954,0,0,0,0.0,0.0,0.0,0,0,0,0.0,0.0,0.0,0,0
COCO,403385,2,2,0,0,3,10,6,10,16,10,0,0,6,0.0609288849999529,0.007303712999942,0.0061504399999421,0.074383785000009,2.399567849636078,2.23988958761096,0,0,0,0,2,1,0,0.6666666666666666,1.0,0.8,0.8313655951927312,2,1,0,0.6666666666666666,1.0,0.8,0.8313655951927312,0,0,0,0.0,0.0,0.0,0,0,0,0.0,0.0,0.0,0,0
COCO,6818,1,1,0,0,1,0,2,0,2,1,0,0,2,0.0548773830000755,0.0062368750000132,0.0060465779999958,0.0671615370000608,0.40166943470637,0.310691409856081,0,0,0,0,1,0,0,1.0,1.0,1.0,0.865488981028744,1,0,0,1.0,1.0,1.0,0.865488981028744,0,0,0,0.0,0.0,0.0,0,0,0,0.0,0.0,0.0,0,0
COCO,480985,13,13,0,0,5,38,10,38,48,26,0,0,10,0.0588025760000618,0.0101017639999554,0.0092999419999841,0.0782048649999751,4.010178490479788,3.721043784469368,0,0,0,0,4,1,9,0.8,0.3076923076923077,0.4444444444444444,0.8246246488940939,4,1,9,0.8,0.3076923076923077,0.4444444444444444,0.8246246488940939,0,0,0,0.0,0.0,0.0,0,0,0,0.0,0.0,0.0,0,0
COCO,458054,10,10,0,0,3,9,6,9,15,10,0,0,6,0.0144479850000607,0.0073732670000481,0.0062339019999626,0.0280557690000478,2.283347113132477,2.075727797299624,0,0,0,0,2,1,8,0.6666666666666666,0.2,0.3076923076923076,0.6486358711314193,2,1,8,0.6666666666666666,0.2,0.3076923076923076,0.6486358711314193,0,0,0,0.0,0.0,0.0,0,0,0,0.0,0.0,0.0,0,0
COCO,331352,2,2,0,0,3,11,6,11,17,10,0,0,6,0.0141474040000275,0.0072193889999425,0.0065395719999514,0.0279071110001041,2.44957747688614,2.282010458615647,0,0,0,0,1,2,1,0.3333333333333333,0.5,0.4,0.8180303677598093,1,2,1,0.3333333333333333,0.5,0.4,0.8180303677598093,0,0,0,0.0,0.0,0.0,0,0,0,0.0,0.0,0.0,0,0
COCO,296649,26,26,0,0,18,549,36,549,585,325,0,0,36,0.017733901999918,0.0316067080000266,0.030919641999958,0.0802609359999451,14.705665836181993,13.702751529064532,0,0,0,0,12,6,14,0.6666666666666666,0.4615384615384615,0.5454545454545455,0.745083718096633,12,6,14,0.6666666666666666,0.4615384615384615,0.5454545454545455,0.745083718096633,0,0,0,0.0,0.0,0.0,0,0,0,0.0,0.0,0.0,0,0
COCO,386912,18,18,0,0,6,57,12,57,69,37,0,0,12,0.0158282730000109,0.0101745640000672,0.0091608960000257,0.0351644820000274,4.681142412370972,4.259042290396027,0,0,0,0,1,5,17,0.1666666666666666,0.0555555555555555,0.0833333333333333,0.7858375823690464,1,5,17,0.1666666666666666,0.0555555555555555,0.0833333333333333,0.7858375823690464,0,0,0,0.0,0.0,0.0,0,0,0,0.0,0.0,0.0,0,0
COCO,502136,4,4,0,0,4,22,8,22,30,17,0,0,8,0.0597073089999184,0.0081884329999866,0.0081850599999597,0.076081439999939,3.196127138564981,2.9583119733929606,0,0,0,0,4,0,0,1.0,1.0,1.0,0.8149914915050892,4,0,0,1.0,1.0,1.0,0.8149914915050892,0,0,0,0.0,0.0,0.0,0,0,0,0.0,0.0,0.0,0,0
COCO,491497,12,12,0,0,3,12,6,12,18,10,0,0,6,0.0144996650000166,0.0077229670000633,0.0063071570000374,0.0285305639999933,2.453831586837769,2.300037116408349,0,0,0,0,1,2,11,0.3333333333333333,0.0833333333333333,0.1333333333333333,0.95372730656882,1,2,11,0.3333333333333333,0.0833333333333333,0.1333333333333333,0.95372730656882,0,0,0,0.0,0.0,0.0,0,0,0,0.0,0.0,0.0,0,0
COCO,184791,7,7,0,0,5,41,10,41,51,26,0,0,10,0.0158904489999258,0.0108685650000097,0.0099586549999912,0.0367182779999666,4.211628561801315,3.996112063513796,0,0,0,0,4,1,3,0.8,0.5714285714285714,0.6666666666666666,0.8904596346698382,4,1,3,0.8,0.5714285714285714,0.6666666666666666,0.8904596346698382,0,0,0,0.0,0.0,0.0,0,0,0,0.0,0.0,0.0,0,0
COCO,348881,5,5,0,0,4,22,8,22,30,17,0,0,8,0.0145747349999965,0.0079140270000834,0.006903776999934,0.029393132999985,3.1243673769632987,2.858502253293992,0,0,0,0,3,1,2,0.75,0.6,0.6666666666666665,0.9009330709441116,3,1,2,0.75,0.6,0.6666666666666665,0.9009330709441116,0,0,0,0.0,0.0,0.0,0,0,0,0.0,0.0,0.0,0,0
COCO,289393,4,4,0,0,6,58,12,58,70,37,0,0,12,0.0135323080000944,0.0099975709999853,0.0084167890000799,0.031947295000009,4.627753603458406,4.171701964884998,0,0,0,0,1,5,3,0.1666666666666666,0.25,0.2,0.9684531675177958,1,5,3,0.1666666666666666,0.25,0.2,0.9684531675177958,0,0,0,0.0,0.0,0.0,0,0,0,0.0,0.0,0.0,0,0
COCO,522713,13,13,0,0,3,12,6,12,18,10,0,0,6,0.0136711590000686,0.0071971219999795,0.0062393080000902,0.0271082250000063,2.365962276458741,2.1759217154979718,0,0,0,0,2,1,11,0.6666666666666666,0.1538461538461538,0.25,0.899708122242201,2,1,11,0.6666666666666666,0.1538461538461538,0.25,0.899708122242201,0,0,0,0.0,0.0,0.0,0,0,0,0.0,0.0,0.0,0,0
COCO,181666,16,16,0,0,11,173,22,173,195,122,0,0,22,0.0151924330000383,0.0150414749999754,0.0147297940000044,0.0449642510000103,9.067154248555504,8.519647042751314,0,0,0,0,9,2,7,0.8181818181818182,0.5625,0.6666666666666666,0.8543766217032819,9,2,7,0.8181818181818182,0.5625,0.6666666666666666,0.8543766217032819,0,0,0,0.0,0.0,0.0,0,0,0,0.0,0.0,0.0,0,0
COCO,17627,16,16,0,0,13,241,26,241,267,170,0,0,26,0.0170466040000292,0.0182178089999069,0.0179744579999123,0.0532395300000416,10.890786124865215,10.330568734705452,0,0,0,0,12,1,4,0.9230769230769232,0.75,0.8275862068965517,0.8698758425245191,12,1,4,0.9230769230769232,0.75,0.8275862068965517,0.8698758425245191,0,0,0,0.0,0.0,0.0,0,0,0,0.0,0.0,0.0,0,0
COCO,143931,2,2,0,0,3,12,6,12,18,10,0,0,6,0.0141792590000022,0.0070667449999746,0.0062459280001121,0.027492608999978,2.2904903626441957,2.069317637234926,0,0,0,0,2,1,0,0.6666666666666666,1.0,0.8,0.9370136853511396,2,1,0,0.6666666666666666,1.0,0.8,0.9370136853511396,0,0,0,0.0,0.0,0.0,0,0,0,0.0,0.0,0.0,0,0
COCO,303818,18,18,0,0,13,263,26,263,289,170,0,0,26,0.0168989270000565,0.0202757329999485,0.018538934999924,0.0557146140000668,10.652203837937764,9.979191290792478,0,0,0,0,12,1,6,0.9230769230769232,0.6666666666666666,0.7741935483870968,0.8007256033868532,12,1,6,0.9230769230769232,0.6666666666666666,0.7741935483870968,0.8007256033868532,0,0,0,0.0,0.0,0.0,0,0,0,0.0,0.0,0.0,0,0
COCO,463730,22,22,0,0,13,271,26,271,297,170,0,0,26,0.015387429000043,0.0197491080000418,0.0190633230000685,0.054200532999971,10.813683214014402,10.16575638743801,0,0,0,0,9,4,13,0.6923076923076923,0.4090909090909091,0.5142857142857142,0.8717693013268242,9,4,13,0.6923076923076923,0.4090909090909091,0.5142857142857142,0.8717693013268242,0,0,0,0.0,0.0,0.0,0,0,0,0.0,0.0,0.0,0,0
COCO,460347,7,7,0,0,6,53,12,53,65,37,0,0,12,0.0144519320000426,0.0099030799999582,0.0090923660000044,0.0334479970000529,5.201735758781434,5.003076759278776,0,0,0,0,6,0,1,1.0,0.8571428571428571,0.923076923076923,0.861551404788484,6,0,1,1.0,0.8571428571428571,0.923076923076923,0.861551404788484,0,0,0,0.0,0.0,0.0,0,0,0,0.0,0.0,0.0,0,0
COCO,322864,6,6,0,0,9,137,18,137,155,82,0,0,18,0.0149636950000058,0.0148505910000267,0.0131873799999766,0.0430023850000225,7.368748041309775,6.871749729879559,0,0,0,0,6,3,0,0.6666666666666666,1.0,0.8,0.8508833946923676,6,3,0,0.6666666666666666,1.0,0.8,0.8508833946923676,0,0,0,0.0,0.0,0.0,0,0,0,0.0,0.0,0.0,0,0
COCO,226111,0,0,0,0,0,0,0,0,0,0,0,0,1,0.0124871959999381,0.004937883000025,0.0042773409999199,0.0217029609999599,,,0,0,0,0,0,0,0,0.0,0.0,0.0,0.0,0,0,0,0.0,0.0,0.0,0.0,0,0,0,0.0,0.0,0.0,0,0,0,0.0,0.0,0.0,0,0
COCO,153299,2,2,0,0,2,4,4,4,8,5,0,0,4,0.0587736779999659,0.0067763959999638,0.0063758700000562,0.0719266559999596,1.4176609309514363,1.357112731635571,0,0,0,0,2,0,0,1.0,1.0,1.0,0.9488826382422704,2,0,0,1.0,1.0,1.0,0.9488826382422704,0,0,0,0.0,0.0,0.0,0,0,0,0.0,0.0,0.0,0,0
COCO,308394,4,4,0,0,4,22,8,22,30,17,0,0,8,0.0142985549999821,0.0082021519999671,0.0072633549999636,0.0297646340000028,3.3673338977495844,3.2016924639046205,0,0,0,0,2,2,2,0.5,0.5,0.5,0.7329136725544038,2,2,2,0.5,0.5,0.5,0.7329136725544038,0,0,0,0.0,0.0,0.0,0,0,0,0.0,0.0,0.0,0,0
COCO,456496,5,5,0,0,4,23,8,23,31,17,0,0,8,0.0131041199999799,0.0079477879999103,0.0069829090000439,0.0280354320000242,3.474457414993191,3.3485711802527742,0,0,0,0,4,0,1,1.0,0.8,0.888888888888889,0.8763608343842586,4,0,1,1.0,0.8,0.888888888888889,0.8763608343842586,0,0,0,0.0,0.0,0.0,0,0,0,0.0,0.0,0.0,0,0
COCO,58636,0,0,0,0,0,0,0,0,0,0,0,0,1,0.0559028180000495,0.0053345459999718,0.0044263769999588,0.0656645999999909,,,0,0,0,0,0,0,0,0.0,0.0,0.0,0.0,0,0,0,0.0,0.0,0.0,0.0,0,0,0,0.0,0.0,0.0,0,0,0,0.0,0.0,0.0,0,0
COCO,41888,3,3,0,0,4,24,8,24,32,17,0,0,8,0.0175700380000307,0.0082084739999572,0.0070750300000099,0.0328542670000615,3.5362014267167847,3.4307340454381112,0,0,0,0,3,1,0,0.75,1.0,0.8571428571428571,0.8432422714140281,3,1,0,0.75,1.0,0.8571428571428571,0.8432422714140281,0,0,0,0.0,0.0,0.0,0,0,0,0.0,0.0,0.0,0,0
COCO,184321,1,1,0,0,2,4,4,4,8,5,0,0,4,0.0143678700000009,0.0070464899999933,0.0058196149999503,0.0272346850000531,1.321432557900747,1.2211901547014716,0,0,0,0,1,1,0,0.5,1.0,0.6666666666666666,0.8376666561543347,1,1,0,0.5,1.0,0.6666666666666666,0.8376666561543347,0,0,0,0.0,0.0,0.0,0,0,0,0.0,0.0,0.0,0,0
COCO,565778,7,7,0,0,6,62,12,62,74,37,0,0,12,0.0151628700000401,0.009715781000068,0.0093764040000223,0.0342555729999958,4.765321777459583,4.3948235732283205,0,0,0,0,2,4,5,0.3333333333333333,0.2857142857142857,0.3076923076923076,0.729957304856195,2,4,5,0.3333333333333333,0.2857142857142857,0.3076923076923076,0.729957304856195,0,0,0,0.0,0.0,0.0,0,0,0,0.0,0.0,0.0,0,0
COCO,297343,1,1,0,0,1,0,2,0,2,1,0,0,2,0.013602579999997,0.0062080090000335,0.0053292119999923,0.0251403120000759,0.6271525780359903,0.6291863498091698,0,0,0,0,1,0,0,1.0,1.0,1.0,0.9501271700910936,1,0,0,1.0,1.0,1.0,0.9501271700910936,0,0,0,0.0,0.0,0.0,0,0,0,0.0,0.0,0.0,0,0
COCO,336587,2,2,0,0,1,0,2,0,2,1,0,0,2,0.0138151300000117,0.0065706670000054,0.0060801700000183,0.0264665419999801,0.6377704779307047,0.6441841334104539,0,0,0,0,1,0,1,1.0,0.5,0.6666666666666666,0.934051405058407,1,0,1,1.0,0.5,0.6666666666666666,0.934051405058407,0,0,0,0.0,0.0,0.0,0,0,0,0.0,0.0,0.0,0,0
COCO,122745,1,1,0,0,1,0,2,0,2,1,0,0,2,0.0122334519999185,0.0065291560000559,0.0052055149999432,0.0239686929999152,0.6431759516398112,0.6518193650245667,0,0,0,0,1,0,0,1.0,1.0,1.0,0.9355064658926155,1,0,0,1.0,1.0,1.0,0.9355064658926155,0,0,0,0.0,0.0,0.0,0,0,0,0.0,0.0,0.0,0,0
COCO,219578,4,4,0,0,5,30,10,30,40,26,0,0,10,0.015066117999936,0.0082414669999479,0.0074964679999993,0.0308046439999998,3.778792123031205,3.413790204755055,0,0,0,0,2,3,2,0.4,0.5,0.4444444444444445,0.6966718592030589,2,3,2,0.4,0.5,0.4444444444444445,0.6966718592030589,0,0,0,0.0,0.0,0.0,0,0,0,0.0,0.0,0.0,0,0
COCO,555705,2,2,0,0,2,2,4,2,6,5,0,0,4,0.0559283579999601,0.0065859649999993,0.0060404580000295,0.0685553189999836,1.4991598733266194,1.4887299877405165,0,0,0,0,2,0,0,1.0,1.0,1.0,0.9626401196979626,2,0,0,1.0,1.0,1.0,0.9626401196979626,0,0,0,0.0,0.0,0.0,0,0,0,0.0,0.0,0.0,0,0
COCO,443303,3,3,0,0,3,10,6,10,16,10,0,0,6,0.0140352060000168,0.0072676989999536,0.0057329460000801,0.0270364959999369,2.494533546663379,2.35476899499402,0,0,0,0,2,1,1,0.6666666666666666,0.6666666666666666,0.6666666666666666,0.9661025522115054,2,1,1,0.6666666666666666,0.6666666666666666,0.6666666666666666,0.9661025522115054,0,0,0,0.0,0.0,0.0,0,0,0,0.0,0.0,0.0,0,0
COCO,500663,3,3,0,0,5,40,10,40,50,26,0,0,10,0.013236223999911,0.0087913470000557,0.0080074590000549,0.0300357129999611,4.046127796967826,3.73882217988372,0,0,0,0,2,3,1,0.4,0.6666666666666666,0.5,0.8226944120386419,2,3,1,0.4,0.6666666666666666,0.5,0.8226944120386419,0,0,0,0.0,0.0,0.0,0,0,0,0.0,0.0,0.0,0,0
COCO,418281,2,2,0,0,2,2,4,2,6,5,0,0,4,0.0165000649999456,0.0065127889999985,0.0055936190000238,0.0286070370000288,1.4189747699101765,1.375468529164791,0,0,0,0,2,0,0,1.0,1.0,1.0,0.9271876557619712,2,0,0,1.0,1.0,1.0,0.9271876557619712,0,0,0,0.0,0.0,0.0,0,0,0,0.0,0.0,0.0,0,0
COCO,25560,4,4,0,0,4,22,8,22,30,17,0,0,8,0.0142789979998951,0.0080229779999854,0.0068151599999737,0.0291178079999099,3.560311493078869,3.474273317307235,0,0,0,0,4,0,0,1.0,1.0,1.0,0.9373551420853694,4,0,0,1.0,1.0,1.0,0.9373551420853694,0,0,0,0.0,0.0,0.0,0,0,0,0.0,0.0,0.0,0,0
COCO,403817,3,3,0,0,3,10,6,10,16,10,0,0,6,0.0155167140000003,0.0079477150000002,0.0071727810000083,0.0306379060000381,2.313140842914581,2.1013114406168456,0,0,0,0,1,2,2,0.3333333333333333,0.3333333333333333,0.3333333333333333,0.905142810112936,1,2,2,0.3333333333333333,0.3333333333333333,0.3333333333333333,0.905142810112936,0,0,0,0.0,0.0,0.0,0,0,0,0.0,0.0,0.0,0,0
COCO,85329,2,2,0,0,2,5,4,5,9,5,0,0,4,0.0129680680000774,0.0086065440000311,0.0068669229999613,0.0284421400000383,1.3354805620511376,1.2410329605638983,0,0,0,0,2,0,0,1.0,1.0,1.0,0.8781631361289199,2,0,0,1.0,1.0,1.0,0.8781631361289199,0,0,0,0.0,0.0,0.0,0,0,0,0.0,0.0,0.0,0,0
COCO,329323,14,14,0,0,14,327,28,327,355,197,0,0,28,0.0160878249999996,0.0236115190000418,0.0212929250000115,0.0609929080000029,11.068013398633544,10.167419327881085,0,0,0,0,9,5,5,0.6428571428571429,0.6428571428571429,0.6428571428571429,0.7821009450737132,9,5,5,0.6428571428571429,0.6428571428571429,0.6428571428571429,0.7821009450737132,0,0,0,0.0,0.0,0.0,0,0,0,0.0,0.0,0.0,0,0
COCO,239274,14,14,0,0,9,138,18,138,156,82,0,0,18,0.0190586929999199,0.013201026000047,0.012321669999892,0.0445821509999859,6.873731297625851,6.19465839587028,0,0,0,0,7,2,7,0.7777777777777778,0.5,0.6086956521739131,0.7486403499161444,7,2,7,0.7777777777777778,0.5,0.6086956521739131,0.7486403499161444,0,0,0,0.0,0.0,0.0,0,0,0,0.0,0.0,0.0,0,0
COCO,286994,9,9,0,0,8,106,16,106,122,65,0,0,16,0.0163342529999681,0.0122744219999049,0.0115083379999987,0.0401176990000067,7.016174465020501,6.801013098508122,0,0,0,0,8,0,1,1.0,0.8888888888888888,0.9411764705882352,0.903531045184606,8,0,1,1.0,0.8888888888888888,0.9411764705882352,0.903531045184606,0,0,0,0.0,0.0,0.0,0,0,0,0.0,0.0,0.0,0,0
COCO,511321,4,4,0,0,2,4,4,4,8,5,0,0,4,0.0144514660000822,0.0068250459999035,0.0062911299999086,0.027568507000069,1.49132621606191,1.4611649468541148,0,0,0,0,2,0,2,1.0,0.5,0.6666666666666666,0.904797679373954,2,0,2,1.0,0.5,0.6666666666666666,0.904797679373954,0,0,0,0.0,0.0,0.0,0,0,0,0.0,0.0,0.0,0,0
COCO,314294,2,2,0,0,1,0,2,0,2,1,0,0,2,0.0147117420000313,0.0068389890000162,0.0055481910000025,0.0270996410000634,0.6317509333292644,0.6356815266609193,0,0,0,0,1,0,1,1.0,0.5,0.6666666666666666,0.955023330992442,1,0,1,1.0,0.5,0.6666666666666666,0.955023330992442,0,0,0,0.0,0.0,0.0,0,0,0,0.0,0.0,0.0,0,0
COCO,233771,17,17,0,0,13,279,26,279,305,170,0,0,26,0.0177198380000618,0.0204471050000165,0.022786386000007,0.0609539640000775,10.75404127390712,10.102051685666336,0,0,0,0,10,3,7,0.7692307692307693,0.5882352941176471,0.6666666666666667,0.8174450370727137,10,3,7,0.7692307692307693,0.5882352941176471,0.6666666666666667,0.8174450370727137,0,0,0,0.0,0.0,0.0,0,0,0,0.0,0.0,0.0,0,0
COCO,475779,1,1,0,0,1,0,2,0,2,1,0,0,2,0.0168067390000032,0.0060533569999279,0.0053705479999734,0.0282312340000316,0.633105484644572,0.6375948303937913,0,0,0,0,1,0,0,1.0,1.0,1.0,0.9785257647243346,1,0,0,1.0,1.0,1.0,0.9785257647243346,0,0,0,0.0,0.0,0.0,0,0,0,0.0,0.0,0.0,0,0
COCO,301867,7,7,0,0,8,91,16,91,107,65,0,0,16,0.0155425409999452,0.0117099410000491,0.0103859839999813,0.0376390709999441,6.570626293651309,6.11392007979954,0,0,0,0,5,3,2,0.625,0.7142857142857143,0.6666666666666666,0.9144348199788158,5,3,2,0.625,0.7142857142857143,0.6666666666666666,0.9144348199788158,0,0,0,0.0,0.0,0.0,0,0,0,0.0,0.0,0.0,0,0
COCO,312421,12,12,0,0,6,56,12,56,68,37,0,0,12,0.014549632000012,0.0097404969999388,0.0095013139999764,0.0337920509999776,4.820227384702566,4.457784227864149,0,0,0,0,6,0,6,1.0,0.5,0.6666666666666666,0.8189945394528281,6,0,6,1.0,0.5,0.6666666666666666,0.8189945394528281,0,0,0,0.0,0.0,0.0,0,0,0,0.0,0.0,0.0,0,0
COCO,185250,5,5,0,0,5,40,10,40,50,26,0,0,10,0.0589375400001017,0.0097273309999081,0.008308229000022,0.0769737960000611,4.287565458615623,4.079852876961232,0,0,0,0,4,1,1,0.8,0.8,0.8000000000000002,0.8601055273216794,4,1,1,0.8,0.8,0.8000000000000002,0.8601055273216794,0,0,0,0.0,0.0,0.0,0,0,0,0.0,0.0,0.0,0,0
COCO,356427,8,8,0,0,5,37,10,37,47,26,0,0,10,0.0145430970000006,0.008942262000005,0.0082730829999491,0.0317591420000553,4.017825134818338,3.729862791969958,0,0,0,0,2,3,6,0.4,0.25,0.3076923076923077,0.8099377506462,2,3,6,0.4,0.25,0.3076923076923077,0.8099377506462,0,0,0,0.0,0.0,0.0,0,0,0,0.0,0.0,0.0,0,0
COCO,572517,2,2,0,0,2,4,4,4,8,5,0,0,4,0.0150723230000267,0.0075266999999712,0.0065698799999154,0.0291695500000059,1.457701948483785,1.4136706689000134,0,0,0,0,2,0,0,1.0,1.0,1.0,0.924342726378528,2,0,0,1.0,1.0,1.0,0.924342726378528,0,0,0,0.0,0.0,0.0,0,0,0,0.0,0.0,0.0,0,0
COCO,270244,1,1,0,0,1,0,2,0,2,1,0,0,2,0.0135103730000309,0.0064895460000116,0.0057935830000133,0.0257941770000798,0.6308644215265911,0.6344293287396432,0,0,0,0,1,0,0,1.0,1.0,1.0,0.840795439708816,1,0,0,1.0,1.0,1.0,0.840795439708816,0,0,0,0.0,0.0,0.0,0,0,0,0.0,0.0,0.0,0,0
COCO,516316,11,11,0,0,2,2,4,2,6,5,0,0,4,0.0202076020000276,0.0072786340000448,0.006658461000029,0.0341453409999985,1.5535215266545612,1.5655158230662345,0,0,0,0,2,0,9,1.0,0.1818181818181818,0.3076923076923077,0.9414513841583034,2,0,9,1.0,0.1818181818181818,0.3076923076923077,0.9414513841583034,0,0,0,0.0,0.0,0.0,0,0,0,0.0,0.0,0.0,0,0
COCO,125211,1,1,0,0,3,12,6,12,18,10,0,0,6,0.0271819440000626,0.0088528240000869,0.0065489730000081,0.0425845870000785,2.3649517011642462,2.190994277894497,0,0,0,0,1,2,0,0.3333333333333333,1.0,0.5,0.963569132583068,1,2,0,0.3333333333333333,1.0,0.5,0.963569132583068,0,0,0,0.0,0.0,0.0,0,0,0,0.0,0.0,0.0,0,0
COCO,562121,3,3,0,0,3,10,6,10,16,10,0,0,6,0.0141424039999265,0.0070582559999365,0.0064513840000017,0.0276527219999707,2.351312787532806,2.171729312390089,0,0,0,0,2,1,1,0.6666666666666666,0.6666666666666666,0.6666666666666666,0.7561501258585839,2,1,1,0.6666666666666666,0.6666666666666666,0.6666666666666666,0.7561501258585839,0,0,0,0.0,0.0,0.0,0,0,0,0.0,0.0,0.0,0,0
COCO,360661,7,7,0,0,9,129,18,129,147,82,0,0,18,0.0146571139999878,0.0143968620000123,0.0129518180000332,0.0420065839999779,7.685777737706435,7.345421949982179,0,0,0,0,7,2,0,0.7777777777777778,1.0,0.8750000000000001,0.9028823902591327,7,2,0,0.7777777777777778,1.0,0.8750000000000001,0.9028823902591327,0,0,0,0.0,0.0,0.0,0,0,0,0.0,0.0,0.0,0,0
COCO,16228,21,21,0,0,14,322,28,322,350,197,0,0,28,0.0161736960000098,0.0222574800000074,0.0214551469999833,0.0598869109999213,10.767858353235804,9.760457136112931,0,0,0,0,10,4,11,0.7142857142857143,0.4761904761904761,0.5714285714285714,0.7741838276736939,10,4,11,0.7142857142857143,0.4761904761904761,0.5714285714285714,0.7741838276736939,0,0,0,0.0,0.0,0.0,0,0,0,0.0,0.0,0.0,0,0
COCO,382088,1,1,0,0,1,0,2,0,2,1,0,0,2,0.0128135029999612,0.0060026800000514,0.0055156429999669,0.0243324049999955,0.6244161049524943,0.6253210815787316,0,0,0,0,1,0,0,1.0,1.0,1.0,0.9699513852195896,1,0,0,1.0,1.0,1.0,0.9699513852195896,0,0,0,0.0,0.0,0.0,0,0,0,0.0,0.0,0.0,0,0
COCO,266409,2,2,0,0,2,2,4,2,6,5,0,0,4,0.0143323940000072,0.0064687589999721,0.0057787270000062,0.0265805120000095,1.3411657842000326,1.249063336849213,0,0,0,0,2,0,0,1.0,1.0,1.0,0.7810603235767277,2,0,0,1.0,1.0,1.0,0.7810603235767277,0,0,0,0.0,0.0,0.0,0,0,0,0.0,0.0,0.0,0,0
COCO,430961,4,4,0,0,5,40,10,40,50,26,0,0,10,0.0130311529999289,0.0089540179999403,0.008714535000081,0.0307003859999213,3.9764236291249606,3.673365042805673,0,0,0,0,3,2,1,0.6,0.75,0.6666666666666665,0.7883610212908617,3,2,1,0.6,0.75,0.6666666666666665,0.7883610212908617,0,0,0,0.0,0.0,0.0,0,0,0,0.0,0.0,0.0,0,0
COCO,80671,2,2,0,0,2,5,4,5,9,5,0,0,4,0.014043335999986,0.0066220670000802,0.0057512869999527,0.0264173099999425,1.3872120598958086,1.3040536441411723,0,0,0,0,1,1,1,0.5,0.5,0.5,0.9670299623169736,1,1,1,0.5,0.5,0.5,0.9670299623169736,0,0,0,0.0,0.0,0.0,0,0,0,0.0,0.0,0.0,0,0
COCO,577539,5,5,0,0,3,11,6,11,17,10,0,0,6,0.0179050330000336,0.0083343299999114,0.0064101179999624,0.032650062000016,2.3271621799469,2.1211165791749957,0,0,0,0,1,2,4,0.3333333333333333,0.2,0.25,0.7554319873298312,1,2,4,0.3333333333333333,0.2,0.25,0.7554319873298312,0,0,0,0.0,0.0,0.0,0,0,0,0.0,0.0,0.0,0,0
COCO,104612,12,12,0,0,9,146,18,146,164,82,0,0,18,0.0152740170000242,0.0139383910000105,0.0131103369999436,0.0423237180000342,6.58403827428818,5.801954062432054,0,0,0,0,1,8,11,0.1111111111111111,0.0833333333333333,0.0952380952380952,0.6917891383749859,1,8,11,0.1111111111111111,0.0833333333333333,0.0952380952380952,0.6917891383749859,0,0,0,0.0,0.0,0.0,0,0,0,0.0,0.0,0.0,0,0
COCO,476258,2,2,0,0,2,2,4,2,6,5,0,0,4,0.0133159660000501,0.0066104690000656,0.0056807859999707,0.0256079160000126,1.5752455743153893,1.5797010403871536,0,0,0,0,2,0,0,1.0,1.0,1.0,0.9719793232564456,2,0,0,1.0,1.0,1.0,0.9719793232564456,0,0,0,0.0,0.0,0.0,0,0,0,0.0,0.0,0.0,0,0
COCO,448365,3,3,0,0,5,38,10,38,48,26,0,0,10,0.015376534999973,0.0088835120000112,0.0081212780000896,0.0323819010000079,4.097281683043974,3.839632750507531,0,0,0,0,2,3,1,0.4,0.6666666666666666,0.5,0.9803119556281849,2,3,1,0.4,0.6666666666666666,0.5,0.9803119556281849,0,0,0,0.0,0.0,0.0,0,0,0,0.0,0.0,0.0,0,0
COCO,35197,3,3,0,0,4,24,8,24,32,17,0,0,8,0.0134703150000632,0.008063990000096,0.0070266740000306,0.0285615270000789,3.3692140390874883,3.197807529111896,0,0,0,0,3,1,0,0.75,1.0,0.8571428571428571,0.8501119347283214,3,1,0,0.75,1.0,0.8571428571428571,0.8501119347283214,0,0,0,0.0,0.0,0.0,0,0,0,0.0,0.0,0.0,0,0
COCO,349860,8,8,0,0,6,59,12,59,71,37,0,0,12,0.0141036489999351,0.0098673459999645,0.0090798659999791,0.033051607999937,5.021963761231294,4.749384085765472,0,0,0,0,5,1,3,0.8333333333333334,0.625,0.7142857142857143,0.8328911358115139,5,1,3,0.8333333333333334,0.625,0.7142857142857143,0.8328911358115139,0,0,0,0.0,0.0,0.0,0,0,0,0.0,0.0,0.0,0,0
COCO,180135,2,2,0,0,3,6,6,6,12,10,0,0,6,0.0131010320000086,0.0068883170000617,0.0059981729999663,0.0259881360000235,2.442384905815125,2.300368679463864,0,0,0,0,2,1,0,0.6666666666666666,1.0,0.8,0.859106905817538,2,1,0,0.6666666666666666,1.0,0.8,0.859106905817538,0,0,0,0.0,0.0,0.0,0,0,0,0.0,0.0,0.0,0,0
COCO,486438,9,9,0,0,9,136,18,136,154,82,0,0,18,0.0148654719999967,0.0128971090000504,0.0129489939999984,0.0407121939999797,8.1662691773041,7.99699626143415,0,0,0,0,8,1,1,0.8888888888888888,0.8888888888888888,0.8888888888888888,0.9179751336663114,8,1,1,0.8888888888888888,0.8888888888888888,0.8888888888888888,0.9179751336663114,0,0,0,0.0,0.0,0.0,0,0,0,0.0,0.0,0.0,0,0
COCO,400573,5,5,0,0,3,12,6,12,18,10,0,0,6,0.0171157409999977,0.0084505649999755,0.0083555129999695,0.0339225899999746,2.548252449035645,2.433406584262848,0,0,0,0,2,1,3,0.6666666666666666,0.4,0.5,0.9757622704224952,2,1,3,0.6666666666666666,0.4,0.5,0.9757622704224952,0,0,0,0.0,0.0,0.0,0,0,0,0.0,0.0,0.0,0,0
COCO,109798,4,4,0,0,4,21,8,21,29,17,0,0,8,0.0142718270000159,0.0088688399999909,0.0079270920000453,0.0310687180000286,3.662093499117686,3.608609339310322,0,0,0,0,3,1,1,0.75,0.75,0.75,0.9432513024400418,3,1,1,0.75,0.75,0.75,0.9432513024400418,0,0,0,0.0,0.0,0.0,0,0,0,0.0,0.0,0.0,0,0
COCO,370677,16,16,0,0,18,612,36,612,648,325,0,0,36,0.0217124559999319,0.0366308239999852,0.0354455579999921,0.0937898019999465,14.330208261189371,13.132911281464011,0,0,0,0,7,11,9,0.3888888888888889,0.4375,0.411764705882353,0.9057104317179973,7,11,9,0.3888888888888889,0.4375,0.411764705882353,0.9057104317179973,0,0,0,0.0,0.0,0.0,0,0,0,0.0,0.0,0.0,0,0
COCO,238866,12,12,0,0,30,1685,60,1685,1745,901,0,0,60,0.0203564600000163,0.0934124369999835,0.0976112839999814,0.2113816129999577,26.30843311763449,25.452525562859016,0,0,0,0,12,18,0,0.4,1.0,0.5714285714285715,0.9107780305779366,12,18,0,0.4,1.0,0.5714285714285715,0.9107780305779366,0,0,0,0.0,0.0,0.0,0,0,0,0.0,0.0,0.0,0,0
COCO,369370,7,7,0,0,5,40,10,40,50,26,0,0,10,0.0150792959999535,0.0093640809999442,0.008291770000028,0.0327358040000262,4.072922168084817,3.786449753005145,0,0,0,0,4,1,3,0.8,0.5714285714285714,0.6666666666666666,0.8546483116348288,4,1,3,0.8,0.5714285714285714,0.6666666666666666,0.8546483116348288,0,0,0,0.0,0.0,0.0,0,0,0,0.0,0.0,0.0,0,0
COCO,502737,4,4,0,0,7,76,14,76,90,50,0,0,14,0.0157699149999643,0.0129775730000574,0.0115729139999984,0.0403211159999727,5.234530965487164,4.607108322083952,0,0,0,0,3,4,1,0.4285714285714285,0.75,0.5454545454545454,0.8566480928121809,3,4,1,0.4285714285714285,0.75,0.5454545454545454,0.8566480928121809,0,0,0,0.0,0.0,0.0,0,0,0,0.0,0.0,0.0,0,0
COCO,515579,7,7,0,0,2,4,4,4,8,5,0,0,4,0.0154844470000625,0.0076531820000127,0.0067283869999528,0.029866820000052,1.4747676165898644,1.43777592509985,0,0,0,0,2,0,5,1.0,0.2857142857142857,0.4444444444444445,0.783969353238491,2,0,5,1.0,0.2857142857142857,0.4444444444444445,0.783969353238491,0,0,0,0.0,0.0,0.0,0,0,0,0.0,0.0,0.0,0,0
COCO,515445,7,7,0,0,8,74,16,74,90,65,0,0,16,0.0149422560000402,0.0127179319999868,0.0119066790000488,0.0395675839999967,6.700858277339621,6.267047571747385,0,0,0,0,5,3,2,0.625,0.7142857142857143,0.6666666666666666,0.7938453662874281,5,3,2,0.625,0.7142857142857143,0.6666666666666666,0.7938453662874281,0,0,0,0.0,0.0,0.0,0,0,0,0.0,0.0,0.0,0,0
COCO,173383,4,4,0,0,3,12,6,12,18,10,0,0,6,0.014265569000031,0.4264463449999311,0.0074836649999951,0.4481963020000421,2.245626947879792,2.005948063880206,0,0,0,0,1,2,3,0.3333333333333333,0.25,0.2857142857142857,0.9149517560863218,1,2,3,0.3333333333333333,0.25,0.2857142857142857,0.9149517560863218,0,0,0,0.0,0.0,0.0,0,0,0,0.0,0.0,0.0,0,0
COCO,438862,10,10,0,0,6,51,12,51,63,37,0,0,12,0.0149788519998992,0.0100605299999188,0.009445023000012,0.0344849690000046,5.493594141006471,5.42770172417164,0,0,0,0,6,0,4,1.0,0.6,0.7499999999999999,0.9175329006299648,6,0,4,1.0,0.6,0.7499999999999999,0.9175329006299648,0,0,0,0.0,0.0,0.0,0,0,0,0.0,0.0,0.0,0,0
COCO,180560,3,3,0,0,4,26,8,26,34,17,0,0,8,0.0146834610000041,0.0081754590000855,0.007468292999988,0.0303278769999906,3.479647394816082,3.3603352785110485,0,0,0,0,2,2,1,0.5,0.6666666666666666,0.5714285714285715,0.9246567324938604,2,2,1,0.5,0.6666666666666666,0.5714285714285715,0.9246567324938604,0,0,0,0.0,0.0,0.0,0,0,0,0.0,0.0,0.0,0,0
COCO,347693,2,2,0,0,1,0,2,0,2,1,0,0,2,0.0125201179999976,0.0080291310000575,0.0055562610000379,0.0261062009999477,0.4791198412577311,0.4200901091098786,0,0,0,0,0,1,2,0.0,0.0,0.0,0.0,0,1,2,0.0,0.0,0.0,0.0,0,0,0,0.0,0.0,0.0,0,0,0,0.0,0.0,0.0,0,0
COCO,39956,2,2,0,0,7,84,14,84,98,50,0,0,14,0.0140947039999446,0.012114978999989,0.0120857360000172,0.0382961320000276,5.290322021017573,4.747919285714728,0,0,0,0,2,5,0,0.2857142857142857,1.0,0.4444444444444445,0.7466599717576614,2,5,0,0.2857142857142857,1.0,0.4444444444444445,0.7466599717576614,0,0,0,0.0,0.0,0.0,0,0,0,0.0,0.0,0.0,0,0
COCO,321214,3,3,0,0,2,4,4,4,8,5,0,0,4,0.0165128679999497,0.0074015760000065,0.006083244000024,0.0299983239999619,1.4393056186040245,1.387685852944851,0,0,0,0,2,0,1,1.0,0.6666666666666666,0.8,0.9113459526438414,2,0,1,1.0,0.6666666666666666,0.8,0.9113459526438414,0,0,0,0.0,0.0,0.0,0,0,0,0.0,0.0,0.0,0,0
COCO,474028,15,15,0,0,14,287,28,287,315,197,0,0,28,0.0171158890000242,0.0209150200000749,0.0201844419999588,0.0582159870000396,11.97839400570004,11.462238125556794,0,0,0,0,13,1,2,0.9285714285714286,0.8666666666666667,0.896551724137931,0.8798568280229836,13,1,2,0.9285714285714286,0.8666666666666667,0.896551724137931,0.8798568280229836,0,0,0,0.0,0.0,0.0,0,0,0,0.0,0.0,0.0,0,0
COCO,66523,1,1,0,0,1,0,2,0,2,1,0,0,2,0.0136097790000349,0.0063338040000644,0.0059233729999732,0.0258675540000012,0.6084539333979289,0.602774514257908,0,0,0,0,1,0,0,1.0,1.0,1.0,0.8785116209525657,1,0,0,1.0,1.0,1.0,0.8785116209525657,0,0,0,0.0,0.0,0.0,0,0,0,0.0,0.0,0.0,0,0
COCO,355257,3,3,0,0,2,4,4,4,8,5,0,0,4,0.0142314290000058,0.0066419099999848,0.0056100629999491,0.0264840649999769,1.2900133641560876,1.17681054353714,0,0,0,0,0,2,3,0.0,0.0,0.0,0.6923862629634103,0,2,3,0.0,0.0,0.0,0.6923862629634103,0,0,0,0.0,0.0,0.0,0,0,0,0.0,0.0,0.0,0,0
COCO,142092,1,1,0,0,1,0,2,0,2,1,0,0,2,0.0150294459999713,0.008225108999909,0.0056782950000524,0.0289336390000016,0.6015952269236247,0.5930865913629533,0,0,0,0,1,0,0,1.0,1.0,1.0,0.9551595124292064,1,0,0,1.0,1.0,1.0,0.9551595124292064,0,0,0,0.0,0.0,0.0,0,0,0,0.0,0.0,0.0,0,0
COCO,63154,2,2,0,0,4,25,8,25,33,17,0,0,8,0.0143761119999226,0.0084063560000231,0.0072339350000447,0.0300170289999641,3.0467217984480124,2.746091046053416,0,0,0,0,2,2,0,0.5,1.0,0.6666666666666666,0.6822770266517785,2,2,0,0.5,1.0,0.6666666666666666,0.6822770266517785,0,0,0,0.0,0.0,0.0,0,0,0,0.0,0.0,0.0,0,0
COCO,199551,2,2,0,0,2,3,4,3,7,5,0,0,4,0.0140074780000531,0.0074827070000083,0.0065684180000289,0.0280593310000085,1.3904587872823078,1.3351897037029263,0,0,0,0,2,0,0,1.0,1.0,1.0,0.7729388578113188,2,0,0,1.0,1.0,1.0,0.7729388578113188,0,0,0,0.0,0.0,0.0,0,0,0,0.0,0.0,0.0,0,0
COCO,239347,4,4,0,0,2,3,4,3,7,5,0,0,4,0.0151131900000791,0.0070034189999432,0.0060238250000566,0.0281411170000183,1.226301661332449,1.08681776329875,0,0,0,0,0,2,4,0.0,0.0,0.0,0.0,0,2,4,0.0,0.0,0.0,0.0,0,0,0,0.0,0.0,0.0,0,0,0,0.0,0.0,0.0,0,0
COCO,514508,5,5,0,0,5,33,10,33,43,26,0,0,10,0.0143485219999774,0.0088303029999678,0.0073450219999813,0.0305245399999876,4.193400255044303,4.012844526916743,0,0,0,0,4,1,1,0.8,0.8,0.8000000000000002,0.8906448799261273,4,1,1,0.8,0.8,0.8000000000000002,0.8906448799261273,0,0,0,0.0,0.0,0.0,0,0,0,0.0,0.0,0.0,0,0
COCO,473237,3,3,0,0,2,6,4,6,10,5,0,0,4,0.0136043059999337,0.0069268440000769,0.0060729719999699,0.0266047809999463,1.507741359074911,1.4843513363599778,0,0,0,0,2,0,1,1.0,0.6666666666666666,0.8,0.9471893976728668,2,0,1,1.0,0.6666666666666666,0.8,0.9471893976728668,0,0,0,0.0,0.0,0.0,0,0,0,0.0,0.0,0.0,0,0
COCO,228144,4,4,0,0,3,10,6,10,16,10,0,0,6,0.0120419399999036,0.0070223889999851,0.0057637879999674,0.0248286819999066,2.441006643772125,2.298421884328127,0,0,0,0,1,2,3,0.3333333333333333,0.25,0.2857142857142857,0.973989694078298,1,2,3,0.3333333333333333,0.25,0.2857142857142857,0.973989694078298,0,0,0,0.0,0.0,0.0,0,0,0,0.0,0.0,0.0,0,0
COCO,206027,6,6,0,0,6,49,12,49,61,37,0,0,12,0.0161591649999763,0.0100887400000146,0.008848649000015,0.0350972469999533,5.0703329349178405,4.804152550162707,0,0,0,0,3,3,3,0.5,0.5,0.5,0.9307191306448191,3,3,3,0.5,0.5,0.5,0.9307191306448191,0,0,0,0.0,0.0,0.0,0,0,0,0.0,0.0,0.0,0,0
COCO,78915,12,12,0,0,17,501,34,501,535,290,0,0,34,0.0579580600000326,0.0303941959999747,0.0282883390000279,0.1166412710000486,13.633683885099378,12.611874605727085,0,0,0,0,10,7,2,0.5882352941176471,0.8333333333333334,0.6896551724137931,0.8138860551421191,10,7,2,0.5882352941176471,0.8333333333333334,0.6896551724137931,0.8138860551421191,0,0,0,0.0,0.0,0.0,0,0,0,0.0,0.0,0.0,0,0
COCO,551215,2,2,0,0,1,0,2,0,2,1,0,0,2,0.0156586709999828,0.0065921579999894,0.005661878000069,0.027913384000044,0.6119760672251384,0.6077495282888412,0,0,0,0,1,0,1,1.0,0.5,0.6666666666666666,0.962801332902072,1,0,1,1.0,0.5,0.6666666666666666,0.962801332902072,0,0,0,0.0,0.0,0.0,0,0,0,0.0,0.0,0.0,0,0
COCO,544519,2,2,0,0,4,28,8,28,36,17,0,0,8,0.0141284300000279,0.0091261689999555,0.0105451480000056,0.0338007259999812,3.2761344877878837,3.0728732973337185,0,0,0,0,2,2,0,0.5,1.0,0.6666666666666666,0.8814649871980861,2,2,0,0.5,1.0,0.6666666666666666,0.8814649871980861,0,0,0,0.0,0.0,0.0,0,0,0,0.0,0.0,0.0,0,0
COCO,96493,3,3,0,0,3,9,6,9,15,10,0,0,6,0.0150395839999646,0.0078817090000029,0.0069008870000288,0.0298228430000335,2.563533673286438,2.4549913135170938,0,0,0,0,1,2,2,0.3333333333333333,0.3333333333333333,0.3333333333333333,0.8816909517133402,1,2,2,0.3333333333333333,0.3333333333333333,0.3333333333333333,0.8816909517133402,0,0,0,0.0,0.0,0.0,0,0,0,0.0,0.0,0.0,0,0
COCO,23899,9,9,0,0,5,36,10,36,46,26,0,0,10,0.0139989870000363,0.0092203970000355,0.0086449779998929,0.0318650799999886,4.078636442190335,3.767829972819413,0,0,0,0,2,3,7,0.4,0.2222222222222222,0.2857142857142857,0.6546844932699376,2,3,7,0.4,0.2222222222222222,0.2857142857142857,0.6546844932699376,0,0,0,0.0,0.0,0.0,0,0,0,0.0,0.0,0.0,0,0
COCO,340175,29,29,0,0,6,60,12,60,72,37,0,0,12,0.0144057549999843,0.0102282199999308,0.0092758060000051,0.033910444000071,4.8587615485777,4.515355716227447,0,0,0,0,5,1,24,0.8333333333333334,0.1724137931034483,0.2857142857142857,0.841383098291866,5,1,24,0.8333333333333334,0.1724137931034483,0.2857142857142857,0.841383098291866,0,0,0,0.0,0.0,0.0,0,0,0,0.0,0.0,0.0,0,0
COCO,578500,14,14,0,0,12,247,24,247,271,145,0,0,24,0.0585136870000724,0.0186725280000246,0.0179578429999764,0.0951447230000894,9.19784922564756,8.306360046662203,0,0,0,0,5,7,9,0.4166666666666667,0.3571428571428571,0.3846153846153846,0.8384397394512377,5,7,9,0.4166666666666667,0.3571428571428571,0.3846153846153846,0.8384397394512377,0,0,0,0.0,0.0,0.0,0,0,0,0.0,0.0,0.0,0,0
COCO,366141,4,4,0,0,6,57,12,57,69,37,0,0,12,0.0147075360000599,0.0101097769999114,0.0089086279999719,0.0337266160000808,4.694483828544618,4.265958407819273,0,0,0,0,3,3,1,0.5,0.75,0.6,0.9002528195582031,3,3,1,0.5,0.75,0.6,0.9002528195582031,0,0,0,0.0,0.0,0.0,0,0,0,0.0,0.0,0.0,0,0
COCO,57597,33,33,0,0,22,884,44,884,928,485,0,0,44,0.0205185360000541,0.0545933199999808,0.0509212480000087,0.1260340229999883,16.89726004294611,15.250020685911744,0,0,0,0,9,13,24,0.4090909090909091,0.2727272727272727,0.3272727272727272,0.7967535235225243,9,13,24,0.4090909090909091,0.2727272727272727,0.3272727272727272,0.7967535235225243,0,0,0,0.0,0.0,0.0,0,0,0,0.0,0.0,0.0,0,0
COCO,559842,18,18,0,0,18,506,36,506,542,325,0,0,36,0.0177182669999638,0.0328029790000528,0.0338992179999877,0.0844212229999357,15.531711472238973,14.926007860269022,0,0,0,0,13,5,5,0.7222222222222222,0.7222222222222222,0.7222222222222222,0.9029307827833748,13,5,5,0.7222222222222222,0.7222222222222222,0.7222222222222222,0.9029307827833748,0,0,0,0.0,0.0,0.0,0,0,0,0.0,0.0,0.0,0,0
COCO,434230,21,21,0,0,20,680,40,680,720,401,0,0,40,0.0198116390000677,0.040984336000065,0.0374909939999952,0.09828784299998,15.95658042030356,14.72774137508692,0,0,0,0,6,14,15,0.3,0.2857142857142857,0.2926829268292683,0.8120630893933579,6,14,15,0.3,0.2857142857142857,0.2926829268292683,0.8120630893933579,0,0,0,0.0,0.0,0.0,0,0,0,0.0,0.0,0.0,0,0
COCO,428454,5,5,0,0,4,26,8,26,34,17,0,0,8,0.0152319710000483,0.0087757909999481,0.0076881600000433,0.0316966850000426,3.433346451918285,3.261935196667911,0,0,0,0,2,2,3,0.5,0.4,0.4444444444444445,0.8460609578628362,2,2,3,0.5,0.4,0.4444444444444445,0.8460609578628362,0,0,0,0.0,0.0,0.0,0,0,0,0.0,0.0,0.0,0,0
COCO,399462,4,4,0,0,4,20,8,20,28,17,0,0,8,0.0144682769999917,0.0084469089999856,0.0072221510000645,0.0301379169999336,3.763455197016399,3.761213799118997,0,0,0,0,4,0,0,1.0,1.0,1.0,0.9240872712801887,4,0,0,1.0,1.0,1.0,0.9240872712801887,0,0,0,0.0,0.0,0.0,0,0,0,0.0,0.0,0.0,0,0
COCO,261061,5,5,0,0,2,4,4,4,8,5,0,0,4,0.014610489000006,0.0069799920000832,0.0061383849999856,0.0277295340000591,1.5024348529179892,1.4768558964133265,0,0,0,0,1,1,4,0.5,0.2,0.2857142857142857,0.9150726697509513,1,1,4,0.5,0.2,0.2857142857142857,0.9150726697509513,0,0,0,0.0,0.0,0.0,0,0,0,0.0,0.0,0.0,0,0
COCO,168330,7,7,0,0,5,40,10,40,50,26,0,0,10,0.0135387849999233,0.0091307440000036,0.0078726779998987,0.0305427920000056,4.169969697793326,3.9467488647997393,0,0,0,0,4,1,3,0.8,0.5714285714285714,0.6666666666666666,0.8105873746987209,4,1,3,0.8,0.5714285714285714,0.6666666666666666,0.8105873746987209,0,0,0,0.0,0.0,0.0,0,0,0,0.0,0.0,0.0,0,0
COCO,383384,12,12,0,0,6,54,12,54,66,37,0,0,12,0.0166161350000493,0.0091034259999105,0.0082494100000758,0.0339695229999961,5.345673401355745,5.218763679414989,0,0,0,0,5,1,7,0.8333333333333334,0.4166666666666667,0.5555555555555556,0.9283994286995034,5,1,7,0.8333333333333334,0.4166666666666667,0.5555555555555556,0.9283994286995034,0,0,0,0.0,0.0,0.0,0,0,0,0.0,0.0,0.0,0,0
COCO,342006,4,4,0,0,3,12,6,12,18,10,0,0,6,0.0143009469999242,0.0074132969999709,0.00607361699997,0.0277885649999234,2.5537247037887583,2.4411361441016206,0,0,0,0,2,1,2,0.6666666666666666,0.5,0.5714285714285715,0.8480281867912208,2,1,2,0.6666666666666666,0.5,0.5714285714285715,0.8480281867912208,0,0,0,0.0,0.0,0.0,0,0,0,0.0,0.0,0.0,0,0
COCO,217285,25,25,0,0,14,333,28,333,361,197,0,0,28,0.0168631530000311,0.022431795999978,0.0203512409999575,0.0596471570000858,11.004278970559442,10.102210712581876,0,0,0,0,7,7,18,0.5,0.28,0.358974358974359,0.9295412223728424,7,7,18,0.5,0.28,0.358974358974359,0.9295412223728424,0,0,0,0.0,0.0,0.0,0,0,0,0.0,0.0,0.0,0,0
COCO,236412,2,2,0,0,2,6,4,6,10,5,0,0,4,0.0152948080000214,0.0074036920000253,0.0063635610000574,0.0290628090000382,1.4322251151856136,1.351053592697417,0,0,0,0,1,1,1,0.5,0.5,0.5,0.8971391065323536,1,1,1,0.5,0.5,0.5,0.8971391065323536,0,0,0,0.0,0.0,0.0,0,0,0,0.0,0.0,0.0,0,0
COCO,524456,6,6,0,0,3,12,6,12,18,10,0,0,6,0.0143221759999505,0.0073946720000321,0.0065694400000211,0.0282868729999563,2.458970556259156,2.3072959107160576,0,0,0,0,2,1,4,0.6666666666666666,0.3333333333333333,0.4444444444444444,0.7738015083116703,2,1,4,0.6666666666666666,0.3333333333333333,0.4444444444444444,0.7738015083116703,0,0,0,0.0,0.0,0.0,0,0,0,0.0,0.0,0.0,0,0
COCO,153343,2,2,0,0,2,2,4,2,6,5,0,0,4,0.0143970099999251,0.0069712600000002,0.006020307999961,0.027389196999934,1.474818600018819,1.4543479391932486,0,0,0,0,2,0,0,1.0,1.0,1.0,0.7295344181137527,2,0,0,1.0,1.0,1.0,0.7295344181137527,0,0,0,0.0,0.0,0.0,0,0,0,0.0,0.0,0.0,0,0
COCO,95786,4,4,0,0,2,4,4,4,8,5,0,0,4,0.0138772439999002,0.0068471829999907,0.006111345000022,0.0268364899999369,1.5401619466145835,1.530145416259766,0,0,0,0,1,1,3,0.5,0.25,0.3333333333333333,0.8905550079214837,1,1,3,0.5,0.25,0.3333333333333333,0.8905550079214837,0,0,0,0.0,0.0,0.0,0,0,0,0.0,0.0,0.0,0,0
COCO,326541,9,9,0,0,4,14,8,14,22,17,0,0,8,0.0129020709999849,0.0073278989999607,0.0063229950000049,0.0265534819999402,3.3631644598643,3.261803132891656,0,0,0,0,4,0,5,1.0,0.4444444444444444,0.6153846153846153,0.8007324131271225,4,0,5,1.0,0.4444444444444444,0.6153846153846153,0.8007324131271225,0,0,0,0.0,0.0,0.0,0,0,0,0.0,0.0,0.0,0,0
COCO,213086,5,5,0,0,4,20,8,20,28,17,0,0,8,0.0142232729999705,0.0082962789999783,0.0072561449999284,0.0297762999999804,3.2020464197794607,2.9558489012718208,0,0,0,0,2,2,3,0.5,0.4,0.4444444444444445,0.8394845192353907,2,2,3,0.5,0.4,0.4444444444444445,0.8394845192353907,0,0,0,0.0,0.0,0.0,0,0,0,0.0,0.0,0.0,0,0
COCO,231339,3,3,0,0,4,27,8,27,35,17,0,0,8,0.0139858269999422,0.0080101579999336,0.0071779510000169,0.0291745339999351,3.3041406051317863,3.1000569380819805,0,0,0,0,2,2,1,0.5,0.6666666666666666,0.5714285714285715,0.9008668480941948,2,2,1,0.5,0.6666666666666666,0.5714285714285715,0.9008668480941948,0,0,0,0.0,0.0,0.0,0,0,0,0.0,0.0,0.0,0,0
COCO,508730,6,6,0,0,3,8,6,8,14,10,0,0,6,0.0156001240000023,0.0071397890000071,0.0067032290000952,0.0294438980000677,2.6933958005905154,2.654921568334103,0,0,0,0,2,1,4,0.6666666666666666,0.3333333333333333,0.4444444444444444,0.8823617082558394,2,1,4,0.6666666666666666,0.3333333333333333,0.4444444444444444,0.8823617082558394,0,0,0,0.0,0.0,0.0,0,0,0,0.0,0.0,0.0,0,0
COCO,550426,1,1,0,0,2,2,4,2,6,5,0,0,4,0.014697749999982,0.0064633279999952,0.0057725039999922,0.0269341680000252,1.290987649758657,1.1781867219507696,0,0,0,0,1,1,0,0.5,1.0,0.6666666666666666,0.8545613377320646,1,1,0,0.5,1.0,0.6666666666666666,0.8545613377320646,0,0,0,0.0,0.0,0.0,0,0,0,0.0,0.0,0.0,0,0
COCO,368294,2,2,0,0,1,0,2,0,2,1,0,0,2,0.0140060080000239,0.0064361209999788,0.0057037609999497,0.0261464950000345,0.620518938700358,0.6198163342475891,0,0,0,0,1,0,1,1.0,0.5,0.6666666666666666,0.9240361720158043,1,0,1,1.0,0.5,0.6666666666666666,0.9240361720158043,0,0,0,0.0,0.0,0.0,0,0,0,0.0,0.0,0.0,0,0
COCO,171190,38,38,0,0,23,929,46,929,975,530,0,0,46,0.0183062840000047,0.0477838710000924,0.0470775740000135,0.1131685000000288,19.098698714731817,17.98543531493215,0,0,0,0,18,5,20,0.782608695652174,0.4736842105263157,0.5901639344262294,0.8259623767500133,18,5,20,0.782608695652174,0.4736842105263157,0.5901639344262294,0.8259623767500133,0,0,0,0.0,0.0,0.0,0,0,0,0.0,0.0,0.0,0,0
COCO,301135,23,23,0,0,17,514,34,514,548,290,0,0,34,0.0183411939999587,0.0301768030000175,0.0288549340000372,0.0773736549999739,14.156732579036278,13.326646931731425,0,0,0,0,15,2,8,0.8823529411764706,0.6521739130434783,0.75,0.8494667196107635,15,2,8,0.8823529411764706,0.6521739130434783,0.75,0.8494667196107635,0,0,0,0.0,0.0,0.0,0,0,0,0.0,0.0,0.0,0,0
COCO,580294,9,9,0,0,4,25,8,25,33,17,0,0,8,0.0135487659999853,0.008350661999998,0.0080331909999813,0.0299333609999621,3.299091297785442,3.0805497914552697,0,0,0,0,3,1,6,0.75,0.3333333333333333,0.4615384615384615,0.8151947127383519,3,1,6,0.75,0.3333333333333333,0.4615384615384615,0.8151947127383519,0,0,0,0.0,0.0,0.0,0,0,0,0.0,0.0,0.0,0,0
COCO,494869,9,9,0,0,9,143,18,143,161,82,0,0,18,0.0165538879999758,0.0136427590000494,0.0132132210000008,0.0434105030000182,7.392263410515922,6.897207824416297,0,0,0,0,6,3,3,0.6666666666666666,0.6666666666666666,0.6666666666666666,0.805723434560441,6,3,3,0.6666666666666666,0.6666666666666666,0.6666666666666666,0.805723434560441,0,0,0,0.0,0.0,0.0,0,0,0,0.0,0.0,0.0,0,0
COCO,33638,8,8,0,0,8,108,16,108,124,65,0,0,16,0.0139646220000031,0.0121970889999829,0.0119292949999589,0.0380917249999583,6.140163729985557,5.551272935271265,0,0,0,0,1,7,7,0.125,0.125,0.125,0.947072650630515,1,7,7,0.125,0.125,0.125,0.947072650630515,0,0,0,0.0,0.0,0.0,0,0,0,0.0,0.0,0.0,0,0
COCO,329219,21,21,0,0,8,104,16,104,120,65,0,0,16,0.0153453909999825,0.0119918139999981,0.0114355089999662,0.0387733509999179,6.177796968464,5.612908176823401,0,0,0,0,4,4,17,0.5,0.1904761904761904,0.2758620689655172,0.8193827855367825,4,4,17,0.5,0.1904761904761904,0.2758620689655172,0.8193827855367825,0,0,0,0.0,0.0,0.0,0,0,0,0.0,0.0,0.0,0,0
COCO,34873,9,9,0,0,6,64,12,64,76,37,0,0,12,0.0147731920000069,0.0106726320000234,0.0093426889999364,0.0347891530000197,4.772866090376684,4.382453870911904,0,0,0,0,3,3,6,0.5,0.3333333333333333,0.4,0.8713509323917258,3,3,6,0.5,0.3333333333333333,0.4,0.8713509323917258,0,0,0,0.0,0.0,0.0,0,0,0,0.0,0.0,0.0,0,0
COCO,186980,14,14,0,0,3,10,6,10,16,10,0,0,6,0.0155569089999971,0.0072794220000105,0.0060678580000512,0.0289048170000114,2.7286916685104377,2.704776981770993,0,0,0,0,3,0,11,1.0,0.2142857142857142,0.3529411764705882,0.8675551024719357,3,0,11,1.0,0.2142857142857142,0.3529411764705882,0.8675551024719357,0,0,0,0.0,0.0,0.0,0,0,0,0.0,0.0,0.0,0,0
COCO,127182,10,10,0,0,7,81,14,81,95,50,0,0,14,0.0185075910000023,0.012633701000027,0.009571357000027,0.0407133230000908,5.594528633282764,5.1568746720017815,0,0,0,0,6,1,4,0.8571428571428571,0.6,0.7058823529411764,0.8335049108607965,6,1,4,0.8571428571428571,0.6,0.7058823529411764,0.8335049108607965,0,0,0,0.0,0.0,0.0,0,0,0,0.0,0.0,0.0,0,0
COCO,356387,21,21,0,0,12,249,24,249,273,145,0,0,24,0.0220286919999352,0.0223221690000627,0.0203386830000908,0.0646904579999727,9.422076648768822,8.567226596918744,0,0,0,0,12,0,9,1.0,0.5714285714285714,0.7272727272727273,0.8202640248528955,12,0,9,1.0,0.5714285714285714,0.7272727272727273,0.8202640248528955,0,0,0,0.0,0.0,0.0,0,0,0,0.0,0.0,0.0,0,0
COCO,367680,14,14,0,0,11,186,22,186,208,122,0,0,22,0.0148631680000335,0.0162887240001055,0.0141681710000511,0.0453209099999867,9.315687346634435,8.827165730721918,0,0,0,0,6,5,8,0.5454545454545454,0.4285714285714285,0.4799999999999999,0.9062309736226656,6,5,8,0.5454545454545454,0.4285714285714285,0.4799999999999999,0.9062309736226656,0,0,0,0.0,0.0,0.0,0,0,0,0.0,0.0,0.0,0,0
COCO,263796,1,1,0,0,1,0,2,0,2,1,0,0,2,0.0168284689999609,0.0061695970000528,0.0055323180000641,0.0285308589999431,0.395801035563151,0.3024022960662842,0,0,0,0,1,0,0,1.0,1.0,1.0,0.9143280734768966,1,0,0,1.0,1.0,1.0,0.9143280734768966,0,0,0,0.0,0.0,0.0,0,0,0,0.0,0.0,0.0,0,0
COCO,117425,7,7,0,0,5,40,10,40,50,26,0,0,10,0.0139149079999469,0.0088347570000451,0.0080968949999942,0.0308472149999943,4.201052006085715,3.9906526252627392,0,0,0,0,4,1,3,0.8,0.5714285714285714,0.6666666666666666,0.8749520951070928,4,1,3,0.8,0.5714285714285714,0.6666666666666666,0.8749520951070928,0,0,0,0.0,0.0,0.0,0,0,0,0.0,0.0,0.0,0,0
COCO,365387,4,4,0,0,2,4,4,4,8,5,0,0,4,0.0129830560000527,0.0068002290000777,0.0061315269999795,0.0259153719999858,1.0890662105878195,0.8929726891219617,0,0,0,0,0,2,4,0.0,0.0,0.0,0.9617112535954562,0,2,4,0.0,0.0,0.0,0.9617112535954562,0,0,0,0.0,0.0,0.0,0,0,0,0.0,0.0,0.0,0,0
COCO,487583,2,2,0,0,3,12,6,12,18,10,0,0,6,0.0129328620000706,0.0072635999999874,0.0063248530000237,0.0265220979999867,2.518675441741944,2.4081290614604955,0,0,0,0,2,1,0,0.6666666666666666,1.0,0.8,0.8109398257308542,2,1,0,0.6666666666666666,1.0,0.8,0.8109398257308542,0,0,0,0.0,0.0,0.0,0,0,0,0.0,0.0,0.0,0,0
COCO,504711,2,2,0,0,3,9,6,9,15,10,0,0,6,0.0152210479999439,0.0076159320000215,0.0066098300000021,0.0294475009999359,2.5920395326614387,2.511755839884282,0,0,0,0,2,1,0,0.6666666666666666,1.0,0.8,0.9277282572955016,2,1,0,0.6666666666666666,1.0,0.8,0.9277282572955016,0,0,0,0.0,0.0,0.0,0,0,0,0.0,0.0,0.0,0,0
COCO,363840,12,12,0,0,8,103,16,103,119,65,0,0,16,0.0145478849999562,0.0118988000000399,0.0104857569999694,0.036933117999979,7.0874570544560775,6.901699756085875,0,0,0,0,6,2,6,0.75,0.5,0.6,0.9368194119115728,6,2,6,0.75,0.5,0.6,0.9368194119115728,0,0,0,0.0,0.0,0.0,0,0,0,0.0,0.0,0.0,0,0
COCO,214720,11,11,0,0,8,100,16,100,116,65,0,0,16,0.0150336170000855,0.0121550210000123,0.0117548419999593,0.0389441610000176,6.636469152768455,6.239929344952109,0,0,0,0,7,1,4,0.875,0.6363636363636364,0.7368421052631579,0.8736428801976958,7,1,4,0.875,0.6363636363636364,0.7368421052631579,0.8736428801976958,0,0,0,0.0,0.0,0.0,0,0,0,0.0,0.0,0.0,0,0
COCO,379453,1,1,0,0,1,0,2,0,2,1,0,0,2,0.0139903739999454,0.0064778830000022,0.0059378130000595,0.026406675999965,0.6391234556833902,0.6460952144861221,0,0,0,0,1,0,0,1.0,1.0,1.0,0.9641252230743304,1,0,0,1.0,1.0,1.0,0.9641252230743304,0,0,0,0.0,0.0,0.0,0,0,0,0.0,0.0,0.0,0,0
COCO,311295,10,10,0,0,7,82,14,82,96,50,0,0,14,0.0169570430000476,0.0115329940000492,0.010001895000073,0.0384925790000352,5.579569342205091,5.134924833892946,0,0,0,0,5,2,5,0.7142857142857143,0.5,0.588235294117647,0.7817154089438959,5,2,5,0.7142857142857143,0.5,0.588235294117647,0.7817154089438959,0,0,0,0.0,0.0,0.0,0,0,0,0.0,0.0,0.0,0,0
COCO,29393,4,4,0,0,2,4,4,4,8,5,0,0,4,0.0147241419999772,0.0069968889999927,0.0063742809999212,0.028095975000042,1.3685655029614767,1.2877654395997529,0,0,0,0,1,1,3,0.5,0.25,0.3333333333333333,0.87309864089106,1,1,3,0.5,0.25,0.3333333333333333,0.87309864089106,0,0,0,0.0,0.0,0.0,0,0,0,0.0,0.0,0.0,0,0
COCO,278848,10,10,0,0,10,167,20,167,187,101,0,0,20,0.0150238510000235,0.0153191520000746,0.0131128529999386,0.043456515999992,8.646239725730357,8.287957712095517,0,0,0,0,9,1,1,0.9,0.9,0.9,0.868706593797786,9,1,1,0.9,0.9,0.9,0.868706593797786,0,0,0,0.0,0.0,0.0,0,0,0,0.0,0.0,0.0,0,0
COCO,166391,28,28,0,0,20,666,40,666,706,401,0,0,40,0.0169632160000219,0.0397862249999434,0.0381309889999101,0.0948810759999787,16.8233684899748,15.916261307481989,0,0,0,0,16,4,12,0.8,0.5714285714285714,0.6666666666666666,0.805913071641147,16,4,12,0.8,0.5714285714285714,0.6666666666666666,0.805913071641147,0,0,0,0.0,0.0,0.0,0,0,0,0.0,0.0,0.0,0,0
COCO,48153,2,2,0,0,1,0,2,0,2,1,0,0,2,0.0156603469999936,0.0065540339999188,0.0062416150000217,0.0284567799999422,0.5776742140452067,0.5592981606721878,0,0,0,0,1,0,1,1.0,0.5,0.6666666666666666,0.8739167539511179,1,0,1,1.0,0.5,0.6666666666666666,0.8739167539511179,0,0,0,0.0,0.0,0.0,0,0,0,0.0,0.0,0.0,0,0
COCO,459153,4,4,0,0,4,28,8,28,36,17,0,0,8,0.0164090100000748,0.0085516699999743,0.0080068299999993,0.0329681240000354,3.388184097347622,3.189316554355586,0,0,0,0,3,1,1,0.75,0.75,0.75,0.9590179355313748,3,1,1,0.75,0.75,0.75,0.9590179355313748,0,0,0,0.0,0.0,0.0,0,0,0,0.0,0.0,0.0,0,0
COCO,295713,12,12,0,0,11,211,22,211,233,121,0,0,22,0.0156410099999675,0.0209253120000312,0.0152098649999743,0.0517769089999546,8.794587906201683,8.134647084176542,0,0,0,0,9,2,3,0.8181818181818182,0.75,0.7826086956521738,0.8166307979200705,9,2,3,0.8181818181818182,0.75,0.7826086956521738,0.8166307979200705,0,0,0,0.0,0.0,0.0,0,0,0,0.0,0.0,0.0,0,0
COCO,223130,1,1,0,0,2,4,4,4,8,5,0,0,4,0.0146999620000087,0.0066768820000788,0.0063224709999758,0.0276999650000107,1.306197908719381,1.1996712127327922,0,0,0,0,1,1,0,0.5,1.0,0.6666666666666666,0.8941213096049604,1,1,0,0.5,1.0,0.6666666666666666,0.8941213096049604,0,0,0,0.0,0.0,0.0,0,0,0,0.0,0.0,0.0,0,0
COCO,273132,3,3,0,0,1,0,2,0,2,1,0,0,2,0.0166237390000105,0.0063779269999031,0.0061648119999517,0.0291671229999792,0.5810126225153605,0.56401366263628,0,0,0,0,1,0,2,1.0,0.3333333333333333,0.5,0.8559722795090394,1,0,2,1.0,0.3333333333333333,0.5,0.8559722795090394,0,0,0,0.0,0.0,0.0,0,0,0,0.0,0.0,0.0,0,0
COCO,198960,3,3,0,0,3,6,6,6,12,10,0,0,6,0.0152021520000289,0.0075937069999554,0.0067136530000198,0.0295103490000201,2.66976930141449,2.654549138247967,0,0,0,0,3,0,0,1.0,1.0,1.0,0.885688643360627,3,0,0,1.0,1.0,1.0,0.885688643360627,0,0,0,0.0,0.0,0.0,0,0,0,0.0,0.0,0.0,0,0
COCO,344059,2,2,0,0,2,2,4,2,6,5,0,0,4,0.0131486709999535,0.006694326999991,0.005996026000048,0.0258396650000349,1.5499256261189778,1.5604366135597227,0,0,0,0,2,0,0,1.0,1.0,1.0,0.9077329161889665,2,0,0,1.0,1.0,1.0,0.9077329161889665,0,0,0,0.0,0.0,0.0,0,0,0,0.0,0.0,0.0,0,0
COCO,410428,10,10,0,0,12,253,24,253,277,145,0,0,24,0.0157312569999703,0.0182734869999876,0.0179060849999359,0.0519113939999442,9.84469669410121,9.128676815713758,0,0,0,0,6,6,4,0.5,0.6,0.5454545454545454,0.7794459535846027,6,6,4,0.5,0.6,0.5454545454545454,0.7794459535846027,0,0,0,0.0,0.0,0.0,0,0,0,0.0,0.0,0.0,0,0
COCO,87875,1,1,0,0,1,0,2,0,2,1,0,0,2,0.0165101210000102,0.0065016890000606,0.0053909440000552,0.0284035270000231,0.6409365336100261,0.6486561870574952,0,0,0,0,1,0,0,1.0,1.0,1.0,0.9144831905377924,1,0,0,1.0,1.0,1.0,0.9144831905377924,0,0,0,0.0,0.0,0.0,0,0,0,0.0,0.0,0.0,0,0
COCO,450758,7,7,0,0,7,46,14,46,60,50,0,0,14,0.0170319530000142,0.0094362390000242,0.0085628669999096,0.0350316690000909,6.204957968393959,6.1263364636898014,0,0,0,0,7,0,0,1.0,1.0,1.0,0.8494010326745007,7,0,0,1.0,1.0,1.0,0.8494010326745007,0,0,0,0.0,0.0,0.0,0,0,0,0.0,0.0,0.0,0,0
COCO,458790,0,0,0,0,0,0,0,0,0,0,0,0,1,0.0111617610000394,0.0051682539999546,0.0043637290000333,0.0206943260000116,,,0,0,0,0,0,0,0,0.0,0.0,0.0,0.0,0,0,0,0.0,0.0,0.0,0.0,0,0,0,0.0,0.0,0.0,0,0,0,0.0,0.0,0.0,0,0
COCO,460160,1,1,0,0,2,4,4,4,8,5,0,0,4,0.014594091000049,0.0068466199999193,0.0058236529999931,0.0272649040000487,1.2315901311238608,1.09428772687912,0,0,0,0,1,1,0,0.5,1.0,0.6666666666666666,0.5889659488370801,1,1,0,0.5,1.0,0.6666666666666666,0.5889659488370801,0,0,0,0.0,0.0,0.0,0,0,0,0.0,0.0,0.0,0,0
COCO,458109,5,5,0,0,1,0,2,0,2,1,0,0,2,0.0134890030000178,0.0062024430000064,0.0055290860000241,0.025221063999993,0.6125419775644938,0.6085488766431809,0,0,0,0,1,0,4,1.0,0.2,0.3333333333333333,0.9784469930723704,1,0,4,1.0,0.2,0.3333333333333333,0.9784469930723704,0,0,0,0.0,0.0,0.0,0,0,0,0.0,0.0,0.0,0,0
COCO,30675,1,1,0,0,1,0,2,0,2,1,0,0,2,0.014114931999984,0.0062809610000158,0.0061088719999133,0.0265053020000323,0.6226968208948771,0.6228925928473473,0,0,0,0,1,0,0,1.0,1.0,1.0,0.9684835372411208,1,0,0,1.0,1.0,1.0,0.9684835372411208,0,0,0,0.0,0.0,0.0,0,0,0,0.0,0.0,0.0,0,0
COCO,566524,7,7,0,0,3,10,6,10,16,10,0,0,6,0.0155397519999951,0.0068293729999595,0.0057767019999346,0.0281464089999872,2.6965695095062263,2.6594044321775443,0,0,0,0,3,0,4,1.0,0.4285714285714285,0.6,0.8854287480636353,3,0,4,1.0,0.4285714285714285,0.6,0.8854287480636353,0,0,0,0.0,0.0,0.0,0,0,0,0.0,0.0,0.0,0,0
COCO,338428,4,4,0,0,3,8,6,8,14,10,0,0,6,0.0153363519999629,0.0068965630000548,0.0062277739999672,0.0284614339999507,2.4895193433761595,2.350446072518825,0,0,0,0,2,1,2,0.6666666666666666,0.5,0.5714285714285715,0.8747796106435475,2,1,2,0.6666666666666666,0.5,0.5714285714285715,0.8747796106435475,0,0,0,0.0,0.0,0.0,0,0,0,0.0,0.0,0.0,0,0
COCO,545826,2,2,0,0,3,12,6,12,18,10,0,0,6,0.0138786190000246,0.007215780000024,0.0073620430000573,0.0284570940000321,2.3310938776887795,2.126852784440651,0,0,0,0,1,2,1,0.3333333333333333,0.5,0.4,0.954978788802796,1,2,1,0.3333333333333333,0.5,0.4,0.954978788802796,0,0,0,0.0,0.0,0.0,0,0,0,0.0,0.0,0.0,0,0
COCO,166277,4,4,0,0,1,0,2,0,2,1,0,0,2,0.0139672969999082,0.0067546620000484,0.005511317000014,0.0262338569999656,0.5658264557520549,0.5425632020831108,0,0,0,0,1,0,3,1.0,0.25,0.4,0.924776170079782,1,0,3,1.0,0.25,0.4,0.924776170079782,0,0,0,0.0,0.0,0.0,0,0,0,0.0,0.0,0.0,0,0
COCO,269314,2,2,0,0,1,0,2,0,2,1,0,0,2,0.0145053399999142,0.0068241129999933,0.0058073449999938,0.0271374759998934,0.5119006792704264,0.4663930428028107,0,0,0,0,0,1,2,0.0,0.0,0.0,0.0,0,1,2,0.0,0.0,0.0,0.0,0,0,0,0.0,0.0,0.0,0,0,0,0.0,0.0,0.0,0,0
COCO,476415,2,2,0,0,2,3,4,3,7,5,0,0,4,0.012853242999995,0.006909442000051,0.0066949549999435,0.0264585420000003,1.4628771670659382,1.4374806651473044,0,0,0,0,2,0,0,1.0,1.0,1.0,0.956719231811986,2,0,0,1.0,1.0,1.0,0.956719231811986,0,0,0,0.0,0.0,0.0,0,0,0,0.0,0.0,0.0,0,0
COCO,292082,5,5,0,0,7,86,14,86,100,50,0,0,14,0.0172337610000568,0.0121037689999639,0.0113043180000431,0.0406427130000111,5.477080315748853,5.015709279328587,0,0,0,0,4,3,1,0.5714285714285714,0.8,0.6666666666666666,0.7700369183662548,4,3,1,0.5714285714285714,0.8,0.6666666666666666,0.7700369183662548,0,0,0,0.0,0.0,0.0,0,0,0,0.0,0.0,0.0,0,0
COCO,360137,3,3,0,0,4,28,8,28,36,17,0,0,8,0.0168409970000311,0.0084203539998952,0.007902907000016,0.0331649449999531,3.2203360788027453,2.9363080446422107,0,0,0,0,3,1,0,0.75,1.0,0.8571428571428571,0.8118124155978078,3,1,0,0.75,1.0,0.8571428571428571,0.8118124155978078,0,0,0,0.0,0.0,0.0,0,0,0,0.0,0.0,0.0,0,0
COCO,122046,3,3,0,0,2,4,4,4,8,5,0,0,4,0.0143419139999423,0.0067223950001107,0.0058165609999605,0.0268815309999581,1.5632636578877768,1.5627765834331515,0,0,0,0,2,0,1,1.0,0.6666666666666666,0.8,0.9588730851629108,2,0,1,1.0,0.6666666666666666,0.8,0.9588730851629108,0,0,0,0.0,0.0,0.0,0,0,0,0.0,0.0,0.0,0,0
COCO,352684,10,10,0,0,10,120,20,120,140,101,0,0,20,0.0144272,0.0133734839999988,0.0136875959999542,0.0414889019999691,8.484969572226209,8.098352854102853,0,0,0,0,10,0,0,1.0,1.0,1.0,0.8589419244279707,10,0,0,1.0,1.0,1.0,0.8589419244279707,0,0,0,0.0,0.0,0.0,0,0,0,0.0,0.0,0.0,0,0
COCO,512836,7,7,0,0,5,32,10,32,42,26,0,0,10,0.0149898210000856,0.0088839900000721,0.0077251310000292,0.0315996790000099,4.098112674554191,3.84525081947446,0,0,0,0,4,1,3,0.8,0.5714285714285714,0.6666666666666666,0.8559554579053819,4,1,3,0.8,0.5714285714285714,0.6666666666666666,0.8559554579053819,0,0,0,0.0,0.0,0.0,0,0,0,0.0,0.0,0.0,0,0
COCO,8021,7,7,0,0,4,23,8,23,31,17,0,0,8,0.0155151779999869,0.0089996259999907,0.0075642279999783,0.0320797549999269,3.663244411150616,3.6196660640835776,0,0,0,0,4,0,3,1.0,0.5714285714285714,0.7272727272727273,0.9029937535561686,4,0,3,1.0,0.5714285714285714,0.7272727272727273,0.9029937535561686,0,0,0,0.0,0.0,0.0,0,0,0,0.0,0.0,0.0,0,0
COCO,107226,18,18,0,0,12,244,24,244,268,145,0,0,24,0.0154141240000171,0.0185503519999201,0.0173707140000942,0.0513358370000105,9.868201695734408,9.227231937551643,0,0,0,0,9,3,9,0.75,0.5,0.6,0.7951350482885142,9,3,9,0.75,0.5,0.6,0.7951350482885142,0,0,0,0.0,0.0,0.0,0,0,0,0.0,0.0,0.0,0,0
COCO,84477,3,3,0,0,4,23,8,23,31,17,0,0,8,0.0150721310000108,0.0083048139999846,0.0077956680000852,0.0311733749999802,3.463819493452709,3.3256033678352845,0,0,0,0,3,1,0,0.75,1.0,0.8571428571428571,0.8527785615047079,3,1,0,0.75,1.0,0.8571428571428571,0.8527785615047079,0,0,0,0.0,0.0,0.0,0,0,0,0.0,0.0,0.0,0,0
COCO,562243,2,2,0,0,2,2,4,2,6,5,0,0,4,0.0159017670000594,0.0065228480000314,0.0060384630000953,0.02846384999998,1.5538693221410118,1.5495070841908456,0,0,0,0,2,0,0,1.0,1.0,1.0,0.9452499027375,2,0,0,1.0,1.0,1.0,0.9452499027375,0,0,0,0.0,0.0,0.0,0,0,0,0.0,0.0,0.0,0,0
COCO,181859,2,2,0,0,2,4,4,4,8,5,0,0,4,0.0130644839999831,0.007169656999963,0.0059445519999599,0.0261794310000595,1.3300611766179404,1.2333780786395074,0,0,0,0,1,1,1,0.5,0.5,0.5,0.9051673480356696,1,1,1,0.5,0.5,0.5,0.9051673480356696,0,0,0,0.0,0.0,0.0,0,0,0,0.0,0.0,0.0,0,0
COCO,177015,6,6,0,0,4,22,8,22,30,17,0,0,8,0.0149509540000281,0.0085491730000057,0.0070237020000831,0.0305245309999691,3.313482367308385,3.1480927969132337,0,0,0,0,1,3,5,0.25,0.1666666666666666,0.2,0.7234368480178333,1,3,5,0.25,0.1666666666666666,0.2,0.7234368480178333,0,0,0,0.0,0.0,0.0,0,0,0,0.0,0.0,0.0,0,0
COCO,292236,7,7,0,0,7,78,14,78,92,50,0,0,14,0.0143096460000151,0.0113747950000515,0.0112988900000345,0.0369841460000088,5.76892561880565,5.421609961418472,0,0,0,0,6,1,1,0.8571428571428571,0.8571428571428571,0.8571428571428571,0.893688497863042,6,1,1,0.8571428571428571,0.8571428571428571,0.8571428571428571,0.893688497863042,0,0,0,0.0,0.0,0.0,0,0,0,0.0,0.0,0.0,0,0
COCO,121506,9,9,0,0,7,83,14,83,97,50,0,0,14,0.0170278750000534,0.011405222999997,0.0109095230000093,0.0393432980000625,5.434988236570316,4.900422280772484,0,0,0,0,3,4,6,0.4285714285714285,0.3333333333333333,0.375,0.7181045446797039,3,4,6,0.4285714285714285,0.3333333333333333,0.375,0.7181045446797039,0,0,0,0.0,0.0,0.0,0,0,0,0.0,0.0,0.0,0,0
COCO,288042,3,3,0,0,3,11,6,11,17,10,0,0,6,0.0143982490000098,0.0077210460000287,0.0063400259999752,0.0284599510000589,2.593808736801148,2.485379840731621,0,0,0,0,2,1,1,0.6666666666666666,0.6666666666666666,0.6666666666666666,0.7845448846188312,2,1,1,0.6666666666666666,0.6666666666666666,0.6666666666666666,0.7845448846188312,0,0,0,0.0,0.0,0.0,0,0,0,0.0,0.0,0.0,0,0
COCO,453860,2,2,0,0,4,16,8,16,24,17,0,0,8,0.0135572619999493,0.0086561179999762,0.0071763089999876,0.0293903159999899,3.300237430731457,3.0739187042415157,0,0,0,0,1,3,1,0.25,0.5,0.3333333333333333,0.9661193704979428,1,3,1,0.25,0.5,0.3333333333333333,0.9661193704979428,0,0,0,0.0,0.0,0.0,0,0,0,0.0,0.0,0.0,0,0
COCO,500257,31,31,0,0,7,78,14,78,92,50,0,0,14,0.0164585640000041,0.0104655549999961,0.0099718200000324,0.0368966139999429,5.449409801165265,4.976624677479269,0,0,0,0,5,2,26,0.7142857142857143,0.1612903225806451,0.2631578947368421,0.8847033910318329,5,2,26,0.7142857142857143,0.1612903225806451,0.2631578947368421,0.8847033910318329,0,0,0,0.0,0.0,0.0,0,0,0,0.0,0.0,0.0,0,0
COCO,113403,4,4,0,0,3,10,6,10,16,10,0,0,6,0.0142273380000688,0.0073090270000193,0.0058701250000012,0.0274072160000287,2.448276998996735,2.341691261082888,0,0,0,0,3,0,1,1.0,0.75,0.8571428571428571,0.7085657194290721,3,0,1,1.0,0.75,0.8571428571428571,0.7085657194290721,0,0,0,0.0,0.0,0.0,0,0,0,0.0,0.0,0.0,0,0
COCO,125062,10,10,0,0,7,76,14,76,90,50,0,0,14,0.0154075400000692,0.0128962490000503,0.010737142000039,0.0390416850000292,5.698517105190424,5.289880789328087,0,0,0,0,6,1,4,0.8571428571428571,0.6,0.7058823529411764,0.749772731848556,6,1,4,0.8571428571428571,0.6,0.7058823529411764,0.749772731848556,0,0,0,0.0,0.0,0.0,0,0,0,0.0,0.0,0.0,0,0
COCO,375015,1,1,0,0,1,0,2,0,2,1,0,0,2,0.0146848790000149,0.0064372589999948,0.0054940249999617,0.0266168790000165,0.6473310152689615,0.6576883924007415,0,0,0,0,1,0,0,1.0,1.0,1.0,0.9733687616627542,1,0,0,1.0,1.0,1.0,0.9733687616627542,0,0,0,0.0,0.0,0.0,0,0,0,0.0,0.0,0.0,0,0
COCO,334719,9,9,0,0,6,54,12,54,66,37,0,0,12,0.0135928690000355,0.0095869120000315,0.0096566040000425,0.0328370720000066,5.420140023231508,5.323947782814504,0,0,0,0,6,0,3,1.0,0.6666666666666666,0.8,0.9254134516325112,6,0,3,1.0,0.6666666666666666,0.8,0.9254134516325112,0,0,0,0.0,0.0,0.0,0,0,0,0.0,0.0,0.0,0,0
COCO,134112,3,3,0,0,3,10,6,10,16,10,0,0,6,0.0139441409999108,0.0076819820000082,0.0069403509999119,0.0285674040000003,2.6540937897351085,2.6061141967561543,0,0,0,0,3,0,0,1.0,1.0,1.0,0.9669496938836613,3,0,0,1.0,1.0,1.0,0.9669496938836613,0,0,0,0.0,0.0,0.0,0,0,0,0.0,0.0,0.0,0,0
COCO,283520,4,4,0,0,3,12,6,12,18,10,0,0,6,0.0158036909999736,0.0072331130000975,0.0061739669999951,0.0292114110000056,2.603013117313385,2.527256028205157,0,0,0,0,3,0,1,1.0,0.75,0.8571428571428571,0.7757243562538525,3,0,1,1.0,0.75,0.8571428571428571,0.7757243562538525,0,0,0,0.0,0.0,0.0,0,0,0,0.0,0.0,0.0,0,0
COCO,31269,3,3,0,0,3,8,6,8,14,10,0,0,6,0.014772033999975,0.0068970230000786,0.0069570619999694,0.0286267489999545,2.757599000930787,2.762108588814736,0,0,0,0,3,0,0,1.0,1.0,1.0,0.948038534878914,3,0,0,1.0,1.0,1.0,0.948038534878914,0,0,0,0.0,0.0,0.0,0,0,0,0.0,0.0,0.0,0,0
COCO,319721,4,4,0,0,4,24,8,24,32,17,0,0,8,0.0152102710000008,0.0085519340000246,0.0078448929999694,0.0316081679999342,3.464929092612628,3.323939095722401,0,0,0,0,3,1,1,0.75,0.75,0.75,0.8791372285688736,3,1,1,0.75,0.75,0.75,0.8791372285688736,0,0,0,0.0,0.0,0.0,0,0,0,0.0,0.0,0.0,0,0
COCO,165351,6,6,0,0,0,0,0,0,0,0,0,0,1,0.0164470119999577,0.0051371189999827,0.0041698320000023,0.0257544730000063,,,0,0,0,0,0,0,6,0.0,0.0,0.0,0.0,0,0,6,0.0,0.0,0.0,0.0,0,0,0,0.0,0.0,0.0,0,0,0,0.0,0.0,0.0,0,0
COCO,347265,2,2,0,0,3,10,6,10,16,10,0,0,6,0.0147961480000731,0.0069021680000105,0.00648304799995,0.0281819460000178,2.4012710530028687,2.2098242630527363,0,0,0,0,2,1,0,0.6666666666666666,1.0,0.8,0.7293135248154516,2,1,0,0.6666666666666666,1.0,0.8,0.7293135248154516,0,0,0,0.0,0.0,0.0,0,0,0,0.0,0.0,0.0,0,0
COCO,414170,7,7,0,0,5,39,10,39,49,26,0,0,10,0.0143844319999288,0.008988271000021,0.0088956700000153,0.0322690469999997,4.353546453317008,4.193676031976939,0,0,0,0,5,0,2,1.0,0.7142857142857143,0.8333333333333333,0.8407176923240819,5,0,2,1.0,0.7142857142857143,0.8333333333333333,0.8407176923240819,0,0,0,0.0,0.0,0.0,0,0,0,0.0,0.0,0.0,0,0
COCO,231508,26,26,0,0,13,305,26,305,331,170,0,0,26,0.0145605719999366,0.0202240059999212,0.0207692159999623,0.0555544799999552,10.347715086035306,9.513895168644565,0,0,0,0,10,3,16,0.7692307692307693,0.3846153846153846,0.5128205128205128,0.8075357231501343,10,3,16,0.7692307692307693,0.3846153846153846,0.5128205128205128,0.8075357231501343,0,0,0,0.0,0.0,0.0,0,0,0,0.0,0.0,0.0,0,0
COCO,389381,6,6,0,0,8,117,16,117,133,65,0,0,16,0.017012081999951,0.0129274449999456,0.0115352469999834,0.0414756159999569,6.399347625573479,5.917370187789205,0,0,0,0,5,3,1,0.625,0.8333333333333334,0.7142857142857143,0.9122096908810884,5,3,1,0.625,0.8333333333333334,0.7142857142857143,0.9122096908810884,0,0,0,0.0,0.0,0.0,0,0,0,0.0,0.0,0.0,0,0
COCO,118921,3,3,0,0,2,2,4,2,6,5,0,0,4,0.0144412580000334,0.0065517719999661,0.0056691160000355,0.026662768000051,1.5745042594273886,1.5786539331078533,0,0,0,0,2,0,1,1.0,0.6666666666666666,0.8,0.9614069036944756,2,0,1,1.0,0.6666666666666666,0.8,0.9614069036944756,0,0,0,0.0,0.0,0.0,0,0,0,0.0,0.0,0.0,0,0
COCO,21503,8,8,0,0,2,4,4,4,8,5,0,0,4,0.0139510469999777,0.0070668050000222,0.0060544830000708,0.0270730389999016,1.2043727548917138,1.055843182951212,0,0,0,0,0,2,8,0.0,0.0,0.0,0.9739677540679708,0,2,8,0.0,0.0,0.0,0.9739677540679708,0,0,0,0.0,0.0,0.0,0,0,0,0.0,0.0,0.0,0,0
COCO,785,2,2,0,0,2,3,4,3,7,5,0,0,4,0.0135663370000429,0.0067794029999959,0.0053953300000557,0.0257416030000285,1.4314353736241658,1.376569131910801,0,0,0,0,2,0,0,1.0,1.0,1.0,0.9388114439911144,2,0,0,1.0,1.0,1.0,0.9388114439911144,0,0,0,0.0,0.0,0.0,0,0,0,0.0,0.0,0.0,0,0
COCO,300842,1,1,0,0,2,2,4,2,6,5,0,0,4,0.0121114149999357,0.0070186350000085,0.0060246299999562,0.0251553489999878,1.2467365821202596,1.0826820889115334,0,0,0,0,1,1,0,0.5,1.0,0.6666666666666666,0.6246241769296125,1,1,0,0.5,1.0,0.6666666666666666,0.6246241769296125,0,0,0,0.0,0.0,0.0,0,0,0,0.0,0.0,0.0,0,0
COCO,105014,6,6,0,0,5,40,10,40,50,26,0,0,10,0.0158208130000048,0.008809974000087,0.0087129830000094,0.0333444610000697,3.9853529446139406,3.684416474681544,0,0,0,0,3,2,3,0.6,0.5,0.5454545454545454,0.9140180107666488,3,2,3,0.6,0.5,0.5454545454545454,0.9140180107666488,0,0,0,0.0,0.0,0.0,0,0,0,0.0,0.0,0.0,0,0
COCO,261982,5,5,0,0,4,18,8,18,26,17,0,0,8,0.0143669930000669,0.0083032260000663,0.0074064509999516,0.0300773210000215,3.325381595293682,3.1589348366856584,0,0,0,0,4,0,1,1.0,0.8,0.888888888888889,0.7870664888990492,4,0,1,1.0,0.8,0.888888888888889,0.7870664888990492,0,0,0,0.0,0.0,0.0,0,0,0,0.0,0.0,0.0,0,0
COCO,34205,3,3,0,0,1,0,2,0,2,1,0,0,2,0.014441067000007,0.0072108580000076,0.0062705829999458,0.0279230659999711,0.5027727524439494,0.4534998461604119,0,0,0,0,0,1,3,0.0,0.0,0.0,0.0,0,1,3,0.0,0.0,0.0,0.0,0,0,0,0.0,0.0,0.0,0,0,0,0.0,0.0,0.0,0,0
COCO,99242,2,2,0,0,2,4,4,4,8,5,0,0,4,0.015847620000045,0.008943295999984,0.0083917089999658,0.0331836919999659,1.5333660395940147,1.5205461975932124,0,0,0,0,2,0,0,1.0,1.0,1.0,0.949831384565957,2,0,0,1.0,1.0,1.0,0.949831384565957,0,0,0,0.0,0.0,0.0,0,0,0,0.0,0.0,0.0,0,0
COCO,314709,2,2,0,0,2,2,4,2,6,5,0,0,4,0.0130213759999833,0.0070422339999822,0.0056311650000679,0.0256954810000706,1.5055587323506674,1.4812683761119847,0,0,0,0,2,0,0,1.0,1.0,1.0,0.8746377502706686,2,0,0,1.0,1.0,1.0,0.8746377502706686,0,0,0,0.0,0.0,0.0,0,0,0,0.0,0.0,0.0,0,0
COCO,460494,9,9,0,0,8,115,16,115,131,65,0,0,16,0.014244930000018,0.01240148699992,0.0112465109999675,0.0379081400000131,6.748327959442735,6.375441866283218,0,0,0,0,4,4,5,0.5,0.4444444444444444,0.4705882352941176,0.9241129953891676,4,4,5,0.5,0.4444444444444444,0.4705882352941176,0.9241129953891676,0,0,0,0.0,0.0,0.0,0,0,0,0.0,0.0,0.0,0,0
COCO,339442,3,3,0,0,2,4,4,4,8,5,0,0,4,0.0536896720000186,0.0072291789999781,0.0059613589999116,0.0668807629999719,1.4258181126912437,1.3686347508430483,0,0,0,0,2,0,1,1.0,0.6666666666666666,0.8,0.877672459733198,2,0,1,1.0,0.6666666666666666,0.8,0.877672459733198,0,0,0,0.0,0.0,0.0,0,0,0,0.0,0.0,0.0,0,0
COCO,541055,11,11,0,0,6,49,12,49,61,37,0,0,12,0.0141875639999398,0.0092744989999573,0.0087131269999645,0.0321758210000098,5.313911931514741,5.149150603264571,0,0,0,0,5,1,6,0.8333333333333334,0.4545454545454545,0.5882352941176471,0.8017291553517246,5,1,6,0.8333333333333334,0.4545454545454545,0.5882352941176471,0.8017291553517246,0,0,0,0.0,0.0,0.0,0,0,0,0.0,0.0,0.0,0,0
COCO,409475,2,2,0,0,2,2,4,2,6,5,0,0,4,0.0135850739999341,0.0065010470000288,0.005644071000006,0.0257308869998951,1.5488450892766314,1.5589103552699088,0,0,0,0,2,0,0,1.0,1.0,1.0,0.96484217752656,2,0,0,1.0,1.0,1.0,0.96484217752656,0,0,0,0.0,0.0,0.0,0,0,0,0.0,0.0,0.0,0,0
COCO,464786,2,2,0,0,3,10,6,10,16,10,0,0,6,0.0136202160000493,0.0066387890000214,0.0061635639999622,0.0264231769999696,2.36848702235614,2.202381155327904,0,0,0,0,2,1,0,0.6666666666666666,1.0,0.8,0.7201163091241565,2,1,0,0.6666666666666666,1.0,0.8,0.7201163091241565,0,0,0,0.0,0.0,0.0,0,0,0,0.0,0.0,0.0,0,0
COCO,378605,4,4,0,0,2,4,4,4,8,5,0,0,4,0.0134001619999253,0.0064207120000219,0.0057248839999601,0.0255464599999868,1.61087344010671,1.6300254008173949,0,0,0,0,2,0,2,1.0,0.5,0.6666666666666666,0.9233028275409204,2,0,2,1.0,0.5,0.6666666666666666,0.9233028275409204,0,0,0,0.0,0.0,0.0,0,0,0,0.0,0.0,0.0,0,0
COCO,331817,17,17,0,0,10,175,20,175,195,101,0,0,20,0.0174545849999958,0.0166822989999673,0.0148941049999393,0.0490318060000163,8.268385901186024,7.783349961423033,0,0,0,0,7,3,10,0.7,0.4117647058823529,0.5185185185185185,0.8689029725122198,7,3,10,0.7,0.4117647058823529,0.5185185185185185,0.8689029725122198,0,0,0,0.0,0.0,0.0,0,0,0,0.0,0.0,0.0,0,0
COCO,218091,7,7,0,0,4,24,8,24,32,17,0,0,8,0.0146127199999455,0.0077862840000761,0.0070418900000959,0.0294416189999537,3.195138832728069,2.9584669345617307,0,0,0,0,3,1,4,0.75,0.4285714285714285,0.5454545454545454,0.8603688495772271,3,1,4,0.75,0.4285714285714285,0.5454545454545454,0.8603688495772271,0,0,0,0.0,0.0,0.0,0,0,0,0.0,0.0,0.0,0,0
COCO,578545,4,4,0,0,3,9,6,9,15,9,0,0,6,0.0159685469999431,0.0069048480000901,0.0063772799999242,0.029251328999976,2.2166099095344545,2.0557114972174166,0,0,0,0,2,1,2,0.6666666666666666,0.5,0.5714285714285715,0.9147801576368564,2,1,2,0.6666666666666666,0.5,0.5714285714285715,0.9147801576368564,0,0,0,0.0,0.0,0.0,0,0,0,0.0,0.0,0.0,0,0
COCO,363207,14,14,0,0,11,207,22,207,229,122,0,0,22,0.0159784390000368,0.0171243099999856,0.015376931999981,0.0484803619999638,8.854531272252403,8.219317088723185,0,0,0,0,8,3,6,0.7272727272727273,0.5714285714285714,0.64,0.804688324670919,8,3,6,0.7272727272727273,0.5714285714285714,0.64,0.804688324670919,0,0,0,0.0,0.0,0.0,0,0,0,0.0,0.0,0.0,0,0
COCO,372577,3,3,0,0,3,12,6,12,18,10,0,0,6,0.0164978280000696,0.0072671460000037,0.0060937319999538,0.0298593869999876,2.772107763290406,2.766102215647698,0,0,0,0,3,0,0,1.0,1.0,1.0,0.9097529512798928,3,0,0,1.0,1.0,1.0,0.9097529512798928,0,0,0,0.0,0.0,0.0,0,0,0,0.0,0.0,0.0,0,0
COCO,212166,1,1,0,0,3,8,6,8,14,10,0,0,6,0.0168649610000102,0.0067825139999513,0.0057999619999691,0.0294480339999836,2.51949030984309,2.3481931220379137,0,0,0,0,1,2,0,0.3333333333333333,1.0,0.5,0.9495531440125748,1,2,0,0.3333333333333333,1.0,0.5,0.9495531440125748,0,0,0,0.0,0.0,0.0,0,0,0,0.0,0.0,0.0,0,0
COCO,172571,8,8,0,0,10,171,20,171,191,101,0,0,20,0.0163824300000214,0.0156250879999788,0.0154663199999731,0.0474745249999841,8.025326320116775,7.396163958991624,0,0,0,0,4,6,4,0.4,0.5,0.4444444444444445,0.8191420774494611,4,6,4,0.4,0.5,0.4444444444444445,0.8191420774494611,0,0,0,0.0,0.0,0.0,0,0,0,0.0,0.0,0.0,0,0
COCO,294831,5,5,0,0,5,39,10,39,49,26,0,0,10,0.0128133040000193,0.0088263349999806,0.0082327689999601,0.0298730659999364,4.140927814362831,3.90534094772576,0,0,0,0,4,1,1,0.8,0.8,0.8000000000000002,0.9224557852448582,4,1,1,0.8,0.8,0.8000000000000002,0.9224557852448582,0,0,0,0.0,0.0,0.0,0,0,0,0.0,0.0,0.0,0,0
COCO,84431,2,2,0,0,3,9,6,9,15,10,0,0,6,0.0568105410000043,0.0083862359999784,0.0063727110000399,0.0715700810000043,2.717042925022662,2.655517003499092,0,0,0,0,2,1,0,0.6666666666666666,1.0,0.8,0.962592124987052,2,1,0,0.6666666666666666,1.0,0.8,0.962592124987052,0,0,0,0.0,0.0,0.0,0,0,0,0.0,0.0,0.0,0,0
COCO,323355,3,3,0,0,4,24,8,24,32,17,0,0,8,0.0150476339999841,0.0086604240000269,0.0080163270000639,0.0317251019999957,3.32408888022105,3.140608876645566,0,0,0,0,3,1,0,0.75,1.0,0.8571428571428571,0.8733983511998388,3,1,0,0.75,1.0,0.8571428571428571,0.8733983511998388,0,0,0,0.0,0.0,0.0,0,0,0,0.0,0.0,0.0,0,0
COCO,355325,11,11,0,0,6,50,12,50,62,37,0,0,12,0.0154248500000448,0.0099365139999463,0.0089073160000907,0.0342693479999525,5.202150576972225,4.97715566631482,0,0,0,0,6,0,5,1.0,0.5454545454545454,0.7058823529411764,0.850286302101436,6,0,5,1.0,0.5454545454545454,0.7058823529411764,0.850286302101436,0,0,0,0.0,0.0,0.0,0,0,0,0.0,0.0,0.0,0,0
COCO,100582,3,3,0,0,1,0,2,0,2,1,0,0,2,0.0149532049999834,0.0066939680000359,0.00620045200003,0.0278485169999385,0.6329883495966593,0.6374293771386146,0,0,0,0,1,0,2,1.0,0.3333333333333333,0.5,0.9753228332700248,1,0,2,1.0,0.3333333333333333,0.5,0.9753228332700248,0,0,0,0.0,0.0,0.0,0,0,0,0.0,0.0,0.0,0,0
COCO,555412,1,1,0,0,1,0,2,0,2,1,0,0,2,0.0140015690000154,0.0065071530000295,0.0052415820000533,0.0257508639999741,0.5891117493311564,0.5754536792635918,0,0,0,0,1,0,0,1.0,1.0,1.0,0.9902382416618826,1,0,0,1.0,1.0,1.0,0.9902382416618826,0,0,0,0.0,0.0,0.0,0,0,0,0.0,0.0,0.0,0,0
COCO,4495,3,3,0,0,3,12,6,12,18,10,0,0,6,0.0141963259999329,0.0071239600000581,0.0061432269999386,0.0274640869999984,2.7774795150756844,2.757189815044404,0,0,0,0,3,0,0,1.0,1.0,1.0,0.971326657339338,3,0,0,1.0,1.0,1.0,0.971326657339338,0,0,0,0.0,0.0,0.0,0,0,0,0.0,0.0,0.0,0,0
COCO,9483,6,6,0,0,7,76,14,76,90,50,0,0,14,0.0142226320000418,0.0101379639999095,0.0094314429999258,0.0337927720000834,5.9575637690226255,5.682017157077791,0,0,0,0,4,3,2,0.5714285714285714,0.6666666666666666,0.6153846153846153,0.927151567504324,4,3,2,0.5714285714285714,0.6666666666666666,0.6153846153846153,0.927151567504324,0,0,0,0.0,0.0,0.0,0,0,0,0.0,0.0,0.0,0,0
COCO,326082,17,17,0,0,8,107,16,107,123,65,0,0,16,0.0146405330000334,0.0126759170000241,0.0110243789999913,0.0383414420000463,6.779224394285761,6.4477851046364325,0,0,0,0,5,3,12,0.625,0.2941176470588235,0.4,0.8709069137313326,5,3,12,0.625,0.2941176470588235,0.4,0.8709069137313326,0,0,0,0.0,0.0,0.0,0,0,0,0.0,0.0,0.0,0,0
COCO,398237,5,5,0,0,4,20,8,20,28,17,0,0,8,0.0156017340000289,0.007651753999994,0.0072841319999952,0.0305382540000209,3.2092069355646777,2.9783381298184404,0,0,0,0,1,3,4,0.25,0.2,0.2222222222222222,0.9407520496306324,1,3,4,0.25,0.2,0.2222222222222222,0.9407520496306324,0,0,0,0.0,0.0,0.0,0,0,0,0.0,0.0,0.0,0,0
COCO,507223,9,9,0,0,7,74,14,74,88,50,0,0,14,0.0154508500000929,0.0103288899999824,0.009757358999991,0.0355377330000692,5.863958329359693,5.562174473553898,0,0,0,0,6,1,3,0.8571428571428571,0.6666666666666666,0.75,0.8383738314803787,6,1,3,0.8571428571428571,0.6666666666666666,0.75,0.8383738314803787,0,0,0,0.0,0.0,0.0,0,0,0,0.0,0.0,0.0,0,0
COCO,31050,1,1,0,0,3,10,6,10,16,10,0,0,6,0.014754025000002,0.0076093669999863,0.0062988780000523,0.0286629519999905,2.2199258518219,1.9861452656984329,0,0,0,0,1,2,0,0.3333333333333333,1.0,0.5,0.8223771871650155,1,2,0,0.3333333333333333,1.0,0.5,0.8223771871650155,0,0,0,0.0,0.0,0.0,0,0,0,0.0,0.0,0.0,0,0
COCO,239537,3,3,0,0,3,12,6,12,18,10,0,0,6,0.0140661760000284,0.0069835309999461,0.0065550010000379,0.0276053450000972,2.7690569829940803,2.7617929884791383,0,0,0,0,3,0,0,1.0,1.0,1.0,0.929388468803776,3,0,0,1.0,1.0,1.0,0.929388468803776,0,0,0,0.0,0.0,0.0,0,0,0,0.0,0.0,0.0,0,0
COCO,340930,2,2,0,0,4,27,8,27,35,17,0,0,8,0.0136367940000354,0.008436415999995,0.0074349300000449,0.0295088160000887,2.830129021072039,2.4567353315787006,0,0,0,0,1,3,1,0.25,0.5,0.3333333333333333,0.970956943130756,1,3,1,0.25,0.5,0.3333333333333333,0.970956943130756,0,0,0,0.0,0.0,0.0,0,0,0,0.0,0.0,0.0,0,0
COCO,11813,2,2,0,0,0,0,0,0,0,0,0,0,1,0.0120642659999248,0.0049172069999485,0.0043377380000038,0.0213197470000068,,,0,0,0,0,0,0,2,0.0,0.0,0.0,0.0,0,0,2,0.0,0.0,0.0,0.0,0,0,0,0.0,0.0,0.0,0,0,0,0.0,0.0,0.0,0,0
COCO,281414,3,3,0,0,2,5,4,5,9,5,0,0,4,0.0137895309999294,0.0065523409999741,0.0062406509999846,0.026583209000023,1.4827946933110558,1.449114170968533,0,0,0,0,2,0,1,1.0,0.6666666666666666,0.8,0.7146498504646874,2,0,1,1.0,0.6666666666666666,0.8,0.7146498504646874,0,0,0,0.0,0.0,0.0,0,0,0,0.0,0.0,0.0,0,0
COCO,537991,7,7,0,0,6,60,12,60,72,37,0,0,12,0.014520508999908,0.0093701409999766,0.0088295079999625,0.0327208569999584,5.216246588230135,5.035948305875064,0,0,0,0,5,1,2,0.8333333333333334,0.7142857142857143,0.7692307692307692,0.8368452238771,5,1,2,0.8333333333333334,0.7142857142857143,0.7692307692307692,0.8368452238771,0,0,0,0.0,0.0,0.0,0,0,0,0.0,0.0,0.0,0,0
COCO,284282,1,1,0,0,1,0,2,0,2,1,0,0,2,0.0131158080000659,0.0062309800000548,0.005583601000012,0.0249309020000509,0.5388722817103069,0.5044904312491417,0,0,0,0,0,1,1,0.0,0.0,0.0,0.0,0,1,1,0.0,0.0,0.0,0.0,0,0,0,0.0,0.0,0.0,0,0,0,0.0,0.0,0.0,0,0
COCO,321333,3,3,0,0,3,10,6,10,16,10,0,0,6,0.0140401659999724,0.0082023900000649,0.007034362000013,0.0292774989999315,2.4210903239250183,2.270290082544088,0,0,0,0,3,0,0,1.0,1.0,1.0,0.7391343798694344,3,0,0,1.0,1.0,1.0,0.7391343798694344,0,0,0,0.0,0.0,0.0,0,0,0,0.0,0.0,0.0,0,0
COCO,521282,1,1,0,0,1,0,2,0,2,1,0,0,2,0.0140148069999668,0.0067862989999412,0.0062541099999862,0.0270558569999366,0.6139049688975016,0.6104741019010544,0,0,0,0,1,0,0,1.0,1.0,1.0,0.9352123608465424,1,0,0,1.0,1.0,1.0,0.9352123608465424,0,0,0,0.0,0.0,0.0,0,0,0,0.0,0.0,0.0,0,0
COCO,108026,3,3,0,0,3,12,6,12,18,10,0,0,6,0.0138547770000059,0.0070584300000291,0.0063723920000029,0.027286226000001,2.333230709241781,2.151058944868001,0,0,0,0,2,1,1,0.6666666666666666,0.6666666666666666,0.6666666666666666,0.9760917511879516,2,1,1,0.6666666666666666,0.6666666666666666,0.6666666666666666,0.9760917511879516,0,0,0,0.0,0.0,0.0,0,0,0,0.0,0.0,0.0,0,0
COCO,243204,4,4,0,0,1,0,2,0,2,1,0,0,2,0.0135038409999879,0.0064862069999662,0.0056658349999452,0.0256564999999682,0.528244177500407,0.4894782340526581,0,0,0,0,1,0,3,1.0,0.25,0.4,0.5759383109687994,1,0,3,1.0,0.25,0.4,0.5759383109687994,0,0,0,0.0,0.0,0.0,0,0,0,0.0,0.0,0.0,0,0
COCO,177935,13,13,0,0,3,14,6,14,20,10,0,0,6,0.0142193490000863,0.0075757890000431,0.0062564319999864,0.0280523110000103,2.355235514640809,2.1607701644301422,0,0,0,0,2,1,11,0.6666666666666666,0.1538461538461538,0.25,0.7666417897667601,2,1,11,0.6666666666666666,0.1538461538461538,0.25,0.7666417897667601,0,0,0,0.0,0.0,0.0,0,0,0,0.0,0.0,0.0,0,0
COCO,38829,12,12,0,0,9,121,18,121,139,82,0,0,18,0.0155485149999776,0.0129317839999885,0.0133659910000005,0.0418470930000012,7.929462592601778,7.702365912050011,0,0,0,0,8,1,4,0.8888888888888888,0.6666666666666666,0.761904761904762,0.8345108026770066,8,1,4,0.8888888888888888,0.6666666666666666,0.761904761904762,0.8345108026770066,0,0,0,0.0,0.0,0.0,0,0,0,0.0,0.0,0.0,0,0
COCO,397327,2,2,0,0,2,4,4,4,8,5,0,0,4,0.0125446409999767,0.0070037559999036,0.0059748090000084,0.0255239309999524,1.4808430941899615,1.446357537209988,0,0,0,0,2,0,0,1.0,1.0,1.0,0.9013225225519692,2,0,0,1.0,1.0,1.0,0.9013225225519692,0,0,0,0.0,0.0,0.0,0,0,0,0.0,0.0,0.0,0,0
COCO,501523,5,5,0,0,5,39,10,39,49,26,0,0,10,0.0136183910000227,0.008941271000026,0.0091484759999502,0.0317088570000123,4.121529794534048,3.84532750144601,0,0,0,0,3,2,2,0.6,0.6,0.6,0.870832287083839,3,2,2,0.6,0.6,0.6,0.870832287083839,0,0,0,0.0,0.0,0.0,0,0,0,0.0,0.0,0.0,0,0
COCO,555050,18,18,0,0,10,175,20,175,195,101,0,0,20,0.014578877999952,0.0154196030000548,0.014738598000008,0.0447377819999701,8.357137347402904,7.895312321774894,0,0,0,0,6,4,12,0.6,0.3333333333333333,0.4285714285714285,0.7921844215907472,6,4,12,0.6,0.3333333333333333,0.4285714285714285,0.7921844215907472,0,0,0,0.0,0.0,0.0,0,0,0,0.0,0.0,0.0,0,0
COCO,376442,2,2,0,0,1,0,2,0,2,1,0,0,2,0.0129866300000003,0.0064516229999753,0.0057192589999885,0.0251581200000146,0.5885992924372355,0.5747298339009286,0,0,0,0,1,0,1,1.0,0.5,0.6666666666666666,0.8722026700887596,1,0,1,1.0,0.5,0.6666666666666666,0.8722026700887596,0,0,0,0.0,0.0,0.0,0,0,0,0.0,0.0,0.0,0,0
COCO,187243,3,3,0,0,2,4,4,4,8,5,0,0,4,0.0128575620000219,0.0066314329999386,0.0058262060000515,0.0253159420000201,1.5882376941045129,1.598052409589291,0,0,0,0,2,0,1,1.0,0.6666666666666666,0.8,0.9085969368180432,2,0,1,1.0,0.6666666666666666,0.8,0.9085969368180432,0,0,0,0.0,0.0,0.0,0,0,0,0.0,0.0,0.0,0,0
COCO,356347,3,3,0,0,1,0,2,0,2,1,0,0,2,0.0149988609999809,0.0062355690000686,0.0052485979999801,0.0264836850000165,0.4821222941080729,0.4243310737609863,0,0,0,0,1,0,2,1.0,0.3333333333333333,0.5,0.7523007569186192,1,0,2,1.0,0.3333333333333333,0.5,0.7523007569186192,0,0,0,0.0,0.0,0.0,0,0,0,0.0,0.0,0.0,0,0
COCO,293044,4,4,0,0,3,12,6,12,18,10,0,0,6,0.0124423009999645,0.0072242820000383,0.0067166789999646,0.0263838319999649,2.413514540195466,2.2430892880260958,0,0,0,0,1,2,3,0.3333333333333333,0.25,0.2857142857142857,0.8496573051499077,1,2,3,0.3333333333333333,0.25,0.2857142857142857,0.8496573051499077,0,0,0,0.0,0.0,0.0,0,0,0,0.0,0.0,0.0,0,0
COCO,560279,2,2,0,0,3,14,6,14,20,10,0,0,6,0.0165188920000218,0.0073164939999514,0.0064144529999339,0.0302506210000501,2.468518674373627,2.2630326275527484,0,0,0,0,1,2,1,0.3333333333333333,0.5,0.4,0.850186984151144,1,2,1,0.3333333333333333,0.5,0.4,0.850186984151144,0,0,0,0.0,0.0,0.0,0,0,0,0.0,0.0,0.0,0,0
COCO,42276,2,2,0,0,1,0,2,0,2,1,0,0,2,0.0135837530000344,0.0062365650001083,0.0053732489999447,0.0251941410000426,0.6345086018244426,0.6395767334103585,0,0,0,0,1,0,1,1.0,0.5,0.6666666666666666,0.9476919389631566,1,0,1,1.0,0.5,0.6666666666666666,0.9476919389631566,0,0,0,0.0,0.0,0.0,0,0,0,0.0,0.0,0.0,0,0
COCO,534827,10,10,0,0,8,81,16,81,97,65,0,0,16,0.0164959200000112,0.0114791859999741,0.0110507750000579,0.0390265569999428,6.555357950528465,6.150109771788123,0,0,0,0,6,2,4,0.75,0.6,0.6666666666666665,0.8370812200739354,6,2,4,0.75,0.6,0.6666666666666665,0.8370812200739354,0,0,0,0.0,0.0,0.0,0,0,0,0.0,0.0,0.0,0,0
COCO,190756,2,2,0,0,2,3,4,3,7,5,0,0,4,0.0139588949999733,0.0068227299999534,0.0056349289999388,0.0264172050000297,1.5421497853597006,1.5329532384872435,0,0,0,0,2,0,0,1.0,1.0,1.0,0.9656006896621732,2,0,0,1.0,1.0,1.0,0.9656006896621732,0,0,0,0.0,0.0,0.0,0,0,0,0.0,0.0,0.0,0,0
COCO,482917,5,5,0,0,4,23,8,23,31,17,0,0,8,0.01354852999998,0.008091682999975,0.0073888719999786,0.029029692999984,3.332118536631268,3.1395757663249984,0,0,0,0,1,3,4,0.25,0.2,0.2222222222222222,0.8798177063475012,1,3,4,0.25,0.2,0.2222222222222222,0.8798177063475012,0,0,0,0.0,0.0,0.0,0,0,0,0.0,0.0,0.0,0,0
COCO,300659,7,7,0,0,7,83,14,83,97,50,0,0,14,0.0150386480000861,0.0106888990000015,0.0103449089999685,0.0360731100000748,6.489902683526269,6.436580780973028,0,0,0,0,7,0,0,1.0,1.0,1.0,0.9330553422827632,7,0,0,1.0,1.0,1.0,0.9330553422827632,0,0,0,0.0,0.0,0.0,0,0,0,0.0,0.0,0.0,0,0
COCO,199977,1,1,0,0,1,0,2,0,2,1,0,0,2,0.013734453999973,0.0066209269999717,0.0056783060000498,0.0260342940000555,0.5919734636942546,0.5794958508014679,0,0,0,0,1,0,0,1.0,1.0,1.0,0.906019268830601,1,0,0,1.0,1.0,1.0,0.906019268830601,0,0,0,0.0,0.0,0.0,0,0,0,0.0,0.0,0.0,0,0
COCO,442480,4,4,0,0,2,4,4,4,8,5,0,0,4,0.0147946590000174,0.0078304000001026,0.0065677999999707,0.0291935299999295,1.1449789555867511,0.971949441432953,0,0,0,0,2,0,2,1.0,0.5,0.6666666666666666,0.7615744520837746,2,0,2,1.0,0.5,0.6666666666666666,0.7615744520837746,0,0,0,0.0,0.0,0.0,0,0,0,0.0,0.0,0.0,0,0
COCO,384350,2,2,0,0,3,12,6,12,18,10,0,0,6,0.015677557999993,0.0074849960000165,0.0067481730000054,0.0299114570000256,2.376871116161347,2.2078304515779026,0,0,0,0,2,1,0,0.6666666666666666,1.0,0.8,0.7029141418425526,2,1,0,0.6666666666666666,1.0,0.8,0.7029141418425526,0,0,0,0.0,0.0,0.0,0,0,0,0.0,0.0,0.0,0,0
COCO,383621,1,1,0,0,1,0,2,0,2,1,0,0,2,0.0134394369999881,0.0062599369999816,0.0051893239999571,0.0248892009999508,0.6118761936823527,0.6076084569096566,0,0,0,0,1,0,0,1.0,1.0,1.0,0.959737782603842,1,0,0,1.0,1.0,1.0,0.959737782603842,0,0,0,0.0,0.0,0.0,0,0,0,0.0,0.0,0.0,0,0
COCO,189828,1,1,0,0,1,0,2,0,2,1,0,0,2,0.016373739999949,0.0063626029999568,0.0053572020000274,0.0280942450000338,0.56853875319163,0.5463943222165109,0,0,0,0,1,0,0,1.0,1.0,1.0,0.954096068324599,1,0,0,1.0,1.0,1.0,0.954096068324599,0,0,0,0.0,0.0,0.0,0,0,0,0.0,0.0,0.0,0,0
COCO,412894,20,20,0,0,14,339,28,339,367,197,0,0,28,0.0154537110000774,0.022676218000015,0.0211716790000764,0.0593021720000024,11.830044812109088,11.23947789946796,0,0,0,0,10,4,10,0.7142857142857143,0.5,0.588235294117647,0.8451901754369707,10,4,10,0.7142857142857143,0.5,0.588235294117647,0.8451901754369707,0,0,0,0.0,0.0,0.0,0,0,0,0.0,0.0,0.0,0,0
COCO,537153,3,3,0,0,1,0,2,0,2,1,0,0,2,0.0132142439999825,0.0062369990000661,0.005999332999977,0.0254512949999252,0.4860692660013834,0.4299061715602875,0,0,0,0,1,0,2,1.0,0.3333333333333333,0.5,0.6674573483461398,1,0,2,1.0,0.3333333333333333,0.5,0.6674573483461398,0,0,0,0.0,0.0,0.0,0,0,0,0.0,0.0,0.0,0,0
COCO,361103,27,27,0,0,18,577,36,577,613,325,0,0,36,0.0169750479999493,0.0321131089999653,0.0309444839999741,0.0800333089999867,14.893393815139904,13.999676527212038,0,0,0,0,14,4,13,0.7777777777777778,0.5185185185185185,0.6222222222222222,0.8013939814934831,14,4,13,0.7777777777777778,0.5185185185185185,0.6222222222222222,0.8013939814934831,0,0,0,0.0,0.0,0.0,0,0,0,0.0,0.0,0.0,0,0
COCO,392722,15,15,0,0,11,199,22,199,221,122,0,0,22,0.0152673439999944,0.0164459569999735,0.015609100000006,0.0473230149999608,9.36400282700857,8.951320659816268,0,0,0,0,10,1,5,0.9090909090909092,0.6666666666666666,0.7692307692307692,0.870452043526609,10,1,5,0.9090909090909092,0.6666666666666666,0.7692307692307692,0.870452043526609,0,0,0,0.0,0.0,0.0,0,0,0,0.0,0.0,0.0,0,0
COCO,338560,12,12,0,0,7,76,14,76,90,50,0,0,14,0.0156007949999548,0.0109151600000814,0.0099365080000097,0.0364530499999773,5.989969313434653,5.720579663556707,0,0,0,0,6,1,6,0.8571428571428571,0.5,0.631578947368421,0.8967999603750051,6,1,6,0.8571428571428571,0.5,0.631578947368421,0.8967999603750051,0,0,0,0.0,0.0,0.0,0,0,0,0.0,0.0,0.0,0,0
COCO,264535,5,5,0,0,3,12,6,12,18,10,0,0,6,0.0183567520000451,0.0071372749999909,0.0068065200000546,0.0323012840000274,2.783860502243043,2.766202959418297,0,0,0,0,3,0,2,1.0,0.6,0.7499999999999999,0.8456928256938929,3,0,2,1.0,0.6,0.7499999999999999,0.8456928256938929,0,0,0,0.0,0.0,0.0,0,0,0,0.0,0.0,0.0,0,0
COCO,295231,7,7,0,0,8,106,16,106,122,65,0,0,16,0.0148989479999954,0.0128565009999874,0.0115959269999166,0.0393520269999498,6.429612266146581,5.949325513217292,0,0,0,0,7,1,0,0.875,1.0,0.9333333333333332,0.8057929456487629,7,1,0,0.875,1.0,0.9333333333333332,0.8057929456487629,0,0,0,0.0,0.0,0.0,0,0,0,0.0,0.0,0.0,0,0
COCO,154947,1,1,0,0,1,0,2,0,2,1,0,0,2,0.015637211000012,0.006805393000036,0.0059360599999536,0.0283792899999753,0.6338650385538738,0.63866770029068,0,0,0,0,1,0,0,1.0,1.0,1.0,0.9573888654076244,1,0,0,1.0,1.0,1.0,0.9573888654076244,0,0,0,0.0,0.0,0.0,0,0,0,0.0,0.0,0.0,0,0
COCO,212559,10,10,0,0,8,107,16,107,123,65,0,0,16,0.0174353529999962,0.0132700289999547,0.0110237259999621,0.0417296979999264,7.31109883102946,7.186391749810898,0,0,0,0,8,0,2,1.0,0.8,0.888888888888889,0.9219433329514696,8,0,2,1.0,0.8,0.888888888888889,0.9219433329514696,0,0,0,0.0,0.0,0.0,0,0,0,0.0,0.0,0.0,0,0
COCO,458755,6,6,0,0,4,19,8,19,27,17,0,0,8,0.0173907089999829,0.0085928049999211,0.0080808509999315,0.0340651349999916,3.2947586862246205,3.0991799776256093,0,0,0,0,3,1,3,0.75,0.5,0.6,0.7228997762852023,3,1,3,0.75,0.5,0.6,0.7228997762852023,0,0,0,0.0,0.0,0.0,0,0,0,0.0,0.0,0.0,0,0
COCO,104782,1,1,0,0,1,0,2,0,2,1,0,0,2,0.0128925540000182,0.0063929899999948,0.0053724240000292,0.0246585570000661,0.5914383808771769,0.5787400463223458,0,0,0,0,1,0,0,1.0,1.0,1.0,0.9155935193633816,1,0,0,1.0,1.0,1.0,0.9155935193633816,0,0,0,0.0,0.0,0.0,0,0,0,0.0,0.0,0.0,0,0
COCO,315257,1,1,0,0,2,2,4,2,6,5,0,0,4,0.0195492230000127,0.0067731619999449,0.0054461850000961,0.0317690970000512,1.381516316731771,1.306058464050293,0,0,0,0,1,1,0,0.5,1.0,0.6666666666666666,0.8913505017895305,1,1,0,0.5,1.0,0.6666666666666666,0.8913505017895305,0,0,0,0.0,0.0,0.0,0,0,0,0.0,0.0,0.0,0,0
COCO,130599,1,1,0,0,3,10,6,10,16,10,0,0,6,0.0152608839999857,0.0069742980000455,0.0059394969999857,0.0281753719999642,2.4428619217872622,2.301042464524508,0,0,0,0,1,2,0,0.3333333333333333,1.0,0.5,0.97672175997433,1,2,0,0.3333333333333333,1.0,0.5,0.97672175997433,0,0,0,0.0,0.0,0.0,0,0,0,0.0,0.0,0.0,0,0
COCO,227187,11,11,0,0,4,25,8,25,33,17,0,0,8,0.0157567279999284,0.0083272910000005,0.0073288090000005,0.0314135789999454,3.1628965584437063,2.912924722135068,0,0,0,0,2,2,9,0.5,0.1818181818181818,0.2666666666666666,0.8859978381347082,2,2,9,0.5,0.1818181818181818,0.2666666666666666,0.8859978381347082,0,0,0,0.0,0.0,0.0,0,0,0,0.0,0.0,0.0,0,0
COCO,151662,2,2,0,0,2,4,4,4,8,5,0,0,4,0.0137212410000984,0.0070138219999762,0.0061276820000557,0.026863300000059,1.325710276155058,1.2222070676469636,0,0,0,0,1,1,1,0.5,0.5,0.5,0.8553972986216068,1,1,1,0.5,0.5,0.5,0.8553972986216068,0,0,0,0.0,0.0,0.0,0,0,0,0.0,0.0,0.0,0,0
COCO,461275,0,0,0,0,0,0,0,0,0,0,0,0,1,0.0132995760000085,0.0047779679999848,0.0042386019999867,0.0223166460000356,,,0,0,0,0,0,0,0,0.0,0.0,0.0,0.0,0,0,0,0.0,0.0,0.0,0.0,0,0,0,0.0,0.0,0.0,0,0,0,0.0,0.0,0.0,0,0
COCO,523811,1,1,0,0,2,4,4,4,8,5,0,0,4,0.0135501450000674,0.0063894250000657,0.0059181789999911,0.0258583360000557,1.4433604033788048,1.3934132364392284,0,0,0,0,1,1,0,0.5,1.0,0.6666666666666666,0.9388730819667032,1,1,0,0.5,1.0,0.6666666666666666,0.9388730819667032,0,0,0,0.0,0.0,0.0,0,0,0,0.0,0.0,0.0,0,0
COCO,456559,2,2,0,0,1,0,2,0,2,1,0,0,2,0.0118851039999299,0.0061435220000021,0.0058535979999305,0.0238827910000054,0.620830504099528,0.6202564203739167,0,0,0,0,1,0,1,1.0,0.5,0.6666666666666666,0.9928997269596213,1,0,1,1.0,0.5,0.6666666666666666,0.9928997269596213,0,0,0,0.0,0.0,0.0,0,0,0,0.0,0.0,0.0,0,0
COCO,101068,2,2,0,0,4,26,8,26,34,17,0,0,8,0.0146678890000657,0.0081751660000009,0.0071773419999772,0.0300209720001021,3.2073234764734915,2.97567774385214,0,0,0,0,2,2,0,0.5,1.0,0.6666666666666666,0.9739245447219692,2,2,0,0.5,1.0,0.6666666666666666,0.9739245447219692,0,0,0,0.0,0.0,0.0,0,0,0,0.0,0.0,0.0,0,0
COCO,140640,11,11,0,0,6,54,12,54,66,37,0,0,12,0.0140946870000107,0.0095603150000442,0.0089287619999822,0.0325843959999474,5.291047430461592,5.125654641365952,0,0,0,0,6,0,5,1.0,0.5454545454545454,0.7058823529411764,0.8211760837061045,6,0,5,1.0,0.5454545454545454,0.7058823529411764,0.8211760837061045,0,0,0,0.0,0.0,0.0,0,0,0,0.0,0.0,0.0,0,0
COCO,516708,1,1,0,0,1,0,2,0,2,1,0,0,2,0.0146335609999823,0.0065794419999747,0.0058025629999747,0.0270161579999239,0.5697134653727214,0.5480536031723022,0,0,0,0,1,0,0,1.0,1.0,1.0,0.9373437313083126,1,0,0,1.0,1.0,1.0,0.9373437313083126,0,0,0,0.0,0.0,0.0,0,0,0,0.0,0.0,0.0,0,0
COCO,544605,1,1,0,0,0,0,0,0,0,0,0,0,1,0.0119194119999974,0.0052669429999241,0.0043332440000085,0.0215200139999751,,,0,0,0,0,0,0,1,0.0,0.0,0.0,0.0,0,0,1,0.0,0.0,0.0,0.0,0,0,0,0.0,0.0,0.0,0,0,0,0.0,0.0,0.0,0,0
COCO,385190,5,5,0,0,4,24,8,24,32,17,0,0,8,0.0127214530000401,0.0083643630000551,0.0071139919999723,0.0282004939999751,3.1116028277079275,2.8404723274707804,0,0,0,0,2,2,3,0.5,0.4,0.4444444444444445,0.6815374104688454,2,2,3,0.5,0.4,0.4444444444444445,0.6815374104688454,0,0,0,0.0,0.0,0.0,0,0,0,0.0,0.0,0.0,0,0
COCO,338986,4,4,0,0,3,10,6,10,16,10,0,0,6,0.0146681309998939,0.007249741999999,0.0063984450000589,0.0283168639999757,2.3430193257331853,2.160014797598124,0,0,0,0,3,0,1,1.0,0.75,0.8571428571428571,0.8661425386053104,3,0,1,1.0,0.75,0.8571428571428571,0.8661425386053104,0,0,0,0.0,0.0,0.0,0,0,0,0.0,0.0,0.0,0,0
COCO,53994,4,4,0,0,2,4,4,4,8,5,0,0,4,0.0149284350000016,0.0070055010000942,0.0062924999999722,0.0282271360001686,1.4142155798276268,1.3522461731731896,0,0,0,0,2,0,2,1.0,0.5,0.6666666666666666,0.6886766597182591,2,0,2,1.0,0.5,0.6666666666666666,0.6886766597182591,0,0,0,0.0,0.0,0.0,0,0,0,0.0,0.0,0.0,0,0
COCO,61171,7,7,0,0,4,20,8,20,28,17,0,0,8,0.0149058770000465,0.007825276999938,0.0073109360000671,0.030042683999909,3.1100407568613697,2.838265902400018,0,0,0,0,2,2,5,0.5,0.2857142857142857,0.3636363636363636,0.9133102383944612,2,2,5,0.5,0.2857142857142857,0.3636363636363636,0.9133102383944612,0,0,0,0.0,0.0,0.0,0,0,0,0.0,0.0,0.0,0,0
COCO,314034,26,26,0,0,16,415,32,415,447,257,0,0,32,0.0172974740000881,0.0270651840000937,0.0255628109998724,0.0699262279999857,13.069696878574293,12.20589532507658,0,0,0,0,14,2,12,0.875,0.5384615384615384,0.6666666666666667,0.8451227153287657,14,2,12,0.875,0.5384615384615384,0.6666666666666667,0.8451227153287657,0,0,0,0.0,0.0,0.0,0,0,0,0.0,0.0,0.0,0,0
COCO,291490,2,2,0,0,2,4,4,4,8,5,0,0,4,0.0149552509999466,0.0072140120000767,0.0064048179999645,0.0285747869997976,1.366808904012044,1.301784243583679,0,0,0,0,2,0,0,1.0,1.0,1.0,0.952092073996912,2,0,0,1.0,1.0,1.0,0.952092073996912,0,0,0,0.0,0.0,0.0,0,0,0,0.0,0.0,0.0,0,0
COCO,152740,15,15,0,0,18,587,36,587,623,325,0,0,36,0.0634796890001325,0.034250879999945,0.034195112000134,0.1319263820000742,14.829388851034258,13.917316594379756,0,0,0,0,13,5,2,0.7222222222222222,0.8666666666666667,0.7878787878787877,0.8934041850437908,13,5,2,0.7222222222222222,0.8666666666666667,0.7878787878787877,0.8934041850437908,0,0,0,0.0,0.0,0.0,0,0,0,0.0,0.0,0.0,0,0
COCO,24919,2,2,0,0,3,10,6,10,16,10,0,0,6,0.0153449939998608,0.0075322289999348,0.0073349360000065,0.0302129149999927,2.4726280999183654,2.3430871911346918,0,0,0,0,2,1,0,0.6666666666666666,1.0,0.8,0.817789973409625,2,1,0,0.6666666666666666,1.0,0.8,0.817789973409625,0,0,0,0.0,0.0,0.0,0,0,0,0.0,0.0,0.0,0,0
COCO,79837,8,8,0,0,6,50,12,50,62,37,0,0,12,0.01453176300015,0.0096690220000255,0.0091306009999243,0.0333320270001422,4.447584612369539,3.950213264971973,0,0,0,0,3,3,5,0.5,0.375,0.4285714285714285,0.7948764565169627,3,3,5,0.5,0.375,0.4285714285714285,0.7948764565169627,0,0,0,0.0,0.0,0.0,0,0,0,0.0,0.0,0.0,0,0
COCO,21903,3,3,0,0,3,10,6,10,16,10,0,0,6,0.0158329630000935,0.0083097990000169,0.0075821249999989,0.0317255590000513,2.703339571952821,2.668967145383359,0,0,0,0,3,0,0,1.0,1.0,1.0,0.9374358062118082,3,0,0,1.0,1.0,1.0,0.9374358062118082,0,0,0,0.0,0.0,0.0,0,0,0,0.0,0.0,0.0,0,0
COCO,564133,8,8,0,0,7,48,14,48,62,50,0,0,14,0.0162851540001156,0.0106033010001738,0.009576152000136,0.0364653090000501,5.367093565730017,4.947647563087705,0,0,0,0,6,1,2,0.8571428571428571,0.75,0.7999999999999999,0.7694253703289595,6,1,2,0.8571428571428571,0.75,0.7999999999999999,0.7694253703289595,0,0,0,0.0,0.0,0.0,0,0,0,0.0,0.0,0.0,0,0
COCO,337055,2,2,0,0,2,4,4,4,8,5,0,0,4,0.0137128189999202,0.0068133340000713,0.0060564770001292,0.0265836389999094,1.3899355443318688,1.317950623035431,0,0,0,0,2,0,0,1.0,1.0,1.0,0.961586854787534,2,0,0,1.0,1.0,1.0,0.961586854787534,0,0,0,0.0,0.0,0.0,0,0,0,0.0,0.0,0.0,0,0
COCO,110638,3,3,0,0,3,10,6,10,16,10,0,0,6,0.0142833300001257,0.0070934029999989,0.0062951830000201,0.0276725670000814,2.616460437774659,2.5462503683567053,0,0,0,0,3,0,0,1.0,1.0,1.0,0.918255705597665,3,0,0,1.0,1.0,1.0,0.918255705597665,0,0,0,0.0,0.0,0.0,0,0,0,0.0,0.0,0.0,0,0
COCO,34139,4,4,0,0,5,30,10,30,40,26,0,0,10,0.014112809999915,0.0084562629999709,0.0079693180000504,0.0305389729999205,4.207070823510489,3.999154204875232,0,0,0,0,4,1,0,0.8,1.0,0.888888888888889,0.7450511570250864,4,1,0,0.8,1.0,0.888888888888889,0.7450511570250864,0,0,0,0.0,0.0,0.0,0,0,0,0.0,0.0,0.0,0,0
COCO,80340,20,20,0,0,13,279,26,279,305,170,0,0,26,0.0162775979999878,0.0206529179999961,0.0192537340001308,0.0561849939999774,11.09354555765788,10.513841433525087,0,0,0,0,10,3,10,0.7692307692307693,0.5,0.6060606060606061,0.8379906451862676,10,3,10,0.7692307692307693,0.5,0.6060606060606061,0.8379906451862676,0,0,0,0.0,0.0,0.0,0,0,0,0.0,0.0,0.0,0,0
COCO,83113,2,2,0,0,3,6,6,6,12,10,0,0,6,0.0155669650000618,0.0067606830000386,0.0060334900001635,0.028361655000026,2.2657118821144104,2.083818033486604,0,0,0,0,2,1,0,0.6666666666666666,1.0,0.8,0.9467498027636616,2,1,0,0.6666666666666666,1.0,0.8,0.9467498027636616,0,0,0,0.0,0.0,0.0,0,0,0,0.0,0.0,0.0,0,0
COCO,173033,2,2,0,0,2,3,4,3,7,5,0,0,4,0.0147622270001193,0.0069234459999734,0.0061052789999394,0.0277915730000586,1.3625273497899375,1.2792365482449537,0,0,0,0,1,1,1,0.5,0.5,0.5,0.8176949299712849,1,1,1,0.5,0.5,0.5,0.8176949299712849,0,0,0,0.0,0.0,0.0,0,0,0,0.0,0.0,0.0,0,0
COCO,255664,2,2,0,0,2,4,4,4,8,5,0,0,4,0.0144910249998702,0.0065090350001355,0.005838987000061,0.0268397439999716,1.6306509049733484,1.6579610699415208,0,0,0,0,2,0,0,1.0,1.0,1.0,0.9557815193194596,2,0,0,1.0,1.0,1.0,0.9557815193194596,0,0,0,0.0,0.0,0.0,0,0,0,0.0,0.0,0.0,0,0
COCO,72813,3,3,0,0,3,13,6,13,19,10,0,0,6,0.0139141909999125,0.0073365639998428,0.0063088639999477,0.0275602819999676,2.653773531913758,2.582455113828183,0,0,0,0,3,0,0,1.0,1.0,1.0,0.9378210184867952,3,0,0,1.0,1.0,1.0,0.9378210184867952,0,0,0,0.0,0.0,0.0,0,0,0,0.0,0.0,0.0,0,0
COCO,545129,3,3,0,0,3,8,6,8,14,10,0,0,6,0.0136890700000549,0.0072353999998995,0.0067758099999082,0.027701135000143,2.812018723487854,2.8224764469265944,0,0,0,0,3,0,0,1.0,1.0,1.0,0.946982214873196,3,0,0,1.0,1.0,1.0,0.946982214873196,0,0,0,0.0,0.0,0.0,0,0,0,0.0,0.0,0.0,0,0
COCO,546011,3,3,0,0,3,8,6,8,14,10,0,0,6,0.0137638399999104,0.0068032490000859,0.0062455199999931,0.0268132220001007,2.773530540776517,2.8008017316582463,0,0,0,0,3,0,0,1.0,1.0,1.0,0.9213547433582822,3,0,0,1.0,1.0,1.0,0.9213547433582822,0,0,0,0.0,0.0,0.0,0,0,0,0.0,0.0,0.0,0,0
COCO,121031,8,8,0,0,6,50,12,50,62,37,0,0,12,0.015540036999937,0.0095074710000062,0.0089143440000043,0.0339624690000164,5.12528053045273,4.907458749264481,0,0,0,0,6,0,2,1.0,0.75,0.8571428571428571,0.8643620771062207,6,0,2,1.0,0.75,0.8571428571428571,0.8643620771062207,0,0,0,0.0,0.0,0.0,0,0,0,0.0,0.0,0.0,0,0
COCO,172547,7,7,0,0,3,8,6,8,14,10,0,0,6,0.0153727540000545,0.0074575460000687,0.0061798019999059,0.0290108899998813,2.210857611802317,2.0048182659418363,0,0,0,0,3,0,4,1.0,0.4285714285714285,0.6,0.7913030108529644,3,0,4,1.0,0.4285714285714285,0.6,0.7913030108529644,0,0,0,0.0,0.0,0.0,0,0,0,0.0,0.0,0.0,0,0
COCO,369081,3,3,0,0,3,6,6,6,12,10,0,0,6,0.0139866550000533,0.0072394429998894,0.0065374539999538,0.0277640849999443,2.741981401443482,2.7565487295389186,0,0,0,0,3,0,0,1.0,1.0,1.0,0.9459870538102654,3,0,0,1.0,1.0,1.0,0.9459870538102654,0,0,0,0.0,0.0,0.0,0,0,0,0.0,0.0,0.0,0,0
COCO,509131,9,9,0,0,8,110,16,110,126,65,0,0,16,0.0132367259998318,0.0121980170001734,0.0112848349999694,0.0367202279999219,5.9985495830552,5.330608347403628,0,0,0,0,3,5,6,0.375,0.3333333333333333,0.3529411764705882,0.8278254382474042,3,5,6,0.375,0.3333333333333333,0.3529411764705882,0.8278254382474042,0,0,0,0.0,0.0,0.0,0,0,0,0.0,0.0,0.0,0,0
COCO,578922,7,7,0,0,5,36,10,36,46,26,0,0,10,0.0163695509997978,0.0091349740000623,0.0086686760000702,0.0341738559998248,4.059174311955771,3.757250382304193,0,0,0,0,3,2,4,0.6,0.4285714285714285,0.5,0.8348349418003936,3,2,4,0.6,0.4285714285714285,0.5,0.8348349418003936,0,0,0,0.0,0.0,0.0,0,0,0,0.0,0.0,0.0,0,0
COCO,464089,14,14,0,0,11,207,22,207,229,122,0,0,22,0.0167413429999214,0.0168720140000004,0.0160139469999194,0.0496280479999313,9.394638279518428,8.993903214425783,0,0,0,0,7,4,7,0.6363636363636364,0.5,0.56,0.8442054314059344,7,4,7,0.6363636363636364,0.5,0.56,0.8442054314059344,0,0,0,0.0,0.0,0.0,0,0,0,0.0,0.0,0.0,0,0
COCO,453708,14,14,0,0,11,200,22,200,222,122,0,0,22,0.0152716090001376,0.016501640000115,0.015950827999859,0.0477246870000271,9.115890593694116,8.578145131137438,0,0,0,0,9,2,5,0.8181818181818182,0.6428571428571429,0.7200000000000001,0.9049084072869792,9,2,5,0.8181818181818182,0.6428571428571429,0.7200000000000001,0.9049084072869792,0,0,0,0.0,0.0,0.0,0,0,0,0.0,0.0,0.0,0,0
COCO,177714,11,11,0,0,6,62,12,62,74,37,0,0,12,0.014133534999928,0.0110416180000356,0.0095869950000633,0.0347627940000165,4.475996549129487,3.990345125645401,0,0,0,0,5,1,6,0.8333333333333334,0.4545454545454545,0.5882352941176471,0.8431720114000063,5,1,6,0.8333333333333334,0.4545454545454545,0.5882352941176471,0.8431720114000063,0,0,0,0.0,0.0,0.0,0,0,0,0.0,0.0,0.0,0,0
COCO,459887,3,3,0,0,2,4,4,4,8,5,0,0,4,0.0152219839999361,0.0069923099999869,0.0062626169999475,0.0284776119999605,1.3839559314058143,1.2941994200553415,0,0,0,0,1,1,2,0.5,0.3333333333333333,0.4,0.7531811884082626,1,1,2,0.5,0.3333333333333333,0.4,0.7531811884082626,0,0,0,0.0,0.0,0.0,0,0,0,0.0,0.0,0.0,0,0
COCO,155179,2,2,0,0,1,0,2,0,2,1,0,0,2,0.0136555120000139,0.0061880549999386,0.0052562999999281,0.0251004570000077,0.6076735178629558,0.6016721773147583,0,0,0,0,1,0,1,1.0,0.5,0.6666666666666666,0.983001969215064,1,0,1,1.0,0.5,0.6666666666666666,0.983001969215064,0,0,0,0.0,0.0,0.0,0,0,0,0.0,0.0,0.0,0,0
COCO,261116,11,11,0,0,5,37,10,37,47,26,0,0,10,0.0129460429998289,0.0083817909999197,0.0076666109998768,0.0289950339999904,4.121961081822714,3.86656169474125,0,0,0,0,4,1,7,0.8,0.3636363636363636,0.5000000000000001,0.9363489440426732,4,1,7,0.8,0.3636363636363636,0.5000000000000001,0.9363489440426732,0,0,0,0.0,0.0,0.0,0,0,0,0.0,0.0,0.0,0,0
COCO,396274,1,1,0,0,0,0,0,0,0,0,0,0,1,0.0135738300000411,0.0048938919999272,0.0045816189999641,0.0230499330000384,,,0,0,0,0,0,0,1,0.0,0.0,0.0,0.0,0,0,1,0.0,0.0,0.0,0.0,0,0,0,0.0,0.0,0.0,0,0,0,0.0,0.0,0.0,0,0
COCO,29640,14,14,0,0,15,411,30,411,441,226,0,0,30,0.016379702000222,0.0250812900001164,0.023911716999919,0.0653734750001149,11.498164306005538,10.390083022734226,0,0,0,0,5,10,9,0.3333333333333333,0.3571428571428571,0.3448275862068965,0.8215166190605508,5,10,9,0.3333333333333333,0.3571428571428571,0.3448275862068965,0.8215166190605508,0,0,0,0.0,0.0,0.0,0,0,0,0.0,0.0,0.0,0,0
COCO,141328,16,16,0,0,7,79,14,79,93,50,0,0,14,0.0168637210001634,0.0125106499999674,0.0100849349998952,0.0394599380001636,5.49350486914317,5.02653396099806,0,0,0,0,6,1,10,0.8571428571428571,0.375,0.5217391304347825,0.7677965976554569,6,1,10,0.8571428571428571,0.375,0.5217391304347825,0.7677965976554569,0,0,0,0.0,0.0,0.0,0,0,0,0.0,0.0,0.0,0,0
COCO,308430,18,18,0,0,12,279,24,279,303,145,0,0,24,0.0161993060000895,0.0189483199999358,0.0180565440000464,0.0532048600000507,8.837160936042594,7.812954480990695,0,0,0,0,3,9,15,0.25,0.1666666666666666,0.2,0.7887787937480116,3,9,15,0.25,0.1666666666666666,0.2,0.7887787937480116,0,0,0,0.0,0.0,0.0,0,0,0,0.0,0.0,0.0,0,0
COCO,43314,5,5,0,0,5,41,10,41,51,26,0,0,10,0.015002461999984,0.0084029020001707,0.007871403999843,0.0312773929999821,3.819167930103178,3.4416634273696296,0,0,0,0,2,3,3,0.4,0.4,0.4000000000000001,0.6539924375406793,2,3,3,0.4,0.4,0.4000000000000001,0.6539924375406793,0,0,0,0.0,0.0,0.0,0,0,0,0.0,0.0,0.0,0,0
COCO,273715,5,5,0,0,7,84,14,84,98,50,0,0,14,0.0150817369999458,0.010303186000101,0.0097398590000921,0.0351253229998747,5.948347015909567,5.657733522188877,0,0,0,0,4,3,1,0.5714285714285714,0.8,0.6666666666666666,0.8971839872764442,4,3,1,0.5714285714285714,0.8,0.6666666666666666,0.8971839872764442,0,0,0,0.0,0.0,0.0,0,0,0,0.0,0.0,0.0,0,0
COCO,456303,6,6,0,0,2,3,4,3,7,5,0,0,4,0.0146179820001179,0.0065968760000032,0.005873197000028,0.0270887140000013,1.2773582728703818,1.1589352270960809,0,0,0,0,2,0,4,1.0,0.3333333333333333,0.5,0.7619587032859825,2,0,4,1.0,0.3333333333333333,0.5,0.7619587032859825,0,0,0,0.0,0.0,0.0,0,0,0,0.0,0.0,0.0,0,0
COCO,406611,25,25,0,0,15,409,30,409,439,226,0,0,30,0.0163519509999332,0.0242525399999067,0.0243472709998968,0.0649525910000647,11.39182659633684,10.21460038982558,0,0,0,0,5,10,20,0.3333333333333333,0.2,0.25,0.7943711777723046,5,10,20,0.3333333333333333,0.2,0.25,0.7943711777723046,0,0,0,0.0,0.0,0.0,0,0,0,0.0,0.0,0.0,0,0
COCO,475064,4,4,0,0,5,36,10,36,46,26,0,0,10,0.0147857130000375,0.0096783940000477,0.0085434650000024,0.0330082650000349,4.084845579465232,3.793511047661306,0,0,0,0,3,2,1,0.6,0.75,0.6666666666666665,0.7820017217719577,3,2,1,0.6,0.75,0.6666666666666665,0.7820017217719577,0,0,0,0.0,0.0,0.0,0,0,0,0.0,0.0,0.0,0,0
COCO,466567,1,1,0,0,2,4,4,4,8,5,0,0,4,0.0142128829998,0.0061047560000133,0.0060728630000994,0.0263911669999288,1.480821665128072,1.4133272686600684,0,0,0,0,0,2,1,0.0,0.0,0.0,0.9437410664196372,0,2,1,0.0,0.0,0.0,0.9437410664196372,0,0,0,0.0,0.0,0.0,0,0,0,0.0,0.0,0.0,0,0
COCO,137246,17,17,0,0,9,141,18,141,159,82,0,0,18,0.0142531110000163,0.0137951870001415,0.0124065490001612,0.0404555889999755,7.599412100987382,7.128613789157814,0,0,0,0,4,5,13,0.4444444444444444,0.2352941176470588,0.3076923076923076,0.8518099227486928,4,5,13,0.4444444444444444,0.2352941176470588,0.3076923076923076,0.8518099227486928,0,0,0,0.0,0.0,0.0,0,0,0,0.0,0.0,0.0,0,0
COCO,15079,3,3,0,0,5,36,10,36,46,26,0,0,10,0.0133796369998435,0.0085814940000545,0.0080117070001506,0.0299734650000118,3.9852503784497593,3.652832826226952,0,0,0,0,2,3,1,0.4,0.6666666666666666,0.5,0.8469678215182074,2,3,1,0.4,0.6666666666666666,0.5,0.8469678215182074,0,0,0,0.0,0.0,0.0,0,0,0,0.0,0.0,0.0,0,0
COCO,296284,10,10,0,0,1,0,2,0,2,1,0,0,2,0.0134247569999388,0.0071333339999455,0.0062425460000667,0.0268013099998825,0.3820167104403178,0.2829319368302821,0,0,0,0,0,1,10,0.0,0.0,0.0,0.0,0,1,10,0.0,0.0,0.0,0.0,0,0,0,0.0,0.0,0.0,0,0,0,0.0,0.0,0.0,0,0
COCO,226147,21,21,0,0,10,175,20,175,195,101,0,0,20,0.0145324249999703,0.0158722849998866,0.013445375999936,0.0438507589999517,8.17452140728633,7.647469821125272,0,0,0,0,6,4,15,0.6,0.2857142857142857,0.3870967741935483,0.8543508731813249,6,4,15,0.6,0.2857142857142857,0.3870967741935483,0.8543508731813249,0,0,0,0.0,0.0,0.0,0,0,0,0.0,0.0,0.0,0,0
COCO,226903,22,22,0,0,10,170,20,170,190,101,0,0,20,0.0153781789999811,0.0149263009998321,0.0139141360000394,0.0442192830000749,7.474788217100894,6.640628952735062,0,0,0,0,3,7,19,0.3,0.1363636363636363,0.1874999999999999,0.7092654892231033,3,7,19,0.3,0.1363636363636363,0.1874999999999999,0.7092654892231033,0,0,0,0.0,0.0,0.0,0,0,0,0.0,0.0,0.0,0,0
COCO,127517,11,11,0,0,11,144,22,144,166,122,0,0,22,0.0166272819999449,0.0147455510000327,0.0142607949999273,0.0456342739998945,9.641150313283807,9.323875382011936,0,0,0,0,9,2,2,0.8181818181818182,0.8181818181818182,0.8181818181818182,0.8896725990326215,9,2,2,0.8181818181818182,0.8181818181818182,0.8181818181818182,0.8896725990326215,0,0,0,0.0,0.0,0.0,0,0,0,0.0,0.0,0.0,0,0
COCO,162092,16,16,0,0,10,162,20,162,182,101,0,0,20,0.017714375999958,0.0148431380000602,0.0132072599999446,0.0457653859998572,8.390789677302045,7.940573752522471,0,0,0,0,9,1,7,0.9,0.5625,0.6923076923076923,0.8242647608165731,9,1,7,0.9,0.5625,0.6923076923076923,0.8242647608165731,0,0,0,0.0,0.0,0.0,0,0,0,0.0,0.0,0.0,0,0
COCO,131379,1,1,0,0,1,0,2,0,2,1,0,0,2,0.0146603539999432,0.0063071140000374,0.0070032349999564,0.0279713649999848,0.5487436930338542,0.5184337997436523,0,0,0,0,0,1,1,0.0,0.0,0.0,0.9784078925009424,0,1,1,0.0,0.0,0.0,0.9784078925009424,0,0,0,0.0,0.0,0.0,0,0,0,0.0,0.0,0.0,0,0
COCO,366611,2,2,0,0,3,6,6,6,12,10,0,0,6,0.0146751759998551,0.0071201739999651,0.0059858419999727,0.0277819389998512,2.3861777567863465,2.2539760814607144,0,0,0,0,2,1,0,0.6666666666666666,1.0,0.8,0.950684469994791,2,1,0,0.6666666666666666,1.0,0.8,0.950684469994791,0,0,0,0.0,0.0,0.0,0,0,0,0.0,0.0,0.0,0,0
COCO,263969,5,5,0,0,4,24,8,24,32,17,0,0,8,0.0169276179999542,0.0081924520000029,0.0073057399999925,0.0324267309999868,3.46745726744334,3.343116723597051,0,0,0,0,4,0,1,1.0,0.8,0.888888888888889,0.8511010915734772,4,0,1,1.0,0.8,0.888888888888889,0.8511010915734772,0,0,0,0.0,0.0,0.0,0,0,0,0.0,0.0,0.0,0,0
COCO,551439,3,3,0,0,1,0,2,0,2,1,0,0,2,0.013417304999848,0.0062425749999874,0.005701037000108,0.0253614549999383,0.5625510613123577,0.5379367074370385,0,0,0,0,1,0,2,1.0,0.3333333333333333,0.5,0.952540668310832,1,0,2,1.0,0.3333333333333333,0.5,0.952540668310832,0,0,0,0.0,0.0,0.0,0,0,0,0.0,0.0,0.0,0,0
COCO,474167,9,9,0,0,7,82,14,82,96,50,0,0,14,0.0132740639999155,0.0105884649999552,0.0095442440001534,0.0334074709999185,6.020635795959162,5.737940666048057,0,0,0,0,5,2,4,0.7142857142857143,0.5555555555555556,0.6250000000000001,0.7855161787913876,5,2,4,0.7142857142857143,0.5555555555555556,0.6250000000000001,0.7855161787913876,0,0,0,0.0,0.0,0.0,0,0,0,0.0,0.0,0.0,0,0
COCO,159458,3,3,0,0,5,40,10,40,50,26,0,0,10,0.0153327299999546,0.0086973420000049,0.0080647140000564,0.0320954859998892,3.891315825780234,3.5531502705812468,0,0,0,0,2,3,1,0.4,0.6666666666666666,0.5,0.875507861241545,2,3,1,0.4,0.6666666666666666,0.5,0.875507861241545,0,0,0,0.0,0.0,0.0,0,0,0,0.0,0.0,0.0,0,0
COCO,554735,2,2,0,0,2,2,4,2,6,5,0,0,4,0.0124689540000417,0.0063717079999605,0.0055220669999016,0.0243633949999093,1.4365733750661211,1.400326558947563,0,0,0,0,2,0,0,1.0,1.0,1.0,0.9659736728320856,2,0,0,1.0,1.0,1.0,0.9659736728320856,0,0,0,0.0,0.0,0.0,0,0,0,0.0,0.0,0.0,0,0
COCO,99428,5,5,0,0,1,0,2,0,2,1,0,0,2,0.0139338369999677,0.0060835809999844,0.0054170880000583,0.0254351899998255,0.3788647810618082,0.2784798365831375,0,0,0,0,0,1,5,0.0,0.0,0.0,0.9617021736321146,0,1,5,0.0,0.0,0.0,0.9617021736321146,0,0,0,0.0,0.0,0.0,0,0,0,0.0,0.0,0.0,0,0
COCO,386352,13,13,0,0,11,183,22,183,205,122,0,0,22,0.0155475409999326,0.0153382460000557,0.01404115299988,0.0449276950000694,9.212367263635002,8.737135426551106,0,0,0,0,11,0,2,1.0,0.8461538461538461,0.9166666666666666,0.8148399763994639,11,0,2,1.0,0.8461538461538461,0.9166666666666666,0.8148399763994639,0,0,0,0.0,0.0,0.0,0,0,0,0.0,0.0,0.0,0,0
COCO,173004,15,15,0,0,12,252,24,252,276,145,0,0,24,0.0157029630001943,0.017827575000183,0.017354565000005,0.05088575700006,10.378828129533316,9.960260676953578,0,0,0,0,12,0,3,1.0,0.8,0.888888888888889,0.8719620944026424,12,0,3,1.0,0.8,0.888888888888889,0.8719620944026424,0,0,0,0.0,0.0,0.0,0,0,0,0.0,0.0,0.0,0,0
COCO,311394,2,2,0,0,2,4,4,4,8,5,0,0,4,0.0138034509998306,0.0072278709999409,0.0064317670000946,0.0274637380000513,1.4115528949101763,1.364985130727291,0,0,0,0,2,0,0,1.0,1.0,1.0,0.8887054292746652,2,0,0,1.0,1.0,1.0,0.8887054292746652,0,0,0,0.0,0.0,0.0,0,0,0,0.0,0.0,0.0,0,0
COCO,578489,11,11,0,0,9,117,18,117,135,82,0,0,18,0.0169793789998493,0.012204655000005,0.0133863270000347,0.0425711159998627,7.695079164505008,7.371299319863321,0,0,0,0,9,0,2,1.0,0.8181818181818182,0.9,0.8401052883585963,9,0,2,1.0,0.8181818181818182,0.9,0.8401052883585963,0,0,0,0.0,0.0,0.0,0,0,0,0.0,0.0,0.0,0,0
COCO,189310,1,1,0,0,5,32,10,32,42,26,0,0,10,0.0134785889999875,0.0087771250000514,0.0080565199998545,0.0303127970000787,4.065666061242423,3.7334199781715887,0,0,0,0,1,4,0,0.2,1.0,0.3333333333333333,0.9522381368177906,1,4,0,0.2,1.0,0.3333333333333333,0.9522381368177906,0,0,0,0.0,0.0,0.0,0,0,0,0.0,0.0,0.0,0,0
COCO,491366,10,10,0,0,7,71,14,71,85,50,0,0,14,0.0132817520000116,0.0122672609998062,0.0105242810000163,0.0360739899999771,5.50492915954525,5.040387699319271,0,0,0,0,3,4,7,0.4285714285714285,0.3,0.3529411764705882,0.9401394255789028,3,4,7,0.4285714285714285,0.3,0.3529411764705882,0.9401394255789028,0,0,0,0.0,0.0,0.0,0,0,0,0.0,0.0,0.0,0,0
COCO,448076,17,17,0,0,10,150,20,150,170,101,0,0,20,0.0145562779998726,0.0133383079999021,0.0123177979999127,0.0402129849999255,8.539945046106975,8.176005710959437,0,0,0,0,7,3,10,0.7,0.4117647058823529,0.5185185185185185,0.8616559004543343,7,3,10,0.7,0.4117647058823529,0.5185185185185185,0.8616559004543343,0,0,0,0.0,0.0,0.0,0,0,0,0.0,0.0,0.0,0,0
COCO,293804,6,6,0,0,4,28,8,28,36,17,0,0,8,0.0132834860000912,0.007821591000038,0.0071015809999153,0.0282072200000129,3.3905666807610446,3.225160292915369,0,0,0,0,3,1,3,0.75,0.5,0.6,0.8512038826351704,3,1,3,0.75,0.5,0.6,0.8512038826351704,0,0,0,0.0,0.0,0.0,0,0,0,0.0,0.0,0.0,0,0
COCO,312237,23,23,0,0,7,82,14,82,96,50,0,0,14,0.0124472489999334,0.0105766149999908,0.0099402670000472,0.0329648289998658,5.245245626885545,4.676663648256512,0,0,0,0,4,3,19,0.5714285714285714,0.1739130434782608,0.2666666666666666,0.8102681049403455,4,3,19,0.5714285714285714,0.1739130434782608,0.2666666666666666,0.8102681049403455,0,0,0,0.0,0.0,0.0,0,0,0,0.0,0.0,0.0,0,0
COCO,221291,2,2,0,0,2,4,4,4,8,5,0,0,4,0.0130067749998943,0.0064542580000761,0.0054317690000971,0.0248934849998931,1.5471529277165734,1.5400201770663269,0,0,0,0,2,0,0,1.0,1.0,1.0,0.9415164979239002,2,0,0,1.0,1.0,1.0,0.9415164979239002,0,0,0,0.0,0.0,0.0,0,0,0,0.0,0.0,0.0,0,0
COCO,141821,5,5,0,0,10,180,20,180,200,101,0,0,20,0.0156481349999921,0.0154468950001955,0.0147324760000628,0.0458281080000233,8.159074856319647,7.472542998372138,0,0,0,0,4,6,1,0.4,0.8,0.5333333333333333,0.9440538381207948,4,6,1,0.4,0.8,0.5333333333333333,0.9440538381207948,0,0,0,0.0,0.0,0.0,0,0,0,0.0,0.0,0.0,0,0
COCO,410650,30,30,0,0,15,390,30,390,420,226,0,0,30,0.0154229890001715,0.0245872259999941,0.0232755160000124,0.0632864770000196,11.344305506559762,10.174339855673464,0,0,0,0,7,8,23,0.4666666666666667,0.2333333333333333,0.3111111111111111,0.8380368366024863,7,8,23,0.4666666666666667,0.2333333333333333,0.3111111111111111,0.8380368366024863,0,0,0,0.0,0.0,0.0,0,0,0,0.0,0.0,0.0,0,0
COCO,199310,2,2,0,0,2,4,4,4,8,5,0,0,4,0.0138214219998644,0.006073563999962,0.0056597220000185,0.0255552399999032,1.5538481267293296,1.5494771456718448,0,0,0,0,2,0,0,1.0,1.0,1.0,0.8020857371917955,2,0,0,1.0,1.0,1.0,0.8020857371917955,0,0,0,0.0,0.0,0.0,0,0,0,0.0,0.0,0.0,0,0
COCO,323151,5,5,0,0,4,24,8,24,32,17,0,0,8,0.0145033339999827,0.0080902319998585,0.0070927189999565,0.0296871069999724,3.573608061472576,3.4930547201633466,0,0,0,0,4,0,1,1.0,0.8,0.888888888888889,0.9038192642883328,4,0,1,1.0,0.8,0.888888888888889,0.9038192642883328,0,0,0,0.0,0.0,0.0,0,0,0,0.0,0.0,0.0,0,0
COCO,89648,38,38,0,0,20,715,40,715,755,401,0,0,40,0.0172129299999141,0.0379487440000048,0.0371019730000625,0.0922644439999658,16.95855826362027,16.098465911388928,0,0,0,0,11,9,27,0.55,0.2894736842105263,0.3793103448275862,0.8365582489686976,11,9,27,0.55,0.2894736842105263,0.3793103448275862,0.8365582489686976,0,0,0,0.0,0.0,0.0,0,0,0,0.0,0.0,0.0,0,0
COCO,219283,5,5,0,0,1,0,2,0,2,1,0,0,2,0.014814491999914,0.0064706169998771,0.005450724999946,0.0267364270000598,0.5778266827265421,0.5595135226845742,0,0,0,0,1,0,4,1.0,0.2,0.3333333333333333,0.9362874977913946,1,0,4,1.0,0.2,0.3333333333333333,0.9362874977913946,0,0,0,0.0,0.0,0.0,0,0,0,0.0,0.0,0.0,0,0
COCO,471869,3,3,0,0,1,0,2,0,2,1,0,0,2,0.0155501710000862,0.0059236419999706,0.0051415850000466,0.0266159210000296,0.6188058296839396,0.6173965677618981,0,0,0,0,1,0,2,1.0,0.3333333333333333,0.5,0.9591372547815642,1,0,2,1.0,0.3333333333333333,0.5,0.9591372547815642,0,0,0,0.0,0.0,0.0,0,0,0,0.0,0.0,0.0,0,0
COCO,520264,18,18,0,0,11,195,22,195,217,122,0,0,22,0.0160349860000224,0.0163333469999997,0.0149210649999531,0.0472901079999701,8.835750249226892,8.205163893699648,0,0,0,0,7,4,11,0.6363636363636364,0.3888888888888889,0.4827586206896552,0.8092725182811518,7,4,11,0.6363636363636364,0.3888888888888889,0.4827586206896552,0.8092725182811518,0,0,0,0.0,0.0,0.0,0,0,0,0.0,0.0,0.0,0,0
COCO,111179,2,2,0,0,2,4,4,4,8,5,0,0,4,0.014062173999946,0.006854851999833,0.0060272270000041,0.0269449269999313,1.3732584389050806,1.2943942116200926,0,0,0,0,2,0,0,1.0,1.0,1.0,0.880647537167424,2,0,0,1.0,1.0,1.0,0.880647537167424,0,0,0,0.0,0.0,0.0,0,0,0,0.0,0.0,0.0,0,0
COCO,151000,13,13,0,0,6,57,12,57,69,37,0,0,12,0.0144926549999127,0.009922066999934,0.0091584010001497,0.0335738950000177,5.035961239865577,4.772080425104654,0,0,0,0,4,2,9,0.6666666666666666,0.3076923076923077,0.4210526315789473,0.8179692093753292,4,2,9,0.6666666666666666,0.3076923076923077,0.4210526315789473,0.8179692093753292,0,0,0,0.0,0.0,0.0,0,0,0,0.0,0.0,0.0,0,0
COCO,100624,9,9,0,0,6,51,12,51,63,37,0,0,12,0.0134808780001094,0.0099313279999933,0.0088355390000742,0.0322484810001242,5.145978255271913,4.936694285571577,0,0,0,0,4,2,5,0.6666666666666666,0.4444444444444444,0.5333333333333333,0.7897308704780196,4,2,5,0.6666666666666666,0.4444444444444444,0.5333333333333333,0.7897308704780196,0,0,0,0.0,0.0,0.0,0,0,0,0.0,0.0,0.0,0,0
COCO,332570,2,2,0,0,3,11,6,11,17,10,0,0,6,0.013934805999952,0.0076910860000225,0.0067525649999424,0.0283791419999488,2.6549591053832784,2.5403920414854304,0,0,0,0,2,1,0,0.6666666666666666,1.0,0.8,0.9405366263391322,2,1,0,0.6666666666666666,1.0,0.8,0.9405366263391322,0,0,0,0.0,0.0,0.0,0,0,0,0.0,0.0,0.0,0,0
COCO,57238,4,4,0,0,5,34,10,34,44,26,0,0,10,0.0140832070001124,0.0091567719998693,0.0079968170000483,0.0312375230000725,4.18976459334298,3.9662350519498593,0,0,0,0,3,2,1,0.6,0.75,0.6666666666666665,0.8569450863852365,3,2,1,0.6,0.75,0.6666666666666665,0.8569450863852365,0,0,0,0.0,0.0,0.0,0,0,0,0.0,0.0,0.0,0,0
COCO,502732,1,1,0,0,1,0,2,0,2,1,0,0,2,0.0127297009998983,0.006644203000178,0.0065625969998563,0.0259370100000069,0.576458470026652,0.5575809222459793,0,0,0,0,1,0,0,1.0,1.0,1.0,0.8046445139912097,1,0,0,1.0,1.0,1.0,0.8046445139912097,0,0,0,0.0,0.0,0.0,0,0,0,0.0,0.0,0.0,0,0
COCO,135561,8,8,0,0,3,12,6,12,18,10,0,0,6,0.0132712540000738,0.0069885899999917,0.0064745909999146,0.0267351160000544,2.550936326980592,2.4371975618600854,0,0,0,0,2,1,6,0.6666666666666666,0.25,0.3636363636363636,0.8556293469627709,2,1,6,0.6666666666666666,0.25,0.3636363636363636,0.8556293469627709,0,0,0,0.0,0.0,0.0,0,0,0,0.0,0.0,0.0,0,0
COCO,8277,13,13,0,0,5,37,10,37,47,26,0,0,10,0.0176404000001184,0.0083551329998954,0.0079844229999253,0.0339806690001296,3.6915473349889134,3.2379772773385063,0,0,0,0,2,3,11,0.4,0.1538461538461538,0.2222222222222222,0.8945459471516676,2,3,11,0.4,0.1538461538461538,0.2222222222222222,0.8945459471516676,0,0,0,0.0,0.0,0.0,0,0,0,0.0,0.0,0.0,0,0
COCO,173044,1,1,0,0,1,0,2,0,2,1,0,0,2,0.0131228220000139,0.0062718159999803,0.0056131709998226,0.0250083589999121,0.6063735882441204,0.5998360267281533,0,0,0,0,1,0,0,1.0,1.0,1.0,0.9627509487217644,1,0,0,1.0,1.0,1.0,0.9627509487217644,0,0,0,0.0,0.0,0.0,0,0,0,0.0,0.0,0.0,0,0
COCO,168458,1,1,0,0,4,24,8,24,32,17,0,0,8,0.0137573529998462,0.0076190409999981,0.0068131760001506,0.0281902159999845,3.3592671124140434,3.190298129618169,0,0,0,0,1,3,0,0.25,1.0,0.4,0.9299461285082627,1,3,0,0.25,1.0,0.4,0.9299461285082627,0,0,0,0.0,0.0,0.0,0,0,0,0.0,0.0,0.0,0,0
COCO,512194,1,1,0,0,3,12,6,12,18,10,0,0,6,0.0143214809997971,0.0072312479999254,0.0062849819998973,0.027838279999969,2.554426975250245,2.4586281025409704,0,0,0,0,1,2,0,0.3333333333333333,1.0,0.5,0.9254353651847712,1,2,0,0.3333333333333333,1.0,0.5,0.9254353651847712,0,0,0,0.0,0.0,0.0,0,0,0,0.0,0.0,0.0,0,0
COCO,370042,14,14,0,0,11,183,22,183,205,122,0,0,22,0.0153600469998309,0.0161976439999307,0.0149531229999411,0.046511842999962,8.545925064881647,7.783410820811991,0,0,0,0,9,2,5,0.8181818181818182,0.6428571428571429,0.7200000000000001,0.8856384425637391,9,2,5,0.8181818181818182,0.6428571428571429,0.7200000000000001,0.8856384425637391,0,0,0,0.0,0.0,0.0,0,0,0,0.0,0.0,0.0,0,0
COCO,189436,5,5,0,0,1,0,2,0,2,1,0,0,2,0.0134149400000751,0.0057789780000803,0.0054400520000399,0.0246345589998782,0.6405987898508707,0.6481791239976883,0,0,0,0,1,0,4,1.0,0.2,0.3333333333333333,0.9747679364583862,1,0,4,1.0,0.2,0.3333333333333333,0.9747679364583862,0,0,0,0.0,0.0,0.0,0,0,0,0.0,0.0,0.0,0,0
COCO,533958,1,1,0,0,2,6,4,6,10,5,0,0,4,0.0157249820001652,0.0065565269999297,0.0061715120000371,0.0284536710000793,1.1342545541127524,0.9568012243509294,0,0,0,0,0,2,1,0.0,0.0,0.0,0.0,0,2,1,0.0,0.0,0.0,0.0,0,0,0,0.0,0.0,0.0,0,0,0,0.0,0.0,0.0,0,0
COCO,117645,2,2,0,0,1,0,2,0,2,1,0,0,2,0.012642100999983,0.0058363560001453,0.0055487950000951,0.0240277969999169,0.5531428972880046,0.5246476757526398,0,0,0,0,1,0,1,1.0,0.5,0.6666666666666666,0.8321714947103925,1,0,1,1.0,0.5,0.6666666666666666,0.8321714947103925,0,0,0,0.0,0.0,0.0,0,0,0,0.0,0.0,0.0,0,0
COCO,221708,9,9,0,0,4,18,8,18,26,17,0,0,8,0.0146784340001886,0.0074939010000889,0.0068157709999923,0.0289887870001166,3.685858947436016,3.668109096586705,0,0,0,0,4,0,5,1.0,0.4444444444444444,0.6153846153846153,0.933706347741556,4,0,5,1.0,0.4444444444444444,0.6153846153846153,0.933706347741556,0,0,0,0.0,0.0,0.0,0,0,0,0.0,0.0,0.0,0,0
COCO,202228,1,1,0,0,2,3,4,3,7,5,0,0,4,0.0113744889999907,0.005932625999776,0.0056972919999225,0.0230049940000753,1.3819415839513147,1.3066591539978982,0,0,0,0,1,1,0,0.5,1.0,0.6666666666666666,0.960806719607414,1,1,0,0.5,1.0,0.6666666666666666,0.960806719607414,0,0,0,0.0,0.0,0.0,0,0,0,0.0,0.0,0.0,0,0
COCO,403565,3,3,0,0,2,4,4,4,8,5,0,0,4,0.0143432780000694,0.0067702920000556,0.0063835500000095,0.0274978200000077,1.5066656621297203,1.4828319144248965,0,0,0,0,2,0,1,1.0,0.6666666666666666,0.8,0.9038158593467308,2,0,1,1.0,0.6666666666666666,0.8,0.9038158593467308,0,0,0,0.0,0.0,0.0,0,0,0,0.0,0.0,0.0,0,0
COCO,211042,2,2,0,0,3,6,6,6,12,10,0,0,6,0.0142793709999295,0.0068149969999922,0.0059940700000424,0.0270892609999009,2.354026713371277,2.208562732636928,0,0,0,0,1,2,1,0.3333333333333333,0.5,0.4,0.7689845405847505,1,2,1,0.3333333333333333,0.5,0.4,0.7689845405847505,0,0,0,0.0,0.0,0.0,0,0,0,0.0,0.0,0.0,0,0
COCO,492878,8,8,0,0,4,24,8,24,32,17,0,0,8,0.0172299790001488,0.0077507500000137,0.0065054130000135,0.0314867920001233,3.1841269699732475,2.942912678420545,0,0,0,0,2,2,6,0.5,0.25,0.3333333333333333,0.8753922143288593,2,2,6,0.5,0.25,0.3333333333333333,0.8753922143288593,0,0,0,0.0,0.0,0.0,0,0,0,0.0,0.0,0.0,0,0
COCO,441586,10,10,0,0,9,129,18,129,147,82,0,0,18,0.0160231380000368,0.0124608109999826,0.0119544799999857,0.0404390920000423,7.31781027555466,6.813657014220956,0,0,0,0,5,4,5,0.5555555555555556,0.5,0.5263157894736842,0.8340208720239519,5,4,5,0.5555555555555556,0.5,0.5263157894736842,0.8340208720239519,0,0,0,0.0,0.0,0.0,0,0,0,0.0,0.0,0.0,0,0
COCO,547816,4,4,0,0,3,8,6,8,14,10,0,0,6,0.0177783750000344,0.0089399429998593,0.0080172210000455,0.0347365109998918,2.196650986671448,1.96976951867342,0,0,0,0,1,2,3,0.3333333333333333,0.25,0.2857142857142857,0.9315770581189948,1,2,3,0.3333333333333333,0.25,0.2857142857142857,0.9315770581189948,0,0,0,0.0,0.0,0.0,0,0,0,0.0,0.0,0.0,0,0
COCO,306733,7,7,0,0,3,12,6,12,18,10,0,0,6,0.0139892849999796,0.0072074659999543,0.0063709470000503,0.0275683120000849,2.354086131627997,2.159251117135724,0,0,0,0,1,2,6,0.3333333333333333,0.1428571428571428,0.2,0.8703744953506753,1,2,6,0.3333333333333333,0.1428571428571428,0.2,0.8703744953506753,0,0,0,0.0,0.0,0.0,0,0,0,0.0,0.0,0.0,0,0
COCO,530099,2,2,0,0,2,2,4,2,6,5,0,0,4,0.0132242260001476,0.0062634949999846,0.0056669779999083,0.0251554339999984,1.2064426692326866,1.0587669369578363,0,0,0,0,2,0,0,1.0,1.0,1.0,0.9004214645812172,2,0,0,1.0,1.0,1.0,0.9004214645812172,0,0,0,0.0,0.0,0.0,0,0,0,0.0,0.0,0.0,0,0
COCO,312278,2,2,0,0,0,0,0,0,0,0,0,0,1,0.0124593430000459,0.0057297930000004,0.0052520369999911,0.0234416220000639,,,0,0,0,0,0,0,2,0.0,0.0,0.0,0.0,0,0,2,0.0,0.0,0.0,0.0,0,0,0,0.0,0.0,0.0,0,0,0,0.0,0.0,0.0,0,0
COCO,97679,5,5,0,0,2,2,4,2,6,5,0,0,4,0.0134467190000577,0.0063645630000337,0.0054933860001256,0.0253052470000056,1.5259603627522784,1.5265856790542602,0,0,0,0,2,0,3,1.0,0.4,0.5714285714285715,0.8606319645786741,2,0,3,1.0,0.4,0.5714285714285715,0.8606319645786741,0,0,0,0.0,0.0,0.0,0,0,0,0.0,0.0,0.0,0,0
COCO,564127,1,1,0,0,1,0,2,0,2,1,0,0,2,0.0131399870001587,0.006062859999929,0.0052664120000827,0.0244698390001758,0.6202795902887981,0.6194782546162605,0,0,0,0,1,0,0,1.0,1.0,1.0,0.9529408435692112,1,0,0,1.0,1.0,1.0,0.9529408435692112,0,0,0,0.0,0.0,0.0,0,0,0,0.0,0.0,0.0,0,0
COCO,251065,1,1,0,0,1,0,2,0,2,1,0,0,2,0.013570141999935,0.0061241769999469,0.0059139319998848,0.0256088779999572,0.5766080061594645,0.557792142033577,0,0,0,0,1,0,0,1.0,1.0,1.0,0.9377720493096504,1,0,0,1.0,1.0,1.0,0.9377720493096504,0,0,0,0.0,0.0,0.0,0,0,0,0.0,0.0,0.0,0,0
COCO,3845,12,12,0,0,8,107,16,107,123,65,0,0,16,0.0143893840001965,0.011504541000022,0.0111408330001268,0.0370353630000863,6.580070085384999,6.1249517732446925,0,0,0,0,6,2,6,0.75,0.5,0.6,0.8806702712095187,6,2,6,0.75,0.5,0.6,0.8806702712095187,0,0,0,0.0,0.0,0.0,0,0,0,0.0,0.0,0.0,0,0
COCO,138819,2,2,0,0,3,12,6,12,18,10,0,0,6,0.0131303040000148,0.007256856999902,0.0062882260001515,0.0266760630001954,2.4169951176643383,2.248005603700877,0,0,0,0,2,1,0,0.6666666666666666,1.0,0.8,0.9486534952132668,2,1,0,0.6666666666666666,1.0,0.8,0.9486534952132668,0,0,0,0.0,0.0,0.0,0,0,0,0.0,0.0,0.0,0,0
COCO,205834,2,2,0,0,2,4,4,4,8,5,0,0,4,0.0137515149999671,0.0072055640000598,0.0061686239998834,0.0271711759999107,1.5794843705495198,1.585688340067864,0,0,0,0,2,0,0,1.0,1.0,1.0,0.9142704308732034,2,0,0,1.0,1.0,1.0,0.9142704308732034,0,0,0,0.0,0.0,0.0,0,0,0,0.0,0.0,0.0,0,0
COCO,348708,3,3,0,0,4,20,8,20,28,17,0,0,8,0.0134808960001464,0.0077848329999596,0.0069287070000427,0.0281950080000115,3.461107236452205,3.340510807839337,0,0,0,0,3,1,0,0.75,1.0,0.8571428571428571,0.8643957860247777,3,1,0,0.75,1.0,0.8571428571428571,0.8643957860247777,0,0,0,0.0,0.0,0.0,0,0,0,0.0,0.0,0.0,0,0
COCO,166521,16,16,0,0,3,12,6,12,18,10,0,0,6,0.0136501260001296,0.006655998999804,0.0062619100001484,0.0265686350001033,2.585651943683625,2.48623337045312,0,0,0,0,3,0,13,1.0,0.1875,0.3157894736842105,0.8336324896513707,3,0,13,1.0,0.1875,0.3157894736842105,0.8336324896513707,0,0,0,0.0,0.0,0.0,0,0,0,0.0,0.0,0.0,0,0
COCO,485802,1,1,0,0,1,0,2,0,2,1,0,0,2,0.0135435180000058,0.0062878910000563,0.0055455080000683,0.0253776000001835,0.3979216376940409,0.3053976465761662,0,0,0,0,1,0,0,1.0,1.0,1.0,0.833891837254592,1,0,0,1.0,1.0,1.0,0.833891837254592,0,0,0,0.0,0.0,0.0,0,0,0,0.0,0.0,0.0,0,0
COCO,99054,6,6,0,0,1,0,2,0,2,1,0,0,2,0.0128681849998883,0.0058936089999406,0.0055425980001473,0.0243049030000293,0.4902946631113688,0.4358745449781418,0,0,0,0,1,0,5,1.0,0.1666666666666666,0.2857142857142857,0.9348492043479494,1,0,5,1.0,0.1666666666666666,0.2857142857142857,0.9348492043479494,0,0,0,0.0,0.0,0.0,0,0,0,0.0,0.0,0.0,0,0
COCO,22969,2,2,0,0,2,4,4,4,8,5,0,0,4,0.0140791809999427,0.0067371860000093,0.0059120860000803,0.0267291319999003,1.599253443082174,1.6136121550202374,0,0,0,0,2,0,0,1.0,1.0,1.0,0.9693355611794724,2,0,0,1.0,1.0,1.0,0.9693355611794724,0,0,0,0.0,0.0,0.0,0,0,0,0.0,0.0,0.0,0,0
COCO,570539,8,8,0,0,7,84,14,84,98,50,0,0,14,0.0140059840000503,0.0107287079999878,0.0097933119998288,0.0345285910000257,5.8058100625914335,5.391683699840506,0,0,0,0,3,4,5,0.4285714285714285,0.375,0.3999999999999999,0.8811620433824916,3,4,5,0.4285714285714285,0.375,0.3999999999999999,0.8811620433824916,0,0,0,0.0,0.0,0.0,0,0,0,0.0,0.0,0.0,0,0
COCO,278353,1,1,0,0,1,0,2,0,2,1,0,0,2,0.0183258740000837,0.006386539999994,0.0056678309999824,0.0303808419998858,0.578274170557658,0.5601455992460251,0,0,0,0,1,0,0,1.0,1.0,1.0,0.9578346109403064,1,0,0,1.0,1.0,1.0,0.9578346109403064,0,0,0,0.0,0.0,0.0,0,0,0,0.0,0.0,0.0,0,0
COCO,158548,20,20,0,0,4,24,8,24,32,17,0,0,8,0.0157524930000363,0.0074188520000006,0.0069400510001287,0.030112315999986,3.5290769783655813,3.4301545652747167,0,0,0,0,3,1,17,0.75,0.15,0.2499999999999999,0.9017658603730688,3,1,17,0.75,0.15,0.2499999999999999,0.9017658603730688,0,0,0,0.0,0.0,0.0,0,0,0,0.0,0.0,0.0,0,0
COCO,461405,12,12,0,0,14,288,28,288,316,197,0,0,28,0.0174063649999425,0.0230895340000643,0.0216594809999151,0.0621560739998585,11.92946359565219,11.393125722560892,0,0,0,0,12,2,0,0.8571428571428571,1.0,0.923076923076923,0.8390839775160623,12,2,0,0.8571428571428571,1.0,0.923076923076923,0.8390839775160623,0,0,0,0.0,0.0,0.0,0,0,0,0.0,0.0,0.0,0,0
COCO,176606,4,4,0,0,3,8,6,8,14,10,0,0,6,0.0155102090000127,0.0066050770001311,0.0056555640001079,0.0277714400001514,2.474139730930329,2.361722369939089,0,0,0,0,2,1,2,0.6666666666666666,0.5,0.5714285714285715,0.7990863592407426,2,1,2,0.6666666666666666,0.5,0.5714285714285715,0.7990863592407426,0,0,0,0.0,0.0,0.0,0,0,0,0.0,0.0,0.0,0,0
COCO,44699,4,4,0,0,6,52,12,52,64,37,0,0,12,0.0171110119999866,0.0091806579998774,0.0085946369999874,0.0348868409998885,5.122725827693941,4.903850231617691,0,0,0,0,4,2,0,0.6666666666666666,1.0,0.8,0.8782082041418229,4,2,0,0.6666666666666666,1.0,0.8,0.8782082041418229,0,0,0,0.0,0.0,0.0,0,0,0,0.0,0.0,0.0,0,0
COCO,559956,9,9,0,0,7,77,14,77,91,50,0,0,14,0.0154047369999261,0.0098435659999722,0.0095505589999902,0.0347994289998041,6.324351786225668,6.209785429884623,0,0,0,0,7,0,2,1.0,0.7777777777777778,0.8750000000000001,0.9137481237394685,7,0,2,1.0,0.7777777777777778,0.8750000000000001,0.9137481237394685,0,0,0,0.0,0.0,0.0,0,0,0,0.0,0.0,0.0,0,0
COCO,268996,0,0,0,0,0,0,0,0,0,0,0,0,1,0.0115257959998871,0.0047839759999988,0.0045072100001561,0.0208174399999734,,,0,0,0,0,0,0,0,0.0,0.0,0.0,0.0,0,0,0,0.0,0.0,0.0,0.0,0,0,0,0.0,0.0,0.0,0,0,0,0.0,0.0,0.0,0,0
COCO,11197,16,16,0,0,13,294,26,294,320,170,0,0,26,0.0160427329999492,0.0198679950001405,0.0195821359998262,0.0554935389998263,10.617609823154565,9.922651673413467,0,0,0,0,8,5,8,0.6153846153846154,0.5,0.5517241379310345,0.8137442761835367,8,5,8,0.6153846153846154,0.5,0.5517241379310345,0.8137442761835367,0,0,0,0.0,0.0,0.0,0,0,0,0.0,0.0,0.0,0,0
COCO,483667,3,3,0,0,2,5,4,5,9,5,0,0,4,0.012726794999935,0.0060895220001384,0.0059831490000306,0.0248001459999613,1.564479068120321,1.56449335038662,0,0,0,0,2,0,1,1.0,0.6666666666666666,0.8,0.962524660460117,2,0,1,1.0,0.6666666666666666,0.8,0.962524660460117,0,0,0,0.0,0.0,0.0,0,0,0,0.0,0.0,0.0,0,0
COCO,448810,1,1,0,0,1,0,2,0,2,1,0,0,2,0.0143856910001431,0.0062207349999425,0.0056880659999478,0.0262950880000971,0.5637685457865398,0.5396564042568207,0,0,0,0,1,0,0,1.0,1.0,1.0,0.946043850042844,1,0,0,1.0,1.0,1.0,0.946043850042844,0,0,0,0.0,0.0,0.0,0,0,0,0.0,0.0,0.0,0,0
COCO,724,4,4,0,0,3,12,6,12,18,10,0,0,6,0.0131678210000245,0.0066633209999054,0.0062651809998897,0.0260968799998408,2.4039040064811714,2.229514409154654,0,0,0,0,2,1,2,0.6666666666666666,0.5,0.5714285714285715,0.9076024874958516,2,1,2,0.6666666666666666,0.5,0.5714285714285715,0.9076024874958516,0,0,0,0.0,0.0,0.0,0,0,0,0.0,0.0,0.0,0,0
COCO,51961,1,1,0,0,1,0,2,0,2,1,0,0,2,0.0143190280000453,0.0065250049999576,0.0054580299999997,0.02630262699995,0.5840691248575847,0.5683309721946717,0,0,0,0,1,0,0,1.0,1.0,1.0,0.9112041780244144,1,0,0,1.0,1.0,1.0,0.9112041780244144,0,0,0,0.0,0.0,0.0,0,0,0,0.0,0.0,0.0,0,0
COCO,375278,6,6,0,0,4,24,8,24,32,17,0,0,8,0.0129199929999686,0.0079499819999,0.0071411730000363,0.0280118010000478,3.243756438891094,2.9941393032670027,0,0,0,0,2,2,4,0.5,0.3333333333333333,0.4,0.845115255983003,2,2,4,0.5,0.3333333333333333,0.4,0.845115255983003,0,0,0,0.0,0.0,0.0,0,0,0,0.0,0.0,0.0,0,0
COCO,302165,10,10,0,0,7,85,14,85,99,50,0,0,14,0.0146038119999047,0.0102994190001481,0.0110246470001129,0.0359285330000602,5.688886547182348,5.299645123327123,0,0,0,0,5,2,5,0.7142857142857143,0.5,0.588235294117647,0.8284016556863125,5,2,5,0.7142857142857143,0.5,0.588235294117647,0.8284016556863125,0,0,0,0.0,0.0,0.0,0,0,0,0.0,0.0,0.0,0,0
COCO,131131,2,2,0,0,4,23,8,23,31,17,0,0,8,0.0135767490000944,0.0077517949998764,0.0073710850001589,0.0287003410001034,3.241240808169048,3.023585974872113,0,0,0,0,2,2,0,0.5,1.0,0.6666666666666666,0.7677164211841179,2,2,0,0.5,1.0,0.6666666666666666,0.7677164211841179,0,0,0,0.0,0.0,0.0,0,0,0,0.0,0.0,0.0,0,0
COCO,98839,3,3,0,0,2,1,4,1,5,4,0,0,4,0.0133290169999327,0.0064008049998847,0.0055144389998531,0.0252448420001201,1.3252169593175251,1.300785621702671,0,0,0,0,2,0,1,1.0,0.6666666666666666,0.8,0.9296182221697726,2,0,1,1.0,0.6666666666666666,0.8,0.9296182221697726,0,0,0,0.0,0.0,0.0,0,0,0,0.0,0.0,0.0,0,0
COCO,402992,10,10,0,0,12,261,24,261,285,145,0,0,24,0.0167724489999727,0.0191505620000498,0.0173789240000132,0.0533026969999355,10.918785113424578,10.713989127904693,0,0,0,0,10,2,0,0.8333333333333334,1.0,0.9090909090909092,0.8337211851894555,10,2,0,0.8333333333333334,1.0,0.9090909090909092,0.8337211851894555,0,0,0,0.0,0.0,0.0,0,0,0,0.0,0.0,0.0,0,0
COCO,465675,3,3,0,0,2,6,4,6,10,5,0,0,4,0.0128943889999391,0.0063860330001261,0.0057645459999093,0.0250454790000276,1.4207473357518512,1.328472278416157,0,0,0,0,0,2,3,0.0,0.0,0.0,0.0,0,2,3,0.0,0.0,0.0,0.0,0,0,0,0.0,0.0,0.0,0,0,0,0.0,0.0,0.0,0,0
COCO,240754,3,3,0,0,2,2,4,2,6,5,0,0,4,0.0141543439999622,0.0064630080000824,0.005737425999996,0.0263553140000567,1.5677824385960897,1.5856593611836431,0,0,0,0,2,0,1,1.0,0.6666666666666666,0.8,0.9374972986259438,2,0,1,1.0,0.6666666666666666,0.8,0.9374972986259438,0,0,0,0.0,0.0,0.0,0,0,0,0.0,0.0,0.0,0,0
COCO,21167,4,4,0,0,4,23,8,23,31,17,0,0,8,0.0121920710000722,0.0072602079999342,0.0068022719999589,0.0262551650000659,3.482257477561843,3.3548492094578464,0,0,0,0,4,0,0,1.0,1.0,1.0,0.8290211230040816,4,0,0,1.0,1.0,1.0,0.8290211230040816,0,0,0,0.0,0.0,0.0,0,0,0,0.0,0.0,0.0,0,0
COCO,148730,2,2,0,0,1,0,2,0,2,1,0,0,2,0.0133046949999879,0.0057977550000032,0.0057950609998442,0.0248980960000153,0.4241544047991434,0.3424514301121235,0,0,0,0,0,1,2,0.0,0.0,0.0,0.0,0,1,2,0.0,0.0,0.0,0.0,0,0,0,0.0,0.0,0.0,0,0,0,0.0,0.0,0.0,0,0
COCO,384468,6,6,0,0,6,53,12,53,65,37,0,0,12,0.01603360099989,0.0094074860001001,0.0090046609998353,0.0344463310000264,5.084173830501146,4.823063887409277,0,0,0,0,5,1,1,0.8333333333333334,0.8333333333333334,0.8333333333333334,0.8874762085439867,5,1,1,0.8333333333333334,0.8333333333333334,0.8333333333333334,0.8874762085439867,0,0,0,0.0,0.0,0.0,0,0,0,0.0,0.0,0.0,0,0
COCO,253742,29,29,0,0,30,1642,60,1642,1702,901,0,0,60,0.0192975380000461,0.0904136110000308,0.0818106389999684,0.1915226430000984,25.45593083452401,24.061655451319787,0,0,0,0,20,10,9,0.6666666666666666,0.6896551724137931,0.6779661016949153,0.8318561968380379,20,10,9,0.6666666666666666,0.6896551724137931,0.6779661016949153,0.8318561968380379,0,0,0,0.0,0.0,0.0,0,0,0,0.0,0.0,0.0,0,0
COCO,186873,10,10,0,0,7,70,14,70,84,50,0,0,14,0.0176061550000667,0.0110608889999639,0.0096765410000898,0.0383443050000096,5.589182649728979,5.169642071055696,0,0,0,0,7,0,3,1.0,0.7,0.8235294117647058,0.7362334662283712,7,0,3,1.0,0.7,0.8235294117647058,0.7362334662283712,0,0,0,0.0,0.0,0.0,0,0,0,0.0,0.0,0.0,0,0
COCO,82180,3,3,0,0,3,11,6,11,17,10,0,0,6,0.0137230299999373,0.0076709259999461,0.0068570559999443,0.0282516899999336,2.609673460671819,2.54871541822902,0,0,0,0,2,1,1,0.6666666666666666,0.6666666666666666,0.6666666666666666,0.9278227407072488,2,1,1,0.6666666666666666,0.6666666666666666,0.6666666666666666,0.9278227407072488,0,0,0,0.0,0.0,0.0,0,0,0,0.0,0.0,0.0,0,0
COCO,446522,4,4,0,0,3,12,6,12,18,10,0,0,6,0.0138469410001107,0.0068250649999299,0.0061187140001948,0.0267914060000293,2.608398331378624,2.5305101319896437,0,0,0,0,3,0,1,1.0,0.75,0.8571428571428571,0.9152148149455698,3,0,1,1.0,0.75,0.8571428571428571,0.9152148149455698,0,0,0,0.0,0.0,0.0,0,0,0,0.0,0.0,0.0,0,0
COCO,552902,1,1,0,0,1,0,2,0,2,1,0,0,2,0.0152998470000511,0.0060309509999569,0.0054832200000873,0.0268144900001061,0.637745992342631,0.6441495475172996,0,0,0,0,1,0,0,1.0,1.0,1.0,0.9592138525269956,1,0,0,1.0,1.0,1.0,0.9592138525269956,0,0,0,0.0,0.0,0.0,0,0,0,0.0,0.0,0.0,0,0
COCO,125405,3,3,0,0,2,4,4,4,8,5,0,0,4,0.012409524999839,0.0064872230000219,0.0057832570000755,0.024680736999926,1.5294100316365564,1.514958336353302,0,0,0,0,2,0,1,1.0,0.6666666666666666,0.8,0.9505019205392922,2,0,1,1.0,0.6666666666666666,0.8,0.9505019205392922,0,0,0,0.0,0.0,0.0,0,0,0,0.0,0.0,0.0,0,0
COCO,110211,5,5,0,0,5,28,10,28,38,26,0,0,10,0.0138475189999098,0.008013941000172,0.0075272890001087,0.0293893660000321,4.185179236274719,3.9982047544337904,0,0,0,0,4,1,1,0.8,0.8,0.8000000000000002,0.9219506776090214,4,1,1,0.8,0.8,0.8000000000000002,0.9219506776090214,0,0,0,0.0,0.0,0.0,0,0,0,0.0,0.0,0.0,0,0
COCO,16010,5,5,0,0,5,38,10,38,48,26,0,0,10,0.01555317500015,0.0091143060001286,0.0071642880000126,0.0318322939999689,4.135424955685934,3.897954416573049,0,0,0,0,1,4,4,0.2,0.2,0.2,0.9162979671900964,1,4,4,0.2,0.2,0.2,0.9162979671900964,0,0,0,0.0,0.0,0.0,0,0,0,0.0,0.0,0.0,0,0
COCO,64462,2,2,0,0,2,5,4,5,9,5,0,0,4,0.0140315050000481,0.0066601119999631,0.0055665959998805,0.0262587009999606,1.531265324756299,1.5057326900013233,0,0,0,0,2,0,0,1.0,1.0,1.0,0.8549246898894727,2,0,0,1.0,1.0,1.0,0.8549246898894727,0,0,0,0.0,0.0,0.0,0,0,0,0.0,0.0,0.0,0,0
COCO,314182,9,9,0,0,13,309,26,309,335,170,0,0,26,0.0153110139999625,0.020614045000002,0.0196032619999186,0.0555290049999257,10.901547794043164,10.299546051521242,0,0,0,0,7,6,2,0.5384615384615384,0.7777777777777778,0.6363636363636364,0.8859952198689586,7,6,2,0.5384615384615384,0.7777777777777778,0.6363636363636364,0.8859952198689586,0,0,0,0.0,0.0,0.0,0,0,0,0.0,0.0,0.0,0,0
COCO,248980,10,10,0,0,6,66,12,66,78,37,0,0,12,0.0143256300000302,0.0090197380000063,0.0086240380001072,0.0319701189998795,4.682909436225893,4.2826095786690725,0,0,0,0,3,3,7,0.5,0.3,0.3749999999999999,0.7380094049072886,3,3,7,0.5,0.3,0.3749999999999999,0.7380094049072886,0,0,0,0.0,0.0,0.0,0,0,0,0.0,0.0,0.0,0,0
COCO,68387,7,7,0,0,7,88,14,88,102,50,0,0,14,0.0129831180001929,0.0103864800000792,0.0105916469999556,0.0339619050000692,6.258003857548165,6.086173654362687,0,0,0,0,6,1,1,0.8571428571428571,0.8571428571428571,0.8571428571428571,0.8949391251719021,6,1,1,0.8571428571428571,0.8571428571428571,0.8571428571428571,0.8949391251719021,0,0,0,0.0,0.0,0.0,0,0,0,0.0,0.0,0.0,0,0
COCO,429281,18,18,0,0,6,55,12,55,67,37,0,0,12,0.0152079360000243,0.0098849610001252,0.0084282430000257,0.0335218249999798,4.668549571929456,4.258913939444305,0,0,0,0,1,5,17,0.1666666666666666,0.0555555555555555,0.0833333333333333,0.528257801081957,1,5,17,0.1666666666666666,0.0555555555555555,0.0833333333333333,0.528257801081957,0,0,0,0.0,0.0,0.0,0,0,0,0.0,0.0,0.0,0,0
COCO,345466,11,11,0,0,7,67,14,67,81,50,0,0,14,0.0151181310000083,0.0103013590000955,0.0093331880000278,0.0347533229999044,5.977377914587659,5.7100046376884,0,0,0,0,7,0,4,1.0,0.6363636363636364,0.7777777777777778,0.889455410055331,7,0,4,1.0,0.6363636363636364,0.7777777777777778,0.889455410055331,0,0,0,0.0,0.0,0.0,0,0,0,0.0,0.0,0.0,0,0
COCO,352900,9,9,0,0,9,145,18,145,163,82,0,0,18,0.0143026890000328,0.0134311909998814,0.0121730179998849,0.0399076749999949,7.066857199668887,6.483935794532302,0,0,0,0,5,4,4,0.5555555555555556,0.5555555555555556,0.5555555555555556,0.8726769413247352,5,4,4,0.5555555555555556,0.5555555555555556,0.5555555555555556,0.8726769413247352,0,0,0,0.0,0.0,0.0,0,0,0,0.0,0.0,0.0,0,0
COCO,118367,10,10,0,0,2,2,4,2,6,5,0,0,4,0.0123840940000263,0.0064781200001107,0.005684618000032,0.0245474589999048,1.3970034011205037,1.344433970749378,0,0,0,0,1,1,9,0.5,0.1,0.1666666666666666,0.8229930160033092,1,1,9,0.5,0.1,0.1666666666666666,0.8229930160033092,0,0,0,0.0,0.0,0.0,0,0,0,0.0,0.0,0.0,0,0
COCO,113235,4,4,0,0,3,12,6,12,18,10,0,0,6,0.0157832939999025,0.0076022230000489,0.0067821490001733,0.0301683650000086,2.6186755275726328,2.5328791826963437,0,0,0,0,1,2,3,0.3333333333333333,0.25,0.2857142857142857,0.7350805785624357,1,2,3,0.3333333333333333,0.25,0.2857142857142857,0.7350805785624357,0,0,0,0.0,0.0,0.0,0,0,0,0.0,0.0,0.0,0,0
COCO,311303,8,8,0,0,8,103,16,103,119,65,0,0,16,0.01534358899994,0.0121095849999619,0.0114086160001534,0.0388625969999338,6.44436112212573,5.977356221203352,0,0,0,0,5,3,3,0.625,0.625,0.625,0.8335895742082647,5,3,3,0.625,0.625,0.625,0.8335895742082647,0,0,0,0.0,0.0,0.0,0,0,0,0.0,0.0,0.0,0,0
COCO,163640,6,6,0,0,5,32,10,32,42,26,0,0,10,0.0146155089998956,0.0102499069998884,0.0083083770000484,0.0331743560000177,4.387752697177589,4.241797349113087,0,0,0,0,4,1,2,0.8,0.6666666666666666,0.7272727272727272,0.8699263897107847,4,1,2,0.8,0.6666666666666666,0.7272727272727272,0.8699263897107847,0,0,0,0.0,0.0,0.0,0,0,0,0.0,0.0,0.0,0,0
COCO,370999,0,0,0,0,2,4,4,4,8,5,0,0,4,0.0128340230000958,0.006661344999884,0.0058757719998538,0.0253717790001246,1.5789858849843346,1.584984229207039,0,0,0,0,0,2,0,0.0,0.0,0.0,0.0,0,2,0,0.0,0.0,0.0,0.0,0,0,0,0.0,0.0,0.0,0,0,0,0.0,0.0,0.0,0,0
COCO,1490,2,2,0,0,2,3,4,3,7,5,0,0,4,0.0130621859998427,0.0071426949998567,0.0057723919999261,0.0259779599998637,1.3066491158803304,1.2003085428476337,0,0,0,0,2,0,0,1.0,1.0,1.0,0.9055431309203354,2,0,0,1.0,1.0,1.0,0.9055431309203354,0,0,0,0.0,0.0,0.0,0,0,0,0.0,0.0,0.0,0,0
COCO,329456,9,9,0,0,7,65,14,65,79,49,0,0,14,0.0142882489999465,0.0099272729999029,0.0089757969999482,0.0331919400000515,6.087270522859307,5.8613365652130165,0,0,0,0,5,2,4,0.7142857142857143,0.5555555555555556,0.6250000000000001,0.885890344537023,5,2,4,0.7142857142857143,0.5555555555555556,0.6250000000000001,0.885890344537023,0,0,0,0.0,0.0,0.0,0,0,0,0.0,0.0,0.0,0,0
COCO,570471,10,10,0,0,7,76,14,76,90,50,0,0,14,0.0147011799999745,0.010445867000044,0.00975068799994,0.0348982850000538,5.560146140257519,5.120664756447079,0,0,0,0,5,2,5,0.7142857142857143,0.5,0.588235294117647,0.9178980356973576,5,2,5,0.7142857142857143,0.5,0.588235294117647,0.9178980356973576,0,0,0,0.0,0.0,0.0,0,0,0,0.0,0.0,0.0,0,0
COCO,88269,4,4,0,0,4,27,8,27,35,17,0,0,8,0.0150040690000423,0.0083321000001888,0.0073724440001115,0.0307093150001946,3.313065506617229,3.112663361430169,0,0,0,0,2,2,2,0.5,0.5,0.5,0.928593763192893,2,2,2,0.5,0.5,0.5,0.928593763192893,0,0,0,0.0,0.0,0.0,0,0,0,0.0,0.0,0.0,0,0
COCO,260470,23,23,0,0,16,465,32,465,497,257,0,0,32,0.0170688270000027,0.0267150039999251,0.0256879839998873,0.0694728040000427,12.784485183520337,11.771835679921727,0,0,0,0,9,7,14,0.5625,0.391304347826087,0.4615384615384615,0.8657233584295185,9,7,14,0.5625,0.391304347826087,0.4615384615384615,0.8657233584295185,0,0,0,0.0,0.0,0.0,0,0,0,0.0,0.0,0.0,0,0
COCO,193494,1,1,0,0,1,0,2,0,2,1,0,0,2,0.0132765820001168,0.0059150160000172,0.0051592229999641,0.0243513730001723,0.6154029051462809,0.6125899368524552,0,0,0,0,1,0,0,1.0,1.0,1.0,0.9140857748794872,1,0,0,1.0,1.0,1.0,0.9140857748794872,0,0,0,0.0,0.0,0.0,0,0,0,0.0,0.0,0.0,0,0
COCO,252776,5,5,0,0,4,22,8,22,30,17,0,0,8,0.0126176280000436,0.0075960900001064,0.0071481540001059,0.0273628380000445,3.588173170975078,3.499497305940816,0,0,0,0,3,1,2,0.75,0.6,0.6666666666666665,0.94926423943288,3,1,2,0.75,0.6,0.6666666666666665,0.94926423943288,0,0,0,0.0,0.0,0.0,0,0,0,0.0,0.0,0.0,0,0
COCO,201072,5,5,0,0,8,86,16,86,102,65,0,0,16,0.0147082469998167,0.0105046189999029,0.0102119830000901,0.0354254429998945,6.43046167791332,5.962213342889599,0,0,0,0,5,3,0,0.625,1.0,0.7692307692307693,0.8203950224635678,5,3,0,0.625,1.0,0.7692307692307693,0.8203950224635678,0,0,0,0.0,0.0,0.0,0,0,0,0.0,0.0,0.0,0,0
COCO,18150,7,7,0,0,3,6,6,6,12,10,0,0,6,0.0141785129999334,0.0065134219998981,0.0057600599998295,0.0264525430000048,2.6142064237594607,2.5760665735602384,0,0,0,0,3,0,4,1.0,0.4285714285714285,0.6,0.8995785349642255,3,0,4,1.0,0.4285714285714285,0.6,0.8995785349642255,0,0,0,0.0,0.0,0.0,0,0,0,0.0,0.0,0.0,0,0
COCO,337498,6,6,0,0,5,44,10,44,54,26,0,0,10,0.0143944019998798,0.0085131810001257,0.0084105759999602,0.0313188119998812,4.320547805020395,4.136985411782248,0,0,0,0,4,1,2,0.8,0.6666666666666666,0.7272727272727272,0.9092122264347658,4,1,2,0.8,0.6666666666666666,0.7272727272727272,0.9092122264347658,0,0,0,0.0,0.0,0.0,0,0,0,0.0,0.0,0.0,0,0
COCO,521405,2,2,0,0,1,0,2,0,2,1,0,0,2,0.0134371110000302,0.0062542000000576,0.0058203680000588,0.0255123540000568,0.4171760479609172,0.3325945010781288,0,0,0,0,1,0,1,1.0,0.5,0.6666666666666666,0.8180909534359526,1,0,1,1.0,0.5,0.6666666666666666,0.8180909534359526,0,0,0,0.0,0.0,0.0,0,0,0,0.0,0.0,0.0,0,0
COCO,518770,22,22,0,0,13,285,26,285,311,170,0,0,26,0.015688898999997,0.0194758170000568,0.0192728950000855,0.0544383030000972,10.676603817145033,10.003286225050692,0,0,0,0,10,3,12,0.7692307692307693,0.4545454545454545,0.5714285714285714,0.831760543079157,10,3,12,0.7692307692307693,0.4545454545454545,0.5714285714285714,0.831760543079157,0,0,0,0.0,0.0,0.0,0,0,0,0.0,0.0,0.0,0,0
COCO,201646,4,4,0,0,2,4,4,4,8,5,0,0,4,0.0127989840000282,0.0068849169999793,0.0060000189998845,0.0256844909999927,1.41323134024938,1.3508559347689153,0,0,0,0,1,1,3,0.5,0.25,0.3333333333333333,0.975574034698679,1,1,3,0.5,0.25,0.3333333333333333,0.975574034698679,0,0,0,0.0,0.0,0.0,0,0,0,0.0,0.0,0.0,0,0
COCO,36936,22,22,0,0,13,315,26,315,341,170,0,0,26,0.0198324519999459,0.0210480579999057,0.0197365799999715,0.0606178450000243,10.571782983995552,9.774483950343804,0,0,0,0,8,5,14,0.6153846153846154,0.3636363636363636,0.4571428571428572,0.7772250023568317,8,5,14,0.6153846153846154,0.3636363636363636,0.4571428571428572,0.7772250023568317,0,0,0,0.0,0.0,0.0,0,0,0,0.0,0.0,0.0,0,0
COCO,59044,20,20,0,0,13,273,26,273,299,170,0,0,26,0.0150520189999951,0.0185376100000667,0.0183482439999806,0.0519384940000691,10.20602103630702,9.363338047117,0,0,0,0,9,4,11,0.6923076923076923,0.45,0.5454545454545455,0.8573211334930854,9,4,11,0.6923076923076923,0.45,0.5454545454545455,0.8573211334930854,0,0,0,0.0,0.0,0.0,0,0,0,0.0,0.0,0.0,0,0
COCO,172946,21,21,0,0,10,165,20,165,185,101,0,0,20,0.0138987469999847,0.0145747310000388,0.0133392289999392,0.0418134139999892,8.031106521562892,7.43333362204448,0,0,0,0,9,1,12,0.9,0.4285714285714285,0.5806451612903225,0.8217836488922646,9,1,12,0.9,0.4285714285714285,0.5806451612903225,0.8217836488922646,0,0,0,0.0,0.0,0.0,0,0,0,0.0,0.0,0.0,0,0
COCO,234607,5,5,0,0,4,24,8,24,32,17,0,0,8,0.0149396469998919,0.0080923850000544,0.0070418969999082,0.0300745649999498,3.0723637143424547,2.830196306074797,0,0,0,0,3,1,2,0.75,0.6,0.6666666666666665,0.6687653720416579,3,1,2,0.75,0.6,0.6666666666666665,0.6687653720416579,0,0,0,0.0,0.0,0.0,0,0,0,0.0,0.0,0.0,0,0
COCO,532690,5,5,0,0,7,89,14,89,103,50,0,0,14,0.0150317800000721,0.0111936910000167,0.0105112860001099,0.0367375220000667,5.684211950707675,5.281931864031396,0,0,0,0,4,3,1,0.5714285714285714,0.8,0.6666666666666666,0.8177469461687633,4,3,1,0.5714285714285714,0.8,0.6666666666666666,0.8177469461687633,0,0,0,0.0,0.0,0.0,0,0,0,0.0,0.0,0.0,0,0
COCO,323895,3,3,0,0,2,4,4,4,8,5,0,0,4,0.0137074970000412,0.0071460389999629,0.0068151210000451,0.0276693650000652,1.4329256327946984,1.378674122989178,0,0,0,0,2,0,1,1.0,0.6666666666666666,0.8,0.8836660044692364,2,0,1,1.0,0.6666666666666666,0.8,0.8836660044692364,0,0,0,0.0,0.0,0.0,0,0,0,0.0,0.0,0.0,0,0
COCO,384670,4,4,0,0,3,12,6,12,18,10,0,0,6,0.0124156750000565,0.0067207780000444,0.0062205249998896,0.025357582999959,2.803930339813233,2.794551604986192,0,0,0,0,3,0,1,1.0,0.75,0.8571428571428571,0.922308377447776,3,0,1,1.0,0.75,0.8571428571428571,0.922308377447776,0,0,0,0.0,0.0,0.0,0,0,0,0.0,0.0,0.0,0,0
COCO,50326,3,3,0,0,2,2,4,2,6,5,0,0,4,0.0119106869999541,0.006339096000147,0.005980806000025,0.0242312299999412,1.3042979367574057,1.213487502336502,0,0,0,0,1,1,2,0.5,0.3333333333333333,0.4,0.9334470440710452,1,1,2,0.5,0.3333333333333333,0.4,0.9334470440710452,0,0,0,0.0,0.0,0.0,0,0,0,0.0,0.0,0.0,0,0
COCO,205542,1,1,0,0,1,0,2,0,2,1,0,0,2,0.0139084769998589,0.0064081000000442,0.005361768000057,0.0256790099999761,0.634652558962504,0.6397800728678704,0,0,0,0,1,0,0,1.0,1.0,1.0,0.9489499488430384,1,0,0,1.0,1.0,1.0,0.9489499488430384,0,0,0,0.0,0.0,0.0,0,0,0,0.0,0.0,0.0,0,0
COCO,217957,1,1,0,0,1,0,2,0,2,1,0,0,2,0.0147561100000075,0.0059353910000936,0.005424130999927,0.026116581999986,0.5328731934229534,0.4960167190432549,0,0,0,0,1,0,0,1.0,1.0,1.0,0.8487018978666845,1,0,0,1.0,1.0,1.0,0.8487018978666845,0,0,0,0.0,0.0,0.0,0,0,0,0.0,0.0,0.0,0,0
COCO,162035,5,5,0,0,4,24,8,24,32,17,0,0,8,0.0142284839998865,0.0079028870000001,0.0069029450000925,0.0290349929998683,3.1164757219950365,2.8473552906513224,0,0,0,0,3,1,2,0.75,0.6,0.6666666666666665,0.9469053117589766,3,1,2,0.75,0.6,0.6666666666666665,0.9469053117589766,0,0,0,0.0,0.0,0.0,0,0,0,0.0,0.0,0.0,0,0
COCO,415727,11,11,0,0,3,12,6,12,18,10,0,0,6,0.0136479000000235,0.0074683510001705,0.0065545899999506,0.0276714199999332,2.4658404207229623,2.316999594271184,0,0,0,0,3,0,8,1.0,0.2727272727272727,0.4285714285714285,0.8761020348685618,3,0,8,1.0,0.2727272727272727,0.4285714285714285,0.8761020348685618,0,0,0,0.0,0.0,0.0,0,0,0,0.0,0.0,0.0,0,0
COCO,46252,5,5,0,0,6,47,12,47,59,37,0,0,12,0.0149621600000955,0.0093733609999162,0.0082155200000215,0.0325516559998959,5.155201878544343,4.931208294626725,0,0,0,0,5,1,0,0.8333333333333334,1.0,0.9090909090909092,0.8288402795774221,5,1,0,0.8333333333333334,1.0,0.9090909090909092,0.8288402795774221,0,0,0,0.0,0.0,0.0,0,0,0,0.0,0.0,0.0,0,0
COCO,182021,5,5,0,0,2,4,4,4,8,5,0,0,4,0.012658047000059,0.0072193749999769,0.0061172270000042,0.0259952779999821,1.5236757787068689,1.5068587040901185,0,0,0,0,2,0,3,1.0,0.4,0.5714285714285715,0.8738058947937053,2,0,3,1.0,0.4,0.5714285714285715,0.8738058947937053,0,0,0,0.0,0.0,0.0,0,0,0,0.0,0.0,0.0,0,0
COCO,231747,15,15,0,0,3,10,6,10,16,10,0,0,6,0.0140318500000375,0.0073778400001174,0.0067871969999941,0.028197536999869,2.5266716790199286,2.4194237466156485,0,0,0,0,1,2,14,0.3333333333333333,0.0666666666666666,0.1111111111111111,0.9077236840081676,1,2,14,0.3333333333333333,0.0666666666666666,0.1111111111111111,0.9077236840081676,0,0,0,0.0,0.0,0.0,0,0,0,0.0,0.0,0.0,0,0
COCO,90284,2,2,0,0,2,4,4,4,8,5,0,0,4,0.0150481720002062,0.0065989370000352,0.0059558999998898,0.0276036430000203,1.5094906218846638,1.5033221700787545,0,0,0,0,2,0,0,1.0,1.0,1.0,0.9421793899846144,2,0,0,1.0,1.0,1.0,0.9421793899846144,0,0,0,0.0,0.0,0.0,0,0,0,0.0,0.0,0.0,0,0
COCO,286553,18,18,0,0,10,169,20,169,189,101,0,0,20,0.0155694580000727,0.013847338000005,0.0135980249999647,0.0430154910000055,8.37928347720032,7.900908265742908,0,0,0,0,8,2,10,0.8,0.4444444444444444,0.5714285714285714,0.8660496627138461,8,2,10,0.8,0.4444444444444444,0.5714285714285714,0.8660496627138461,0,0,0,0.0,0.0,0.0,0,0,0,0.0,0.0,0.0,0,0
COCO,488736,2,2,0,0,2,2,4,2,6,5,0,0,4,0.0142824600000039,0.0063127329999588,0.0055272699999022,0.0261231220001718,1.4840525992711382,1.4673909631371496,0,0,0,0,2,0,0,1.0,1.0,1.0,0.9026703529625753,2,0,0,1.0,1.0,1.0,0.9026703529625753,0,0,0,0.0,0.0,0.0,0,0,0,0.0,0.0,0.0,0,0
COCO,63602,8,8,0,0,2,2,4,2,6,5,0,0,4,0.013213609000104,0.0068563160000394,0.0062915030000567,0.0263620739999623,1.532375825246175,1.535647519826889,0,0,0,0,2,0,6,1.0,0.25,0.4,0.8943323950655163,2,0,6,1.0,0.25,0.4,0.8943323950655163,0,0,0,0.0,0.0,0.0,0,0,0,0.0,0.0,0.0,0,0
COCO,383386,4,4,0,0,3,6,6,6,12,10,0,0,6,0.0141332950001924,0.0066266399999221,0.0059639730000071,0.0267244600001959,2.63794454574585,2.609596670866013,0,0,0,0,3,0,1,1.0,0.75,0.8571428571428571,0.9500904647182716,3,0,1,1.0,0.75,0.8571428571428571,0.9500904647182716,0,0,0,0.0,0.0,0.0,0,0,0,0.0,0.0,0.0,0,0
COCO,450686,2,2,0,0,2,4,4,4,8,5,0,0,4,0.0134663700000601,0.0060434439999426,0.0058994670000629,0.0254098210000393,1.4852408917744957,1.4525694262981417,0,0,0,0,2,0,0,1.0,1.0,1.0,0.867341779930295,2,0,0,1.0,1.0,1.0,0.867341779930295,0,0,0,0.0,0.0,0.0,0,0,0,0.0,0.0,0.0,0,0
COCO,5060,2,2,0,0,3,12,6,12,18,10,0,0,6,0.0141729409999697,0.0068197949999557,0.0058839519999764,0.0268772679999074,2.2991521692276007,2.081552439033986,0,0,0,0,1,2,1,0.3333333333333333,0.5,0.4,0.8270077823111914,1,2,1,0.3333333333333333,0.5,0.4,0.8270077823111914,0,0,0,0.0,0.0,0.0,0,0,0,0.0,0.0,0.0,0,0
COCO,286523,2,2,0,0,5,42,10,42,52,26,0,0,10,0.0145459889999983,0.0081522250000034,0.0073490780000611,0.0300479349998568,3.804845770200095,3.4310113170743004,0,0,0,0,2,3,0,0.4,1.0,0.5714285714285715,0.8822373870545746,2,3,0,0.4,1.0,0.5714285714285715,0.8822373870545746,0,0,0,0.0,0.0,0.0,0,0,0,0.0,0.0,0.0,0,0
COCO,120420,26,26,0,0,9,135,18,135,153,82,0,0,18,0.0153607689999262,0.013982661,0.0117585240000153,0.0411027239999839,7.309163084030154,6.801442856192591,0,0,0,0,8,1,18,0.8888888888888888,0.3076923076923077,0.4571428571428572,0.8474267422969297,8,1,18,0.8888888888888888,0.3076923076923077,0.4571428571428572,0.8474267422969297,0,0,0,0.0,0.0,0.0,0,0,0,0.0,0.0,0.0,0,0
COCO,579655,16,16,0,0,2,6,4,6,10,5,0,0,4,0.0125063250000039,0.0060269440000411,0.0062599130001217,0.0247937350000029,1.355353954633077,1.269104127585888,0,0,0,0,2,0,14,1.0,0.125,0.2222222222222222,0.7751295660964403,2,0,14,1.0,0.125,0.2222222222222222,0.7751295660964403,0,0,0,0.0,0.0,0.0,0,0,0,0.0,0.0,0.0,0,0
COCO,117908,9,9,0,0,6,54,12,54,66,37,0,0,12,0.0128467810000074,0.0095692959998814,0.0092845359999955,0.0317012570001224,4.829058122634889,4.456044598221781,0,0,0,0,4,2,5,0.6666666666666666,0.4444444444444444,0.5333333333333333,0.8848111978268024,4,2,5,0.6666666666666666,0.4444444444444444,0.5333333333333333,0.8848111978268024,0,0,0,0.0,0.0,0.0,0,0,0,0.0,0.0,0.0,0,0
COCO,550322,6,6,0,0,5,34,10,34,44,26,0,0,10,0.0147636370002146,0.0088006749999749,0.0077271289999316,0.0312921180000103,3.979320617516837,3.6774570389091994,0,0,0,0,2,3,4,0.4,0.3333333333333333,0.3636363636363636,0.7627840592800125,2,3,4,0.4,0.3333333333333333,0.3636363636363636,0.7627840592800125,0,0,0,0.0,0.0,0.0,0,0,0,0.0,0.0,0.0,0,0
COCO,322844,2,2,0,0,3,10,6,10,16,10,0,0,6,0.0149559200001476,0.0067060280000532,0.005984398999999,0.027646956000126,2.298661406040192,2.0973592360317705,0,0,0,0,2,1,0,0.6666666666666666,1.0,0.8,0.7131785703696225,2,1,0,0.6666666666666666,1.0,0.8,0.7131785703696225,0,0,0,0.0,0.0,0.0,0,0,0,0.0,0.0,0.0,0,0
COCO,218362,8,8,0,0,4,24,8,24,32,17,0,0,8,0.0143030599999747,0.007870720000028,0.0074114449998887,0.0295859190000555,2.9927268401781726,2.6395599950850013,0,0,0,0,2,2,6,0.5,0.25,0.3333333333333333,0.937701447940108,2,2,6,0.5,0.25,0.3333333333333333,0.937701447940108,0,0,0,0.0,0.0,0.0,0,0,0,0.0,0.0,0.0,0,0
COCO,213224,6,6,0,0,10,166,20,166,186,101,0,0,20,0.0168598369998562,0.0149152059998414,0.0137400730000081,0.0455158769998433,7.997672268549604,7.377045412659648,0,0,0,0,4,6,2,0.4,0.6666666666666666,0.5,0.8979722434985224,4,6,2,0.4,0.6666666666666666,0.5,0.8979722434985224,0,0,0,0.0,0.0,0.0,0,0,0,0.0,0.0,0.0,0,0
COCO,223747,3,3,0,0,2,4,4,4,8,5,0,0,4,0.0123751500000253,0.0067728849999184,0.0058484599999246,0.0249971129999266,1.1082227381070455,0.9200312842428684,0,0,0,0,0,2,3,0.0,0.0,0.0,0.6519603900993971,0,2,3,0.0,0.0,0.0,0.6519603900993971,0,0,0,0.0,0.0,0.0,0,0,0,0.0,0.0,0.0,0,0
COCO,297578,10,10,0,0,5,34,10,34,44,26,0,0,10,0.012428767000074,0.0091946249999637,0.0079852399999253,0.0296092169999155,4.281995297273001,4.092610024064781,0,0,0,0,5,0,5,1.0,0.5,0.6666666666666666,0.8123425380073479,5,0,5,1.0,0.5,0.6666666666666666,0.8123425380073479,0,0,0,0.0,0.0,0.0,0,0,0,0.0,0.0,0.0,0,0
COCO,458992,4,4,0,0,5,40,10,40,50,26,0,0,10,0.014416724000057,0.008535909000102,0.0078342239999074,0.0307874620000347,4.297730885346732,4.069461542218924,0,0,0,0,2,3,2,0.4,0.5,0.4444444444444445,0.9689432985424112,2,3,2,0.4,0.5,0.4444444444444445,0.9689432985424112,0,0,0,0.0,0.0,0.0,0,0,0,0.0,0.0,0.0,0,0
COCO,78266,15,15,0,0,1,0,2,0,2,1,0,0,2,0.0147661600001356,0.0066135779998148,0.0057835200000226,0.0271637729999838,0.4805604616800944,0.4221249854564667,0,0,0,0,0,1,15,0.0,0.0,0.0,0.0,0,1,15,0.0,0.0,0.0,0.0,0,0,0,0.0,0.0,0.0,0,0,0,0.0,0.0,0.0,0,0
COCO,164602,6,6,0,0,3,8,6,8,14,10,0,0,6,0.0132021869999334,0.006279903999939,0.005575785000019,0.0250585569999657,2.420210387706757,2.3020471726357936,0,0,0,0,2,1,4,0.6666666666666666,0.3333333333333333,0.4444444444444444,0.8206120707890363,2,1,4,0.6666666666666666,0.3333333333333333,0.4444444444444444,0.8206120707890363,0,0,0,0.0,0.0,0.0,0,0,0,0.0,0.0,0.0,0,0
COCO,440475,26,26,0,0,8,107,16,107,123,65,0,0,16,0.0152172219998192,0.0142451070000788,0.0110254229998645,0.0404884609999953,6.461389677766753,6.012059902592296,0,0,0,0,5,3,21,0.625,0.1923076923076923,0.2941176470588235,0.7828076450952566,5,3,21,0.625,0.1923076923076923,0.2941176470588235,0.7828076450952566,0,0,0,0.0,0.0,0.0,0,0,0,0.0,0.0,0.0,0,0
COCO,101762,2,2,0,0,2,4,4,4,8,5,0,0,4,0.0140145610000672,0.0068723199999567,0.0059572070001649,0.0268446630000198,1.5245363744099936,1.5080742955207826,0,0,0,0,2,0,0,1.0,1.0,1.0,0.8099170356554997,2,0,0,1.0,1.0,1.0,0.8099170356554997,0,0,0,0.0,0.0,0.0,0,0,0,0.0,0.0,0.0,0,0
COCO,557501,2,2,0,0,2,2,4,2,6,5,0,0,4,0.0138376690001678,0.0068988349999017,0.0063154289998692,0.0270526580000023,1.425895155270894,1.3852435734868047,0,0,0,0,2,0,0,1.0,1.0,1.0,0.901446982380051,2,0,0,1.0,1.0,1.0,0.901446982380051,0,0,0,0.0,0.0,0.0,0,0,0,0.0,0.0,0.0,0,0
COCO,203317,1,1,0,0,1,0,2,0,2,1,0,0,2,0.0152875940000285,0.006467147000194,0.0056821979999313,0.0274375220001275,0.6421681801478067,0.6503958877921104,0,0,0,0,1,0,0,1.0,1.0,1.0,0.9783740828404816,1,0,0,1.0,1.0,1.0,0.9783740828404816,0,0,0,0.0,0.0,0.0,0,0,0,0.0,0.0,0.0,0,0
COCO,368940,1,1,0,0,2,4,4,4,8,5,0,0,4,0.014564860000064,0.0061904080000658,0.0056051770000067,0.0263609700000415,1.2648962091064426,1.1471366215900551,0,0,0,0,1,1,0,0.5,1.0,0.6666666666666666,0.7949256734460757,1,1,0,0.5,1.0,0.6666666666666666,0.7949256734460757,0,0,0,0.0,0.0,0.0,0,0,0,0.0,0.0,0.0,0,0
COCO,569917,5,5,0,0,3,12,6,12,18,10,0,0,6,0.0152458390000447,0.0070206469999902,0.0060530149999067,0.0283201180000105,2.2413849163921387,2.004011193451455,0,0,0,0,2,1,3,0.6666666666666666,0.4,0.5,0.8701704476211356,2,1,3,0.6666666666666666,0.4,0.5,0.8701704476211356,0,0,0,0.0,0.0,0.0,0,0,0,0.0,0.0,0.0,0,0
COCO,144798,4,4,0,0,2,4,4,4,8,5,0,0,4,0.0132233219999307,0.0059561460000168,0.0060788480000155,0.0252588939999895,1.5059102567036948,1.4817649042606358,0,0,0,0,2,0,2,1.0,0.5,0.6666666666666666,0.9410266629148344,2,0,2,1.0,0.5,0.6666666666666666,0.9410266629148344,0,0,0,0.0,0.0,0.0,0,0,0,0.0,0.0,0.0,0,0
COCO,284623,5,5,0,0,3,10,6,10,16,10,0,0,6,0.0134306380000452,0.0077003960000183,0.0068162180000399,0.0279478590000508,2.570961015224457,2.4984824340045457,0,0,0,0,3,0,2,1.0,0.6,0.7499999999999999,0.948762621337833,3,0,2,1.0,0.6,0.7499999999999999,0.948762621337833,0,0,0,0.0,0.0,0.0,0,0,0,0.0,0.0,0.0,0,0
COCO,520301,1,1,0,0,1,0,2,0,2,1,0,0,2,0.012911029999941,0.006313185999943,0.0055452320000313,0.0247700540001005,0.6055704275767009,0.5987015622854233,0,0,0,0,1,0,0,1.0,1.0,1.0,0.981547151603204,1,0,0,1.0,1.0,1.0,0.981547151603204,0,0,0,0.0,0.0,0.0,0,0,0,0.0,0.0,0.0,0,0
COCO,127987,3,3,0,0,3,13,6,13,19,10,0,0,6,0.0132550599998921,0.0067811629999141,0.0063987690000431,0.0264355939998495,2.6436856073879738,2.558816326930477,0,0,0,0,2,1,1,0.6666666666666666,0.6666666666666666,0.6666666666666666,0.9320577366590088,2,1,1,0.6666666666666666,0.6666666666666666,0.6666666666666666,0.9320577366590088,0,0,0,0.0,0.0,0.0,0,0,0,0.0,0.0,0.0,0,0
COCO,63740,11,11,0,0,11,211,22,211,233,122,0,0,22,0.014295962999995,0.0151255850000779,0.0145287549999011,0.0439508829999795,9.299833457071507,8.853782606123813,0,0,0,0,8,3,3,0.7272727272727273,0.7272727272727273,0.7272727272727273,0.8832138281943049,8,3,3,0.7272727272727273,0.7272727272727273,0.7272727272727273,0.8832138281943049,0,0,0,0.0,0.0,0.0,0,0,0,0.0,0.0,0.0,0,0
COCO,36494,52,52,0,0,21,793,42,793,835,442,0,0,42,0.0167382479999105,0.04146988399998,0.0417059080000399,0.0999147009999887,15.844737183488526,14.185413538105406,0,0,0,0,13,8,39,0.6190476190476191,0.25,0.3561643835616438,0.8157270056320051,13,8,39,0.6190476190476191,0.25,0.3561643835616438,0.8157270056320051,0,0,0,0.0,0.0,0.0,0,0,0,0.0,0.0,0.0,0,0
COCO,210032,15,15,0,0,5,38,10,38,48,26,0,0,10,0.0135593659999813,0.0076516750000337,0.0073299600001064,0.0285415809998994,4.08782260020574,3.830716089457275,0,0,0,0,3,2,12,0.6,0.2,0.3,0.7268895447074504,3,2,12,0.6,0.2,0.3,0.7268895447074504,0,0,0,0.0,0.0,0.0,0,0,0,0.0,0.0,0.0,0,0
Visual Genome,83,25,1,16,0,28,1429,56,1429,1485,785,0,0,56,0.0185431720001361,0.0725345949999791,0.0698765890001595,0.1609552160000475,22.699173180846397,21.09269001199605,0,0,0,0,0,28,1,0.0,0.0,0.0,0.0,0,28,1,0.0,0.0,0.0,0.0,0,0,0,0.0,0.0,0.0,0,0,0,0.0,0.0,0.0,0,0
Visual Genome,347,13,1,7,0,14,352,28,352,380,197,0,0,28,0.0152066580001246,0.022048906000009,0.0214970050001284,0.0587532940000983,11.6840416800735,11.01238924287335,0,0,0,0,1,13,0,0.0714285714285714,1.0,0.1333333333333333,0.6088530700244924,1,13,0,0.0714285714285714,1.0,0.1333333333333333,0.6088530700244924,0,0,0,0.0,0.0,0.0,0,0,0,0.0,0.0,0.0,0,0
Visual Genome,532,28,1,49,0,1,0,2,0,2,1,0,0,2,0.0130658880000282,0.0058278930000597,0.0053057410000292,0.0242000929999903,0.604728881518046,0.5975128784775734,0,0,0,0,1,0,0,1.0,1.0,1.0,0.8996194252227986,1,0,0,1.0,1.0,1.0,0.8996194252227986,0,0,0,0.0,0.0,0.0,0,0,0,0.0,0.0,0.0,0,0
Visual Genome,1045,35,1,22,0,28,1407,56,1407,1463,785,0,0,56,0.0192892310001298,0.0720494740000958,0.0707750429999123,0.16211470799999,23.41876866219244,22.0833272981922,0,0,0,0,1,27,0,0.0357142857142857,1.0,0.0689655172413793,0.9619170594332536,1,27,0,0.0357142857142857,1.0,0.0689655172413793,0.9619170594332536,0,0,0,0.0,0.0,0.0,0,0,0,0.0,0.0,0.0,0,0
Visual Genome,1139,30,0,25,0,7,80,14,80,94,50,0,0,14,0.0144145790000038,0.012354211999991,0.0115225009999448,0.0382920589997866,5.295514153955299,4.74306555392138,0,0,0,0,0,7,0,0.0,0.0,0.0,0.0,0,7,0,0.0,0.0,0.0,0.0,0,0,0,0.0,0.0,0.0,0,0,0,0.0,0.0,0.0,0,0
Visual Genome,1716,28,8,20,0,15,372,30,372,402,226,0,0,30,0.0168625500000416,0.0231824099998902,0.0221041960001002,0.0621498530001645,12.127404987812048,11.299959545284514,0,0,0,0,6,9,2,0.4,0.75,0.5217391304347827,0.8845121658533279,6,9,2,0.4,0.75,0.5217391304347827,0.8845121658533279,0,0,0,0.0,0.0,0.0,0,0,0,0.0,0.0,0.0,0,0
Visual Genome,2159,25,3,14,0,8,102,16,102,118,65,0,0,16,0.0139436360000217,0.0120592350001516,0.0114847099998769,0.0374884860000293,6.057708433470597,5.420875985027822,0,0,0,0,2,6,1,0.25,0.6666666666666666,0.3636363636363636,0.8814663573441348,2,6,1,0.25,0.6666666666666666,0.3636363636363636,0.8814663573441348,0,0,0,0.0,0.0,0.0,0,0,0,0.0,0.0,0.0,0,0
Visual Genome,2813,14,0,8,0,0,0,0,0,0,0,0,0,1,0.0123571569999967,0.0049222860000099,0.0046636659999421,0.0219437350001499,,,0,0,0,0,0,0,0,0.0,0.0,0.0,0.0,0,0,0,0.0,0.0,0.0,0.0,0,0,0,0.0,0.0,0.0,0,0,0,0.0,0.0,0.0,0,0
Visual Genome,3040,18,2,15,0,3,12,6,12,18,10,0,0,6,0.0143271889999141,0.0066889350000565,0.0063118360001226,0.0273286419999294,2.577692975997926,2.44199132859707,0,0,0,0,1,2,1,0.3333333333333333,0.5,0.4,0.9134589780294818,1,2,1,0.3333333333333333,0.5,0.4,0.9134589780294818,0,0,0,0.0,0.0,0.0,0,0,0,0.0,0.0,0.0,0,0
Visual Genome,3575,11,1,11,0,1,0,2,0,2,1,0,0,2,0.0133349350001026,0.0068647699999928,0.0062410299999555,0.0264413620000141,0.3771908680597941,0.2761154344677925,0,0,0,0,0,1,1,0.0,0.0,0.0,0.0,0,1,1,0.0,0.0,0.0,0.0,0,0,0,0.0,0.0,0.0,0,0,0,0.0,0.0,0.0,0,0
Visual Genome,3781,62,16,62,0,9,114,18,114,132,82,0,0,18,0.0146210450000126,0.0126861490000464,0.0115520689998902,0.0388600090000181,6.64191254442561,5.866699003633145,0,0,0,0,5,4,11,0.5555555555555556,0.3125,0.3999999999999999,0.6661520308401749,5,4,11,0.5555555555555556,0.3125,0.3999999999999999,0.6661520308401749,0,0,0,0.0,0.0,0.0,0,0,0,0.0,0.0,0.0,0,0
Visual Genome,4218,5,0,3,0,0,0,0,0,0,0,0,0,1,0.0118364780000774,0.0045928320000712,0.0040993350000917,0.0205290580001928,,,0,0,0,0,0,0,0,0.0,0.0,0.0,0.0,0,0,0,0.0,0.0,0.0,0.0,0,0,0,0.0,0.0,0.0,0,0,0,0.0,0.0,0.0,0,0
Visual Genome,4434,8,1,15,0,2,4,4,4,8,5,0,0,4,0.0140034349999496,0.0071838740000202,0.0062532590000046,0.0274412979999851,1.285396679242452,1.13728947609663,0,0,0,0,0,2,1,0.0,0.0,0.0,0.7734870065833309,0,2,1,0.0,0.0,0.0,0.7734870065833309,0,0,0,0.0,0.0,0.0,0,0,0,0.0,0.0,0.0,0,0
Visual Genome,4483,24,2,13,0,4,18,8,18,26,17,0,0,8,0.0550660320000133,0.0078644170000643,0.0068021859999589,0.069733258000042,3.4485973183314016,3.332977045476438,0,0,0,0,2,2,0,0.5,1.0,0.6666666666666666,0.9674957532201804,2,2,0,0.5,1.0,0.6666666666666666,0.9674957532201804,0,0,0,0.0,0.0,0.0,0,0,0,0.0,0.0,0.0,0,0
Visual Genome,4525,23,1,13,0,0,0,0,0,0,0,0,0,1,0.0120421040001019,0.0053084599999237,0.0044833389999894,0.0218345000000681,,,0,0,0,0,0,0,1,0.0,0.0,0.0,0.0,0,0,1,0.0,0.0,0.0,0.0,0,0,0,0.0,0.0,0.0,0,0,0,0.0,0.0,0.0,0,0
Visual Genome,285666,4,0,1,0,3,10,6,10,16,10,0,0,6,0.0191120740000769,0.006964483000047,0.0063129960001333,0.0323901830001887,2.4952497673034677,2.375040296316147,0,0,0,0,0,3,0,0.0,0.0,0.0,0.0,0,3,0,0.0,0.0,0.0,0.0,0,0,0,0.0,0.0,0.0,0,0,0,0.0,0.0,0.0,0,0
Visual Genome,497981,32,1,14,0,4,24,8,24,32,17,0,0,8,0.0175138590000187,0.007933580000099,0.0077548510000724,0.0332028450000052,2.9293096510569265,2.5829832154512418,0,0,0,0,0,4,1,0.0,0.0,0.0,0.0,0,4,1,0.0,0.0,0.0,0.0,0,0,0,0.0,0.0,0.0,0,0,0,0.0,0.0,0.0,0,0
Visual Genome,498311,27,4,18,0,3,12,6,12,18,10,0,0,6,0.021374329000082,0.0070197360000747,0.0061315379998632,0.0345262119999461,2.450601445261082,2.3039193254445403,0,0,0,0,3,0,1,1.0,0.75,0.8571428571428571,0.8355290348399967,3,0,1,1.0,0.75,0.8571428571428571,0.8355290348399967,0,0,0,0.0,0.0,0.0,0,0,0,0.0,0.0,0.0,0,0
Visual Genome,713027,8,1,2,0,5,42,10,42,52,26,0,0,10,0.0247231539999575,0.0083103609999852,0.0073875610000868,0.0404217450000032,3.622702642281852,3.173734148889781,0,0,0,0,1,4,0,0.2,1.0,0.3333333333333333,0.7393753385839741,1,4,0,0.2,1.0,0.3333333333333333,0.7393753385839741,0,0,0,0.0,0.0,0.0,0,0,0,0.0,0.0,0.0,0,0
Visual Genome,713431,16,0,8,0,4,22,8,22,30,17,0,0,8,0.0184944289999293,0.0081863059999705,0.0069717779999791,0.0336532029998579,3.41911802450816,3.2418375429511084,0,0,0,0,0,4,0,0.0,0.0,0.0,0.0,0,4,0,0.0,0.0,0.0,0.0,0,0,0,0.0,0.0,0.0,0,0,0,0.0,0.0,0.0,0,0
Visual Genome,713491,32,0,16,0,19,589,38,589,627,362,0,0,38,0.0222938760000488,0.0329716439998719,0.0323719050002182,0.0876382769999963,15.167105811505744,14.00244643943432,0,0,0,0,0,19,0,0.0,0.0,0.0,0.0,0,19,0,0.0,0.0,0.0,0.0,0,0,0,0.0,0.0,0.0,0,0,0,0.0,0.0,0.0,0,0
Visual Genome,1159279,36,5,23,0,17,525,34,525,559,290,0,0,34,0.0241244910000659,0.0312110499999107,0.0286275480000313,0.0839638800000557,14.325144956559711,13.570698104153845,0,0,0,0,4,13,1,0.2352941176470588,0.8,0.3636363636363636,0.8425969705101859,4,13,1,0.2352941176470588,0.8,0.3636363636363636,0.8425969705101859,0,0,0,0.0,0.0,0.0,0,0,0,0.0,0.0,0.0,0,0
Visual Genome,1159540,26,12,42,1,18,561,36,561,597,325,0,0,36,0.0241959499999211,0.0334695200001533,0.033175594000113,0.0908419129998492,14.55571071371956,13.521038455968334,0,0,0,0,11,7,1,0.6111111111111112,0.9166666666666666,0.7333333333333334,0.8354765472541626,11,7,1,0.6111111111111112,0.9166666666666666,0.7333333333333334,0.8354765472541626,0,4,1,0.0,0.0,0.0,0,4,1,0.0,0.0,0.0,0,0
Visual Genome,1159694,18,4,10,0,13,311,26,311,337,170,0,0,26,0.0215670990000944,0.0206741839999722,0.0200519019999774,0.0622938330000124,11.235788588520888,10.771311124758922,0,0,0,0,3,10,1,0.2307692307692307,0.75,0.3529411764705882,0.8296596976299591,3,10,1,0.2307692307692307,0.75,0.3529411764705882,0.8296596976299591,0,0,0,0.0,0.0,0.0,0,0,0,0.0,0.0,0.0,0,0
Visual Genome,1159744,41,12,32,0,23,906,46,906,952,530,0,0,46,0.0248695889999908,0.0471088450001389,0.0462221110001337,0.1182014470000467,20.139875265898247,19.42050779749149,0,0,0,0,10,13,2,0.4347826086956521,0.8333333333333334,0.5714285714285714,0.8698763170042644,10,13,2,0.4347826086956521,0.8333333333333334,0.5714285714285714,0.8698763170042644,0,0,0,0.0,0.0,0.0,0,0,0,0.0,0.0,0.0,0,0
Visual Genome,1159873,5,0,4,0,8,101,16,101,117,65,0,0,16,0.0205648789999486,0.011341904999881,0.0106410079999932,0.0425483890001032,6.627297252019249,6.251724035143854,0,0,0,0,0,8,0,0.0,0.0,0.0,0.0,0,8,0,0.0,0.0,0.0,0.0,0,0,0,0.0,0.0,0.0,0,0,0,0.0,0.0,0.0,0,0
Visual Genome,1159972,34,2,29,0,9,114,18,114,132,82,0,0,18,0.0209692319999703,0.0127146150000498,0.0112428310001178,0.0449272859998473,7.451251595020297,7.026892877966168,0,0,0,0,0,9,2,0.0,0.0,0.0,0.0,0,9,2,0.0,0.0,0.0,0.0,0,0,0,0.0,0.0,0.0,0,0,0,0.0,0.0,0.0,0,0
Visual Genome,1159995,19,2,10,0,5,34,10,34,44,26,0,0,10,0.0216756190000069,0.0081564380000145,0.0070085610000205,0.0368412440000156,4.207706399758658,4.000051956325772,0,0,0,0,2,3,0,0.4,1.0,0.5714285714285715,0.6924770637989253,2,3,0,0.4,1.0,0.5714285714285715,0.6924770637989253,0,0,0,0.0,0.0,0.0,0,0,0,0.0,0.0,0.0,0,0
Visual Genome,1160034,11,9,16,0,11,163,22,163,185,120,0,0,22,0.0201486849998673,0.014897898000072,0.0148612600000888,0.0499084779999066,8.819616551510263,8.162131864042847,0,0,0,0,6,5,3,0.5454545454545454,0.6666666666666666,0.6,0.89110472777296,6,5,3,0.5454545454545454,0.6666666666666666,0.6,0.89110472777296,0,0,0,0.0,0.0,0.0,0,0,0,0.0,0.0,0.0,0,0
Visual Genome,1591822,35,2,22,0,8,109,16,109,125,65,0,0,16,0.0213475159998779,0.0124801419999585,0.0114318519999869,0.0452602450000085,6.321787496147637,5.794826367982313,0,0,0,0,1,7,1,0.125,0.5,0.2,0.6235740313892145,1,7,1,0.125,0.5,0.2,0.6235740313892145,0,0,0,0.0,0.0,0.0,0,0,0,0.0,0.0,0.0,0,0
Visual Genome,1591881,31,3,25,0,12,242,24,242,266,145,0,0,24,0.0226804060000631,0.0189176700000643,0.0186573609998959,0.0602560740001081,10.021616909319018,9.476957071089602,0,0,0,0,1,11,2,0.0833333333333333,0.3333333333333333,0.1333333333333333,0.6787048330779393,1,11,2,0.0833333333333333,0.3333333333333333,0.1333333333333333,0.6787048330779393,0,0,0,0.0,0.0,0.0,0,0,0,0.0,0.0,0.0,0,0
Visual Genome,1592256,29,3,19,0,9,125,18,125,143,82,0,0,18,0.0190561759998217,0.0135717470000145,0.0115029349999531,0.0441314929998952,7.100584838390353,6.519201084226372,0,0,0,0,2,7,1,0.2222222222222222,0.6666666666666666,0.3333333333333333,0.8159010489979763,2,7,1,0.2222222222222222,0.6666666666666666,0.3333333333333333,0.8159010489979763,0,0,0,0.0,0.0,0.0,0,0,0,0.0,0.0,0.0,0,0
Visual Genome,1592323,51,1,63,0,9,123,18,123,141,82,0,0,18,0.0196449459999712,0.0119415739998203,0.0120802430001276,0.0436673350000091,7.7466627407074,7.444161121249201,0,0,0,0,1,8,0,0.1111111111111111,1.0,0.1999999999999999,0.776802185012198,1,8,0,0.1111111111111111,1.0,0.1999999999999999,0.776802185012198,0,0,0,0.0,0.0,0.0,0,0,0,0.0,0.0,0.0,0,0
Visual Genome,1592611,40,0,27,0,1,0,2,0,2,1,0,0,2,0.0195438960001865,0.0062812080000185,0.0054732780001813,0.0312989420001486,0.6021134773890178,0.5938186201453208,0,0,0,0,0,1,0,0.0,0.0,0.0,0.0,0,1,0,0.0,0.0,0.0,0.0,0,0,0,0.0,0.0,0.0,0,0,0,0.0,0.0,0.0,0,0
Visual Genome,1592779,18,0,3,0,1,0,2,0,2,1,0,0,2,0.0313333149999834,0.0069426929999281,0.0064748370000415,0.0447515859998475,0.6368072907129924,0.642823631465435,0,0,0,0,0,1,0,0.0,0.0,0.0,0.0,0,1,0,0.0,0.0,0.0,0.0,0,0,0,0.0,0.0,0.0,0,0,0,0.0,0.0,0.0,0,0
Visual Genome,1592852,19,0,18,0,2,3,4,3,7,5,0,0,4,0.0210173959999337,0.0066028020000885,0.0059813829998347,0.0336021420000633,1.5564013036092126,1.5530835080146792,0,0,0,0,0,2,0,0.0,0.0,0.0,0.0,0,2,0,0.0,0.0,0.0,0.0,0,0,0,0.0,0.0,0.0,0,0,0,0.0,0.0,0.0,0,0
Visual Genome,1592930,31,5,25,0,13,310,26,310,336,170,0,0,26,0.0219777329998578,0.0210803320001105,0.0241000039998198,0.0671589700000367,10.16419013471176,9.300193362740377,0,0,0,0,2,11,3,0.1538461538461538,0.4,0.2222222222222222,0.6453768870996018,2,11,3,0.1538461538461538,0.4,0.2222222222222222,0.6453768870996018,0,0,0,0.0,0.0,0.0,0,0,0,0.0,0.0,0.0,0,0
Visual Genome,1593021,24,4,27,0,19,602,38,602,640,362,0,0,38,0.023003104000054,0.3191762689998541,0.0340896460002113,0.376269781000019,15.99663134711258,15.146919388098242,0,0,0,0,4,15,0,0.2105263157894736,1.0,0.3478260869565217,0.8217650179857863,4,15,0,0.2105263157894736,1.0,0.3478260869565217,0.8217650179857863,0,0,0,0.0,0.0,0.0,0,0,0,0.0,0.0,0.0,0,0
Visual Genome,1593068,19,1,14,0,11,200,22,200,222,122,0,0,22,0.0205989309999949,0.0182935949999318,0.0162303930001144,0.0551236050000625,8.579836629207195,7.842285190796119,0,0,0,0,1,10,0,0.0909090909090909,1.0,0.1666666666666666,0.8701733024820818,1,10,0,0.0909090909090909,1.0,0.1666666666666666,0.8701733024820818,0,0,0,0.0,0.0,0.0,0,0,0,0.0,0.0,0.0,0,0
Visual Genome,1593241,43,3,36,0,3,10,6,10,16,10,0,0,6,0.0210884919999898,0.0067292969999925,0.0064324459999625,0.0342508040000666,2.631452021598817,2.550925980508328,0,0,0,0,1,2,2,0.3333333333333333,0.3333333333333333,0.3333333333333333,0.8156696063298604,1,2,2,0.3333333333333333,0.3333333333333333,0.3333333333333333,0.8156696063298604,0,0,0,0.0,0.0,0.0,0,0,0,0.0,0.0,0.0,0,0
Visual Genome,1593259,21,0,18,0,4,14,8,14,22,17,0,0,8,0.0199843560001227,0.0081076439998923,0.0075491089999104,0.0356417080001847,3.4349237934748342,3.3466631916165364,0,0,0,0,0,4,0,0.0,0.0,0.0,0.0,0,4,0,0.0,0.0,0.0,0.0,0,0,0,0.0,0.0,0.0,0,0,0,0.0,0.0,0.0,0,0
Visual Genome,2315399,12,2,7,0,5,30,10,30,40,26,0,0,10,0.0126360920000934,0.0090636959998846,0.007719194999936,0.0294196170000304,3.8201230627756178,3.450461540367291,0,0,0,0,1,4,1,0.2,0.5,0.2857142857142857,0.5988938412361628,1,4,1,0.2,0.5,0.2857142857142857,0.5988938412361628,0,0,0,0.0,0.0,0.0,0,0,0,0.0,0.0,0.0,0,0
Visual Genome,2315969,22,2,16,0,2,5,4,5,9,5,0,0,4,0.0133453159999135,0.0066196790000958,0.0069926080000186,0.0269582200000968,1.3352857025464375,1.2407577215135095,0,0,0,0,1,1,1,0.5,0.5,0.5,0.9220600539057656,1,1,1,0.5,0.5,0.5,0.9220600539057656,0,0,0,0.0,0.0,0.0,0,0,0,0.0,0.0,0.0,0,0
Visual Genome,2316439,33,2,27,0,3,14,6,14,20,10,0,0,6,0.013847005000116,0.0075299180000456,0.0064016320000064,0.0277792560000307,2.681041651871797,2.61613781264126,0,0,0,0,2,1,0,0.6666666666666666,1.0,0.8,0.9267288609740352,2,1,0,0.6666666666666666,1.0,0.8,0.9267288609740352,0,0,0,0.0,0.0,0.0,0,0,0,0.0,0.0,0.0,0,0
Visual Genome,2316445,35,2,34,0,3,8,6,8,14,10,0,0,6,0.0148125289999825,0.0063735829999131,0.0060039719999167,0.0271907020000981,2.5079620409011847,2.4094963827729226,0,0,0,0,1,2,1,0.3333333333333333,0.5,0.4,0.9618071904725842,1,2,1,0.3333333333333333,0.5,0.4,0.9618071904725842,0,0,0,0.0,0.0,0.0,0,0,0,0.0,0.0,0.0,0,0
Visual Genome,2316585,21,0,12,0,10,166,20,166,186,101,0,0,20,0.0149955070000942,0.014858163999861,0.0140388359998269,0.0438930660000096,7.950060818249637,7.320414581700817,0,0,0,0,0,10,0,0.0,0.0,0.0,0.0,0,10,0,0.0,0.0,0.0,0.0,0,0,0,0.0,0.0,0.0,0,0,0,0.0,0.0,0.0,0,0
Visual Genome,2316628,25,2,36,0,2,2,4,2,6,5,0,0,4,0.0135032329999376,0.0063271650001297,0.0059092839999266,0.0257402639999781,1.4710322650273642,1.4324997410178186,0,0,0,0,1,1,1,0.5,0.5,0.5,0.8945761929588115,1,1,1,0.5,0.5,0.5,0.8945761929588115,0,0,0,0.0,0.0,0.0,0,0,0,0.0,0.0,0.0,0,0
Visual Genome,2316897,15,1,21,0,1,0,2,0,2,1,0,0,2,0.0138617590000649,0.0065076459998181,0.0056685010001729,0.0260384890000295,0.5468794743220011,0.51580059081316,0,0,0,0,0,1,1,0.0,0.0,0.0,0.0,0,1,1,0.0,0.0,0.0,0.0,0,0,0,0.0,0.0,0.0,0,0,0,0.0,0.0,0.0,0,0
Visual Genome,2317399,34,2,36,0,1,0,2,0,2,1,0,0,2,0.012744051999789,0.0067390619999514,0.0064163020001615,0.0259001449999232,0.42590518395106,0.3449244056642055,0,0,0,0,1,0,1,1.0,0.5,0.6666666666666666,0.653543668096767,1,0,1,1.0,0.5,0.6666666666666666,0.653543668096767,0,0,0,0.0,0.0,0.0,0,0,0,0.0,0.0,0.0,0,0
Visual Genome,2317578,14,0,9,0,17,523,34,523,557,290,0,0,34,0.0161424800000986,0.0299745729998903,0.0291867219998493,0.0753044120001504,13.523255986012026,12.40120785160562,0,0,0,0,0,17,0,0.0,0.0,0.0,0.0,0,17,0,0.0,0.0,0.0,0.0,0,0,0,0.0,0.0,0.0,0,0,0,0.0,0.0,0.0,0,0
Visual Genome,2318115,26,3,22,0,2,4,4,4,8,5,0,0,4,0.012641788999872,0.0069629920001261,0.0060055980000015,0.025611008999931,1.1838766368230185,1.02689241617918,0,0,0,0,0,2,3,0.0,0.0,0.0,0.5385246586041468,0,2,3,0.0,0.0,0.0,0.5385246586041468,0,0,0,0.0,0.0,0.0,0,0,0,0.0,0.0,0.0,0,0
Visual Genome,2318369,25,1,19,0,2,4,4,4,8,5,0,0,4,0.0128566309999769,0.0063781210001252,0.0056744190001154,0.0249097670000537,1.471520951588949,1.433190010786057,0,0,0,0,0,2,1,0.0,0.0,0.0,0.0,0,2,1,0.0,0.0,0.0,0.0,0,0,0,0.0,0.0,0.0,0,0,0,0.0,0.0,0.0,0,0
Visual Genome,2318440,45,7,22,0,18,518,36,518,554,325,0,0,36,0.0162521469999319,0.0298898619998908,0.0295908150001196,0.0757334539998737,14.632175454657654,13.657678950887298,0,0,0,0,7,11,0,0.3888888888888889,1.0,0.56,0.8341131472950086,7,11,0,0.3888888888888889,1.0,0.56,0.8341131472950086,0,0,0,0.0,0.0,0.0,0,0,0,0.0,0.0,0.0,0,0
Visual Genome,2318496,24,3,16,0,1,0,2,0,2,1,0,0,2,0.0138582100000803,0.0062651309999637,0.0059024220001901,0.026026444000081,0.6368696371714274,0.6429116958379746,0,0,0,0,1,0,2,1.0,0.3333333333333333,0.5,0.9727585314413646,1,0,2,1.0,0.3333333333333333,0.5,0.9727585314413646,0,0,0,0.0,0.0,0.0,0,0,0,0.0,0.0,0.0,0,0
Visual Genome,2318583,31,1,19,0,5,42,10,42,52,26,0,0,10,0.0121052350000354,0.0098046470000099,0.0084250319998773,0.0303355720000126,3.894055663233259,3.5106724485608525,0,0,0,0,0,5,1,0.0,0.0,0.0,0.0,0,5,1,0.0,0.0,0.0,0.0,0,0,0,0.0,0.0,0.0,0,0,0,0.0,0.0,0.0,0,0
Visual Genome,2318913,20,1,22,0,4,21,8,21,29,17,0,0,8,0.0121853690000079,0.0081221850000474,0.0073662849999891,0.0276744780001081,3.2049075663031403,2.960709116502729,0,0,0,0,1,3,0,0.25,1.0,0.4,0.8794220349310278,1,3,0,0.25,1.0,0.4,0.8794220349310278,0,0,0,0.0,0.0,0.0,0,0,0,0.0,0.0,0.0,0,0
Visual Genome,2318942,38,0,26,0,1,0,2,0,2,1,0,0,2,0.0148539110000456,0.006164875000195,0.0055251550002139,0.0265444599999682,0.5936402241388956,0.5818501499295234,0,0,0,0,0,1,0,0.0,0.0,0.0,0.0,0,1,0,0.0,0.0,0.0,0.0,0,0,0,0.0,0.0,0.0,0,0,0,0.0,0.0,0.0,0,0
Visual Genome,2319079,13,0,19,0,1,0,2,0,2,1,0,0,2,0.0539942490001976,0.0064124020000235,0.0056095360000654,0.0660166700001809,0.624840752283732,0.6259208959341049,0,0,0,0,0,1,0,0.0,0.0,0.0,0.0,0,1,0,0.0,0.0,0.0,0.0,0,0,0,0.0,0.0,0.0,0,0,0,0.0,0.0,0.0,0,0
Visual Genome,2319149,15,0,9,0,1,0,2,0,2,1,0,0,2,0.0154054499998892,0.0059939249999843,0.005691896999906,0.02709211399997,0.5748338381449382,0.5552861297130585,0,0,0,0,0,1,0,0.0,0.0,0.0,0.0,0,1,0,0.0,0.0,0.0,0.0,0,0,0,0.0,0.0,0.0,0,0,0,0.0,0.0,0.0,0,0
Visual Genome,2319501,35,0,32,0,3,8,6,8,14,10,0,0,6,0.0146696550000342,0.007879301999992,0.0073485890000029,0.0298985110000558,2.293679914474488,2.0738228791952142,0,0,0,0,0,3,0,0.0,0.0,0.0,0.0,0,3,0,0.0,0.0,0.0,0.0,0,0,0,0.0,0.0,0.0,0,0,0,0.0,0.0,0.0,0,0
Visual Genome,2319669,46,6,56,0,9,131,18,131,149,82,0,0,18,0.0154274640001403,0.0132336350000059,0.0128030939999916,0.0414648109999689,7.273493396370051,6.77001730787599,0,0,0,0,2,7,4,0.2222222222222222,0.3333333333333333,0.2666666666666666,0.9062500736351848,2,7,4,0.2222222222222222,0.3333333333333333,0.2666666666666666,0.9062500736351848,0,0,0,0.0,0.0,0.0,0,0,0,0.0,0.0,0.0,0,0
Visual Genome,2319710,18,0,37,0,1,0,2,0,2,1,0,0,2,0.0116863449998163,0.0062229640000168,0.0057033540001611,0.0236132559998623,0.6129119078318278,0.6090714031457901,0,0,0,0,0,1,0,0.0,0.0,0.0,0.0,0,1,0,0.0,0.0,0.0,0.0,0,0,0,0.0,0.0,0.0,0,0,0,0.0,0.0,0.0,0,0
Visual Genome,2320251,17,3,15,0,6,52,12,52,64,37,0,0,12,0.0133519040000464,0.0095986119999906,0.008783558999994,0.0317348519999995,5.107084100922951,4.869011660447727,0,0,0,0,3,3,0,0.5,1.0,0.6666666666666666,0.846949519283982,3,3,0,0.5,1.0,0.6666666666666666,0.846949519283982,0,0,0,0.0,0.0,0.0,0,0,0,0.0,0.0,0.0,0,0
Visual Genome,2320648,25,0,13,0,4,24,8,24,32,17,0,0,8,0.0141772790000231,0.0075353550000727,0.0069735600000058,0.0286867390000225,3.24318946282069,3.0263384495675574,0,0,0,0,0,4,0,0.0,0.0,0.0,0.0,0,4,0,0.0,0.0,0.0,0.0,0,0,0,0.0,0.0,0.0,0,0,0,0.0,0.0,0.0,0,0
Visual Genome,2320698,33,1,21,0,17,505,34,505,539,290,0,0,34,0.016734063000058,0.0314878060000864,0.0300499229999786,0.0782724530001814,13.233295024012325,12.035148875042596,0,0,0,0,1,16,0,0.0588235294117647,1.0,0.1111111111111111,0.5606073482804698,1,16,0,0.0588235294117647,1.0,0.1111111111111111,0.5606073482804698,0,0,0,0.0,0.0,0.0,0,0,0,0.0,0.0,0.0,0,0
Visual Genome,2320927,8,0,3,0,1,0,2,0,2,1,0,0,2,0.0144892969999546,0.0063086130001011,0.0056630849999237,0.0264615369999319,0.6494154373804728,0.6606326386332513,0,0,0,0,0,1,0,0.0,0.0,0.0,0.0,0,1,0,0.0,0.0,0.0,0.0,0,0,0,0.0,0.0,0.0,0,0,0,0.0,0.0,0.0,0,0
Visual Genome,2320957,46,2,28,0,18,567,36,567,603,325,0,0,36,0.016280578000078,0.0336284049999449,0.0322086989999661,0.0821184490000632,14.86517180376424,13.965043993822473,0,0,0,0,2,16,0,0.1111111111111111,1.0,0.1999999999999999,0.7217771505586337,2,16,0,0.1111111111111111,1.0,0.1999999999999999,0.7217771505586337,0,0,0,0.0,0.0,0.0,0,0,0,0.0,0.0,0.0,0,0
Visual Genome,2321001,13,1,37,0,3,10,6,10,16,10,0,0,6,0.0139418839999052,0.0070735510000758,0.007093536999946,0.0281095899999854,2.519432327747346,2.392698162943126,0,0,0,0,1,2,0,0.3333333333333333,1.0,0.5,0.975463326169022,1,2,0,0.3333333333333333,1.0,0.5,0.975463326169022,0,0,0,0.0,0.0,0.0,0,0,0,0.0,0.0,0.0,0,0
Visual Genome,2321381,27,1,14,0,2,2,4,2,6,5,0,0,4,0.0111991320000015,0.0061526019999291,0.0059184240001286,0.0232708329999695,1.414297712643941,1.3688621857762335,0,0,0,0,0,2,1,0.0,0.0,0.0,0.0,0,2,1,0.0,0.0,0.0,0.0,0,0,0,0.0,0.0,0.0,0,0,0,0.0,0.0,0.0,0,0
Visual Genome,2322129,22,2,23,0,3,10,6,10,16,10,0,0,6,0.051103183999885,0.0066215859999374,0.0061859499999172,0.0639113249999354,2.588338155746461,2.506527644991876,0,0,0,0,1,2,1,0.3333333333333333,0.5,0.4,0.9178453088764964,1,2,1,0.3333333333333333,0.5,0.4,0.9178453088764964,0,0,0,0.0,0.0,0.0,0,0,0,0.0,0.0,0.0,0,0
Visual Genome,2322284,20,0,12,0,2,2,4,2,6,5,0,0,4,0.0143263049999404,0.0059669600000233,0.005713501999935,0.026007355000047,1.357858851750692,1.2726422947645188,0,0,0,0,0,2,0,0.0,0.0,0.0,0.0,0,2,0,0.0,0.0,0.0,0.0,0,0,0,0.0,0.0,0.0,0,0,0,0.0,0.0,0.0,0,0
Visual Genome,2322814,33,1,36,0,1,0,2,0,2,1,0,0,2,0.0138896739999836,0.0062065010001788,0.0052408029998787,0.0253376250000201,0.5520261208216349,0.5230702289938927,0,0,0,0,0,1,1,0.0,0.0,0.0,0.9343860740934696,0,1,1,0.0,0.0,0.0,0.9343860740934696,0,0,0,0.0,0.0,0.0,0,0,0,0.0,0.0,0.0,0,0
Visual Genome,2322943,13,0,18,0,3,12,6,12,18,10,0,0,6,0.0140553650001038,0.0067433970000365,0.0062812500000291,0.027080651999995,2.5556212282180795,2.4438149848580366,0,0,0,0,0,3,0,0.0,0.0,0.0,0.0,0,3,0,0.0,0.0,0.0,0.0,0,0,0,0.0,0.0,0.0,0,0,0,0.0,0.0,0.0,0,0
Visual Genome,2323305,9,0,1,0,1,0,2,0,2,1,0,0,2,0.0133560839999518,0.0068539410001449,0.00584343599985,0.0260541019999891,0.3908850351969401,0.2954584455490112,0,0,0,0,0,1,0,0.0,0.0,0.0,0.0,0,1,0,0.0,0.0,0.0,0.0,0,0,0,0.0,0.0,0.0,0,0,0,0.0,0.0,0.0,0,0
Visual Genome,2323847,19,2,41,0,10,162,20,162,182,101,0,0,20,0.0141219940001064,0.0160134079999352,0.0154055400000743,0.0455418250001002,8.255503639079985,7.765958478597659,0,0,0,0,2,8,0,0.2,1.0,0.3333333333333333,0.9033838555081262,2,8,0,0.2,1.0,0.3333333333333333,0.9033838555081262,0,0,0,0.0,0.0,0.0,0,0,0,0.0,0.0,0.0,0,0
Visual Genome,2324675,12,1,12,0,6,58,12,58,70,37,0,0,12,0.0129196030000002,0.0097171759998673,0.0091254030000982,0.0317629589999342,4.852659482607508,4.506023244211339,0,0,0,0,1,5,0,0.1666666666666666,1.0,0.2857142857142857,0.9585482759962924,1,5,0,0.1666666666666666,1.0,0.2857142857142857,0.9585482759962924,0,0,0,0.0,0.0,0.0,0,0,0,0.0,0.0,0.0,0,0
Visual Genome,2324842,36,4,27,0,6,50,12,50,62,37,0,0,12,0.014848436999955,0.0091978599998583,0.0087404400001105,0.0327874199999769,5.247487695217134,5.0800763694942015,0,0,0,0,4,2,0,0.6666666666666666,1.0,0.8,0.9047986782062508,4,2,0,0.6666666666666666,1.0,0.8,0.9047986782062508,0,0,0,0.0,0.0,0.0,0,0,0,0.0,0.0,0.0,0,0
Visual Genome,2324854,17,1,24,0,6,57,12,57,69,37,0,0,12,0.0141632659999686,0.0098473989999092,0.0085035470001457,0.0325148619999708,4.760228204727175,4.3794473391771325,0,0,0,0,0,6,1,0.0,0.0,0.0,0.0,0,6,1,0.0,0.0,0.0,0.0,0,0,0,0.0,0.0,0.0,0,0,0,0.0,0.0,0.0,0,0
Visual Genome,2324932,34,2,27,0,18,574,36,574,610,325,0,0,36,0.0167735960001209,0.0317315560000679,0.0315835169999445,0.0800894430001335,13.937866180842018,12.646840351675843,0,0,0,0,1,17,1,0.0555555555555555,0.5,0.0999999999999999,0.6485480486290633,1,17,1,0.0555555555555555,0.5,0.0999999999999999,0.6485480486290633,0,0,0,0.0,0.0,0.0,0,0,0,0.0,0.0,0.0,0,0
Visual Genome,2325308,43,0,48,0,4,34,8,34,42,17,0,0,8,0.0144543849999081,0.0089255269999739,0.0087752459999137,0.0321558489999915,3.4854282394312923,3.36446972422432,0,0,0,0,0,4,0,0.0,0.0,0.0,0.0,0,4,0,0.0,0.0,0.0,0.0,0,0,0,0.0,0.0,0.0,0,0,0,0.0,0.0,0.0,0,0
Visual Genome,2326698,24,8,8,0,1,0,2,0,2,1,0,0,2,0.0139090880002186,0.0061116239999137,0.0052592340000501,0.0252806370001508,0.6206393639246623,0.6199864348769188,0,0,0,0,0,1,8,0.0,0.0,0.0,0.0,0,1,8,0.0,0.0,0.0,0.0,0,0,0,0.0,0.0,0.0,0,0,0,0.0,0.0,0.0,0,0
Visual Genome,2326699,20,6,7,0,2,4,4,4,8,5,0,0,4,0.0134954279999419,0.0068000589999428,0.0060877900000377,0.026384298000039,1.4001966150601706,1.3324443854391577,0,0,0,0,2,0,4,1.0,0.3333333333333333,0.5,0.931388854279638,2,0,4,1.0,0.3333333333333333,0.5,0.931388854279638,0,0,0,0.0,0.0,0.0,0,0,0,0.0,0.0,0.0,0,0
Visual Genome,2326969,30,2,26,0,2,2,4,2,6,5,0,0,4,0.0142962630000056,0.006825832000004,0.0058159719999366,0.0269390020000628,1.2692853363355003,1.147532204240561,0,0,0,0,1,1,1,0.5,0.5,0.5,0.7977640374410985,1,1,1,0.5,0.5,0.5,0.7977640374410985,0,0,0,0.0,0.0,0.0,0,0,0,0.0,0.0,0.0,0,0
Visual Genome,2327066,14,0,6,0,2,5,4,5,9,5,0,0,4,0.0124691649998567,0.0068335639998622,0.0056045050000648,0.0249079499999425,1.373117569287618,1.2941952332854272,0,0,0,0,0,2,0,0.0,0.0,0.0,0.0,0,2,0,0.0,0.0,0.0,0.0,0,0,0,0.0,0.0,0.0,0,0,0,0.0,0.0,0.0,0,0
Visual Genome,2327344,19,2,11,0,4,23,8,23,31,17,0,0,8,0.0190015279999897,0.010590195000077,0.0097954060001939,0.0393882799999119,3.266570223967235,3.0469887746870525,0,0,0,0,2,2,0,0.5,1.0,0.6666666666666666,0.8164031548649267,2,2,0,0.5,1.0,0.6666666666666666,0.8164031548649267,0,0,0,0.0,0.0,0.0,0,0,0,0.0,0.0,0.0,0,0
Visual Genome,2327444,25,3,27,1,2,4,4,4,8,5,0,0,4,0.0129972320000888,0.0063253099999656,0.0060521320001498,0.0253753710001092,1.2454339536031087,1.1138421261310578,0,0,0,0,0,2,3,0.0,0.0,0.0,0.9245800110095818,0,2,3,0.0,0.0,0.0,0.9245800110095818,0,0,1,0.0,0.0,0.0,0,0,1,0.0,0.0,0.0,0,0
Visual Genome,2327650,14,0,7,0,2,4,4,4,8,5,0,0,4,0.0156097490000775,0.0068790220000209,0.0054869840000719,0.0279762850000224,1.5797962697347008,1.5861288976669314,0,0,0,0,0,2,0,0.0,0.0,0.0,0.0,0,2,0,0.0,0.0,0.0,0.0,0,0,0,0.0,0.0,0.0,0,0,0,0.0,0.0,0.0,0,0
Visual Genome,2327696,9,1,38,0,4,23,8,23,31,17,0,0,8,0.0139516149999963,0.0076668570000038,0.0074931399999513,0.0291123039999092,3.4526605335871388,3.3222163370251665,0,0,0,0,0,4,1,0.0,0.0,0.0,0.0,0,4,1,0.0,0.0,0.0,0.0,0,0,0,0.0,0.0,0.0,0,0,0,0.0,0.0,0.0,0,0
Visual Genome,2327918,10,0,15,0,4,24,8,24,32,17,0,0,8,0.0140811350001968,0.0084599019999132,0.007088769999882,0.029630472000008,3.564690109888714,3.480458113551141,0,0,0,0,0,4,0,0.0,0.0,0.0,0.0,0,4,0,0.0,0.0,0.0,0.0,0,0,0,0.0,0.0,0.0,0,0,0,0.0,0.0,0.0,0,0
Visual Genome,2328070,20,4,12,0,15,389,30,389,419,226,0,0,30,0.0171006030000171,0.0262660089999826,0.0231474810000236,0.0665147180000076,12.345642237180757,11.57620149444966,0,0,0,0,2,13,2,0.1333333333333333,0.5,0.2105263157894737,0.6292557789268508,2,13,2,0.1333333333333333,0.5,0.2105263157894737,0.6292557789268508,0,0,0,0.0,0.0,0.0,0,0,0,0.0,0.0,0.0,0,0
Visual Genome,2328175,26,2,11,0,5,40,10,40,50,26,0,0,10,0.0142795570000089,0.0081142120000095,0.0073514240000349,0.029745812000101,4.384150787194571,4.249279653578998,0,0,0,0,2,3,0,0.4,1.0,0.5714285714285715,0.9330003665863946,2,3,0,0.4,1.0,0.5714285714285715,0.9330003665863946,0,0,0,0.0,0.0,0.0,0,0,0,0.0,0.0,0.0,0,0
Visual Genome,2328345,9,0,23,0,5,32,10,32,42,26,0,0,10,0.0134044470000844,0.0082226219999483,0.0072949949999383,0.0289227359999131,3.966554582913718,3.626425015032293,0,0,0,0,0,5,0,0.0,0.0,0.0,0.0,0,5,0,0.0,0.0,0.0,0.0,0,0,0,0.0,0.0,0.0,0,0,0,0.0,0.0,0.0,0,0
Visual Genome,2328417,11,0,8,0,5,34,10,34,44,26,0,0,10,0.0150486420000106,0.0092558709998229,0.0081103749998874,0.032415556999922,4.604679210980734,4.560776052176953,0,0,0,0,0,5,0,0.0,0.0,0.0,0.0,0,5,0,0.0,0.0,0.0,0.0,0,0,0,0.0,0.0,0.0,0,0,0,0.0,0.0,0.0,0,0
Visual Genome,2328583,12,0,5,0,6,47,12,47,59,37,0,0,12,0.0153438429999823,0.0093950610000774,0.0089065340000615,0.0336460989999523,5.461806821823121,5.370427135825159,0,0,0,0,0,6,0,0.0,0.0,0.0,0.0,0,6,0,0.0,0.0,0.0,0.0,0,0,0,0.0,0.0,0.0,0,0,0,0.0,0.0,0.0,0,0
Visual Genome,2329266,15,0,16,0,2,4,4,4,8,5,0,0,4,0.0133449760000985,0.0065275160000055,0.0055621340000016,0.0254352599999947,1.2472136114371772,1.1314525959723152,0,0,0,0,0,2,0,0.0,0.0,0.0,0.0,0,2,0,0.0,0.0,0.0,0.0,0,0,0,0.0,0.0,0.0,0,0,0,0.0,0.0,0.0,0,0
Visual Genome,2330342,23,0,22,0,2,4,4,4,8,5,0,0,4,0.0147026049999112,0.0065201519998936,0.0055852000000413,0.0268086460000631,1.528381470044454,1.513505493104458,0,0,0,0,0,2,0,0.0,0.0,0.0,0.0,0,2,0,0.0,0.0,0.0,0.0,0,0,0,0.0,0.0,0.0,0,0,0,0.0,0.0,0.0,0,0
Visual Genome,2331047,31,2,28,0,6,48,12,48,60,37,0,0,12,0.0129663509999318,0.0086951730002056,0.0080977090001397,0.0297599119999176,5.138137443065645,4.925619138330223,0,0,0,0,1,5,1,0.1666666666666666,0.5,0.25,0.838841774528702,1,5,1,0.1666666666666666,0.5,0.25,0.838841774528702,0,0,0,0.0,0.0,0.0,0,0,0,0.0,0.0,0.0,0,0
Visual Genome,2331383,18,1,10,0,3,13,6,13,19,10,0,0,6,0.0141666430001805,0.0075132370000119,0.0068240999999034,0.0285047130000748,2.5029084345184582,2.322878810115935,0,0,0,0,1,2,0,0.3333333333333333,1.0,0.5,0.8839755286819685,1,2,0,0.3333333333333333,1.0,0.5,0.8839755286819685,0,0,0,0.0,0.0,0.0,0,0,0,0.0,0.0,0.0,0,0
Visual Genome,2331993,36,13,21,0,4,20,8,20,28,17,0,0,8,0.0142500930001006,0.0079446009999628,0.0070566770000368,0.0292519710001215,3.095568733216313,2.81768345480262,0,0,0,0,4,0,9,1.0,0.3076923076923077,0.4705882352941176,0.831566404058143,4,0,9,1.0,0.3076923076923077,0.4705882352941176,0.831566404058143,0,0,0,0.0,0.0,0.0,0,0,0,0.0,0.0,0.0,0,0
Visual Genome,2332038,22,2,10,0,6,53,12,53,65,37,0,0,12,0.0144872700000178,0.0093395869998857,0.0087582480000492,0.0325858639998841,4.845242469310762,4.445904987901451,0,0,0,0,0,6,2,0.0,0.0,0.0,0.0,0,6,2,0.0,0.0,0.0,0.0,0,0,0,0.0,0.0,0.0,0,0,0,0.0,0.0,0.0,0,0
Visual Genome,2332066,17,1,16,0,2,2,4,2,6,5,0,0,4,0.0127189840000028,0.0065256109999154,0.005534291999993,0.0247796240000752,1.5453911574681602,1.5375316765904428,0,0,0,0,1,1,0,0.5,1.0,0.6666666666666666,0.982080815442262,1,1,0,0.5,1.0,0.6666666666666666,0.982080815442262,0,0,0,0.0,0.0,0.0,0,0,0,0.0,0.0,0.0,0,0
Visual Genome,2332239,14,0,11,0,5,38,10,38,48,26,0,0,10,0.0154316989999188,0.0085175550000258,0.0076107119998596,0.0315606340000158,4.265603197613315,4.055353865821119,0,0,0,0,0,5,0,0.0,0.0,0.0,0.0,0,5,0,0.0,0.0,0.0,0.0,0,0,0,0.0,0.0,0.0,0,0,0,0.0,0.0,0.0,0,0
Visual Genome,2332341,13,2,13,0,2,4,4,4,8,5,0,0,4,0.0133292139998957,0.0065470160000131,0.0058300350001445,0.0257069099998261,1.5730290921529138,1.576570259332657,0,0,0,0,2,0,0,1.0,1.0,1.0,0.7473577807689658,2,0,0,1.0,1.0,1.0,0.7473577807689658,0,0,0,0.0,0.0,0.0,0,0,0,0.0,0.0,0.0,0,0
Visual Genome,2333282,20,1,19,0,1,0,2,0,2,1,0,0,2,0.014301757999874,0.0061252380000951,0.0058195019998947,0.0262470899999698,0.6318252484003704,0.6357864966988565,0,0,0,0,1,0,0,1.0,1.0,1.0,0.8701625090428022,1,0,0,1.0,1.0,1.0,0.8701625090428022,0,0,0,0.0,0.0,0.0,0,0,0,0.0,0.0,0.0,0,0
Visual Genome,2333291,25,1,44,0,2,2,4,2,6,5,0,0,4,0.0133848670000134,0.0062401210000189,0.0058953689999725,0.0255210109999097,1.4427630456288658,1.3925694686174397,0,0,0,0,1,1,0,0.5,1.0,0.6666666666666666,0.9275117816895032,1,1,0,0.5,1.0,0.6666666666666666,0.9275117816895032,0,0,0,0.0,0.0,0.0,0,0,0,0.0,0.0,0.0,0,0
Visual Genome,2333601,16,0,12,0,1,0,2,0,2,1,0,0,2,0.0133083509999778,0.0060842689999844,0.0056415789999846,0.0250348080001003,0.6201555411020915,0.6193030351400375,0,0,0,0,0,1,0,0.0,0.0,0.0,0.0,0,1,0,0.0,0.0,0.0,0.0,0,0,0,0.0,0.0,0.0,0,0,0,0.0,0.0,0.0,0,0
Visual Genome,2334041,25,4,23,1,7,64,14,64,78,50,0,0,14,0.0129450150000138,0.0114827760000935,0.0094489059999887,0.0338774439999269,5.351978484789533,4.773002943098547,0,0,0,0,3,4,1,0.4285714285714285,0.75,0.5454545454545454,0.9094720186826396,3,4,1,0.4285714285714285,0.75,0.5454545454545454,0.9094720186826396,0,0,1,0.0,0.0,0.0,0,0,1,0.0,0.0,0.0,0,0
Visual Genome,2334757,27,1,25,0,4,22,8,22,30,17,0,0,8,0.0136614440000357,0.0079672849999496,0.0070244619998902,0.0286538739999286,3.3480413166681937,3.1744416931271564,0,0,0,0,0,4,1,0.0,0.0,0.0,0.0,0,4,1,0.0,0.0,0.0,0.0,0,0,0,0.0,0.0,0.0,0,0,0,0.0,0.0,0.0,0,0
Visual Genome,2334959,32,5,36,0,8,91,16,91,107,65,0,0,16,0.0147057350000068,0.011035953999908,0.0104342140000426,0.0361766579999311,6.405201225855164,5.9257490561189385,0,0,0,0,1,7,4,0.125,0.2,0.1538461538461538,0.8183981938881679,1,7,4,0.125,0.2,0.1538461538461538,0.8183981938881679,0,0,0,0.0,0.0,0.0,0,0,0,0.0,0.0,0.0,0,0
Visual Genome,2335066,33,0,31,0,1,0,2,0,2,1,0,0,2,0.0147974700000759,0.0062464770001042,0.0056117110000286,0.0266562239999075,0.6264131943384806,0.6281419703364373,0,0,0,0,0,1,0,0.0,0.0,0.0,0.0,0,1,0,0.0,0.0,0.0,0.0,0,0,0,0.0,0.0,0.0,0,0,0,0.0,0.0,0.0,0,0
Visual Genome,2335180,14,1,9,0,2,4,4,4,8,5,0,0,4,0.0137924179998663,0.0064021739999589,0.0058256969998637,0.0260209779999058,1.4899323495229089,1.4591961103677753,0,0,0,0,1,1,0,0.5,1.0,0.6666666666666666,0.9823313923353588,1,1,0,0.5,1.0,0.6666666666666666,0.9823313923353588,0,0,0,0.0,0.0,0.0,0,0,0,0.0,0.0,0.0,0,0
Visual Genome,2335341,24,0,16,0,1,0,2,0,2,1,0,0,2,0.0144903990001239,0.0063123630000063,0.0052708400000938,0.0260742620000655,0.6377031485239665,0.6440890306234359,0,0,0,0,0,1,0,0.0,0.0,0.0,0.0,0,1,0,0.0,0.0,0.0,0.0,0,0,0,0.0,0.0,0.0,0,0,0,0.0,0.0,0.0,0,0
Visual Genome,2335407,28,0,47,0,3,16,6,16,22,10,0,0,6,0.0144415669999489,0.0072430230000009,0.0064091399999597,0.028094468999825,2.642981991767884,2.567212063372136,0,0,0,0,0,3,0,0.0,0.0,0.0,0.0,0,3,0,0.0,0.0,0.0,0.0,0,0,0,0.0,0.0,0.0,0,0,0,0.0,0.0,0.0,0,0
Visual Genome,2335564,40,0,29,0,0,0,0,0,0,0,0,0,1,0.0137296649998006,0.0049708129999999,0.003958343000022,0.0226592699998491,,,0,0,0,0,0,0,0,0.0,0.0,0.0,0.0,0,0,0,0.0,0.0,0.0,0.0,0,0,0,0.0,0.0,0.0,0,0,0,0.0,0.0,0.0,0,0
Visual Genome,2335895,29,0,7,0,4,18,8,18,26,17,0,0,8,0.0134893160000046,0.0080645630000617,0.006933379999964,0.0284879670000464,3.4925775973002127,3.3785991895198837,0,0,0,0,0,4,0,0.0,0.0,0.0,0.0,0,4,0,0.0,0.0,0.0,0.0,0,0,0,0.0,0.0,0.0,0,0,0,0.0,0.0,0.0,0,0
Visual Genome,2336031,19,1,12,0,2,2,4,2,6,5,0,0,4,0.0138284550000662,0.0066321369999968,0.0059163309999803,0.0263776629999483,1.434942425092061,1.3980228421092034,0,0,0,0,0,2,1,0.0,0.0,0.0,0.0,0,2,1,0.0,0.0,0.0,0.0,0,0,0,0.0,0.0,0.0,0,0,0,0.0,0.0,0.0,0,0
Visual Genome,2336123,31,1,22,0,2,5,4,5,9,5,0,0,4,0.0119627970000237,0.0063548810001066,0.0054780099999334,0.0237962749999951,1.2801354130071574,1.150877370681581,0,0,0,0,1,1,0,0.5,1.0,0.6666666666666666,0.6670337835386154,1,1,0,0.5,1.0,0.6666666666666666,0.6670337835386154,0,0,0,0.0,0.0,0.0,0,0,0,0.0,0.0,0.0,0,0
Visual Genome,2336165,9,0,5,0,1,0,2,0,2,1,0,0,2,0.0157677589998002,0.0069540459999188,0.0062257639999643,0.028948193999895,0.6070181528727214,0.6007464742660522,0,0,0,0,0,1,0,0.0,0.0,0.0,0.0,0,1,0,0.0,0.0,0.0,0.0,0,0,0,0.0,0.0,0.0,0,0,0,0.0,0.0,0.0,0,0
Visual Genome,2336245,28,10,26,3,15,407,30,407,437,226,0,0,30,0.0150794669998504,0.0248683810000329,0.024052662999793,0.0640012139999726,12.165529659913716,11.326209041850504,0,0,0,0,8,7,2,0.5333333333333333,0.8,0.64,0.903965320166366,8,7,2,0.5333333333333333,0.8,0.64,0.903965320166366,0,8,3,0.0,0.0,0.0,0,8,3,0.0,0.0,0.0,0,0
Visual Genome,2336275,17,3,8,0,2,2,4,2,6,5,0,0,4,0.0125871029999871,0.0060208040001725,0.0055813569999827,0.0241898070000843,1.282959378560384,1.1833467888832092,0,0,0,0,2,0,1,1.0,0.6666666666666666,0.8,0.8327867288425702,2,0,1,1.0,0.6666666666666666,0.8,0.8327867288425702,0,0,0,0.0,0.0,0.0,0,0,0,0.0,0.0,0.0,0,0
Visual Genome,2336668,22,3,23,0,5,37,10,37,47,26,0,0,10,0.0149703460001546,0.0090596039999581,0.0086143419998734,0.0326449940000657,4.162935133775076,3.9368125431239616,0,0,0,0,1,4,2,0.2,0.3333333333333333,0.25,0.8586068584520259,1,4,2,0.2,0.3333333333333333,0.25,0.8586068584520259,0,0,0,0.0,0.0,0.0,0,0,0,0.0,0.0,0.0,0,0
Visual Genome,2336871,17,0,15,0,5,38,10,38,48,26,0,0,10,0.0153065659999356,0.0088076659999387,0.0084698480000042,0.0325846929999897,4.320259292920432,4.159032917916776,0,0,0,0,0,5,0,0.0,0.0,0.0,0.0,0,5,0,0.0,0.0,0.0,0.0,0,0,0,0.0,0.0,0.0,0,0,0,0.0,0.0,0.0,0,0
Visual Genome,2337319,19,2,18,0,4,18,8,18,26,17,0,0,8,0.0150336469998819,0.007784471999912,0.0068824019999738,0.0297011909999582,3.4377489034334827,3.317653659433128,0,0,0,0,1,3,1,0.25,0.5,0.3333333333333333,0.810913491422817,1,3,1,0.25,0.5,0.3333333333333333,0.810913491422817,0,0,0,0.0,0.0,0.0,0,0,0,0.0,0.0,0.0,0,0
Visual Genome,2337466,9,1,8,0,3,13,6,13,19,10,0,0,6,0.0163201929999559,0.0068415700000059,0.0062527330001103,0.0294151729999612,2.532460426477173,2.402274322596768,0,0,0,0,0,3,1,0.0,0.0,0.0,0.0,0,3,1,0.0,0.0,0.0,0.0,0,0,0,0.0,0.0,0.0,0,0,0,0.0,0.0,0.0,0,0
Visual Genome,2337482,27,0,2,0,9,136,18,136,154,82,0,0,18,0.0146571209998001,0.012465646999999,0.0121158110000578,0.0392394779998994,6.924873476573905,6.265080223032913,0,0,0,0,0,9,0,0.0,0.0,0.0,0.0,0,9,0,0.0,0.0,0.0,0.0,0,0,0,0.0,0.0,0.0,0,0,0,0.0,0.0,0.0,0,0
Visual Genome,2337637,15,2,4,0,6,62,12,62,74,37,0,0,12,0.0150409549999039,0.0099098400000912,0.0093232000001535,0.0342746239998632,5.06196233034134,4.805646791607143,0,0,0,0,2,4,0,0.3333333333333333,1.0,0.5,0.9674484975568464,2,4,0,0.3333333333333333,1.0,0.5,0.9674484975568464,0,0,0,0.0,0.0,0.0,0,0,0,0.0,0.0,0.0,0,0
Visual Genome,2338009,25,1,34,0,1,0,2,0,2,1,0,0,2,0.0124212590001206,0.0060920579999219,0.0057267699999101,0.0242411120000269,0.5479696194330852,0.517340420782566,0,0,0,0,1,0,0,1.0,1.0,1.0,0.8753635533747561,1,0,0,1.0,1.0,1.0,0.8753635533747561,0,0,0,0.0,0.0,0.0,0,0,0,0.0,0.0,0.0,0,0
Visual Genome,2338027,44,1,20,0,12,238,24,238,262,145,0,0,24,0.0138490780000211,0.0186401000000842,0.0169752229999176,0.0494650709999859,9.813193308979136,9.178454445719582,0,0,0,0,1,11,0,0.0833333333333333,1.0,0.1538461538461538,0.5402556754337245,1,11,0,0.0833333333333333,1.0,0.1538461538461538,0.5402556754337245,0,0,0,0.0,0.0,0.0,0,0,0,0.0,0.0,0.0,0,0
Visual Genome,2338369,28,4,33,0,4,20,8,20,28,17,0,0,8,0.0139397689999896,0.0079543409999587,0.0074932060001629,0.0293881449999844,3.4021742669741326,3.2509044854342948,0,0,0,0,2,2,2,0.5,0.5,0.5,0.747684714291541,2,2,2,0.5,0.5,0.5,0.747684714291541,0,0,0,0.0,0.0,0.0,0,0,0,0.0,0.0,0.0,0,0
Visual Genome,2338540,31,0,8,0,3,8,6,8,14,10,0,0,6,0.0129753490000439,0.0066176309999264,0.0056317000000944,0.0252253539999856,2.4333437032949745,2.266287035639268,0,0,0,0,0,3,0,0.0,0.0,0.0,0.0,0,3,0,0.0,0.0,0.0,0.0,0,0,0,0.0,0.0,0.0,0,0,0,0.0,0.0,0.0,0,0
Visual Genome,2338778,12,0,3,0,1,0,2,0,2,1,0,0,2,0.0139157920000343,0.0074248930000067,0.0063280159999976,0.0276692909999383,0.6171351353327433,0.6150367119908333,0,0,0,0,0,1,0,0.0,0.0,0.0,0.0,0,1,0,0.0,0.0,0.0,0.0,0,0,0,0.0,0.0,0.0,0,0,0,0.0,0.0,0.0,0,0
Visual Genome,2338877,9,1,3,0,6,63,12,63,75,37,0,0,12,0.0142282519998389,0.0098988779998308,0.0095076420000168,0.0336354940000092,4.798184540190274,4.422290963449056,0,0,0,0,1,5,0,0.1666666666666666,1.0,0.2857142857142857,0.7929333296172959,1,5,0,0.1666666666666666,1.0,0.2857142857142857,0.7929333296172959,0,0,0,0.0,0.0,0.0,0,0,0,0.0,0.0,0.0,0,0
Visual Genome,2338982,17,1,4,0,1,0,2,0,2,1,0,0,2,0.0200286159999905,0.0073476499999287,0.0065229859999362,0.0339000410001517,0.5656678835550943,0.5423392188549041,0,0,0,0,1,0,0,1.0,1.0,1.0,0.9703044428613876,1,0,0,1.0,1.0,1.0,0.9703044428613876,0,0,0,0.0,0.0,0.0,0,0,0,0.0,0.0,0.0,0,0
Visual Genome,2339184,17,1,10,0,2,2,4,2,6,5,0,0,4,0.0145449260000987,0.0074313150000762,0.0063375879999512,0.0283146010001473,1.5247127023425682,1.5180264009125015,0,0,0,0,1,1,0,0.5,1.0,0.6666666666666666,0.8004205914712496,1,1,0,0.5,1.0,0.6666666666666666,0.8004205914712496,0,0,0,0.0,0.0,0.0,0,0,0,0.0,0.0,0.0,0,0
Visual Genome,2339493,13,1,8,0,2,4,4,4,8,5,0,0,4,0.0123283909999827,0.006644857999845,0.0063685130000976,0.0253423980000206,1.3665192874272667,1.2848751601576804,0,0,0,0,1,1,0,0.5,1.0,0.6666666666666666,0.516079914019872,1,1,0,0.5,1.0,0.6666666666666666,0.516079914019872,0,0,0,0.0,0.0,0.0,0,0,0,0.0,0.0,0.0,0,0
Visual Genome,2339752,24,0,33,0,5,36,10,36,46,26,0,0,10,0.0136300020001272,0.0083045599999422,0.0079982740001014,0.0299339820001023,4.276814194520316,4.0976667164266125,0,0,0,0,0,5,0,0.0,0.0,0.0,0.0,0,5,0,0.0,0.0,0.0,0.0,0,0,0,0.0,0.0,0.0,0,0,0,0.0,0.0,0.0,0,0
Visual Genome,2339763,23,0,13,0,4,22,8,22,30,17,0,0,8,0.0132476430001133,0.0080719359998511,0.0070132050000211,0.028333425000028,2.9583155930501297,2.615993731713501,0,0,0,0,0,4,0,0.0,0.0,0.0,0.0,0,4,0,0.0,0.0,0.0,0.0,0,0,0,0.0,0.0,0.0,0,0,0,0.0,0.0,0.0,0,0
Visual Genome,2339984,18,1,16,0,1,0,2,0,2,1,0,0,2,0.0146889919999466,0.0061449160000393,0.0055030480000368,0.02633756299997,0.5435446421305339,0.5110901403427124,0,0,0,0,1,0,0,1.0,1.0,1.0,0.947255653541328,1,0,0,1.0,1.0,1.0,0.947255653541328,0,0,0,0.0,0.0,0.0,0,0,0,0.0,0.0,0.0,0,0
Visual Genome,2340059,7,0,4,0,7,78,14,78,92,50,0,0,14,0.0134863789999144,0.0102698460000283,0.0100813760000164,0.0338382239999646,5.326742750803631,4.803357468843462,0,0,0,0,0,7,0,0.0,0.0,0.0,0.0,0,7,0,0.0,0.0,0.0,0.0,0,0,0,0.0,0.0,0.0,0,0,0,0.0,0.0,0.0,0,0
Visual Genome,2340282,34,0,26,0,9,138,18,138,156,82,0,0,18,0.01441805200011,0.0123668989999714,0.0115023099999689,0.0382879410001351,7.477294688224795,7.063678747117522,0,0,0,0,0,9,0,0.0,0.0,0.0,0.0,0,9,0,0.0,0.0,0.0,0.0,0,0,0,0.0,0.0,0.0,0,0,0,0.0,0.0,0.0,0,0
Visual Genome,2340394,25,1,21,0,4,22,8,22,30,17,0,0,8,0.0129072049999194,0.0079207750000023,0.0072013200001492,0.028029897999886,3.2869599714570743,3.071838888694197,0,0,0,0,1,3,0,0.25,1.0,0.4,0.7827116794435219,1,3,0,0.25,1.0,0.4,0.7827116794435219,0,0,0,0.0,0.0,0.0,0,0,0,0.0,0.0,0.0,0,0
Visual Genome,2340552,33,3,29,0,5,48,10,48,58,26,0,0,10,0.0151490820001072,0.0088644529998873,0.0079446519998782,0.0319588780000685,4.148454303939888,3.8822852428254975,0,0,0,0,1,4,2,0.2,0.3333333333333333,0.25,0.8667102324559143,1,4,2,0.2,0.3333333333333333,0.25,0.8667102324559143,0,0,0,0.0,0.0,0.0,0,0,0,0.0,0.0,0.0,0,0
Visual Genome,2340775,14,0,4,0,3,10,6,10,16,10,0,0,6,0.0151171110001087,0.0062259910000648,0.0058673319999797,0.0272110360001534,2.3654817533493047,2.191742976605892,0,0,0,0,0,3,0,0.0,0.0,0.0,0.0,0,3,0,0.0,0.0,0.0,0.0,0,0,0,0.0,0.0,0.0,0,0,0,0.0,0.0,0.0,0,0
Visual Genome,2342080,23,3,19,0,1,0,2,0,2,1,0,0,2,0.0137827200001083,0.0070512400000097,0.0057515890000559,0.0265862969999943,0.6186350981394451,0.6171554094552993,0,0,0,0,1,0,2,1.0,0.3333333333333333,0.5,0.9031484571685277,1,0,2,1.0,0.3333333333333333,0.5,0.9031484571685277,0,0,0,0.0,0.0,0.0,0,0,0,0.0,0.0,0.0,0,0
Visual Genome,2342353,40,2,37,0,9,135,18,135,153,82,0,0,18,0.0143242970000301,0.0132709570000315,0.0121596120000049,0.0397555429999556,7.290401929207334,6.792330866046438,0,0,0,0,2,7,0,0.2222222222222222,1.0,0.3636363636363636,0.8107248583425581,2,7,0,0.2222222222222222,1.0,0.3636363636363636,0.8107248583425581,0,0,0,0.0,0.0,0.0,0,0,0,0.0,0.0,0.0,0,0
Visual Genome,2342444,38,0,35,0,2,2,4,2,6,5,0,0,4,0.0137796289998277,0.0066341909998755,0.0054490299999088,0.0258636289997866,1.5248310454686482,1.5249905183911323,0,0,0,0,0,2,0,0.0,0.0,0.0,0.0,0,2,0,0.0,0.0,0.0,0.0,0,0,0,0.0,0.0,0.0,0,0,0,0.0,0.0,0.0,0,0
Visual Genome,2342599,22,0,24,0,2,2,4,2,6,5,0,0,4,0.0145722240001759,0.0069920809999075,0.005819941000027,0.0273849390000577,1.345328009923299,1.2714424806833269,0,0,0,0,0,2,0,0.0,0.0,0.0,0.0,0,2,0,0.0,0.0,0.0,0.0,0,0,0,0.0,0.0,0.0,0,0,0,0.0,0.0,0.0,0,0
Visual Genome,2342650,35,0,42,0,1,0,2,0,2,1,0,0,2,0.0137808400002086,0.0065079569999397,0.0053845759998694,0.025673923000113,0.6137698809305827,0.6102832901477814,0,0,0,0,0,1,0,0.0,0.0,0.0,0.0,0,1,0,0.0,0.0,0.0,0.0,0,0,0,0.0,0.0,0.0,0,0,0,0.0,0.0,0.0,0,0
Visual Genome,2342674,23,1,17,0,1,0,2,0,2,1,0,0,2,0.0134155729999747,0.0061763900000642,0.005550347000053,0.0251429119998647,0.6285443941752116,0.6311522901058197,0,0,0,0,1,0,0,1.0,1.0,1.0,0.968972368181047,1,0,0,1.0,1.0,1.0,0.968972368181047,0,0,0,0.0,0.0,0.0,0,0,0,0.0,0.0,0.0,0,0
Visual Genome,2342695,17,2,5,0,12,265,24,265,289,145,0,0,24,0.0154201150000972,0.018915250999953,0.0182516209999903,0.0525877899999613,9.474125340977922,8.692951512137666,0,0,0,0,1,11,1,0.0833333333333333,0.5,0.1428571428571428,0.8078739044843859,1,11,1,0.0833333333333333,0.5,0.1428571428571428,0.8078739044843859,0,0,0,0.0,0.0,0.0,0,0,0,0.0,0.0,0.0,0,0
Visual Genome,2342749,19,0,19,0,2,2,4,2,6,5,0,0,4,0.0128083299998706,0.0064943729998958,0.0058886770000299,0.0251921120000133,1.546809304555257,1.5560348093509673,0,0,0,0,0,2,0,0.0,0.0,0.0,0.0,0,2,0,0.0,0.0,0.0,0.0,0,0,0,0.0,0.0,0.0,0,0,0,0.0,0.0,0.0,0,0
Visual Genome,2342915,37,2,32,0,7,80,14,80,94,50,0,0,14,0.0144647419999728,0.010987679999971,0.0105981630001679,0.0360512439999638,5.697611613943611,5.325601949815387,0,0,0,0,2,5,0,0.2857142857142857,1.0,0.4444444444444445,0.8324771512511024,2,5,0,0.2857142857142857,1.0,0.4444444444444445,0.8324771512511024,0,0,0,0.0,0.0,0.0,0,0,0,0.0,0.0,0.0,0,0
Visual Genome,2342937,37,4,47,0,4,22,8,22,30,17,0,0,8,0.0139941229999749,0.0077130739998665,0.0071814589998666,0.0288892099999884,3.7311427084604913,3.715572409033777,0,0,0,0,3,1,1,0.75,0.75,0.75,0.9587044871139352,3,1,1,0.75,0.75,0.75,0.9587044871139352,0,0,0,0.0,0.0,0.0,0,0,0,0.0,0.0,0.0,0,0
Visual Genome,2343037,23,1,38,0,2,6,4,6,10,5,0,0,4,0.0124847100000806,0.0068929670001125,0.0058018629999878,0.0251801780000278,1.3340007336934412,1.238942703008652,0,0,0,0,1,1,0,0.5,1.0,0.6666666666666666,0.9573980174507344,1,1,0,0.5,1.0,0.6666666666666666,0.9573980174507344,0,0,0,0.0,0.0,0.0,0,0,0,0.0,0.0,0.0,0,0
Visual Genome,2343345,32,0,28,0,1,0,2,0,2,1,0,0,2,0.0132808400001067,0.0063801100000091,0.0054642000000058,0.0251256589999684,0.6534347454706828,0.6663099113106727,0,0,0,0,0,1,0,0.0,0.0,0.0,0.0,0,1,0,0.0,0.0,0.0,0.0,0,0,0,0.0,0.0,0.0,0,0,0,0.0,0.0,0.0,0,0
Visual Genome,2344045,18,1,38,0,7,78,14,78,92,50,0,0,14,0.0137512260000676,0.0109549419998984,0.0096475549999013,0.0343543090000366,5.805049487875044,5.398937210714955,0,0,0,0,1,6,0,0.1428571428571428,1.0,0.25,0.5152751961663408,1,6,0,0.1428571428571428,1.0,0.25,0.5152751961663408,0,0,0,0.0,0.0,0.0,0,0,0,0.0,0.0,0.0,0,0
Visual Genome,2344446,13,0,20,0,2,4,4,4,8,5,0,0,4,0.014877116999969,0.0075268090001827,0.0065196969999306,0.0289242819999344,1.2336417229970298,1.0971856003999712,0,0,0,0,0,2,0,0.0,0.0,0.0,0.0,0,2,0,0.0,0.0,0.0,0.0,0,0,0,0.0,0.0,0.0,0,0,0,0.0,0.0,0.0,0,0
Visual Genome,2344459,28,2,19,1,3,8,6,8,14,10,0,0,6,0.0139736850001099,0.0071655400001873,0.0072951140000441,0.028434930000003,2.5786836671829225,2.509390679895878,0,0,0,0,2,1,0,0.6666666666666666,1.0,0.8,0.9320963410150772,2,1,0,0.6666666666666666,1.0,0.8,0.9320963410150772,0,2,1,0.0,0.0,0.0,0,2,1,0.0,0.0,0.0,0,0
Visual Genome,2344493,68,4,38,0,27,1283,54,1283,1337,730,0,0,54,0.0271804950000387,0.0710415129999546,0.0658002190000388,0.1640231599999424,21.96378865685794,20.33387852754924,0,0,0,0,2,25,2,0.074074074074074,0.5,0.1290322580645161,0.689328930829678,2,25,2,0.074074074074074,0.5,0.1290322580645161,0.689328930829678,0,0,0,0.0,0.0,0.0,0,0,0,0.0,0.0,0.0,0,0
Visual Genome,2344534,19,1,22,0,12,257,24,257,281,145,0,0,24,0.0164597309999408,0.0188248070001009,0.0172140069998931,0.0524992779999138,9.884197642803194,9.297429170459512,0,0,0,0,0,12,1,0.0,0.0,0.0,0.0,0,12,1,0.0,0.0,0.0,0.0,0,0,0,0.0,0.0,0.0,0,0,0,0.0,0.0,0.0,0,0
Visual Genome,2344546,36,1,40,0,16,390,32,390,422,257,0,0,32,0.0184840839999651,0.0250208359998396,0.0245889919999626,0.0680946019999737,12.74389316526016,11.747169718463825,0,0,0,0,1,15,0,0.0625,1.0,0.1176470588235294,0.7702196377690929,1,15,0,0.0625,1.0,0.1176470588235294,0.7702196377690929,0,0,0,0.0,0.0,0.0,0,0,0,0.0,0.0,0.0,0,0
Visual Genome,2345476,28,1,39,0,1,0,2,0,2,1,0,0,2,0.0136173460000463,0.0064575960000183,0.0058206049998261,0.0258962410000549,0.5926706711451213,0.5804806563258171,0,0,0,0,1,0,0,1.0,1.0,1.0,0.9605248428469926,1,0,0,1.0,1.0,1.0,0.9605248428469926,0,0,0,0.0,0.0,0.0,0,0,0,0.0,0.0,0.0,0,0
Visual Genome,2346047,22,1,17,0,2,6,4,6,10,5,0,0,4,0.0130007169998407,0.0072023440000066,0.0062076389999674,0.0264114439999048,1.3343206675847372,1.239394609630108,0,0,0,0,0,2,1,0.0,0.0,0.0,0.9701094345180722,0,2,1,0.0,0.0,0.0,0.9701094345180722,0,0,0,0.0,0.0,0.0,0,0,0,0.0,0.0,0.0,0,0
Visual Genome,2346565,39,2,36,0,2,2,4,2,6,5,0,0,4,0.0135918680000486,0.0064351400001214,0.0058925719999933,0.0259204650001265,1.3152058696583695,1.2282275175388444,0,0,0,0,2,0,0,1.0,1.0,1.0,0.8120305679694171,2,0,0,1.0,1.0,1.0,0.8120305679694171,0,0,0,0.0,0.0,0.0,0,0,0,0.0,0.0,0.0,0,0
Visual Genome,2346611,14,1,5,0,4,16,8,16,24,17,0,0,8,0.0130325279999397,0.0076573249998546,0.0066130729999258,0.0273035580000851,3.25665333340208,3.096682571765187,0,0,0,0,0,4,1,0.0,0.0,0.0,0.0,0,4,1,0.0,0.0,0.0,0.0,0,0,0,0.0,0.0,0.0,0,0,0,0.0,0.0,0.0,0,0
Visual Genome,2347057,27,1,10,0,4,22,8,22,30,17,0,0,8,0.0134430019998035,0.0079031320001377,0.0067895459999363,0.0281363149999833,3.323413345019024,3.139654683172704,0,0,0,0,1,3,0,0.25,1.0,0.4,0.6270888103891472,1,3,0,0.25,1.0,0.4,0.6270888103891472,0,0,0,0.0,0.0,0.0,0,0,0,0.0,0.0,0.0,0,0
Visual Genome,2347297,25,3,18,0,4,27,8,27,35,17,0,0,8,0.0144493100001454,0.0088673379998454,0.0071555559998159,0.0304729450001559,3.137699573347967,2.87304720914364,0,0,0,0,2,2,1,0.5,0.6666666666666666,0.5714285714285715,0.6612533720916604,2,2,1,0.5,0.6666666666666666,0.5714285714285715,0.6612533720916604,0,0,0,0.0,0.0,0.0,0,0,0,0.0,0.0,0.0,0,0
Visual Genome,2348575,26,0,42,0,14,353,28,353,381,197,0,0,28,0.0162479079999684,0.023859327999844,0.0204728130001967,0.0605807429999458,10.8414885369033,9.841787509132462,0,0,0,0,0,14,0,0.0,0.0,0.0,0.0,0,14,0,0.0,0.0,0.0,0.0,0,0,0,0.0,0.0,0.0,0,0,0,0.0,0.0,0.0,0,0
Visual Genome,2349159,19,3,4,0,8,97,16,97,113,65,0,0,16,0.0140033769998808,0.011998984999991,0.0104900429998906,0.0364930589998948,6.575716036160789,6.17886556774378,0,0,0,0,1,7,2,0.125,0.3333333333333333,0.1818181818181818,0.97484569289935,1,7,2,0.125,0.3333333333333333,0.1818181818181818,0.97484569289935,0,0,0,0.0,0.0,0.0,0,0,0,0.0,0.0,0.0,0,0
Visual Genome,2349416,30,0,21,0,4,18,8,18,26,17,0,0,8,0.0138564239998686,0.0080798950000371,0.0071184240000548,0.0290553869999712,3.2431768303453072,3.018327767087931,0,0,0,0,0,4,0,0.0,0.0,0.0,0.0,0,4,0,0.0,0.0,0.0,0.0,0,0,0,0.0,0.0,0.0,0,0,0,0.0,0.0,0.0,0,0
Visual Genome,2349496,38,2,21,0,3,12,6,12,18,10,0,0,6,0.0143497960000331,0.00726031399995,0.0061306119998789,0.0277416589999575,2.385477123260499,2.2034864366054543,0,0,0,0,1,2,1,0.3333333333333333,0.5,0.4,0.8453084160795524,1,2,1,0.3333333333333333,0.5,0.4,0.8453084160795524,0,0,0,0.0,0.0,0.0,0,0,0,0.0,0.0,0.0,0,0
Visual Genome,2349564,47,7,45,0,18,595,36,595,631,325,0,0,36,0.0160160670000095,0.0332648079997852,0.031577038000023,0.0808586660000401,15.333186883500492,14.54894248979417,0,0,0,0,5,13,2,0.2777777777777778,0.7142857142857143,0.4,0.8832104850714688,5,13,2,0.2777777777777778,0.7142857142857143,0.4,0.8832104850714688,0,0,0,0.0,0.0,0.0,0,0,0,0.0,0.0,0.0,0,0
Visual Genome,2349670,23,1,46,0,4,26,8,26,34,17,0,0,8,0.0135094480001498,0.0078853729999082,0.0070311029999174,0.0284265459999915,3.472537037531536,3.350291898846628,0,0,0,0,1,3,0,0.25,1.0,0.4,0.6313864828938006,1,3,0,0.25,1.0,0.4,0.6313864828938006,0,0,0,0.0,0.0,0.0,0,0,0,0.0,0.0,0.0,0,0
Visual Genome,2349796,36,3,25,0,7,90,14,90,104,50,0,0,14,0.0152600040000834,0.0112480640000285,0.0108942720000868,0.0374031400001513,5.870909550347391,5.506490290074014,0,0,0,0,1,6,2,0.1428571428571428,0.3333333333333333,0.2,0.9895138790696052,1,6,2,0.1428571428571428,0.3333333333333333,0.2,0.9895138790696052,0,0,0,0.0,0.0,0.0,0,0,0,0.0,0.0,0.0,0,0
Visual Genome,2350875,18,0,3,0,7,62,14,62,76,50,0,0,14,0.0131371550000949,0.0098752610001611,0.0094065480000153,0.0324195570001393,5.481209510966578,5.022096428726554,0,0,0,0,0,7,0,0.0,0.0,0.0,0.0,0,7,0,0.0,0.0,0.0,0.0,0,0,0,0.0,0.0,0.0,0,0,0,0.0,0.0,0.0,0,0
Visual Genome,2350894,28,0,7,0,2,4,4,4,8,5,0,0,4,0.0138150119998954,0.0062340399999811,0.0055085349999899,0.025558146999856,1.4929046885620867,1.4673561018160295,0,0,0,0,0,2,0,0.0,0.0,0.0,0.0,0,2,0,0.0,0.0,0.0,0.0,0,0,0,0.0,0.0,0.0,0,0,0,0.0,0.0,0.0,0,0
Visual Genome,2351741,28,5,13,1,12,238,24,238,262,145,0,0,24,0.0160437889999229,0.0179124710000451,0.0169997689999945,0.0509565990000737,10.129025617192534,9.620442372213152,0,0,0,0,2,10,3,0.1666666666666666,0.4,0.2352941176470588,0.880661507688992,2,10,3,0.1666666666666666,0.4,0.2352941176470588,0.880661507688992,0,0,1,0.0,0.0,0.0,0,0,1,0.0,0.0,0.0,0,0
Visual Genome,2352582,16,1,9,0,1,0,2,0,2,1,0,0,2,0.0144272830000318,0.0066475179999088,0.0058977329999834,0.0269731879998289,0.6032750288645427,0.5954593116044998,0,0,0,0,1,0,0,1.0,1.0,1.0,0.9880095467083456,1,0,0,1.0,1.0,1.0,0.9880095467083456,0,0,0,0.0,0.0,0.0,0,0,0,0.0,0.0,0.0,0,0
Visual Genome,2352788,20,0,11,0,3,9,6,9,15,10,0,0,6,0.0138201990000652,0.0065307190000112,0.0055783210000299,0.0259299290000853,2.720702370384963,2.681962245384486,0,0,0,0,0,3,0,0.0,0.0,0.0,0.0,0,3,0,0.0,0.0,0.0,0.0,0,0,0,0.0,0.0,0.0,0,0,0,0.0,0.0,0.0,0,0
Visual Genome,2352954,18,1,17,0,2,2,4,2,6,5,0,0,4,0.0142686740000499,0.0062299880000864,0.0056162819998917,0.0261154889999488,1.3637756617863976,1.280999788939953,0,0,0,0,1,1,0,0.5,1.0,0.6666666666666666,0.8303920705541995,1,1,0,0.5,1.0,0.6666666666666666,0.8303920705541995,0,0,0,0.0,0.0,0.0,0,0,0,0.0,0.0,0.0,0,0
Visual Genome,2353074,21,0,14,0,5,40,10,40,50,26,0,0,10,0.0131105159998696,0.0098009360001469,0.0079232390000925,0.0308355209999717,4.255656292721313,4.064849526966296,0,0,0,0,0,5,0,0.0,0.0,0.0,0.0,0,5,0,0.0,0.0,0.0,0.0,0,0,0,0.0,0.0,0.0,0,0,0,0.0,0.0,0.0,0,0
Visual Genome,2353084,27,1,20,0,2,4,4,4,8,5,0,0,4,0.0132341099999848,0.0063919910001004,0.0059616949999963,0.0255884169998807,1.414443758328756,1.3525684753060343,0,0,0,0,1,1,0,0.5,1.0,0.6666666666666666,0.8977589025099135,1,1,0,0.5,1.0,0.6666666666666666,0.8977589025099135,0,0,0,0.0,0.0,0.0,0,0,0,0.0,0.0,0.0,0,0
Visual Genome,2353616,21,0,40,0,1,0,2,0,2,1,0,0,2,0.0138892390000364,0.0059716490000027,0.0052874390000852,0.0251490509999712,0.6433757940928142,0.6521016424894333,0,0,0,0,0,1,0,0.0,0.0,0.0,0.0,0,1,0,0.0,0.0,0.0,0.0,0,0,0,0.0,0.0,0.0,0,0,0,0.0,0.0,0.0,0,0
Visual Genome,2355068,14,0,11,0,2,4,4,4,8,5,0,0,4,0.0136461929998858,0.006278421999923,0.0054174229999262,0.0253426780000154,1.293736151059469,1.1820689800381663,0,0,0,0,0,2,0,0.0,0.0,0.0,0.0,0,2,0,0.0,0.0,0.0,0.0,0,0,0,0.0,0.0,0.0,0,0,0,0.0,0.0,0.0,0,0
Visual Genome,2355207,11,0,18,0,2,5,4,5,9,5,0,0,4,0.0142859840000255,0.0065832909999699,0.0058556860001317,0.0267256360000374,1.608936339701584,1.6159492482596352,0,0,0,0,0,2,0,0.0,0.0,0.0,0.0,0,2,0,0.0,0.0,0.0,0.0,0,0,0,0.0,0.0,0.0,0,0,0,0.0,0.0,0.0,0,0
Visual Genome,2355714,27,2,17,0,5,32,10,32,42,26,0,0,10,0.0137104179998459,0.0081707110000479,0.0079287309999926,0.0298104949999924,3.871655543645225,3.5253801220655454,0,0,0,0,0,5,2,0.0,0.0,0.0,0.0,0,5,2,0.0,0.0,0.0,0.0,0,0,0,0.0,0.0,0.0,0,0,0,0.0,0.0,0.0,0,0
Visual Genome,2356074,32,0,32,0,8,91,16,91,107,65,0,0,16,0.0137452330000087,0.0126708569998754,0.0109897790000559,0.0374065710000195,6.720395796189789,6.3695189808210575,0,0,0,0,0,8,0,0.0,0.0,0.0,0.0,0,8,0,0.0,0.0,0.0,0.0,0,0,0,0.0,0.0,0.0,0,0,0,0.0,0.0,0.0,0,0
Visual Genome,2356121,24,2,12,0,1,0,2,0,2,1,0,0,2,0.0130473640001582,0.0063012779999098,0.005233895999936,0.0245831470001576,0.5930221954981486,0.5809771844744682,0,0,0,0,0,1,2,0.0,0.0,0.0,0.0,0,1,2,0.0,0.0,0.0,0.0,0,0,0,0.0,0.0,0.0,0,0,0,0.0,0.0,0.0,0,0
Visual Genome,2356259,25,3,37,0,3,10,6,10,16,10,0,0,6,0.0132668240000839,0.0069130050001149,0.0057052520000979,0.0258857190001435,2.605460638999939,2.5307131525874142,0,0,0,0,1,2,2,0.3333333333333333,0.3333333333333333,0.3333333333333333,0.7299104519327438,1,2,2,0.3333333333333333,0.3333333333333333,0.3333333333333333,0.7299104519327438,0,0,0,0.0,0.0,0.0,0,0,0,0.0,0.0,0.0,0,0
Visual Genome,2356511,42,0,25,0,6,63,12,63,75,37,0,0,12,0.0164693640001587,0.0095648189999337,0.0086796379998759,0.0347148170001219,4.851154155731203,4.520255244970324,0,0,0,0,0,6,0,0.0,0.0,0.0,0.0,0,6,0,0.0,0.0,0.0,0.0,0,0,0,0.0,0.0,0.0,0,0,0,0.0,0.0,0.0,0,0
Visual Genome,2357259,15,0,15,0,3,6,6,6,12,10,0,0,6,0.0137210549999053,0.0073373810000703,0.0072347529999206,0.0282938010000179,2.5489200258255007,2.48384953647852,0,0,0,0,0,3,0,0.0,0.0,0.0,0.0,0,3,0,0.0,0.0,0.0,0.0,0,0,0,0.0,0.0,0.0,0,0,0,0.0,0.0,0.0,0,0
Visual Genome,2357707,19,1,26,0,1,0,2,0,2,1,0,0,2,0.0127020950001224,0.0064780529999097,0.005578904999993,0.0247596560000147,0.6133577267328898,0.6097011223435402,0,0,0,0,1,0,0,1.0,1.0,1.0,0.638578106695172,1,0,0,1.0,1.0,1.0,0.638578106695172,0,0,0,0.0,0.0,0.0,0,0,0,0.0,0.0,0.0,0,0
Visual Genome,2357774,26,1,24,0,4,24,8,24,32,17,0,0,8,0.0139984370000547,0.0083637529999123,0.0075578080000013,0.0299206310000954,3.591665658156078,3.518561075478793,0,0,0,0,1,3,0,0.25,1.0,0.4,0.9447582551175748,1,3,0,0.25,1.0,0.4,0.9447582551175748,0,0,0,0.0,0.0,0.0,0,0,0,0.0,0.0,0.0,0,0
Visual Genome,2358408,24,2,39,0,4,26,8,26,34,17,0,0,8,0.0146042320000105,0.0082742739998593,0.007251098000097,0.0301302810000834,3.582009812990825,3.504922194182874,0,0,0,0,0,4,2,0.0,0.0,0.0,0.924823181105494,0,4,2,0.0,0.0,0.0,0.924823181105494,0,0,0,0.0,0.0,0.0,0,0,0,0.0,0.0,0.0,0,0
Visual Genome,2358470,27,0,12,0,3,12,6,12,18,10,0,0,6,0.0129649719999633,0.0073804109999855,0.006151372999966,0.0264974149999943,2.279298279285432,2.053508819490672,0,0,0,0,0,3,0,0.0,0.0,0.0,0.0,0,3,0,0.0,0.0,0.0,0.0,0,0,0,0.0,0.0,0.0,0,0,0,0.0,0.0,0.0,0,0
Visual Genome,2358536,26,1,21,0,1,0,2,0,2,1,0,0,2,0.0131693699997867,0.0062937160000728,0.0058750830000917,0.025338783999814,0.6223483959833781,0.6224004426598548,0,0,0,0,1,0,0,1.0,1.0,1.0,0.9557403787202032,1,0,0,1.0,1.0,1.0,0.9557403787202032,0,0,0,0.0,0.0,0.0,0,0,0,0.0,0.0,0.0,0,0
Visual Genome,2358600,33,2,14,0,2,4,4,4,8,5,0,0,4,0.0134730890001719,0.0065375069998481,0.0056512410001232,0.0256624740000006,1.2167913111050923,1.0733843936026095,0,0,0,0,1,1,1,0.5,0.5,0.5,0.872075471213656,1,1,1,0.5,0.5,0.5,0.872075471213656,0,0,0,0.0,0.0,0.0,0,0,0,0.0,0.0,0.0,0,0
Visual Genome,2358626,23,1,33,0,4,26,8,26,34,17,0,0,8,0.0152354560000276,0.0088266669999939,0.0079566219999378,0.0320194580001498,3.475986110984657,3.3200564646913344,0,0,0,0,0,4,1,0.0,0.0,0.0,0.0,0,4,1,0.0,0.0,0.0,0.0,0,0,0,0.0,0.0,0.0,0,0,0,0.0,0.0,0.0,0,0
Visual Genome,2358828,30,3,36,0,3,10,6,10,16,10,0,0,6,0.0130273900001611,0.006967546999931,0.0059301620001406,0.0259257580000848,2.6762144947052007,2.581152973771096,0,0,0,0,1,2,2,0.3333333333333333,0.3333333333333333,0.3333333333333333,0.9341066085431622,1,2,2,0.3333333333333333,0.3333333333333333,0.3333333333333333,0.9341066085431622,0,0,0,0.0,0.0,0.0,0,0,0,0.0,0.0,0.0,0,0
Visual Genome,2359262,25,0,23,0,2,4,4,4,8,5,0,0,4,0.0130657689999225,0.0067750150001302,0.0059048210000582,0.0257461639998837,1.34353283961614,1.2524068026244644,0,0,0,0,0,2,0,0.0,0.0,0.0,0.0,0,2,0,0.0,0.0,0.0,0.0,0,0,0,0.0,0.0,0.0,0,0,0,0.0,0.0,0.0,0,0
Visual Genome,2360042,33,0,22,0,5,38,10,38,48,26,0,0,10,0.0141928329999245,0.008805761000076,0.0076958679999279,0.030695014999992,4.489323024344206,4.378080256275098,0,0,0,0,0,5,0,0.0,0.0,0.0,0.0,0,5,0,0.0,0.0,0.0,0.0,0,0,0,0.0,0.0,0.0,0,0,0,0.0,0.0,0.0,0,0
Visual Genome,2360765,33,2,41,0,20,713,40,713,753,401,0,0,40,0.0167557899999337,0.0396664209999926,0.037428951000038,0.0938520189999962,15.616051626611386,14.215252315609291,0,0,0,0,2,18,0,0.1,1.0,0.1818181818181818,0.8501164900843361,2,18,0,0.1,1.0,0.1818181818181818,0.8501164900843361,0,0,0,0.0,0.0,0.0,0,0,0,0.0,0.0,0.0,0,0
Visual Genome,2361228,17,2,12,0,5,32,10,32,42,26,0,0,10,0.013976839000179,0.0085514410000087,0.0072788400000263,0.0298077050001666,4.064250794504228,3.810851026876909,0,0,0,0,1,4,1,0.2,0.5,0.2857142857142857,0.951037535995869,1,4,1,0.2,0.5,0.2857142857142857,0.951037535995869,0,0,0,0.0,0.0,0.0,0,0,0,0.0,0.0,0.0,0,0
Visual Genome,2361287,28,2,44,0,5,38,10,38,48,26,0,0,10,0.0135311980000096,0.0083389100000204,0.0085698939999474,0.0304406129998824,4.271388741334281,4.0900032638013375,0,0,0,0,0,5,2,0.0,0.0,0.0,0.0,0,5,2,0.0,0.0,0.0,0.0,0,0,0,0.0,0.0,0.0,0,0,0,0.0,0.0,0.0,0,0
Visual Genome,2361514,32,0,45,0,4,16,8,16,24,17,0,0,8,0.0127782770000521,0.0087057570001434,0.0068647470000087,0.0283493350000298,3.24284409985279,3.0569437061780187,0,0,0,0,0,4,0,0.0,0.0,0.0,0.0,0,4,0,0.0,0.0,0.0,0.0,0,0,0,0.0,0.0,0.0,0,0,0,0.0,0.0,0.0,0,0
Visual Genome,2361531,24,0,21,0,4,20,8,20,28,17,0,0,8,0.0136903160000656,0.0078666940000857,0.0072299450000627,0.0287876950001191,3.736160680452984,3.722660294473173,0,0,0,0,0,4,0,0.0,0.0,0.0,0.0,0,4,0,0.0,0.0,0.0,0.0,0,0,0,0.0,0.0,0.0,0,0,0,0.0,0.0,0.0,0,0
Visual Genome,2361736,27,0,23,0,1,0,2,0,2,1,0,0,2,0.0140771760000006,0.0062716370000543,0.0056419089999053,0.0259913039999446,0.6106069723765055,0.6058156818151474,0,0,0,0,0,1,0,0.0,0.0,0.0,0.0,0,1,0,0.0,0.0,0.0,0.0,0,0,0,0.0,0.0,0.0,0,0,0,0.0,0.0,0.0,0,0
Visual Genome,2361898,28,1,29,0,10,166,20,166,186,101,0,0,20,0.0154939579999791,0.0145892799998819,0.0138729450000028,0.043956757999922,8.540040923178573,8.0992330244386,0,0,0,0,1,9,0,0.1,1.0,0.1818181818181818,0.921030833356819,1,9,0,0.1,1.0,0.1818181818181818,0.921030833356819,0,0,0,0.0,0.0,0.0,0,0,0,0.0,0.0,0.0,0,0
Visual Genome,2362268,20,1,17,0,4,30,8,30,38,17,0,0,8,0.0128528630000346,0.0079509360000429,0.0074477650000517,0.0282522150000659,3.175383214606634,2.904196793887805,0,0,0,0,0,4,1,0.0,0.0,0.0,0.0,0,4,1,0.0,0.0,0.0,0.0,0,0,0,0.0,0.0,0.0,0,0,0,0.0,0.0,0.0,0,0
Visual Genome,2362364,41,5,20,0,5,32,10,32,42,26,0,0,10,0.0151713830000517,0.0083745700001145,0.0073868979998223,0.0309333289999358,4.283994360764823,4.107808701246978,0,0,0,0,4,1,1,0.8,0.8,0.8000000000000002,0.8427719660986777,4,1,1,0.8,0.8,0.8000000000000002,0.8427719660986777,0,0,0,0.0,0.0,0.0,0,0,0,0.0,0.0,0.0,0,0
Visual Genome,2362923,24,2,19,0,9,123,18,123,141,82,0,0,18,0.0138625469999169,0.01267198000005,0.0117421600000398,0.0382774090001021,7.751429519342881,7.438609513776998,0,0,0,0,1,8,1,0.1111111111111111,0.5,0.1818181818181818,0.9711507730753784,1,8,1,0.1111111111111111,0.5,0.1818181818181818,0.9711507730753784,0,0,0,0.0,0.0,0.0,0,0,0,0.0,0.0,0.0,0,0
Visual Genome,2364039,19,0,29,0,2,6,4,6,10,5,0,0,4,0.0120791329998155,0.0067877769999995,0.0058036160000938,0.0246711629999936,1.20994073004101,1.0783410790122971,0,0,0,0,0,2,0,0.0,0.0,0.0,0.0,0,2,0,0.0,0.0,0.0,0.0,0,0,0,0.0,0.0,0.0,0,0,0,0.0,0.0,0.0,0,0
Visual Genome,2364080,11,0,23,0,0,0,0,0,0,0,0,0,1,0.0140019189998383,0.0051619150001442,0.0045332719998896,0.0236976379999305,,,0,0,0,0,0,0,0,0.0,0.0,0.0,0.0,0,0,0,0.0,0.0,0.0,0.0,0,0,0,0.0,0.0,0.0,0,0,0,0.0,0.0,0.0,0,0
Visual Genome,2364407,54,1,26,0,14,354,28,354,382,197,0,0,28,0.0154066060001696,0.0218935780001174,0.0216561729998829,0.0589570880001701,11.20202954820653,10.32427515374482,0,0,0,0,1,13,0,0.0714285714285714,1.0,0.1333333333333333,0.827231921761312,1,13,0,0.0714285714285714,1.0,0.1333333333333333,0.827231921761312,0,0,0,0.0,0.0,0.0,0,0,0,0.0,0.0,0.0,0,0
Visual Genome,2364413,48,3,19,0,6,60,12,60,72,37,0,0,12,0.0125481059999401,0.0090275350000865,0.0085990259999562,0.0301752459999988,4.916114873886111,4.61201225936413,0,0,0,0,1,5,2,0.1666666666666666,0.3333333333333333,0.2222222222222222,0.6691042257540837,1,5,2,0.1666666666666666,0.3333333333333333,0.2222222222222222,0.6691042257540837,0,0,0,0.0,0.0,0.0,0,0,0,0.0,0.0,0.0,0,0
Visual Genome,2364445,31,0,20,0,3,13,6,13,19,10,0,0,6,0.0138881399998354,0.0071178489999965,0.006294859000036,0.0273015610000584,2.4721711182594306,2.3135667045414454,0,0,0,0,0,3,0,0.0,0.0,0.0,0.0,0,3,0,0.0,0.0,0.0,0.0,0,0,0,0.0,0.0,0.0,0,0,0,0.0,0.0,0.0,0,0
Visual Genome,2364508,34,1,33,0,20,523,40,523,563,401,0,0,40,0.0179260679999515,0.0334378679999645,0.0326864819999173,0.0840512009999656,16.292738792384938,15.203018634950396,0,0,0,0,1,19,0,0.05,1.0,0.0952380952380952,0.934127149600834,1,19,0,0.05,1.0,0.0952380952380952,0.934127149600834,0,0,0,0.0,0.0,0.0,0,0,0,0.0,0.0,0.0,0,0
Visual Genome,2364565,33,1,21,0,2,2,4,2,6,5,0,0,4,0.0136634850000518,0.0063688560001082,0.0058469660000355,0.0258799470000212,1.490658620198568,1.4602219676971435,0,0,0,0,1,1,0,0.5,1.0,0.6666666666666666,0.9268419942121484,1,1,0,0.5,1.0,0.6666666666666666,0.9268419942121484,0,0,0,0.0,0.0,0.0,0,0,0,0.0,0.0,0.0,0,0
Visual Genome,2364584,31,2,20,0,6,45,12,45,57,37,0,0,12,0.014636954000025,0.0114161719998264,0.0100592369999503,0.0361130389999289,5.145696325302126,4.936296059489252,0,0,0,0,2,4,0,0.3333333333333333,1.0,0.5,0.9149688689237434,2,4,0,0.3333333333333333,1.0,0.5,0.9149688689237434,0,0,0,0.0,0.0,0.0,0,0,0,0.0,0.0,0.0,0,0
Visual Genome,2364645,23,0,19,0,1,0,2,0,2,1,0,0,2,0.012049738000087,0.0062815920000502,0.0052724879999459,0.0236044230000516,0.3668504158655802,0.2615095457434654,0,0,0,0,0,1,0,0.0,0.0,0.0,0.0,0,1,0,0.0,0.0,0.0,0.0,0,0,0,0.0,0.0,0.0,0,0,0,0.0,0.0,0.0,0,0
Visual Genome,2365315,24,0,25,0,2,4,4,4,8,5,0,0,4,0.0138827279999986,0.0069725390001167,0.006048297999996,0.0269043250000322,1.3058474334081014,1.1991761663556102,0,0,0,0,0,2,0,0.0,0.0,0.0,0.0,0,2,0,0.0,0.0,0.0,0.0,0,0,0,0.0,0.0,0.0,0,0,0,0.0,0.0,0.0,0,0
Visual Genome,2365681,41,1,21,0,2,6,4,6,10,5,0,0,4,0.0142233889998806,0.0066433849999611,0.0058297630000652,0.026697108999997,1.357275870641073,1.2718188339471816,0,0,0,0,1,1,0,0.5,1.0,0.6666666666666666,0.8027307780303025,1,1,0,0.5,1.0,0.6666666666666666,0.8027307780303025,0,0,0,0.0,0.0,0.0,0,0,0,0.0,0.0,0.0,0,0
Visual Genome,2366193,24,5,17,0,9,121,18,121,139,82,0,0,18,0.0141427549999662,0.0128663329999199,0.0112823740000749,0.0382920539998394,7.020833238239844,6.41760714652713,0,0,0,0,2,7,3,0.2222222222222222,0.4,0.2857142857142857,0.8017267949135661,2,7,3,0.2222222222222222,0.4,0.2857142857142857,0.8017267949135661,0,0,0,0.0,0.0,0.0,0,0,0,0.0,0.0,0.0,0,0
Visual Genome,2366660,23,3,7,0,3,14,6,14,20,10,0,0,6,0.0136756379999951,0.0072305360001792,0.0066235679998953,0.0275304330000381,2.6713639162164773,2.6096061892491424,0,0,0,0,1,2,2,0.3333333333333333,0.3333333333333333,0.3333333333333333,0.944537047709943,1,2,2,0.3333333333333333,0.3333333333333333,0.3333333333333333,0.944537047709943,0,0,0,0.0,0.0,0.0,0,0,0,0.0,0.0,0.0,0,0
Visual Genome,2367354,37,2,17,0,9,142,18,142,160,82,0,0,18,0.0137756960000388,0.0135934610000276,0.0130288569998811,0.0403987580000375,7.42840755939484,6.982250677645209,0,0,0,0,2,7,0,0.2222222222222222,1.0,0.3636363636363636,0.804161880835255,2,7,0,0.2222222222222222,1.0,0.3636363636363636,0.804161880835255,0,0,0,0.0,0.0,0.0,0,0,0,0.0,0.0,0.0,0,0
Visual Genome,2368110,37,1,24,0,16,348,32,348,380,257,0,0,32,0.0181364669999766,0.023806573999991,0.0227655700000468,0.0647094220000781,12.253336573449817,11.040082820761247,0,0,0,0,0,16,1,0.0,0.0,0.0,0.0,0,16,1,0.0,0.0,0.0,0.0,0,0,0,0.0,0.0,0.0,0,0,0,0.0,0.0,0.0,0,0
Visual Genome,2368192,33,0,37,0,4,20,8,20,28,17,0,0,8,0.0126569910000853,0.0078166539999529,0.0070585660000688,0.027533030000086,3.3233218876520803,3.1395254996418966,0,0,0,0,0,4,0,0.0,0.0,0.0,0.0,0,4,0,0.0,0.0,0.0,0.0,0,0,0,0.0,0.0,0.0,0,0,0,0.0,0.0,0.0,0,0
Visual Genome,2368508,29,2,10,0,12,239,24,239,263,145,0,0,24,0.015917145000003,0.01790387799997,0.0168797259998427,0.0507013779999852,9.66932037084198,8.960053957689762,0,0,0,0,0,12,2,0.0,0.0,0.0,0.0,0,12,2,0.0,0.0,0.0,0.0,0,0,0,0.0,0.0,0.0,0,0,0,0.0,0.0,0.0,0,0
Visual Genome,2368774,9,1,34,0,1,0,2,0,2,1,0,0,2,0.0129383570001664,0.0066002979999666,0.0056165840001085,0.0251558340000883,0.6369913736979167,0.6430836486816407,0,0,0,0,1,0,0,1.0,1.0,1.0,0.973575976512422,1,0,0,1.0,1.0,1.0,0.973575976512422,0,0,0,0.0,0.0,0.0,0,0,0,0.0,0.0,0.0,0,0
Visual Genome,2368817,18,0,10,0,1,0,2,0,2,1,0,0,2,0.0147806089998994,0.0062238120001438,0.0055332000001726,0.0265382909999516,0.5963319937388103,0.5856522744894028,0,0,0,0,0,1,0,0.0,0.0,0.0,0.0,0,1,0,0.0,0.0,0.0,0.0,0,0,0,0.0,0.0,0.0,0,0,0,0.0,0.0,0.0,0,0
Visual Genome,2368996,26,0,17,0,4,21,8,21,29,17,0,0,8,0.0180774440000277,0.0088064909998593,0.0071228330000394,0.0340079210000112,3.0947903362909965,2.8167246833443653,0,0,0,0,0,4,0,0.0,0.0,0.0,0.0,0,4,0,0.0,0.0,0.0,0.0,0,0,0,0.0,0.0,0.0,0,0,0,0.0,0.0,0.0,0,0
Visual Genome,2369534,20,0,23,0,1,0,2,0,2,1,0,0,2,0.0119586879998223,0.0072011790000487,0.0056366280000474,0.0247972349998235,0.5949761311213175,0.5837371185421945,0,0,0,0,0,1,0,0.0,0.0,0.0,0.0,0,1,0,0.0,0.0,0.0,0.0,0,0,0,0.0,0.0,0.0,0,0,0,0.0,0.0,0.0,0,0
Visual Genome,2369615,25,9,17,0,13,313,26,313,339,170,0,0,26,0.0154912850000528,0.0201801430000614,0.0194506670000009,0.055123242000036,10.386930720482404,9.555852908069031,0,0,0,0,7,6,2,0.5384615384615384,0.7777777777777778,0.6363636363636364,0.7874401110891681,7,6,2,0.5384615384615384,0.7777777777777778,0.6363636363636364,0.7874401110891681,0,0,0,0.0,0.0,0.0,0,0,0,0.0,0.0,0.0,0,0
Visual Genome,2370016,32,1,14,0,5,40,10,40,50,26,0,0,10,0.0137889080001514,0.0084958469999492,0.0081374979999964,0.0304228560000865,4.067109812239957,3.773641209890597,0,0,0,0,0,5,1,0.0,0.0,0.0,0.7943040579683818,0,5,1,0.0,0.0,0.0,0.7943040579683818,0,0,0,0.0,0.0,0.0,0,0,0,0.0,0.0,0.0,0,0
Visual Genome,2370071,58,0,40,0,1,0,2,0,2,1,0,0,2,0.0139826909999101,0.0061061500000505,0.0059505640001589,0.0260400529998605,0.6200937191645304,0.6192157116532326,0,0,0,0,0,1,0,0.0,0.0,0.0,0.0,0,1,0,0.0,0.0,0.0,0.0,0,0,0,0.0,0.0,0.0,0,0,0,0.0,0.0,0.0,0,0
Visual Genome,2370681,26,0,16,0,5,43,10,43,53,26,0,0,10,0.0130907499999466,0.0086938560000362,0.00755148799999,0.0293368539998937,4.309359520276389,4.118886989057065,0,0,0,0,0,5,0,0.0,0.0,0.0,0.0,0,5,0,0.0,0.0,0.0,0.0,0,0,0,0.0,0.0,0.0,0,0,0,0.0,0.0,0.0,0,0
Visual Genome,2370826,42,6,15,0,3,11,6,11,17,10,0,0,6,0.012831129999995,0.0070599739999579,0.0062413289999767,0.0261331189999509,2.489775135252162,2.30819590571849,0,0,0,0,1,2,5,0.3333333333333333,0.1666666666666666,0.2222222222222222,0.8514258980387372,1,2,5,0.3333333333333333,0.1666666666666666,0.2222222222222222,0.8514258980387372,0,0,0,0.0,0.0,0.0,0,0,0,0.0,0.0,0.0,0,0
Visual Genome,2371479,8,0,18,0,2,5,4,5,9,5,0,0,4,0.0132944899999074,0.0071138419998533,0.0062176930000532,0.0266266979999727,1.511533610855454,1.503845864668403,0,0,0,0,0,2,0,0.0,0.0,0.0,0.0,0,2,0,0.0,0.0,0.0,0.0,0,0,0,0.0,0.0,0.0,0,0,0,0.0,0.0,0.0,0,0
Visual Genome,2371520,16,1,14,0,2,6,4,6,10,5,0,0,4,0.0126764980000189,0.00652464399991,0.0058248269999694,0.0250266160001046,1.5521272691090906,1.5470464342832568,0,0,0,0,1,1,0,0.5,1.0,0.6666666666666666,0.9722370321974269,1,1,0,0.5,1.0,0.6666666666666666,0.9722370321974269,0,0,0,0.0,0.0,0.0,0,0,0,0.0,0.0,0.0,0,0
Visual Genome,2371844,32,0,20,0,1,0,2,0,2,1,0,0,2,0.0138988520000111,0.0062392780000664,0.0056861370001115,0.0258249510000041,0.6153026501337687,0.6124483266472817,0,0,0,0,0,1,0,0.0,0.0,0.0,0.0,0,1,0,0.0,0.0,0.0,0.0,0,0,0,0.0,0.0,0.0,0,0,0,0.0,0.0,0.0,0,0
Visual Genome,2372054,15,0,7,0,9,131,18,131,149,82,0,0,18,0.0144457400001556,0.0137257670000963,0.0117722950001279,0.0399443790001896,6.933813493251803,6.2960115592181705,0,0,0,0,0,9,0,0.0,0.0,0.0,0.0,0,9,0,0.0,0.0,0.0,0.0,0,0,0,0.0,0.0,0.0,0,0,0,0.0,0.0,0.0,0,0
Visual Genome,2372677,18,0,25,0,1,0,2,0,2,1,0,0,2,0.0130100950000269,0.0059489709999525,0.0054613960001006,0.0244214740000643,0.6191528956095378,0.6178867983818055,0,0,0,0,0,1,0,0.0,0.0,0.0,0.0,0,1,0,0.0,0.0,0.0,0.0,0,0,0,0.0,0.0,0.0,0,0,0,0.0,0.0,0.0,0,0
Visual Genome,2373246,29,2,10,0,7,74,14,74,88,50,0,0,14,0.0155241639999985,0.0110224090001338,0.0094590249998418,0.0360063099999479,6.141801326631531,5.9329740452359365,0,0,0,0,2,5,0,0.2857142857142857,1.0,0.4444444444444445,0.96660606647905,2,5,0,0.2857142857142857,1.0,0.4444444444444445,0.96660606647905,0,0,0,0.0,0.0,0.0,0,0,0,0.0,0.0,0.0,0,0
Visual Genome,2373277,16,0,14,0,3,10,6,10,16,10,0,0,6,0.0138587010001174,0.0077046490000611,0.0067896360001213,0.028353670000115,2.518497653007508,2.407877934873105,0,0,0,0,0,3,0,0.0,0.0,0.0,0.0,0,3,0,0.0,0.0,0.0,0.0,0,0,0,0.0,0.0,0.0,0,0,0,0.0,0.0,0.0,0,0
Visual Genome,2373324,28,3,12,0,7,73,14,73,87,50,0,0,14,0.0157957870001155,0.0112896050000017,0.0105796650000229,0.0376658220000081,5.979893200355749,5.722817361511768,0,0,0,0,3,4,0,0.4285714285714285,1.0,0.6,0.9028823782124,3,4,0,0.4285714285714285,1.0,0.6,0.9028823782124,0,0,0,0.0,0.0,0.0,0,0,0,0.0,0.0,0.0,0,0
Visual Genome,2373416,26,3,17,0,8,102,16,102,118,65,0,0,16,0.0164395440001499,0.0124634289998084,0.011495074999857,0.0403989380001803,6.916693251927696,6.660495885014536,0,0,0,0,1,7,2,0.125,0.3333333333333333,0.1818181818181818,0.7743484016201378,1,7,2,0.125,0.3333333333333333,0.1818181818181818,0.7743484016201378,0,0,0,0.0,0.0,0.0,0,0,0,0.0,0.0,0.0,0,0
Visual Genome,2373675,33,1,19,0,0,0,0,0,0,0,0,0,1,0.0130138699998951,0.0050636099999792,0.0044422739999845,0.0225203359998431,,,0,0,0,0,0,0,1,0.0,0.0,0.0,0.0,0,0,1,0.0,0.0,0.0,0.0,0,0,0,0.0,0.0,0.0,0,0,0,0.0,0.0,0.0,0,0
Visual Genome,2374347,30,1,32,0,3,13,6,13,19,10,0,0,6,0.0149303719999807,0.0069154640000306,0.0070011490001888,0.0288476929999887,2.51635895729065,2.388357027173043,0,0,0,0,0,3,1,0.0,0.0,0.0,0.0,0,3,1,0.0,0.0,0.0,0.0,0,0,0,0.0,0.0,0.0,0,0,0,0.0,0.0,0.0,0,0
Visual Genome,2375149,18,1,23,0,4,26,8,26,34,17,0,0,8,0.0122719690000394,0.0075526180000906,0.0075028999999631,0.0273281730001144,3.812972962084292,3.812955145858604,0,0,0,0,1,3,0,0.25,1.0,0.4,0.9557630451098762,1,3,0,0.25,1.0,0.4,0.9557630451098762,0,0,0,0.0,0.0,0.0,0,0,0,0.0,0.0,0.0,0,0
Visual Genome,2375342,30,0,34,0,13,273,26,273,299,170,0,0,26,0.0161377079998601,0.0200432730000557,0.0206070009999166,0.056788688999859,11.023785773721304,10.409288331078455,0,0,0,0,0,13,0,0.0,0.0,0.0,0.0,0,13,0,0.0,0.0,0.0,0.0,0,0,0,0.0,0.0,0.0,0,0,0,0.0,0.0,0.0,0,0
Visual Genome,2375655,25,1,17,0,1,0,2,0,2,1,0,0,2,0.0127434410001114,0.0060531800002081,0.0053653330000997,0.0241625400001339,0.6020429293314615,0.5937189710140228,0,0,0,0,1,0,0,1.0,1.0,1.0,0.8105545949681806,1,0,0,1.0,1.0,1.0,0.8105545949681806,0,0,0,0.0,0.0,0.0,0,0,0,0.0,0.0,0.0,0,0
Visual Genome,2375995,6,2,16,0,4,24,8,24,32,17,0,0,8,0.0167603469999448,0.0080608819998815,0.0067186109999965,0.0315405789999658,3.2314864508310963,2.910807945132256,0,0,0,0,2,2,0,0.5,1.0,0.6666666666666666,0.8676748654298814,2,2,0,0.5,1.0,0.6666666666666666,0.8676748654298814,0,0,0,0.0,0.0,0.0,0,0,0,0.0,0.0,0.0,0,0
Visual Genome,2376311,28,2,20,0,4,17,8,17,25,17,0,0,8,0.0142690320001293,0.0078373070000452,0.0068672009999772,0.0289741779999985,3.5896782700220755,3.532253889739515,0,0,0,0,2,2,0,0.5,1.0,0.6666666666666666,0.8921250120923783,2,2,0,0.5,1.0,0.6666666666666666,0.8921250120923783,0,0,0,0.0,0.0,0.0,0,0,0,0.0,0.0,0.0,0,0
Visual Genome,2376313,22,0,11,0,2,2,4,2,6,5,0,0,4,0.0141553160001421,0.0062550350000947,0.0058258310000383,0.0262367929999527,1.5211857446034749,1.519841530919075,0,0,0,0,0,2,0,0.0,0.0,0.0,0.0,0,2,0,0.0,0.0,0.0,0.0,0,0,0,0.0,0.0,0.0,0,0,0,0.0,0.0,0.0,0,0
Visual Genome,2376333,24,2,44,0,3,12,6,12,18,10,0,0,6,0.0124495379998279,0.0067743639999662,0.0060939760001019,0.0253185079998274,2.5628041958808905,2.453960926681758,0,0,0,0,2,1,0,0.6666666666666666,1.0,0.8,0.6420651687523234,2,1,0,0.6666666666666666,1.0,0.8,0.6420651687523234,0,0,0,0.0,0.0,0.0,0,0,0,0.0,0.0,0.0,0,0
Visual Genome,2376562,25,3,26,0,7,77,14,77,91,50,0,0,14,0.0145506110000042,0.0105768220000754,0.0094173689999479,0.0345453639999959,5.833025721837033,5.502554865458557,0,0,0,0,2,5,1,0.2857142857142857,0.6666666666666666,0.4,0.827644078393735,2,5,1,0.2857142857142857,0.6666666666666666,0.4,0.827644078393735,0,0,0,0.0,0.0,0.0,0,0,0,0.0,0.0,0.0,0,0
Visual Genome,2377208,28,1,25,0,3,11,6,11,17,10,0,0,6,0.0146057370000107,0.0069228309998834,0.0062911259999509,0.027820315000099,2.5409275436401373,2.4106851553916937,0,0,0,0,1,2,0,0.3333333333333333,1.0,0.5,0.6587808123042451,1,2,0,0.3333333333333333,1.0,0.5,0.6587808123042451,0,0,0,0.0,0.0,0.0,0,0,0,0.0,0.0,0.0,0,0
Visual Genome,2377681,24,1,21,0,8,109,16,109,125,65,0,0,16,0.0154882090000683,0.0123360649999995,0.0114323450000028,0.0392572760001712,6.891861604060166,6.565320500140819,0,0,0,0,0,8,1,0.0,0.0,0.0,0.0,0,8,1,0.0,0.0,0.0,0.0,0,0,0,0.0,0.0,0.0,0,0,0,0.0,0.0,0.0,0,0
Visual Genome,2378406,44,6,37,0,6,34,12,34,46,37,0,0,12,0.0137985950000256,0.009607909999886,0.0083308270000088,0.031737952999947,4.241435096263886,3.72502707347274,0,0,0,0,3,3,3,0.5,0.5,0.5,0.8166123155257042,3,3,3,0.5,0.5,0.5,0.8166123155257042,0,0,0,0.0,0.0,0.0,0,0,0,0.0,0.0,0.0,0,0
Visual Genome,2379084,18,0,28,0,3,12,6,12,18,10,0,0,6,0.0132900359999439,0.0069656299999678,0.0061968370000613,0.0264530499998727,2.5618163204193123,2.452565552592278,0,0,0,0,0,3,0,0.0,0.0,0.0,0.0,0,3,0,0.0,0.0,0.0,0.0,0,0,0,0.0,0.0,0.0,0,0,0,0.0,0.0,0.0,0,0
Visual Genome,2379285,20,0,7,0,4,18,8,18,26,17,0,0,8,0.0134811230000195,0.0076371850000214,0.0067928519999895,0.0279117569998561,3.670406014124554,3.646281828284265,0,0,0,0,0,4,0,0.0,0.0,0.0,0.0,0,4,0,0.0,0.0,0.0,0.0,0,0,0,0.0,0.0,0.0,0,0,0,0.0,0.0,0.0,0,0
Visual Genome,2379457,18,2,15,1,1,0,2,0,2,1,0,0,2,0.0125188750000688,0.0058925949999775,0.0051903590001529,0.0236023360000672,0.6069845596949259,0.6006990239024164,0,0,0,0,1,0,1,1.0,0.5,0.6666666666666666,0.964424829793564,1,0,1,1.0,0.5,0.6666666666666666,0.964424829793564,0,0,1,0.0,0.0,0.0,0,0,1,0.0,0.0,0.0,0,0
Visual Genome,2379567,26,1,21,0,4,16,8,16,24,17,0,0,8,0.0150160380001125,0.0084859329999744,0.007747800000061,0.0312504290000106,3.4470169703165703,3.3472448039054883,0,0,0,0,1,3,0,0.25,1.0,0.4,0.9819032603496384,1,3,0,0.25,1.0,0.4,0.9819032603496384,0,0,0,0.0,0.0,0.0,0,0,0,0.0,0.0,0.0,0,0
Visual Genome,2379786,22,2,23,1,2,4,4,4,8,5,0,0,4,0.0145299230000546,0.0064449170001807,0.0060657910000827,0.0270413150001331,1.5785281451543174,1.5843376716971402,0,0,0,0,2,0,0,1.0,1.0,1.0,0.961842650606476,2,0,0,1.0,1.0,1.0,0.961842650606476,0,2,1,0.0,0.0,0.0,0,2,1,0.0,0.0,0.0,0,0
Visual Genome,2379993,19,0,20,0,5,36,10,36,46,26,0,0,10,0.0146350830000301,0.0089668709999841,0.0076550620001398,0.0312576710000485,4.259810038407645,4.073648345917465,0,0,0,0,0,5,0,0.0,0.0,0.0,0.0,0,5,0,0.0,0.0,0.0,0.0,0,0,0,0.0,0.0,0.0,0,0,0,0.0,0.0,0.0,0,0
Visual Genome,2380286,21,1,25,0,3,10,6,10,16,10,0,0,6,0.0130526240000108,0.0069612730001153,0.0057475430000977,0.0257621140001447,2.67391161441803,2.627400155365468,0,0,0,0,1,2,0,0.3333333333333333,1.0,0.5,0.7216540727958111,1,2,0,0.3333333333333333,1.0,0.5,0.7216540727958111,0,0,0,0.0,0.0,0.0,0,0,0,0.0,0.0,0.0,0,0
Visual Genome,2380294,28,5,44,0,10,162,20,162,182,101,0,0,20,0.0142500590000054,0.0147849429999951,0.0135315160000573,0.0425671089999468,8.070404768516756,7.495300744901238,0,0,0,0,5,5,0,0.5,1.0,0.6666666666666666,0.8381764773874426,5,5,0,0.5,1.0,0.6666666666666666,0.8381764773874426,0,0,0,0.0,0.0,0.0,0,0,0,0.0,0.0,0.0,0,0
Visual Genome,2380388,21,0,20,0,6,66,12,66,78,37,0,0,12,0.0148748110000269,0.0105000660000769,0.0097746839999217,0.0351502429998618,4.699310761813714,4.28395346385677,0,0,0,0,0,6,0,0.0,0.0,0.0,0.0,0,6,0,0.0,0.0,0.0,0.0,0,0,0,0.0,0.0,0.0,0,0,0,0.0,0.0,0.0,0,0
Visual Genome,2380673,22,0,5,0,0,0,0,0,0,0,0,0,1,0.0125221810001221,0.0048653869998815,0.0040694680001251,0.0214574520000496,,,0,0,0,0,0,0,0,0.0,0.0,0.0,0.0,0,0,0,0.0,0.0,0.0,0.0,0,0,0,0.0,0.0,0.0,0,0,0,0.0,0.0,0.0,0,0
Visual Genome,2380711,17,1,26,0,2,4,4,4,8,5,0,0,4,0.0125836029999391,0.0065298909999,0.0056341399999837,0.0247482170000239,1.4079134376843774,1.3433443973958497,0,0,0,0,1,1,0,0.5,1.0,0.6666666666666666,0.9592121428860978,1,1,0,0.5,1.0,0.6666666666666666,0.9592121428860978,0,0,0,0.0,0.0,0.0,0,0,0,0.0,0.0,0.0,0,0
Visual Genome,2380719,27,6,19,0,11,207,22,207,229,122,0,0,22,0.0148587999999563,0.018262383000092,0.0175973600000816,0.0507195519999186,9.36569820171251,8.888271289027275,0,0,0,0,4,7,2,0.3636363636363636,0.6666666666666666,0.4705882352941177,0.7910234209233572,4,7,2,0.3636363636363636,0.6666666666666666,0.4705882352941177,0.7910234209233572,0,0,0,0.0,0.0,0.0,0,0,0,0.0,0.0,0.0,0,0
Visual Genome,2380732,32,5,39,3,9,127,18,127,145,82,0,0,18,0.0148844289999487,0.0126960959998996,0.0119933569999375,0.039574501999823,7.780353612206532,7.485760152987792,0,0,0,0,3,6,2,0.3333333333333333,0.6,0.4285714285714285,0.8815305159523931,3,6,2,0.3333333333333333,0.6,0.4285714285714285,0.8815305159523931,0,0,3,0.0,0.0,0.0,0,0,3,0.0,0.0,0.0,0,0
Visual Genome,2380910,17,1,26,0,3,11,6,11,17,10,0,0,6,0.0125038670000776,0.0078121490000739,0.0064368309999736,0.0267534750000777,2.3983079515878174,2.228261475611112,0,0,0,0,1,2,0,0.3333333333333333,1.0,0.5,0.9155847540428212,1,2,0,0.3333333333333333,1.0,0.5,0.9155847540428212,0,0,0,0.0,0.0,0.0,0,0,0,0.0,0.0,0.0,0,0
Visual Genome,2381146,24,1,34,0,4,23,8,23,31,17,0,0,8,0.0149886330000299,0.0081421820000286,0.0070234489999165,0.0301549329999488,3.453788248527146,3.323381674863991,0,0,0,0,1,3,0,0.25,1.0,0.4,0.94221015579727,1,3,0,0.25,1.0,0.4,0.94221015579727,0,0,0,0.0,0.0,0.0,0,0,0,0.0,0.0,0.0,0,0
Visual Genome,2381575,10,0,27,0,1,0,2,0,2,1,0,0,2,0.0126810510000723,0.0061166069999671,0.0061532610000085,0.0249515900000005,0.5924026886622111,0.5801021310687065,0,0,0,0,0,1,0,0.0,0.0,0.0,0.0,0,1,0,0.0,0.0,0.0,0.0,0,0,0,0.0,0.0,0.0,0,0,0,0.0,0.0,0.0,0,0
Visual Genome,2381641,13,4,21,0,13,277,26,277,303,170,0,0,26,0.0148215700000946,0.0206321630000729,0.0202781769999091,0.0557328600000346,10.680733380244916,9.900978379822517,0,0,0,0,3,10,1,0.2307692307692307,0.75,0.3529411764705882,0.7687616785956773,3,10,1,0.2307692307692307,0.75,0.3529411764705882,0.7687616785956773,0,0,0,0.0,0.0,0.0,0,0,0,0.0,0.0,0.0,0,0
Visual Genome,2382289,16,0,28,0,2,2,4,2,6,5,0,0,4,0.0138589729999694,0.0064210479999928,0.0058774139999968,0.0261580979999962,1.378852883179983,1.302296364158392,0,0,0,0,0,2,0,0.0,0.0,0.0,0.0,0,2,0,0.0,0.0,0.0,0.0,0,0,0,0.0,0.0,0.0,0,0,0,0.0,0.0,0.0,0,0
Visual Genome,2382368,24,2,6,0,6,52,12,52,64,37,0,0,12,0.0147491559998798,0.0094688260001021,0.0084771330000421,0.0326958779999131,4.961906766891481,4.643693308234217,0,0,0,0,1,5,1,0.1666666666666666,0.5,0.25,0.5900527047356758,1,5,1,0.1666666666666666,0.5,0.25,0.5900527047356758,0,0,0,0.0,0.0,0.0,0,0,0,0.0,0.0,0.0,0,0
Visual Genome,2382609,23,2,36,0,13,283,26,283,309,170,0,0,26,0.0154569210001227,0.0197111370000584,0.0202667859998655,0.0554356730001472,10.90836806493476,10.33446452535664,0,0,0,0,1,12,1,0.0769230769230769,0.5,0.1333333333333333,0.9362432005506064,1,12,1,0.0769230769230769,0.5,0.1333333333333333,0.9362432005506064,0,0,0,0.0,0.0,0.0,0,0,0,0.0,0.0,0.0,0,0
Visual Genome,2382779,23,1,32,0,1,0,2,0,2,1,0,0,2,0.0158323040000141,0.0065004240000234,0.0065189670001473,0.028852352000058,0.621933929125468,0.6218150082230569,0,0,0,0,1,0,0,1.0,1.0,1.0,0.9366134492685652,1,0,0,1.0,1.0,1.0,0.9366134492685652,0,0,0,0.0,0.0,0.0,0,0,0,0.0,0.0,0.0,0,0
Visual Genome,2382880,22,2,34,1,2,2,4,2,6,5,0,0,4,0.0138845429999037,0.0065896220000922,0.0055616570000438,0.0260366129998601,1.5364444382985432,1.541394435763359,0,0,0,0,2,0,0,1.0,1.0,1.0,0.9644299972906968,2,0,0,1.0,1.0,1.0,0.9644299972906968,0,2,1,0.0,0.0,0.0,0,2,1,0.0,0.0,0.0,0,0
Visual Genome,2383143,46,3,17,1,2,2,4,2,6,5,0,0,4,0.0142379890000938,0.007021209999948,0.0063157850001971,0.0275756570001703,1.2676314123471577,1.161696036607027,0,0,0,0,1,1,2,0.5,0.3333333333333333,0.4,0.8967788408006196,1,1,2,0.5,0.3333333333333333,0.4,0.8967788408006196,0,0,1,0.0,0.0,0.0,0,0,1,0.0,0.0,0.0,0,0
Visual Genome,2383321,16,1,8,0,4,26,8,26,34,17,0,0,8,0.0212119299999358,0.0128450730001077,0.0112199480001891,0.045277889999852,3.5203962794939687,3.3601430781185635,0,0,0,0,1,3,0,0.25,1.0,0.4,0.9453517630809188,1,3,0,0.25,1.0,0.4,0.9453517630809188,0,0,0,0.0,0.0,0.0,0,0,0,0.0,0.0,0.0,0,0
Visual Genome,2383979,18,2,12,0,4,22,8,22,30,17,0,0,8,0.0155519970001023,0.0075580000000172,0.0065984570001091,0.0297090590001971,3.2284246293703727,3.005483122318984,0,0,0,0,1,3,1,0.25,0.5,0.3333333333333333,0.5570951727689705,1,3,1,0.25,0.5,0.3333333333333333,0.5570951727689705,0,0,0,0.0,0.0,0.0,0,0,0,0.0,0.0,0.0,0,0
Visual Genome,2383998,26,0,31,0,2,2,4,2,6,5,0,0,4,0.0133423380000294,0.0065132150000408,0.0060615190000135,0.0259177579998777,1.525738433202108,1.509772203564644,0,0,0,0,0,2,0,0.0,0.0,0.0,0.0,0,2,0,0.0,0.0,0.0,0.0,0,0,0,0.0,0.0,0.0,0,0,0,0.0,0.0,0.0,0,0
Visual Genome,2384583,18,0,12,0,1,0,2,0,2,1,0,0,2,0.0139303269997981,0.0071517979999953,0.0061432319998857,0.0272259619998749,0.6069163719813029,0.6006027087569237,0,0,0,0,0,1,0,0.0,0.0,0.0,0.0,0,1,0,0.0,0.0,0.0,0.0,0,0,0,0.0,0.0,0.0,0,0,0,0.0,0.0,0.0,0,0
Visual Genome,2384873,21,2,29,0,3,12,6,12,18,10,0,0,6,0.0128973219998442,0.0071457909998571,0.0061221800001476,0.0261659579998649,2.293894689431352,2.0871550885345163,0,0,0,0,0,3,2,0.0,0.0,0.0,0.6239795399151861,0,3,2,0.0,0.0,0.0,0.6239795399151861,0,0,0,0.0,0.0,0.0,0,0,0,0.0,0.0,0.0,0,0
Visual Genome,2384897,18,0,22,0,4,24,8,24,32,17,0,0,8,0.0148873559999174,0.0087407250000524,0.0082111939998412,0.0318400339999698,3.808010106481235,3.810245533582688,0,0,0,0,0,4,0,0.0,0.0,0.0,0.0,0,4,0,0.0,0.0,0.0,0.0,0,0,0,0.0,0.0,0.0,0,0,0,0.0,0.0,0.0,0,0
Visual Genome,2385235,25,0,33,0,0,0,0,0,0,0,0,0,1,0.0125989529999515,0.0049528690001352,0.0047672289999809,0.0223199619999832,,,0,0,0,0,0,0,0,0.0,0.0,0.0,0.0,0,0,0,0.0,0.0,0.0,0.0,0,0,0,0.0,0.0,0.0,0,0,0,0.0,0.0,0.0,0,0
Visual Genome,2385443,5,0,12,0,3,12,6,12,18,10,0,0,6,0.0139441169999372,0.0073036150001826,0.0061402399999224,0.0273886239999683,2.750568981170655,2.73567868590355,0,0,0,0,0,3,0,0.0,0.0,0.0,0.0,0,3,0,0.0,0.0,0.0,0.0,0,0,0,0.0,0.0,0.0,0,0,0,0.0,0.0,0.0,0,0
Visual Genome,2386236,9,0,26,0,3,8,6,8,14,10,0,0,6,0.0130993550001221,0.0067861959998936,0.006277849000071,0.026164036999944,2.203212458743578,1.968742509587532,0,0,0,0,0,3,0,0.0,0.0,0.0,0.0,0,3,0,0.0,0.0,0.0,0.0,0,0,0,0.0,0.0,0.0,0,0,0,0.0,0.0,0.0,0,0
Visual Genome,2386409,21,0,18,0,1,0,2,0,2,1,0,0,2,0.014296553000122,0.0063636459999543,0.0052748890000202,0.0259356080000543,0.621640960375468,0.6214011898636818,0,0,0,0,0,1,0,0.0,0.0,0.0,0.0,0,1,0,0.0,0.0,0.0,0.0,0,0,0,0.0,0.0,0.0,0,0,0,0.0,0.0,0.0,0,0
Visual Genome,2386658,24,0,18,0,1,0,2,0,2,1,0,0,2,0.0132602490000408,0.006285551000019,0.0059868030000416,0.0255332199999429,0.6265020291010539,0.628267449438572,0,0,0,0,0,1,0,0.0,0.0,0.0,0.0,0,1,0,0.0,0.0,0.0,0.0,0,0,0,0.0,0.0,0.0,0,0,0,0.0,0.0,0.0,0,0
Visual Genome,2386697,22,0,37,0,1,0,2,0,2,1,0,0,2,0.0121146080000471,0.0062148619999788,0.0056854590000057,0.024015855000016,0.6049474636713663,0.5978216257691383,0,0,0,0,0,1,0,0.0,0.0,0.0,0.0,0,1,0,0.0,0.0,0.0,0.0,0,0,0,0.0,0.0,0.0,0,0,0,0.0,0.0,0.0,0,0
Visual Genome,2387359,44,0,38,0,8,110,16,110,126,65,0,0,16,0.0145904380001411,0.0118794479999451,0.0113084590000198,0.0377790590000586,6.594341915448509,6.205174622237685,0,0,0,0,0,8,0,0.0,0.0,0.0,0.0,0,8,0,0.0,0.0,0.0,0.0,0,0,0,0.0,0.0,0.0,0,0,0,0.0,0.0,0.0,0,0
Visual Genome,2387380,30,0,36,0,1,0,2,0,2,1,0,0,2,0.0144849610001074,0.0073187890000099,0.0057208640000681,0.0275252339999951,0.6316531340281168,0.6355433851480485,0,0,0,0,0,1,0,0.0,0.0,0.0,0.0,0,1,0,0.0,0.0,0.0,0.0,0,0,0,0.0,0.0,0.0,0,0,0,0.0,0.0,0.0,0,0
Visual Genome,2387453,11,1,4,0,10,170,20,170,190,101,0,0,20,0.0148624099999779,0.0150412360001155,0.0144031730001188,0.0443074649999744,8.792570515245602,8.4811092329228,0,0,0,0,1,9,0,0.1,1.0,0.1818181818181818,0.9271578025397303,1,9,0,0.1,1.0,0.1818181818181818,0.9271578025397303,0,0,0,0.0,0.0,0.0,0,0,0,0.0,0.0,0.0,0,0
Visual Genome,2387511,27,2,13,0,1,0,2,0,2,1,0,0,2,0.0129237470000589,0.0062098400001104,0.0056710510000357,0.0248053860000254,0.6414102474848429,0.649325307905674,0,0,0,0,1,0,1,1.0,0.5,0.6666666666666666,0.9480294866598884,1,0,1,1.0,0.5,0.6666666666666666,0.9480294866598884,0,0,0,0.0,0.0,0.0,0,0,0,0.0,0.0,0.0,0,0
Visual Genome,2388051,21,2,14,0,3,8,6,8,14,10,0,0,6,0.0153087230000892,0.0077051779999237,0.0065366300000277,0.0295510999999351,2.4113866223118774,2.259505112292575,0,0,0,0,2,1,0,0.6666666666666666,1.0,0.8,0.6772746660054639,2,1,0,0.6666666666666666,1.0,0.8,0.6772746660054639,0,0,0,0.0,0.0,0.0,0,0,0,0.0,0.0,0.0,0,0
Visual Genome,2388069,25,1,27,0,3,10,6,10,16,10,0,0,6,0.0123906740000165,0.0077656869998463,0.0067702230001032,0.0269272280002041,2.4880364966392525,2.364851551502944,0,0,0,0,0,3,1,0.0,0.0,0.0,0.0,0,3,1,0.0,0.0,0.0,0.0,0,0,0,0.0,0.0,0.0,0,0,0,0.0,0.0,0.0,0,0
Visual Genome,2388190,11,2,9,0,5,38,10,38,48,26,0,0,10,0.0154373709999617,0.0093186460001106,0.0081570209999881,0.032913647999976,4.101579666932425,3.817147946208717,0,0,0,0,1,4,1,0.2,0.5,0.2857142857142857,0.9104290135329718,1,4,1,0.2,0.5,0.2857142857142857,0.9104290135329718,0,0,0,0.0,0.0,0.0,0,0,0,0.0,0.0,0.0,0,0
Visual Genome,2388367,19,1,11,0,5,43,10,43,53,26,0,0,10,0.0155874639999638,0.0087168770000971,0.0075766390000353,0.0318815580001228,4.118728143534977,3.8068688181657775,0,0,0,0,1,4,0,0.2,1.0,0.3333333333333333,0.8776213506291872,1,4,0,0.2,1.0,0.3333333333333333,0.8776213506291872,0,0,0,0.0,0.0,0.0,0,0,0,0.0,0.0,0.0,0,0
Visual Genome,2388946,18,2,13,0,4,21,8,21,29,17,0,0,8,0.0142083709999951,0.0075363879998349,0.0073625279999305,0.0291078969999034,3.33158811012904,3.1512015388906014,0,0,0,0,2,2,0,0.5,1.0,0.6666666666666666,0.6703326216018306,2,2,0,0.5,1.0,0.6666666666666666,0.6703326216018306,0,0,0,0.0,0.0,0.0,0,0,0,0.0,0.0,0.0,0,0
Visual Genome,2389025,2,0,1,0,30,1671,60,1671,1731,901,0,0,60,0.0231263530001797,0.0840250840001317,0.0819425450001745,0.1890951920001953,24.15779378574524,22.24759983476434,0,0,0,0,0,30,0,0.0,0.0,0.0,0.0,0,30,0,0.0,0.0,0.0,0.0,0,0,0,0.0,0.0,0.0,0,0,0,0.0,0.0,0.0,0,0
Visual Genome,2389145,36,6,38,1,8,108,16,108,124,65,0,0,16,0.0142302689998814,0.0124049610001293,0.0119327169998086,0.0385685569999623,6.644140249093375,6.27551476851106,0,0,0,0,4,4,2,0.5,0.6666666666666666,0.5714285714285715,0.7307540873696319,4,4,2,0.5,0.6666666666666666,0.5714285714285715,0.7307540873696319,0,2,1,0.0,0.0,0.0,0,2,1,0.0,0.0,0.0,0,0
Visual Genome,2389222,14,0,6,0,2,4,4,4,8,5,0,0,4,0.0138064910001958,0.006446852999943,0.0058035819999986,0.026057522000201,1.5069041045506797,1.4831687143445018,0,0,0,0,0,2,0,0.0,0.0,0.0,0.0,0,2,0,0.0,0.0,0.0,0.0,0,0,0,0.0,0.0,0.0,0,0,0,0.0,0.0,0.0,0,0
Visual Genome,2389596,21,0,26,0,2,6,4,6,10,5,0,0,4,0.0140334830000483,0.0066656799999691,0.0062770229999387,0.0269767949998822,1.568364408810934,1.5699813941121104,0,0,0,0,0,2,0,0.0,0.0,0.0,0.0,0,2,0,0.0,0.0,0.0,0.0,0,0,0,0.0,0.0,0.0,0,0,0,0.0,0.0,0.0,0,0
Visual Genome,2390045,12,1,7,0,4,23,8,23,31,17,0,0,8,0.0136598419999245,0.0090254379999805,0.011374435999869,0.0340609429999858,3.42941322485606,3.2563795134425177,0,0,0,0,1,3,0,0.25,1.0,0.4,0.9443840321725908,1,3,0,0.25,1.0,0.4,0.9443840321725908,0,0,0,0.0,0.0,0.0,0,0,0,0.0,0.0,0.0,0,0
Visual Genome,2390293,23,1,14,0,2,4,4,4,8,5,0,0,4,0.0176767799998742,0.007724502999963,0.0061593249999987,0.0315614849998837,1.5290918620427454,1.5145089218020442,0,0,0,0,1,1,0,0.5,1.0,0.6666666666666666,0.9538427338742848,1,1,0,0.5,1.0,0.6666666666666666,0.9538427338742848,0,0,0,0.0,0.0,0.0,0,0,0,0.0,0.0,0.0,0,0
Visual Genome,2390699,27,2,2,0,8,102,16,102,118,65,0,0,16,0.0130421030000889,0.0114518899999893,0.0109494949999771,0.0354440680000607,7.278147247246076,7.153989604921311,0,0,0,0,2,6,0,0.25,1.0,0.4,0.9170420031123248,2,6,0,0.25,1.0,0.4,0.9170420031123248,0,0,0,0.0,0.0,0.0,0,0,0,0.0,0.0,0.0,0,0
Visual Genome,2391028,29,0,16,0,3,14,6,14,20,10,0,0,6,0.013904383999943,0.0068747450000046,0.0066372649998811,0.0274170319999029,2.417169711589814,2.248252217620612,0,0,0,0,0,3,0,0.0,0.0,0.0,0.0,0,3,0,0.0,0.0,0.0,0.0,0,0,0,0.0,0.0,0.0,0,0,0,0.0,0.0,0.0,0,0
Visual Genome,2391050,12,1,2,0,14,306,28,306,334,197,0,0,28,0.0155902639999112,0.0219425830000545,0.0205496860000948,0.0580832250000185,11.533840050951405,10.81063544025596,0,0,0,0,1,13,0,0.0714285714285714,1.0,0.1333333333333333,0.7493429973622909,1,13,0,0.0714285714285714,1.0,0.1333333333333333,0.7493429973622909,0,0,0,0.0,0.0,0.0,0,0,0,0.0,0.0,0.0,0,0
Visual Genome,2392484,4,0,13,0,4,20,8,20,28,17,0,0,8,0.0129804089999652,0.0093298570000115,0.0082042520000413,0.0305152339999494,3.5964749112637744,3.5363377090207635,0,0,0,0,0,4,0,0.0,0.0,0.0,0.0,0,4,0,0.0,0.0,0.0,0.0,0,0,0,0.0,0.0,0.0,0,0,0,0.0,0.0,0.0,0,0
Visual Genome,2392623,14,0,20,0,2,2,4,2,6,5,0,0,4,0.0119567930000812,0.0061098190001303,0.0059310179999556,0.0239983080000456,1.3860303290685017,1.3289345064759253,0,0,0,0,0,2,0,0.0,0.0,0.0,0.0,0,2,0,0.0,0.0,0.0,0.0,0,0,0,0.0,0.0,0.0,0,0,0,0.0,0.0,0.0,0,0
Visual Genome,2393640,14,0,27,0,1,0,2,0,2,1,0,0,2,0.0125541169998086,0.0062752999999702,0.0056195140000454,0.0244495889999143,0.5941985766092936,0.5826388227939605,0,0,0,0,0,1,0,0.0,0.0,0.0,0.0,0,1,0,0.0,0.0,0.0,0.0,0,0,0,0.0,0.0,0.0,0,0,0,0.0,0.0,0.0,0,0
Visual Genome,2393968,39,1,79,0,1,0,2,0,2,1,0,0,2,0.0141892369999823,0.0059302359998127,0.0054078489999938,0.0255278759998418,0.4512953917185465,0.3807880741357803,0,0,0,0,0,1,1,0.0,0.0,0.0,0.0,0,1,1,0.0,0.0,0.0,0.0,0,0,0,0.0,0.0,0.0,0,0,0,0.0,0.0,0.0,0,0
Visual Genome,2394145,40,1,44,0,2,4,4,4,8,5,0,0,4,0.0136737880000055,0.0064272869999513,0.0062332519999017,0.0263350139998692,1.4575288565953577,1.4134261766076093,0,0,0,0,0,2,1,0.0,0.0,0.0,0.0,0,2,1,0.0,0.0,0.0,0.0,0,0,0,0.0,0.0,0.0,0,0,0,0.0,0.0,0.0,0,0
Visual Genome,2394523,16,0,28,0,1,0,2,0,2,1,0,0,2,0.012623344000076,0.0063182730000335,0.0057595279999986,0.0247016560001611,0.6502946535746257,0.6618745315074921,0,0,0,0,0,1,0,0.0,0.0,0.0,0.0,0,1,0,0.0,0.0,0.0,0.0,0,0,0,0.0,0.0,0.0,0,0,0,0.0,0.0,0.0,0,0
Visual Genome,2395092,29,3,48,0,8,100,16,100,116,65,0,0,16,0.0146924290002061,0.011893389999841,0.0110712379998858,0.0376577200001975,6.918275621732079,6.637980982363228,0,0,0,0,2,6,1,0.25,0.6666666666666666,0.3636363636363636,0.7754447371587372,2,6,1,0.25,0.6666666666666666,0.3636363636363636,0.7754447371587372,0,0,0,0.0,0.0,0.0,0,0,0,0.0,0.0,0.0,0,0
Visual Genome,2395198,10,0,20,0,0,0,0,0,0,0,0,0,1,0.0122677719998591,0.0056217720000404,0.004499209999949,0.0223893749998751,,,0,0,0,0,0,0,0,0.0,0.0,0.0,0.0,0,0,0,0.0,0.0,0.0,0.0,0,0,0,0.0,0.0,0.0,0,0,0,0.0,0.0,0.0,0,0
Visual Genome,2395697,6,0,4,0,4,21,8,21,29,17,0,0,8,0.0148062329999447,0.00793263200012,0.0074691980000807,0.0302087089999076,3.6482866921911934,3.6046215336412497,0,0,0,0,0,4,0,0.0,0.0,0.0,0.0,0,4,0,0.0,0.0,0.0,0.0,0,0,0,0.0,0.0,0.0,0,0,0,0.0,0.0,0.0,0,0
Visual Genome,2395770,16,0,8,0,2,4,4,4,8,5,0,0,4,0.0148551760000827,0.0071370880000358,0.0063317369999822,0.0283248020000428,1.370866456826528,1.2910155369341374,0,0,0,0,0,2,0,0.0,0.0,0.0,0.0,0,2,0,0.0,0.0,0.0,0.0,0,0,0,0.0,0.0,0.0,0,0,0,0.0,0.0,0.0,0,0
Visual Genome,2395864,23,0,15,0,3,10,6,10,16,10,0,0,6,0.0142041819999576,0.0072039020001284,0.0064621710000665,0.027870928999846,2.708591074943543,2.6763848933577545,0,0,0,0,0,3,0,0.0,0.0,0.0,0.0,0,3,0,0.0,0.0,0.0,0.0,0,0,0,0.0,0.0,0.0,0,0,0,0.0,0.0,0.0,0,0
Visual Genome,2396008,21,0,21,0,3,10,6,10,16,10,0,0,6,0.0151838839999527,0.0067927459999737,0.0059200329999384,0.0278972969999813,2.278009399491381,2.0808816600023023,0,0,0,0,0,3,0,0.0,0.0,0.0,0.0,0,3,0,0.0,0.0,0.0,0.0,0,0,0,0.0,0.0,0.0,0,0,0,0.0,0.0,0.0,0,0
Visual Genome,2396300,49,2,59,1,2,4,4,4,8,5,0,0,4,0.0132490409998808,0.0063785710001411,0.0059049419999155,0.0255330989998583,1.3467780621846517,1.2569906795024872,0,0,0,0,1,1,1,0.5,0.5,0.5,0.9101042150971752,1,1,1,0.5,0.5,0.5,0.9101042150971752,0,0,1,0.0,0.0,0.0,0,0,1,0.0,0.0,0.0,0,0
Visual Genome,2396794,12,0,17,0,0,0,0,0,0,0,0,0,1,0.0108368139999583,0.0047115039999425,0.0045419919999858,0.0200911970000561,,,0,0,0,0,0,0,0,0.0,0.0,0.0,0.0,0,0,0,0.0,0.0,0.0,0.0,0,0,0,0.0,0.0,0.0,0,0,0,0.0,0.0,0.0,0,0
Visual Genome,2397054,31,0,58,0,11,204,22,204,226,122,0,0,22,0.0155098350001026,0.0172344840000278,0.0146967160001167,0.0474416560000463,9.240498074039678,8.712959171379469,0,0,0,0,0,11,0,0.0,0.0,0.0,0.0,0,11,0,0.0,0.0,0.0,0.0,0,0,0,0.0,0.0,0.0,0,0,0,0.0,0.0,0.0,0,0
Visual Genome,2397354,5,2,1,0,2,2,4,2,6,5,0,0,4,0.0134762660002252,0.0065176250000149,0.0053151940001043,0.025309634000223,1.4537658103307087,1.4246108737587928,0,0,0,0,1,1,1,0.5,0.5,0.5,0.875618698865749,1,1,1,0.5,0.5,0.5,0.875618698865749,0,0,0,0.0,0.0,0.0,0,0,0,0.0,0.0,0.0,0,0
Visual Genome,2397355,26,1,34,0,2,4,4,4,8,5,0,0,4,0.0134152160001121,0.0064202329999716,0.0058645169999635,0.0257006190001902,1.4436279328664146,1.393791121840477,0,0,0,0,0,2,1,0.0,0.0,0.0,0.0,0,2,1,0.0,0.0,0.0,0.0,0,0,0,0.0,0.0,0.0,0,0,0,0.0,0.0,0.0,0,0
Visual Genome,2397722,20,0,14,0,2,4,4,4,8,5,0,0,4,0.0127408680000371,0.006088451000096,0.005952662999789,0.0247826689999328,1.4130027087529502,1.3505329927802086,0,0,0,0,0,2,0,0.0,0.0,0.0,0.0,0,2,0,0.0,0.0,0.0,0.0,0,0,0,0.0,0.0,0.0,0,0,0,0.0,0.0,0.0,0,0
Visual Genome,2397905,27,2,24,0,7,73,14,73,87,50,0,0,14,0.0141258890000699,0.0101840150000498,0.0100762489998942,0.0343868810000458,5.3801194016138725,4.878751988112929,0,0,0,0,1,6,1,0.1428571428571428,0.5,0.2222222222222222,0.7842495849588886,1,6,1,0.1428571428571428,0.5,0.2222222222222222,0.7842495849588886,0,0,0,0.0,0.0,0.0,0,0,0,0.0,0.0,0.0,0,0
Visual Genome,2398185,19,0,20,0,1,0,2,0,2,1,0,0,2,0.0115490030000273,0.0061677159999362,0.0054258789998584,0.023143162999986,0.5982215801874797,0.5883213153481484,0,0,0,0,0,1,0,0.0,0.0,0.0,0.0,0,1,0,0.0,0.0,0.0,0.0,0,0,0,0.0,0.0,0.0,0,0,0,0.0,0.0,0.0,0,0
Visual Genome,2398459,23,0,37,0,2,2,4,2,6,5,0,0,4,0.0139720590000251,0.0067990269999427,0.0060689599999932,0.0268407989999559,1.493108738263448,1.4801827594637869,0,0,0,0,0,2,0,0.0,0.0,0.0,0.0,0,2,0,0.0,0.0,0.0,0.0,0,0,0,0.0,0.0,0.0,0,0,0,0.0,0.0,0.0,0,0
Visual Genome,2398695,17,1,41,1,1,0,2,0,2,1,0,0,2,0.0164157579999937,0.0066800189999867,0.0066106640001635,0.0297070929998426,0.5396812121073404,0.5056330454349518,0,0,0,0,1,0,0,1.0,1.0,1.0,0.7770374389683273,1,0,0,1.0,1.0,1.0,0.7770374389683273,0,0,1,0.0,0.0,0.0,0,0,1,0.0,0.0,0.0,0,0
Visual Genome,2398805,15,0,23,0,8,102,16,102,118,65,0,0,16,0.0141322110000601,0.0112096979999023,0.0149603889999525,0.0403029880001213,7.061337226231895,6.8648054987192175,0,0,0,0,0,8,0,0.0,0.0,0.0,0.0,0,8,0,0.0,0.0,0.0,0.0,0,0,0,0.0,0.0,0.0,0,0,0,0.0,0.0,0.0,0,0
Visual Genome,2399024,26,1,17,0,22,831,44,831,875,485,0,0,44,0.0250786039998729,0.0472515169999496,0.0448268149998511,0.1171577630000229,18.27439448394796,17.19198284847955,0,0,0,0,1,21,0,0.0454545454545454,1.0,0.0869565217391304,0.8973843619759786,1,21,0,0.0454545454545454,1.0,0.0869565217391304,0.8973843619759786,0,0,0,0.0,0.0,0.0,0,0,0,0.0,0.0,0.0,0,0
Visual Genome,2399108,20,0,7,0,1,0,2,0,2,1,0,0,2,0.0134221020000495,0.0063007900000684,0.0059858859999621,0.0257094000000961,0.6203032414118449,0.6195116618275642,0,0,0,0,0,1,0,0.0,0.0,0.0,0.0,0,1,0,0.0,0.0,0.0,0.0,0,0,0,0.0,0.0,0.0,0,0,0,0.0,0.0,0.0,0,0
Visual Genome,2400148,20,0,8,0,9,125,18,125,143,82,0,0,18,0.0145243619999746,0.0136550580000402,0.0121879490000083,0.040368097000055,8.294997451252923,8.205223825223431,0,0,0,0,0,9,0,0.0,0.0,0.0,0.0,0,9,0,0.0,0.0,0.0,0.0,0,0,0,0.0,0.0,0.0,0,0,0,0.0,0.0,0.0,0,0
Visual Genome,2400255,4,1,19,0,4,28,8,28,36,17,0,0,8,0.0142453389998991,0.0085051380001459,0.0082730950000495,0.0310242779999043,3.305890827225632,3.091900968796994,0,0,0,0,1,3,0,0.25,1.0,0.4,0.6457312321875482,1,3,0,0.25,1.0,0.4,0.6457312321875482,0,0,0,0.0,0.0,0.0,0,0,0,0.0,0.0,0.0,0,0
Visual Genome,2400322,31,0,22,0,22,865,44,865,909,485,0,0,44,0.0171479699999963,0.045120130999976,0.0431292370001301,0.1053981860000021,18.59547027588406,17.582607929910417,0,0,0,0,0,22,0,0.0,0.0,0.0,0.0,0,22,0,0.0,0.0,0.0,0.0,0,0,0,0.0,0.0,0.0,0,0,0,0.0,0.0,0.0,0,0
Visual Genome,2400544,21,3,20,0,5,32,10,32,42,26,0,0,10,0.0134161729999959,0.0080223809998187,0.0073013989999708,0.0287405429999125,4.470992966492972,4.37194423183799,0,0,0,0,2,3,1,0.4,0.6666666666666666,0.5,0.8723738729911115,2,3,1,0.4,0.6666666666666666,0.5,0.8723738729911115,0,0,0,0.0,0.0,0.0,0,0,0,0.0,0.0,0.0,0,0
Visual Genome,2400777,5,1,12,0,1,0,2,0,2,1,0,0,2,0.0131735530001151,0.006135501000017,0.0055905340000208,0.0249001649999627,0.6353842417399089,0.6408135747909547,0,0,0,0,0,1,1,0.0,0.0,0.0,0.0,0,1,1,0.0,0.0,0.0,0.0,0,0,0,0.0,0.0,0.0,0,0,0,0.0,0.0,0.0,0,0
Visual Genome,2401046,46,2,42,0,18,548,36,548,584,325,0,0,36,0.0162079050001011,0.0313766249998934,0.0304254610000498,0.0780107870000392,13.874926178956422,12.58538124432603,0,0,0,0,1,17,1,0.0555555555555555,0.5,0.0999999999999999,0.9239373094023102,1,17,1,0.0555555555555555,0.5,0.0999999999999999,0.9239373094023102,0,0,0,0.0,0.0,0.0,0,0,0,0.0,0.0,0.0,0,0
Visual Genome,2401262,22,1,22,0,9,138,18,138,156,82,0,0,18,0.0145655459998579,0.0128185890000622,0.0123229990001618,0.0397078129999499,7.668294130928528,7.323073025263558,0,0,0,0,1,8,0,0.1111111111111111,1.0,0.1999999999999999,0.942720337968296,1,8,0,0.1111111111111111,1.0,0.1999999999999999,0.942720337968296,0,0,0,0.0,0.0,0.0,0,0,0,0.0,0.0,0.0,0,0
Visual Genome,2401768,9,0,23,0,2,4,4,4,8,5,0,0,4,0.0127989239999806,0.0069730260001961,0.0058528079998723,0.0256254790001548,1.3502222569783533,1.2618556046485905,0,0,0,0,0,2,0,0.0,0.0,0.0,0.0,0,2,0,0.0,0.0,0.0,0.0,0,0,0,0.0,0.0,0.0,0,0,0,0.0,0.0,0.0,0,0
Visual Genome,2401798,34,2,4,0,3,10,6,10,16,10,0,0,6,0.0128139710000141,0.0067629870000018,0.0060353690000738,0.0256131140001798,2.583794279098511,2.500109419226647,0,0,0,0,2,1,0,0.6666666666666666,1.0,0.8,0.8678119118329747,2,1,0,0.6666666666666666,1.0,0.8,0.8678119118329747,0,0,0,0.0,0.0,0.0,0,0,0,0.0,0.0,0.0,0,0
Visual Genome,2401971,32,4,45,0,6,56,12,56,68,37,0,0,12,0.0142643800002133,0.0094961499999044,0.0088732240001263,0.0326344370000697,5.115656957626344,4.836115452647211,0,0,0,0,4,2,0,0.6666666666666666,1.0,0.8,0.8601086458341748,4,2,0,0.6666666666666666,1.0,0.8,0.8601086458341748,0,0,0,0.0,0.0,0.0,0,0,0,0.0,0.0,0.0,0,0
Visual Genome,2402222,27,1,38,0,2,4,4,4,8,5,0,0,4,0.0126534939997782,0.0064198689999557,0.0055332670001462,0.0246072349998485,1.5336725505193076,1.5209791442751888,0,0,0,0,1,1,0,0.5,1.0,0.6666666666666666,0.9359897706916648,1,1,0,0.5,1.0,0.6666666666666666,0.9359897706916648,0,0,0,0.0,0.0,0.0,0,0,0,0.0,0.0,0.0,0,0
Visual Genome,2402373,7,0,29,0,1,0,2,0,2,1,0,0,2,0.0146203790000072,0.0068602789999658,0.0060175409998919,0.0274989089998598,0.489576784769694,0.4348605418205261,0,0,0,0,0,1,0,0.0,0.0,0.0,0.0,0,1,0,0.0,0.0,0.0,0.0,0,0,0,0.0,0.0,0.0,0,0,0,0.0,0.0,0.0,0,0
Visual Genome,2402873,39,3,25,0,11,215,22,215,237,122,0,0,22,0.013797489999888,0.0163972390000708,0.0152815940000436,0.0454770819999339,8.464797582427636,7.657268319328601,0,0,0,0,0,11,3,0.0,0.0,0.0,0.9558202062645345,0,11,3,0.0,0.0,0.0,0.9558202062645345,0,0,0,0.0,0.0,0.0,0,0,0,0.0,0.0,0.0,0,0
Visual Genome,2403106,23,0,13,0,3,10,6,10,16,10,0,0,6,0.0130102820000956,0.0067290849999608,0.0060649039999134,0.0258049410001603,2.818073363304139,2.831028625667096,0,0,0,0,0,3,0,0.0,0.0,0.0,0.0,0,3,0,0.0,0.0,0.0,0.0,0,0,0,0.0,0.0,0.0,0,0,0,0.0,0.0,0.0,0,0
Visual Genome,2404039,4,0,5,0,2,2,4,2,6,5,0,0,4,0.0127945829999589,0.0065622709998933,0.0056524849999277,0.0250100420000762,1.461364544232686,1.435344085395336,0,0,0,0,0,2,0,0.0,0.0,0.0,0.0,0,2,0,0.0,0.0,0.0,0.0,0,0,0,0.0,0.0,0.0,0,0,0,0.0,0.0,0.0,0,0
Visual Genome,2404251,28,0,20,0,1,0,2,0,2,1,0,0,2,0.0142554130000007,0.0065317880000748,0.0063090850001117,0.0270969029998013,0.5107000748316447,0.4646971890330315,0,0,0,0,0,1,0,0.0,0.0,0.0,0.0,0,1,0,0.0,0.0,0.0,0.0,0,0,0,0.0,0.0,0.0,0,0,0,0.0,0.0,0.0,0,0
Visual Genome,2404690,31,3,38,0,16,489,32,489,521,257,0,0,32,0.0163244969999141,0.0301843530000951,0.0299601809999785,0.0764700639999773,13.2588149486631,12.38918881378073,0,0,0,0,2,14,1,0.125,0.6666666666666666,0.2105263157894736,0.9338007442961844,2,14,1,0.125,0.6666666666666666,0.2105263157894736,0.9338007442961844,0,0,0,0.0,0.0,0.0,0,0,0,0.0,0.0,0.0,0,0
Visual Genome,2404756,29,1,47,0,3,11,6,11,17,10,0,0,6,0.0141574509998463,0.0073036030000821,0.0061654690000523,0.0276271889999861,2.442570649502429,2.2727196640946,0,0,0,0,1,2,0,0.3333333333333333,1.0,0.5,0.7481921766613737,1,2,0,0.3333333333333333,1.0,0.5,0.7481921766613737,0,0,0,0.0,0.0,0.0,0,0,0,0.0,0.0,0.0,0,0
Visual Genome,2405144,21,2,11,0,2,4,4,4,8,5,0,0,4,0.0154115489999639,0.0067086359999848,0.005941754999867,0.0280626109999957,1.3742481861103837,1.3032978330641254,0,0,0,0,2,0,0,1.0,1.0,1.0,0.8773534433126005,2,0,0,1.0,1.0,1.0,0.8773534433126005,0,0,0,0.0,0.0,0.0,0,0,0,0.0,0.0,0.0,0,0
Visual Genome,2405594,30,1,23,0,2,5,4,5,9,5,0,0,4,0.0131447929998103,0.0069128210000144,0.0059615800000756,0.026019819999874,1.4896100412836293,1.4490404814512154,0,0,0,0,1,1,0,0.5,1.0,0.6666666666666666,0.7742761072596874,1,1,0,0.5,1.0,0.6666666666666666,0.7742761072596874,0,0,0,0.0,0.0,0.0,0,0,0,0.0,0.0,0.0,0,0
Visual Genome,2406302,25,0,35,0,2,4,4,4,8,5,0,0,4,0.0132144619999508,0.0080926499999804,0.0059012119997987,0.0272090030000526,1.4831474097569783,1.449612382948399,0,0,0,0,0,2,0,0.0,0.0,0.0,0.0,0,2,0,0.0,0.0,0.0,0.0,0,0,0,0.0,0.0,0.0,0,0,0,0.0,0.0,0.0,0,0
Visual Genome,2406726,20,2,24,0,4,22,8,22,30,17,0,0,8,0.013028935000193,0.0077928709999923,0.0071539630000643,0.0279768160000912,3.156122263206112,2.891243950161405,0,0,0,0,2,2,0,0.5,1.0,0.6666666666666666,0.9023003408029155,2,2,0,0.5,1.0,0.6666666666666666,0.9023003408029155,0,0,0,0.0,0.0,0.0,0,0,0,0.0,0.0,0.0,0,0
Visual Genome,2406748,30,2,44,0,14,366,28,366,394,197,0,0,28,0.0152972640000825,0.0226348359999519,0.0225084900000638,0.0604413559999557,11.514042719842497,10.78299035404275,0,0,0,0,1,13,1,0.0714285714285714,0.5,0.125,0.8133780807099547,1,13,1,0.0714285714285714,0.5,0.125,0.8133780807099547,0,0,0,0.0,0.0,0.0,0,0,0,0.0,0.0,0.0,0,0
Visual Genome,2406990,31,1,35,0,5,36,10,36,46,26,0,0,10,0.0161600740000267,0.0085010999998758,0.0075814540000465,0.0322433149999596,4.745133100102756,4.740879893651022,0,0,0,0,1,4,0,0.2,1.0,0.3333333333333333,0.9024504293007054,1,4,0,0.2,1.0,0.3333333333333333,0.9024504293007054,0,0,0,0.0,0.0,0.0,0,0,0,0.0,0.0,0.0,0,0
Visual Genome,2407062,30,1,32,0,23,916,46,916,962,530,0,0,46,0.0162473390000741,0.0476781630000004,0.0452106549998916,0.1091370189999452,18.025241370405677,16.447640628224526,0,0,0,0,1,22,0,0.0434782608695652,1.0,0.0833333333333333,0.8661688244416784,1,22,0,0.0434782608695652,1.0,0.0833333333333333,0.8661688244416784,0,0,0,0.0,0.0,0.0,0,0,0,0.0,0.0,0.0,0,0
Visual Genome,2407236,16,2,12,0,2,4,4,4,8,5,0,0,4,0.0138884349998988,0.006450961000155,0.0058314230000178,0.0261714279999978,1.5551517041524252,1.5513184487819671,0,0,0,0,2,0,0,1.0,1.0,1.0,0.9494661353579216,2,0,0,1.0,1.0,1.0,0.9494661353579216,0,0,0,0.0,0.0,0.0,0,0,0,0.0,0.0,0.0,0,0
Visual Genome,2407380,11,0,26,0,3,7,6,7,13,10,0,0,6,0.0146264549998704,0.0072930559999804,0.00649774600015,0.0284179839998159,2.508938230782152,2.387195775418878,0,0,0,0,0,3,0,0.0,0.0,0.0,0.0,0,3,0,0.0,0.0,0.0,0.0,0,0,0,0.0,0.0,0.0,0,0,0,0.0,0.0,0.0,0,0
Visual Genome,2407567,19,0,14,0,1,0,2,0,2,1,0,0,2,0.0127888930001063,0.0065688170000157,0.0056648459999451,0.0250231030001941,0.6292114655176799,0.6320945283770562,0,0,0,0,0,1,0,0.0,0.0,0.0,0.0,0,1,0,0.0,0.0,0.0,0.0,0,0,0,0.0,0.0,0.0,0,0,0,0.0,0.0,0.0,0,0
Visual Genome,2407743,27,2,33,0,3,8,6,8,14,10,0,0,6,0.0118067830001109,0.0071805289999247,0.0057998830000087,0.0247877330000392,2.442365727424621,2.283841589987278,0,0,0,0,0,3,2,0.0,0.0,0.0,0.0,0,3,2,0.0,0.0,0.0,0.0,0,0,0,0.0,0.0,0.0,0,0,0,0.0,0.0,0.0,0,0
Visual Genome,2408419,27,1,19,0,5,39,10,39,49,26,0,0,10,0.0136482400000659,0.0090605600000799,0.0086640639999586,0.0313736779999089,4.040960276921591,3.752148057818414,0,0,0,0,1,4,0,0.2,1.0,0.3333333333333333,0.970457938079778,1,4,0,0.2,1.0,0.3333333333333333,0.970457938079778,0,0,0,0.0,0.0,0.0,0,0,0,0.0,0.0,0.0,0,0
Visual Genome,2408537,35,1,21,0,15,394,30,394,424,226,0,0,30,0.0154544479999003,0.0248837149999872,0.0230951300000015,0.0634341489999315,12.888601599974466,12.31170787070496,0,0,0,0,0,15,1,0.0,0.0,0.0,0.0,0,15,1,0.0,0.0,0.0,0.0,0,0,0,0.0,0.0,0.0,0,0,0,0.0,0.0,0.0,0,0
Visual Genome,2408545,16,0,25,0,1,0,2,0,2,1,0,0,2,0.0145654699999795,0.0065108640001199,0.0053545250000297,0.0264314559999547,0.6002487579981486,0.5911847040057183,0,0,0,0,0,1,0,0.0,0.0,0.0,0.0,0,1,0,0.0,0.0,0.0,0.0,0,0,0,0.0,0.0,0.0,0,0,0,0.0,0.0,0.0,0,0
Visual Genome,2408628,31,1,50,0,6,60,12,60,72,37,0,0,12,0.0141875709998657,0.0093767410000964,0.0087019200000213,0.032267013999899,4.897065429911257,4.556634934023263,0,0,0,0,0,6,1,0.0,0.0,0.0,0.0,0,6,1,0.0,0.0,0.0,0.0,0,0,0,0.0,0.0,0.0,0,0,0,0.0,0.0,0.0,0,0
Visual Genome,2408655,20,1,6,0,7,85,14,85,99,50,0,0,14,0.0134677660000761,0.0112171739999666,0.0105406070001663,0.0352263600000242,5.800433538789759,5.449565558865875,0,0,0,0,0,7,1,0.0,0.0,0.0,0.0,0,7,1,0.0,0.0,0.0,0.0,0,0,0,0.0,0.0,0.0,0,0,0,0.0,0.0,0.0,0,0
Visual Genome,2408732,19,1,44,0,2,4,4,4,8,5,0,0,4,0.0127551860000494,0.0061950720000822,0.0057142670000303,0.0246650399999452,1.419661405881246,1.3599384024739267,0,0,0,0,1,1,0,0.5,1.0,0.6666666666666666,0.8821846285887227,1,1,0,0.5,1.0,0.6666666666666666,0.8821846285887227,0,0,0,0.0,0.0,0.0,0,0,0,0.0,0.0,0.0,0,0
Visual Genome,2408931,39,1,59,0,1,0,2,0,2,1,0,0,2,0.014133609000055,0.0062526189999516,0.0054342360001555,0.0258210990000407,0.6423979679743449,0.6507204630970955,0,0,0,0,0,1,1,0.0,0.0,0.0,0.0,0,1,1,0.0,0.0,0.0,0.0,0,0,0,0.0,0.0,0.0,0,0,0,0.0,0.0,0.0,0,0
Visual Genome,2409452,26,0,24,0,10,136,20,136,156,101,0,0,20,0.0151226739999401,0.0133847939998759,0.0141153699998994,0.0426237940000646,8.047873969281305,7.471634457960317,0,0,0,0,0,10,0,0.0,0.0,0.0,0.0,0,10,0,0.0,0.0,0.0,0.0,0,0,0,0.0,0.0,0.0,0,0,0,0.0,0.0,0.0,0,0
Visual Genome,2409552,27,5,17,0,7,76,14,76,90,50,0,0,14,0.0147722869999142,0.0116268689998833,0.0112427779999961,0.037642698999889,5.931086124706074,5.655492561586504,0,0,0,0,3,4,2,0.4285714285714285,0.6,0.5,0.7082774649445575,3,4,2,0.4285714285714285,0.6,0.5,0.7082774649445575,0,0,0,0.0,0.0,0.0,0,0,0,0.0,0.0,0.0,0,0
Visual Genome,2410121,31,0,40,0,2,4,4,4,8,5,0,0,4,0.012076990999958,0.006708073000027,0.0054771909999544,0.0242628199998762,1.3871429642041524,1.301631103605032,0,0,0,0,0,2,0,0.0,0.0,0.0,0.0,0,2,0,0.0,0.0,0.0,0.0,0,0,0,0.0,0.0,0.0,0,0,0,0.0,0.0,0.0,0,0
Visual Genome,2410242,39,4,40,0,7,80,14,80,94,50,0,0,14,0.0135045859999536,0.0104328249999525,0.0100445439998111,0.0339825579999342,6.262166463534039,6.1122684630751625,0,0,0,0,3,4,1,0.4285714285714285,0.75,0.5454545454545454,0.839101703017035,3,4,1,0.4285714285714285,0.75,0.5454545454545454,0.839101703017035,0,0,0,0.0,0.0,0.0,0,0,0,0.0,0.0,0.0,0,0
Visual Genome,2410715,5,1,16,0,4,22,8,22,30,17,0,0,8,0.0150001689999044,0.0081860669999969,0.0076692300001468,0.0308560449998367,3.731633731524151,3.716265979111196,0,0,0,0,1,3,0,0.25,1.0,0.4,0.9671789551050196,1,3,0,0.25,1.0,0.4,0.9671789551050196,0,0,0,0.0,0.0,0.0,0,0,0,0.0,0.0,0.0,0,0
Visual Genome,2410992,28,0,35,0,2,2,4,2,6,5,0,0,4,0.0148705770000105,0.0065070449998074,0.0053762600000482,0.0267544299999826,1.5153093942006426,1.5115411859750747,0,0,0,0,0,2,0,0.0,0.0,0.0,0.0,0,2,0,0.0,0.0,0.0,0.0,0,0,0,0.0,0.0,0.0,0,0,0,0.0,0.0,0.0,0,0
Visual Genome,2411122,34,2,56,0,1,0,2,0,2,1,0,0,2,0.0130313509998813,0.0070392280001669,0.0067497860000003,0.0268211479999536,0.5525416294733683,0.5237983849644661,0,0,0,0,1,0,1,1.0,0.5,0.6666666666666666,0.630330861091809,1,0,1,1.0,0.5,0.6666666666666666,0.630330861091809,0,0,0,0.0,0.0,0.0,0,0,0,0.0,0.0,0.0,0,0
Visual Genome,2411532,8,0,29,0,9,122,18,122,140,82,0,0,18,0.0150143619998743,0.0129780120000759,0.0120327749998523,0.0400257409999085,7.504488491633528,7.089748741605871,0,0,0,0,0,9,0,0.0,0.0,0.0,0.0,0,9,0,0.0,0.0,0.0,0.0,0,0,0,0.0,0.0,0.0,0,0,0,0.0,0.0,0.0,0,0
Visual Genome,2411908,15,1,27,0,1,0,2,0,2,1,0,0,2,0.0141676600001119,0.0062317959998381,0.0056797249999362,0.026079860999971,0.642204229036967,0.6504468068480492,0,0,0,0,1,0,0,1.0,1.0,1.0,0.9608458973954536,1,0,0,1.0,1.0,1.0,0.9608458973954536,0,0,0,0.0,0.0,0.0,0,0,0,0.0,0.0,0.0,0,0
Visual Genome,2412143,55,2,43,0,4,24,8,24,32,17,0,0,8,0.0143360480001319,0.0077355630000965,0.0071968990000641,0.029269154000076,3.356655975977581,3.186609899401666,0,0,0,0,2,2,0,0.5,1.0,0.6666666666666666,0.8469842025893768,2,2,0,0.5,1.0,0.6666666666666666,0.8469842025893768,0,0,0,0.0,0.0,0.0,0,0,0,0.0,0.0,0.0,0,0
Visual Genome,2412219,34,1,33,0,5,30,10,30,40,26,0,0,10,0.0145546749999994,0.0084416340000643,0.0071188229999279,0.0301157870001134,4.405107673009238,4.278881254792215,0,0,0,0,1,4,0,0.2,1.0,0.3333333333333333,0.8820503150859047,1,4,0,0.2,1.0,0.3333333333333333,0.8820503150859047,0,0,0,0.0,0.0,0.0,0,0,0,0.0,0.0,0.0,0,0
Visual Genome,2412631,29,3,30,0,5,37,10,37,47,26,0,0,10,0.0148450100000445,0.0085940260000825,0.0076960789999702,0.0311357789998965,4.503901959260306,4.406053184121848,0,0,0,0,2,3,1,0.4,0.6666666666666666,0.5,0.912155100869197,2,3,1,0.4,0.6666666666666666,0.5,0.912155100869197,0,0,0,0.0,0.0,0.0,0,0,0,0.0,0.0,0.0,0,0
Visual Genome,2412879,25,0,25,0,2,3,4,3,7,5,0,0,4,0.0139359829997829,0.0062134059999152,0.0055468049999944,0.0256968749999941,1.4947562774022418,1.4536349084973337,0,0,0,0,0,2,0,0.0,0.0,0.0,0.0,0,2,0,0.0,0.0,0.0,0.0,0,0,0,0.0,0.0,0.0,0,0,0,0.0,0.0,0.0,0,0
Visual Genome,2413066,37,0,31,0,2,5,4,5,9,5,0,0,4,0.0153472839999722,0.0067643920001501,0.0059486340001058,0.0280609110000114,1.3560215871992018,1.2584305288356847,0,0,0,0,0,2,0,0.0,0.0,0.0,0.0,0,2,0,0.0,0.0,0.0,0.0,0,0,0,0.0,0.0,0.0,0,0,0,0.0,0.0,0.0,0,0
Visual Genome,2413140,13,1,14,0,2,4,4,4,8,5,0,0,4,0.0133666149999953,0.0067632870000124,0.0058135470001161,0.0259441160001188,1.459373715718587,1.4160320401191715,0,0,0,0,1,1,0,0.5,1.0,0.6666666666666666,0.8901616155326365,1,1,0,0.5,1.0,0.6666666666666666,0.8901616155326365,0,0,0,0.0,0.0,0.0,0,0,0,0.0,0.0,0.0,0,0
Visual Genome,2413274,34,1,28,0,4,22,8,22,30,17,0,0,8,0.0129945329999827,0.0083627999999862,0.007725579999942,0.029083546000038,3.321154281298321,3.1364637556672106,0,0,0,0,1,3,0,0.25,1.0,0.4,0.8967022095641637,1,3,0,0.25,1.0,0.4,0.8967022095641637,0,0,0,0.0,0.0,0.0,0,0,0,0.0,0.0,0.0,0,0
Visual Genome,2413603,16,1,16,0,5,38,10,38,48,26,0,0,10,0.0138499780000529,0.0085363590001179,0.008367489999955,0.0307545370001207,4.397551484902701,4.268208139091732,0,0,0,0,0,5,1,0.0,0.0,0.0,0.0,0,5,1,0.0,0.0,0.0,0.0,0,0,0,0.0,0.0,0.0,0,0,0,0.0,0.0,0.0,0,0
Visual Genome,2413953,7,4,8,0,7,66,14,66,80,50,0,0,14,0.015270528999963,0.0103355589999409,0.0101628669999627,0.0357697409999673,5.266627854506177,4.718445177823307,0,0,0,0,4,3,0,0.5714285714285714,1.0,0.7272727272727273,0.8085047412779596,4,3,0,0.5714285714285714,1.0,0.7272727272727273,0.8085047412779596,0,0,0,0.0,0.0,0.0,0,0,0,0.0,0.0,0.0,0,0
Visual Genome,2413992,26,0,6,0,1,0,2,0,2,1,0,0,2,0.0119748909999088,0.0060496259998217,0.0053367259999959,0.023361856000065,0.543680230776469,0.5112816593050957,0,0,0,0,0,1,0,0.0,0.0,0.0,0.0,0,1,0,0.0,0.0,0.0,0.0,0,0,0,0.0,0.0,0.0,0,0,0,0.0,0.0,0.0,0,0
Visual Genome,2414643,14,0,7,0,2,4,4,4,8,5,0,0,4,0.0136076129999764,0.0069745390001116,0.0061130429999138,0.0266958090001026,1.532726958592733,1.5196434956789018,0,0,0,0,0,2,0,0.0,0.0,0.0,0.0,0,2,0,0.0,0.0,0.0,0.0,0,0,0,0.0,0.0,0.0,0,0,0,0.0,0.0,0.0,0,0
Visual Genome,2415055,46,2,43,0,8,98,16,98,114,65,0,0,16,0.0147709830000621,0.0119923490001383,0.0113382399999864,0.0381021190000865,6.279128987901172,5.742407527777315,0,0,0,0,1,7,1,0.125,0.5,0.2,0.557149229280185,1,7,1,0.125,0.5,0.2,0.557149229280185,0,0,0,0.0,0.0,0.0,0,0,0,0.0,0.0,0.0,0,0
Visual Genome,2415419,15,0,5,0,9,140,18,140,158,82,0,0,18,0.0157968399998935,0.0139494739999008,0.012186869000061,0.0419338509998397,7.450962399538001,6.999980699415646,0,0,0,0,0,9,0,0.0,0.0,0.0,0.0,0,9,0,0.0,0.0,0.0,0.0,0,0,0,0.0,0.0,0.0,0,0,0,0.0,0.0,0.0,0,0
Visual Genome,2416071,9,1,5,0,5,39,10,39,49,26,0,0,10,0.0150180720002026,0.0081337999999959,0.0073698569999578,0.0305223140001089,4.012446459134421,3.724247290194037,0,0,0,0,1,4,0,0.2,1.0,0.3333333333333333,0.7982703011336538,1,4,0,0.2,1.0,0.3333333333333333,0.7982703011336538,0,0,0,0.0,0.0,0.0,0,0,0,0.0,0.0,0.0,0,0
Visual Genome,2416171,17,1,15,0,4,23,8,23,31,17,0,0,8,0.0153930150001997,0.0079786339999827,0.0069871999999122,0.03035944200019,3.09087217728297,2.8111902837455287,0,0,0,0,1,3,0,0.25,1.0,0.4,0.8929215026214226,1,3,0,0.25,1.0,0.4,0.8929215026214226,0,0,0,0.0,0.0,0.0,0,0,0,0.0,0.0,0.0,0,0
Visual Genome,2416250,19,0,8,0,6,63,12,63,75,37,0,0,12,0.015511042000071,0.0108944419998806,0.0100222479998137,0.0364283530000193,4.70527717224619,4.1775949174847335,0,0,0,0,0,6,0,0.0,0.0,0.0,0.0,0,6,0,0.0,0.0,0.0,0.0,0,0,0,0.0,0.0,0.0,0,0,0,0.0,0.0,0.0,0,0
Visual Genome,2416319,10,0,4,0,7,83,14,83,97,50,0,0,14,0.0138048289998096,0.0105491210001673,0.0099363280000943,0.0342909139999392,6.0701398436228455,5.853405862450601,0,0,0,0,0,7,0,0.0,0.0,0.0,0.0,0,7,0,0.0,0.0,0.0,0.0,0,0,0,0.0,0.0,0.0,0,0,0,0.0,0.0,0.0,0,0
Visual Genome,2417304,16,0,20,0,6,62,12,62,74,37,0,0,12,0.0142136029999164,0.0095590199998696,0.0086007070001414,0.0323740809999435,5.0823016708423605,4.839154756449651,0,0,0,0,0,6,0,0.0,0.0,0.0,0.0,0,6,0,0.0,0.0,0.0,0.0,0,0,0,0.0,0.0,0.0,0,0,0,0.0,0.0,0.0,0,0
Open Images,0071f62f5d703904,10,0,5,0,8,116,16,116,132,65,0,0,16,0.0276837880001039,0.0114435670000148,0.0111555579999276,0.0502835509998931,7.365867845222358,7.281084098274513,0,0,0,0,0,8,0,0.0,0.0,0.0,0.0,0,8,0,0.0,0.0,0.0,0.0,0,0,0,0.0,0.0,0.0,0,0,0,0.0,0.0,0.0,0,0
Open Images,00e0a53e14bf2447,8,0,2,0,5,39,10,39,49,26,0,0,10,0.0178633030000128,0.0071211540000604,0.0072078549999332,0.0321929280000858,4.249485548337302,4.059065003693106,0,0,0,0,0,5,0,0.0,0.0,0.0,0.0,0,5,0,0.0,0.0,0.0,0.0,0,0,0,0.0,0.0,0.0,0,0,0,0.0,0.0,0.0,0,0
Open Images,01bf00da5f94e942,37,3,25,0,6,30,12,30,42,37,0,0,12,0.0214915839999321,0.0072537670000656,0.0073146099998666,0.0360605200000918,5.236993865966794,5.164253835678099,0,0,0,0,0,6,3,0.0,0.0,0.0,0.0,0,6,3,0.0,0.0,0.0,0.0,0,0,0,0.0,0.0,0.0,0,0,0,0.0,0.0,0.0,0,0
Open Images,020c7b8e6d605069,12,0,1,0,0,0,0,0,0,0,0,0,1,0.0152841439999065,0.0040105809998749,0.0037476840000181,0.0230432070000006,,,0,0,0,0,0,0,0,0.0,0.0,0.0,0.0,0,0,0,0.0,0.0,0.0,0.0,0,0,0,0.0,0.0,0.0,0,0,0,0.0,0.0,0.0,0,0
Open Images,0319faa662ff5d06,34,0,2,0,3,6,6,6,12,10,0,0,6,0.017235896999864,0.0058187320000797,0.0061797190001016,0.0292349189999185,2.498656966686249,2.4128529654443263,0,0,0,0,0,3,0,0.0,0.0,0.0,0.0,0,3,0,0.0,0.0,0.0,0.0,0,0,0,0.0,0.0,0.0,0,0,0,0.0,0.0,0.0,0,0
Open Images,060091417ccafbcf,5,0,1,0,2,4,4,4,8,5,0,0,4,0.0170255909999923,0.0055896439998832,0.0053913140000076,0.0280071269999098,1.1579282434781393,0.9902403105795384,0,0,0,0,0,2,0,0.0,0.0,0.0,0.0,0,2,0,0.0,0.0,0.0,0.0,0,0,0,0.0,0.0,0.0,0,0,0,0.0,0.0,0.0,0,0
Open Images,0649557c211985bd,23,3,2,0,7,79,14,79,93,50,0,0,14,0.0180240420002064,0.0105864330000713,0.0104735900001742,0.0390847380001559,5.687061622041179,5.280612966366324,0,0,0,0,3,4,0,0.4285714285714285,1.0,0.6,0.8290115739859113,3,4,0,0.4285714285714285,1.0,0.6,0.8290115739859113,0,0,0,0.0,0.0,0.0,0,0,0,0.0,0.0,0.0,0,0
Open Images,078fd57f81047cf3,28,2,4,0,8,98,16,98,114,65,0,0,16,0.0194160390001343,0.0113195070000529,0.0107894069999474,0.0415255320001506,6.81192744334539,6.512514180392029,0,0,0,0,2,6,0,0.25,1.0,0.4,0.8740967205181647,2,6,0,0.25,1.0,0.4,0.8740967205181647,0,0,0,0.0,0.0,0.0,0,0,0,0.0,0.0,0.0,0,0
Open Images,07c216b2baad22e7,24,0,10,0,7,70,14,70,84,50,0,0,14,0.0195106450000821,0.0107883680000213,0.0102109920001112,0.0405106109999451,5.55357746521632,5.123761502951385,0,0,0,0,0,7,0,0.0,0.0,0.0,0.0,0,7,0,0.0,0.0,0.0,0.0,0,0,0,0.0,0.0,0.0,0,0,0,0.0,0.0,0.0,0,0
Open Images,09625dc24eb205b4,41,0,1,0,11,180,22,180,202,122,0,0,22,0.0224617400001534,0.0174788780000199,0.0147558090000075,0.0546970750001492,8.504947454137442,7.722169711493291,0,0,0,0,0,11,0,0.0,0.0,0.0,0.0,0,11,0,0.0,0.0,0.0,0.0,0,0,0,0.0,0.0,0.0,0,0,0,0.0,0.0,0.0,0,0
Open Images,09e617d9d3120b32,15,1,2,0,3,11,6,11,17,10,0,0,6,0.0234375810000528,0.0067507940000268,0.006341680000105,0.0365306529999998,2.555898795701812,2.4553874324041103,0,0,0,0,0,3,1,0.0,0.0,0.0,0.0,0,3,1,0.0,0.0,0.0,0.0,0,0,0,0.0,0.0,0.0,0,0,0,0.0,0.0,0.0,0,0
Open Images,0a02c648d24f39fb,12,0,1,0,1,0,2,0,2,1,0,0,2,0.0172325829998953,0.0055123810000168,0.0056300999999621,0.0283755509999537,0.5674958149592082,0.5449211719632149,0,0,0,0,0,1,0,0.0,0.0,0.0,0.0,0,1,0,0.0,0.0,0.0,0.0,0,0,0,0.0,0.0,0.0,0,0,0,0.0,0.0,0.0,0,0
Open Images,0d16c88ec322340f,19,0,1,0,4,24,8,24,32,17,0,0,8,0.0233550039999954,0.0076179200000296,0.0072345949999998,0.0382082139999511,3.359286042849224,3.190324868857862,0,0,0,0,0,4,0,0.0,0.0,0.0,0.0,0,4,0,0.0,0.0,0.0,0.0,0,0,0,0.0,0.0,0.0,0,0,0,0.0,0.0,0.0,0,0
Open Images,0dce9e80f546efc6,19,1,1,0,3,12,6,12,18,10,0,0,6,0.0185446959999353,0.0062831410000399,0.006229385999859,0.03105781499994,2.530522892475129,2.408363585621119,0,0,0,0,1,2,0,0.3333333333333333,1.0,0.5,0.7046153732685831,1,2,0,0.3333333333333333,1.0,0.5,0.7046153732685831,0,0,0,0.0,0.0,0.0,0,0,0,0.0,0.0,0.0,0,0
Open Images,0e481ee0c6655eb1,3,0,2,0,2,4,4,4,8,5,0,0,4,0.0160956330000772,0.0053846280000016,0.0055645840000124,0.0270454540000173,1.449170013173388,1.3895607734262612,0,0,0,0,0,2,0,0.0,0.0,0.0,0.0,0,2,0,0.0,0.0,0.0,0.0,0,0,0,0.0,0.0,0.0,0,0,0,0.0,0.0,0.0,0,0
Open Images,0ff8dd7e1d0f6010,4,1,3,0,2,2,4,2,6,5,0,0,4,0.0169690299999274,0.005416046999926,0.0053137929999138,0.0276994470000317,1.4677614720662435,1.4278797459602357,0,0,0,0,1,1,0,0.5,1.0,0.6666666666666666,0.9869070773309072,1,1,0,0.5,1.0,0.6666666666666666,0.9869070773309072,0,0,0,0.0,0.0,0.0,0,0,0,0.0,0.0,0.0,0,0
Open Images,106c8de22ed8d1d4,18,7,8,0,10,175,20,175,195,101,0,0,20,0.0210540640000544,0.0148712210000212,0.0147023319998425,0.0506283310000981,8.362076700452132,7.865820752703312,0,0,0,0,5,5,2,0.5,0.7142857142857143,0.588235294117647,0.8323545091694653,5,5,2,0.5,0.7142857142857143,0.588235294117647,0.8323545091694653,0,0,0,0.0,0.0,0.0,0,0,0,0.0,0.0,0.0,0,0
Open Images,10cae64b8b77b511,13,0,2,0,2,2,4,2,6,5,0,0,4,0.0190114319998428,0.0058436049998817,0.0057718540001587,0.0306275240000104,1.3695692308743794,1.3056832052767275,0,0,0,0,0,2,0,0.0,0.0,0.0,0.0,0,2,0,0.0,0.0,0.0,0.0,0,0,0,0.0,0.0,0.0,0,0,0,0.0,0.0,0.0,0,0
Open Images,115150a6ba4eb0ca,16,1,3,0,1,0,2,0,2,1,0,0,2,0.0150959960001273,0.0054769050000231,0.0049282459999631,0.0255017160000079,0.6326337973276774,0.6369285720586777,0,0,0,0,0,1,1,0.0,0.0,0.0,0.0,0,1,1,0.0,0.0,0.0,0.0,0,0,0,0.0,0.0,0.0,0,0,0,0.0,0.0,0.0,0,0
Open Images,116cb9c709ca88e7,4,0,1,0,2,4,4,4,8,5,0,0,4,0.0155032190000383,0.0058502589999989,0.0057193249999727,0.0270734450000418,1.1918768471474044,1.0502439739798102,0,0,0,0,0,2,0,0.0,0.0,0.0,0.0,0,2,0,0.0,0.0,0.0,0.0,0,0,0,0.0,0.0,0.0,0,0,0,0.0,0.0,0.0,0,0
Open Images,1220e474e709cdf1,2,1,1,0,2,6,4,6,10,5,0,0,4,0.0186939509999319,0.0055067340001642,0.0055504449999261,0.0297517120000065,1.13924939233598,0.962945033744344,0,0,0,0,0,2,1,0.0,0.0,0.0,0.5293717936907415,0,2,1,0.0,0.0,0.0,0.5293717936907415,0,0,0,0.0,0.0,0.0,0,0,0,0.0,0.0,0.0,0,0
Open Images,122259cbb3d91b12,13,0,3,0,2,6,4,6,10,5,0,0,4,0.0201310090001243,0.0053749989999687,0.0054424930001459,0.0309491020000223,1.409488442738851,1.3455690920352938,0,0,0,0,0,2,0,0.0,0.0,0.0,0.0,0,2,0,0.0,0.0,0.0,0.0,0,0,0,0.0,0.0,0.0,0,0,0,0.0,0.0,0.0,0,0
Open Images,1313a4add388424c,12,1,2,0,1,0,2,0,2,1,0,0,2,0.0340160180001021,0.0054153549999682,0.0049452089999704,0.0443770660001519,0.5470439116160075,0.5160328584909439,0,0,0,0,0,1,1,0.0,0.0,0.0,0.0,0,1,1,0.0,0.0,0.0,0.0,0,0,0,0.0,0.0,0.0,0,0,0,0.0,0.0,0.0,0,0
Open Images,135deaa5afb21894,13,0,1,0,0,0,0,0,0,0,0,0,1,0.0167937700000493,0.0041497919999073,0.0037126709999029,0.0246566959999654,,,0,0,0,0,0,0,0,0.0,0.0,0.0,0.0,0,0,0,0.0,0.0,0.0,0.0,0,0,0,0.0,0.0,0.0,0,0,0,0.0,0.0,0.0,0,0
Open Images,13d93884b48bc28c,15,1,2,0,2,4,4,4,8,5,0,0,4,0.0176134939999883,0.0055042000001321,0.0055592779999642,0.0286775590000161,1.5140567334493005,1.4932718026638034,0,0,0,0,1,1,0,0.5,1.0,0.6666666666666666,0.9686775280588596,1,1,0,0.5,1.0,0.6666666666666666,0.9686775280588596,0,0,0,0.0,0.0,0.0,0,0,0,0.0,0.0,0.0,0,0
Open Images,13ffeb4fec0d2c49,14,1,3,0,2,3,4,3,7,5,0,0,4,0.0172735940000166,0.00540501699993,0.0054280729998481,0.0281072640000275,1.539178613026937,1.5287564575672152,0,0,0,0,1,1,0,0.5,1.0,0.6666666666666666,0.6660247313233517,1,1,0,0.5,1.0,0.6666666666666666,0.6660247313233517,0,0,0,0.0,0.0,0.0,0,0,0,0.0,0.0,0.0,0,0
Open Images,141d8961e111ead7,60,0,9,0,21,783,42,783,825,442,0,0,42,0.021147318000203,0.0418204190000324,0.0413923119999708,0.104360779000217,17.93371315256689,17.02448463172648,0,0,0,0,0,21,0,0.0,0.0,0.0,0.0,0,21,0,0.0,0.0,0.0,0.0,0,0,0,0.0,0.0,0.0,0,0,0,0.0,0.0,0.0,0,0
Open Images,146316cdeb2aef2a,38,2,4,0,15,407,30,407,437,226,0,0,30,0.0213211149998642,0.0241044609999789,0.0235826430000543,0.0690088359999663,12.385170756350687,11.608887651930978,0,0,0,0,2,13,0,0.1333333333333333,1.0,0.2352941176470588,0.9291522064053678,2,13,0,0.1333333333333333,1.0,0.2352941176470588,0.9291522064053678,0,0,0,0.0,0.0,0.0,0,0,0,0.0,0.0,0.0,0,0
Open Images,1654c86093ada840,9,1,2,0,8,109,16,109,125,65,0,0,16,0.0170207009998648,0.0104925130001447,0.0111167210000076,0.0386305489998903,6.3666421351983065,5.87199365816056,0,0,0,0,1,7,0,0.125,1.0,0.2222222222222222,0.8307949200990739,1,7,0,0.125,1.0,0.2222222222222222,0.8307949200990739,0,0,0,0.0,0.0,0.0,0,0,0,0.0,0.0,0.0,0,0
Open Images,169795b5dffa3dc6,45,4,2,0,10,173,20,173,193,101,0,0,20,0.0184452619998864,0.0138974569999845,0.0134665660000337,0.0458100809998995,8.755984160049106,8.466610951665386,0,0,0,0,2,8,2,0.2,0.5,0.2857142857142857,0.958175805994731,2,8,2,0.2,0.5,0.2857142857142857,0.958175805994731,0,0,0,0.0,0.0,0.0,0,0,0,0.0,0.0,0.0,0,0
Open Images,18f5b21c06c6f3d1,15,1,8,0,4,27,8,27,35,17,0,0,8,0.0179180869999981,0.0080028669999592,0.0079646169999705,0.0338863510000919,3.282915440410872,3.0437392025793577,0,0,0,0,0,4,1,0.0,0.0,0.0,0.6140335437478744,0,4,1,0.0,0.0,0.0,0.6140335437478744,0,0,0,0.0,0.0,0.0,0,0,0,0.0,0.0,0.0,0,0
Open Images,19aa926f2f7d9782,7,1,1,0,4,25,8,25,33,17,0,0,8,0.0237641910000547,0.007014503999926,0.0071124389999113,0.0378917850000561,3.4991718260447198,3.387913537621499,0,0,0,0,1,3,0,0.25,1.0,0.4,0.91919677256155,1,3,0,0.25,1.0,0.4,0.91919677256155,0,0,0,0.0,0.0,0.0,0,0,0,0.0,0.0,0.0,0,0
Open Images,1ad1b75ba69177b3,2,0,1,0,0,0,0,0,0,0,0,0,1,0.0182403140001952,0.004526111999894,0.0046585490001689,0.0274254830001154,,,0,0,0,0,0,0,0,0.0,0.0,0.0,0.0,0,0,0,0.0,0.0,0.0,0.0,0,0,0,0.0,0.0,0.0,0,0,0,0.0,0.0,0.0,0,0
Open Images,1b02d463464d45f3,5,1,1,0,3,10,6,10,16,10,0,0,6,0.0155901440000434,0.0062892500000089,0.0061701800000264,0.0280503000001317,2.492304286956788,2.354379805326462,0,0,0,0,0,3,1,0.0,0.0,0.0,0.0,0,3,1,0.0,0.0,0.0,0.0,0,0,0,0.0,0.0,0.0,0,0,0,0.0,0.0,0.0,0,0
Open Images,1b75ec99a2b81fa6,6,2,2,0,2,4,4,4,8,5,0,0,4,0.0160384050000175,0.0055469049998464,0.0054981079999834,0.0270840270000007,1.270775082906087,1.149636471271515,0,0,0,0,1,1,1,0.5,0.5,0.5,0.9420698098033362,1,1,1,0.5,0.5,0.5,0.9420698098033362,0,0,0,0.0,0.0,0.0,0,0,0,0.0,0.0,0.0,0,0
Open Images,1b8c4e46421a0a9f,13,1,1,0,2,2,4,2,6,5,0,0,4,0.017174309999973,0.0058751210001446,0.0057783820000167,0.0288283900001715,1.530704811414083,1.5167872127890591,0,0,0,0,0,2,1,0.0,0.0,0.0,0.0,0,2,1,0.0,0.0,0.0,0.0,0,0,0,0.0,0.0,0.0,0,0,0,0.0,0.0,0.0,0,0
Open Images,1bde6aa77c1a45fb,29,25,4,0,20,693,40,693,733,401,0,0,40,0.0203408029999536,0.0376560830000016,0.0361815589999423,0.0941791319999083,16.502481374196076,15.458400379570186,0,0,0,0,13,7,12,0.65,0.52,0.5777777777777778,0.8325844373758025,13,7,12,0.65,0.52,0.5777777777777778,0.8325844373758025,0,0,0,0.0,0.0,0.0,0,0,0,0.0,0.0,0.0,0,0
Open Images,1c1a752a8b9553f7,21,0,1,0,5,40,10,40,50,26,0,0,10,0.0218098170000757,0.0076007679999747,0.0076358439998784,0.0370470160000877,4.330292781194053,4.173205220103265,0,0,0,0,0,5,0,0.0,0.0,0.0,0.0,0,5,0,0.0,0.0,0.0,0.0,0,0,0,0.0,0.0,0.0,0,0,0,0.0,0.0,0.0,0,0
Open Images,1d6468e90f600660,5,0,2,0,1,0,2,0,2,1,0,0,2,0.0153594010000688,0.0054044959999828,0.0053553939999346,0.0261197820000234,0.4880836645762125,0.4327515095472336,0,0,0,0,0,1,0,0.0,0.0,0.0,0.0,0,1,0,0.0,0.0,0.0,0.0,0,0,0,0.0,0.0,0.0,0,0,0,0.0,0.0,0.0,0,0
Open Images,1d8766876ad7362a,6,1,1,0,1,0,2,0,2,1,0,0,2,0.0185181300000749,0.0057061249999605,0.0056508479999592,0.0298755829999208,0.5012473980585734,0.4513452830910682,0,0,0,0,1,0,0,1.0,1.0,1.0,0.9733708221357734,1,0,0,1.0,1.0,1.0,0.9733708221357734,0,0,0,0.0,0.0,0.0,0,0,0,0.0,0.0,0.0,0,0
Open Images,1e7b2a58768e328c,10,0,2,0,1,0,2,0,2,1,0,0,2,0.0138479270001425,0.0055359020000196,0.0055150529999536,0.0248994690000472,0.6336860577265422,0.6384148898720742,0,0,0,0,0,1,0,0.0,0.0,0.0,0.0,0,1,0,0.0,0.0,0.0,0.0,0,0,0,0.0,0.0,0.0,0,0,0,0.0,0.0,0.0,0,0
Open Images,1f05d514448663fc,7,0,1,0,4,28,8,28,36,17,0,0,8,0.0167396470001222,0.0074563139999099,0.0065619619999779,0.0307585650000419,3.275505005518596,3.0142341536283497,0,0,0,0,0,4,0,0.0,0.0,0.0,0.0,0,4,0,0.0,0.0,0.0,0.0,0,0,0,0.0,0.0,0.0,0,0,0,0.0,0.0,0.0,0,0
Open Images,1f6c156f2cb2d4f2,9,0,2,0,1,0,2,0,2,1,0,0,2,0.018952340999931,0.0056058959999063,0.005359670999951,0.0299185540000053,0.4944753090540568,0.4417797073721886,0,0,0,0,0,1,0,0.0,0.0,0.0,0.0,0,1,0,0.0,0.0,0.0,0.0,0,0,0,0.0,0.0,0.0,0,0,0,0.0,0.0,0.0,0,0
Open Images,1f7c30f0c24fda91,15,0,4,0,4,20,8,20,28,17,0,0,8,0.0184714150000218,0.0071824319998086,0.0073207500001899,0.0329752039999675,3.398326382584655,3.235353204456253,0,0,0,0,0,4,0,0.0,0.0,0.0,0.0,0,4,0,0.0,0.0,0.0,0.0,0,0,0,0.0,0.0,0.0,0,0,0,0.0,0.0,0.0,0,0
Open Images,1fe277f5abfc7d74,14,0,4,0,1,0,2,0,2,1,0,0,2,0.0142263949999232,0.0058787709999705,0.004993517999992,0.025099210999997,0.5522892634073893,0.5234419178962708,0,0,0,0,0,1,0,0.0,0.0,0.0,0.0,0,1,0,0.0,0.0,0.0,0.0,0,0,0,0.0,0.0,0.0,0,0,0,0.0,0.0,0.0,0,0
Open Images,2198847783e240e7,3,0,2,0,1,0,2,0,2,1,0,0,2,0.0200829580001027,0.0052723080000305,0.0052449290001277,0.0306006890000389,0.6498980919520061,0.6613143882155419,0,0,0,0,0,1,0,0.0,0.0,0.0,0.0,0,1,0,0.0,0.0,0.0,0.0,0,0,0,0.0,0.0,0.0,0,0,0,0.0,0.0,0.0,0,0
Open Images,231a40bf7aa6ddb9,24,0,3,0,2,2,4,2,6,5,0,0,4,0.0194649830000344,0.005846191000046,0.00540514599993,0.0307169659999999,1.5168820269902543,1.5137625297904014,0,0,0,0,0,2,0,0.0,0.0,0.0,0.0,0,2,0,0.0,0.0,0.0,0.0,0,0,0,0.0,0.0,0.0,0,0,0,0.0,0.0,0.0,0,0
Open Images,23282811e70b4df7,14,0,4,0,2,4,4,4,8,5,0,0,4,0.016202020000037,0.0065317569999479,0.0055886099999042,0.0283229760000267,1.2759353407224017,1.1734253354370594,0,0,0,0,0,2,0,0.0,0.0,0.0,0.0,0,2,0,0.0,0.0,0.0,0.0,0,0,0,0.0,0.0,0.0,0,0,0,0.0,0.0,0.0,0,0
Open Images,24ecee17e7b53fab,21,0,2,0,4,22,8,22,30,17,0,0,8,0.0199277299998357,0.0073445810000976,0.007315945000073,0.0345888879999165,3.726051446596783,3.708381001651288,0,0,0,0,0,4,0,0.0,0.0,0.0,0.0,0,4,0,0.0,0.0,0.0,0.0,0,0,0,0.0,0.0,0.0,0,0,0,0.0,0.0,0.0,0,0
Open Images,25ce96bd10afe1b0,46,1,9,0,8,101,16,101,117,65,0,0,16,0.0182311319999826,0.0123086539999803,0.011385797999992,0.0419263510000291,6.805458134015404,6.503376280963423,0,0,0,0,1,7,0,0.125,1.0,0.2222222222222222,0.7878359443574888,1,7,0,0.125,1.0,0.2222222222222222,0.7878359443574888,0,0,0,0.0,0.0,0.0,0,0,0,0.0,0.0,0.0,0,0
Open Images,26d3e6efda2035c0,20,0,2,0,1,0,2,0,2,1,0,0,2,0.0161509439999463,0.0055386239998824,0.0059809770000356,0.0276711009998962,0.6185739676157633,0.6170690625905991,0,0,0,0,0,1,0,0.0,0.0,0.0,0.0,0,1,0,0.0,0.0,0.0,0.0,0,0,0,0.0,0.0,0.0,0,0,0,0.0,0.0,0.0,0,0
Open Images,2722015316635d05,15,1,1,0,2,4,4,4,8,5,0,0,4,0.0214532599998165,0.005541901000015,0.0058410780000031,0.0328368239997871,1.5091525204976397,1.5028446018695831,0,0,0,0,1,1,0,0.5,1.0,0.6666666666666666,0.9277365489355252,1,1,0,0.5,1.0,0.6666666666666666,0.9277365489355252,0,0,0,0.0,0.0,0.0,0,0,0,0.0,0.0,0.0,0,0
Open Images,286de7c921469cec,6,0,2,0,6,61,12,61,73,37,0,0,12,0.0189364389998445,0.009523561999913,0.0085756539999692,0.0370363509998696,4.841648862885429,4.395342135356857,0,0,0,0,0,6,0,0.0,0.0,0.0,0.0,0,6,0,0.0,0.0,0.0,0.0,0,0,0,0.0,0.0,0.0,0,0,0,0.0,0.0,0.0,0,0
Open Images,2bded1f9cb587843,6,0,1,0,2,3,4,3,7,5,0,0,4,0.0202785699998457,0.0058313050001288,0.0054466439999032,0.0315571109999837,1.4189045079549152,1.3753692841529843,0,0,0,0,0,2,0,0.0,0.0,0.0,0.0,0,2,0,0.0,0.0,0.0,0.0,0,0,0,0.0,0.0,0.0,0,0,0,0.0,0.0,0.0,0,0
Open Images,2ce0d48f1957670e,3,0,1,0,2,2,4,2,6,5,0,0,4,0.0163433230000009,0.0054842389999976,0.0059472089999417,0.0277754139999615,1.112633851369222,0.9262619817256929,0,0,0,0,0,2,0,0.0,0.0,0.0,0.0,0,2,0,0.0,0.0,0.0,0.0,0,0,0,0.0,0.0,0.0,0,0,0,0.0,0.0,0.0,0,0
Open Images,2dab4bf641b91d2a,20,1,2,0,4,18,8,18,26,17,0,0,8,0.0161044680000941,0.0073439830000552,0.0065814460001547,0.0300304280001455,3.3153839008013417,3.1159380932152283,0,0,0,0,1,3,0,0.25,1.0,0.4,0.9404980766693048,1,3,0,0.25,1.0,0.4,0.9404980766693048,0,0,0,0.0,0.0,0.0,0,0,0,0.0,0.0,0.0,0,0
Open Images,2e08a3701ae74310,14,3,1,0,4,18,8,18,26,17,0,0,8,0.0174166720000812,0.0084692289999566,0.0074959179999041,0.0333828400000584,3.572542351881664,3.5080494053661835,0,0,0,0,3,1,0,0.75,1.0,0.8571428571428571,0.8311407638447051,3,1,0,0.75,1.0,0.8571428571428571,0.8311407638447051,0,0,0,0.0,0.0,0.0,0,0,0,0.0,0.0,0.0,0,0
Open Images,2e1b6b5c14f7d522,58,0,1,0,22,878,44,878,922,485,0,0,44,0.0235957469999448,0.0464363869998578,0.0458905020000202,0.1159234149999974,17.432239037946722,16.020042478984454,0,0,0,0,0,22,0,0.0,0.0,0.0,0.0,0,22,0,0.0,0.0,0.0,0.0,0,0,0,0.0,0.0,0.0,0,0,0,0.0,0.0,0.0,0,0
Open Images,2e6ed3de36f341f7,27,0,4,0,8,105,16,105,121,65,0,0,16,0.0193033620000733,0.0107699449999927,0.0110328759999447,0.0411069240001324,6.868904681746895,6.585137642070388,0,0,0,0,0,8,0,0.0,0.0,0.0,0.0,0,8,0,0.0,0.0,0.0,0.0,0,0,0,0.0,0.0,0.0,0,0,0,0.0,0.0,0.0,0,0
Open Images,2ed000d799794d71,9,3,2,2,4,22,8,22,30,17,0,0,8,0.021343773999888,0.0069827879999593,0.0078027120000569,0.0361297989998092,3.2402165584205767,2.9955576694447976,0,0,0,0,2,2,1,0.5,0.6666666666666666,0.5714285714285715,0.8809923565849919,2,2,1,0.5,0.6666666666666666,0.5714285714285715,0.8809923565849919,0,2,2,0.0,0.0,0.0,0,2,2,0.0,0.0,0.0,0,0
Open Images,2eeec709f51ecd0d,7,3,1,0,3,13,6,13,19,10,0,0,6,0.0193817469998975,0.0063506330000109,0.0063751109998975,0.0321080720000281,2.507648972026066,2.363687925538973,0,0,0,0,1,2,2,0.3333333333333333,0.3333333333333333,0.3333333333333333,0.7083609059484535,1,2,2,0.3333333333333333,0.3333333333333333,0.3333333333333333,0.7083609059484535,0,0,0,0.0,0.0,0.0,0,0,0,0.0,0.0,0.0,0,0
Open Images,2f8ff99a443af1df,12,1,1,0,6,41,12,41,53,37,0,0,12,0.0168058679998921,0.0079403189999993,0.0079926109999632,0.0327394579999236,5.252360770702363,5.091084588617088,0,0,0,0,0,6,1,0.0,0.0,0.0,0.9657239857995884,0,6,1,0.0,0.0,0.0,0.9657239857995884,0,0,0,0.0,0.0,0.0,0,0,0,0.0,0.0,0.0,0,0
Open Images,30ace30967aca271,17,0,4,0,2,2,4,2,6,5,0,0,4,0.0185204270001122,0.00620592700011,0.0055592720000277,0.0302862749999803,1.4289038785298664,1.389493395090103,0,0,0,0,0,2,0,0.0,0.0,0.0,0.0,0,2,0,0.0,0.0,0.0,0.0,0,0,0,0.0,0.0,0.0,0,0,0,0.0,0.0,0.0,0,0
Open Images,333452abf04d1b2b,25,4,3,0,14,348,28,348,376,197,0,0,28,0.0230604630000925,0.0220837150000079,0.0218895890000112,0.0670346389999849,10.56008641423607,9.46180504676525,0,0,0,0,1,13,3,0.0714285714285714,0.25,0.1111111111111111,0.9417375249681936,1,13,3,0.0714285714285714,0.25,0.1111111111111111,0.9417375249681936,0,0,0,0.0,0.0,0.0,0,0,0,0.0,0.0,0.0,0,0
Open Images,366209cb2cfa7f73,15,1,3,0,2,5,4,5,9,5,0,0,4,0.0305453879998367,0.0057874829999491,0.0052841399999579,0.0416176189999077,1.566732290585836,1.56767602711916,0,0,0,0,1,1,0,0.5,1.0,0.6666666666666666,0.9763294847710652,1,1,0,0.5,1.0,0.6666666666666666,0.9763294847710652,0,0,0,0.0,0.0,0.0,0,0,0,0.0,0.0,0.0,0,0
Open Images,36a1f2f6d9539824,4,0,2,0,3,12,6,12,18,10,0,0,6,0.018341534000001,0.0061001300000498,0.0061132519999773,0.0305554820001816,2.4158232116699225,2.2133502864837653,0,0,0,0,0,3,0,0.0,0.0,0.0,0.0,0,3,0,0.0,0.0,0.0,0.0,0,0,0,0.0,0.0,0.0,0,0,0,0.0,0.0,0.0,0,0
Open Images,3881457cb3a6585e,8,0,7,0,0,0,0,0,0,0,0,0,1,0.0169783509998069,0.0040078320000702,0.004268864000096,0.0252555339998252,,,0,0,0,0,0,0,0,0.0,0.0,0.0,0.0,0,0,0,0.0,0.0,0.0,0.0,0,0,0,0.0,0.0,0.0,0,0,0,0.0,0.0,0.0,0,0
Open Images,38dde2b71edf6611,17,0,7,0,1,0,2,0,2,1,0,0,2,0.0174718650000613,0.0055966959998841,0.0051996509998843,0.0282687720000467,0.6259068648020427,0.6274267798662185,0,0,0,0,0,1,0,0.0,0.0,0.0,0.0,0,1,0,0.0,0.0,0.0,0.0,0,0,0,0.0,0.0,0.0,0,0,0,0.0,0.0,0.0,0,0
Open Images,3b2444d13b3b30e1,14,2,1,0,4,27,8,27,35,17,0,0,8,0.0221362080001199,0.0068705410001257,0.0066009340000618,0.0356083730000591,3.62683763186137,3.568241488337518,0,0,0,0,2,2,0,0.5,1.0,0.6666666666666666,0.7416443980189081,2,2,0,0.5,1.0,0.6666666666666666,0.7416443980189081,0,0,0,0.0,0.0,0.0,0,0,0,0.0,0.0,0.0,0,0
Open Images,3b78e75f33d9b90a,10,2,5,0,2,4,4,4,8,5,0,0,4,0.0165055979998669,0.0063262849998864,0.0056828869999208,0.0285153719999016,1.472061498959859,1.400953533947468,0,0,0,0,0,2,2,0.0,0.0,0.0,0.0,0,2,2,0.0,0.0,0.0,0.0,0,0,0,0.0,0.0,0.0,0,0,0,0.0,0.0,0.0,0,0
Open Images,3ba112bd2a75b755,11,0,2,0,2,2,4,2,6,5,0,0,4,0.0186912899998787,0.0058318170001712,0.0055901350001477,0.0301138190000074,1.0605557449658711,0.8692016564309598,0,0,0,0,0,2,0,0.0,0.0,0.0,0.0,0,2,0,0.0,0.0,0.0,0.0,0,0,0,0.0,0.0,0.0,0,0,0,0.0,0.0,0.0,0,0
Open Images,3bbedd517e851024,28,4,4,0,4,24,8,24,32,17,0,0,8,0.0173624210001435,0.0075714130000505,0.0070687959998849,0.032003184000132,3.477640065352123,3.3574999256432068,0,0,0,0,0,4,4,0.0,0.0,0.0,0.0,0,4,4,0.0,0.0,0.0,0.0,0,0,0,0.0,0.0,0.0,0,0,0,0.0,0.0,0.0,0,0
Open Images,3be189900a496924,18,2,5,0,2,4,4,4,8,5,0,0,4,0.016241490000084,0.0059628929998325,0.0055915790001108,0.0277964730000803,1.5276188643773398,1.5124283125996594,0,0,0,0,0,2,2,0.0,0.0,0.0,0.0,0,2,2,0.0,0.0,0.0,0.0,0,0,0,0.0,0.0,0.0,0,0,0,0.0,0.0,0.0,0,0
Open Images,3c134d48cbb1e25c,15,0,1,0,7,78,14,78,92,50,0,0,14,0.019593438999891,0.0099813010001525,0.010567015000106,0.0401423989999329,5.354841416781365,4.818363021816035,0,0,0,0,0,7,0,0.0,0.0,0.0,0.0,0,7,0,0.0,0.0,0.0,0.0,0,0,0,0.0,0.0,0.0,0,0,0,0.0,0.0,0.0,0,0
Open Images,3ce9353aae8238b1,34,1,1,0,9,122,18,122,140,82,0,0,18,0.0205007910001313,0.0112294400000791,0.0111832069999309,0.0429141049999088,6.994173042774204,6.38126942291856,0,0,0,0,1,8,0,0.1111111111111111,1.0,0.1999999999999999,0.8952752120231794,1,8,0,0.1111111111111111,1.0,0.1999999999999999,0.8952752120231794,0,0,0,0.0,0.0,0.0,0,0,0,0.0,0.0,0.0,0,0
Open Images,3d1275028c1dcd88,41,8,3,0,8,103,16,103,119,65,0,0,16,0.0230260380001254,0.0108881559999645,0.0107758639999246,0.0446907210000517,6.733682657918186,6.391130632997404,0,0,0,0,3,5,5,0.375,0.375,0.375,0.8094657921470095,3,5,5,0.375,0.375,0.375,0.8094657921470095,0,0,0,0.0,0.0,0.0,0,0,0,0.0,0.0,0.0,0,0
Open Images,3d42dd0fca5505cf,8,0,4,0,3,8,6,8,14,10,0,0,6,0.0207665509999515,0.0058665619999374,0.0058726510001179,0.0325063870000121,2.358098704814911,2.181314420551061,0,0,0,0,0,3,0,0.0,0.0,0.0,0.0,0,3,0,0.0,0.0,0.0,0.0,0,0,0,0.0,0.0,0.0,0,0,0,0.0,0.0,0.0,0,0
Open Images,3e3f45d51c4a049e,22,0,2,0,3,10,6,10,16,10,0,0,6,0.0244350899999972,0.0064662719998977,0.005836735999992,0.036738841999977,2.181441133022308,1.94828560039401,0,0,0,0,0,3,0,0.0,0.0,0.0,0.0,0,3,0,0.0,0.0,0.0,0.0,0,0,0,0.0,0.0,0.0,0,0,0,0.0,0.0,0.0,0,0
Open Images,3e6029e1509f1dd1,12,1,1,0,2,4,4,4,8,5,0,0,4,0.0155618799999501,0.0058547259998249,0.0058829990000504,0.0273003899999366,1.3039254983266195,1.1634614330530166,0,0,0,0,0,2,1,0.0,0.0,0.0,0.0,0,2,1,0.0,0.0,0.0,0.0,0,0,0,0.0,0.0,0.0,0,0,0,0.0,0.0,0.0,0,0
Open Images,3efce935d21b765a,33,1,1,0,4,20,8,20,28,17,0,0,8,0.0301464630001646,0.0073372560000279,0.0073049720001563,0.0447892740000952,3.581880542437237,3.5047395995259296,0,0,0,0,1,3,0,0.25,1.0,0.4,0.9834501803810544,1,3,0,0.25,1.0,0.4,0.9834501803810544,0,0,0,0.0,0.0,0.0,0,0,0,0.0,0.0,0.0,0,0
Open Images,3f2cc085cfc23975,26,2,1,0,2,2,4,2,6,5,0,0,4,0.0169634700000642,0.0055100190002121,0.0056212130000403,0.0280952089999573,1.5358788855870564,1.540595592558384,0,0,0,0,0,2,2,0.0,0.0,0.0,0.0,0,2,2,0.0,0.0,0.0,0.0,0,0,0,0.0,0.0,0.0,0,0,0,0.0,0.0,0.0,0,0
Open Images,3f67ddce3448e74c,19,1,1,0,2,4,4,4,8,5,0,0,4,0.0178987000001598,0.0058942669998032,0.0058272270000543,0.0296207230001073,1.4666102202733362,1.4262536028027537,0,0,0,0,1,1,0,0.5,1.0,0.6666666666666666,0.8218840960745321,1,1,0,0.5,1.0,0.6666666666666666,0.8218840960745321,0,0,0,0.0,0.0,0.0,0,0,0,0.0,0.0,0.0,0,0
Open Images,3f7d5b7ffa990565,27,8,12,0,7,80,14,80,94,49,0,0,14,0.0228503990001627,0.0099457839999104,0.0098443720000886,0.0426412010001513,5.580904852549238,5.12936143755913,0,0,0,0,2,5,6,0.2857142857142857,0.25,0.2666666666666666,0.7044107466659228,2,5,6,0.2857142857142857,0.25,0.2666666666666666,0.7044107466659228,0,0,0,0.0,0.0,0.0,0,0,0,0.0,0.0,0.0,0,0
Open Images,408209a5977369e8,14,0,6,0,1,0,2,0,2,1,0,0,2,0.0147827769999366,0.0054185799999686,0.0050674680001066,0.0252694160001283,0.6049686829249064,0.5978515979647636,0,0,0,0,0,1,0,0.0,0.0,0.0,0.0,0,1,0,0.0,0.0,0.0,0.0,0,0,0,0.0,0.0,0.0,0,0,0,0.0,0.0,0.0,0,0
Open Images,41a362d2cf8dd3f8,12,0,2,0,1,0,2,0,2,1,0,0,2,0.021973619999926,0.0057826639999802,0.0050335920000179,0.0327903679999508,0.6249683300654094,0.6261010995507241,0,0,0,0,0,1,0,0.0,0.0,0.0,0.0,0,1,0,0.0,0.0,0.0,0.0,0,0,0,0.0,0.0,0.0,0,0,0,0.0,0.0,0.0,0,0
Open Images,422d4210cdcdb6a5,22,1,2,0,2,2,4,2,6,5,0,0,4,0.0176823930000864,0.0057506659998125,0.0055365219998293,0.0289701990000139,1.47836102326711,1.4593516120314596,0,0,0,0,1,1,0,0.5,1.0,0.6666666666666666,0.6905396309462108,1,1,0,0.5,1.0,0.6666666666666666,0.6905396309462108,0,0,0,0.0,0.0,0.0,0,0,0,0.0,0.0,0.0,0,0
Open Images,4287fb387a363c94,11,0,6,0,3,10,6,10,16,10,0,0,6,0.0248499769998034,0.0061077179998392,0.0060122590000446,0.0369705470000099,2.331888611316681,2.144292663484812,0,0,0,0,0,3,0,0.0,0.0,0.0,0.0,0,3,0,0.0,0.0,0.0,0.0,0,0,0,0.0,0.0,0.0,0,0,0,0.0,0.0,0.0,0,0
Open Images,42cdf62be2cd206c,23,9,2,0,17,470,34,470,504,290,0,0,34,0.0228296340001179,0.0282254060000468,0.028476744000045,0.0795326040001782,14.20764364479021,13.399787623217062,0,0,0,0,6,11,3,0.3529411764705882,0.6666666666666666,0.4615384615384615,0.8482710950057251,6,11,3,0.3529411764705882,0.6666666666666666,0.4615384615384615,0.8482710950057251,0,0,0,0.0,0.0,0.0,0,0,0,0.0,0.0,0.0,0,0
Open Images,43c19287631911c6,29,1,1,0,1,0,2,0,2,1,0,0,2,0.0187021799999911,0.0054951240001628,0.0053539250000085,0.0295516909998241,0.5776530663172403,0.5592682895064354,0,0,0,0,0,1,1,0.0,0.0,0.0,0.0,0,1,1,0.0,0.0,0.0,0.0,0,0,0,0.0,0.0,0.0,0,0,0,0.0,0.0,0.0,0,0
Open Images,43f2a4b7197637ff,3,1,2,0,1,0,2,0,2,1,0,0,2,0.0191695470000468,0.0057467890001134,0.0052832119999948,0.0302000270000917,0.6429742733637491,0.6515344944596291,0,0,0,0,1,0,0,1.0,1.0,1.0,0.9540948588703974,1,0,0,1.0,1.0,1.0,0.9540948588703974,0,0,0,0.0,0.0,0.0,0,0,0,0.0,0.0,0.0,0,0
Open Images,4420025f6d6ab706,23,1,2,0,7,66,14,66,80,50,0,0,14,0.0252992340001583,0.0100897520001126,0.0098568820001219,0.0452465240000492,5.750148694876083,5.375793020986765,0,0,0,0,1,6,0,0.1428571428571428,1.0,0.25,0.9471912386236794,1,6,0,0.1428571428571428,1.0,0.25,0.9471912386236794,0,0,0,0.0,0.0,0.0,0,0,0,0.0,0.0,0.0,0,0
Open Images,450dc8db3bfee2c9,25,0,1,0,3,9,6,9,15,10,0,0,6,0.0164596770000571,0.0063693570000395,0.0060360960001162,0.028865689999975,2.5320233511924743,2.44348298355937,0,0,0,0,0,3,0,0.0,0.0,0.0,0.0,0,3,0,0.0,0.0,0.0,0.0,0,0,0,0.0,0.0,0.0,0,0,0,0.0,0.0,0.0,0,0
Open Images,489b8628e0f419a5,23,1,1,0,2,6,4,6,10,5,0,0,4,0.0195236829999885,0.0057563369998661,0.0053408599999329,0.0306213700000625,1.4132146628697717,1.3508323779702187,0,0,0,0,1,1,0,0.5,1.0,0.6666666666666666,0.9412092352338386,1,1,0,0.5,1.0,0.6666666666666666,0.9412092352338386,0,0,0,0.0,0.0,0.0,0,0,0,0.0,0.0,0.0,0,0
Open Images,48abd1db27d7de96,32,2,1,0,7,77,14,77,91,50,0,0,14,0.0160955530000137,0.0095289690000299,0.0086025640000571,0.0342277149998153,5.730502754847211,5.373668474555018,0,0,0,0,2,5,0,0.2857142857142857,1.0,0.4444444444444445,0.8365104225501365,2,5,0,0.2857142857142857,1.0,0.4444444444444445,0.8365104225501365,0,0,0,0.0,0.0,0.0,0,0,0,0.0,0.0,0.0,0,0
Open Images,48cd906fad6004bf,3,0,2,0,3,6,6,6,12,10,0,0,6,0.018872932000022,0.0058163279998098,0.0056547700000919,0.0303446959999291,2.636022543907166,2.458381843268872,0,0,0,0,0,3,0,0.0,0.0,0.0,0.0,0,3,0,0.0,0.0,0.0,0.0,0,0,0,0.0,0.0,0.0,0,0,0,0.0,0.0,0.0,0,0
Open Images,48d7e9892a1653e3,7,0,2,0,2,4,4,4,8,5,0,0,4,0.017399652999984,0.005641093000122,0.005753033000019,0.0287944209999295,1.3847689302762354,1.3106527806818489,0,0,0,0,0,2,0,0.0,0.0,0.0,0.0,0,2,0,0.0,0.0,0.0,0.0,0,0,0,0.0,0.0,0.0,0,0,0,0.0,0.0,0.0,0,0
Open Images,494c1c49e967eb79,33,1,5,0,6,46,12,46,58,37,0,0,12,0.0455722900001092,0.0091239969999605,0.008193705999929,0.0628906100000676,5.051163768978144,4.7983473221075785,0,0,0,0,1,5,0,0.1666666666666666,1.0,0.2857142857142857,0.6880547856875847,1,5,0,0.1666666666666666,1.0,0.2857142857142857,0.6880547856875847,0,0,0,0.0,0.0,0.0,0,0,0,0.0,0.0,0.0,0,0
Open Images,49cc9e3699b6a53e,43,0,7,0,12,250,24,250,274,145,0,0,24,0.017151702999854,0.0180258179998418,0.0176266689998101,0.0528048339999713,10.374908093047235,9.953674858194685,0,0,0,0,0,12,0,0.0,0.0,0.0,0.0,0,12,0,0.0,0.0,0.0,0.0,0,0,0,0.0,0.0,0.0,0,0,0,0.0,0.0,0.0,0,0
Open Images,4a197f10b93d99d8,28,0,1,0,11,181,22,181,203,122,0,0,22,0.0222170189999815,0.0154457260000526,0.0153141019998201,0.0529775049999443,9.698943167888052,9.406167682173775,0,0,0,0,0,11,0,0.0,0.0,0.0,0.0,0,11,0,0.0,0.0,0.0,0.0,0,0,0,0.0,0.0,0.0,0,0,0,0.0,0.0,0.0,0,0
Open Images,4c9154ccd94191ff,8,1,1,0,2,2,4,2,6,5,0,0,4,0.0156554430000142,0.0054912690000037,0.0058924390000356,0.0270397780000166,1.5633806975682578,1.562941901981831,0,0,0,0,1,1,0,0.5,1.0,0.6666666666666666,0.9346366901550184,1,1,0,0.5,1.0,0.6666666666666666,0.9346366901550184,0,0,0,0.0,0.0,0.0,0,0,0,0.0,0.0,0.0,0,0
Open Images,4dd4010e95454176,38,17,4,0,12,263,24,263,287,145,0,0,24,0.0186940679998315,0.0176666229999682,0.0186253819999819,0.0549867929998981,9.23526439800304,8.335764649355829,0,0,0,0,5,7,12,0.4166666666666667,0.2941176470588235,0.3448275862068966,0.8339316048579433,5,7,12,0.4166666666666667,0.2941176470588235,0.3448275862068966,0.8339316048579433,0,0,0,0.0,0.0,0.0,0,0,0,0.0,0.0,0.0,0,0
Open Images,4e409a31ed9b18e3,13,0,2,0,1,0,2,0,2,1,0,0,2,0.0157901049999509,0.0054660870000589,0.0053608749999511,0.0266176409998024,0.5883642594019571,0.5743978497385979,0,0,0,0,0,1,0,0.0,0.0,0.0,0.0,0,1,0,0.0,0.0,0.0,0.0,0,0,0,0.0,0.0,0.0,0,0,0,0.0,0.0,0.0,0,0
Open Images,515d392264b903b5,2,0,1,0,2,3,4,3,7,5,0,0,4,0.0188329349998639,0.0060070659999382,0.0059278920000451,0.0307685039999796,1.4269418032964074,1.370221963822842,0,0,0,0,0,2,0,0.0,0.0,0.0,0.0,0,2,0,0.0,0.0,0.0,0.0,0,0,0,0.0,0.0,0.0,0,0,0,0.0,0.0,0.0,0,0
Open Images,52072b5c865a4f30,4,0,2,0,2,5,4,5,9,5,0,0,4,0.0160002089999125,0.005538572999967,0.0056470940000963,0.027186582000013,1.3527065957355815,1.269160641011429,0,0,0,0,0,2,0,0.0,0.0,0.0,0.0,0,2,0,0.0,0.0,0.0,0.0,0,0,0,0.0,0.0,0.0,0,0,0,0.0,0.0,0.0,0,0
Open Images,52371c64db9ee3f2,34,2,13,0,23,850,46,850,896,530,0,0,46,0.0293784949999462,0.0481940600000143,0.0458321439998599,0.1234055100001114,18.856492051964665,17.667856404022043,0,0,0,0,1,22,1,0.0434782608695652,0.5,0.08,0.7475729044820907,1,22,1,0.0434782608695652,0.5,0.08,0.7475729044820907,0,0,0,0.0,0.0,0.0,0,0,0,0.0,0.0,0.0,0,0
Open Images,537fcd028b47bc5f,11,0,1,0,2,2,4,2,6,5,0,0,4,0.0199970730000131,0.0061037440000291,0.0054256579999218,0.0315270720000171,1.1408699162801106,0.982645423412323,0,0,0,0,0,2,0,0.0,0.0,0.0,0.0,0,2,0,0.0,0.0,0.0,0.0,0,0,0,0.0,0.0,0.0,0,0,0,0.0,0.0,0.0,0,0
Open Images,561fe7f628410a18,12,1,1,0,1,0,2,0,2,1,0,0,2,0.0186074810001173,0.0057595779999246,0.0055071169999791,0.0298748130001058,0.6247866074244182,0.6258444163203241,0,0,0,0,0,1,1,0.0,0.0,0.0,0.0,0,1,1,0.0,0.0,0.0,0.0,0,0,0,0.0,0.0,0.0,0,0,0,0.0,0.0,0.0,0,0
Open Images,571e87b93aecab33,7,1,1,0,4,22,8,22,30,17,0,0,8,0.0166475309999896,0.0076702999999724,0.0065367459999379,0.0308552070000587,2.904967137972515,2.54859941571951,0,0,0,0,0,4,1,0.0,0.0,0.0,0.9646173330990332,0,4,1,0.0,0.0,0.0,0.9646173330990332,0,0,0,0.0,0.0,0.0,0,0,0,0.0,0.0,0.0,0,0
Open Images,582be29db5b1a39d,14,0,6,0,1,0,2,0,2,1,0,0,2,0.0189928960000997,0.005404204999877,0.0053411749997849,0.0297388500000579,0.6219467560450236,0.6218331262469292,0,0,0,0,0,1,0,0.0,0.0,0.0,0.0,0,1,0,0.0,0.0,0.0,0.0,0,0,0,0.0,0.0,0.0,0,0,0,0.0,0.0,0.0,0,0
Open Images,5847ef17fa137eea,5,2,3,0,2,2,4,2,6,5,0,0,4,0.0180181419998461,0.0056901020000168,0.0051882679999835,0.0288970589999735,1.3325619848569237,1.236910470277071,0,0,0,0,1,1,1,0.5,0.5,0.5,0.9670630448871076,1,1,1,0.5,0.5,0.5,0.9670630448871076,0,0,0,0.0,0.0,0.0,0,0,0,0.0,0.0,0.0,0,0
Open Images,5a1600c71cb5d944,13,0,1,0,1,0,2,0,2,1,0,0,2,0.0248136019999947,0.006067522999956,0.0052812300000368,0.0361628690000088,0.6453392903010051,0.654875080883503,0,0,0,0,0,1,0,0.0,0.0,0.0,0.0,0,1,0,0.0,0.0,0.0,0.0,0,0,0,0.0,0.0,0.0,0,0,0,0.0,0.0,0.0,0,0
Open Images,5a63bb568d149c2e,21,4,3,0,15,392,30,392,422,226,0,0,30,0.0210263890000987,0.0237003259999255,0.0228942040000674,0.0676216010001553,12.64078607160561,11.969222802407668,0,0,0,0,2,13,2,0.1333333333333333,0.5,0.2105263157894737,0.6949107165891328,2,13,2,0.1333333333333333,0.5,0.2105263157894737,0.6949107165891328,0,0,0,0.0,0.0,0.0,0,0,0,0.0,0.0,0.0,0,0
Open Images,5b906e188aac9f24,12,5,1,0,4,23,8,23,31,17,0,0,8,0.0215173990000039,0.0069682390001162,0.006990640999902,0.035476846000165,3.185992659727733,2.9331729651987564,0,0,0,0,1,3,4,0.25,0.2,0.2222222222222222,0.9499007163455746,1,3,4,0.25,0.2,0.2222222222222222,0.9499007163455746,0,0,0,0.0,0.0,0.0,0,0,0,0.0,0.0,0.0,0,0
Open Images,5e59e5dc357f93f4,41,0,6,0,9,112,18,112,130,82,0,0,18,0.0219107609998445,0.0113677470001221,0.0118401120000726,0.0451193269998384,7.89253281593323,7.625452602505687,0,0,0,0,0,9,0,0.0,0.0,0.0,0.0,0,9,0,0.0,0.0,0.0,0.0,0,0,0,0.0,0.0,0.0,0,0,0,0.0,0.0,0.0,0,0
Open Images,5ee03b187a08d7a4,13,1,2,0,4,20,8,20,28,17,0,0,8,0.016567428999906,0.006582255000012,0.0067813509999723,0.0299316020000333,3.2745697228113824,3.07066306680441,0,0,0,0,1,3,0,0.25,1.0,0.4,0.9109989097616362,1,3,0,0.25,1.0,0.4,0.9109989097616362,0,0,0,0.0,0.0,0.0,0,0,0,0.0,0.0,0.0,0,0
Open Images,6022a450df278025,24,4,5,0,7,84,14,84,98,50,0,0,14,0.0170524779998686,0.0100326079998467,0.0096578820000559,0.0367436219999035,6.004609479793197,5.720089936791148,0,0,0,0,1,6,3,0.1428571428571428,0.25,0.1818181818181818,0.8704567639419242,1,6,3,0.1428571428571428,0.25,0.1818181818181818,0.8704567639419242,0,0,0,0.0,0.0,0.0,0,0,0,0.0,0.0,0.0,0,0
Open Images,60fdb7fd333eaf74,13,1,1,0,3,12,6,12,18,10,0,0,6,0.0196217310001429,0.006257891000132,0.0058750109999436,0.0317552399999385,2.3895003780851005,2.1997379689046976,0,0,0,0,0,3,1,0.0,0.0,0.0,0.6358215290280492,0,3,1,0.0,0.0,0.0,0.6358215290280492,0,0,0,0.0,0.0,0.0,0,0,0,0.0,0.0,0.0,0,0
Open Images,656abc78a9534c08,23,0,3,0,3,10,6,10,16,10,0,0,6,0.0246837040001537,0.0078470619998824,0.0100696220001736,0.0426013090000196,2.487022240161896,2.363418914228678,0,0,0,0,0,3,0,0.0,0.0,0.0,0.0,0,3,0,0.0,0.0,0.0,0.0,0,0,0,0.0,0.0,0.0,0,0,0,0.0,0.0,0.0,0,0
Open Images,659fc7394df83f02,5,0,2,0,1,0,2,0,2,1,0,0,2,0.0260131620000265,0.0078612669999529,0.006714367999848,0.0405895070000497,0.5737250010172525,0.5537198972702027,0,0,0,0,0,1,0,0.0,0.0,0.0,0.0,0,1,0,0.0,0.0,0.0,0.0,0,0,0,0.0,0.0,0.0,0,0,0,0.0,0.0,0.0,0,0
Open Images,66628a0eee9deb75,7,0,3,0,1,0,2,0,2,1,0,0,2,0.022724448999952,0.005663338999966,0.0055361299998821,0.0339244589999907,0.4622777024904887,0.3963005881011486,0,0,0,0,0,1,0,0.0,0.0,0.0,0.0,0,1,0,0.0,0.0,0.0,0.0,0,0,0,0.0,0.0,0.0,0,0,0,0.0,0.0,0.0,0,0
Open Images,66a048ed7d6aabcc,5,1,3,0,3,11,6,11,17,10,0,0,6,0.0243029709999973,0.0067218950000551,0.0060938650001389,0.0371193119999588,2.542080674171449,2.42468895226717,0,0,0,0,1,2,0,0.3333333333333333,1.0,0.5,0.9586946835108086,1,2,0,0.3333333333333333,1.0,0.5,0.9586946835108086,0,0,0,0.0,0.0,0.0,0,0,0,0.0,0.0,0.0,0,0
Open Images,66ef4a8a4a84b9b3,74,8,14,0,10,160,20,160,180,101,0,0,20,0.0192215689999102,0.0140745520000109,0.0128889109998908,0.0461856520000765,8.574917933146162,8.213029913902286,0,0,0,0,2,8,6,0.2,0.25,0.2222222222222222,0.7288007563651839,2,8,6,0.2,0.25,0.2222222222222222,0.7288007563651839,0,0,0,0.0,0.0,0.0,0,0,0,0.0,0.0,0.0,0,0
Open Images,671dce6fe4eb944d,15,2,3,0,2,3,4,3,7,5,0,0,4,0.0148934300000291,0.0058609600000636,0.0055179360001602,0.0262728909999623,1.304874447186788,1.197801823318005,0,0,0,0,0,2,2,0.0,0.0,0.0,0.0,0,2,2,0.0,0.0,0.0,0.0,0,0,0,0.0,0.0,0.0,0,0,0,0.0,0.0,0.0,0,0
Open Images,67bb81df42352db9,7,2,2,0,2,4,4,4,8,5,0,0,4,0.0163361780000741,0.0059877179999148,0.0058511469999302,0.0281755810001413,1.566270235379537,1.567023374140263,0,0,0,0,1,1,1,0.5,0.5,0.5,0.9841614515656684,1,1,1,0.5,0.5,0.5,0.9841614515656684,0,0,0,0.0,0.0,0.0,0,0,0,0.0,0.0,0.0,0,0
Open Images,69788246df023ddf,8,0,1,0,1,0,2,0,2,1,0,0,2,0.0246062029998483,0.0056353729999045,0.0056248969999614,0.0358670169998731,0.4692866484324137,0.4062007242441178,0,0,0,0,0,1,0,0.0,0.0,0.0,0.0,0,1,0,0.0,0.0,0.0,0.0,0,0,0,0.0,0.0,0.0,0,0,0,0.0,0.0,0.0,0,0
Open Images,6a316f2b341bdc0b,16,1,2,0,3,11,6,11,17,10,0,0,6,0.0208468370001355,0.0060341030000472,0.005802352000046,0.0326838549999592,2.5405811452865605,2.410195867717267,0,0,0,0,1,2,0,0.3333333333333333,1.0,0.5,0.804613527607876,1,2,0,0.3333333333333333,1.0,0.5,0.804613527607876,0,0,0,0.0,0.0,0.0,0,0,0,0.0,0.0,0.0,0,0
Open Images,6a6881aefff9ad58,26,5,2,0,19,648,38,648,686,362,0,0,38,0.0205153669999162,0.0368313429999034,0.0382205040000371,0.095567888000005,15.390914436256612,14.207896092708632,0,0,0,0,5,14,0,0.2631578947368421,1.0,0.4166666666666667,0.8007397270473495,5,14,0,0.2631578947368421,1.0,0.4166666666666667,0.8007397270473495,0,0,0,0.0,0.0,0.0,0,0,0,0.0,0.0,0.0,0,0
Open Images,6bff678ea2346ac5,23,0,2,0,3,10,6,10,16,10,0,0,6,0.0224180440000054,0.0062551559999519,0.005739597999991,0.0344133650000912,2.4265388894081115,2.2944861812889576,0,0,0,0,0,3,0,0.0,0.0,0.0,0.0,0,3,0,0.0,0.0,0.0,0.0,0,0,0,0.0,0.0,0.0,0,0,0,0.0,0.0,0.0,0,0
Open Images,6c1cd7fdc967c0d5,11,0,1,0,1,0,2,0,2,1,0,0,2,0.0166351430000304,0.0056843129998469,0.0051080410000849,0.0274281880001581,0.5347943226496379,0.4987303140759468,0,0,0,0,0,1,0,0.0,0.0,0.0,0.0,0,1,0,0.0,0.0,0.0,0.0,0,0,0,0.0,0.0,0.0,0,0,0,0.0,0.0,0.0,0,0
Open Images,6c2aa294019ac91a,32,1,7,0,9,122,18,122,140,82,0,0,18,0.0162164000000757,0.012179696999965,0.0111874269998679,0.0395841500001097,7.642404734442259,7.256167710969474,0,0,0,0,0,9,1,0.0,0.0,0.0,0.886632223321397,0,9,1,0.0,0.0,0.0,0.886632223321397,0,0,0,0.0,0.0,0.0,0,0,0,0.0,0.0,0.0,0,0
Open Images,6c8dafac9ee9d86e,35,2,1,0,29,1557,58,1557,1615,842,0,0,58,0.0203681609998511,0.0787219869998807,0.0748794630001157,0.1739705589998266,23.76828590882201,22.19271373145161,0,0,0,0,2,27,0,0.0689655172413793,1.0,0.1290322580645161,0.854136576486664,2,27,0,0.0689655172413793,1.0,0.1290322580645161,0.854136576486664,0,0,0,0.0,0.0,0.0,0,0,0,0.0,0.0,0.0,0,0
Open Images,6d83767827cba4a3,16,0,2,0,1,0,2,0,2,1,0,0,2,0.0226289029999406,0.006090370000038,0.0053149169998505,0.0340347060000567,0.5746572653452555,0.5550367206335068,0,0,0,0,0,1,0,0.0,0.0,0.0,0.0,0,1,0,0.0,0.0,0.0,0.0,0,0,0,0.0,0.0,0.0,0,0,0,0.0,0.0,0.0,0,0
Open Images,6fc0ad531ee4c66e,6,1,1,0,1,0,2,0,2,1,0,0,2,0.0179883450000488,0.0053945780000503,0.0059871700000257,0.0293707069999982,0.5821491400400798,0.565618993639946,0,0,0,0,0,1,1,0.0,0.0,0.0,0.5415314737915627,0,1,1,0.0,0.0,0.0,0.5415314737915627,0,0,0,0.0,0.0,0.0,0,0,0,0.0,0.0,0.0,0,0
Open Images,71631731c0d63e45,10,0,2,0,2,6,4,6,10,5,0,0,4,0.0198564499999065,0.0057274280000001,0.005665239000109,0.0312498410000898,1.55122828801473,1.5457766234874728,0,0,0,0,0,2,0,0.0,0.0,0.0,0.0,0,2,0,0.0,0.0,0.0,0.0,0,0,0,0.0,0.0,0.0,0,0,0,0.0,0.0,0.0,0,0
Open Images,72157cefa7c57ec8,16,1,1,0,5,40,10,40,50,26,0,0,10,0.017488491999984,0.0074835469999925,0.0071688770001401,0.0321416369999951,4.141785181363425,3.873938235342504,0,0,0,0,1,4,0,0.2,1.0,0.3333333333333333,0.801752058503448,1,4,0,0.2,1.0,0.3333333333333333,0.801752058503448,0,0,0,0.0,0.0,0.0,0,0,0,0.0,0.0,0.0,0,0
Open Images,7290c66c57edfdc5,5,2,3,0,2,2,4,2,6,5,0,0,4,0.0167308069999307,0.0055487730001004,0.0054087290000097,0.0276888900000358,1.3604338296254477,1.2927794510126114,0,0,0,0,0,2,2,0.0,0.0,0.0,0.9537218440071088,0,2,2,0.0,0.0,0.0,0.9537218440071088,0,0,0,0.0,0.0,0.0,0,0,0,0.0,0.0,0.0,0,0
Open Images,7546e007f40fb1a9,47,2,1,0,7,75,14,75,89,50,0,0,14,0.0206038509998052,0.0098483280000891,0.0093760479999218,0.0398288059998321,5.782237033483483,5.421829738306101,0,0,0,0,2,5,0,0.2857142857142857,1.0,0.4444444444444445,0.7303477867763056,2,5,0,0.2857142857142857,1.0,0.4444444444444445,0.7303477867763056,0,0,0,0.0,0.0,0.0,0,0,0,0.0,0.0,0.0,0,0
Open Images,75ed7924c47f984d,19,0,5,0,1,0,2,0,2,1,0,0,2,0.0161773020001874,0.0054850519998126,0.0055981560001328,0.0272612180001488,0.497781507174174,0.4464497122168541,0,0,0,0,0,1,0,0.0,0.0,0.0,0.0,0,1,0,0.0,0.0,0.0,0.0,0,0,0,0.0,0.0,0.0,0,0,0,0.0,0.0,0.0,0,0
Open Images,793b05bcb9445b1f,38,1,2,0,6,48,12,48,60,37,0,0,12,0.0202218890001404,0.0092624290000458,0.0084450360000118,0.0379299319999972,5.417931077620886,5.310863026372097,0,0,0,0,1,5,0,0.1666666666666666,1.0,0.2857142857142857,0.9479942182770192,1,5,0,0.1666666666666666,1.0,0.2857142857142857,0.9479942182770192,0,0,0,0.0,0.0,0.0,0,0,0,0.0,0.0,0.0,0,0
Open Images,7a87225ae9d63bcd,57,20,6,0,16,460,32,460,492,257,0,0,32,0.0281389110000418,0.0269763170001624,0.0269310390001464,0.0820470060000388,12.664070472384283,11.611929951175842,0,0,0,0,10,6,10,0.625,0.5,0.5555555555555556,0.8127016881004663,10,6,10,0.625,0.5,0.5555555555555556,0.8127016881004663,0,0,0,0.0,0.0,0.0,0,0,0,0.0,0.0,0.0,0,0
Open Images,7a9767c9f102b469,16,1,1,0,3,10,6,10,16,10,0,0,6,0.0223937820001083,0.0060659200000827,0.0059051009998256,0.0343654040000274,2.323779697418213,2.132838822603225,0,0,0,0,1,2,0,0.3333333333333333,1.0,0.5,0.93504238735714,1,2,0,0.3333333333333333,1.0,0.5,0.93504238735714,0,0,0,0.0,0.0,0.0,0,0,0,0.0,0.0,0.0,0,0
Open Images,7aff58e036d03b98,47,3,8,0,8,84,16,84,100,65,0,0,16,0.0204518959999404,0.0107036250001328,0.0105730899999798,0.0417293979999158,7.2004068311055525,7.061241315603259,0,0,0,0,3,5,0,0.375,1.0,0.5454545454545454,0.933787840578589,3,5,0,0.375,1.0,0.5454545454545454,0.933787840578589,0,0,0,0.0,0.0,0.0,0,0,0,0.0,0.0,0.0,0,0
Open Images,7b072d084f4d3198,13,0,1,0,2,4,4,4,8,5,0,0,4,0.0165972270001475,0.0054428050000296,0.005559938000033,0.0276006910000887,1.3799689420064287,1.3203727972507475,0,0,0,0,0,2,0,0.0,0.0,0.0,0.0,0,2,0,0.0,0.0,0.0,0.0,0,0,0,0.0,0.0,0.0,0,0,0,0.0,0.0,0.0,0,0
Open Images,7c888d0d5fd5b56e,49,0,4,0,5,34,10,34,44,26,0,0,10,0.0216355439999915,0.0073200750000523,0.0075267890001669,0.036483040000121,4.287767823573744,4.101452703810528,0,0,0,0,0,5,0,0.0,0.0,0.0,0.0,0,5,0,0.0,0.0,0.0,0.0,0,0,0,0.0,0.0,0.0,0,0,0,0.0,0.0,0.0,0,0
Open Images,7d4c46b89378b7dc,30,3,6,0,6,51,12,51,63,37,0,0,12,0.0198976300000595,0.0098190270000486,0.0093605330000627,0.0390778579999278,5.433702051639559,5.330729147940876,0,0,0,0,3,3,0,0.5,1.0,0.6666666666666666,0.9207150866796812,3,3,0,0.5,1.0,0.6666666666666666,0.9207150866796812,0,0,0,0.0,0.0,0.0,0,0,0,0.0,0.0,0.0,0,0
Open Images,7f8ef92c55a63b32,26,13,3,0,13,273,26,273,299,170,0,0,26,0.0179764669999258,0.0187766149999788,0.0182614530001501,0.0550151089998962,10.3210465540287,9.469532564212592,0,0,0,0,3,10,10,0.2307692307692307,0.2307692307692307,0.2307692307692307,0.6825302910306619,3,10,10,0.2307692307692307,0.2307692307692307,0.2307692307692307,0.6825302910306619,0,0,0,0.0,0.0,0.0,0,0,0,0.0,0.0,0.0,0,0
Open Images,7ff76c84761e761e,6,3,1,0,5,28,10,28,38,26,0,0,10,0.0188750729998901,0.0081635260000894,0.0085381910000705,0.0355773490000501,3.781265273888907,3.430703866034748,0,0,0,0,3,2,0,0.6,1.0,0.7499999999999999,0.9236506900389908,3,2,0,0.6,1.0,0.7499999999999999,0.9236506900389908,0,0,0,0.0,0.0,0.0,0,0,0,0.0,0.0,0.0,0,0
Open Images,82b48c199a4d5a8c,28,0,1,0,8,104,16,104,120,65,0,0,16,0.0248917549999987,0.0108866680000119,0.0105951220000406,0.0463741640000989,5.909799729188285,5.205258784145119,0,0,0,0,0,8,0,0.0,0.0,0.0,0.0,0,8,0,0.0,0.0,0.0,0.0,0,0,0,0.0,0.0,0.0,0,0,0,0.0,0.0,0.0,0,0
Open Images,83c97587c5cb217a,10,1,1,0,3,15,6,15,21,10,0,0,6,0.0197982449999472,0.0063191849999384,0.0060237479999614,0.032141810999974,2.587553174495697,2.5054188589751725,0,0,0,0,1,2,0,0.3333333333333333,1.0,0.5,0.9478839538934531,1,2,0,0.3333333333333333,1.0,0.5,0.9478839538934531,0,0,0,0.0,0.0,0.0,0,0,0,0.0,0.0,0.0,0,0
Open Images,8442ec11695b3d6f,17,1,1,0,4,18,8,18,26,17,0,0,8,0.0196380209999915,0.007239391999974,0.0065711309998732,0.0334491889998389,3.021587175528209,2.7298252187669285,0,0,0,0,0,4,1,0.0,0.0,0.0,0.0,0,4,1,0.0,0.0,0.0,0.0,0,0,0,0.0,0.0,0.0,0,0,0,0.0,0.0,0.0,0,0
Open Images,845d6ac4a4fb713c,10,0,2,0,2,4,4,4,8,5,0,0,4,0.0166245190000609,0.005915959000049,0.0062030320000303,0.0287441069999658,1.299738968213399,1.207047959268093,0,0,0,0,0,2,0,0.0,0.0,0.0,0.0,0,2,0,0.0,0.0,0.0,0.0,0,0,0,0.0,0.0,0.0,0,0,0,0.0,0.0,0.0,0,0
Open Images,857cfd128a025297,17,2,2,0,6,50,12,50,62,37,0,0,12,0.0162457439998888,0.0087129549999644,0.0082015240000146,0.033160892999831,5.163930864334108,4.962052345871927,0,0,0,0,1,5,1,0.1666666666666666,0.5,0.25,0.9035436156870186,1,5,1,0.1666666666666666,0.5,0.25,0.9035436156870186,0,0,0,0.0,0.0,0.0,0,0,0,0.0,0.0,0.0,0,0
Open Images,85bcf3cd6540ec7d,8,1,2,0,2,4,4,4,8,5,0,0,4,0.0160142239999458,0.0057911809999495,0.0054324969999015,0.0272384089998922,1.5476886065800983,1.540776823461056,0,0,0,0,1,1,0,0.5,1.0,0.6666666666666666,0.982594974616466,1,1,0,0.5,1.0,0.6666666666666666,0.982594974616466,0,0,0,0.0,0.0,0.0,0,0,0,0.0,0.0,0.0,0,0
Open Images,8671b9d2f05bd71e,5,0,1,0,1,0,2,0,2,1,0,0,2,0.0155459569998583,0.005678269999862,0.0053111189999981,0.0265359210000042,0.5008217493693035,0.4507440543174744,0,0,0,0,0,1,0,0.0,0.0,0.0,0.0,0,1,0,0.0,0.0,0.0,0.0,0,0,0,0.0,0.0,0.0,0,0,0,0.0,0.0,0.0,0,0
Open Images,87ea34b7a6c3838c,32,7,1,0,8,98,16,98,114,65,0,0,16,0.0180585769999197,0.0107402630001161,0.0103764559999035,0.0391758329999447,6.372443102200828,5.879367548525336,0,0,0,0,1,7,6,0.125,0.1428571428571428,0.1333333333333333,0.9730091350777672,1,7,6,0.125,0.1428571428571428,0.1333333333333333,0.9730091350777672,0,0,0,0.0,0.0,0.0,0,0,0,0.0,0.0,0.0,0,0
Open Images,884273f6f4720bc5,8,0,2,0,2,4,4,4,8,5,0,0,4,0.0202509580001333,0.0055405730001893,0.0054643970001961,0.0312564860000748,1.1624892981847128,0.9966828003525736,0,0,0,0,0,2,0,0.0,0.0,0.0,0.0,0,2,0,0.0,0.0,0.0,0.0,0,0,0,0.0,0.0,0.0,0,0,0,0.0,0.0,0.0,0,0
Open Images,890a08ff48bf62d8,25,5,1,0,9,137,18,137,155,82,0,0,18,0.0207566530000349,0.0122505409999575,0.0123671650001142,0.0453749830001015,7.534506759643558,7.132115797996524,0,0,0,0,4,5,1,0.4444444444444444,0.8,0.5714285714285714,0.8708478955616511,4,5,1,0.4444444444444444,0.8,0.5714285714285714,0.8708478955616511,0,0,0,0.0,0.0,0.0,0,0,0,0.0,0.0,0.0,0,0
Open Images,8987951815d36f77,17,4,8,0,6,46,12,46,58,37,0,0,12,0.0194185860000288,0.0083351999999194,0.0081415090000973,0.0358958739998342,5.1981754732131975,5.010422855913641,0,0,0,0,3,3,1,0.5,0.75,0.6,0.7463455193643137,3,3,1,0.5,0.75,0.6,0.7463455193643137,0,0,0,0.0,0.0,0.0,0,0,0,0.0,0.0,0.0,0,0
Open Images,8c3a7ca22c0ac8d9,5,3,2,0,4,16,8,16,24,17,0,0,8,0.0189312119998703,0.0066075320000891,0.0072472340000331,0.0327865350000138,3.508310584227245,3.433822033554317,0,0,0,0,2,2,1,0.5,0.6666666666666666,0.5714285714285715,0.9604702956646642,2,2,1,0.5,0.6666666666666666,0.5714285714285715,0.9604702956646642,0,0,0,0.0,0.0,0.0,0,0,0,0.0,0.0,0.0,0,0
Open Images,8c676b9db5bde9f4,11,0,1,0,3,6,6,6,12,10,0,0,6,0.0184022250000452,0.0055881569999201,0.0055311280000296,0.0295220670000162,2.544518365859985,2.47763219177723,0,0,0,0,0,3,0,0.0,0.0,0.0,0.0,0,3,0,0.0,0.0,0.0,0.0,0,0,0,0.0,0.0,0.0,0,0,0,0.0,0.0,0.0,0,0
Open Images,8d0b1e22cc02c96a,7,1,1,0,4,22,8,22,30,17,0,0,8,0.0189357379999819,0.0065914530000554,0.0060725210000782,0.031600353000158,3.734790250460308,3.720724562108518,0,0,0,0,1,3,0,0.25,1.0,0.4,0.9762619289050204,1,3,0,0.25,1.0,0.4,0.9762619289050204,0,0,0,0.0,0.0,0.0,0,0,0,0.0,0.0,0.0,0,0
Open Images,8e2b641bfa080a9a,12,0,1,0,1,0,2,0,2,1,0,0,2,0.0143191669999396,0.0059202889999596,0.0052890530000695,0.0255290469999636,0.3767094294230143,0.2754354023933411,0,0,0,0,0,1,0,0.0,0.0,0.0,0.0,0,1,0,0.0,0.0,0.0,0.0,0,0,0,0.0,0.0,0.0,0,0,0,0.0,0.0,0.0,0,0
Open Images,9039a3d17b3cdd01,13,0,1,0,1,0,2,0,2,1,0,0,2,0.0164378929998747,0.0052100670000072,0.0054768550000972,0.0271253959999739,0.5826175371805826,0.5662806046009063,0,0,0,0,0,1,0,0.0,0.0,0.0,0.0,0,1,0,0.0,0.0,0.0,0.0,0,0,0,0.0,0.0,0.0,0,0,0,0.0,0.0,0.0,0,0
Open Images,90933aea042430bd,31,0,6,0,5,28,10,28,38,26,0,0,10,0.0153280800000175,0.0072751100001369,0.0072784310000315,0.0298822770000697,4.257489364941915,4.086870394647123,0,0,0,0,0,5,0,0.0,0.0,0.0,0.0,0,5,0,0.0,0.0,0.0,0.0,0,0,0,0.0,0.0,0.0,0,0,0,0.0,0.0,0.0,0,0
Open Images,91271214e694cc03,12,1,1,0,2,2,4,2,6,5,0,0,4,0.0163483039998482,0.0056893619998845,0.0058393790000081,0.0278776259999631,1.5412632354100544,1.5482009866833686,0,0,0,0,1,1,0,0.5,1.0,0.6666666666666666,0.9590498380984552,1,1,0,0.5,1.0,0.6666666666666666,0.9590498380984552,0,0,0,0.0,0.0,0.0,0,0,0,0.0,0.0,0.0,0,0
Open Images,91e09bc4c8db7631,10,2,2,0,4,23,8,23,31,17,0,0,8,0.0169555410000157,0.0071980780001013,0.0070323229999758,0.0311865300000135,3.2379904715220142,3.0189948743581785,0,0,0,0,1,3,1,0.25,0.5,0.3333333333333333,0.7681974031442299,1,3,1,0.25,0.5,0.3333333333333333,0.7681974031442299,0,0,0,0.0,0.0,0.0,0,0,0,0.0,0.0,0.0,0,0
Open Images,9265227e8b79f7b5,23,1,2,0,4,23,8,23,31,17,0,0,8,0.019013323000081,0.0072679309998875,0.0068297069999516,0.0331115390001741,3.1490592257181813,2.881004489660264,0,0,0,0,1,3,0,0.25,1.0,0.4,0.7922073555287867,1,3,0,0.25,1.0,0.4,0.7922073555287867,0,0,0,0.0,0.0,0.0,0,0,0,0.0,0.0,0.0,0,0
Open Images,935ddd7147973bbe,12,0,1,0,4,31,8,31,39,17,0,0,8,0.0167705580001893,0.0077268779998576,0.0080570730001454,0.0325551920000179,3.203559667021919,2.9556025858728967,0,0,0,0,0,4,0,0.0,0.0,0.0,0.0,0,4,0,0.0,0.0,0.0,0.0,0,0,0,0.0,0.0,0.0,0,0,0,0.0,0.0,0.0,0,0
Open Images,940e335cf9bb61ce,10,0,1,0,7,81,14,81,95,50,0,0,14,0.0179662749999351,0.0105311400000118,0.0098742440000023,0.0383723079999072,5.71983444372813,5.3214744850993165,0,0,0,0,0,7,0,0.0,0.0,0.0,0.0,0,7,0,0.0,0.0,0.0,0.0,0,0,0,0.0,0.0,0.0,0,0,0,0.0,0.0,0.0,0,0
Open Images,976649e55a61ced7,9,0,4,0,4,22,8,22,30,17,0,0,8,0.0167596460000822,0.0071595910001178,0.0071956280000904,0.0311154650000844,3.5440434913012373,3.4390377146177475,0,0,0,0,0,4,0,0.0,0.0,0.0,0.0,0,4,0,0.0,0.0,0.0,0.0,0,0,0,0.0,0.0,0.0,0,0,0,0.0,0.0,0.0,0,0
Open Images,9795c20f42516f05,13,0,4,0,1,0,2,0,2,1,0,0,2,0.0187295000000631,0.0059771310000087,0.0067795909999404,0.0314868149998801,0.585890261332194,0.5709033274650575,0,0,0,0,0,1,0,0.0,0.0,0.0,0.0,0,1,0,0.0,0.0,0.0,0.0,0,0,0,0.0,0.0,0.0,0,0,0,0.0,0.0,0.0,0,0
Open Images,97b57bf58e7b224d,20,1,1,0,3,10,6,10,16,10,0,0,6,0.0150035920000846,0.0058231729999533,0.0058789369998066,0.0267062390000774,2.596186239719392,2.5176130636036405,0,0,0,0,1,2,0,0.3333333333333333,1.0,0.5,0.9792899599784916,1,2,0,0.3333333333333333,1.0,0.5,0.9792899599784916,0,0,0,0.0,0.0,0.0,0,0,0,0.0,0.0,0.0,0,0
Open Images,988888b4794b2981,10,1,7,0,3,12,6,12,18,10,0,0,6,0.0161483459999089,0.0063450830000419,0.0056824629998573,0.0281764569999722,2.3341024589538577,2.147419723272324,0,0,0,0,0,3,1,0.0,0.0,0.0,0.0,0,3,1,0.0,0.0,0.0,0.0,0,0,0,0.0,0.0,0.0,0,0,0,0.0,0.0,0.0,0,0
Open Images,98dd164dfd089339,45,2,1,0,15,332,30,332,362,226,0,0,30,0.0254484319998482,0.0229452270000365,0.0220775160000812,0.0704718169999978,12.446752595901492,11.751038041710856,0,0,0,0,2,13,0,0.1333333333333333,1.0,0.2352941176470588,0.6989853310331668,2,13,0,0.1333333333333333,1.0,0.2352941176470588,0.6989853310331668,0,0,0,0.0,0.0,0.0,0,0,0,0.0,0.0,0.0,0,0
Open Images,9998b5a9eff9472b,30,2,1,0,2,3,4,3,7,5,0,0,4,0.0154757100001461,0.0055770970000139,0.0058834639999076,0.0269368389999726,1.351058164437612,1.2630363239347937,0,0,0,0,0,2,2,0.0,0.0,0.0,0.0,0,2,2,0.0,0.0,0.0,0.0,0,0,0,0.0,0.0,0.0,0,0,0,0.0,0.0,0.0,0,0
Open Images,99b2f15e3e4a9d13,11,0,3,0,1,0,2,0,2,1,0,0,2,0.01648970500014,0.0051826270000674,0.0058443150001039,0.0275170970000999,0.4483798662821452,0.3766698944568634,0,0,0,0,0,1,0,0.0,0.0,0.0,0.0,0,1,0,0.0,0.0,0.0,0.0,0,0,0,0.0,0.0,0.0,0,0,0,0.0,0.0,0.0,0,0
Open Images,9aa42339174d4689,24,0,2,0,3,10,6,10,16,10,0,0,6,0.0178422689998569,0.0059067830000003,0.0057137850001254,0.0294634179999775,2.488413043022156,2.365383423268795,0,0,0,0,0,3,0,0.0,0.0,0.0,0.0,0,3,0,0.0,0.0,0.0,0.0,0,0,0,0.0,0.0,0.0,0,0,0,0.0,0.0,0.0,0,0
Open Images,9abee97e903a6145,10,0,2,0,1,0,2,0,2,1,0,0,2,0.0192530019999139,0.0052995060000284,0.0051603039999008,0.0297133260000919,0.5132359425226847,0.4682791021466255,0,0,0,0,0,1,0,0.0,0.0,0.0,0.0,0,1,0,0.0,0.0,0.0,0.0,0,0,0,0.0,0.0,0.0,0,0,0,0.0,0.0,0.0,0,0
Open Images,9c1ff16b1dd2125b,8,0,2,0,1,0,2,0,2,1,0,0,2,0.0193390189999718,0.0055835440000464,0.0051813249999668,0.0301044349998846,0.5796619335810343,0.5621058145165443,0,0,0,0,0,1,0,0.0,0.0,0.0,0.0,0,1,0,0.0,0.0,0.0,0.0,0,0,0,0.0,0.0,0.0,0,0,0,0.0,0.0,0.0,0,0
Open Images,9d42af30c97b8e32,11,0,3,0,5,37,10,37,47,25,0,0,10,0.0196979360000568,0.008093669000118,0.0078236669999114,0.0356158970000706,4.029426850953839,3.691039369333924,0,0,0,0,0,5,0,0.0,0.0,0.0,0.0,0,5,0,0.0,0.0,0.0,0.0,0,0,0,0.0,0.0,0.0,0,0,0,0.0,0.0,0.0,0,0
Open Images,9db652b99ba0d220,28,0,1,0,2,2,4,2,6,5,0,0,4,0.0149179889999686,0.0059509960001378,0.0059319540000615,0.0268015080000623,1.4507993586858112,1.4204207608103752,0,0,0,0,0,2,0,0.0,0.0,0.0,0.0,0,2,0,0.0,0.0,0.0,0.0,0,0,0,0.0,0.0,0.0,0,0,0,0.0,0.0,0.0,0,0
Open Images,9e34df630c2d2301,10,0,1,0,1,0,2,0,2,1,0,0,2,0.0167772260001584,0.005559021999943,0.0050953600000411,0.0274321490001057,0.5820258299509684,0.5654448181390763,0,0,0,0,0,1,0,0.0,0.0,0.0,0.0,0,1,0,0.0,0.0,0.0,0.0,0,0,0,0.0,0.0,0.0,0,0,0,0.0,0.0,0.0,0,0
Open Images,9e525d25b1f5fca7,10,0,1,0,2,5,4,5,9,5,0,0,4,0.0211963809999815,0.0057479250001506,0.0061754430000746,0.0331203069999901,1.3592709024747212,1.2622618164122104,0,0,0,0,0,2,0,0.0,0.0,0.0,0.0,0,2,0,0.0,0.0,0.0,0.0,0,0,0,0.0,0.0,0.0,0,0,0,0.0,0.0,0.0,0,0
Open Images,9f791f1ac0364b02,16,0,7,0,3,13,6,13,19,10,0,0,6,0.0175481930000387,0.0059564529999533,0.0065733460000956,0.030078653999908,2.25735386133194,2.039012329131365,0,0,0,0,0,3,0,0.0,0.0,0.0,0.0,0,3,0,0.0,0.0,0.0,0.0,0,0,0,0.0,0.0,0.0,0,0,0,0.0,0.0,0.0,0,0
Open Images,a03a6011b066cd73,16,2,2,0,11,174,22,174,196,122,0,0,22,0.0197729710000658,0.0139736920000359,0.0140005020000444,0.0477477920001092,8.562586143811547,7.819319594800476,0,0,0,0,1,10,1,0.0909090909090909,0.5,0.1538461538461538,0.9661368147589576,1,10,1,0.0909090909090909,0.5,0.1538461538461538,0.9661368147589576,0,0,0,0.0,0.0,0.0,0,0,0,0.0,0.0,0.0,0,0
Open Images,a144cb066f688185,41,1,2,0,7,80,14,80,94,50,0,0,14,0.0238274819998878,0.0104905200000757,0.0096670089999406,0.0439856579998831,5.611793363691819,5.181258966824863,0,0,0,0,0,7,1,0.0,0.0,0.0,0.0,0,7,1,0.0,0.0,0.0,0.0,0,0,0,0.0,0.0,0.0,0,0,0,0.0,0.0,0.0,0,0
Open Images,a221ec1d89638d96,8,0,1,0,2,4,4,4,8,5,0,0,4,0.0191721969999889,0.0058787399998436,0.0057177050000518,0.0307692179999321,1.2396826775868734,1.1057184487581253,0,0,0,0,0,2,0,0.0,0.0,0.0,0.0,0,2,0,0.0,0.0,0.0,0.0,0,0,0,0.0,0.0,0.0,0,0,0,0.0,0.0,0.0,0,0
Open Images,a358a9eb26b043d3,5,0,2,0,4,27,8,27,35,17,0,0,8,0.0187534639999285,0.0075577130000965,0.0071903090001796,0.0335020310001255,3.2730471785676603,2.997280318668695,0,0,0,0,0,4,0,0.0,0.0,0.0,0.0,0,4,0,0.0,0.0,0.0,0.0,0,0,0,0.0,0.0,0.0,0,0,0,0.0,0.0,0.0,0,0
Open Images,a3e014e7509aba65,13,0,2,0,3,14,6,14,20,10,0,0,6,0.0178189890000339,0.0062064009998721,0.006002128999853,0.030028078999976,2.3304330801963813,2.1257367257773883,0,0,0,0,0,3,0,0.0,0.0,0.0,0.0,0,3,0,0.0,0.0,0.0,0.0,0,0,0,0.0,0.0,0.0,0,0,0,0.0,0.0,0.0,0,0
Open Images,a6a7dcf14dd9f0f1,13,0,1,0,1,0,2,0,2,1,0,0,2,0.0185237110001708,0.0052233349999823,0.0054078099999514,0.0291555240000889,0.6051945606867473,0.5981706503033638,0,0,0,0,0,1,0,0.0,0.0,0.0,0.0,0,1,0,0.0,0.0,0.0,0.0,0,0,0,0.0,0.0,0.0,0,0,0,0.0,0.0,0.0,0,0
Open Images,a6b74e491c688fbd,18,2,2,0,4,19,8,19,27,17,0,0,8,0.0178799839998191,0.0066664030000538,0.006853140999965,0.0314001550000284,3.2537753269923813,3.0296560329052897,0,0,0,0,1,3,1,0.25,0.5,0.3333333333333333,0.9117000468218404,1,3,1,0.25,0.5,0.3333333333333333,0.9117000468218404,0,0,0,0.0,0.0,0.0,0,0,0,0.0,0.0,0.0,0,0
Open Images,a7f4ab4e7b501e74,9,2,5,0,8,101,16,101,117,65,0,0,16,0.0196434999998018,0.0106684509999013,0.0102856990001782,0.0405984229998921,6.614215892155968,6.23324661433697,0,0,0,0,2,6,0,0.25,1.0,0.4,0.7212813663764861,2,6,0,0.25,1.0,0.4,0.7212813663764861,0,0,0,0.0,0.0,0.0,0,0,0,0.0,0.0,0.0,0,0
Open Images,a80e58d34f5a2233,10,1,1,0,2,4,4,4,8,5,0,0,4,0.0153535460001421,0.0060179409999818,0.0059135100000276,0.0272856579999825,1.5806558163960776,1.5873430073261263,0,0,0,0,1,1,0,0.5,1.0,0.6666666666666666,0.9850947420870974,1,1,0,0.5,1.0,0.6666666666666666,0.9850947420870974,0,0,0,0.0,0.0,0.0,0,0,0,0.0,0.0,0.0,0,0
Open Images,a83d31d69e28914b,10,1,2,0,11,205,22,205,227,122,0,0,22,0.0184507520000352,0.0160284589999264,0.0155174129999977,0.0499974340000335,9.480586336474117,9.042055934687946,0,0,0,0,1,10,0,0.0909090909090909,1.0,0.1666666666666666,0.9426847728673574,1,10,0,0.0909090909090909,1.0,0.1666666666666666,0.9426847728673574,0,0,0,0.0,0.0,0.0,0,0,0,0.0,0.0,0.0,0,0
Open Images,a8b14d4a442bf4a8,5,0,2,0,3,12,6,12,18,10,0,0,6,0.0162551640000856,0.0061184020000837,0.0059562369999639,0.028330434000054,2.4438623499870307,2.30245556935668,0,0,0,0,0,3,0,0.0,0.0,0.0,0.0,0,3,0,0.0,0.0,0.0,0.0,0,0,0,0.0,0.0,0.0,0,0,0,0.0,0.0,0.0,0,0
Open Images,aa6c7c9bf1188b05,14,4,1,0,5,42,10,42,52,26,0,0,10,0.0247554719999243,0.0084987350001028,0.008485377999932,0.0417402049999964,3.88495486577352,3.544165414571764,0,0,0,0,1,4,3,0.2,0.25,0.2222222222222222,0.8859254064672858,1,4,3,0.2,0.25,0.2222222222222222,0.8859254064672858,0,0,0,0.0,0.0,0.0,0,0,0,0.0,0.0,0.0,0,0
Open Images,aacadd9f833b7c46,38,4,2,0,9,120,18,120,138,82,0,0,18,0.0186443950001375,0.0112961190000078,0.0113707259999955,0.0413119020001886,7.898010648438698,7.6455725286398,0,0,0,0,1,8,3,0.1111111111111111,0.25,0.1538461538461538,0.8917958816158086,1,8,3,0.1111111111111111,0.25,0.1538461538461538,0.8917958816158086,0,0,0,0.0,0.0,0.0,0,0,0,0.0,0.0,0.0,0,0
Open Images,abf1d637ed2122e8,12,0,2,0,2,4,4,4,8,5,0,0,4,0.0173402899999928,0.0059179259999382,0.0056215890001567,0.0288803079999979,1.4380087407430016,1.3858540129661563,0,0,0,0,0,2,0,0.0,0.0,0.0,0.0,0,2,0,0.0,0.0,0.0,0.0,0,0,0,0.0,0.0,0.0,0,0,0,0.0,0.0,0.0,0,0
Open Images,ad20808830930976,8,0,1,0,0,0,0,0,0,0,0,0,1,0.0185189070000433,0.0041492610000659,0.0039352820001568,0.0266039410000757,,,0,0,0,0,0,0,0,0.0,0.0,0.0,0.0,0,0,0,0.0,0.0,0.0,0.0,0,0,0,0.0,0.0,0.0,0,0,0,0.0,0.0,0.0,0,0
Open Images,ad6aca201fa51896,45,2,2,0,17,480,34,480,514,290,0,0,34,0.0219017570000232,0.0262558120000448,0.0271343370000067,0.0752927359999375,13.58747021993002,12.584968352317816,0,0,0,0,1,16,1,0.0588235294117647,0.5,0.1052631578947368,0.6153343011269216,1,16,1,0.0588235294117647,0.5,0.1052631578947368,0.6153343011269216,0,0,0,0.0,0.0,0.0,0,0,0,0.0,0.0,0.0,0,0
Open Images,ae3dd169da01729f,10,0,1,0,4,26,8,26,34,17,0,0,8,0.0183750630001213,0.006968573999984,0.0064679199999773,0.0318121200000405,3.200016209284465,2.9653562289476403,0,0,0,0,0,4,0,0.0,0.0,0.0,0.0,0,4,0,0.0,0.0,0.0,0.0,0,0,0,0.0,0.0,0.0,0,0,0,0.0,0.0,0.0,0,0
Open Images,aecc6fdf5a5f66b9,18,0,5,0,4,17,8,17,25,17,0,0,8,0.0203504280000288,0.0070373440000821,0.0062585419998413,0.0336469000001216,3.5350899998346974,3.455147958099843,0,0,0,0,0,4,0,0.0,0.0,0.0,0.0,0,4,0,0.0,0.0,0.0,0.0,0,0,0,0.0,0.0,0.0,0,0,0,0.0,0.0,0.0,0,0
Open Images,b1b9df89276a198b,10,1,3,0,3,12,6,12,18,10,0,0,6,0.058138326000062,0.0063772979999612,0.0060370149999471,0.0705531810001502,2.4417875790596018,2.2500249554216865,0,0,0,0,0,3,1,0.0,0.0,0.0,0.9315693441688652,0,3,1,0.0,0.0,0.0,0.9315693441688652,0,0,0,0.0,0.0,0.0,0,0,0,0.0,0.0,0.0,0,0
Open Images,b379c09ba49595b4,20,0,1,0,9,129,18,129,147,82,0,0,18,0.0231925969999338,0.0122951130001638,0.0115233530000296,0.0470116439998946,7.633874008655551,7.272472037225965,0,0,0,0,0,9,0,0.0,0.0,0.0,0.0,0,9,0,0.0,0.0,0.0,0.0,0,0,0,0.0,0.0,0.0,0,0,0,0.0,0.0,0.0,0,0
Open Images,b4068aa9b3b58fa8,16,0,1,0,3,10,6,10,16,10,0,0,6,0.0251860190001025,0.0060663560000193,0.0063308569999662,0.0375838520001252,2.5905633163452157,2.5096706843376166,0,0,0,0,0,3,0,0.0,0.0,0.0,0.0,0,3,0,0.0,0.0,0.0,0.0,0,0,0,0.0,0.0,0.0,0,0,0,0.0,0.0,0.0,0,0
Open Images,b432735a2d626bc2,21,0,6,0,3,10,6,10,16,10,0,0,6,0.020036409000113,0.0057917039998756,0.0058146659998783,0.0316433770001367,2.3020499976835485,2.110912029232764,0,0,0,0,0,3,0,0.0,0.0,0.0,0.0,0,3,0,0.0,0.0,0.0,0.0,0,0,0,0.0,0.0,0.0,0,0,0,0.0,0.0,0.0,0,0
Open Images,b4bf8713c7f34283,10,0,2,0,2,2,4,2,6,5,0,0,4,0.0170101060000433,0.0055575110000063,0.0054556600000523,0.0280238170000757,1.2221609719594315,1.0974690395593645,0,0,0,0,0,2,0,0.0,0.0,0.0,0.0,0,2,0,0.0,0.0,0.0,0.0,0,0,0,0.0,0.0,0.0,0,0,0,0.0,0.0,0.0,0,0
Open Images,b6d6e570eccdb5ec,10,0,3,0,1,0,2,0,2,1,0,0,2,0.0144266949998836,0.0054119230001106,0.0052775080000628,0.0251166900000043,0.6086383740107218,0.603035036623478,0,0,0,0,0,1,0,0.0,0.0,0.0,0.0,0,1,0,0.0,0.0,0.0,0.0,0,0,0,0.0,0.0,0.0,0,0,0,0.0,0.0,0.0,0,0
Open Images,b6ebb2fdb29dc778,40,1,4,0,8,82,16,82,98,65,0,0,16,0.0164660789998833,0.009628240999973,0.0099385769999571,0.0360335549999035,6.685861068566642,6.334445426017048,0,0,0,0,0,8,1,0.0,0.0,0.0,0.0,0,8,1,0.0,0.0,0.0,0.0,0,0,0,0.0,0.0,0.0,0,0,0,0.0,0.0,0.0,0,0
Open Images,b7904a8837396983,19,3,10,0,5,40,10,40,50,26,0,0,10,0.0204355449998274,0.0075943449999158,0.0079121359999589,0.0359426679999614,4.290394254525504,4.11684855118394,0,0,0,0,0,5,3,0.0,0.0,0.0,0.0,0,5,3,0.0,0.0,0.0,0.0,0,0,0,0.0,0.0,0.0,0,0,0,0.0,0.0,0.0,0,0
Open Images,b793c3cd82e1b00e,7,1,3,0,3,11,6,11,17,10,0,0,6,0.0153099649999148,0.0061197600000468,0.0059989320000113,0.0274292879998938,2.6099674201011664,2.5205789808928976,0,0,0,0,1,2,0,0.3333333333333333,1.0,0.5,0.6380185645318528,1,2,0,0.3333333333333333,1.0,0.5,0.6380185645318528,0,0,0,0.0,0.0,0.0,0,0,0,0.0,0.0,0.0,0,0
Open Images,b7d604c0f497cecf,13,0,2,0,2,5,4,5,9,5,0,0,4,0.0215410099999644,0.0060352730001795,0.0055743609998444,0.0331511919998774,1.2768352301915489,1.158196429312229,0,0,0,0,0,2,0,0.0,0.0,0.0,0.0,0,2,0,0.0,0.0,0.0,0.0,0,0,0,0.0,0.0,0.0,0,0,0,0.0,0.0,0.0,0,0
Open Images,b809013feee5805a,18,0,4,0,4,20,8,20,28,17,0,0,8,0.019001112000069,0.0071414970000205,0.0065918469999814,0.0327350069999283,3.5978413550059014,3.527284247279169,0,0,0,0,0,4,0,0.0,0.0,0.0,0.0,0,4,0,0.0,0.0,0.0,0.0,0,0,0,0.0,0.0,0.0,0,0,0,0.0,0.0,0.0,0,0
Open Images,b8d6dcbc1ee43a28,35,0,1,0,4,20,8,20,28,17,0,0,8,0.0186533090000011,0.0072998119999283,0.0070830280001246,0.0330367619999378,3.010934009043477,2.734469697016579,0,0,0,0,0,4,0,0.0,0.0,0.0,0.0,0,4,0,0.0,0.0,0.0,0.0,0,0,0,0.0,0.0,0.0,0,0,0,0.0,0.0,0.0,0,0
Open Images,ba2ce56c4a558b46,22,2,6,0,6,56,12,56,68,37,0,0,12,0.0150071840000691,0.0083734899999399,0.0086293260001184,0.0320105680000324,5.0988620153743724,4.866083521463344,0,0,0,0,2,4,0,0.3333333333333333,1.0,0.5,0.957474996727662,2,4,0,0.3333333333333333,1.0,0.5,0.957474996727662,0,0,0,0.0,0.0,0.0,0,0,0,0.0,0.0,0.0,0,0
Open Images,bb5aca7adfb2d415,21,2,2,0,3,12,6,12,18,10,0,0,6,0.0201968489998307,0.0062638330000481,0.0061339129999851,0.0325951659999645,2.6090494728088385,2.519282380342484,0,0,0,0,1,2,1,0.3333333333333333,0.5,0.4,0.9467081403821986,1,2,1,0.3333333333333333,0.5,0.4,0.9467081403821986,0,0,0,0.0,0.0,0.0,0,0,0,0.0,0.0,0.0,0,0
Open Images,bb872dbf60de40a0,12,0,2,0,13,293,26,293,319,170,0,0,26,0.0177857940000194,0.0190475179999793,0.0198813100000734,0.0567153580000194,10.34525156498471,9.52659070080041,0,0,0,0,0,13,0,0.0,0.0,0.0,0.0,0,13,0,0.0,0.0,0.0,0.0,0,0,0,0.0,0.0,0.0,0,0,0,0.0,0.0,0.0,0,0
Open Images,bd5c58974539e9ec,34,5,6,0,5,32,10,32,42,26,0,0,10,0.0208095139998931,0.0075120930000593,0.0074089900001581,0.0357311420000314,4.340569277604423,4.187720771282913,0,0,0,0,3,2,2,0.6,0.6,0.6,0.8084910203078083,3,2,2,0.6,0.6,0.6,0.8084910203078083,0,0,0,0.0,0.0,0.0,0,0,0,0.0,0.0,0.0,0,0
Open Images,be836aa24cb54cb3,8,1,2,0,4,26,8,26,34,17,0,0,8,0.0177248170000439,0.00703680599986,0.0074710989999857,0.0322334100001171,3.333680381081388,3.1403761933265986,0,0,0,0,1,3,0,0.25,1.0,0.4,0.5329218691262599,1,3,0,0.25,1.0,0.4,0.5329218691262599,0,0,0,0.0,0.0,0.0,0,0,0,0.0,0.0,0.0,0,0
Open Images,c09a331e62a12d04,47,1,40,0,2,6,4,6,10,5,0,0,4,0.0170158040000387,0.0063446209999256,0.0057752959999106,0.0291363240000919,1.3552859505017598,1.2360080717504025,0,0,0,0,0,2,1,0.0,0.0,0.0,0.8344733905322658,0,2,1,0.0,0.0,0.0,0.8344733905322658,0,0,0,0.0,0.0,0.0,0,0,0,0.0,0.0,0.0,0,0
Open Images,c10217d15b7b93a5,28,0,2,0,4,18,8,18,26,17,0,0,8,0.0205670159998589,0.0073095590000775,0.0069775559998106,0.0348547070000222,3.6324670855204273,3.5926930916309368,0,0,0,0,0,4,0,0.0,0.0,0.0,0.0,0,4,0,0.0,0.0,0.0,0.0,0,0,0,0.0,0.0,0.0,0,0,0,0.0,0.0,0.0,0,0
Open Images,c160e483b6c16f12,11,0,1,0,2,4,4,4,8,5,0,0,4,0.0180423520000658,0.0058952159999989,0.0057144509999034,0.0296525660000952,1.49038582166036,1.459836639761925,0,0,0,0,0,2,0,0.0,0.0,0.0,0.0,0,2,0,0.0,0.0,0.0,0.0,0,0,0,0.0,0.0,0.0,0,0,0,0.0,0.0,0.0,0,0
Open Images,c479beacc67d4b7d,4,1,1,0,1,0,2,0,2,1,0,0,2,0.0193797280001035,0.0054342889998224,0.0051362900001095,0.029950885000062,0.4569552103678385,0.3887825679779053,0,0,0,0,1,0,0,1.0,1.0,1.0,0.8570284438472607,1,0,0,1.0,1.0,1.0,0.8570284438472607,0,0,0,0.0,0.0,0.0,0,0,0,0.0,0.0,0.0,0,0
Open Images,c4a79ad7987f24b9,22,4,7,0,5,34,10,34,44,26,0,0,10,0.0227626610001152,0.0082160069998735,0.0073316299999532,0.0383108000000902,4.087061115105948,3.829640491753818,0,0,0,0,0,5,4,0.0,0.0,0.0,0.0,0,5,4,0.0,0.0,0.0,0.0,0,0,0,0.0,0.0,0.0,0,0,0,0.0,0.0,0.0,0,0
Open Images,c506cdf48321ee2e,5,0,1,0,4,25,8,25,33,17,0,0,8,0.0173370239999712,0.0072397059998365,0.0067578959999536,0.0313352069999837,3.235593005816143,3.0156084540486345,0,0,0,0,0,4,0,0.0,0.0,0.0,0.0,0,4,0,0.0,0.0,0.0,0.0,0,0,0,0.0,0.0,0.0,0,0,0,0.0,0.0,0.0,0,0
Open Images,c5398214bb3f6dda,17,1,2,0,3,12,6,12,18,10,0,0,6,0.0242418580000958,0.0061585490000197,0.0058702359999642,0.0362712030000693,2.273373742103577,2.061640410721302,0,0,0,0,0,3,1,0.0,0.0,0.0,0.0,0,3,1,0.0,0.0,0.0,0.0,0,0,0,0.0,0.0,0.0,0,0,0,0.0,0.0,0.0,0,0
Open Images,c705061238b1fe30,34,0,1,0,20,691,40,691,731,401,0,0,40,0.0200548569998773,0.0359594709998418,0.0403208089999225,0.0963359269999273,16.078878913351122,14.929680724519711,0,0,0,0,0,20,0,0.0,0.0,0.0,0.0,0,20,0,0.0,0.0,0.0,0.0,0,0,0,0.0,0.0,0.0,0,0,0,0.0,0.0,0.0,0,0
Open Images,c7a6a5f2a8f674ce,24,0,1,0,10,155,20,155,175,101,0,0,20,0.0165572589999101,0.0143626060000769,0.0143266769998717,0.0452472169999964,8.8439592757571,8.580751935417283,0,0,0,0,0,10,0,0.0,0.0,0.0,0.0,0,10,0,0.0,0.0,0.0,0.0,0,0,0,0.0,0.0,0.0,0,0,0,0.0,0.0,0.0,0,0
Open Images,c7e7654a5c583b13,6,0,1,0,2,4,4,4,8,5,0,0,4,0.0192984830000568,0.0057182909999937,0.0054697509999641,0.0304870859999937,1.4377448590596518,1.3854812800884249,0,0,0,0,0,2,0,0.0,0.0,0.0,0.0,0,2,0,0.0,0.0,0.0,0.0,0,0,0,0.0,0.0,0.0,0,0,0,0.0,0.0,0.0,0,0
Open Images,c864c741b7fa44f4,8,2,1,0,6,53,12,53,65,37,0,0,12,0.0179787360000318,0.0082030519999989,0.0079852210001263,0.0341676259999985,5.222564690113069,5.020122624784709,0,0,0,0,2,4,0,0.3333333333333333,1.0,0.5,0.939807743331588,2,4,0,0.3333333333333333,1.0,0.5,0.939807743331588,0,0,0,0.0,0.0,0.0,0,0,0,0.0,0.0,0.0,0,0
Open Images,c8a4a4786eea0ec5,8,3,2,0,5,37,10,37,47,25,0,0,10,0.0204290990000117,0.0073692040000423,0.0075370560000465,0.0353359240000372,4.209316297372184,4.002325936704875,0,0,0,0,3,2,0,0.6,1.0,0.7499999999999999,0.9108217237091164,3,2,0,0.6,1.0,0.7499999999999999,0.9108217237091164,0,0,0,0.0,0.0,0.0,0,0,0,0.0,0.0,0.0,0,0
Open Images,c9beadfaec7b5043,21,1,1,0,3,14,6,14,20,10,0,0,6,0.0208058770001571,0.00638742000001,0.006063893999908,0.0332576920000065,2.593978986740113,2.4979953187704096,0,0,0,0,1,2,0,0.3333333333333333,1.0,0.5,0.9546786715586454,1,2,0,0.3333333333333333,1.0,0.5,0.9546786715586454,0,0,0,0.0,0.0,0.0,0,0,0,0.0,0.0,0.0,0,0
Open Images,ca3ef34d7304dd6c,13,0,4,0,1,0,2,0,2,1,0,0,2,0.0206738170002154,0.0052013570000326,0.005098930000031,0.0309747070000412,0.612282148996989,0.6081818687915802,0,0,0,0,0,1,0,0.0,0.0,0.0,0.0,0,1,0,0.0,0.0,0.0,0.0,0,0,0,0.0,0.0,0.0,0,0,0,0.0,0.0,0.0,0,0
Open Images,cca11bfdbfa9f92f,11,0,8,0,0,0,0,0,0,0,0,0,1,0.0189559890000055,0.0042874769999343,0.0039849050001521,0.0272288300000127,,,0,0,0,0,0,0,0,0.0,0.0,0.0,0.0,0,0,0,0.0,0.0,0.0,0.0,0,0,0,0.0,0.0,0.0,0,0,0,0.0,0.0,0.0,0,0
Open Images,cdb2b707ef94db2c,20,0,11,0,2,4,4,4,8,5,0,0,4,0.0180269689999477,0.0062479770001573,0.0054257550000329,0.0297012799999265,1.2779594691594445,1.1597844168543818,0,0,0,0,0,2,0,0.0,0.0,0.0,0.0,0,2,0,0.0,0.0,0.0,0.0,0,0,0,0.0,0.0,0.0,0,0,0,0.0,0.0,0.0,0,0
Open Images,cddd3bc1bdb5ccb8,55,2,2,0,7,68,14,68,82,50,0,0,14,0.0187938619999386,0.0089305989999957,0.0091498940000747,0.0368749899998874,5.9783631030718505,5.723771216422321,0,0,0,0,2,5,0,0.2857142857142857,1.0,0.4444444444444445,0.788107777537812,2,5,0,0.2857142857142857,1.0,0.4444444444444445,0.788107777537812,0,0,0,0.0,0.0,0.0,0,0,0,0.0,0.0,0.0,0,0
Open Images,ce7aa02b052cb75a,27,0,1,0,9,115,18,115,133,82,0,0,18,0.0201996589998998,0.0116426290001072,0.0113945860000512,0.0432375599998522,7.13356492996216,6.578160463571551,0,0,0,0,0,9,0,0.0,0.0,0.0,0.0,0,9,0,0.0,0.0,0.0,0.0,0,0,0,0.0,0.0,0.0,0,0,0,0.0,0.0,0.0,0,0
Open Images,cf97377cb331bb4d,12,0,1,0,1,0,2,0,2,1,0,0,2,0.0183217910000621,0.0056960160000016,0.0054728430000068,0.0294912150000072,0.6415885845820108,0.6495772090554237,0,0,0,0,0,1,0,0.0,0.0,0.0,0.0,0,1,0,0.0,0.0,0.0,0.0,0,0,0,0.0,0.0,0.0,0,0,0,0.0,0.0,0.0,0,0
Open Images,d0d5130bf995f3dd,11,0,1,0,5,36,10,36,46,26,0,0,10,0.0249384240000836,0.0079032450000795,0.0074021299999458,0.0402444460000879,4.463798445065818,4.3370319703221325,0,0,0,0,0,5,0,0.0,0.0,0.0,0.0,0,5,0,0.0,0.0,0.0,0.0,0,0,0,0.0,0.0,0.0,0,0,0,0.0,0.0,0.0,0,0
Open Images,d1a9733014ce4e89,22,9,1,0,6,56,12,56,68,37,0,0,12,0.0376001540000743,0.0083349689998613,0.0082455120000304,0.0541812170001776,5.330303592681886,5.197053824663164,0,0,0,0,5,1,4,0.8333333333333334,0.5555555555555556,0.6666666666666667,0.8579107723676322,5,1,4,0.8333333333333334,0.5555555555555556,0.6666666666666667,0.8579107723676322,0,0,0,0.0,0.0,0.0,0,0,0,0.0,0.0,0.0,0,0
Open Images,d1ef645e3687eb31,21,0,9,0,6,56,12,56,68,37,0,0,12,0.0174583190000703,0.0091331229998559,0.0085818659999858,0.0351738639999439,4.975363973021352,4.687597884028996,0,0,0,0,0,6,0,0.0,0.0,0.0,0.0,0,6,0,0.0,0.0,0.0,0.0,0,0,0,0.0,0.0,0.0,0,0,0,0.0,0.0,0.0,0,0
Open Images,d29f095f98aec84f,3,0,1,0,11,209,22,209,231,122,0,0,22,0.0174570450001283,0.0159262239999407,0.0165564240001003,0.0499403540000003,8.690324049858011,7.905267070599156,0,0,0,0,0,11,0,0.0,0.0,0.0,0.0,0,11,0,0.0,0.0,0.0,0.0,0,0,0,0.0,0.0,0.0,0,0,0,0.0,0.0,0.0,0,0
Open Images,d2d5e5cc2b420898,68,10,2,0,15,366,30,366,396,226,0,0,30,0.0195645879998664,0.0244459460000143,0.0241747709999344,0.0681860809997942,12.13721514877925,11.301204136135674,0,0,0,0,6,9,4,0.4,0.6,0.48,0.7905923475353515,6,9,4,0.4,0.6,0.48,0.7905923475353515,0,0,0,0.0,0.0,0.0,0,0,0,0.0,0.0,0.0,0,0
Open Images,d2fd5a5b75deb8e6,22,1,3,0,10,173,20,173,193,101,0,0,20,0.021310504999974,0.0155593089998546,0.0155382390000795,0.05240886699994,9.00402994439661,8.749057273622945,0,0,0,0,1,9,0,0.1,1.0,0.1818181818181818,0.7266174791571047,1,9,0,0.1,1.0,0.1818181818181818,0.7266174791571047,0,0,0,0.0,0.0,0.0,0,0,0,0.0,0.0,0.0,0,0
Open Images,d32f37b94e40e78a,39,1,3,0,4,19,8,19,27,17,0,0,8,0.0167668840001624,0.0077434709999124,0.0077053760001035,0.032216285000004,3.561193591753643,3.4920192816853537,0,0,0,0,1,3,0,0.25,1.0,0.4,0.9500045925959172,1,3,0,0.25,1.0,0.4,0.9500045925959172,0,0,0,0.0,0.0,0.0,0,0,0,0.0,0.0,0.0,0,0
Open Images,d44801d0b7da712e,7,1,2,0,5,37,10,37,47,26,0,0,10,0.0212302310001177,0.0094499289998566,0.0090599039999688,0.0397407640000437,4.268776495540458,4.009168782417296,0,0,0,0,1,4,0,0.2,1.0,0.3333333333333333,0.9351238762362308,1,4,0,0.2,1.0,0.3333333333333333,0.9351238762362308,0,0,0,0.0,0.0,0.0,0,0,0,0.0,0.0,0.0,0,0
Open Images,d4a83afb84b0f902,5,0,4,0,3,12,6,12,18,10,0,0,6,0.0177281839999068,0.0072581450001507,0.0066402500001458,0.0316271540000343,2.423783169772157,2.279550334598551,0,0,0,0,0,3,0,0.0,0.0,0.0,0.0,0,3,0,0.0,0.0,0.0,0.0,0,0,0,0.0,0.0,0.0,0,0,0,0.0,0.0,0.0,0,0
Open Images,d4c9a417b5e7ba37,9,0,2,0,4,21,8,21,29,17,0,0,8,0.0199137039999186,0.0071233870000924,0.0075258760000451,0.0345635409998976,3.470560230414073,3.335124658793212,0,0,0,0,0,4,0,0.0,0.0,0.0,0.0,0,4,0,0.0,0.0,0.0,0.0,0,0,0,0.0,0.0,0.0,0,0,0,0.0,0.0,0.0,0,0
Open Images,d5a1e51d937f330f,24,7,2,0,11,203,22,203,225,122,0,0,22,0.0187303889999839,0.0149940930000411,0.014644275999899,0.0483693850001145,8.549361068241328,7.780930917146336,0,0,0,0,3,8,4,0.2727272727272727,0.4285714285714285,0.3333333333333332,0.804982075650256,3,8,4,0.2727272727272727,0.4285714285714285,0.3333333333333332,0.804982075650256,0,0,0,0.0,0.0,0.0,0,0,0,0.0,0.0,0.0,0,0
Open Images,d6bdc197b5645e29,4,0,2,0,4,20,8,20,28,17,0,0,8,0.0142635659999541,0.006857785999955,0.0065980239999134,0.0277199759998438,3.2561595952964195,2.9940992280300827,0,0,0,0,0,4,0,0.0,0.0,0.0,0.0,0,4,0,0.0,0.0,0.0,0.0,0,0,0,0.0,0.0,0.0,0,0,0,0.0,0.0,0.0,0,0
Open Images,d7f48eef89b429ff,9,1,3,0,3,9,6,9,15,10,0,0,6,0.0172468719999869,0.0058754159999807,0.0055399179998403,0.0286628280000513,2.621569908874614,2.5394516289406845,0,0,0,0,1,2,0,0.3333333333333333,1.0,0.5,0.8676710375603031,1,2,0,0.3333333333333333,1.0,0.5,0.8676710375603031,0,0,0,0.0,0.0,0.0,0,0,0,0.0,0.0,0.0,0,0
Open Images,d8241d4c97b7bdc7,5,0,2,0,1,0,2,0,2,1,0,0,2,0.0158320369998818,0.0052844389999791,0.0050912730000618,0.0262083610000445,0.5648168961207072,0.5411371991038323,0,0,0,0,0,1,0,0.0,0.0,0.0,0.0,0,1,0,0.0,0.0,0.0,0.0,0,0,0,0.0,0.0,0.0,0,0,0,0.0,0.0,0.0,0,0
Open Images,d92f7bdf1bfbcb31,9,1,1,0,2,2,4,2,6,5,0,0,4,0.0168537170000036,0.0059092910000799,0.0055954639999526,0.0283590989999993,1.5245834477742513,1.5246407866477965,0,0,0,0,1,1,0,0.5,1.0,0.6666666666666666,0.8427567838960937,1,1,0,0.5,1.0,0.6666666666666666,0.8427567838960937,0,0,0,0.0,0.0,0.0,0,0,0,0.0,0.0,0.0,0,0
Open Images,d9e9a8b9befb3f51,18,2,1,0,3,11,6,11,17,10,0,0,6,0.0183210889999827,0.006012217000034,0.005707847999929,0.0300416720001521,2.6418322638701945,2.5599368495773818,0,0,0,0,1,2,1,0.3333333333333333,0.5,0.4,0.5861688015857311,1,2,1,0.3333333333333333,0.5,0.4,0.5861688015857311,0,0,0,0.0,0.0,0.0,0,0,0,0.0,0.0,0.0,0,0
Open Images,dabd65b40c5f53fc,29,11,5,0,15,389,30,389,419,226,0,0,30,0.0197575509998841,0.0241346319999138,0.0241023240000686,0.0679951849999724,12.33690723152169,11.545809374314633,0,0,0,0,3,12,8,0.2,0.2727272727272727,0.2307692307692307,0.9381638459012694,3,12,8,0.2,0.2727272727272727,0.2307692307692307,0.9381638459012694,0,0,0,0.0,0.0,0.0,0,0,0,0.0,0.0,0.0,0,0
Open Images,db73cb1e1bbecd08,3,1,2,0,0,0,0,0,0,0,0,0,1,0.0243002180000075,0.0047447140000258,0.0042750200000227,0.0333203500001673,,,0,0,0,0,0,0,1,0.0,0.0,0.0,0.0,0,0,1,0.0,0.0,0.0,0.0,0,0,0,0.0,0.0,0.0,0,0,0,0.0,0.0,0.0,0,0
Open Images,db9455699be59212,26,0,2,0,2,4,4,4,8,5,0,0,4,0.0156289849999211,0.0062725510001655,0.0055040270001427,0.0274061380000603,1.4472813876469934,1.3989516267180448,0,0,0,0,0,2,0,0.0,0.0,0.0,0.0,0,2,0,0.0,0.0,0.0,0.0,0,0,0,0.0,0.0,0.0,0,0,0,0.0,0.0,0.0,0,0
Open Images,dd1160459778fdd6,14,1,1,0,1,0,2,0,2,1,0,0,2,0.0240556670000842,0.0057789490001596,0.0055964270000004,0.0354315900001438,0.5929556290308635,0.5808831593394279,0,0,0,0,0,1,1,0.0,0.0,0.0,0.5421153439530689,0,1,1,0.0,0.0,0.0,0.5421153439530689,0,0,0,0.0,0.0,0.0,0,0,0,0.0,0.0,0.0,0,0
Open Images,dd424886ee4db1df,44,0,1,0,6,48,12,48,60,37,0,0,12,0.0259096150000459,0.009330263000038,0.0086759490000076,0.0439164530000653,5.3407501411438005,5.211809574365618,0,0,0,0,0,6,0,0.0,0.0,0.0,0.0,0,6,0,0.0,0.0,0.0,0.0,0,0,0,0.0,0.0,0.0,0,0,0,0.0,0.0,0.0,0,0
Open Images,dd5cce09d5f254cc,13,0,3,0,2,8,4,8,12,5,0,0,4,0.0199565740001617,0.0067212840001502,0.0056105720000232,0.0322890330000973,1.170320120652517,1.0077438370883467,0,0,0,0,0,2,0,0.0,0.0,0.0,0.0,0,2,0,0.0,0.0,0.0,0.0,0,0,0,0.0,0.0,0.0,0,0,0,0.0,0.0,0.0,0,0
Open Images,dd7c6dbfee84e796,25,1,1,0,13,286,26,286,312,170,0,0,26,0.0211504499998227,0.0189546909998625,0.0183434890000171,0.0584495359998982,11.169107383886978,10.711322513073686,0,0,0,0,1,12,0,0.0769230769230769,1.0,0.1428571428571428,0.5778950859962058,1,12,0,0.0769230769230769,1.0,0.1428571428571428,0.5778950859962058,0,0,0,0.0,0.0,0.0,0,0,0,0.0,0.0,0.0,0,0
Open Images,ddebe5a86b2713c4,8,0,2,0,4,28,8,28,36,17,0,0,8,0.0202285079999455,0.008142153000108,0.0076583039999604,0.0360295709999718,3.4527778355280567,3.3223820260167134,0,0,0,0,0,4,0,0.0,0.0,0.0,0.0,0,4,0,0.0,0.0,0.0,0.0,0,0,0,0.0,0.0,0.0,0,0,0,0.0,0.0,0.0,0,0
Open Images,de578e711d5d2712,8,0,8,0,3,10,6,10,16,10,0,0,6,0.0188618899999255,0.0064812630000687,0.0057418250000864,0.031085621000102,2.647193374633789,2.622660641670228,0,0,0,0,0,3,0,0.0,0.0,0.0,0.0,0,3,0,0.0,0.0,0.0,0.0,0,0,0,0.0,0.0,0.0,0,0,0,0.0,0.0,0.0,0,0
Open Images,df0179678dcd6762,23,3,2,0,14,365,28,365,393,197,0,0,28,0.0223806359999798,0.0236793270000816,0.0216797370001131,0.0677403470001536,11.70607043622562,11.02179838084806,0,0,0,0,2,12,1,0.1428571428571428,0.6666666666666666,0.2352941176470588,0.8114570350191226,2,12,1,0.1428571428571428,0.6666666666666666,0.2352941176470588,0.8114570350191226,0,0,0,0.0,0.0,0.0,0,0,0,0.0,0.0,0.0,0,0
Open Images,df01a6bc5ed9029e,38,0,2,0,15,392,30,392,422,226,0,0,30,0.018683244000158,0.0227563729999928,0.0242801760000475,0.065720672999987,12.729690272014626,12.103227372866158,0,0,0,0,0,15,0,0.0,0.0,0.0,0.0,0,15,0,0.0,0.0,0.0,0.0,0,0,0,0.0,0.0,0.0,0,0,0,0.0,0.0,0.0,0,0
Open Images,e0aa41e2ede3de7d,13,0,4,0,2,6,4,6,10,5,0,0,4,0.0178005210000264,0.0077116639999985,0.006510100000014,0.0320229149999704,1.3148277791341147,1.2118609046936035,0,0,0,0,0,2,0,0.0,0.0,0.0,0.0,0,2,0,0.0,0.0,0.0,0.0,0,0,0,0.0,0.0,0.0,0,0,0,0.0,0.0,0.0,0,0
Open Images,e12d3e0517297b73,5,0,1,0,1,0,2,0,2,1,0,0,2,0.0223578879999877,0.0061570620000566,0.0058357030000024,0.0343513550001262,0.4225497762362162,0.3401848922669888,0,0,0,0,0,1,0,0.0,0.0,0.0,0.0,0,1,0,0.0,0.0,0.0,0.0,0,0,0,0.0,0.0,0.0,0,0,0,0.0,0.0,0.0,0,0
Open Images,e216dd92c7f1e961,32,5,1,0,20,691,40,691,731,401,0,0,40,0.0236136670000632,0.0423751089999768,0.0395495559998835,0.1055389880000348,16.349251610986066,15.264911882133951,0,0,0,0,2,18,3,0.1,0.4,0.16,0.9043973216266096,2,18,3,0.1,0.4,0.16,0.9043973216266096,0,0,0,0.0,0.0,0.0,0,0,0,0.0,0.0,0.0,0,0
Open Images,e3f5e554f66f6595,64,2,9,0,15,382,30,382,412,226,0,0,30,0.0240493789999618,0.0258336529998359,0.025723384999992,0.0756072189999486,12.465464237635684,11.737493301933355,0,0,0,0,1,14,1,0.0666666666666666,0.5,0.1176470588235294,0.7141905851486812,1,14,1,0.0666666666666666,0.5,0.1176470588235294,0.7141905851486812,0,0,0,0.0,0.0,0.0,0,0,0,0.0,0.0,0.0,0,0
Open Images,e6697a9f8ec12c82,7,0,1,0,2,2,4,2,6,5,0,0,4,0.0231397850000121,0.005999164999821,0.0059595529999114,0.0350991550001253,1.2469763406117755,1.1325207477808,0,0,0,0,0,2,0,0.0,0.0,0.0,0.0,0,2,0,0.0,0.0,0.0,0.0,0,0,0,0.0,0.0,0.0,0,0,0,0.0,0.0,0.0,0,0
Open Images,e91b89ea86367570,13,0,3,0,2,2,4,2,6,5,0,0,4,0.0171511440000813,0.0056703949999246,0.0055915519999416,0.0284136550001221,1.435548294385274,1.3988786324858664,0,0,0,0,0,2,0,0.0,0.0,0.0,0.0,0,2,0,0.0,0.0,0.0,0.0,0,0,0,0.0,0.0,0.0,0,0,0,0.0,0.0,0.0,0,0
Open Images,e955e464ee18492a,17,1,1,0,2,4,4,4,8,5,0,0,4,0.0210076320001917,0.0062576329999046,0.0058464449998609,0.0331122520001372,1.398810246785482,1.33048614025116,0,0,0,0,1,1,0,0.5,1.0,0.6666666666666666,0.9008131454655446,1,1,0,0.5,1.0,0.6666666666666666,0.9008131454655446,0,0,0,0.0,0.0,0.0,0,0,0,0.0,0.0,0.0,0,0
Open Images,ea0cd65da3d17cb6,12,1,2,0,4,16,8,16,24,17,0,0,8,0.0155804850001004,0.0068465120000382,0.0071715659998972,0.0295991789998879,3.1796697227160147,2.936616816669704,0,0,0,0,1,3,0,0.25,1.0,0.4,0.9576826105842164,1,3,0,0.25,1.0,0.4,0.9576826105842164,0,0,0,0.0,0.0,0.0,0,0,0,0.0,0.0,0.0,0,0
Open Images,ea2a84f5d29be501,8,0,2,0,3,14,6,14,20,10,0,0,6,0.0216371229998912,0.006142121999801,0.00606090999986,0.0338407369999913,2.3616968428460927,2.160420238312897,0,0,0,0,0,3,0,0.0,0.0,0.0,0.0,0,3,0,0.0,0.0,0.0,0.0,0,0,0,0.0,0.0,0.0,0,0,0,0.0,0.0,0.0,0,0
Open Images,eadce84978423613,13,1,5,0,1,0,2,0,2,1,0,0,2,0.0233738449999236,0.0053209510001579,0.005360858999893,0.0340561880000223,0.6263865629831951,0.6281043535470963,0,0,0,0,0,1,1,0.0,0.0,0.0,0.0,0,1,1,0.0,0.0,0.0,0.0,0,0,0,0.0,0.0,0.0,0,0,0,0.0,0.0,0.0,0,0
Open Images,ecbbb807ff44e14d,23,1,1,0,2,2,4,2,6,5,0,0,4,0.0142266809998545,0.0053895290000127,0.0056210010000086,0.0252377599999817,1.335732234319051,1.2578884476423262,0,0,0,0,0,2,1,0.0,0.0,0.0,0.0,0,2,1,0.0,0.0,0.0,0.0,0,0,0,0.0,0.0,0.0,0,0,0,0.0,0.0,0.0,0,0
Open Images,ed583cb7dc069691,40,1,1,0,2,4,4,4,8,5,0,0,4,0.0169302479998805,0.0055747530000189,0.0057879769999544,0.028293579999854,1.498928033538598,1.4832294964074473,0,0,0,0,0,2,1,0.0,0.0,0.0,0.0,0,2,1,0.0,0.0,0.0,0.0,0,0,0,0.0,0.0,0.0,0,0,0,0.0,0.0,0.0,0,0
Open Images,f00d696f4d0663e1,20,0,2,0,1,0,2,0,2,1,0,0,2,0.056736568000133,0.0060403360000691,0.0052568070000234,0.0680342269999982,0.6155933777491251,0.6128589794039727,0,0,0,0,0,1,0,0.0,0.0,0.0,0.0,0,1,0,0.0,0.0,0.0,0.0,0,0,0,0.0,0.0,0.0,0,0,0,0.0,0.0,0.0,0,0
Open Images,f0ec9c4728c00172,8,5,5,0,3,10,6,10,16,10,0,0,6,0.0209331290000136,0.0058199029999741,0.0057053320001614,0.0324588930000118,2.2569396805763247,2.0384272988140584,0,0,0,0,1,2,4,0.3333333333333333,0.2,0.25,0.9269897323880107,1,2,4,0.3333333333333333,0.2,0.25,0.9269897323880107,0,0,0,0.0,0.0,0.0,0,0,0,0.0,0.0,0.0,0,0
Open Images,f185f8f2d67d0067,8,0,5,0,1,0,2,0,2,1,0,0,2,0.0167086660001132,0.0056428929999583,0.0050291899999592,0.0273812490002001,0.5953720013300579,0.5842962852120399,0,0,0,0,0,1,0,0.0,0.0,0.0,0.0,0,1,0,0.0,0.0,0.0,0.0,0,0,0,0.0,0.0,0.0,0,0,0,0.0,0.0,0.0,0,0
Open Images,f339b1c5438b5b7c,58,2,7,0,7,66,14,66,80,50,0,0,14,0.0200317470000754,0.0099193549999654,0.0096132369999395,0.0395649160000175,6.246626693407697,6.102693537771704,0,0,0,0,1,6,1,0.1428571428571428,0.5,0.2222222222222222,0.8079724323056396,1,6,1,0.1428571428571428,0.5,0.2222222222222222,0.8079724323056396,0,0,0,0.0,0.0,0.0,0,0,0,0.0,0.0,0.0,0,0
Open Images,f3e7fed441e35ccd,23,0,1,0,4,27,8,27,35,17,0,0,8,0.0179534369999601,0.0074550429999362,0.0069162889999461,0.0323253279998425,3.2780411746215865,3.0601725826772097,0,0,0,0,0,4,0,0.0,0.0,0.0,0.0,0,4,0,0.0,0.0,0.0,0.0,0,0,0,0.0,0.0,0.0,0,0,0,0.0,0.0,0.0,0,0
Open Images,f54cecf49c0397f5,12,0,1,0,3,10,6,10,16,10,0,0,6,0.0227143900001465,0.0061976020001566,0.0061227920000419,0.0350353290000384,2.3627036762237554,2.187818942666054,0,0,0,0,0,3,0,0.0,0.0,0.0,0.0,0,3,0,0.0,0.0,0.0,0.0,0,0,0,0.0,0.0,0.0,0,0,0,0.0,0.0,0.0,0,0
Open Images,f88b1b035c47011b,12,3,3,0,7,74,14,74,88,50,0,0,14,0.0197665559999222,0.0096313609999469,0.0090243289998852,0.0384228559998973,5.71500975529353,5.351784612685443,0,0,0,0,2,5,1,0.2857142857142857,0.6666666666666666,0.4,0.7774606057760761,2,5,1,0.2857142857142857,0.6666666666666666,0.4,0.7774606057760761,0,0,0,0.0,0.0,0.0,0,0,0,0.0,0.0,0.0,0,0
Open Images,f98e23895593ab01,23,0,3,0,5,40,10,40,50,26,0,0,10,0.0230874259998472,0.0078492469999673,0.0077289710000059,0.0386663110000427,3.98916116555532,3.691356813013555,0,0,0,0,0,5,0,0.0,0.0,0.0,0.0,0,5,0,0.0,0.0,0.0,0.0,0,0,0,0.0,0.0,0.0,0,0,0,0.0,0.0,0.0,0,0
Open Images,f9d76673400715e9,12,0,1,0,1,0,2,0,2,1,0,0,2,0.0302164729998821,0.0063176969999858,0.0055454719999943,0.0420801919999576,0.6222742716471354,0.6222957420349122,0,0,0,0,0,1,0,0.0,0.0,0.0,0.0,0,1,0,0.0,0.0,0.0,0.0,0,0,0,0.0,0.0,0.0,0,0,0,0.0,0.0,0.0,0,0
Open Images,f9e161f84d07e4c0,15,0,1,0,1,0,2,0,2,1,0,0,2,0.0228307749998748,0.0067394029999832,0.0060639789999186,0.03563503700002,0.6374839941660564,0.6437794750928879,0,0,0,0,0,1,0,0.0,0.0,0.0,0.0,0,1,0,0.0,0.0,0.0,0.0,0,0,0,0.0,0.0,0.0,0,0,0,0.0,0.0,0.0,0,0
Open Images,f9e68389f2422650,11,0,6,0,1,0,2,0,2,1,0,0,2,0.0218773209999199,0.007035660999918,0.0066775489999599,0.0355911389999619,0.3856588880221049,0.2880765126645565,0,0,0,0,0,1,0,0.0,0.0,0.0,0.0,0,1,0,0.0,0.0,0.0,0.0,0,0,0,0.0,0.0,0.0,0,0,0,0.0,0.0,0.0,0,0
Open Images,fb29a634ec39a4c1,33,2,2,0,11,172,22,172,194,122,0,0,22,0.0196393109999917,0.0153816550000556,0.0137881010000455,0.0488100549998762,8.709015622933709,8.02615123406053,0,0,0,0,1,10,1,0.0909090909090909,0.5,0.1538461538461538,0.7893374152669147,1,10,1,0.0909090909090909,0.5,0.1538461538461538,0.7893374152669147,0,0,0,0.0,0.0,0.0,0,0,0,0.0,0.0,0.0,0,0
Open Images,fc14f1cce131d551,28,0,3,0,4,20,8,20,28,17,0,0,8,0.0237455480000789,0.0076950440000018,0.0081446110000342,0.0395860270000412,3.5278924671808887,3.4284814432263384,0,0,0,0,0,4,0,0.0,0.0,0.0,0.0,0,4,0,0.0,0.0,0.0,0.0,0,0,0,0.0,0.0,0.0,0,0,0,0.0,0.0,0.0,0,0
Open Images,fcae2d2574521a1a,15,0,4,0,2,4,4,4,8,5,0,0,4,0.0197992359999261,0.0058858889999555,0.0053916640001716,0.0310773640001116,1.3626738937695824,1.2794435416162018,0,0,0,0,0,2,0,0.0,0.0,0.0,0.0,0,2,0,0.0,0.0,0.0,0.0,0,0,0,0.0,0.0,0.0,0,0,0,0.0,0.0,0.0,0,0
Open Images,fcfbd8e754fea64f,26,0,2,0,5,32,10,32,42,26,0,0,10,0.0183415210001385,0.0073827490000439,0.0069923060000292,0.0327171610001642,4.295860453446707,4.12456955716014,0,0,0,0,0,5,0,0.0,0.0,0.0,0.0,0,5,0,0.0,0.0,0.0,0.0,0,0,0,0.0,0.0,0.0,0,0,0,0.0,0.0,0.0,0,0
Open Images,fd29da80d062d4df,18,0,1,0,3,10,6,10,16,10,0,0,6,0.0153062369997769,0.0063120250001702,0.005652229999896,0.0272710669999014,2.3869811558723453,2.172610882669688,0,0,0,0,0,3,0,0.0,0.0,0.0,0.0,0,3,0,0.0,0.0,0.0,0.0,0,0,0,0.0,0.0,0.0,0,0,0,0.0,0.0,0.0,0,0
Open Images,fdef6eed1051dd32,12,0,1,0,2,6,4,6,10,5,0,0,4,0.0176099439997869,0.0060944879999169,0.0060907429999588,0.0297957919999589,1.2510389359792078,1.121759163737297,0,0,0,0,0,2,0,0.0,0.0,0.0,0.0,0,2,0,0.0,0.0,0.0,0.0,0,0,0,0.0,0.0,0.0,0,0,0,0.0,0.0,0.0,0,0
Open Images,fdefeec421b9a4df,42,0,1,0,22,838,44,838,882,485,0,0,44,0.0313083969999752,0.044236168999987,0.042901927999992,0.1184471889998803,18.2079258910815,17.155653654485945,0,0,0,0,0,22,0,0.0,0.0,0.0,0.0,0,22,0,0.0,0.0,0.0,0.0,0,0,0,0.0,0.0,0.0,0,0,0,0.0,0.0,0.0,0,0
Open Images,fe600639ac5f36c1,30,0,2,0,6,57,12,57,69,37,0,0,12,0.0251071039999715,0.0092586430000665,0.0087701200000083,0.0431364989999565,5.31792480900768,5.164669837801493,0,0,0,0,0,6,0,0.0,0.0,0.0,0.0,0,6,0,0.0,0.0,0.0,0.0,0,0,0,0.0,0.0,0.0,0,0,0,0.0,0.0,0.0,0,0
Open Images,fe67317504c74466,8,0,1,0,3,14,6,14,20,10,0,0,6,0.0169580799999948,0.0065774600000167,0.0064054160000068,0.0299415639999551,2.368731985092164,2.1798339289426814,0,0,0,0,0,3,0,0.0,0.0,0.0,0.0,0,3,0,0.0,0.0,0.0,0.0,0,0,0,0.0,0.0,0.0,0,0,0,0.0,0.0,0.0,0,0
Open Images,ff50b6fca1c1d54b,20,1,6,0,5,38,10,38,48,26,0,0,10,0.0179012769999644,0.0079428930000631,0.0075446559999363,0.0333894679999957,4.172469111283621,3.950279286354781,0,0,0,0,1,4,0,0.2,1.0,0.3333333333333333,0.6225518865899726,1,4,0,0.2,1.0,0.3333333333333333,0.6225518865899726,0,0,0,0.0,0.0,0.0,0,0,0,0.0,0.0,0.0,0,0
Open Images,ffb2640fb0b5a865,20,1,6,0,2,4,4,4,8,5,0,0,4,0.0189884170001732,0.0054287269999804,0.0055139399999006,0.0299316810001073,1.356599574130295,1.2637672346746107,0,0,0,0,0,2,1,0.0,0.0,0.0,0.0,0,2,1,0.0,0.0,0.0,0.0,0,0,0,0.0,0.0,0.0,0,0,0,0.0,0.0,0.0,0,0
Open Images,ffddf3805faf3cbf,12,1,1,0,2,5,4,5,9,5,0,0,4,0.0152863900000284,0.0060630410000612,0.0056575669998437,0.0270076169999811,1.4386638641756797,1.3790131118796292,0,0,0,0,0,2,1,0.0,0.0,0.0,0.0,0,2,1,0.0,0.0,0.0,0.0,0,0,0,0.0,0.0,0.0,0,0,0,0.0,0.0,0.0,0,0
