dataset,image_id,raw_gt_boxes,eligible_gt_boxes,raw_gt_relations,eligible_gt_relations,n_objects,n_relation_candidates,n_label_variables,n_relation_variables,n_binary_variables,n_constraints,n_domain_constraints,n_range_constraints,relation_budget,candidate_build_time_s,solver_time_s,repair_time_s,solver_pipeline_time_s,solve_wrapper_time_s,end_to_end_time_s,solver_status,fallback,fallback_trigger,objective_value,violations,applicable_checks_Q,constraint_compliance_pct,traceability_rate_pct,explanation_completeness_pct,avg_evidence_items_per_assertion,detector_tp,detector_fp,detector_fn,detector_precision,detector_recall,detector_f1,detector_miou,local_tp,local_fp,local_fn,local_precision,local_recall,local_f1,local_miou,ocosl_tp,ocosl_fp,ocosl_fn,ocosl_precision,ocosl_recall,ocosl_f1,ocosl_miou,crf_tp,crf_fp,crf_fn,crf_precision,crf_recall,crf_f1,crf_miou,crf_time_s,crf_violations,crf_constraint_compliance_pct,rel_raw_tp,rel_raw_fp,rel_raw_fn,rel_raw_precision,rel_raw_recall,rel_raw_f1,rel_enrich_tp,rel_enrich_fp,rel_enrich_fn,rel_enrich_precision,rel_enrich_recall,rel_enrich_f1,crf_rel_raw_tp,crf_rel_raw_fp,crf_rel_raw_fn,crf_rel_raw_precision,crf_rel_raw_recall,crf_rel_raw_f1,crf_rel_enrich_tp,crf_rel_enrich_fp,crf_rel_enrich_fn,crf_rel_enrich_precision,crf_rel_enrich_recall,crf_rel_enrich_f1
COCO,397133,19,19,0,0,9,140,18,140,158,82,0,0,18,0.0160722059999898,0.0144447250004304,0.0,0.0144447250004304,0.0148220629998832,0.0313279390002207,Optimal,0,none,7.415990853309635,0,28,100.0,100.0,100.0,2.0,7,2,12,0.7777777777777778,0.3684210526315789,0.5,0.8169959153301155,7,2,12,0.7777777777777778,0.3684210526315789,0.5,0.8169959153301155,7,2,12,0.7777777777777778,0.3684210526315789,0.5,0.8169959153301155,7,2,12,0.7777777777777778,0.3684210526315789,0.5,0.8169959153301155,0.0003823379997811,0,100.0,0,0,0,0.0,0.0,0.0,0,0,0,0.0,0.0,0.0,0,0,0,0.0,0.0,0.0,0,0,0,0.0,0.0,0.0
COCO,37777,14,14,0,0,10,206,20,206,226,101,0,0,20,0.0139530270002978,0.0152520450001247,0.0,0.0152520450001247,0.0156729800000903,0.0302514879999762,Optimal,0,none,7.993419081874307,0,31,100.0,100.0,100.0,2.0,8,2,6,0.8,0.5714285714285714,0.6666666666666666,0.8665902376234738,8,2,6,0.8,0.5714285714285714,0.6666666666666666,0.8665902376234738,8,2,6,0.8,0.5714285714285714,0.6666666666666666,0.8665902376234738,8,2,6,0.8,0.5714285714285714,0.6666666666666666,0.8665902376234738,0.0005754940002589,0,100.0,0,0,0,0.0,0.0,0.0,0,0,0,0.0,0.0,0.0,0,0,0,0.0,0.0,0.0,0,0,0,0.0,0.0,0.0
COCO,252219,7,7,0,0,6,49,12,49,61,37,0,0,12,0.0137156089999734,0.0087075370001912,0.0,0.0087075370001912,0.0089296590003868,0.0228139340001689,Optimal,0,none,5.159939947814005,0,19,100.0,100.0,100.0,2.0,5,1,2,0.8333333333333334,0.7142857142857143,0.7692307692307692,0.9439183427943288,5,1,2,0.8333333333333334,0.7142857142857143,0.7692307692307692,0.9439183427943288,5,1,2,0.8333333333333334,0.7142857142857143,0.7692307692307692,0.9439183427943288,5,1,2,0.8333333333333334,0.7142857142857143,0.7692307692307692,0.9439183427943288,0.0001399379998474,0,100.0,0,0,0,0.0,0.0,0.0,0,0,0,0.0,0.0,0.0,0,0,0,0.0,0.0,0.0,0,0,0,0.0,0.0,0.0
COCO,87038,17,17,0,0,14,287,28,287,315,197,0,0,28,0.0173929280003903,0.01869866800007,0.0,0.01869866800007,0.0191828819997681,0.0373929280003721,Optimal,0,none,10.95348351704188,0,43,100.0,100.0,100.0,2.0,8,6,9,0.5714285714285714,0.4705882352941176,0.5161290322580646,0.7713169576311789,8,6,9,0.5714285714285714,0.4705882352941176,0.5161290322580646,0.7713169576311789,8,6,9,0.5714285714285714,0.4705882352941176,0.5161290322580646,0.7713169576311789,8,6,9,0.5714285714285714,0.4705882352941176,0.5161290322580646,0.7713169576311789,0.0007590129998789,0,100.0,0,0,0,0.0,0.0,0.0,0,0,0,0.0,0.0,0.0,0,0,0,0.0,0.0,0.0,0,0,0,0.0,0.0,0.0
COCO,174482,12,12,0,0,10,154,20,154,174,101,0,0,20,0.0159855950000746,0.0127030329999797,0.0,0.0127030329999797,0.0130339020001883,0.0294409759999325,Optimal,0,none,8.007033654212982,0,31,100.0,100.0,100.0,2.0,4,6,8,0.4,0.3333333333333333,0.3636363636363636,0.823688080298954,4,6,8,0.4,0.3333333333333333,0.3636363636363636,0.823688080298954,4,6,8,0.4,0.3333333333333333,0.3636363636363636,0.823688080298954,4,6,8,0.4,0.3333333333333333,0.3636363636363636,0.823688080298954,0.000377243999992,0,100.0,0,0,0,0.0,0.0,0.0,0,0,0,0.0,0.0,0.0,0,0,0,0.0,0.0,0.0,0,0,0,0.0,0.0,0.0
COCO,403385,2,2,0,0,3,10,6,10,16,10,0,0,6,0.0148260569999365,0.0073127410000779,0.0,0.0073127410000779,0.0074527110000417,0.0223612539998612,Optimal,0,none,2.399567849636078,0,10,100.0,100.0,100.0,2.0,2,1,0,0.6666666666666666,1.0,0.8,0.8313655951927312,2,1,0,0.6666666666666666,1.0,0.8,0.8313655951927312,2,1,0,0.6666666666666666,1.0,0.8,0.8313655951927312,2,1,0,0.6666666666666666,1.0,0.8,0.8313655951927312,6.105499960540328e-05,0,100.0,0,0,0,0.0,0.0,0.0,0,0,0,0.0,0.0,0.0,0,0,0,0.0,0.0,0.0,0,0,0,0.0,0.0,0.0
COCO,6818,1,1,0,0,1,0,2,0,2,1,0,0,2,0.0136941330001718,0.0066524769999887,0.0,0.0066524769999887,0.0067268919997331,0.0204531630001838,Optimal,0,none,0.40166943470637,0,2,100.0,100.0,100.0,2.0,1,0,0,1.0,1.0,1.0,0.865488981028744,1,0,0,1.0,1.0,1.0,0.865488981028744,1,0,0,1.0,1.0,1.0,0.865488981028744,1,0,0,1.0,1.0,1.0,0.865488981028744,2.312600008735899e-05,0,100.0,0,0,0,0.0,0.0,0.0,0,0,0,0.0,0.0,0.0,0,0,0,0.0,0.0,0.0,0,0,0,0.0,0.0,0.0
COCO,480985,13,13,0,0,5,38,10,38,48,26,0,0,10,0.0150904100000843,0.0089760300002126,0.0,0.0089760300002126,0.0091774040001837,0.024423231000128,Optimal,0,none,4.010178490479788,0,16,100.0,100.0,100.0,2.0,4,1,9,0.8,0.3076923076923077,0.4444444444444444,0.8246246488940939,4,1,9,0.8,0.3076923076923077,0.4444444444444444,0.8246246488940939,4,1,9,0.8,0.3076923076923077,0.4444444444444444,0.8246246488940939,4,1,9,0.8,0.3076923076923077,0.4444444444444444,0.8246246488940939,0.0001282140001421,0,100.0,0,0,0,0.0,0.0,0.0,0,0,0,0.0,0.0,0.0,0,0,0,0.0,0.0,0.0,0,0,0,0.0,0.0,0.0
COCO,458054,10,10,0,0,3,9,6,9,15,10,0,0,6,0.0142226299999492,0.0071472760000688,0.0,0.0071472760000688,0.0073510689999238,0.0216625849998308,Optimal,0,none,2.283347113132477,0,10,100.0,100.0,100.0,2.0,2,1,8,0.6666666666666666,0.2,0.3076923076923076,0.6486358711314193,2,1,8,0.6666666666666666,0.2,0.3076923076923076,0.6486358711314193,2,1,8,0.6666666666666666,0.2,0.3076923076923076,0.6486358711314193,2,1,8,0.6666666666666666,0.2,0.3076923076923076,0.6486358711314193,6.75440001032257e-05,0,100.0,0,0,0,0.0,0.0,0.0,0,0,0,0.0,0.0,0.0,0,0,0,0.0,0.0,0.0,0,0,0,0.0,0.0,0.0
COCO,331352,2,2,0,0,3,11,6,11,17,10,0,0,6,0.0142800219996388,0.0070382320000135,0.0,0.0070382320000135,0.0071663919998172,0.0215261089997511,Optimal,0,none,2.44957747688614,0,10,100.0,100.0,100.0,2.0,1,2,1,0.3333333333333333,0.5,0.4,0.8180303677598093,1,2,1,0.3333333333333333,0.5,0.4,0.8180303677598093,1,2,1,0.3333333333333333,0.5,0.4,0.8180303677598093,1,2,1,0.3333333333333333,0.5,0.4,0.8180303677598093,5.94769999224809e-05,0,100.0,0,0,0,0.0,0.0,0.0,0,0,0,0.0,0.0,0.0,0,0,0,0.0,0.0,0.0,0,0,0,0.0,0.0,0.0
COCO,296649,26,26,0,0,18,549,36,549,585,325,0,0,36,0.0180853100000604,0.0271129970001311,0.0,0.0271129970001311,0.0279394740000498,0.0474365570003101,Optimal,0,none,14.705665836181993,0,55,100.0,100.0,100.0,2.0,12,6,14,0.6666666666666666,0.4615384615384615,0.5454545454545455,0.745083718096633,12,6,14,0.6666666666666666,0.4615384615384615,0.5454545454545455,0.745083718096633,12,6,14,0.6666666666666666,0.4615384615384615,0.5454545454545455,0.745083718096633,12,6,14,0.6666666666666666,0.4615384615384615,0.5454545454545455,0.745083718096633,0.0013239089998933,0,100.0,0,0,0,0.0,0.0,0.0,0,0,0,0.0,0.0,0.0,0,0,0,0.0,0.0,0.0,0,0,0,0.0,0.0,0.0
COCO,386912,18,18,0,0,6,57,12,57,69,37,0,0,12,0.0165049520001048,0.0095432210000581,0.0,0.0095432210000581,0.0097811860000547,0.0264787260002776,Optimal,0,none,4.681142412370972,0,19,100.0,100.0,100.0,2.0,1,5,17,0.1666666666666666,0.0555555555555555,0.0833333333333333,0.7858375823690464,1,5,17,0.1666666666666666,0.0555555555555555,0.0833333333333333,0.7858375823690464,1,5,17,0.1666666666666666,0.0555555555555555,0.0833333333333333,0.7858375823690464,1,5,17,0.1666666666666666,0.0555555555555555,0.0833333333333333,0.7858375823690464,0.0001606490000085,0,100.0,0,0,0,0.0,0.0,0.0,0,0,0,0.0,0.0,0.0,0,0,0,0.0,0.0,0.0,0,0,0,0.0,0.0,0.0
COCO,502136,4,4,0,0,4,22,8,22,30,17,0,0,8,0.0697490289999223,0.0086512210000364,0.0,0.0086512210000364,0.0088020700000015,0.0786735169999701,Optimal,0,none,3.196127138564981,0,13,100.0,100.0,100.0,2.0,4,0,0,1.0,1.0,1.0,0.8149914915050892,4,0,0,1.0,1.0,1.0,0.8149914915050892,4,0,0,1.0,1.0,1.0,0.8149914915050892,4,0,0,1.0,1.0,1.0,0.8149914915050892,9.965899971575708e-05,0,100.0,0,0,0,0.0,0.0,0.0,0,0,0,0.0,0.0,0.0,0,0,0,0.0,0.0,0.0,0,0,0,0.0,0.0,0.0
COCO,491497,12,12,0,0,3,12,6,12,18,10,0,0,6,0.0141189089999897,0.0066534019997561,0.0,0.0066534019997561,0.0067845149997083,0.020998216999942,Optimal,0,none,2.453831586837769,0,10,100.0,100.0,100.0,2.0,1,2,11,0.3333333333333333,0.0833333333333333,0.1333333333333333,0.95372730656882,1,2,11,0.3333333333333333,0.0833333333333333,0.1333333333333333,0.95372730656882,1,2,11,0.3333333333333333,0.0833333333333333,0.1333333333333333,0.95372730656882,1,2,11,0.3333333333333333,0.0833333333333333,0.1333333333333333,0.95372730656882,5.616999987978488e-05,0,100.0,0,0,0,0.0,0.0,0.0,0,0,0,0.0,0.0,0.0,0,0,0,0.0,0.0,0.0,0,0,0,0.0,0.0,0.0
COCO,184791,7,7,0,0,5,41,10,41,51,26,0,0,10,0.0147619239996856,0.0085163889998511,0.0,0.0085163889998511,0.0087126650000755,0.0236407419997703,Optimal,0,none,4.211628561801315,0,16,100.0,100.0,100.0,2.0,4,1,3,0.8,0.5714285714285714,0.6666666666666666,0.8904596346698382,4,1,3,0.8,0.5714285714285714,0.6666666666666666,0.8904596346698382,4,1,3,0.8,0.5714285714285714,0.6666666666666666,0.8904596346698382,4,1,3,0.8,0.5714285714285714,0.6666666666666666,0.8904596346698382,0.0001366320002489,0,100.0,0,0,0,0.0,0.0,0.0,0,0,0,0.0,0.0,0.0,0,0,0,0.0,0.0,0.0,0,0,0,0.0,0.0,0.0
COCO,348881,5,5,0,0,4,22,8,22,30,17,0,0,8,0.0148485149998123,0.0080455030001758,0.0,0.0080455030001758,0.0081951039996965,0.0231524399996487,Optimal,0,none,3.1243673769632987,0,13,100.0,100.0,100.0,2.0,3,1,2,0.75,0.6,0.6666666666666665,0.9009330709441116,3,1,2,0.75,0.6,0.6666666666666665,0.9009330709441116,3,1,2,0.75,0.6,0.6666666666666665,0.9009330709441116,3,1,2,0.75,0.6,0.6666666666666665,0.9009330709441116,8.474199967167806e-05,0,100.0,0,0,0,0.0,0.0,0.0,0,0,0,0.0,0.0,0.0,0,0,0,0.0,0.0,0.0,0,0,0,0.0,0.0,0.0
COCO,289393,4,4,0,0,6,58,12,58,70,37,0,0,12,0.0132947969996166,0.009118762000071,0.0,0.009118762000071,0.009330692000276,0.02282164799999,Optimal,0,none,4.627753603458406,0,19,100.0,100.0,100.0,2.0,1,5,3,0.1666666666666666,0.25,0.2,0.9684531675177958,1,5,3,0.1666666666666666,0.25,0.2,0.9684531675177958,1,5,3,0.1666666666666666,0.25,0.2,0.9684531675177958,1,5,3,0.1666666666666666,0.25,0.2,0.9684531675177958,0.0001625790000616,0,100.0,0,0,0,0.0,0.0,0.0,0,0,0,0.0,0.0,0.0,0,0,0,0.0,0.0,0.0,0,0,0,0.0,0.0,0.0
COCO,522713,13,13,0,0,3,12,6,12,18,10,0,0,6,0.0131128580001131,0.0085372560001815,0.0,0.0085372560001815,0.0086689599997953,0.0218679149998024,Optimal,0,none,2.365962276458741,0,10,100.0,100.0,100.0,2.0,2,1,11,0.6666666666666666,0.1538461538461538,0.25,0.899708122242201,2,1,11,0.6666666666666666,0.1538461538461538,0.25,0.899708122242201,2,1,11,0.6666666666666666,0.1538461538461538,0.25,0.899708122242201,2,1,11,0.6666666666666666,0.1538461538461538,0.25,0.899708122242201,6.456499977502972e-05,0,100.0,0,0,0,0.0,0.0,0.0,0,0,0,0.0,0.0,0.0,0,0,0,0.0,0.0,0.0,0,0,0,0.0,0.0,0.0
COCO,181666,16,16,0,0,11,173,22,173,195,122,0,0,22,0.0158623849997638,0.0138043629999629,0.0,0.0138043629999629,0.0141834159999234,0.0305554100000335,Optimal,0,none,9.067154248555504,0,34,100.0,100.0,100.0,2.0,9,2,7,0.8181818181818182,0.5625,0.6666666666666666,0.8543766217032819,9,2,7,0.8181818181818182,0.5625,0.6666666666666666,0.8543766217032819,9,2,7,0.8181818181818182,0.5625,0.6666666666666666,0.8543766217032819,9,2,7,0.8181818181818182,0.5625,0.6666666666666666,0.8543766217032819,0.0004582179999488,0,100.0,0,0,0,0.0,0.0,0.0,0,0,0,0.0,0.0,0.0,0,0,0,0.0,0.0,0.0,0,0,0,0.0,0.0,0.0
COCO,17627,16,16,0,0,13,241,26,241,267,170,0,0,26,0.0176478349999342,0.0168976660002044,0.0,0.0168976660002044,0.0173709370001233,0.0356368079997082,Optimal,0,none,10.890786124865215,0,40,100.0,100.0,100.0,2.0,12,1,4,0.9230769230769232,0.75,0.8275862068965517,0.8698758425245191,12,1,4,0.9230769230769232,0.75,0.8275862068965517,0.8698758425245191,12,1,4,0.9230769230769232,0.75,0.8275862068965517,0.8698758425245191,12,1,4,0.9230769230769232,0.75,0.8275862068965517,0.8698758425245191,0.0005659349999405,0,100.0,0,0,0,0.0,0.0,0.0,0,0,0,0.0,0.0,0.0,0,0,0,0.0,0.0,0.0,0,0,0,0.0,0.0,0.0
COCO,143931,2,2,0,0,3,12,6,12,18,10,0,0,6,0.0163688659999934,0.0069677800001954,0.0,0.0069677800001954,0.0071102100000643,0.0235708670002168,Optimal,0,none,2.2904903626441957,0,10,100.0,100.0,100.0,2.0,2,1,0,0.6666666666666666,1.0,0.8,0.9370136853511396,2,1,0,0.6666666666666666,1.0,0.8,0.9370136853511396,2,1,0,0.6666666666666666,1.0,0.8,0.9370136853511396,2,1,0,0.6666666666666666,1.0,0.8,0.9370136853511396,6.819500003985013e-05,0,100.0,0,0,0,0.0,0.0,0.0,0,0,0,0.0,0.0,0.0,0,0,0,0.0,0.0,0.0,0,0,0,0.0,0.0,0.0
COCO,303818,18,18,0,0,13,263,26,263,289,170,0,0,26,0.0183358760000373,0.0190290300001834,0.0,0.0190290300001834,0.0195455389998642,0.0385652109998773,Optimal,0,none,10.652203837937764,0,40,100.0,100.0,100.0,2.0,12,1,6,0.9230769230769232,0.6666666666666666,0.7741935483870968,0.8007256033868532,12,1,6,0.9230769230769232,0.6666666666666666,0.7741935483870968,0.8007256033868532,12,1,6,0.9230769230769232,0.6666666666666666,0.7741935483870968,0.8007256033868532,12,1,6,0.9230769230769232,0.6666666666666666,0.7741935483870968,0.8007256033868532,0.0006289880002441,0,100.0,0,0,0,0.0,0.0,0.0,0,0,0,0.0,0.0,0.0,0,0,0,0.0,0.0,0.0,0,0,0,0.0,0.0,0.0
COCO,463730,22,22,0,0,13,271,26,271,297,170,0,0,26,0.0159909919998426,0.0176667309997355,0.0,0.0176667309997355,0.0180999929998506,0.0348359919998984,Optimal,0,none,10.813683214014402,0,40,100.0,100.0,100.0,2.0,9,4,13,0.6923076923076923,0.4090909090909091,0.5142857142857142,0.8717693013268242,9,4,13,0.6923076923076923,0.4090909090909091,0.5142857142857142,0.8717693013268242,9,4,13,0.6923076923076923,0.4090909090909091,0.5142857142857142,0.8717693013268242,9,4,13,0.6923076923076923,0.4090909090909091,0.5142857142857142,0.8717693013268242,0.0006780030003028,0,100.0,0,0,0,0.0,0.0,0.0,0,0,0,0.0,0.0,0.0,0,0,0,0.0,0.0,0.0,0,0,0,0.0,0.0,0.0
COCO,460347,7,7,0,0,6,53,12,53,65,37,0,0,12,0.0163628380000773,0.009979924000163,0.0,0.009979924000163,0.0102231690002554,0.026861424999879,Optimal,0,none,5.201735758781434,0,19,100.0,100.0,100.0,2.0,6,0,1,1.0,0.8571428571428571,0.923076923076923,0.861551404788484,6,0,1,1.0,0.8571428571428571,0.923076923076923,0.861551404788484,6,0,1,1.0,0.8571428571428571,0.923076923076923,0.861551404788484,6,0,1,1.0,0.8571428571428571,0.923076923076923,0.861551404788484,0.0002383949999966,0,100.0,0,0,0,0.0,0.0,0.0,0,0,0,0.0,0.0,0.0,0,0,0,0.0,0.0,0.0,0,0,0,0.0,0.0,0.0
COCO,322864,6,6,0,0,9,137,18,137,155,82,0,0,18,0.0145348000000922,0.012202261999846,0.0,0.012202261999846,0.0125070349999987,0.0274846080001225,Optimal,0,none,7.368748041309775,0,28,100.0,100.0,100.0,2.0,6,3,0,0.6666666666666666,1.0,0.8,0.8508833946923676,6,3,0,0.6666666666666666,1.0,0.8,0.8508833946923676,6,3,0,0.6666666666666666,1.0,0.8,0.8508833946923676,6,3,0,0.6666666666666666,1.0,0.8,0.8508833946923676,0.0003952209999624,0,100.0,0,0,0,0.0,0.0,0.0,0,0,0,0.0,0.0,0.0,0,0,0,0.0,0.0,0.0,0,0,0,0.0,0.0,0.0
COCO,226111,0,0,0,0,0,0,0,0,0,0,0,0,1,0.0128453759998592,0.0053249219999997,0.0,0.0053249219999997,0.0053637999999409,0.0182259039997916,Optimal,0,none,,0,1,100.0,0.0,0.0,0.0,0,0,0,0.0,0.0,0.0,0.0,0,0,0,0.0,0.0,0.0,0.0,0,0,0,0.0,0.0,0.0,0.0,0,0,0,0.0,0.0,0.0,0.0,1.1044000075344227e-05,0,100.0,0,0,0,0.0,0.0,0.0,0,0,0,0.0,0.0,0.0,0,0,0,0.0,0.0,0.0,0,0,0,0.0,0.0,0.0
COCO,153299,2,2,0,0,2,4,4,4,8,5,0,0,4,0.0169445129999985,0.0069028800003252,0.0,0.0069028800003252,0.0070049609998932,0.0240077930002371,Optimal,0,none,1.4176609309514363,0,5,100.0,100.0,100.0,2.0,2,0,0,1.0,1.0,1.0,0.9488826382422704,2,0,0,1.0,1.0,1.0,0.9488826382422704,2,0,0,1.0,1.0,1.0,0.9488826382422704,2,0,0,1.0,1.0,1.0,0.9488826382422704,4.342299962445395e-05,0,100.0,0,0,0,0.0,0.0,0.0,0,0,0,0.0,0.0,0.0,0,0,0,0.0,0.0,0.0,0,0,0,0.0,0.0,0.0
COCO,308394,4,4,0,0,4,22,8,22,30,17,0,0,8,0.0147041529999114,0.0078179950000958,0.0,0.0078179950000958,0.0079987610001808,0.022813240999767,Optimal,0,none,3.3673338977495844,0,13,100.0,100.0,100.0,2.0,2,2,2,0.5,0.5,0.5,0.7329136725544038,2,2,2,0.5,0.5,0.5,0.7329136725544038,2,2,2,0.5,0.5,0.5,0.7329136725544038,2,2,2,0.5,0.5,0.5,0.7329136725544038,8.738499991522986e-05,0,100.0,0,0,0,0.0,0.0,0.0,0,0,0,0.0,0.0,0.0,0,0,0,0.0,0.0,0.0,0,0,0,0.0,0.0,0.0
COCO,456496,5,5,0,0,4,23,8,23,31,17,0,0,8,0.0140070739998918,0.0079134090001389,0.0,0.0079134090001389,0.0080608890002622,0.0221746789998178,Optimal,0,none,3.474457414993191,0,13,100.0,100.0,100.0,2.0,4,0,1,1.0,0.8,0.888888888888889,0.8763608343842586,4,0,1,1.0,0.8,0.888888888888889,0.8763608343842586,4,0,1,1.0,0.8,0.888888888888889,0.8763608343842586,4,0,1,1.0,0.8,0.888888888888889,0.8763608343842586,8.319100015796721e-05,0,100.0,0,0,0,0.0,0.0,0.0,0,0,0,0.0,0.0,0.0,0,0,0,0.0,0.0,0.0,0,0,0,0.0,0.0,0.0
COCO,58636,0,0,0,0,0,0,0,0,0,0,0,0,1,0.0155507810000017,0.0051537090002966,0.0,0.0051537090002966,0.0052126059999864,0.0207804830001805,Optimal,0,none,,0,1,100.0,0.0,0.0,0.0,0,0,0,0.0,0.0,0.0,0.0,0,0,0,0.0,0.0,0.0,0.0,0,0,0,0.0,0.0,0.0,0.0,0,0,0,0.0,0.0,0.0,0.0,1.1729000107152387e-05,0,100.0,0,0,0,0.0,0.0,0.0,0,0,0,0.0,0.0,0.0,0,0,0,0.0,0.0,0.0,0,0,0,0.0,0.0,0.0
COCO,41888,3,3,0,0,4,24,8,24,32,17,0,0,8,0.0174359580000782,0.0084776059998148,0.0,0.0084776059998148,0.0086664039999959,0.0262250860000676,Optimal,0,none,3.5362014267167847,0,13,100.0,100.0,100.0,2.0,3,1,0,0.75,1.0,0.8571428571428571,0.8432422714140281,3,1,0,0.75,1.0,0.8571428571428571,0.8432422714140281,3,1,0,0.75,1.0,0.8571428571428571,0.8432422714140281,3,1,0,0.75,1.0,0.8571428571428571,0.8432422714140281,9.762399986357197e-05,0,100.0,0,0,0,0.0,0.0,0.0,0,0,0,0.0,0.0,0.0,0,0,0,0.0,0.0,0.0,0,0,0,0.0,0.0,0.0
COCO,184321,1,1,0,0,2,4,4,4,8,5,0,0,4,0.0148589860000356,0.006790670999635,0.0,0.006790670999635,0.006952648999686,0.0218801220003115,Optimal,0,none,1.321432557900747,0,5,100.0,100.0,100.0,2.0,1,1,0,0.5,1.0,0.6666666666666666,0.8376666561543347,1,1,0,0.5,1.0,0.6666666666666666,0.8376666561543347,1,1,0,0.5,1.0,0.6666666666666666,0.8376666561543347,1,1,0,0.5,1.0,0.6666666666666666,0.8376666561543347,5.1060999794572126e-05,0,100.0,0,0,0,0.0,0.0,0.0,0,0,0,0.0,0.0,0.0,0,0,0,0.0,0.0,0.0,0,0,0,0.0,0.0,0.0
COCO,565778,7,7,0,0,6,62,12,62,74,37,0,0,12,0.0158335679998344,0.0092795919999844,0.0,0.0092795919999844,0.0095197409996217,0.0255465089999233,Optimal,0,none,4.765321777459583,0,19,100.0,100.0,100.0,2.0,2,4,5,0.3333333333333333,0.2857142857142857,0.3076923076923076,0.729957304856195,2,4,5,0.3333333333333333,0.2857142857142857,0.3076923076923076,0.729957304856195,2,4,5,0.3333333333333333,0.2857142857142857,0.3076923076923076,0.729957304856195,2,4,5,0.3333333333333333,0.2857142857142857,0.3076923076923076,0.729957304856195,0.000165771000411,0,100.0,0,0,0,0.0,0.0,0.0,0,0,0,0.0,0.0,0.0,0,0,0,0.0,0.0,0.0,0,0,0,0.0,0.0,0.0
COCO,297343,1,1,0,0,1,0,2,0,2,1,0,0,2,0.0139961449999646,0.0065700420000212,0.0,0.0065700420000212,0.0066514069999357,0.0206773009999778,Optimal,0,none,0.6271525780359903,0,2,100.0,100.0,100.0,2.0,1,0,0,1.0,1.0,1.0,0.9501271700910936,1,0,0,1.0,1.0,1.0,0.9501271700910936,1,0,0,1.0,1.0,1.0,0.9501271700910936,1,0,0,1.0,1.0,1.0,0.9501271700910936,2.1777999791083857e-05,0,100.0,0,0,0,0.0,0.0,0.0,0,0,0,0.0,0.0,0.0,0,0,0,0.0,0.0,0.0,0,0,0,0.0,0.0,0.0
COCO,336587,2,2,0,0,1,0,2,0,2,1,0,0,2,0.0149177100001907,0.0066699939998216,0.0,0.0066699939998216,0.0067457430000104,0.0216960600000675,Optimal,0,none,0.6377704779307047,0,2,100.0,100.0,100.0,2.0,1,0,1,1.0,0.5,0.6666666666666666,0.934051405058407,1,0,1,1.0,0.5,0.6666666666666666,0.934051405058407,1,0,1,1.0,0.5,0.6666666666666666,0.934051405058407,1,0,1,1.0,0.5,0.6666666666666666,0.934051405058407,2.3843999770178925e-05,0,100.0,0,0,0,0.0,0.0,0.0,0,0,0,0.0,0.0,0.0,0,0,0,0.0,0.0,0.0,0,0,0,0.0,0.0,0.0
COCO,122745,1,1,0,0,1,0,2,0,2,1,0,0,2,0.0127863939997041,0.0063742689999344,0.0,0.0063742689999344,0.0064408170001115,0.0192555739999988,Optimal,0,none,0.6431759516398112,0,2,100.0,100.0,100.0,2.0,1,0,0,1.0,1.0,1.0,0.9355064658926155,1,0,0,1.0,1.0,1.0,0.9355064658926155,1,0,0,1.0,1.0,1.0,0.9355064658926155,1,0,0,1.0,1.0,1.0,0.9355064658926155,2.1114999981364235e-05,0,100.0,0,0,0,0.0,0.0,0.0,0,0,0,0.0,0.0,0.0,0,0,0,0.0,0.0,0.0,0,0,0,0.0,0.0,0.0
COCO,219578,4,4,0,0,5,30,10,30,40,26,0,0,10,0.0166084460001911,0.0087532510001437,0.0,0.0087532510001437,0.0089422259998173,0.0257271330001458,Optimal,0,none,3.778792123031205,0,16,100.0,100.0,100.0,2.0,2,3,2,0.4,0.5,0.4444444444444445,0.6966718592030589,2,3,2,0.4,0.5,0.4444444444444445,0.6966718592030589,2,3,2,0.4,0.5,0.4444444444444445,0.6966718592030589,2,3,2,0.4,0.5,0.4444444444444445,0.6966718592030589,0.0001297349999731,0,100.0,0,0,0,0.0,0.0,0.0,0,0,0,0.0,0.0,0.0,0,0,0,0.0,0.0,0.0,0,0,0,0.0,0.0,0.0
COCO,555705,2,2,0,0,2,2,4,2,6,5,0,0,4,0.0146710880003411,0.0069740590001856,0.0,0.0069740590001856,0.0070794260000184,0.0217997839999952,Optimal,0,none,1.4991598733266194,0,5,100.0,100.0,100.0,2.0,2,0,0,1.0,1.0,1.0,0.9626401196979626,2,0,0,1.0,1.0,1.0,0.9626401196979626,2,0,0,1.0,1.0,1.0,0.9626401196979626,2,0,0,1.0,1.0,1.0,0.9626401196979626,3.484700027911458e-05,0,100.0,0,0,0,0.0,0.0,0.0,0,0,0,0.0,0.0,0.0,0,0,0,0.0,0.0,0.0,0,0,0,0.0,0.0,0.0
COCO,443303,3,3,0,0,3,10,6,10,16,10,0,0,6,0.0147252809997553,0.0072876730000643,0.0,0.0072876730000643,0.0074313740001343,0.0222470159997101,Optimal,0,none,2.494533546663379,0,10,100.0,100.0,100.0,2.0,2,1,1,0.6666666666666666,0.6666666666666666,0.6666666666666666,0.9661025522115054,2,1,1,0.6666666666666666,0.6666666666666666,0.6666666666666666,0.9661025522115054,2,1,1,0.6666666666666666,0.6666666666666666,0.6666666666666666,0.9661025522115054,2,1,1,0.6666666666666666,0.6666666666666666,0.6666666666666666,0.9661025522115054,6.68429997858766e-05,0,100.0,0,0,0,0.0,0.0,0.0,0,0,0,0.0,0.0,0.0,0,0,0,0.0,0.0,0.0,0,0,0,0.0,0.0,0.0
COCO,500663,3,3,0,0,5,40,10,40,50,26,0,0,10,0.0142505969997728,0.0091442460002326,0.0,0.0091442460002326,0.009350712000014,0.0237668250001661,Optimal,0,none,4.046127796967826,0,16,100.0,100.0,100.0,2.0,2,3,1,0.4,0.6666666666666666,0.5,0.8226944120386419,2,3,1,0.4,0.6666666666666666,0.5,0.8226944120386419,2,3,1,0.4,0.6666666666666666,0.5,0.8226944120386419,2,3,1,0.4,0.6666666666666666,0.5,0.8226944120386419,0.0001361159997941,0,100.0,0,0,0,0.0,0.0,0.0,0,0,0,0.0,0.0,0.0,0,0,0,0.0,0.0,0.0,0,0,0,0.0,0.0,0.0
COCO,418281,2,2,0,0,2,2,4,2,6,5,0,0,4,0.017131314999915,0.0099515619999692,0.0,0.0099515619999692,0.010089477999827,0.0273189929998807,Optimal,0,none,1.4189747699101765,0,5,100.0,100.0,100.0,2.0,2,0,0,1.0,1.0,1.0,0.9271876557619712,2,0,0,1.0,1.0,1.0,0.9271876557619712,2,0,0,1.0,1.0,1.0,0.9271876557619712,2,0,0,1.0,1.0,1.0,0.9271876557619712,6.962599991311436e-05,0,100.0,0,0,0,0.0,0.0,0.0,0,0,0,0.0,0.0,0.0,0,0,0,0.0,0.0,0.0,0,0,0,0.0,0.0,0.0
COCO,25560,4,4,0,0,4,22,8,22,30,17,0,0,8,0.0148131969999667,0.0083771219997288,0.0,0.0083771219997288,0.0085418619996744,0.0234953770000174,Optimal,0,none,3.560311493078869,0,13,100.0,100.0,100.0,2.0,4,0,0,1.0,1.0,1.0,0.9373551420853694,4,0,0,1.0,1.0,1.0,0.9373551420853694,4,0,0,1.0,1.0,1.0,0.9373551420853694,4,0,0,1.0,1.0,1.0,0.9373551420853694,9.7260000075039e-05,0,100.0,0,0,0,0.0,0.0,0.0,0,0,0,0.0,0.0,0.0,0,0,0,0.0,0.0,0.0,0,0,0,0.0,0.0,0.0
COCO,403817,3,3,0,0,3,10,6,10,16,10,0,0,6,0.0135381720001532,0.0066534569996292,0.0,0.0066534569996292,0.0068320680002216,0.0204806950000602,Optimal,0,none,2.313140842914581,0,10,100.0,100.0,100.0,2.0,1,2,2,0.3333333333333333,0.3333333333333333,0.3333333333333333,0.905142810112936,1,2,2,0.3333333333333333,0.3333333333333333,0.3333333333333333,0.905142810112936,1,2,2,0.3333333333333333,0.3333333333333333,0.3333333333333333,0.905142810112936,1,2,2,0.3333333333333333,0.3333333333333333,0.3333333333333333,0.905142810112936,7.387499999822467e-05,0,100.0,0,0,0,0.0,0.0,0.0,0,0,0,0.0,0.0,0.0,0,0,0,0.0,0.0,0.0,0,0,0,0.0,0.0,0.0
COCO,85329,2,2,0,0,2,5,4,5,9,5,0,0,4,0.0135103429997798,0.0074410729998817,0.0,0.0074410729998817,0.007561472999896,0.0211362209997787,Optimal,0,none,1.3354805620511376,0,5,100.0,100.0,100.0,2.0,2,0,0,1.0,1.0,1.0,0.8781631361289199,2,0,0,1.0,1.0,1.0,0.8781631361289199,2,0,0,1.0,1.0,1.0,0.8781631361289199,2,0,0,1.0,1.0,1.0,0.8781631361289199,4.878900017502019e-05,0,100.0,0,0,0,0.0,0.0,0.0,0,0,0,0.0,0.0,0.0,0,0,0,0.0,0.0,0.0,0,0,0,0.0,0.0,0.0
COCO,329323,14,14,0,0,14,327,28,327,355,197,0,0,28,0.0164866400000391,0.0209388660000513,0.0,0.0209388660000513,0.0214991950001603,0.0388712170001781,Optimal,0,none,11.068013398633544,0,43,100.0,100.0,100.0,2.0,9,5,5,0.6428571428571429,0.6428571428571429,0.6428571428571429,0.7821009450737132,9,5,5,0.6428571428571429,0.6428571428571429,0.6428571428571429,0.7821009450737132,9,5,5,0.6428571428571429,0.6428571428571429,0.6428571428571429,0.7821009450737132,9,5,5,0.6428571428571429,0.6428571428571429,0.6428571428571429,0.7821009450737132,0.0008070990002124,0,100.0,0,0,0,0.0,0.0,0.0,0,0,0,0.0,0.0,0.0,0,0,0,0.0,0.0,0.0,0,0,0,0.0,0.0,0.0
COCO,239274,14,14,0,0,9,138,18,138,156,82,0,0,18,0.019163483000284,0.0122188730001653,0.0,0.0122188730001653,0.0125068259999352,0.0321845130001747,Optimal,0,none,6.873731297625851,0,28,100.0,100.0,100.0,2.0,7,2,7,0.7777777777777778,0.5,0.6086956521739131,0.7486403499161444,7,2,7,0.7777777777777778,0.5,0.6086956521739131,0.7486403499161444,7,2,7,0.7777777777777778,0.5,0.6086956521739131,0.7486403499161444,7,2,7,0.7777777777777778,0.5,0.6086956521739131,0.7486403499161444,0.0004651049998756,0,100.0,0,0,0,0.0,0.0,0.0,0,0,0,0.0,0.0,0.0,0,0,0,0.0,0.0,0.0,0,0,0,0.0,0.0,0.0
COCO,286994,9,9,0,0,8,106,16,106,122,65,0,0,16,0.0181612979999954,0.0111941820000538,0.0,0.0111941820000538,0.0114688809999279,0.0299374669998542,Optimal,0,none,7.016174465020501,0,25,100.0,100.0,100.0,2.0,8,0,1,1.0,0.8888888888888888,0.9411764705882352,0.903531045184606,8,0,1,1.0,0.8888888888888888,0.9411764705882352,0.903531045184606,8,0,1,1.0,0.8888888888888888,0.9411764705882352,0.903531045184606,8,0,1,1.0,0.8888888888888888,0.9411764705882352,0.903531045184606,0.0002626850000524,0,100.0,0,0,0,0.0,0.0,0.0,0,0,0,0.0,0.0,0.0,0,0,0,0.0,0.0,0.0,0,0,0,0.0,0.0,0.0
COCO,511321,4,4,0,0,2,4,4,4,8,5,0,0,4,0.015645317000235,0.0072636079999028,0.0,0.0072636079999028,0.0073839589999806,0.0230893010002546,Optimal,0,none,1.49132621606191,0,5,100.0,100.0,100.0,2.0,2,0,2,1.0,0.5,0.6666666666666666,0.904797679373954,2,0,2,1.0,0.5,0.6666666666666666,0.904797679373954,2,0,2,1.0,0.5,0.6666666666666666,0.904797679373954,2,0,2,1.0,0.5,0.6666666666666666,0.904797679373954,4.450699998415075e-05,0,100.0,0,0,0,0.0,0.0,0.0,0,0,0,0.0,0.0,0.0,0,0,0,0.0,0.0,0.0,0,0,0,0.0,0.0,0.0
COCO,314294,2,2,0,0,1,0,2,0,2,1,0,0,2,0.0160515570000825,0.0066829500001404,0.0,0.0066829500001404,0.0067556589997366,0.0228367520003303,Optimal,0,none,0.6317509333292644,0,2,100.0,100.0,100.0,2.0,1,0,1,1.0,0.5,0.6666666666666666,0.955023330992442,1,0,1,1.0,0.5,0.6666666666666666,0.955023330992442,1,0,1,1.0,0.5,0.6666666666666666,0.955023330992442,1,0,1,1.0,0.5,0.6666666666666666,0.955023330992442,2.2081000224716263e-05,0,100.0,0,0,0,0.0,0.0,0.0,0,0,0,0.0,0.0,0.0,0,0,0,0.0,0.0,0.0,0,0,0,0.0,0.0,0.0
COCO,233771,17,17,0,0,13,279,26,279,305,170,0,0,26,0.018749415000002,0.0188328819999696,0.0,0.0188328819999696,0.0193166600001859,0.0389368599999215,Optimal,0,none,10.75404127390712,0,40,100.0,100.0,100.0,2.0,10,3,7,0.7692307692307693,0.5882352941176471,0.6666666666666667,0.8174450370727137,10,3,7,0.7692307692307693,0.5882352941176471,0.6666666666666667,0.8174450370727137,10,3,7,0.7692307692307693,0.5882352941176471,0.6666666666666667,0.8174450370727137,10,3,7,0.7692307692307693,0.5882352941176471,0.6666666666666667,0.8174450370727137,0.0008127729997795,0,100.0,0,0,0,0.0,0.0,0.0,0,0,0,0.0,0.0,0.0,0,0,0,0.0,0.0,0.0,0,0,0,0.0,0.0,0.0
COCO,475779,1,1,0,0,1,0,2,0,2,1,0,0,2,0.0167905359999167,0.006539442000303,0.0,0.006539442000303,0.0066101520001211,0.0234298440000202,Optimal,0,none,0.633105484644572,0,2,100.0,100.0,100.0,2.0,1,0,0,1.0,1.0,1.0,0.9785257647243346,1,0,0,1.0,1.0,1.0,0.9785257647243346,1,0,0,1.0,1.0,1.0,0.9785257647243346,1,0,0,1.0,1.0,1.0,0.9785257647243346,2.127200014001573e-05,0,100.0,0,0,0,0.0,0.0,0.0,0,0,0,0.0,0.0,0.0,0,0,0,0.0,0.0,0.0,0,0,0,0.0,0.0,0.0
COCO,301867,7,7,0,0,8,91,16,91,107,65,0,0,16,0.0149759680002716,0.0118325700000241,0.0,0.0118325700000241,0.0121178980002696,0.0273812850000467,Optimal,0,none,6.570626293651309,0,25,100.0,100.0,100.0,2.0,5,3,2,0.625,0.7142857142857143,0.6666666666666666,0.9144348199788158,5,3,2,0.625,0.7142857142857143,0.6666666666666666,0.9144348199788158,5,3,2,0.625,0.7142857142857143,0.6666666666666666,0.9144348199788158,5,3,2,0.625,0.7142857142857143,0.6666666666666666,0.9144348199788158,0.0002495160001672,0,100.0,0,0,0,0.0,0.0,0.0,0,0,0,0.0,0.0,0.0,0,0,0,0.0,0.0,0.0,0,0,0,0.0,0.0,0.0
COCO,312421,12,12,0,0,6,56,12,56,68,37,0,0,12,0.0145204169998578,0.009279805999995,0.0,0.009279805999995,0.0094871010001043,0.0242133920000924,Optimal,0,none,4.820227384702566,0,19,100.0,100.0,100.0,2.0,6,0,6,1.0,0.5,0.6666666666666666,0.8189945394528281,6,0,6,1.0,0.5,0.6666666666666666,0.8189945394528281,6,0,6,1.0,0.5,0.6666666666666666,0.8189945394528281,6,0,6,1.0,0.5,0.6666666666666666,0.8189945394528281,0.0001747539999996,0,100.0,0,0,0,0.0,0.0,0.0,0,0,0,0.0,0.0,0.0,0,0,0,0.0,0.0,0.0,0,0,0,0.0,0.0,0.0
COCO,185250,5,5,0,0,5,40,10,40,50,26,0,0,10,0.0586666109998077,0.0097213510002802,0.0,0.0097213510002802,0.0099844629999097,0.0688466229998994,Optimal,0,none,4.287565458615623,0,16,100.0,100.0,100.0,2.0,4,1,1,0.8,0.8,0.8000000000000002,0.8601055273216794,4,1,1,0.8,0.8,0.8000000000000002,0.8601055273216794,4,1,1,0.8,0.8,0.8000000000000002,0.8601055273216794,4,1,1,0.8,0.8,0.8000000000000002,0.8601055273216794,0.0001621650003471,0,100.0,0,0,0,0.0,0.0,0.0,0,0,0,0.0,0.0,0.0,0,0,0,0.0,0.0,0.0,0,0,0,0.0,0.0,0.0
COCO,356427,8,8,0,0,5,37,10,37,47,26,0,0,10,0.0160113150000142,0.0091221780003252,0.0,0.0091221780003252,0.0093089900001359,0.0255471969999234,Optimal,0,none,4.017825134818338,0,16,100.0,100.0,100.0,2.0,2,3,6,0.4,0.25,0.3076923076923077,0.8099377506462,2,3,6,0.4,0.25,0.3076923076923077,0.8099377506462,2,3,6,0.4,0.25,0.3076923076923077,0.8099377506462,2,3,6,0.4,0.25,0.3076923076923077,0.8099377506462,0.0001957429999492,0,100.0,0,0,0,0.0,0.0,0.0,0,0,0,0.0,0.0,0.0,0,0,0,0.0,0.0,0.0,0,0,0,0.0,0.0,0.0
COCO,572517,2,2,0,0,2,4,4,4,8,5,0,0,4,0.0156821089999539,0.0068695129998559,0.0,0.0068695129998559,0.0069759180000801,0.0227169729996603,Optimal,0,none,1.457701948483785,0,5,100.0,100.0,100.0,2.0,2,0,0,1.0,1.0,1.0,0.924342726378528,2,0,0,1.0,1.0,1.0,0.924342726378528,2,0,0,1.0,1.0,1.0,0.924342726378528,2,0,0,1.0,1.0,1.0,0.924342726378528,4.348499987827381e-05,0,100.0,0,0,0,0.0,0.0,0.0,0,0,0,0.0,0.0,0.0,0,0,0,0.0,0.0,0.0,0,0,0,0.0,0.0,0.0
COCO,270244,1,1,0,0,1,0,2,0,2,1,0,0,2,0.0141817060002722,0.0066126540000368,0.0,0.0066126540000368,0.006682112999897,0.0209141060004185,Optimal,0,none,0.6308644215265911,0,2,100.0,100.0,100.0,2.0,1,0,0,1.0,1.0,1.0,0.840795439708816,1,0,0,1.0,1.0,1.0,0.840795439708816,1,0,0,1.0,1.0,1.0,0.840795439708816,1,0,0,1.0,1.0,1.0,0.840795439708816,4.1125000279862434e-05,0,100.0,0,0,0,0.0,0.0,0.0,0,0,0,0.0,0.0,0.0,0,0,0,0.0,0.0,0.0,0,0,0,0.0,0.0,0.0
COCO,516316,11,11,0,0,2,2,4,2,6,5,0,0,4,0.017130692000137,0.0071284969999396,0.0,0.0071284969999396,0.0072695210001256,0.0244545909999942,Optimal,0,none,1.5535215266545612,0,5,100.0,100.0,100.0,2.0,2,0,9,1.0,0.1818181818181818,0.3076923076923077,0.9414513841583034,2,0,9,1.0,0.1818181818181818,0.3076923076923077,0.9414513841583034,2,0,9,1.0,0.1818181818181818,0.3076923076923077,0.9414513841583034,2,0,9,1.0,0.1818181818181818,0.3076923076923077,0.9414513841583034,3.8609000057476806e-05,0,100.0,0,0,0,0.0,0.0,0.0,0,0,0,0.0,0.0,0.0,0,0,0,0.0,0.0,0.0,0,0,0,0.0,0.0,0.0
COCO,125211,1,1,0,0,3,12,6,12,18,10,0,0,6,0.014810079000199,0.006943014999706,0.0,0.006943014999706,0.0070755140000073,0.0219719410001744,Optimal,0,none,2.3649517011642462,0,10,100.0,100.0,100.0,2.0,1,2,0,0.3333333333333333,1.0,0.5,0.963569132583068,1,2,0,0.3333333333333333,1.0,0.5,0.963569132583068,1,2,0,0.3333333333333333,1.0,0.5,0.963569132583068,1,2,0,0.3333333333333333,1.0,0.5,0.963569132583068,6.509600007120753e-05,0,100.0,0,0,0,0.0,0.0,0.0,0,0,0,0.0,0.0,0.0,0,0,0,0.0,0.0,0.0,0,0,0,0.0,0.0,0.0
COCO,562121,3,3,0,0,3,10,6,10,16,10,0,0,6,0.014836121999906,0.007245844999943,0.0,0.007245844999943,0.0073715470002753,0.0223044630001822,Optimal,0,none,2.351312787532806,0,10,100.0,100.0,100.0,2.0,2,1,1,0.6666666666666666,0.6666666666666666,0.6666666666666666,0.7561501258585839,2,1,1,0.6666666666666666,0.6666666666666666,0.6666666666666666,0.7561501258585839,2,1,1,0.6666666666666666,0.6666666666666666,0.6666666666666666,0.7561501258585839,2,1,1,0.6666666666666666,0.6666666666666666,0.6666666666666666,0.7561501258585839,7.507899999836809e-05,0,100.0,0,0,0,0.0,0.0,0.0,0,0,0,0.0,0.0,0.0,0,0,0,0.0,0.0,0.0,0,0,0,0.0,0.0,0.0
COCO,360661,7,7,0,0,9,129,18,129,147,82,0,0,18,0.014945857999919,0.012010673000077,0.0,0.012010673000077,0.0123484709997683,0.027659217999826,Optimal,0,none,7.685777737706435,0,28,100.0,100.0,100.0,2.0,7,2,0,0.7777777777777778,1.0,0.8750000000000001,0.9028823902591327,7,2,0,0.7777777777777778,1.0,0.8750000000000001,0.9028823902591327,7,2,0,0.7777777777777778,1.0,0.8750000000000001,0.9028823902591327,7,2,0,0.7777777777777778,1.0,0.8750000000000001,0.9028823902591327,0.0003238220001549,0,100.0,0,0,0,0.0,0.0,0.0,0,0,0,0.0,0.0,0.0,0,0,0,0.0,0.0,0.0,0,0,0,0.0,0.0,0.0
COCO,16228,21,21,0,0,14,322,28,322,350,197,0,0,28,0.0169107219999204,0.0198397960002694,0.0,0.0198397960002694,0.020396993000304,0.0380819090000841,Optimal,0,none,10.767858353235804,0,43,100.0,100.0,100.0,2.0,10,4,11,0.7142857142857143,0.4761904761904761,0.5714285714285714,0.7741838276736939,10,4,11,0.7142857142857143,0.4761904761904761,0.5714285714285714,0.7741838276736939,10,4,11,0.7142857142857143,0.4761904761904761,0.5714285714285714,0.7741838276736939,10,4,11,0.7142857142857143,0.4761904761904761,0.5714285714285714,0.7741838276736939,0.0007157669997468,0,100.0,0,0,0,0.0,0.0,0.0,0,0,0,0.0,0.0,0.0,0,0,0,0.0,0.0,0.0,0,0,0,0.0,0.0,0.0
COCO,382088,1,1,0,0,1,0,2,0,2,1,0,0,2,0.0146145409999007,0.0069407639998644,0.0,0.0069407639998644,0.0070200919999479,0.0216676679997362,Optimal,0,none,0.6244161049524943,0,2,100.0,100.0,100.0,2.0,1,0,0,1.0,1.0,1.0,0.9699513852195896,1,0,0,1.0,1.0,1.0,0.9699513852195896,1,0,0,1.0,1.0,1.0,0.9699513852195896,1,0,0,1.0,1.0,1.0,0.9699513852195896,2.459799998177914e-05,0,100.0,0,0,0,0.0,0.0,0.0,0,0,0,0.0,0.0,0.0,0,0,0,0.0,0.0,0.0,0,0,0,0.0,0.0,0.0
COCO,266409,2,2,0,0,2,2,4,2,6,5,0,0,4,0.0153562330001477,0.0078411210001831,0.0,0.0078411210001831,0.0079588329999751,0.0234198410003045,Optimal,0,none,1.3411657842000326,0,5,100.0,100.0,100.0,2.0,2,0,0,1.0,1.0,1.0,0.7810603235767277,2,0,0,1.0,1.0,1.0,0.7810603235767277,2,0,0,1.0,1.0,1.0,0.7810603235767277,2,0,0,1.0,1.0,1.0,0.7810603235767277,7.197400009317789e-05,0,100.0,0,0,0,0.0,0.0,0.0,0,0,0,0.0,0.0,0.0,0,0,0,0.0,0.0,0.0,0,0,0,0.0,0.0,0.0
COCO,430961,4,4,0,0,5,40,10,40,50,26,0,0,10,0.0136559130000932,0.0090148809999845,0.0,0.0090148809999845,0.0092297129999678,0.0230548890003774,Optimal,0,none,3.9764236291249606,0,16,100.0,100.0,100.0,2.0,3,2,1,0.6,0.75,0.6666666666666665,0.7883610212908617,3,2,1,0.6,0.75,0.6666666666666665,0.7883610212908617,3,2,1,0.6,0.75,0.6666666666666665,0.7883610212908617,3,2,1,0.6,0.75,0.6666666666666665,0.7883610212908617,0.0001407069999004,0,100.0,0,0,0,0.0,0.0,0.0,0,0,0,0.0,0.0,0.0,0,0,0,0.0,0.0,0.0,0,0,0,0.0,0.0,0.0
COCO,80671,2,2,0,0,2,5,4,5,9,5,0,0,4,0.0135558480001236,0.0070889329999772,0.0,0.0070889329999772,0.0071902229997249,0.0208058379998874,Optimal,0,none,1.3872120598958086,0,5,100.0,100.0,100.0,2.0,1,1,1,0.5,0.5,0.5,0.9670299623169736,1,1,1,0.5,0.5,0.5,0.9670299623169736,1,1,1,0.5,0.5,0.5,0.9670299623169736,1,1,1,0.5,0.5,0.5,0.9670299623169736,4.38100000792474e-05,0,100.0,0,0,0,0.0,0.0,0.0,0,0,0,0.0,0.0,0.0,0,0,0,0.0,0.0,0.0,0,0,0,0.0,0.0,0.0
COCO,577539,5,5,0,0,3,11,6,11,17,10,0,0,6,0.0141553140001633,0.0072743839996292,0.0,0.0072743839996292,0.0074191589997099,0.0216610810002748,Optimal,0,none,2.3271621799469,0,10,100.0,100.0,100.0,2.0,1,2,4,0.3333333333333333,0.2,0.25,0.7554319873298312,1,2,4,0.3333333333333333,0.2,0.25,0.7554319873298312,1,2,4,0.3333333333333333,0.2,0.25,0.7554319873298312,1,2,4,0.3333333333333333,0.2,0.25,0.7554319873298312,6.41199999336095e-05,0,100.0,0,0,0,0.0,0.0,0.0,0,0,0,0.0,0.0,0.0,0,0,0,0.0,0.0,0.0,0,0,0,0.0,0.0,0.0
COCO,104612,12,12,0,0,9,146,18,146,164,82,0,0,18,0.0153159370001958,0.0117801930000496,0.0,0.0117801930000496,0.0120898909999596,0.0278572340002938,Optimal,0,none,6.58403827428818,0,28,100.0,100.0,100.0,2.0,1,8,11,0.1111111111111111,0.0833333333333333,0.0952380952380952,0.6917891383749859,1,8,11,0.1111111111111111,0.0833333333333333,0.0952380952380952,0.6917891383749859,1,8,11,0.1111111111111111,0.0833333333333333,0.0952380952380952,0.6917891383749859,1,8,11,0.1111111111111111,0.0833333333333333,0.0952380952380952,0.6917891383749859,0.0003589329999158,0,100.0,0,0,0,0.0,0.0,0.0,0,0,0,0.0,0.0,0.0,0,0,0,0.0,0.0,0.0,0,0,0,0.0,0.0,0.0
COCO,476258,2,2,0,0,2,2,4,2,6,5,0,0,4,0.014022467000359,0.0068613670000559,0.0,0.0068613670000559,0.0069634999999834,0.0210380830003487,Optimal,0,none,1.5752455743153893,0,5,100.0,100.0,100.0,2.0,2,0,0,1.0,1.0,1.0,0.9719793232564456,2,0,0,1.0,1.0,1.0,0.9719793232564456,2,0,0,1.0,1.0,1.0,0.9719793232564456,2,0,0,1.0,1.0,1.0,0.9719793232564456,3.677999984574853e-05,0,100.0,0,0,0,0.0,0.0,0.0,0,0,0,0.0,0.0,0.0,0,0,0,0.0,0.0,0.0,0,0,0,0.0,0.0,0.0
COCO,448365,3,3,0,0,5,38,10,38,48,26,0,0,10,0.0152229300001636,0.0091225979999762,0.0,0.0091225979999762,0.0092991989999973,0.0246827760001906,Optimal,0,none,4.097281683043974,0,16,100.0,100.0,100.0,2.0,2,3,1,0.4,0.6666666666666666,0.5,0.9803119556281849,2,3,1,0.4,0.6666666666666666,0.5,0.9803119556281849,2,3,1,0.4,0.6666666666666666,0.5,0.9803119556281849,2,3,1,0.4,0.6666666666666666,0.5,0.9803119556281849,0.0001346579997516,0,100.0,0,0,0,0.0,0.0,0.0,0,0,0,0.0,0.0,0.0,0,0,0,0.0,0.0,0.0,0,0,0,0.0,0.0,0.0
COCO,35197,3,3,0,0,4,24,8,24,32,17,0,0,8,0.0142315060002147,0.0080673689999457,0.0,0.0080673689999457,0.0082291650001025,0.0225912890000472,Optimal,0,none,3.3692140390874883,0,13,100.0,100.0,100.0,2.0,3,1,0,0.75,1.0,0.8571428571428571,0.8501119347283214,3,1,0,0.75,1.0,0.8571428571428571,0.8501119347283214,3,1,0,0.75,1.0,0.8571428571428571,0.8501119347283214,3,1,0,0.75,1.0,0.8571428571428571,0.8501119347283214,9.843599991654628e-05,0,100.0,0,0,0,0.0,0.0,0.0,0,0,0,0.0,0.0,0.0,0,0,0,0.0,0.0,0.0,0,0,0,0.0,0.0,0.0
COCO,349860,8,8,0,0,6,59,12,59,71,37,0,0,12,0.0145884670000668,0.0091768279999087,0.0,0.0091768279999087,0.0093849449999652,0.0241789110000354,Optimal,0,none,5.021963761231294,0,19,100.0,100.0,100.0,2.0,5,1,3,0.8333333333333334,0.625,0.7142857142857143,0.8328911358115139,5,1,3,0.8333333333333334,0.625,0.7142857142857143,0.8328911358115139,5,1,3,0.8333333333333334,0.625,0.7142857142857143,0.8328911358115139,5,1,3,0.8333333333333334,0.625,0.7142857142857143,0.8328911358115139,0.0001737990000947,0,100.0,0,0,0,0.0,0.0,0.0,0,0,0,0.0,0.0,0.0,0,0,0,0.0,0.0,0.0,0,0,0,0.0,0.0,0.0
COCO,180135,2,2,0,0,3,6,6,6,12,10,0,0,6,0.014056759000141,0.0070738220001658,0.0,0.0070738220001658,0.0072140759998546,0.0213410440001098,Optimal,0,none,2.442384905815125,0,10,100.0,100.0,100.0,2.0,2,1,0,0.6666666666666666,1.0,0.8,0.859106905817538,2,1,0,0.6666666666666666,1.0,0.8,0.859106905817538,2,1,0,0.6666666666666666,1.0,0.8,0.859106905817538,2,1,0,0.6666666666666666,1.0,0.8,0.859106905817538,4.84639999740466e-05,0,100.0,0,0,0,0.0,0.0,0.0,0,0,0,0.0,0.0,0.0,0,0,0,0.0,0.0,0.0,0,0,0,0.0,0.0,0.0
COCO,486438,9,9,0,0,9,136,18,136,154,82,0,0,18,0.0156323869996413,0.0129632999996829,0.0,0.0129632999996829,0.0133275660000435,0.0293806749996292,Optimal,0,none,8.1662691773041,0,28,100.0,100.0,100.0,2.0,8,1,1,0.8888888888888888,0.8888888888888888,0.8888888888888888,0.9179751336663114,8,1,1,0.8888888888888888,0.8888888888888888,0.8888888888888888,0.9179751336663114,8,1,1,0.8888888888888888,0.8888888888888888,0.8888888888888888,0.9179751336663114,8,1,1,0.8888888888888888,0.8888888888888888,0.8888888888888888,0.9179751336663114,0.0003734860001713,0,100.0,0,0,0,0.0,0.0,0.0,0,0,0,0.0,0.0,0.0,0,0,0,0.0,0.0,0.0,0,0,0,0.0,0.0,0.0
COCO,400573,5,5,0,0,3,12,6,12,18,10,0,0,6,0.0163914499999009,0.0073265770001853,0.0,0.0073265770001853,0.0074870530002044,0.0239682450001055,Optimal,0,none,2.548252449035645,0,10,100.0,100.0,100.0,2.0,2,1,3,0.6666666666666666,0.4,0.5,0.9757622704224952,2,1,3,0.6666666666666666,0.4,0.5,0.9757622704224952,2,1,3,0.6666666666666666,0.4,0.5,0.9757622704224952,2,1,3,0.6666666666666666,0.4,0.5,0.9757622704224952,6.708299997626455e-05,0,100.0,0,0,0,0.0,0.0,0.0,0,0,0,0.0,0.0,0.0,0,0,0,0.0,0.0,0.0,0,0,0,0.0,0.0,0.0
COCO,109798,4,4,0,0,4,21,8,21,29,17,0,0,8,0.0153496019997874,0.0083555860001069,0.0,0.0083555860001069,0.0085193979998621,0.0240026020001096,Optimal,0,none,3.662093499117686,0,13,100.0,100.0,100.0,2.0,3,1,1,0.75,0.75,0.75,0.9432513024400418,3,1,1,0.75,0.75,0.75,0.9432513024400418,3,1,1,0.75,0.75,0.75,0.9432513024400418,3,1,1,0.75,0.75,0.75,0.9432513024400418,0.0001079059998119,0,100.0,0,0,0,0.0,0.0,0.0,0,0,0,0.0,0.0,0.0,0,0,0,0.0,0.0,0.0,0,0,0,0.0,0.0,0.0
COCO,370677,16,16,0,0,18,612,36,612,648,325,0,0,36,0.0177888469997924,0.0308067380001375,0.0,0.0308067380001375,0.0315779689999544,0.0508788099996309,Optimal,0,none,14.330208261189371,0,55,100.0,100.0,100.0,2.0,7,11,9,0.3888888888888889,0.4375,0.411764705882353,0.9057104317179973,7,11,9,0.3888888888888889,0.4375,0.411764705882353,0.9057104317179973,7,11,9,0.3888888888888889,0.4375,0.411764705882353,0.9057104317179973,7,11,9,0.3888888888888889,0.4375,0.411764705882353,0.9057104317179973,0.0014381159999174,0,100.0,0,0,0,0.0,0.0,0.0,0,0,0,0.0,0.0,0.0,0,0,0,0.0,0.0,0.0,0,0,0,0.0,0.0,0.0
COCO,238866,12,12,0,0,30,1685,60,1685,1745,901,0,0,60,0.0213622200003555,0.0784585279998282,0.0,0.0784585279998282,0.080264667999927,0.1058434420001503,Optimal,0,none,26.30843311763449,0,91,100.0,100.0,100.0,2.0,12,18,0,0.4,1.0,0.5714285714285715,0.9107780305779366,12,18,0,0.4,1.0,0.5714285714285715,0.9107780305779366,12,18,0,0.4,1.0,0.5714285714285715,0.9107780305779366,12,18,0,0.4,1.0,0.5714285714285715,0.9107780305779366,0.0040749469999354,0,100.0,0,0,0,0.0,0.0,0.0,0,0,0,0.0,0.0,0.0,0,0,0,0.0,0.0,0.0,0,0,0,0.0,0.0,0.0
COCO,369370,7,7,0,0,5,40,10,40,50,26,0,0,10,0.0150637570000071,0.0083441550000316,0.0,0.0083441550000316,0.0085271560001274,0.0237672439998277,Optimal,0,none,4.072922168084817,0,16,100.0,100.0,100.0,2.0,4,1,3,0.8,0.5714285714285714,0.6666666666666666,0.8546483116348288,4,1,3,0.8,0.5714285714285714,0.6666666666666666,0.8546483116348288,4,1,3,0.8,0.5714285714285714,0.6666666666666666,0.8546483116348288,4,1,3,0.8,0.5714285714285714,0.6666666666666666,0.8546483116348288,0.0001485940001657,0,100.0,0,0,0,0.0,0.0,0.0,0,0,0,0.0,0.0,0.0,0,0,0,0.0,0.0,0.0,0,0,0,0.0,0.0,0.0
COCO,502737,4,4,0,0,7,76,14,76,90,50,0,0,14,0.0156574399998135,0.0103852160000315,0.0,0.0103852160000315,0.0107218680000187,0.0266488699999172,Optimal,0,none,5.234530965487164,0,22,100.0,100.0,100.0,2.0,3,4,1,0.4285714285714285,0.75,0.5454545454545454,0.8566480928121809,3,4,1,0.4285714285714285,0.75,0.5454545454545454,0.8566480928121809,3,4,1,0.4285714285714285,0.75,0.5454545454545454,0.8566480928121809,3,4,1,0.4285714285714285,0.75,0.5454545454545454,0.8566480928121809,0.0002294559999427,0,100.0,0,0,0,0.0,0.0,0.0,0,0,0,0.0,0.0,0.0,0,0,0,0.0,0.0,0.0,0,0,0,0.0,0.0,0.0
COCO,515579,7,7,0,0,2,4,4,4,8,5,0,0,4,0.0136469250001027,0.0066510159999779,0.0,0.0066510159999779,0.0067568879999271,0.0204550970001946,Optimal,0,none,1.4747676165898644,0,5,100.0,100.0,100.0,2.0,2,0,5,1.0,0.2857142857142857,0.4444444444444445,0.783969353238491,2,0,5,1.0,0.2857142857142857,0.4444444444444445,0.783969353238491,2,0,5,1.0,0.2857142857142857,0.4444444444444445,0.783969353238491,2,0,5,1.0,0.2857142857142857,0.4444444444444445,0.783969353238491,3.794900021603098e-05,0,100.0,0,0,0,0.0,0.0,0.0,0,0,0,0.0,0.0,0.0,0,0,0,0.0,0.0,0.0,0,0,0,0.0,0.0,0.0
COCO,515445,7,7,0,0,8,74,16,74,90,65,0,0,16,0.0148459030001504,0.0102803650001987,0.0,0.0102803650001987,0.0105285949998688,0.0256006590002471,Optimal,0,none,6.700858277339621,0,25,100.0,100.0,100.0,2.0,5,3,2,0.625,0.7142857142857143,0.6666666666666666,0.7938453662874281,5,3,2,0.625,0.7142857142857143,0.6666666666666666,0.7938453662874281,5,3,2,0.625,0.7142857142857143,0.6666666666666666,0.7938453662874281,5,3,2,0.625,0.7142857142857143,0.6666666666666666,0.7938453662874281,0.0001949180000337,0,100.0,0,0,0,0.0,0.0,0.0,0,0,0,0.0,0.0,0.0,0,0,0,0.0,0.0,0.0,0,0,0,0.0,0.0,0.0
COCO,173383,4,4,0,0,3,12,6,12,18,10,0,0,6,0.0148844219997954,0.0071861540000099,0.0,0.0071861540000099,0.0073139119999723,0.0222778649999781,Optimal,0,none,2.245626947879792,0,10,100.0,100.0,100.0,2.0,1,2,3,0.3333333333333333,0.25,0.2857142857142857,0.9149517560863218,1,2,3,0.3333333333333333,0.25,0.2857142857142857,0.9149517560863218,1,2,3,0.3333333333333333,0.25,0.2857142857142857,0.9149517560863218,1,2,3,0.3333333333333333,0.25,0.2857142857142857,0.9149517560863218,6.082600020818063e-05,0,100.0,0,0,0,0.0,0.0,0.0,0,0,0,0.0,0.0,0.0,0,0,0,0.0,0.0,0.0,0,0,0,0.0,0.0,0.0
COCO,438862,10,10,0,0,6,51,12,51,63,37,0,0,12,0.015034889999697,0.0091561429999273,0.0,0.0091561429999273,0.0093659459998889,0.0245932489997358,Optimal,0,none,5.493594141006471,0,19,100.0,100.0,100.0,2.0,6,0,4,1.0,0.6,0.7499999999999999,0.9175329006299648,6,0,4,1.0,0.6,0.7499999999999999,0.9175329006299648,6,0,4,1.0,0.6,0.7499999999999999,0.9175329006299648,6,0,4,1.0,0.6,0.7499999999999999,0.9175329006299648,0.0001637570003367,0,100.0,0,0,0,0.0,0.0,0.0,0,0,0,0.0,0.0,0.0,0,0,0,0.0,0.0,0.0,0,0,0,0.0,0.0,0.0
COCO,180560,3,3,0,0,4,26,8,26,34,17,0,0,8,0.0134953699998732,0.008582791000208,0.0,0.008582791000208,0.0087854060002428,0.0224213149999741,Optimal,0,none,3.479647394816082,0,13,100.0,100.0,100.0,2.0,2,2,1,0.5,0.6666666666666666,0.5714285714285715,0.9246567324938604,2,2,1,0.5,0.6666666666666666,0.5714285714285715,0.9246567324938604,2,2,1,0.5,0.6666666666666666,0.5714285714285715,0.9246567324938604,2,2,1,0.5,0.6666666666666666,0.5714285714285715,0.9246567324938604,0.000113543000225,0,100.0,0,0,0,0.0,0.0,0.0,0,0,0,0.0,0.0,0.0,0,0,0,0.0,0.0,0.0,0,0,0,0.0,0.0,0.0
COCO,347693,2,2,0,0,1,0,2,0,2,1,0,0,2,0.0131781069999306,0.0066699270000754,0.0,0.0066699270000754,0.0067613999999593,0.0199719259999255,Optimal,0,none,0.4791198412577311,0,2,100.0,100.0,100.0,2.0,0,1,2,0.0,0.0,0.0,0.0,0,1,2,0.0,0.0,0.0,0.0,0,1,2,0.0,0.0,0.0,0.0,0,1,2,0.0,0.0,0.0,0.0,2.351200009798049e-05,0,100.0,0,0,0,0.0,0.0,0.0,0,0,0,0.0,0.0,0.0,0,0,0,0.0,0.0,0.0,0,0,0,0.0,0.0,0.0
COCO,39956,2,2,0,0,7,84,14,84,98,50,0,0,14,0.0137784529997588,0.0112210419997609,0.0,0.0112210419997609,0.0116332379998311,0.0262271759997929,Optimal,0,none,5.290322021017573,0,22,100.0,100.0,100.0,2.0,2,5,0,0.2857142857142857,1.0,0.4444444444444445,0.7466599717576614,2,5,0,0.2857142857142857,1.0,0.4444444444444445,0.7466599717576614,2,5,0,0.2857142857142857,1.0,0.4444444444444445,0.7466599717576614,2,5,0,0.2857142857142857,1.0,0.4444444444444445,0.7466599717576614,0.0007368999999926,0,100.0,0,0,0,0.0,0.0,0.0,0,0,0,0.0,0.0,0.0,0,0,0,0.0,0.0,0.0,0,0,0,0.0,0.0,0.0
COCO,321214,3,3,0,0,2,4,4,4,8,5,0,0,4,0.0138911880003433,0.0067400480002106,0.0,0.0067400480002106,0.0068403199998101,0.0207852520002234,Optimal,0,none,1.4393056186040245,0,5,100.0,100.0,100.0,2.0,2,0,1,1.0,0.6666666666666666,0.8,0.9113459526438414,2,0,1,1.0,0.6666666666666666,0.8,0.9113459526438414,2,0,1,1.0,0.6666666666666666,0.8,0.9113459526438414,2,0,1,1.0,0.6666666666666666,0.8,0.9113459526438414,4.024300005767145e-05,0,100.0,0,0,0,0.0,0.0,0.0,0,0,0,0.0,0.0,0.0,0,0,0,0.0,0.0,0.0,0,0,0,0.0,0.0,0.0
COCO,474028,15,15,0,0,14,287,28,287,315,197,0,0,28,0.0183537939997222,0.0190540779999537,0.0,0.0190540779999537,0.0195650119999299,0.0386749899998903,Optimal,0,none,11.97839400570004,0,43,100.0,100.0,100.0,2.0,13,1,2,0.9285714285714286,0.8666666666666667,0.896551724137931,0.8798568280229836,13,1,2,0.9285714285714286,0.8666666666666667,0.896551724137931,0.8798568280229836,13,1,2,0.9285714285714286,0.8666666666666667,0.896551724137931,0.8798568280229836,13,1,2,0.9285714285714286,0.8666666666666667,0.896551724137931,0.8798568280229836,0.0006975839996812,0,100.0,0,0,0,0.0,0.0,0.0,0,0,0,0.0,0.0,0.0,0,0,0,0.0,0.0,0.0,0,0,0,0.0,0.0,0.0
COCO,66523,1,1,0,0,1,0,2,0,2,1,0,0,2,0.0134260599998015,0.0061371150000013,0.0,0.0061371150000013,0.0062021130001994,0.0196558890002052,Optimal,0,none,0.6084539333979289,0,2,100.0,100.0,100.0,2.0,1,0,0,1.0,1.0,1.0,0.8785116209525657,1,0,0,1.0,1.0,1.0,0.8785116209525657,1,0,0,1.0,1.0,1.0,0.8785116209525657,1,0,0,1.0,1.0,1.0,0.8785116209525657,2.006700015044771e-05,0,100.0,0,0,0,0.0,0.0,0.0,0,0,0,0.0,0.0,0.0,0,0,0,0.0,0.0,0.0,0,0,0,0.0,0.0,0.0
COCO,355257,3,3,0,0,2,4,4,4,8,5,0,0,4,0.0159874040000431,0.0074183579999953,0.0,0.0074183579999953,0.0075628559998222,0.023607684000126,Optimal,0,none,1.2900133641560876,0,5,100.0,100.0,100.0,2.0,0,2,3,0.0,0.0,0.0,0.6923862629634103,0,2,3,0.0,0.0,0.0,0.6923862629634103,0,2,3,0.0,0.0,0.0,0.6923862629634103,0,2,3,0.0,0.0,0.0,0.6923862629634103,4.27279996983998e-05,0,100.0,0,0,0,0.0,0.0,0.0,0,0,0,0.0,0.0,0.0,0,0,0,0.0,0.0,0.0,0,0,0,0.0,0.0,0.0
COCO,142092,1,1,0,0,1,0,2,0,2,1,0,0,2,0.0152539760001673,0.0066836239998337,0.0,0.0066836239998337,0.0067669810000552,0.0220522879999407,Optimal,0,none,0.6015952269236247,0,2,100.0,100.0,100.0,2.0,1,0,0,1.0,1.0,1.0,0.9551595124292064,1,0,0,1.0,1.0,1.0,0.9551595124292064,1,0,0,1.0,1.0,1.0,0.9551595124292064,1,0,0,1.0,1.0,1.0,0.9551595124292064,2.2167000224726507e-05,0,100.0,0,0,0,0.0,0.0,0.0,0,0,0,0.0,0.0,0.0,0,0,0,0.0,0.0,0.0,0,0,0,0.0,0.0,0.0
COCO,63154,2,2,0,0,4,25,8,25,33,17,0,0,8,0.0155679210001835,0.0095613490002506,0.0,0.0095613490002506,0.0097218020000582,0.0254115910001928,Optimal,0,none,3.0467217984480124,0,13,100.0,100.0,100.0,2.0,2,2,0,0.5,1.0,0.6666666666666666,0.6822770266517785,2,2,0,0.5,1.0,0.6666666666666666,0.6822770266517785,2,2,0,0.5,1.0,0.6666666666666666,0.6822770266517785,2,2,0,0.5,1.0,0.6666666666666666,0.6822770266517785,9.11170000108541e-05,0,100.0,0,0,0,0.0,0.0,0.0,0,0,0,0.0,0.0,0.0,0,0,0,0.0,0.0,0.0,0,0,0,0.0,0.0,0.0
COCO,199551,2,2,0,0,2,3,4,3,7,5,0,0,4,0.0134573669997735,0.0065364650004084,0.0,0.0065364650004084,0.0066320539999651,0.0201390739998714,Optimal,0,none,1.3904587872823078,0,5,100.0,100.0,100.0,2.0,2,0,0,1.0,1.0,1.0,0.7729388578113188,2,0,0,1.0,1.0,1.0,0.7729388578113188,2,0,0,1.0,1.0,1.0,0.7729388578113188,2,0,0,1.0,1.0,1.0,0.7729388578113188,3.638900034275139e-05,0,100.0,0,0,0,0.0,0.0,0.0,0,0,0,0.0,0.0,0.0,0,0,0,0.0,0.0,0.0,0,0,0,0.0,0.0,0.0
COCO,239347,4,4,0,0,2,3,4,3,7,5,0,0,4,0.0154111299998476,0.0068873529999109,0.0,0.0068873529999109,0.0069928770003571,0.0224606809997567,Optimal,0,none,1.226301661332449,0,5,100.0,100.0,100.0,2.0,0,2,4,0.0,0.0,0.0,0.0,0,2,4,0.0,0.0,0.0,0.0,0,2,4,0.0,0.0,0.0,0.0,0,2,4,0.0,0.0,0.0,0.0,4.1369999962626025e-05,0,100.0,0,0,0,0.0,0.0,0.0,0,0,0,0.0,0.0,0.0,0,0,0,0.0,0.0,0.0,0,0,0,0.0,0.0,0.0
COCO,514508,5,5,0,0,5,33,10,33,43,26,0,0,10,0.0141100409996397,0.0078201840001383,0.0,0.0078201840001383,0.0080056260003402,0.0222724519999246,Optimal,0,none,4.193400255044303,0,16,100.0,100.0,100.0,2.0,4,1,1,0.8,0.8,0.8000000000000002,0.8906448799261273,4,1,1,0.8,0.8,0.8000000000000002,0.8906448799261273,4,1,1,0.8,0.8,0.8000000000000002,0.8906448799261273,4,1,1,0.8,0.8,0.8000000000000002,0.8906448799261273,0.0001300250000895,0,100.0,0,0,0,0.0,0.0,0.0,0,0,0,0.0,0.0,0.0,0,0,0,0.0,0.0,0.0,0,0,0,0.0,0.0,0.0
COCO,473237,3,3,0,0,2,6,4,6,10,5,0,0,4,0.0146714249999604,0.0069383889999699,0.0,0.0069383889999699,0.0070454609999615,0.0218016180001541,Optimal,0,none,1.507741359074911,0,5,100.0,100.0,100.0,2.0,2,0,1,1.0,0.6666666666666666,0.8,0.9471893976728668,2,0,1,1.0,0.6666666666666666,0.8,0.9471893976728668,2,0,1,1.0,0.6666666666666666,0.8,0.9471893976728668,2,0,1,1.0,0.6666666666666666,0.8,0.9471893976728668,4.419300012159511e-05,0,100.0,0,0,0,0.0,0.0,0.0,0,0,0,0.0,0.0,0.0,0,0,0,0.0,0.0,0.0,0,0,0,0.0,0.0,0.0
COCO,228144,4,4,0,0,3,10,6,10,16,10,0,0,6,0.0129793969999809,0.007823033999557,0.0,0.007823033999557,0.0079713380000612,0.0211019029998169,Optimal,0,none,2.441006643772125,0,10,100.0,100.0,100.0,2.0,1,2,3,0.3333333333333333,0.25,0.2857142857142857,0.973989694078298,1,2,3,0.3333333333333333,0.25,0.2857142857142857,0.973989694078298,1,2,3,0.3333333333333333,0.25,0.2857142857142857,0.973989694078298,1,2,3,0.3333333333333333,0.25,0.2857142857142857,0.973989694078298,0.0001259620003111,0,100.0,0,0,0,0.0,0.0,0.0,0,0,0,0.0,0.0,0.0,0,0,0,0.0,0.0,0.0,0,0,0,0.0,0.0,0.0
COCO,206027,6,6,0,0,6,49,12,49,61,37,0,0,12,0.0162282239998603,0.0107257340000614,0.0,0.0107257340000614,0.0109538529995916,0.0274015969998799,Optimal,0,none,5.0703329349178405,0,19,100.0,100.0,100.0,2.0,3,3,3,0.5,0.5,0.5,0.9307191306448191,3,3,3,0.5,0.5,0.5,0.9307191306448191,3,3,3,0.5,0.5,0.5,0.9307191306448191,3,3,3,0.5,0.5,0.5,0.9307191306448191,0.000186771999779,0,100.0,0,0,0,0.0,0.0,0.0,0,0,0,0.0,0.0,0.0,0,0,0,0.0,0.0,0.0,0,0,0,0.0,0.0,0.0
COCO,78915,12,12,0,0,17,501,34,501,535,290,0,0,34,0.0191448929999751,0.0275353900001391,0.0,0.0275353900001391,0.0283040650001566,0.0487088310001126,Optimal,0,none,13.633683885099378,0,52,100.0,100.0,100.0,2.0,10,7,2,0.5882352941176471,0.8333333333333334,0.6896551724137931,0.8138860551421191,10,7,2,0.5882352941176471,0.8333333333333334,0.6896551724137931,0.8138860551421191,10,7,2,0.5882352941176471,0.8333333333333334,0.6896551724137931,0.8138860551421191,10,7,2,0.5882352941176471,0.8333333333333334,0.6896551724137931,0.8138860551421191,0.0011838780001198,0,100.0,0,0,0,0.0,0.0,0.0,0,0,0,0.0,0.0,0.0,0,0,0,0.0,0.0,0.0,0,0,0,0.0,0.0,0.0
COCO,551215,2,2,0,0,1,0,2,0,2,1,0,0,2,0.0161809310002354,0.0065569760004109,0.0,0.0065569760004109,0.0066242410002814,0.0228322590000971,Optimal,0,none,0.6119760672251384,0,2,100.0,100.0,100.0,2.0,1,0,1,1.0,0.5,0.6666666666666666,0.962801332902072,1,0,1,1.0,0.5,0.6666666666666666,0.962801332902072,1,0,1,1.0,0.5,0.6666666666666666,0.962801332902072,1,0,1,1.0,0.5,0.6666666666666666,0.962801332902072,2.0000999938929453e-05,0,100.0,0,0,0,0.0,0.0,0.0,0,0,0,0.0,0.0,0.0,0,0,0,0.0,0.0,0.0,0,0,0,0.0,0.0,0.0
COCO,544519,2,2,0,0,4,28,8,28,36,17,0,0,8,0.0152058099997702,0.0089284730001963,0.0,0.0089284730001963,0.0091398560002744,0.0244747990000178,Optimal,0,none,3.2761344877878837,0,13,100.0,100.0,100.0,2.0,2,2,0,0.5,1.0,0.6666666666666666,0.8814649871980861,2,2,0,0.5,1.0,0.6666666666666666,0.8814649871980861,2,2,0,0.5,1.0,0.6666666666666666,0.8814649871980861,2,2,0,0.5,1.0,0.6666666666666666,0.8814649871980861,0.0001058970001395,0,100.0,0,0,0,0.0,0.0,0.0,0,0,0,0.0,0.0,0.0,0,0,0,0.0,0.0,0.0,0,0,0,0.0,0.0,0.0
COCO,96493,3,3,0,0,3,9,6,9,15,10,0,0,6,0.0150352659998134,0.0077795059996788,0.0,0.0077795059996788,0.0079212390000975,0.0230410250001114,Optimal,0,none,2.563533673286438,0,10,100.0,100.0,100.0,2.0,1,2,2,0.3333333333333333,0.3333333333333333,0.3333333333333333,0.8816909517133402,1,2,2,0.3333333333333333,0.3333333333333333,0.3333333333333333,0.8816909517133402,1,2,2,0.3333333333333333,0.3333333333333333,0.3333333333333333,0.8816909517133402,1,2,2,0.3333333333333333,0.3333333333333333,0.3333333333333333,0.8816909517133402,6.105600004957523e-05,0,100.0,0,0,0,0.0,0.0,0.0,0,0,0,0.0,0.0,0.0,0,0,0,0.0,0.0,0.0,0,0,0,0.0,0.0,0.0
COCO,23899,9,9,0,0,5,36,10,36,46,26,0,0,10,0.0144082920000983,0.0087714569999661,0.0,0.0087714569999661,0.0089915409998866,0.0235503490002884,Optimal,0,none,4.078636442190335,0,16,100.0,100.0,100.0,2.0,2,3,7,0.4,0.2222222222222222,0.2857142857142857,0.6546844932699376,2,3,7,0.4,0.2222222222222222,0.2857142857142857,0.6546844932699376,2,3,7,0.4,0.2222222222222222,0.2857142857142857,0.6546844932699376,2,3,7,0.4,0.2222222222222222,0.2857142857142857,0.6546844932699376,0.0001251990001946,0,100.0,0,0,0,0.0,0.0,0.0,0,0,0,0.0,0.0,0.0,0,0,0,0.0,0.0,0.0,0,0,0,0.0,0.0,0.0
COCO,340175,29,29,0,0,6,60,12,60,72,37,0,0,12,0.0152229189998251,0.0092871799997737,0.0,0.0092871799997737,0.0095274159998552,0.024935744999766,Optimal,0,none,4.8587615485777,0,19,100.0,100.0,100.0,2.0,5,1,24,0.8333333333333334,0.1724137931034483,0.2857142857142857,0.841383098291866,5,1,24,0.8333333333333334,0.1724137931034483,0.2857142857142857,0.841383098291866,5,1,24,0.8333333333333334,0.1724137931034483,0.2857142857142857,0.841383098291866,5,1,24,0.8333333333333334,0.1724137931034483,0.2857142857142857,0.841383098291866,0.0001576790000399,0,100.0,0,0,0,0.0,0.0,0.0,0,0,0,0.0,0.0,0.0,0,0,0,0.0,0.0,0.0,0,0,0,0.0,0.0,0.0
COCO,578500,14,14,0,0,12,247,24,247,271,145,0,0,24,0.0591530780002358,0.0167774349997671,0.0,0.0167774349997671,0.0174388779996661,0.0773105700000087,Optimal,0,none,9.19784922564756,0,37,100.0,100.0,100.0,2.0,5,7,9,0.4166666666666667,0.3571428571428571,0.3846153846153846,0.8384397394512377,5,7,9,0.4166666666666667,0.3571428571428571,0.3846153846153846,0.8384397394512377,5,7,9,0.4166666666666667,0.3571428571428571,0.3846153846153846,0.8384397394512377,5,7,9,0.4166666666666667,0.3571428571428571,0.3846153846153846,0.8384397394512377,0.0006580409999514,0,100.0,0,0,0,0.0,0.0,0.0,0,0,0,0.0,0.0,0.0,0,0,0,0.0,0.0,0.0,0,0,0,0.0,0.0,0.0
COCO,366141,4,4,0,0,6,57,12,57,69,37,0,0,12,0.0149207589997786,0.0094683339998482,0.0,0.0094683339998482,0.0097212649998255,0.0248367740000503,Optimal,0,none,4.694483828544618,0,19,100.0,100.0,100.0,2.0,3,3,1,0.5,0.75,0.6,0.9002528195582031,3,3,1,0.5,0.75,0.6,0.9002528195582031,3,3,1,0.5,0.75,0.6,0.9002528195582031,3,3,1,0.5,0.75,0.6,0.9002528195582031,0.0001625149998289,0,100.0,0,0,0,0.0,0.0,0.0,0,0,0,0.0,0.0,0.0,0,0,0,0.0,0.0,0.0,0,0,0,0.0,0.0,0.0
COCO,57597,33,33,0,0,22,884,44,884,928,485,0,0,44,0.0213346320001619,0.042340650999904,0.0,0.042340650999904,0.0434230839996416,0.066653727999892,Optimal,0,none,16.89726004294611,0,67,100.0,100.0,100.0,2.0,9,13,24,0.4090909090909091,0.2727272727272727,0.3272727272727272,0.7967535235225243,9,13,24,0.4090909090909091,0.2727272727272727,0.3272727272727272,0.7967535235225243,9,13,24,0.4090909090909091,0.2727272727272727,0.3272727272727272,0.7967535235225243,9,13,24,0.4090909090909091,0.2727272727272727,0.3272727272727272,0.7967535235225243,0.0018066309999085,0,100.0,0,0,0,0.0,0.0,0.0,0,0,0,0.0,0.0,0.0,0,0,0,0.0,0.0,0.0,0,0,0,0.0,0.0,0.0
COCO,559842,18,18,0,0,18,506,36,506,542,325,0,0,36,0.019154533999881,0.0267567359996974,0.0,0.0267567359996974,0.0275444230001085,0.0480981800001245,Optimal,0,none,15.531711472238973,0,55,100.0,100.0,100.0,2.0,13,5,5,0.7222222222222222,0.7222222222222222,0.7222222222222222,0.9029307827833748,13,5,5,0.7222222222222222,0.7222222222222222,0.7222222222222222,0.9029307827833748,13,5,5,0.7222222222222222,0.7222222222222222,0.7222222222222222,0.9029307827833748,13,5,5,0.7222222222222222,0.7222222222222222,0.7222222222222222,0.9029307827833748,0.0013236210002105,0,100.0,0,0,0,0.0,0.0,0.0,0,0,0,0.0,0.0,0.0,0,0,0,0.0,0.0,0.0,0,0,0,0.0,0.0,0.0
COCO,434230,21,21,0,0,20,680,40,680,720,401,0,0,40,0.0188886659998388,0.0364350979998562,0.0,0.0364350979998562,0.0373455239996474,0.0578756279996923,Optimal,0,none,15.95658042030356,0,61,100.0,100.0,100.0,2.0,6,14,15,0.3,0.2857142857142857,0.2926829268292683,0.8120630893933579,6,14,15,0.3,0.2857142857142857,0.2926829268292683,0.8120630893933579,6,14,15,0.3,0.2857142857142857,0.2926829268292683,0.8120630893933579,6,14,15,0.3,0.2857142857142857,0.2926829268292683,0.8120630893933579,0.0015564199998152,0,100.0,0,0,0,0.0,0.0,0.0,0,0,0,0.0,0.0,0.0,0,0,0,0.0,0.0,0.0,0,0,0,0.0,0.0,0.0
COCO,428454,5,5,0,0,4,26,8,26,34,17,0,0,8,0.0168724329996621,0.0096687669997663,0.0,0.0096687669997663,0.0098405450003156,0.0268649089998689,Optimal,0,none,3.433346451918285,0,13,100.0,100.0,100.0,2.0,2,2,3,0.5,0.4,0.4444444444444445,0.8460609578628362,2,2,3,0.5,0.4,0.4444444444444445,0.8460609578628362,2,2,3,0.5,0.4,0.4444444444444445,0.8460609578628362,2,2,3,0.5,0.4,0.4444444444444445,0.8460609578628362,0.0001016800001707,0,100.0,0,0,0,0.0,0.0,0.0,0,0,0,0.0,0.0,0.0,0,0,0,0.0,0.0,0.0,0,0,0,0.0,0.0,0.0
COCO,399462,4,4,0,0,4,20,8,20,28,17,0,0,8,0.01419032900003,0.0082029109998984,0.0,0.0082029109998984,0.0083632050000233,0.0226505489999908,Optimal,0,none,3.763455197016399,0,13,100.0,100.0,100.0,2.0,4,0,0,1.0,1.0,1.0,0.9240872712801887,4,0,0,1.0,1.0,1.0,0.9240872712801887,4,0,0,1.0,1.0,1.0,0.9240872712801887,4,0,0,1.0,1.0,1.0,0.9240872712801887,7.62340000619588e-05,0,100.0,0,0,0,0.0,0.0,0.0,0,0,0,0.0,0.0,0.0,0,0,0,0.0,0.0,0.0,0,0,0,0.0,0.0,0.0
COCO,261061,5,5,0,0,2,4,4,4,8,5,0,0,4,0.0142067319998204,0.0065620729997135,0.0,0.0065620729997135,0.0066708529998322,0.0209352359997865,Optimal,0,none,1.5024348529179892,0,5,100.0,100.0,100.0,2.0,1,1,4,0.5,0.2,0.2857142857142857,0.9150726697509513,1,1,4,0.5,0.2,0.2857142857142857,0.9150726697509513,1,1,4,0.5,0.2,0.2857142857142857,0.9150726697509513,1,1,4,0.5,0.2,0.2857142857142857,0.9150726697509513,4.279100039639161e-05,0,100.0,0,0,0,0.0,0.0,0.0,0,0,0,0.0,0.0,0.0,0,0,0,0.0,0.0,0.0,0,0,0,0.0,0.0,0.0
COCO,168330,7,7,0,0,5,40,10,40,50,26,0,0,10,0.0138033429998358,0.0079907589997674,0.0,0.0079907589997674,0.0081779469996945,0.0221439860001737,Optimal,0,none,4.169969697793326,0,16,100.0,100.0,100.0,2.0,4,1,3,0.8,0.5714285714285714,0.6666666666666666,0.8105873746987209,4,1,3,0.8,0.5714285714285714,0.6666666666666666,0.8105873746987209,4,1,3,0.8,0.5714285714285714,0.6666666666666666,0.8105873746987209,4,1,3,0.8,0.5714285714285714,0.6666666666666666,0.8105873746987209,0.0001337189996775,0,100.0,0,0,0,0.0,0.0,0.0,0,0,0,0.0,0.0,0.0,0,0,0,0.0,0.0,0.0,0,0,0,0.0,0.0,0.0
COCO,383384,12,12,0,0,6,54,12,54,66,37,0,0,12,0.0153570930001478,0.0092970870000499,0.0,0.0092970870000499,0.0095198409999284,0.0250900099999853,Optimal,0,none,5.345673401355745,0,19,100.0,100.0,100.0,2.0,5,1,7,0.8333333333333334,0.4166666666666667,0.5555555555555556,0.9283994286995034,5,1,7,0.8333333333333334,0.4166666666666667,0.5555555555555556,0.9283994286995034,5,1,7,0.8333333333333334,0.4166666666666667,0.5555555555555556,0.9283994286995034,5,1,7,0.8333333333333334,0.4166666666666667,0.5555555555555556,0.9283994286995034,0.0001842130000113,0,100.0,0,0,0,0.0,0.0,0.0,0,0,0,0.0,0.0,0.0,0,0,0,0.0,0.0,0.0,0,0,0,0.0,0.0,0.0
COCO,342006,4,4,0,0,3,12,6,12,18,10,0,0,6,0.0139712830000462,0.0067710590001297,0.0,0.0067710590001297,0.006896000999859,0.0209426890000941,Optimal,0,none,2.5537247037887583,0,10,100.0,100.0,100.0,2.0,2,1,2,0.6666666666666666,0.5,0.5714285714285715,0.8480281867912208,2,1,2,0.6666666666666666,0.5,0.5714285714285715,0.8480281867912208,2,1,2,0.6666666666666666,0.5,0.5714285714285715,0.8480281867912208,2,1,2,0.6666666666666666,0.5,0.5714285714285715,0.8480281867912208,5.715500037695165e-05,0,100.0,0,0,0,0.0,0.0,0.0,0,0,0,0.0,0.0,0.0,0,0,0,0.0,0.0,0.0,0,0,0,0.0,0.0,0.0
COCO,217285,25,25,0,0,14,333,28,333,361,197,0,0,28,0.0187337910001588,0.0194668509998336,0.0,0.0194668509998336,0.0199785909999263,0.0396040579998953,Optimal,0,none,11.004278970559442,0,43,100.0,100.0,100.0,2.0,7,7,18,0.5,0.28,0.358974358974359,0.9295412223728424,7,7,18,0.5,0.28,0.358974358974359,0.9295412223728424,7,7,18,0.5,0.28,0.358974358974359,0.9295412223728424,7,7,18,0.5,0.28,0.358974358974359,0.9295412223728424,0.0008360369997717,0,100.0,0,0,0,0.0,0.0,0.0,0,0,0,0.0,0.0,0.0,0,0,0,0.0,0.0,0.0,0,0,0,0.0,0.0,0.0
COCO,236412,2,2,0,0,2,6,4,6,10,5,0,0,4,0.0139969669999118,0.0064842970000427,0.0,0.0064842970000427,0.0065800040001704,0.0206312779996551,Optimal,0,none,1.4322251151856136,0,5,100.0,100.0,100.0,2.0,1,1,1,0.5,0.5,0.5,0.8971391065323536,1,1,1,0.5,0.5,0.5,0.8971391065323536,1,1,1,0.5,0.5,0.5,0.8971391065323536,1,1,1,0.5,0.5,0.5,0.8971391065323536,4.160599974056822e-05,0,100.0,0,0,0,0.0,0.0,0.0,0,0,0,0.0,0.0,0.0,0,0,0,0.0,0.0,0.0,0,0,0,0.0,0.0,0.0
COCO,524456,6,6,0,0,3,12,6,12,18,10,0,0,6,0.0143331039998884,0.0074882720000459,0.0,0.0074882720000459,0.0076310639997245,0.0220534790000783,Optimal,0,none,2.458970556259156,0,10,100.0,100.0,100.0,2.0,2,1,4,0.6666666666666666,0.3333333333333333,0.4444444444444444,0.7738015083116703,2,1,4,0.6666666666666666,0.3333333333333333,0.4444444444444444,0.7738015083116703,2,1,4,0.6666666666666666,0.3333333333333333,0.4444444444444444,0.7738015083116703,2,1,4,0.6666666666666666,0.3333333333333333,0.4444444444444444,0.7738015083116703,6.686200003969134e-05,0,100.0,0,0,0,0.0,0.0,0.0,0,0,0,0.0,0.0,0.0,0,0,0,0.0,0.0,0.0,0,0,0,0.0,0.0,0.0
COCO,153343,2,2,0,0,2,2,4,2,6,5,0,0,4,0.0138523710002118,0.0063941889998204,0.0,0.0063941889998204,0.0065522049999344,0.0204544270000042,Optimal,0,none,1.474818600018819,0,5,100.0,100.0,100.0,2.0,2,0,0,1.0,1.0,1.0,0.7295344181137527,2,0,0,1.0,1.0,1.0,0.7295344181137527,2,0,0,1.0,1.0,1.0,0.7295344181137527,2,0,0,1.0,1.0,1.0,0.7295344181137527,3.586000002542278e-05,0,100.0,0,0,0,0.0,0.0,0.0,0,0,0,0.0,0.0,0.0,0,0,0,0.0,0.0,0.0,0,0,0,0.0,0.0,0.0
COCO,95786,4,4,0,0,2,4,4,4,8,5,0,0,4,0.0147358139997777,0.0081195729999308,0.0,0.0081195729999308,0.008234524999807,0.0230309569997189,Optimal,0,none,1.5401619466145835,0,5,100.0,100.0,100.0,2.0,1,1,3,0.5,0.25,0.3333333333333333,0.8905550079214837,1,1,3,0.5,0.25,0.3333333333333333,0.8905550079214837,1,1,3,0.5,0.25,0.3333333333333333,0.8905550079214837,1,1,3,0.5,0.25,0.3333333333333333,0.8905550079214837,4.49730000582349e-05,0,100.0,0,0,0,0.0,0.0,0.0,0,0,0,0.0,0.0,0.0,0,0,0,0.0,0.0,0.0,0,0,0,0.0,0.0,0.0
COCO,326541,9,9,0,0,4,14,8,14,22,17,0,0,8,0.0136148619999403,0.0068962649997956,0.0,0.0068962649997956,0.0070426440001938,0.0207544349996169,Optimal,0,none,3.3631644598643,0,13,100.0,100.0,100.0,2.0,4,0,5,1.0,0.4444444444444444,0.6153846153846153,0.8007324131271225,4,0,5,1.0,0.4444444444444444,0.6153846153846153,0.8007324131271225,4,0,5,1.0,0.4444444444444444,0.6153846153846153,0.8007324131271225,4,0,5,1.0,0.4444444444444444,0.6153846153846153,0.8007324131271225,7.431000040014624e-05,0,100.0,0,0,0,0.0,0.0,0.0,0,0,0,0.0,0.0,0.0,0,0,0,0.0,0.0,0.0,0,0,0,0.0,0.0,0.0
COCO,213086,5,5,0,0,4,20,8,20,28,17,0,0,8,0.0159254489999511,0.0082687630001601,0.0,0.0082687630001601,0.0084843530003126,0.0245090559997152,Optimal,0,none,3.2020464197794607,0,13,100.0,100.0,100.0,2.0,2,2,3,0.5,0.4,0.4444444444444445,0.8394845192353907,2,2,3,0.5,0.4,0.4444444444444445,0.8394845192353907,2,2,3,0.5,0.4,0.4444444444444445,0.8394845192353907,2,2,3,0.5,0.4,0.4444444444444445,0.8394845192353907,7.638599981873995e-05,0,100.0,0,0,0,0.0,0.0,0.0,0,0,0,0.0,0.0,0.0,0,0,0,0.0,0.0,0.0,0,0,0,0.0,0.0,0.0
COCO,231339,3,3,0,0,4,27,8,27,35,17,0,0,8,0.0140595999996548,0.0084273249999569,0.0,0.0084273249999569,0.0086064330002955,0.0227971429999342,Optimal,0,none,3.3041406051317863,0,13,100.0,100.0,100.0,2.0,2,2,1,0.5,0.6666666666666666,0.5714285714285715,0.9008668480941948,2,2,1,0.5,0.6666666666666666,0.5714285714285715,0.9008668480941948,2,2,1,0.5,0.6666666666666666,0.5714285714285715,0.9008668480941948,2,2,1,0.5,0.6666666666666666,0.5714285714285715,0.9008668480941948,0.0001059840001289,0,100.0,0,0,0,0.0,0.0,0.0,0,0,0,0.0,0.0,0.0,0,0,0,0.0,0.0,0.0,0,0,0,0.0,0.0,0.0
COCO,508730,6,6,0,0,3,8,6,8,14,10,0,0,6,0.0164868159999969,0.006643146999977,0.0,0.006643146999977,0.0068292449996079,0.0233988449999742,Optimal,0,none,2.6933958005905154,0,10,100.0,100.0,100.0,2.0,2,1,4,0.6666666666666666,0.3333333333333333,0.4444444444444444,0.8823617082558394,2,1,4,0.6666666666666666,0.3333333333333333,0.4444444444444444,0.8823617082558394,2,1,4,0.6666666666666666,0.3333333333333333,0.4444444444444444,0.8823617082558394,2,1,4,0.6666666666666666,0.3333333333333333,0.4444444444444444,0.8823617082558394,5.998599999657017e-05,0,100.0,0,0,0,0.0,0.0,0.0,0,0,0,0.0,0.0,0.0,0,0,0,0.0,0.0,0.0,0,0,0,0.0,0.0,0.0
COCO,550426,1,1,0,0,2,2,4,2,6,5,0,0,4,0.0162820549999196,0.0069090839997443,0.0,0.0069090839997443,0.0070541420000154,0.0234006810001119,Optimal,0,none,1.290987649758657,0,5,100.0,100.0,100.0,2.0,1,1,0,0.5,1.0,0.6666666666666666,0.8545613377320646,1,1,0,0.5,1.0,0.6666666666666666,0.8545613377320646,1,1,0,0.5,1.0,0.6666666666666666,0.8545613377320646,1,1,0,0.5,1.0,0.6666666666666666,0.8545613377320646,4.789700005858322e-05,0,100.0,0,0,0,0.0,0.0,0.0,0,0,0,0.0,0.0,0.0,0,0,0,0.0,0.0,0.0,0,0,0,0.0,0.0,0.0
COCO,368294,2,2,0,0,1,0,2,0,2,1,0,0,2,0.0144817640002656,0.0064687849999245,0.0,0.0064687849999245,0.0065388039997742,0.0210506700000223,Optimal,0,none,0.620518938700358,0,2,100.0,100.0,100.0,2.0,1,0,1,1.0,0.5,0.6666666666666666,0.9240361720158043,1,0,1,1.0,0.5,0.6666666666666666,0.9240361720158043,1,0,1,1.0,0.5,0.6666666666666666,0.9240361720158043,1,0,1,1.0,0.5,0.6666666666666666,0.9240361720158043,2.189799988627783e-05,0,100.0,0,0,0,0.0,0.0,0.0,0,0,0,0.0,0.0,0.0,0,0,0,0.0,0.0,0.0,0,0,0,0.0,0.0,0.0
COCO,171190,38,38,0,0,23,929,46,929,975,530,0,0,46,0.0197834999999031,0.0449477880001722,0.0,0.0449477880001722,0.0464861499999642,0.0684367789999669,Optimal,0,none,19.098698714731817,0,70,100.0,100.0,100.0,2.0,18,5,20,0.782608695652174,0.4736842105263157,0.5901639344262294,0.8259623767500133,18,5,20,0.782608695652174,0.4736842105263157,0.5901639344262294,0.8259623767500133,18,5,20,0.782608695652174,0.4736842105263157,0.5901639344262294,0.8259623767500133,18,5,20,0.782608695652174,0.4736842105263157,0.5901639344262294,0.8259623767500133,0.0020775060002051,0,100.0,0,0,0,0.0,0.0,0.0,0,0,0,0.0,0.0,0.0,0,0,0,0.0,0.0,0.0,0,0,0,0.0,0.0,0.0
COCO,301135,23,23,0,0,17,514,34,514,548,290,0,0,34,0.0184368690001974,0.025187059000018,0.0,0.025187059000018,0.0259121730000515,0.045818760000202,Optimal,0,none,14.156732579036278,0,52,100.0,100.0,100.0,2.0,15,2,8,0.8823529411764706,0.6521739130434783,0.75,0.8494667196107635,15,2,8,0.8823529411764706,0.6521739130434783,0.75,0.8494667196107635,15,2,8,0.8823529411764706,0.6521739130434783,0.75,0.8494667196107635,15,2,8,0.8823529411764706,0.6521739130434783,0.75,0.8494667196107635,0.0013403089997154,0,100.0,0,0,0,0.0,0.0,0.0,0,0,0,0.0,0.0,0.0,0,0,0,0.0,0.0,0.0,0,0,0,0.0,0.0,0.0
COCO,580294,9,9,0,0,4,25,8,25,33,17,0,0,8,0.0141152029996192,0.0080168690001301,0.0,0.0080168690001301,0.0081741539997892,0.0224011149998659,Optimal,0,none,3.299091297785442,0,13,100.0,100.0,100.0,2.0,3,1,6,0.75,0.3333333333333333,0.4615384615384615,0.8151947127383519,3,1,6,0.75,0.3333333333333333,0.4615384615384615,0.8151947127383519,3,1,6,0.75,0.3333333333333333,0.4615384615384615,0.8151947127383519,3,1,6,0.75,0.3333333333333333,0.4615384615384615,0.8151947127383519,8.972399973572465e-05,0,100.0,0,0,0,0.0,0.0,0.0,0,0,0,0.0,0.0,0.0,0,0,0,0.0,0.0,0.0,0,0,0,0.0,0.0,0.0
COCO,494869,9,9,0,0,9,143,18,143,161,82,0,0,18,0.016113714000312,0.0127494689995728,0.0,0.0127494689995728,0.0130748840001615,0.0295913290001408,Optimal,0,none,7.392263410515922,0,28,100.0,100.0,100.0,2.0,6,3,3,0.6666666666666666,0.6666666666666666,0.6666666666666666,0.805723434560441,6,3,3,0.6666666666666666,0.6666666666666666,0.6666666666666666,0.805723434560441,6,3,3,0.6666666666666666,0.6666666666666666,0.6666666666666666,0.805723434560441,6,3,3,0.6666666666666666,0.6666666666666666,0.6666666666666666,0.805723434560441,0.0003519450001476,0,100.0,0,0,0,0.0,0.0,0.0,0,0,0,0.0,0.0,0.0,0,0,0,0.0,0.0,0.0,0,0,0,0.0,0.0,0.0
COCO,33638,8,8,0,0,8,108,16,108,124,65,0,0,16,0.0137850380001509,0.0108134809997864,0.0,0.0108134809997864,0.0110792579998815,0.0251543680001304,Optimal,0,none,6.140163729985557,0,25,100.0,100.0,100.0,2.0,1,7,7,0.125,0.125,0.125,0.947072650630515,1,7,7,0.125,0.125,0.125,0.947072650630515,1,7,7,0.125,0.125,0.125,0.947072650630515,1,7,7,0.125,0.125,0.125,0.947072650630515,0.0002567350002209,0,100.0,0,0,0,0.0,0.0,0.0,0,0,0,0.0,0.0,0.0,0,0,0,0.0,0.0,0.0,0,0,0,0.0,0.0,0.0
COCO,329219,21,21,0,0,8,104,16,104,120,65,0,0,16,0.0162696620000133,0.012039317000017,0.0,0.012039317000017,0.0123342000001684,0.0289242819999344,Optimal,0,none,6.177796968464,0,25,100.0,100.0,100.0,2.0,4,4,17,0.5,0.1904761904761904,0.2758620689655172,0.8193827855367825,4,4,17,0.5,0.1904761904761904,0.2758620689655172,0.8193827855367825,4,4,17,0.5,0.1904761904761904,0.2758620689655172,0.8193827855367825,4,4,17,0.5,0.1904761904761904,0.2758620689655172,0.8193827855367825,0.0002825829997163,0,100.0,0,0,0,0.0,0.0,0.0,0,0,0,0.0,0.0,0.0,0,0,0,0.0,0.0,0.0,0,0,0,0.0,0.0,0.0
COCO,34873,9,9,0,0,6,64,12,64,76,37,0,0,12,0.0146324899997125,0.0091152549998696,0.0,0.0091152549998696,0.0093393030001607,0.0242253589999563,Optimal,0,none,4.772866090376684,0,19,100.0,100.0,100.0,2.0,3,3,6,0.5,0.3333333333333333,0.4,0.8713509323917258,3,3,6,0.5,0.3333333333333333,0.4,0.8713509323917258,3,3,6,0.5,0.3333333333333333,0.4,0.8713509323917258,3,3,6,0.5,0.3333333333333333,0.4,0.8713509323917258,0.000176898999598,0,100.0,0,0,0,0.0,0.0,0.0,0,0,0,0.0,0.0,0.0,0,0,0,0.0,0.0,0.0,0,0,0,0.0,0.0,0.0
COCO,186980,14,14,0,0,3,10,6,10,16,10,0,0,6,0.015844953999931,0.0073497999997016,0.0,0.0073497999997016,0.0074891340000249,0.0234243189997869,Optimal,0,none,2.7286916685104377,0,10,100.0,100.0,100.0,2.0,3,0,11,1.0,0.2142857142857142,0.3529411764705882,0.8675551024719357,3,0,11,1.0,0.2142857142857142,0.3529411764705882,0.8675551024719357,3,0,11,1.0,0.2142857142857142,0.3529411764705882,0.8675551024719357,3,0,11,1.0,0.2142857142857142,0.3529411764705882,0.8675551024719357,6.18039998698805e-05,0,100.0,0,0,0,0.0,0.0,0.0,0,0,0,0.0,0.0,0.0,0,0,0,0.0,0.0,0.0,0,0,0,0.0,0.0,0.0
COCO,127182,10,10,0,0,7,81,14,81,95,50,0,0,14,0.0153017600000566,0.0104855999998108,0.0,0.0104855999998108,0.0107438800000636,0.0263111260001096,Optimal,0,none,5.594528633282764,0,22,100.0,100.0,100.0,2.0,6,1,4,0.8571428571428571,0.6,0.7058823529411764,0.8335049108607965,6,1,4,0.8571428571428571,0.6,0.7058823529411764,0.8335049108607965,6,1,4,0.8571428571428571,0.6,0.7058823529411764,0.8335049108607965,6,1,4,0.8571428571428571,0.6,0.7058823529411764,0.8335049108607965,0.0002346149999539,0,100.0,0,0,0,0.0,0.0,0.0,0,0,0,0.0,0.0,0.0,0,0,0,0.0,0.0,0.0,0,0,0,0.0,0.0,0.0
COCO,356387,21,21,0,0,12,249,24,249,273,145,0,0,24,0.0171082699998805,0.0162821760000042,0.0,0.0162821760000042,0.016754371999923,0.034535355999651,Optimal,0,none,9.422076648768822,0,37,100.0,100.0,100.0,2.0,12,0,9,1.0,0.5714285714285714,0.7272727272727273,0.8202640248528955,12,0,9,1.0,0.5714285714285714,0.7272727272727273,0.8202640248528955,12,0,9,1.0,0.5714285714285714,0.7272727272727273,0.8202640248528955,12,0,9,1.0,0.5714285714285714,0.7272727272727273,0.8202640248528955,0.0005848920000062,0,100.0,0,0,0,0.0,0.0,0.0,0,0,0,0.0,0.0,0.0,0,0,0,0.0,0.0,0.0,0,0,0,0.0,0.0,0.0
COCO,367680,14,14,0,0,11,186,22,186,208,122,0,0,22,0.0147260030003053,0.0150207609999597,0.0,0.0150207609999597,0.0154013450001002,0.0306593000000248,Optimal,0,none,9.315687346634435,0,34,100.0,100.0,100.0,2.0,6,5,8,0.5454545454545454,0.4285714285714285,0.4799999999999999,0.9062309736226656,6,5,8,0.5454545454545454,0.4285714285714285,0.4799999999999999,0.9062309736226656,6,5,8,0.5454545454545454,0.4285714285714285,0.4799999999999999,0.9062309736226656,6,5,8,0.5454545454545454,0.4285714285714285,0.4799999999999999,0.9062309736226656,0.0004802779999408,0,100.0,0,0,0,0.0,0.0,0.0,0,0,0,0.0,0.0,0.0,0,0,0,0.0,0.0,0.0,0,0,0,0.0,0.0,0.0
COCO,263796,1,1,0,0,1,0,2,0,2,1,0,0,2,0.0151817589999154,0.0063610199999857,0.0,0.0063610199999857,0.0064319069997509,0.0216441739999027,Optimal,0,none,0.395801035563151,0,2,100.0,100.0,100.0,2.0,1,0,0,1.0,1.0,1.0,0.9143280734768966,1,0,0,1.0,1.0,1.0,0.9143280734768966,1,0,0,1.0,1.0,1.0,0.9143280734768966,1,0,0,1.0,1.0,1.0,0.9143280734768966,2.2763000288250623e-05,0,100.0,0,0,0,0.0,0.0,0.0,0,0,0,0.0,0.0,0.0,0,0,0,0.0,0.0,0.0,0,0,0,0.0,0.0,0.0
COCO,117425,7,7,0,0,5,40,10,40,50,26,0,0,10,0.0143855499995879,0.0087428670003646,0.0,0.0087428670003646,0.0089352360000702,0.0234708889997818,Optimal,0,none,4.201052006085715,0,16,100.0,100.0,100.0,2.0,4,1,3,0.8,0.5714285714285714,0.6666666666666666,0.8749520951070928,4,1,3,0.8,0.5714285714285714,0.6666666666666666,0.8749520951070928,4,1,3,0.8,0.5714285714285714,0.6666666666666666,0.8749520951070928,4,1,3,0.8,0.5714285714285714,0.6666666666666666,0.8749520951070928,0.0001247939999302,0,100.0,0,0,0,0.0,0.0,0.0,0,0,0,0.0,0.0,0.0,0,0,0,0.0,0.0,0.0,0,0,0,0.0,0.0,0.0
COCO,365387,4,4,0,0,2,4,4,4,8,5,0,0,4,0.0133879969998815,0.0067323120001674,0.0,0.0067323120001674,0.0068506480001815,0.020290919999752,Optimal,0,none,1.0890662105878195,0,5,100.0,100.0,100.0,2.0,0,2,4,0.0,0.0,0.0,0.9617112535954562,0,2,4,0.0,0.0,0.0,0.9617112535954562,0,2,4,0.0,0.0,0.0,0.9617112535954562,0,2,4,0.0,0.0,0.0,0.9617112535954562,3.830400009974255e-05,0,100.0,0,0,0,0.0,0.0,0.0,0,0,0,0.0,0.0,0.0,0,0,0,0.0,0.0,0.0,0,0,0,0.0,0.0,0.0
COCO,487583,2,2,0,0,3,12,6,12,18,10,0,0,6,0.0141878749996067,0.006878639000206,0.0,0.006878639000206,0.0070140640000317,0.0213137460000325,Optimal,0,none,2.518675441741944,0,10,100.0,100.0,100.0,2.0,2,1,0,0.6666666666666666,1.0,0.8,0.8109398257308542,2,1,0,0.6666666666666666,1.0,0.8,0.8109398257308542,2,1,0,0.6666666666666666,1.0,0.8,0.8109398257308542,2,1,0,0.6666666666666666,1.0,0.8,0.8109398257308542,8.822900008453871e-05,0,100.0,0,0,0,0.0,0.0,0.0,0,0,0,0.0,0.0,0.0,0,0,0,0.0,0.0,0.0,0,0,0,0.0,0.0,0.0
COCO,504711,2,2,0,0,3,9,6,9,15,10,0,0,6,0.0140724159996352,0.0064550639999652,0.0,0.0064550639999652,0.006581202000234,0.0207977439999922,Optimal,0,none,2.5920395326614387,0,10,100.0,100.0,100.0,2.0,2,1,0,0.6666666666666666,1.0,0.8,0.9277282572955016,2,1,0,0.6666666666666666,1.0,0.8,0.9277282572955016,2,1,0,0.6666666666666666,1.0,0.8,0.9277282572955016,2,1,0,0.6666666666666666,1.0,0.8,0.9277282572955016,0.0001188169999295,0,100.0,0,0,0,0.0,0.0,0.0,0,0,0,0.0,0.0,0.0,0,0,0,0.0,0.0,0.0,0,0,0,0.0,0.0,0.0
COCO,363840,12,12,0,0,8,103,16,103,119,65,0,0,16,0.0152542129999346,0.0103731119997974,0.0,0.0103731119997974,0.0106705250000231,0.0262304120001317,Optimal,0,none,7.0874570544560775,0,25,100.0,100.0,100.0,2.0,6,2,6,0.75,0.5,0.6,0.9368194119115728,6,2,6,0.75,0.5,0.6,0.9368194119115728,6,2,6,0.75,0.5,0.6,0.9368194119115728,6,2,6,0.75,0.5,0.6,0.9368194119115728,0.0002692750003916,0,100.0,0,0,0,0.0,0.0,0.0,0,0,0,0.0,0.0,0.0,0,0,0,0.0,0.0,0.0,0,0,0,0.0,0.0,0.0
COCO,214720,11,11,0,0,8,100,16,100,116,65,0,0,16,0.0154131579997738,0.0111849340000844,0.0,0.0111849340000844,0.0114682540001922,0.0271914329996434,Optimal,0,none,6.636469152768455,0,25,100.0,100.0,100.0,2.0,7,1,4,0.875,0.6363636363636364,0.7368421052631579,0.8736428801976958,7,1,4,0.875,0.6363636363636364,0.7368421052631579,0.8736428801976958,7,1,4,0.875,0.6363636363636364,0.7368421052631579,0.8736428801976958,7,1,4,0.875,0.6363636363636364,0.7368421052631579,0.8736428801976958,0.0002719210001487,0,100.0,0,0,0,0.0,0.0,0.0,0,0,0,0.0,0.0,0.0,0,0,0,0.0,0.0,0.0,0,0,0,0.0,0.0,0.0
COCO,379453,1,1,0,0,1,0,2,0,2,1,0,0,2,0.0141874670002835,0.00635677199989,0.0,0.00635677199989,0.0064273030002368,0.0206453390001115,Optimal,0,none,0.6391234556833902,0,2,100.0,100.0,100.0,2.0,1,0,0,1.0,1.0,1.0,0.9641252230743304,1,0,0,1.0,1.0,1.0,0.9641252230743304,1,0,0,1.0,1.0,1.0,0.9641252230743304,1,0,0,1.0,1.0,1.0,0.9641252230743304,2.1986999854561876e-05,0,100.0,0,0,0,0.0,0.0,0.0,0,0,0,0.0,0.0,0.0,0,0,0,0.0,0.0,0.0,0,0,0,0.0,0.0,0.0
COCO,311295,10,10,0,0,7,82,14,82,96,50,0,0,14,0.0164307899999585,0.0107684530003098,0.0,0.0107684530003098,0.0110323779999816,0.0277540550000594,Optimal,0,none,5.579569342205091,0,22,100.0,100.0,100.0,2.0,5,2,5,0.7142857142857143,0.5,0.588235294117647,0.7817154089438959,5,2,5,0.7142857142857143,0.5,0.588235294117647,0.7817154089438959,5,2,5,0.7142857142857143,0.5,0.588235294117647,0.7817154089438959,5,2,5,0.7142857142857143,0.5,0.588235294117647,0.7817154089438959,0.0002570230003584,0,100.0,0,0,0,0.0,0.0,0.0,0,0,0,0.0,0.0,0.0,0,0,0,0.0,0.0,0.0,0,0,0,0.0,0.0,0.0
COCO,29393,4,4,0,0,2,4,4,4,8,5,0,0,4,0.0143658580000192,0.0068274080003902,0.0,0.0068274080003902,0.0069411439999385,0.0213610370001333,Optimal,0,none,1.3685655029614767,0,5,100.0,100.0,100.0,2.0,1,1,3,0.5,0.25,0.3333333333333333,0.87309864089106,1,1,3,0.5,0.25,0.3333333333333333,0.87309864089106,1,1,3,0.5,0.25,0.3333333333333333,0.87309864089106,1,1,3,0.5,0.25,0.3333333333333333,0.87309864089106,4.060299988850602e-05,0,100.0,0,0,0,0.0,0.0,0.0,0,0,0,0.0,0.0,0.0,0,0,0,0.0,0.0,0.0,0,0,0,0.0,0.0,0.0
COCO,278848,10,10,0,0,10,167,20,167,187,101,0,0,20,0.0153789070000129,0.0136151479996442,0.0,0.0136151479996442,0.0140344290002758,0.0299270809996414,Optimal,0,none,8.646239725730357,0,31,100.0,100.0,100.0,2.0,9,1,1,0.9,0.9,0.9,0.868706593797786,9,1,1,0.9,0.9,0.9,0.868706593797786,9,1,1,0.9,0.9,0.9,0.868706593797786,9,1,1,0.9,0.9,0.9,0.868706593797786,0.0004674229999181,0,100.0,0,0,0,0.0,0.0,0.0,0,0,0,0.0,0.0,0.0,0,0,0,0.0,0.0,0.0,0,0,0,0.0,0.0,0.0
COCO,166391,28,28,0,0,20,666,40,666,706,401,0,0,40,0.0192195570002695,0.033993055999872,0.0,0.033993055999872,0.0348934910002753,0.0556362080001235,Optimal,0,none,16.8233684899748,0,61,100.0,100.0,100.0,2.0,16,4,12,0.8,0.5714285714285714,0.6666666666666666,0.805913071641147,16,4,12,0.8,0.5714285714285714,0.6666666666666666,0.805913071641147,16,4,12,0.8,0.5714285714285714,0.6666666666666666,0.805913071641147,16,4,12,0.8,0.5714285714285714,0.6666666666666666,0.805913071641147,0.0014416129997698,0,100.0,0,0,0,0.0,0.0,0.0,0,0,0,0.0,0.0,0.0,0,0,0,0.0,0.0,0.0,0,0,0,0.0,0.0,0.0
COCO,48153,2,2,0,0,1,0,2,0,2,1,0,0,2,0.0154004549999626,0.0065158120000887,0.0,0.0065158120000887,0.0065899569999601,0.022018793999905,Optimal,0,none,0.5776742140452067,0,2,100.0,100.0,100.0,2.0,1,0,1,1.0,0.5,0.6666666666666666,0.8739167539511179,1,0,1,1.0,0.5,0.6666666666666666,0.8739167539511179,1,0,1,1.0,0.5,0.6666666666666666,0.8739167539511179,1,0,1,1.0,0.5,0.6666666666666666,0.8739167539511179,2.0838000182266118e-05,0,100.0,0,0,0,0.0,0.0,0.0,0,0,0,0.0,0.0,0.0,0,0,0,0.0,0.0,0.0,0,0,0,0.0,0.0,0.0
COCO,459153,4,4,0,0,4,28,8,28,36,17,0,0,8,0.0163574540001718,0.0076893119999112,0.0,0.0076893119999112,0.0078977970001687,0.0243955600003573,Optimal,0,none,3.388184097347622,0,13,100.0,100.0,100.0,2.0,3,1,1,0.75,0.75,0.75,0.9590179355313748,3,1,1,0.75,0.75,0.75,0.9590179355313748,3,1,1,0.75,0.75,0.75,0.9590179355313748,3,1,1,0.75,0.75,0.75,0.9590179355313748,9.827700023379292e-05,0,100.0,0,0,0,0.0,0.0,0.0,0,0,0,0.0,0.0,0.0,0,0,0,0.0,0.0,0.0,0,0,0,0.0,0.0,0.0
COCO,295713,12,12,0,0,11,211,22,211,233,121,0,0,22,0.0165450640001836,0.0151722219998191,0.0,0.0151722219998191,0.0156435449998753,0.0327393410002514,Optimal,0,none,8.794587906201683,0,34,100.0,100.0,100.0,2.0,9,2,3,0.8181818181818182,0.75,0.7826086956521738,0.8166307979200705,9,2,3,0.8181818181818182,0.75,0.7826086956521738,0.8166307979200705,9,2,3,0.8181818181818182,0.75,0.7826086956521738,0.8166307979200705,9,2,3,0.8181818181818182,0.75,0.7826086956521738,0.8166307979200705,0.0005020869998588,0,100.0,0,0,0,0.0,0.0,0.0,0,0,0,0.0,0.0,0.0,0,0,0,0.0,0.0,0.0,0,0,0,0.0,0.0,0.0
COCO,223130,1,1,0,0,2,4,4,4,8,5,0,0,4,0.0146824439998454,0.0063999770000009,0.0,0.0063999770000009,0.0065310859999954,0.0212788989997534,Optimal,0,none,1.306197908719381,0,5,100.0,100.0,100.0,2.0,1,1,0,0.5,1.0,0.6666666666666666,0.8941213096049604,1,1,0,0.5,1.0,0.6666666666666666,0.8941213096049604,1,1,0,0.5,1.0,0.6666666666666666,0.8941213096049604,1,1,0,0.5,1.0,0.6666666666666666,0.8941213096049604,4.929500028083567e-05,0,100.0,0,0,0,0.0,0.0,0.0,0,0,0,0.0,0.0,0.0,0,0,0,0.0,0.0,0.0,0,0,0,0.0,0.0,0.0
COCO,273132,3,3,0,0,1,0,2,0,2,1,0,0,2,0.0158874909998303,0.0065285860000585,0.0,0.0065285860000585,0.0065951760002462,0.0225517429998944,Optimal,0,none,0.5810126225153605,0,2,100.0,100.0,100.0,2.0,1,0,2,1.0,0.3333333333333333,0.5,0.8559722795090394,1,0,2,1.0,0.3333333333333333,0.5,0.8559722795090394,1,0,2,1.0,0.3333333333333333,0.5,0.8559722795090394,1,0,2,1.0,0.3333333333333333,0.5,0.8559722795090394,2.033800001299824e-05,0,100.0,0,0,0,0.0,0.0,0.0,0,0,0,0.0,0.0,0.0,0,0,0,0.0,0.0,0.0,0,0,0,0.0,0.0,0.0
COCO,198960,3,3,0,0,3,6,6,6,12,10,0,0,6,0.0147516219999488,0.0066673430001173,0.0,0.0066673430001173,0.0068068359996686,0.0216264539999428,Optimal,0,none,2.66976930141449,0,10,100.0,100.0,100.0,2.0,3,0,0,1.0,1.0,1.0,0.885688643360627,3,0,0,1.0,1.0,1.0,0.885688643360627,3,0,0,1.0,1.0,1.0,0.885688643360627,3,0,0,1.0,1.0,1.0,0.885688643360627,4.792900017491775e-05,0,100.0,0,0,0,0.0,0.0,0.0,0,0,0,0.0,0.0,0.0,0,0,0,0.0,0.0,0.0,0,0,0,0.0,0.0,0.0
COCO,344059,2,2,0,0,2,2,4,2,6,5,0,0,4,0.0130307919998813,0.0067801329996655,0.0,0.0067801329996655,0.0068756000000576,0.0199521409999761,Optimal,0,none,1.5499256261189778,0,5,100.0,100.0,100.0,2.0,2,0,0,1.0,1.0,1.0,0.9077329161889665,2,0,0,1.0,1.0,1.0,0.9077329161889665,2,0,0,1.0,1.0,1.0,0.9077329161889665,2,0,0,1.0,1.0,1.0,0.9077329161889665,3.231799973946181e-05,0,100.0,0,0,0,0.0,0.0,0.0,0,0,0,0.0,0.0,0.0,0,0,0,0.0,0.0,0.0,0,0,0,0.0,0.0,0.0
COCO,410428,10,10,0,0,12,253,24,253,277,145,0,0,24,0.0165632289999848,0.0184451230002196,0.0,0.0184451230002196,0.0189345889998548,0.0361656669997501,Optimal,0,none,9.84469669410121,0,37,100.0,100.0,100.0,2.0,6,6,4,0.5,0.6,0.5454545454545454,0.7794459535846027,6,6,4,0.5,0.6,0.5454545454545454,0.7794459535846027,6,6,4,0.5,0.6,0.5454545454545454,0.7794459535846027,6,6,4,0.5,0.6,0.5454545454545454,0.7794459535846027,0.000611039999967,0,100.0,0,0,0,0.0,0.0,0.0,0,0,0,0.0,0.0,0.0,0,0,0,0.0,0.0,0.0,0,0,0,0.0,0.0,0.0
COCO,87875,1,1,0,0,1,0,2,0,2,1,0,0,2,0.0152056390002144,0.0065635939999992,0.0,0.0065635939999992,0.0066337930002191,0.0218682660001832,Optimal,0,none,0.6409365336100261,0,2,100.0,100.0,100.0,2.0,1,0,0,1.0,1.0,1.0,0.9144831905377924,1,0,0,1.0,1.0,1.0,0.9144831905377924,1,0,0,1.0,1.0,1.0,0.9144831905377924,1,0,0,1.0,1.0,1.0,0.9144831905377924,2.113200025632977e-05,0,100.0,0,0,0,0.0,0.0,0.0,0,0,0,0.0,0.0,0.0,0,0,0,0.0,0.0,0.0,0,0,0,0.0,0.0,0.0
COCO,450758,7,7,0,0,7,46,14,46,60,50,0,0,14,0.0153243499999007,0.0085856119999334,0.0,0.0085856119999334,0.008819836999919,0.0243416799999067,Optimal,0,none,6.204957968393959,0,22,100.0,100.0,100.0,2.0,7,0,0,1.0,1.0,1.0,0.8494010326745007,7,0,0,1.0,1.0,1.0,0.8494010326745007,7,0,0,1.0,1.0,1.0,0.8494010326745007,7,0,0,1.0,1.0,1.0,0.8494010326745007,0.0001608990000931,0,100.0,0,0,0,0.0,0.0,0.0,0,0,0,0.0,0.0,0.0,0,0,0,0.0,0.0,0.0,0,0,0,0.0,0.0,0.0
COCO,458790,0,0,0,0,0,0,0,0,0,0,0,0,1,0.0102008439998826,0.0048281240001415,0.0,0.0048281240001415,0.0048630339997544,0.015078560999882,Optimal,0,none,,0,1,100.0,0.0,0.0,0.0,0,0,0,0.0,0.0,0.0,0.0,0,0,0,0.0,0.0,0.0,0.0,0,0,0,0.0,0.0,0.0,0.0,0,0,0,0.0,0.0,0.0,0.0,9.70699966273969e-06,0,100.0,0,0,0,0.0,0.0,0.0,0,0,0,0.0,0.0,0.0,0,0,0,0.0,0.0,0.0,0,0,0,0.0,0.0,0.0
COCO,460160,1,1,0,0,2,4,4,4,8,5,0,0,4,0.0154951610002171,0.0067459030001373,0.0,0.0067459030001373,0.0068899549996785,0.0224387130001559,Optimal,0,none,1.2315901311238608,0,5,100.0,100.0,100.0,2.0,1,1,0,0.5,1.0,0.6666666666666666,0.5889659488370801,1,1,0,0.5,1.0,0.6666666666666666,0.5889659488370801,1,1,0,0.5,1.0,0.6666666666666666,0.5889659488370801,1,1,0,0.5,1.0,0.6666666666666666,0.5889659488370801,3.945499975088751e-05,0,100.0,0,0,0,0.0,0.0,0.0,0,0,0,0.0,0.0,0.0,0,0,0,0.0,0.0,0.0,0,0,0,0.0,0.0,0.0
COCO,458109,5,5,0,0,1,0,2,0,2,1,0,0,2,0.0138545809995775,0.0063908890001584,0.0,0.0063908890001584,0.0064602329998706,0.0204045460000088,Optimal,0,none,0.6125419775644938,0,2,100.0,100.0,100.0,2.0,1,0,4,1.0,0.2,0.3333333333333333,0.9784469930723704,1,0,4,1.0,0.2,0.3333333333333333,0.9784469930723704,1,0,4,1.0,0.2,0.3333333333333333,0.9784469930723704,1,0,4,1.0,0.2,0.3333333333333333,0.9784469930723704,7.89350001468847e-05,0,100.0,0,0,0,0.0,0.0,0.0,0,0,0,0.0,0.0,0.0,0,0,0,0.0,0.0,0.0,0,0,0,0.0,0.0,0.0
COCO,30675,1,1,0,0,1,0,2,0,2,1,0,0,2,0.0142933229999471,0.0063114550002865,0.0,0.0063114550002865,0.0064196379998975,0.0207518649999656,Optimal,0,none,0.6226968208948771,0,2,100.0,100.0,100.0,2.0,1,0,0,1.0,1.0,1.0,0.9684835372411208,1,0,0,1.0,1.0,1.0,0.9684835372411208,1,0,0,1.0,1.0,1.0,0.9684835372411208,1,0,0,1.0,1.0,1.0,0.9684835372411208,2.968199987662956e-05,0,100.0,0,0,0,0.0,0.0,0.0,0,0,0,0.0,0.0,0.0,0,0,0,0.0,0.0,0.0,0,0,0,0.0,0.0,0.0
COCO,566524,7,7,0,0,3,10,6,10,16,10,0,0,6,0.0169843809999292,0.0073369040001125,0.0,0.0073369040001125,0.007478127000013,0.0245464139998148,Optimal,0,none,2.6965695095062263,0,10,100.0,100.0,100.0,2.0,3,0,4,1.0,0.4285714285714285,0.6,0.8854287480636353,3,0,4,1.0,0.4285714285714285,0.6,0.8854287480636353,3,0,4,1.0,0.4285714285714285,0.6,0.8854287480636353,3,0,4,1.0,0.4285714285714285,0.6,0.8854287480636353,6.197599986990099e-05,0,100.0,0,0,0,0.0,0.0,0.0,0,0,0,0.0,0.0,0.0,0,0,0,0.0,0.0,0.0,0,0,0,0.0,0.0,0.0
COCO,338428,4,4,0,0,3,8,6,8,14,10,0,0,6,0.0161112300002059,0.0073300680001011,0.0,0.0073300680001011,0.0074607939995985,0.0236462399998345,Optimal,0,none,2.4895193433761595,0,10,100.0,100.0,100.0,2.0,2,1,2,0.6666666666666666,0.5,0.5714285714285715,0.8747796106435475,2,1,2,0.6666666666666666,0.5,0.5714285714285715,0.8747796106435475,2,1,2,0.6666666666666666,0.5,0.5714285714285715,0.8747796106435475,2,1,2,0.6666666666666666,0.5,0.5714285714285715,0.8747796106435475,5.282199981593294e-05,0,100.0,0,0,0,0.0,0.0,0.0,0,0,0,0.0,0.0,0.0,0,0,0,0.0,0.0,0.0,0,0,0,0.0,0.0,0.0
COCO,545826,2,2,0,0,3,12,6,12,18,10,0,0,6,0.0139378819999365,0.007282190999831,0.0,0.007282190999831,0.0074330049997115,0.0214543759998377,Optimal,0,none,2.3310938776887795,0,10,100.0,100.0,100.0,2.0,1,2,1,0.3333333333333333,0.5,0.4,0.954978788802796,1,2,1,0.3333333333333333,0.5,0.4,0.954978788802796,1,2,1,0.3333333333333333,0.5,0.4,0.954978788802796,1,2,1,0.3333333333333333,0.5,0.4,0.954978788802796,6.271900019783061e-05,0,100.0,0,0,0,0.0,0.0,0.0,0,0,0,0.0,0.0,0.0,0,0,0,0.0,0.0,0.0,0,0,0,0.0,0.0,0.0
COCO,166277,4,4,0,0,1,0,2,0,2,1,0,0,2,0.0141819320001559,0.0064279650000571,0.0,0.0064279650000571,0.0064981820000866,0.0207094749998759,Optimal,0,none,0.5658264557520549,0,2,100.0,100.0,100.0,2.0,1,0,3,1.0,0.25,0.4,0.924776170079782,1,0,3,1.0,0.25,0.4,0.924776170079782,1,0,3,1.0,0.25,0.4,0.924776170079782,1,0,3,1.0,0.25,0.4,0.924776170079782,2.1351000214053784e-05,0,100.0,0,0,0,0.0,0.0,0.0,0,0,0,0.0,0.0,0.0,0,0,0,0.0,0.0,0.0,0,0,0,0.0,0.0,0.0
COCO,269314,2,2,0,0,1,0,2,0,2,1,0,0,2,0.0145938320001732,0.0064985570002136,0.0,0.0064985570002136,0.0065681789997142,0.0211930890000076,Optimal,0,none,0.5119006792704264,0,2,100.0,100.0,100.0,2.0,0,1,2,0.0,0.0,0.0,0.0,0,1,2,0.0,0.0,0.0,0.0,0,1,2,0.0,0.0,0.0,0.0,0,1,2,0.0,0.0,0.0,0.0,2.2306000118987868e-05,0,100.0,0,0,0,0.0,0.0,0.0,0,0,0,0.0,0.0,0.0,0,0,0,0.0,0.0,0.0,0,0,0,0.0,0.0,0.0
COCO,476415,2,2,0,0,2,3,4,3,7,5,0,0,4,0.0132937590001347,0.006610991999878,0.0,0.006610991999878,0.0067423199998302,0.0200940549998449,Optimal,0,none,1.4628771670659382,0,5,100.0,100.0,100.0,2.0,2,0,0,1.0,1.0,1.0,0.956719231811986,2,0,0,1.0,1.0,1.0,0.956719231811986,2,0,0,1.0,1.0,1.0,0.956719231811986,2,0,0,1.0,1.0,1.0,0.956719231811986,4.081299994140864e-05,0,100.0,0,0,0,0.0,0.0,0.0,0,0,0,0.0,0.0,0.0,0,0,0,0.0,0.0,0.0,0,0,0,0.0,0.0,0.0
COCO,292082,5,5,0,0,7,86,14,86,100,50,0,0,14,0.0167614960000719,0.0097767600000224,0.0,0.0097767600000224,0.0100180859999454,0.0270211910001307,Optimal,0,none,5.477080315748853,0,22,100.0,100.0,100.0,2.0,4,3,1,0.5714285714285714,0.8,0.6666666666666666,0.7700369183662548,4,3,1,0.5714285714285714,0.8,0.6666666666666666,0.7700369183662548,4,3,1,0.5714285714285714,0.8,0.6666666666666666,0.7700369183662548,4,3,1,0.5714285714285714,0.8,0.6666666666666666,0.7700369183662548,0.0002118990000781,0,100.0,0,0,0,0.0,0.0,0.0,0,0,0,0.0,0.0,0.0,0,0,0,0.0,0.0,0.0,0,0,0,0.0,0.0,0.0
COCO,360137,3,3,0,0,4,28,8,28,36,17,0,0,8,0.0169737050000549,0.0085746590002599,0.0,0.0085746590002599,0.0087508139999954,0.0258589690001826,Optimal,0,none,3.2203360788027453,0,13,100.0,100.0,100.0,2.0,3,1,0,0.75,1.0,0.8571428571428571,0.8118124155978078,3,1,0,0.75,1.0,0.8571428571428571,0.8118124155978078,3,1,0,0.75,1.0,0.8571428571428571,0.8118124155978078,3,1,0,0.75,1.0,0.8571428571428571,0.8118124155978078,0.0001078600002983,0,100.0,0,0,0,0.0,0.0,0.0,0,0,0,0.0,0.0,0.0,0,0,0,0.0,0.0,0.0,0,0,0,0.0,0.0,0.0
COCO,122046,3,3,0,0,2,4,4,4,8,5,0,0,4,0.0155560149996745,0.0070090059998619,0.0,0.0070090059998619,0.0071502899995721,0.0227658059998248,Optimal,0,none,1.5632636578877768,0,5,100.0,100.0,100.0,2.0,2,0,1,1.0,0.6666666666666666,0.8,0.9588730851629108,2,0,1,1.0,0.6666666666666666,0.8,0.9588730851629108,2,0,1,1.0,0.6666666666666666,0.8,0.9588730851629108,2,0,1,1.0,0.6666666666666666,0.8,0.9588730851629108,4.408900031194207e-05,0,100.0,0,0,0,0.0,0.0,0.0,0,0,0,0.0,0.0,0.0,0,0,0,0.0,0.0,0.0,0,0,0,0.0,0.0,0.0
COCO,352684,10,10,0,0,10,120,20,120,140,101,0,0,20,0.0142628929997954,0.0120397549999324,0.0,0.0120397549999324,0.0123560659999384,0.0270241919997715,Optimal,0,none,8.484969572226209,0,31,100.0,100.0,100.0,2.0,10,0,0,1.0,1.0,1.0,0.8589419244279707,10,0,0,1.0,1.0,1.0,0.8589419244279707,10,0,0,1.0,1.0,1.0,0.8589419244279707,10,0,0,1.0,1.0,1.0,0.8589419244279707,0.0003596299998207,0,100.0,0,0,0,0.0,0.0,0.0,0,0,0,0.0,0.0,0.0,0,0,0,0.0,0.0,0.0,0,0,0,0.0,0.0,0.0
COCO,512836,7,7,0,0,5,32,10,32,42,26,0,0,10,0.0147444480003287,0.0082879070000672,0.0,0.0082879070000672,0.0084831929998472,0.0233652530000654,Optimal,0,none,4.098112674554191,0,16,100.0,100.0,100.0,2.0,4,1,3,0.8,0.5714285714285714,0.6666666666666666,0.8559554579053819,4,1,3,0.8,0.5714285714285714,0.6666666666666666,0.8559554579053819,4,1,3,0.8,0.5714285714285714,0.6666666666666666,0.8559554579053819,4,1,3,0.8,0.5714285714285714,0.6666666666666666,0.8559554579053819,0.0001088700000764,0,100.0,0,0,0,0.0,0.0,0.0,0,0,0,0.0,0.0,0.0,0,0,0,0.0,0.0,0.0,0,0,0,0.0,0.0,0.0
COCO,8021,7,7,0,0,4,23,8,23,31,17,0,0,8,0.0149404180001511,0.0076469790001283,0.0,0.0076469790001283,0.0078198000001066,0.0228640970003652,Optimal,0,none,3.663244411150616,0,13,100.0,100.0,100.0,2.0,4,0,3,1.0,0.5714285714285714,0.7272727272727273,0.9029937535561686,4,0,3,1.0,0.5714285714285714,0.7272727272727273,0.9029937535561686,4,0,3,1.0,0.5714285714285714,0.7272727272727273,0.9029937535561686,4,0,3,1.0,0.5714285714285714,0.7272727272727273,0.9029937535561686,8.28140000521671e-05,0,100.0,0,0,0,0.0,0.0,0.0,0,0,0,0.0,0.0,0.0,0,0,0,0.0,0.0,0.0,0,0,0,0.0,0.0,0.0
COCO,107226,18,18,0,0,12,244,24,244,268,145,0,0,24,0.0156537499997284,0.0159126520002246,0.0,0.0159126520002246,0.0163671569998768,0.0326316659998155,Optimal,0,none,9.868201695734408,0,37,100.0,100.0,100.0,2.0,9,3,9,0.75,0.5,0.6,0.7951350482885142,9,3,9,0.75,0.5,0.6,0.7951350482885142,9,3,9,0.75,0.5,0.6,0.7951350482885142,9,3,9,0.75,0.5,0.6,0.7951350482885142,0.000563035000141,0,100.0,0,0,0,0.0,0.0,0.0,0,0,0,0.0,0.0,0.0,0,0,0,0.0,0.0,0.0,0,0,0,0.0,0.0,0.0
COCO,84477,3,3,0,0,4,23,8,23,31,17,0,0,8,0.0141418480002357,0.0076786800000263,0.0,0.0076786800000263,0.007835955000246,0.0220836319999762,Optimal,0,none,3.463819493452709,0,13,100.0,100.0,100.0,2.0,3,1,0,0.75,1.0,0.8571428571428571,0.8527785615047079,3,1,0,0.75,1.0,0.8571428571428571,0.8527785615047079,3,1,0,0.75,1.0,0.8571428571428571,0.8527785615047079,3,1,0,0.75,1.0,0.8571428571428571,0.8527785615047079,8.458199999950011e-05,0,100.0,0,0,0,0.0,0.0,0.0,0,0,0,0.0,0.0,0.0,0,0,0,0.0,0.0,0.0,0,0,0,0.0,0.0,0.0
COCO,562243,2,2,0,0,2,2,4,2,6,5,0,0,4,0.0163317550000101,0.0070929650000834,0.0,0.0070929650000834,0.0071938569999474,0.0235907989999759,Optimal,0,none,1.5538693221410118,0,5,100.0,100.0,100.0,2.0,2,0,0,1.0,1.0,1.0,0.9452499027375,2,0,0,1.0,1.0,1.0,0.9452499027375,2,0,0,1.0,1.0,1.0,0.9452499027375,2,0,0,1.0,1.0,1.0,0.9452499027375,3.4142000004067086e-05,0,100.0,0,0,0,0.0,0.0,0.0,0,0,0,0.0,0.0,0.0,0,0,0,0.0,0.0,0.0,0,0,0,0.0,0.0,0.0
COCO,181859,2,2,0,0,2,4,4,4,8,5,0,0,4,0.0140911930002403,0.0071789389999139,0.0,0.0071789389999139,0.0072838850001062,0.021431277999909,Optimal,0,none,1.3300611766179404,0,5,100.0,100.0,100.0,2.0,1,1,1,0.5,0.5,0.5,0.9051673480356696,1,1,1,0.5,0.5,0.5,0.9051673480356696,1,1,1,0.5,0.5,0.5,0.9051673480356696,1,1,1,0.5,0.5,0.5,0.9051673480356696,4.082500026925118e-05,0,100.0,0,0,0,0.0,0.0,0.0,0,0,0,0.0,0.0,0.0,0,0,0,0.0,0.0,0.0,0,0,0,0.0,0.0,0.0
COCO,177015,6,6,0,0,4,22,8,22,30,17,0,0,8,0.0150667520001661,0.007897449000211,0.0,0.007897449000211,0.008137963000081,0.023527230000127,Optimal,0,none,3.313482367308385,0,13,100.0,100.0,100.0,2.0,1,3,5,0.25,0.1666666666666666,0.2,0.7234368480178333,1,3,5,0.25,0.1666666666666666,0.2,0.7234368480178333,1,3,5,0.25,0.1666666666666666,0.2,0.7234368480178333,1,3,5,0.25,0.1666666666666666,0.2,0.7234368480178333,0.0002681019996089,0,100.0,0,0,0,0.0,0.0,0.0,0,0,0,0.0,0.0,0.0,0,0,0,0.0,0.0,0.0,0,0,0,0.0,0.0,0.0
COCO,292236,7,7,0,0,7,78,14,78,92,50,0,0,14,0.0204986819999248,0.0133049000000937,0.0,0.0133049000000937,0.0138461279998409,0.0348734350000086,Optimal,0,none,5.76892561880565,0,22,100.0,100.0,100.0,2.0,6,1,1,0.8571428571428571,0.8571428571428571,0.8571428571428571,0.893688497863042,6,1,1,0.8571428571428571,0.8571428571428571,0.8571428571428571,0.893688497863042,6,1,1,0.8571428571428571,0.8571428571428571,0.8571428571428571,0.893688497863042,6,1,1,0.8571428571428571,0.8571428571428571,0.8571428571428571,0.893688497863042,0.0004277620000721,0,100.0,0,0,0,0.0,0.0,0.0,0,0,0,0.0,0.0,0.0,0,0,0,0.0,0.0,0.0,0,0,0,0.0,0.0,0.0
COCO,121506,9,9,0,0,7,83,14,83,97,50,0,0,14,0.0176540570000725,0.0111944559998846,0.0,0.0111944559998846,0.0114620950002972,0.0293992309998429,Optimal,0,none,5.434988236570316,0,22,100.0,100.0,100.0,2.0,3,4,6,0.4285714285714285,0.3333333333333333,0.375,0.7181045446797039,3,4,6,0.4285714285714285,0.3333333333333333,0.375,0.7181045446797039,3,4,6,0.4285714285714285,0.3333333333333333,0.375,0.7181045446797039,3,4,6,0.4285714285714285,0.3333333333333333,0.375,0.7181045446797039,0.0002434990001347,0,100.0,0,0,0,0.0,0.0,0.0,0,0,0,0.0,0.0,0.0,0,0,0,0.0,0.0,0.0,0,0,0,0.0,0.0,0.0
COCO,288042,3,3,0,0,3,11,6,11,17,10,0,0,6,0.0160205329998461,0.0075714140002673,0.0,0.0075714140002673,0.0077318899998317,0.0238610579999658,Optimal,0,none,2.593808736801148,0,10,100.0,100.0,100.0,2.0,2,1,1,0.6666666666666666,0.6666666666666666,0.6666666666666666,0.7845448846188312,2,1,1,0.6666666666666666,0.6666666666666666,0.6666666666666666,0.7845448846188312,2,1,1,0.6666666666666666,0.6666666666666666,0.6666666666666666,0.7845448846188312,2,1,1,0.6666666666666666,0.6666666666666666,0.6666666666666666,0.7845448846188312,8.613299996795831e-05,0,100.0,0,0,0,0.0,0.0,0.0,0,0,0,0.0,0.0,0.0,0,0,0,0.0,0.0,0.0,0,0,0,0.0,0.0,0.0
COCO,453860,2,2,0,0,4,16,8,16,24,17,0,0,8,0.013467271999616,0.00725628400005,0.0,0.00725628400005,0.0074377029995957,0.0210020879999319,Optimal,0,none,3.300237430731457,0,13,100.0,100.0,100.0,2.0,1,3,1,0.25,0.5,0.3333333333333333,0.9661193704979428,1,3,1,0.25,0.5,0.3333333333333333,0.9661193704979428,1,3,1,0.25,0.5,0.3333333333333333,0.9661193704979428,1,3,1,0.25,0.5,0.3333333333333333,0.9661193704979428,7.391999997707899e-05,0,100.0,0,0,0,0.0,0.0,0.0,0,0,0,0.0,0.0,0.0,0,0,0,0.0,0.0,0.0,0,0,0,0.0,0.0,0.0
COCO,500257,31,31,0,0,7,78,14,78,92,50,0,0,14,0.0156311420000747,0.0093953769996915,0.0,0.0093953769996915,0.0096485519998168,0.025571907000085,Optimal,0,none,5.449409801165265,0,22,100.0,100.0,100.0,2.0,5,2,26,0.7142857142857143,0.1612903225806451,0.2631578947368421,0.8847033910318329,5,2,26,0.7142857142857143,0.1612903225806451,0.2631578947368421,0.8847033910318329,5,2,26,0.7142857142857143,0.1612903225806451,0.2631578947368421,0.8847033910318329,5,2,26,0.7142857142857143,0.1612903225806451,0.2631578947368421,0.8847033910318329,0.0002547260000937,0,100.0,0,0,0,0.0,0.0,0.0,0,0,0,0.0,0.0,0.0,0,0,0,0.0,0.0,0.0,0,0,0,0.0,0.0,0.0
COCO,113403,4,4,0,0,3,10,6,10,16,10,0,0,6,0.0141800739997961,0.0067166239996367,0.0,0.0067166239996367,0.006861365000077,0.0211273619997882,Optimal,0,none,2.448276998996735,0,10,100.0,100.0,100.0,2.0,3,0,1,1.0,0.75,0.8571428571428571,0.7085657194290721,3,0,1,1.0,0.75,0.8571428571428571,0.7085657194290721,3,0,1,1.0,0.75,0.8571428571428571,0.7085657194290721,3,0,1,1.0,0.75,0.8571428571428571,0.7085657194290721,6.62309998915589e-05,0,100.0,0,0,0,0.0,0.0,0.0,0,0,0,0.0,0.0,0.0,0,0,0,0.0,0.0,0.0,0,0,0,0.0,0.0,0.0
COCO,125062,10,10,0,0,7,76,14,76,90,50,0,0,14,0.0140155779999986,0.0098859549998451,0.0,0.0098859549998451,0.0101161490001686,0.0243573250004374,Optimal,0,none,5.698517105190424,0,22,100.0,100.0,100.0,2.0,6,1,4,0.8571428571428571,0.6,0.7058823529411764,0.749772731848556,6,1,4,0.8571428571428571,0.6,0.7058823529411764,0.749772731848556,6,1,4,0.8571428571428571,0.6,0.7058823529411764,0.749772731848556,6,1,4,0.8571428571428571,0.6,0.7058823529411764,0.749772731848556,0.0001944310001817,0,100.0,0,0,0,0.0,0.0,0.0,0,0,0,0.0,0.0,0.0,0,0,0,0.0,0.0,0.0,0,0,0,0.0,0.0,0.0
COCO,375015,1,1,0,0,1,0,2,0,2,1,0,0,2,0.0136378689999219,0.0064122149997274,0.0,0.0064122149997274,0.0064811750003173,0.0201494889997775,Optimal,0,none,0.6473310152689615,0,2,100.0,100.0,100.0,2.0,1,0,0,1.0,1.0,1.0,0.9733687616627542,1,0,0,1.0,1.0,1.0,0.9733687616627542,1,0,0,1.0,1.0,1.0,0.9733687616627542,1,0,0,1.0,1.0,1.0,0.9733687616627542,2.2107999939180445e-05,0,100.0,0,0,0,0.0,0.0,0.0,0,0,0,0.0,0.0,0.0,0,0,0,0.0,0.0,0.0,0,0,0,0.0,0.0,0.0
COCO,334719,9,9,0,0,6,54,12,54,66,37,0,0,12,0.0132140059999983,0.0087855459996717,0.0,0.0087855459996717,0.0089972169998873,0.0224046090002048,Optimal,0,none,5.420140023231508,0,19,100.0,100.0,100.0,2.0,6,0,3,1.0,0.6666666666666666,0.8,0.9254134516325112,6,0,3,1.0,0.6666666666666666,0.8,0.9254134516325112,6,0,3,1.0,0.6666666666666666,0.8,0.9254134516325112,6,0,3,1.0,0.6666666666666666,0.8,0.9254134516325112,0.0001661129999774,0,100.0,0,0,0,0.0,0.0,0.0,0,0,0,0.0,0.0,0.0,0,0,0,0.0,0.0,0.0,0,0,0,0.0,0.0,0.0
COCO,134112,3,3,0,0,3,10,6,10,16,10,0,0,6,0.0139018989998476,0.006840036000085,0.0,0.006840036000085,0.0069750749999002,0.0209515510000528,Optimal,0,none,2.6540937897351085,0,10,100.0,100.0,100.0,2.0,3,0,0,1.0,1.0,1.0,0.9669496938836613,3,0,0,1.0,1.0,1.0,0.9669496938836613,3,0,0,1.0,1.0,1.0,0.9669496938836613,3,0,0,1.0,1.0,1.0,0.9669496938836613,5.414499992184574e-05,0,100.0,0,0,0,0.0,0.0,0.0,0,0,0,0.0,0.0,0.0,0,0,0,0.0,0.0,0.0,0,0,0,0.0,0.0,0.0
COCO,283520,4,4,0,0,3,12,6,12,18,10,0,0,6,0.015274983999916,0.0070309689999703,0.0,0.0070309689999703,0.0071736909999344,0.0225289889999658,Optimal,0,none,2.603013117313385,0,10,100.0,100.0,100.0,2.0,3,0,1,1.0,0.75,0.8571428571428571,0.7757243562538525,3,0,1,1.0,0.75,0.8571428571428571,0.7757243562538525,3,0,1,1.0,0.75,0.8571428571428571,0.7757243562538525,3,0,1,1.0,0.75,0.8571428571428571,0.7757243562538525,6.012399990140693e-05,0,100.0,0,0,0,0.0,0.0,0.0,0,0,0,0.0,0.0,0.0,0,0,0,0.0,0.0,0.0,0,0,0,0.0,0.0,0.0
COCO,31269,3,3,0,0,3,8,6,8,14,10,0,0,6,0.0144292439999844,0.0066071060000467,0.0,0.0066071060000467,0.0067353340000408,0.0212417449997701,Optimal,0,none,2.757599000930787,0,10,100.0,100.0,100.0,2.0,3,0,0,1.0,1.0,1.0,0.948038534878914,3,0,0,1.0,1.0,1.0,0.948038534878914,3,0,0,1.0,1.0,1.0,0.948038534878914,3,0,0,1.0,1.0,1.0,0.948038534878914,5.76980000914773e-05,0,100.0,0,0,0,0.0,0.0,0.0,0,0,0,0.0,0.0,0.0,0,0,0,0.0,0.0,0.0,0,0,0,0.0,0.0,0.0
COCO,319721,4,4,0,0,4,24,8,24,32,17,0,0,8,0.0154674489999706,0.0082345739997435,0.0,0.0082345739997435,0.0084155689996805,0.0239975260001301,Optimal,0,none,3.464929092612628,0,13,100.0,100.0,100.0,2.0,3,1,1,0.75,0.75,0.75,0.8791372285688736,3,1,1,0.75,0.75,0.75,0.8791372285688736,3,1,1,0.75,0.75,0.75,0.8791372285688736,3,1,1,0.75,0.75,0.75,0.8791372285688736,8.992099992610747e-05,0,100.0,0,0,0,0.0,0.0,0.0,0,0,0,0.0,0.0,0.0,0,0,0,0.0,0.0,0.0,0,0,0,0.0,0.0,0.0
COCO,165351,6,6,0,0,0,0,0,0,0,0,0,0,1,0.0161464469997554,0.0059529939999265,0.0,0.0059529939999265,0.0059914839998782,0.0221532109999316,Optimal,0,none,,0,1,100.0,0.0,0.0,0.0,0,0,6,0.0,0.0,0.0,0.0,0,0,6,0.0,0.0,0.0,0.0,0,0,6,0.0,0.0,0.0,0.0,0,0,6,0.0,0.0,0.0,0.0,9.934999980032444e-06,0,100.0,0,0,0,0.0,0.0,0.0,0,0,0,0.0,0.0,0.0,0,0,0,0.0,0.0,0.0,0,0,0,0.0,0.0,0.0
COCO,347265,2,2,0,0,3,10,6,10,16,10,0,0,6,0.0158088469997892,0.0069943650000823,0.0,0.0069943650000823,0.0071303129998341,0.0230362819997935,Optimal,0,none,2.4012710530028687,0,10,100.0,100.0,100.0,2.0,2,1,0,0.6666666666666666,1.0,0.8,0.7293135248154516,2,1,0,0.6666666666666666,1.0,0.8,0.7293135248154516,2,1,0,0.6666666666666666,1.0,0.8,0.7293135248154516,2,1,0,0.6666666666666666,1.0,0.8,0.7293135248154516,5.94729999647825e-05,0,100.0,0,0,0,0.0,0.0,0.0,0,0,0,0.0,0.0,0.0,0,0,0,0.0,0.0,0.0,0,0,0,0.0,0.0,0.0
COCO,414170,7,7,0,0,5,39,10,39,49,26,0,0,10,0.0142750009999872,0.008740649000174,0.0,0.008740649000174,0.0089220080003542,0.0233359369999561,Optimal,0,none,4.353546453317008,0,16,100.0,100.0,100.0,2.0,5,0,2,1.0,0.7142857142857143,0.8333333333333333,0.8407176923240819,5,0,2,1.0,0.7142857142857143,0.8333333333333333,0.8407176923240819,5,0,2,1.0,0.7142857142857143,0.8333333333333333,0.8407176923240819,5,0,2,1.0,0.7142857142857143,0.8333333333333333,0.8407176923240819,0.0001135949996751,0,100.0,0,0,0,0.0,0.0,0.0,0,0,0,0.0,0.0,0.0,0,0,0,0.0,0.0,0.0,0,0,0,0.0,0.0,0.0
COCO,231508,26,26,0,0,13,305,26,305,331,170,0,0,26,0.0150935030001164,0.0182488329996886,0.0,0.0182488329996886,0.0187187189999349,0.0345082900003035,Optimal,0,none,10.347715086035306,0,40,100.0,100.0,100.0,2.0,10,3,16,0.7692307692307693,0.3846153846153846,0.5128205128205128,0.8075357231501343,10,3,16,0.7692307692307693,0.3846153846153846,0.5128205128205128,0.8075357231501343,10,3,16,0.7692307692307693,0.3846153846153846,0.5128205128205128,0.8075357231501343,10,3,16,0.7692307692307693,0.3846153846153846,0.5128205128205128,0.8075357231501343,0.0006440520000978,0,100.0,0,0,0,0.0,0.0,0.0,0,0,0,0.0,0.0,0.0,0,0,0,0.0,0.0,0.0,0,0,0,0.0,0.0,0.0
COCO,389381,6,6,0,0,8,117,16,117,133,65,0,0,16,0.0259865610000815,0.0137530820002211,0.0,0.0137530820002211,0.0140522540000347,0.0406119660001422,Optimal,0,none,6.399347625573479,0,25,100.0,100.0,100.0,2.0,5,3,1,0.625,0.8333333333333334,0.7142857142857143,0.9122096908810884,5,3,1,0.625,0.8333333333333334,0.7142857142857143,0.9122096908810884,5,3,1,0.625,0.8333333333333334,0.7142857142857143,0.9122096908810884,5,3,1,0.625,0.8333333333333334,0.7142857142857143,0.9122096908810884,0.0005229450002843,0,100.0,0,0,0,0.0,0.0,0.0,0,0,0,0.0,0.0,0.0,0,0,0,0.0,0.0,0.0,0,0,0,0.0,0.0,0.0
COCO,118921,3,3,0,0,2,2,4,2,6,5,0,0,4,0.0155834629999844,0.0069038040001032,0.0,0.0069038040001032,0.0070170299995879,0.0226489340002444,Optimal,0,none,1.5745042594273886,0,5,100.0,100.0,100.0,2.0,2,0,1,1.0,0.6666666666666666,0.8,0.9614069036944756,2,0,1,1.0,0.6666666666666666,0.8,0.9614069036944756,2,0,1,1.0,0.6666666666666666,0.8,0.9614069036944756,2,0,1,1.0,0.6666666666666666,0.8,0.9614069036944756,3.4470000173314475e-05,0,100.0,0,0,0,0.0,0.0,0.0,0,0,0,0.0,0.0,0.0,0,0,0,0.0,0.0,0.0,0,0,0,0.0,0.0,0.0
COCO,21503,8,8,0,0,2,4,4,4,8,5,0,0,4,0.0141619920000266,0.0068582670000978,0.0,0.0068582670000978,0.0069724039999528,0.0211879270000281,Optimal,0,none,1.2043727548917138,0,5,100.0,100.0,100.0,2.0,0,2,8,0.0,0.0,0.0,0.9739677540679708,0,2,8,0.0,0.0,0.0,0.9739677540679708,0,2,8,0.0,0.0,0.0,0.9739677540679708,0,2,8,0.0,0.0,0.0,0.9739677540679708,3.9882999772089534e-05,0,100.0,0,0,0,0.0,0.0,0.0,0,0,0,0.0,0.0,0.0,0,0,0,0.0,0.0,0.0,0,0,0,0.0,0.0,0.0
COCO,785,2,2,0,0,2,3,4,3,7,5,0,0,4,0.0138407129998086,0.0062411809999503,0.0,0.0062411809999503,0.0063386310002897,0.0202295270000831,Optimal,0,none,1.4314353736241658,0,5,100.0,100.0,100.0,2.0,2,0,0,1.0,1.0,1.0,0.9388114439911144,2,0,0,1.0,1.0,1.0,0.9388114439911144,2,0,0,1.0,1.0,1.0,0.9388114439911144,2,0,0,1.0,1.0,1.0,0.9388114439911144,3.607500002544839e-05,0,100.0,0,0,0,0.0,0.0,0.0,0,0,0,0.0,0.0,0.0,0,0,0,0.0,0.0,0.0,0,0,0,0.0,0.0,0.0
COCO,300842,1,1,0,0,2,2,4,2,6,5,0,0,4,0.0134226879999914,0.0068694579999828,0.0,0.0068694579999828,0.0069793970001228,0.0204516479998346,Optimal,0,none,1.2467365821202596,0,5,100.0,100.0,100.0,2.0,1,1,0,0.5,1.0,0.6666666666666666,0.6246241769296125,1,1,0,0.5,1.0,0.6666666666666666,0.6246241769296125,1,1,0,0.5,1.0,0.6666666666666666,0.6246241769296125,1,1,0,0.5,1.0,0.6666666666666666,0.6246241769296125,3.483000000414904e-05,0,100.0,0,0,0,0.0,0.0,0.0,0,0,0,0.0,0.0,0.0,0,0,0,0.0,0.0,0.0,0,0,0,0.0,0.0,0.0
COCO,105014,6,6,0,0,5,40,10,40,50,26,0,0,10,0.016076374000022,0.0085186949995659,0.0,0.0085186949995659,0.008713236999938,0.0249735450001935,Optimal,0,none,3.9853529446139406,0,16,100.0,100.0,100.0,2.0,3,2,3,0.6,0.5,0.5454545454545454,0.9140180107666488,3,2,3,0.6,0.5,0.5454545454545454,0.9140180107666488,3,2,3,0.6,0.5,0.5454545454545454,0.9140180107666488,3,2,3,0.6,0.5,0.5454545454545454,0.9140180107666488,0.0001531359998807,0,100.0,0,0,0,0.0,0.0,0.0,0,0,0,0.0,0.0,0.0,0,0,0,0.0,0.0,0.0,0,0,0,0.0,0.0,0.0
COCO,261982,5,5,0,0,4,18,8,18,26,17,0,0,8,0.0139898160000484,0.0078513720000046,0.0,0.0078513720000046,0.0079979779998211,0.0220890299997336,Optimal,0,none,3.325381595293682,0,13,100.0,100.0,100.0,2.0,4,0,1,1.0,0.8,0.888888888888889,0.7870664888990492,4,0,1,1.0,0.8,0.888888888888889,0.7870664888990492,4,0,1,1.0,0.8,0.888888888888889,0.7870664888990492,4,0,1,1.0,0.8,0.888888888888889,0.7870664888990492,7.712599972364842e-05,0,100.0,0,0,0,0.0,0.0,0.0,0,0,0,0.0,0.0,0.0,0,0,0,0.0,0.0,0.0,0,0,0,0.0,0.0,0.0
COCO,34205,3,3,0,0,1,0,2,0,2,1,0,0,2,0.0139173659999869,0.0064313220000258,0.0,0.0064313220000258,0.0065012390000447,0.020448609000141,Optimal,0,none,0.5027727524439494,0,2,100.0,100.0,100.0,2.0,0,1,3,0.0,0.0,0.0,0.0,0,1,3,0.0,0.0,0.0,0.0,0,1,3,0.0,0.0,0.0,0.0,0,1,3,0.0,0.0,0.0,0.0,2.168099990740302e-05,0,100.0,0,0,0,0.0,0.0,0.0,0,0,0,0.0,0.0,0.0,0,0,0,0.0,0.0,0.0,0,0,0,0.0,0.0,0.0
COCO,99242,2,2,0,0,2,4,4,4,8,5,0,0,4,0.012755854000261,0.0069456169999284,0.0,0.0069456169999284,0.0070541500003855,0.0198686379999344,Optimal,0,none,1.5333660395940147,0,5,100.0,100.0,100.0,2.0,2,0,0,1.0,1.0,1.0,0.949831384565957,2,0,0,1.0,1.0,1.0,0.949831384565957,2,0,0,1.0,1.0,1.0,0.949831384565957,2,0,0,1.0,1.0,1.0,0.949831384565957,4.34300000051735e-05,0,100.0,0,0,0,0.0,0.0,0.0,0,0,0,0.0,0.0,0.0,0,0,0,0.0,0.0,0.0,0,0,0,0.0,0.0,0.0
COCO,314709,2,2,0,0,2,2,4,2,6,5,0,0,4,0.0132517750002989,0.0070537089995923,0.0,0.0070537089995923,0.0071713990000716,0.0204693550003867,Optimal,0,none,1.5055587323506674,0,5,100.0,100.0,100.0,2.0,2,0,0,1.0,1.0,1.0,0.8746377502706686,2,0,0,1.0,1.0,1.0,0.8746377502706686,2,0,0,1.0,1.0,1.0,0.8746377502706686,2,0,0,1.0,1.0,1.0,0.8746377502706686,3.293899999334826e-05,0,100.0,0,0,0,0.0,0.0,0.0,0,0,0,0.0,0.0,0.0,0,0,0,0.0,0.0,0.0,0,0,0,0.0,0.0,0.0
COCO,460494,9,9,0,0,8,115,16,115,131,65,0,0,16,0.014394632999938,0.0116865630002394,0.0,0.0116865630002394,0.0119799280000734,0.0267108489997554,Optimal,0,none,6.748327959442735,0,25,100.0,100.0,100.0,2.0,4,4,5,0.5,0.4444444444444444,0.4705882352941176,0.9241129953891676,4,4,5,0.5,0.4444444444444444,0.4705882352941176,0.9241129953891676,4,4,5,0.5,0.4444444444444444,0.4705882352941176,0.9241129953891676,4,4,5,0.5,0.4444444444444444,0.4705882352941176,0.9241129953891676,0.000297713999771,0,100.0,0,0,0,0.0,0.0,0.0,0,0,0,0.0,0.0,0.0,0,0,0,0.0,0.0,0.0,0,0,0,0.0,0.0,0.0
COCO,339442,3,3,0,0,2,4,4,4,8,5,0,0,4,0.0554850479998094,0.0068734139999833,0.0,0.0068734139999833,0.0069898309998279,0.0625341410000146,Optimal,0,none,1.4258181126912437,0,5,100.0,100.0,100.0,2.0,2,0,1,1.0,0.6666666666666666,0.8,0.877672459733198,2,0,1,1.0,0.6666666666666666,0.8,0.877672459733198,2,0,1,1.0,0.6666666666666666,0.8,0.877672459733198,2,0,1,1.0,0.6666666666666666,0.8,0.877672459733198,4.3757999719673535e-05,0,100.0,0,0,0,0.0,0.0,0.0,0,0,0,0.0,0.0,0.0,0,0,0,0.0,0.0,0.0,0,0,0,0.0,0.0,0.0
COCO,541055,11,11,0,0,6,49,12,49,61,37,0,0,12,0.0159281659998669,0.0091137519998483,0.0,0.0091137519998483,0.0093167320001157,0.025419459999739,Optimal,0,none,5.313911931514741,0,19,100.0,100.0,100.0,2.0,5,1,6,0.8333333333333334,0.4545454545454545,0.5882352941176471,0.8017291553517246,5,1,6,0.8333333333333334,0.4545454545454545,0.5882352941176471,0.8017291553517246,5,1,6,0.8333333333333334,0.4545454545454545,0.5882352941176471,0.8017291553517246,5,1,6,0.8333333333333334,0.4545454545454545,0.5882352941176471,0.8017291553517246,0.0001443899996047,0,100.0,0,0,0,0.0,0.0,0.0,0,0,0,0.0,0.0,0.0,0,0,0,0.0,0.0,0.0,0,0,0,0.0,0.0,0.0
COCO,409475,2,2,0,0,2,2,4,2,6,5,0,0,4,0.0151308859999517,0.0064149700001507,0.0,0.0064149700001507,0.0065207020002162,0.0217032370001106,Optimal,0,none,1.5488450892766314,0,5,100.0,100.0,100.0,2.0,2,0,0,1.0,1.0,1.0,0.96484217752656,2,0,0,1.0,1.0,1.0,0.96484217752656,2,0,0,1.0,1.0,1.0,0.96484217752656,2,0,0,1.0,1.0,1.0,0.96484217752656,3.689200002554571e-05,0,100.0,0,0,0,0.0,0.0,0.0,0,0,0,0.0,0.0,0.0,0,0,0,0.0,0.0,0.0,0,0,0,0.0,0.0,0.0
COCO,464786,2,2,0,0,3,10,6,10,16,10,0,0,6,0.0132266989999152,0.0069700760000159,0.0,0.0069700760000159,0.0071064839999053,0.0204117220000625,Optimal,0,none,2.36848702235614,0,10,100.0,100.0,100.0,2.0,2,1,0,0.6666666666666666,1.0,0.8,0.7201163091241565,2,1,0,0.6666666666666666,1.0,0.8,0.7201163091241565,2,1,0,0.6666666666666666,1.0,0.8,0.7201163091241565,2,1,0,0.6666666666666666,1.0,0.8,0.7201163091241565,5.745899989051395e-05,0,100.0,0,0,0,0.0,0.0,0.0,0,0,0,0.0,0.0,0.0,0,0,0,0.0,0.0,0.0,0,0,0,0.0,0.0,0.0
COCO,378605,4,4,0,0,2,4,4,4,8,5,0,0,4,0.0136900409997906,0.008039576000101,0.0,0.008039576000101,0.0081881900000553,0.0219517279997489,Optimal,0,none,1.61087344010671,0,5,100.0,100.0,100.0,2.0,2,0,2,1.0,0.5,0.6666666666666666,0.9233028275409204,2,0,2,1.0,0.5,0.6666666666666666,0.9233028275409204,2,0,2,1.0,0.5,0.6666666666666666,0.9233028275409204,2,0,2,1.0,0.5,0.6666666666666666,0.9233028275409204,5.730099974243785e-05,0,100.0,0,0,0,0.0,0.0,0.0,0,0,0,0.0,0.0,0.0,0,0,0,0.0,0.0,0.0,0,0,0,0.0,0.0,0.0
COCO,331817,17,17,0,0,10,175,20,175,195,101,0,0,20,0.0178916369995931,0.0166611839999859,0.0,0.0166611839999859,0.0171429890001491,0.0355690669998693,Optimal,0,none,8.268385901186024,0,31,100.0,100.0,100.0,2.0,7,3,10,0.7,0.4117647058823529,0.5185185185185185,0.8689029725122198,7,3,10,0.7,0.4117647058823529,0.5185185185185185,0.8689029725122198,7,3,10,0.7,0.4117647058823529,0.5185185185185185,0.8689029725122198,7,3,10,0.7,0.4117647058823529,0.5185185185185185,0.8689029725122198,0.0004851240000789,0,100.0,0,0,0,0.0,0.0,0.0,0,0,0,0.0,0.0,0.0,0,0,0,0.0,0.0,0.0,0,0,0,0.0,0.0,0.0
COCO,218091,7,7,0,0,4,24,8,24,32,17,0,0,8,0.0146212279996689,0.0074642370000219,0.0,0.0074642370000219,0.0076223420001042,0.0223970049996751,Optimal,0,none,3.195138832728069,0,13,100.0,100.0,100.0,2.0,3,1,4,0.75,0.4285714285714285,0.5454545454545454,0.8603688495772271,3,1,4,0.75,0.4285714285714285,0.5454545454545454,0.8603688495772271,3,1,4,0.75,0.4285714285714285,0.5454545454545454,0.8603688495772271,3,1,4,0.75,0.4285714285714285,0.5454545454545454,0.8603688495772271,9.53600001594168e-05,0,100.0,0,0,0,0.0,0.0,0.0,0,0,0,0.0,0.0,0.0,0,0,0,0.0,0.0,0.0,0,0,0,0.0,0.0,0.0
COCO,578545,4,4,0,0,3,9,6,9,15,9,0,0,6,0.0156577050001942,0.0073933900002884,0.0,0.0073933900002884,0.0075322449997656,0.0232702670000435,Optimal,0,none,2.2166099095344545,0,9,100.0,100.0,100.0,2.0,2,1,2,0.6666666666666666,0.5,0.5714285714285715,0.9147801576368564,2,1,2,0.6666666666666666,0.5,0.5714285714285715,0.9147801576368564,2,1,2,0.6666666666666666,0.5,0.5714285714285715,0.9147801576368564,2,1,2,0.6666666666666666,0.5,0.5714285714285715,0.9147801576368564,5.977199998596916e-05,0,100.0,0,0,0,0.0,0.0,0.0,0,0,0,0.0,0.0,0.0,0,0,0,0.0,0.0,0.0,0,0,0,0.0,0.0,0.0
COCO,363207,14,14,0,0,11,207,22,207,229,122,0,0,22,0.0153663050000432,0.0147179030000188,0.0,0.0147179030000188,0.0151150140000027,0.0310407760002817,Optimal,0,none,8.854531272252403,0,34,100.0,100.0,100.0,2.0,8,3,6,0.7272727272727273,0.5714285714285714,0.64,0.804688324670919,8,3,6,0.7272727272727273,0.5714285714285714,0.64,0.804688324670919,8,3,6,0.7272727272727273,0.5714285714285714,0.64,0.804688324670919,8,3,6,0.7272727272727273,0.5714285714285714,0.64,0.804688324670919,0.0005142600002727,0,100.0,0,0,0,0.0,0.0,0.0,0,0,0,0.0,0.0,0.0,0,0,0,0.0,0.0,0.0,0,0,0,0.0,0.0,0.0
COCO,372577,3,3,0,0,3,12,6,12,18,10,0,0,6,0.0156130489999668,0.0074510260001261,0.0,0.0074510260001261,0.0075881230000049,0.0232877979997283,Optimal,0,none,2.772107763290406,0,10,100.0,100.0,100.0,2.0,3,0,0,1.0,1.0,1.0,0.9097529512798928,3,0,0,1.0,1.0,1.0,0.9097529512798928,3,0,0,1.0,1.0,1.0,0.9097529512798928,3,0,0,1.0,1.0,1.0,0.9097529512798928,6.496100013464456e-05,0,100.0,0,0,0,0.0,0.0,0.0,0,0,0,0.0,0.0,0.0,0,0,0,0.0,0.0,0.0,0,0,0,0.0,0.0,0.0
COCO,212166,1,1,0,0,3,8,6,8,14,10,0,0,6,0.017259881999962,0.0067012290001002,0.0,0.0067012290001002,0.0068280290001894,0.0241580169999906,Optimal,0,none,2.51949030984309,0,10,100.0,100.0,100.0,2.0,1,2,0,0.3333333333333333,1.0,0.5,0.9495531440125748,1,2,0,0.3333333333333333,1.0,0.5,0.9495531440125748,1,2,0,0.3333333333333333,1.0,0.5,0.9495531440125748,1,2,0,0.3333333333333333,1.0,0.5,0.9495531440125748,4.961700005878811e-05,0,100.0,0,0,0,0.0,0.0,0.0,0,0,0,0.0,0.0,0.0,0,0,0,0.0,0.0,0.0,0,0,0,0.0,0.0,0.0
COCO,172571,8,8,0,0,10,171,20,171,191,101,0,0,20,0.0163342279997777,0.0142438930001844,0.0,0.0142438930001844,0.014621206999891,0.0314809379997313,Optimal,0,none,8.025326320116775,0,31,100.0,100.0,100.0,2.0,4,6,4,0.4,0.5,0.4444444444444445,0.8191420774494611,4,6,4,0.4,0.5,0.4444444444444445,0.8191420774494611,4,6,4,0.4,0.5,0.4444444444444445,0.8191420774494611,4,6,4,0.4,0.5,0.4444444444444445,0.8191420774494611,0.000458768000044,0,100.0,0,0,0,0.0,0.0,0.0,0,0,0,0.0,0.0,0.0,0,0,0,0.0,0.0,0.0,0,0,0,0.0,0.0,0.0
COCO,294831,5,5,0,0,5,39,10,39,49,26,0,0,10,0.0131134330003988,0.0083276159998604,0.0,0.0083276159998604,0.0085179860002426,0.0217722990000766,Optimal,0,none,4.140927814362831,0,16,100.0,100.0,100.0,2.0,4,1,1,0.8,0.8,0.8000000000000002,0.9224557852448582,4,1,1,0.8,0.8,0.8000000000000002,0.9224557852448582,4,1,1,0.8,0.8,0.8000000000000002,0.9224557852448582,4,1,1,0.8,0.8,0.8000000000000002,0.9224557852448582,0.0001162670000667,0,100.0,0,0,0,0.0,0.0,0.0,0,0,0,0.0,0.0,0.0,0,0,0,0.0,0.0,0.0,0,0,0,0.0,0.0,0.0
COCO,84431,2,2,0,0,3,9,6,9,15,10,0,0,6,0.0554462620002595,0.0078812990000187,0.0,0.0078812990000187,0.0080139219999182,0.063543915000082,Optimal,0,none,2.717042925022662,0,10,100.0,100.0,100.0,2.0,2,1,0,0.6666666666666666,1.0,0.8,0.962592124987052,2,1,0,0.6666666666666666,1.0,0.8,0.962592124987052,2,1,0,0.6666666666666666,1.0,0.8,0.962592124987052,2,1,0,0.6666666666666666,1.0,0.8,0.962592124987052,6.138399976407527e-05,0,100.0,0,0,0,0.0,0.0,0.0,0,0,0,0.0,0.0,0.0,0,0,0,0.0,0.0,0.0,0,0,0,0.0,0.0,0.0
COCO,323355,3,3,0,0,4,24,8,24,32,17,0,0,8,0.0157357479997699,0.0076338909998412,0.0,0.0076338909998412,0.0078073039999253,0.0236704439998902,Optimal,0,none,3.32408888022105,0,13,100.0,100.0,100.0,2.0,3,1,0,0.75,1.0,0.8571428571428571,0.8733983511998388,3,1,0,0.75,1.0,0.8571428571428571,0.8733983511998388,3,1,0,0.75,1.0,0.8571428571428571,0.8733983511998388,3,1,0,0.75,1.0,0.8571428571428571,0.8733983511998388,0.0001039700000546,0,100.0,0,0,0,0.0,0.0,0.0,0,0,0,0.0,0.0,0.0,0,0,0,0.0,0.0,0.0,0,0,0,0.0,0.0,0.0
COCO,355325,11,11,0,0,6,50,12,50,62,37,0,0,12,0.0144100889997389,0.0088643089998186,0.0,0.0088643089998186,0.0090741779999916,0.0236647359997732,Optimal,0,none,5.202150576972225,0,19,100.0,100.0,100.0,2.0,6,0,5,1.0,0.5454545454545454,0.7058823529411764,0.850286302101436,6,0,5,1.0,0.5454545454545454,0.7058823529411764,0.850286302101436,6,0,5,1.0,0.5454545454545454,0.7058823529411764,0.850286302101436,6,0,5,1.0,0.5454545454545454,0.7058823529411764,0.850286302101436,0.0001479679999647,0,100.0,0,0,0,0.0,0.0,0.0,0,0,0,0.0,0.0,0.0,0,0,0,0.0,0.0,0.0,0,0,0,0.0,0.0,0.0
COCO,100582,3,3,0,0,1,0,2,0,2,1,0,0,2,0.0151537469996583,0.0065173160000995,0.0,0.0065173160000995,0.0065874639999492,0.0217686229998435,Optimal,0,none,0.6329883495966593,0,2,100.0,100.0,100.0,2.0,1,0,2,1.0,0.3333333333333333,0.5,0.9753228332700248,1,0,2,1.0,0.3333333333333333,0.5,0.9753228332700248,1,0,2,1.0,0.3333333333333333,0.5,0.9753228332700248,1,0,2,1.0,0.3333333333333333,0.5,0.9753228332700248,2.0073000086995307e-05,0,100.0,0,0,0,0.0,0.0,0.0,0,0,0,0.0,0.0,0.0,0,0,0,0.0,0.0,0.0,0,0,0,0.0,0.0,0.0
COCO,555412,1,1,0,0,1,0,2,0,2,1,0,0,2,0.0139300349997029,0.0062499279997609,0.0,0.0062499279997609,0.0063216290000127,0.020283561999804,Optimal,0,none,0.5891117493311564,0,2,100.0,100.0,100.0,2.0,1,0,0,1.0,1.0,1.0,0.9902382416618826,1,0,0,1.0,1.0,1.0,0.9902382416618826,1,0,0,1.0,1.0,1.0,0.9902382416618826,1,0,0,1.0,1.0,1.0,0.9902382416618826,2.3272000362339892e-05,0,100.0,0,0,0,0.0,0.0,0.0,0,0,0,0.0,0.0,0.0,0,0,0,0.0,0.0,0.0,0,0,0,0.0,0.0,0.0
COCO,4495,3,3,0,0,3,12,6,12,18,10,0,0,6,0.0145053629998983,0.0071946699999898,0.0,0.0071946699999898,0.0073236740004176,0.0219064739999339,Optimal,0,none,2.7774795150756844,0,10,100.0,100.0,100.0,2.0,3,0,0,1.0,1.0,1.0,0.971326657339338,3,0,0,1.0,1.0,1.0,0.971326657339338,3,0,0,1.0,1.0,1.0,0.971326657339338,3,0,0,1.0,1.0,1.0,0.971326657339338,5.875800025023637e-05,0,100.0,0,0,0,0.0,0.0,0.0,0,0,0,0.0,0.0,0.0,0,0,0,0.0,0.0,0.0,0,0,0,0.0,0.0,0.0
COCO,9483,6,6,0,0,7,76,14,76,90,50,0,0,14,0.0146180349997848,0.0099758569999721,0.0,0.0099758569999721,0.0102756229998703,0.0251696820000688,Optimal,0,none,5.9575637690226255,0,22,100.0,100.0,100.0,2.0,4,3,2,0.5714285714285714,0.6666666666666666,0.6153846153846153,0.927151567504324,4,3,2,0.5714285714285714,0.6666666666666666,0.6153846153846153,0.927151567504324,4,3,2,0.5714285714285714,0.6666666666666666,0.6153846153846153,0.927151567504324,4,3,2,0.5714285714285714,0.6666666666666666,0.6153846153846153,0.927151567504324,0.0002390349995948,0,100.0,0,0,0,0.0,0.0,0.0,0,0,0,0.0,0.0,0.0,0,0,0,0.0,0.0,0.0,0,0,0,0.0,0.0,0.0
COCO,326082,17,17,0,0,8,107,16,107,123,65,0,0,16,0.0150790429997869,0.0116612639999402,0.0,0.0116612639999402,0.0119745619999775,0.0274358379997465,Optimal,0,none,6.779224394285761,0,25,100.0,100.0,100.0,2.0,5,3,12,0.625,0.2941176470588235,0.4,0.8709069137313326,5,3,12,0.625,0.2941176470588235,0.4,0.8709069137313326,5,3,12,0.625,0.2941176470588235,0.4,0.8709069137313326,5,3,12,0.625,0.2941176470588235,0.4,0.8709069137313326,0.0002978870002152,0,100.0,0,0,0,0.0,0.0,0.0,0,0,0,0.0,0.0,0.0,0,0,0,0.0,0.0,0.0,0,0,0,0.0,0.0,0.0
COCO,398237,5,5,0,0,4,20,8,20,28,17,0,0,8,0.0160012589999496,0.0072582750003675,0.0,0.0072582750003675,0.0074153370001113,0.0235328750000007,Optimal,0,none,3.2092069355646777,0,13,100.0,100.0,100.0,2.0,1,3,4,0.25,0.2,0.2222222222222222,0.9407520496306324,1,3,4,0.25,0.2,0.2222222222222222,0.9407520496306324,1,3,4,0.25,0.2,0.2222222222222222,0.9407520496306324,1,3,4,0.25,0.2,0.2222222222222222,0.9407520496306324,9.333899970442872e-05,0,100.0,0,0,0,0.0,0.0,0.0,0,0,0,0.0,0.0,0.0,0,0,0,0.0,0.0,0.0,0,0,0,0.0,0.0,0.0
COCO,507223,9,9,0,0,7,74,14,74,88,50,0,0,14,0.0152549589997761,0.0112016440002662,0.0,0.0112016440002662,0.0114261200001237,0.0269614519997958,Optimal,0,none,5.863958329359693,0,22,100.0,100.0,100.0,2.0,6,1,3,0.8571428571428571,0.6666666666666666,0.75,0.8383738314803787,6,1,3,0.8571428571428571,0.6666666666666666,0.75,0.8383738314803787,6,1,3,0.8571428571428571,0.6666666666666666,0.75,0.8383738314803787,6,1,3,0.8571428571428571,0.6666666666666666,0.75,0.8383738314803787,0.0001918080001814,0,100.0,0,0,0,0.0,0.0,0.0,0,0,0,0.0,0.0,0.0,0,0,0,0.0,0.0,0.0,0,0,0,0.0,0.0,0.0
COCO,31050,1,1,0,0,3,10,6,10,16,10,0,0,6,0.0154929799996352,0.0071301459997812,0.0,0.0071301459997812,0.0072597060002408,0.022832852999727,Optimal,0,none,2.2199258518219,0,10,100.0,100.0,100.0,2.0,1,2,0,0.3333333333333333,1.0,0.5,0.8223771871650155,1,2,0,0.3333333333333333,1.0,0.5,0.8223771871650155,1,2,0,0.3333333333333333,1.0,0.5,0.8223771871650155,1,2,0,0.3333333333333333,1.0,0.5,0.8223771871650155,6.060900022930582e-05,0,100.0,0,0,0,0.0,0.0,0.0,0,0,0,0.0,0.0,0.0,0,0,0,0.0,0.0,0.0,0,0,0,0.0,0.0,0.0
COCO,239537,3,3,0,0,3,12,6,12,18,10,0,0,6,0.0159120929997698,0.007301433000066,0.0,0.007301433000066,0.0074465090001467,0.023456972999611,Optimal,0,none,2.7690569829940803,0,10,100.0,100.0,100.0,2.0,3,0,0,1.0,1.0,1.0,0.929388468803776,3,0,0,1.0,1.0,1.0,0.929388468803776,3,0,0,1.0,1.0,1.0,0.929388468803776,3,0,0,1.0,1.0,1.0,0.929388468803776,7.634000030520838e-05,0,100.0,0,0,0,0.0,0.0,0.0,0,0,0,0.0,0.0,0.0,0,0,0,0.0,0.0,0.0,0,0,0,0.0,0.0,0.0
COCO,340930,2,2,0,0,4,27,8,27,35,17,0,0,8,0.014322901000014,0.0084660080001413,0.0,0.0084660080001413,0.0086433380001835,0.023085495000032,Optimal,0,none,2.830129021072039,0,13,100.0,100.0,100.0,2.0,1,3,1,0.25,0.5,0.3333333333333333,0.970956943130756,1,3,1,0.25,0.5,0.3333333333333333,0.970956943130756,1,3,1,0.25,0.5,0.3333333333333333,0.970956943130756,1,3,1,0.25,0.5,0.3333333333333333,0.970956943130756,9.626000019125058e-05,0,100.0,0,0,0,0.0,0.0,0.0,0,0,0,0.0,0.0,0.0,0,0,0,0.0,0.0,0.0,0,0,0,0.0,0.0,0.0
COCO,11813,2,2,0,0,0,0,0,0,0,0,0,0,1,0.0120873089999804,0.0052330680000522,0.0,0.0052330680000522,0.0052693879997605,0.0173710039998695,Optimal,0,none,,0,1,100.0,0.0,0.0,0.0,0,0,2,0.0,0.0,0.0,0.0,0,0,2,0.0,0.0,0.0,0.0,0,0,2,0.0,0.0,0.0,0.0,0,0,2,0.0,0.0,0.0,0.0,9.309999768447597e-06,0,100.0,0,0,0,0.0,0.0,0.0,0,0,0,0.0,0.0,0.0,0,0,0,0.0,0.0,0.0,0,0,0,0.0,0.0,0.0
COCO,281414,3,3,0,0,2,5,4,5,9,5,0,0,4,0.0143264209996232,0.0077304400001594,0.0,0.0077304400001594,0.0078368340000452,0.0222199279996857,Optimal,0,none,1.4827946933110558,0,5,100.0,100.0,100.0,2.0,2,0,1,1.0,0.6666666666666666,0.8,0.7146498504646874,2,0,1,1.0,0.6666666666666666,0.8,0.7146498504646874,2,0,1,1.0,0.6666666666666666,0.8,0.7146498504646874,2,0,1,1.0,0.6666666666666666,0.8,0.7146498504646874,4.26500000685337e-05,0,100.0,0,0,0,0.0,0.0,0.0,0,0,0,0.0,0.0,0.0,0,0,0,0.0,0.0,0.0,0,0,0,0.0,0.0,0.0
COCO,537991,7,7,0,0,6,60,12,60,72,37,0,0,12,0.0145173780001641,0.008695396999883,0.0,0.008695396999883,0.0088946390001183,0.0236204359998737,Optimal,0,none,5.216246588230135,0,19,100.0,100.0,100.0,2.0,5,1,2,0.8333333333333334,0.7142857142857143,0.7692307692307692,0.8368452238771,5,1,2,0.8333333333333334,0.7142857142857143,0.7692307692307692,0.8368452238771,5,1,2,0.8333333333333334,0.7142857142857143,0.7692307692307692,0.8368452238771,5,1,2,0.8333333333333334,0.7142857142857143,0.7692307692307692,0.8368452238771,0.0001764449998518,0,100.0,0,0,0,0.0,0.0,0.0,0,0,0,0.0,0.0,0.0,0,0,0,0.0,0.0,0.0,0,0,0,0.0,0.0,0.0
COCO,284282,1,1,0,0,1,0,2,0,2,1,0,0,2,0.0135640909998073,0.0062795379999442,0.0,0.0062795379999442,0.0063463330002377,0.0199375970000801,Optimal,0,none,0.5388722817103069,0,2,100.0,100.0,100.0,2.0,0,1,1,0.0,0.0,0.0,0.0,0,1,1,0.0,0.0,0.0,0.0,0,1,1,0.0,0.0,0.0,0.0,0,1,1,0.0,0.0,0.0,0.0,1.977300007638405e-05,0,100.0,0,0,0,0.0,0.0,0.0,0,0,0,0.0,0.0,0.0,0,0,0,0.0,0.0,0.0,0,0,0,0.0,0.0,0.0
COCO,321333,3,3,0,0,3,10,6,10,16,10,0,0,6,0.0144386940000913,0.0067765010003313,0.0,0.0067765010003313,0.0069037439998282,0.0214226050002253,Optimal,0,none,2.4210903239250183,0,10,100.0,100.0,100.0,2.0,3,0,0,1.0,1.0,1.0,0.7391343798694344,3,0,0,1.0,1.0,1.0,0.7391343798694344,3,0,0,1.0,1.0,1.0,0.7391343798694344,3,0,0,1.0,1.0,1.0,0.7391343798694344,5.832799979543779e-05,0,100.0,0,0,0,0.0,0.0,0.0,0,0,0,0.0,0.0,0.0,0,0,0,0.0,0.0,0.0,0,0,0,0.0,0.0,0.0
COCO,521282,1,1,0,0,1,0,2,0,2,1,0,0,2,0.0151563139997961,0.0067473629997039,0.0,0.0067473629997039,0.0068223609996493,0.0220107410000309,Optimal,0,none,0.6139049688975016,0,2,100.0,100.0,100.0,2.0,1,0,0,1.0,1.0,1.0,0.9352123608465424,1,0,0,1.0,1.0,1.0,0.9352123608465424,1,0,0,1.0,1.0,1.0,0.9352123608465424,1,0,0,1.0,1.0,1.0,0.9352123608465424,2.3363999844150385e-05,0,100.0,0,0,0,0.0,0.0,0.0,0,0,0,0.0,0.0,0.0,0,0,0,0.0,0.0,0.0,0,0,0,0.0,0.0,0.0
COCO,108026,3,3,0,0,3,12,6,12,18,10,0,0,6,0.0141479229996548,0.0075402390002636,0.0,0.0075402390002636,0.0077345449999484,0.0219683880000047,Optimal,0,none,2.333230709241781,0,10,100.0,100.0,100.0,2.0,2,1,1,0.6666666666666666,0.6666666666666666,0.6666666666666666,0.9760917511879516,2,1,1,0.6666666666666666,0.6666666666666666,0.6666666666666666,0.9760917511879516,2,1,1,0.6666666666666666,0.6666666666666666,0.6666666666666666,0.9760917511879516,2,1,1,0.6666666666666666,0.6666666666666666,0.6666666666666666,0.9760917511879516,6.414199970095069e-05,0,100.0,0,0,0,0.0,0.0,0.0,0,0,0,0.0,0.0,0.0,0,0,0,0.0,0.0,0.0,0,0,0,0.0,0.0,0.0
COCO,243204,4,4,0,0,1,0,2,0,2,1,0,0,2,0.0136552680000932,0.006174044999625,0.0,0.006174044999625,0.006242112000109,0.0199254580002161,Optimal,0,none,0.528244177500407,0,2,100.0,100.0,100.0,2.0,1,0,3,1.0,0.25,0.4,0.5759383109687994,1,0,3,1.0,0.25,0.4,0.5759383109687994,1,0,3,1.0,0.25,0.4,0.5759383109687994,1,0,3,1.0,0.25,0.4,0.5759383109687994,2.0806000065931585e-05,0,100.0,0,0,0,0.0,0.0,0.0,0,0,0,0.0,0.0,0.0,0,0,0,0.0,0.0,0.0,0,0,0,0.0,0.0,0.0
COCO,177935,13,13,0,0,3,14,6,14,20,10,0,0,6,0.0145782879999387,0.0075204790000498,0.0,0.0075204790000498,0.0076554120000764,0.0223277949999101,Optimal,0,none,2.355235514640809,0,10,100.0,100.0,100.0,2.0,2,1,11,0.6666666666666666,0.1538461538461538,0.25,0.7666417897667601,2,1,11,0.6666666666666666,0.1538461538461538,0.25,0.7666417897667601,2,1,11,0.6666666666666666,0.1538461538461538,0.25,0.7666417897667601,2,1,11,0.6666666666666666,0.1538461538461538,0.25,0.7666417897667601,7.264000032591866e-05,0,100.0,0,0,0,0.0,0.0,0.0,0,0,0,0.0,0.0,0.0,0,0,0,0.0,0.0,0.0,0,0,0,0.0,0.0,0.0
COCO,38829,12,12,0,0,9,121,18,121,139,82,0,0,18,0.0154637020000336,0.0113013049999608,0.0,0.0113013049999608,0.0115753790000781,0.0273641620001399,Optimal,0,none,7.929462592601778,0,28,100.0,100.0,100.0,2.0,8,1,4,0.8888888888888888,0.6666666666666666,0.761904761904762,0.8345108026770066,8,1,4,0.8888888888888888,0.6666666666666666,0.761904761904762,0.8345108026770066,8,1,4,0.8888888888888888,0.6666666666666666,0.761904761904762,0.8345108026770066,8,1,4,0.8888888888888888,0.6666666666666666,0.761904761904762,0.8345108026770066,0.0002878589998545,0,100.0,0,0,0,0.0,0.0,0.0,0,0,0,0.0,0.0,0.0,0,0,0,0.0,0.0,0.0,0,0,0,0.0,0.0,0.0
COCO,397327,2,2,0,0,2,4,4,4,8,5,0,0,4,0.0132588930000565,0.0070243330001176,0.0,0.0070243330001176,0.0071438639997722,0.0204603660004067,Optimal,0,none,1.4808430941899615,0,5,100.0,100.0,100.0,2.0,2,0,0,1.0,1.0,1.0,0.9013225225519692,2,0,0,1.0,1.0,1.0,0.9013225225519692,2,0,0,1.0,1.0,1.0,0.9013225225519692,2,0,0,1.0,1.0,1.0,0.9013225225519692,4.252500002621673e-05,0,100.0,0,0,0,0.0,0.0,0.0,0,0,0,0.0,0.0,0.0,0,0,0,0.0,0.0,0.0,0,0,0,0.0,0.0,0.0
COCO,501523,5,5,0,0,5,39,10,39,49,26,0,0,10,0.0152780070002336,0.0092756270000791,0.0,0.0092756270000791,0.0094868900000619,0.0249303340001461,Optimal,0,none,4.121529794534048,0,16,100.0,100.0,100.0,2.0,3,2,2,0.6,0.6,0.6,0.870832287083839,3,2,2,0.6,0.6,0.6,0.870832287083839,3,2,2,0.6,0.6,0.6,0.870832287083839,3,2,2,0.6,0.6,0.6,0.870832287083839,0.0001322199996138,0,100.0,0,0,0,0.0,0.0,0.0,0,0,0,0.0,0.0,0.0,0,0,0,0.0,0.0,0.0,0,0,0,0.0,0.0,0.0
COCO,555050,18,18,0,0,10,175,20,175,195,101,0,0,20,0.015714172999651,0.0131497340003079,0.0,0.0131497340003079,0.0135025659997154,0.0296497869999257,Optimal,0,none,8.357137347402904,0,31,100.0,100.0,100.0,2.0,6,4,12,0.6,0.3333333333333333,0.4285714285714285,0.7921844215907472,6,4,12,0.6,0.3333333333333333,0.4285714285714285,0.7921844215907472,6,4,12,0.6,0.3333333333333333,0.4285714285714285,0.7921844215907472,6,4,12,0.6,0.3333333333333333,0.4285714285714285,0.7921844215907472,0.0003909690003638,0,100.0,0,0,0,0.0,0.0,0.0,0,0,0,0.0,0.0,0.0,0,0,0,0.0,0.0,0.0,0,0,0,0.0,0.0,0.0
COCO,376442,2,2,0,0,1,0,2,0,2,1,0,0,2,0.013811128999805,0.0063335979998555,0.0,0.0063335979998555,0.0064043930001389,0.0202444639999157,Optimal,0,none,0.5885992924372355,0,2,100.0,100.0,100.0,2.0,1,0,1,1.0,0.5,0.6666666666666666,0.8722026700887596,1,0,1,1.0,0.5,0.6666666666666666,0.8722026700887596,1,0,1,1.0,0.5,0.6666666666666666,0.8722026700887596,1,0,1,1.0,0.5,0.6666666666666666,0.8722026700887596,2.10160001188342e-05,0,100.0,0,0,0,0.0,0.0,0.0,0,0,0,0.0,0.0,0.0,0,0,0,0.0,0.0,0.0,0,0,0,0.0,0.0,0.0
COCO,187243,3,3,0,0,2,4,4,4,8,5,0,0,4,0.0138058439997621,0.0071329809998132,0.0,0.0071329809998132,0.0072405939999953,0.021105740999701,Optimal,0,none,1.5882376941045129,0,5,100.0,100.0,100.0,2.0,2,0,1,1.0,0.6666666666666666,0.8,0.9085969368180432,2,0,1,1.0,0.6666666666666666,0.8,0.9085969368180432,2,0,1,1.0,0.6666666666666666,0.8,0.9085969368180432,2,0,1,1.0,0.6666666666666666,0.8,0.9085969368180432,4.377400000521448e-05,0,100.0,0,0,0,0.0,0.0,0.0,0,0,0,0.0,0.0,0.0,0,0,0,0.0,0.0,0.0,0,0,0,0.0,0.0,0.0
COCO,356347,3,3,0,0,1,0,2,0,2,1,0,0,2,0.0147754209997401,0.0074042219998773,0.0,0.0074042219998773,0.0074787830003515,0.0222876859997995,Optimal,0,none,0.4821222941080729,0,2,100.0,100.0,100.0,2.0,1,0,2,1.0,0.3333333333333333,0.5,0.7523007569186192,1,0,2,1.0,0.3333333333333333,0.5,0.7523007569186192,1,0,2,1.0,0.3333333333333333,0.5,0.7523007569186192,1,0,2,1.0,0.3333333333333333,0.5,0.7523007569186192,2.416300003460492e-05,0,100.0,0,0,0,0.0,0.0,0.0,0,0,0,0.0,0.0,0.0,0,0,0,0.0,0.0,0.0,0,0,0,0.0,0.0,0.0
COCO,293044,4,4,0,0,3,12,6,12,18,10,0,0,6,0.0120581670003048,0.0067504009998629,0.0,0.0067504009998629,0.0068759480000153,0.0190114239999275,Optimal,0,none,2.413514540195466,0,10,100.0,100.0,100.0,2.0,1,2,3,0.3333333333333333,0.25,0.2857142857142857,0.8496573051499077,1,2,3,0.3333333333333333,0.25,0.2857142857142857,0.8496573051499077,1,2,3,0.3333333333333333,0.25,0.2857142857142857,0.8496573051499077,1,2,3,0.3333333333333333,0.25,0.2857142857142857,0.8496573051499077,5.859099974259152e-05,0,100.0,0,0,0,0.0,0.0,0.0,0,0,0,0.0,0.0,0.0,0,0,0,0.0,0.0,0.0,0,0,0,0.0,0.0,0.0
COCO,560279,2,2,0,0,3,14,6,14,20,10,0,0,6,0.0165981739996823,0.0069551699998555,0.0,0.0069551699998555,0.0070904099998188,0.0237767719995645,Optimal,0,none,2.468518674373627,0,10,100.0,100.0,100.0,2.0,1,2,1,0.3333333333333333,0.5,0.4,0.850186984151144,1,2,1,0.3333333333333333,0.5,0.4,0.850186984151144,1,2,1,0.3333333333333333,0.5,0.4,0.850186984151144,1,2,1,0.3333333333333333,0.5,0.4,0.850186984151144,6.703100007143803e-05,0,100.0,0,0,0,0.0,0.0,0.0,0,0,0,0.0,0.0,0.0,0,0,0,0.0,0.0,0.0,0,0,0,0.0,0.0,0.0
COCO,42276,2,2,0,0,1,0,2,0,2,1,0,0,2,0.0147530799999913,0.0060918799999853,0.0,0.0060918799999853,0.0061720109997622,0.020956355999715,Optimal,0,none,0.6345086018244426,0,2,100.0,100.0,100.0,2.0,1,0,1,1.0,0.5,0.6666666666666666,0.9476919389631566,1,0,1,1.0,0.5,0.6666666666666666,0.9476919389631566,1,0,1,1.0,0.5,0.6666666666666666,0.9476919389631566,1,0,1,1.0,0.5,0.6666666666666666,0.9476919389631566,2.261300005557132e-05,0,100.0,0,0,0,0.0,0.0,0.0,0,0,0,0.0,0.0,0.0,0,0,0,0.0,0.0,0.0,0,0,0,0.0,0.0,0.0
COCO,534827,10,10,0,0,8,81,16,81,97,65,0,0,16,0.0169378499999766,0.0102348940004048,0.0,0.0102348940004048,0.010489227999642,0.0276998499998626,Optimal,0,none,6.555357950528465,0,25,100.0,100.0,100.0,2.0,6,2,4,0.75,0.6,0.6666666666666665,0.8370812200739354,6,2,4,0.75,0.6,0.6666666666666665,0.8370812200739354,6,2,4,0.75,0.6,0.6666666666666665,0.8370812200739354,6,2,4,0.75,0.6,0.6666666666666665,0.8370812200739354,0.0002354870002818,0,100.0,0,0,0,0.0,0.0,0.0,0,0,0,0.0,0.0,0.0,0,0,0,0.0,0.0,0.0,0,0,0,0.0,0.0,0.0
COCO,190756,2,2,0,0,2,3,4,3,7,5,0,0,4,0.014446950999627,0.006660403999831,0.0,0.006660403999831,0.0067691099998228,0.0212717019999217,Optimal,0,none,1.5421497853597006,0,5,100.0,100.0,100.0,2.0,2,0,0,1.0,1.0,1.0,0.9656006896621732,2,0,0,1.0,1.0,1.0,0.9656006896621732,2,0,0,1.0,1.0,1.0,0.9656006896621732,2,0,0,1.0,1.0,1.0,0.9656006896621732,3.994600001533399e-05,0,100.0,0,0,0,0.0,0.0,0.0,0,0,0,0.0,0.0,0.0,0,0,0,0.0,0.0,0.0,0,0,0,0.0,0.0,0.0
COCO,482917,5,5,0,0,4,23,8,23,31,17,0,0,8,0.013100803999805,0.0078765920002297,0.0,0.0078765920002297,0.0080589989997861,0.0212865250000504,Optimal,0,none,3.332118536631268,0,13,100.0,100.0,100.0,2.0,1,3,4,0.25,0.2,0.2222222222222222,0.8798177063475012,1,3,4,0.25,0.2,0.2222222222222222,0.8798177063475012,1,3,4,0.25,0.2,0.2222222222222222,0.8798177063475012,1,3,4,0.25,0.2,0.2222222222222222,0.8798177063475012,0.0001029430000016,0,100.0,0,0,0,0.0,0.0,0.0,0,0,0,0.0,0.0,0.0,0,0,0,0.0,0.0,0.0,0,0,0,0.0,0.0,0.0
COCO,300659,7,7,0,0,7,83,14,83,97,50,0,0,14,0.0146768390000033,0.010205028999735,0.0,0.010205028999735,0.0104435980001653,0.0253556590000698,Optimal,0,none,6.489902683526269,0,22,100.0,100.0,100.0,2.0,7,0,0,1.0,1.0,1.0,0.9330553422827632,7,0,0,1.0,1.0,1.0,0.9330553422827632,7,0,0,1.0,1.0,1.0,0.9330553422827632,7,0,0,1.0,1.0,1.0,0.9330553422827632,0.0002034380004261,0,100.0,0,0,0,0.0,0.0,0.0,0,0,0,0.0,0.0,0.0,0,0,0,0.0,0.0,0.0,0,0,0,0.0,0.0,0.0
COCO,199977,1,1,0,0,1,0,2,0,2,1,0,0,2,0.0142243459999917,0.0073008160002245,0.0,0.0073008160002245,0.0073748179997892,0.0216465929997866,Optimal,0,none,0.5919734636942546,0,2,100.0,100.0,100.0,2.0,1,0,0,1.0,1.0,1.0,0.906019268830601,1,0,0,1.0,1.0,1.0,0.906019268830601,1,0,0,1.0,1.0,1.0,0.906019268830601,1,0,0,1.0,1.0,1.0,0.906019268830601,3.873700006806757e-05,0,100.0,0,0,0,0.0,0.0,0.0,0,0,0,0.0,0.0,0.0,0,0,0,0.0,0.0,0.0,0,0,0,0.0,0.0,0.0
COCO,442480,4,4,0,0,2,4,4,4,8,5,0,0,4,0.0145202850003443,0.0067011269998147,0.0,0.0067011269998147,0.0068007859999852,0.0213918120002745,Optimal,0,none,1.1449789555867511,0,5,100.0,100.0,100.0,2.0,2,0,2,1.0,0.5,0.6666666666666666,0.7615744520837746,2,0,2,1.0,0.5,0.6666666666666666,0.7615744520837746,2,0,2,1.0,0.5,0.6666666666666666,0.7615744520837746,2,0,2,1.0,0.5,0.6666666666666666,0.7615744520837746,5.585700000665384e-05,0,100.0,0,0,0,0.0,0.0,0.0,0,0,0,0.0,0.0,0.0,0,0,0,0.0,0.0,0.0,0,0,0,0.0,0.0,0.0
COCO,384350,2,2,0,0,3,12,6,12,18,10,0,0,6,0.0149903039996388,0.0087316930002998,0.0,0.0087316930002998,0.0088607600000614,0.0239309519997732,Optimal,0,none,2.376871116161347,0,10,100.0,100.0,100.0,2.0,2,1,0,0.6666666666666666,1.0,0.8,0.7029141418425526,2,1,0,0.6666666666666666,1.0,0.8,0.7029141418425526,2,1,0,0.6666666666666666,1.0,0.8,0.7029141418425526,2,1,0,0.6666666666666666,1.0,0.8,0.7029141418425526,6.0650000250461744e-05,0,100.0,0,0,0,0.0,0.0,0.0,0,0,0,0.0,0.0,0.0,0,0,0,0.0,0.0,0.0,0,0,0,0.0,0.0,0.0
COCO,383621,1,1,0,0,1,0,2,0,2,1,0,0,2,0.0131809580002482,0.0068366560003596,0.0,0.0068366560003596,0.0069231990000844,0.020133411000188,Optimal,0,none,0.6118761936823527,0,2,100.0,100.0,100.0,2.0,1,0,0,1.0,1.0,1.0,0.959737782603842,1,0,0,1.0,1.0,1.0,0.959737782603842,1,0,0,1.0,1.0,1.0,0.959737782603842,1,0,0,1.0,1.0,1.0,0.959737782603842,2.129600034095347e-05,0,100.0,0,0,0,0.0,0.0,0.0,0,0,0,0.0,0.0,0.0,0,0,0,0.0,0.0,0.0,0,0,0,0.0,0.0,0.0
COCO,189828,1,1,0,0,1,0,2,0,2,1,0,0,2,0.0157528229997296,0.0064381420002064,0.0,0.0064381420002064,0.0065188749999833,0.0223021970000445,Optimal,0,none,0.56853875319163,0,2,100.0,100.0,100.0,2.0,1,0,0,1.0,1.0,1.0,0.954096068324599,1,0,0,1.0,1.0,1.0,0.954096068324599,1,0,0,1.0,1.0,1.0,0.954096068324599,1,0,0,1.0,1.0,1.0,0.954096068324599,2.25720000344154e-05,0,100.0,0,0,0,0.0,0.0,0.0,0,0,0,0.0,0.0,0.0,0,0,0,0.0,0.0,0.0,0,0,0,0.0,0.0,0.0
COCO,412894,20,20,0,0,14,339,28,339,367,197,0,0,28,0.0161219699998582,0.0196280420000221,0.0,0.0196280420000221,0.0201117629999316,0.0370511799997075,Optimal,0,none,11.830044812109088,0,43,100.0,100.0,100.0,2.0,10,4,10,0.7142857142857143,0.5,0.588235294117647,0.8451901754369707,10,4,10,0.7142857142857143,0.5,0.588235294117647,0.8451901754369707,10,4,10,0.7142857142857143,0.5,0.588235294117647,0.8451901754369707,10,4,10,0.7142857142857143,0.5,0.588235294117647,0.8451901754369707,0.0007574350001959,0,100.0,0,0,0,0.0,0.0,0.0,0,0,0,0.0,0.0,0.0,0,0,0,0.0,0.0,0.0,0,0,0,0.0,0.0,0.0
COCO,537153,3,3,0,0,1,0,2,0,2,1,0,0,2,0.0133224870000958,0.0063669870000921,0.0,0.0063669870000921,0.0064376930004073,0.0198156179999386,Optimal,0,none,0.4860692660013834,0,2,100.0,100.0,100.0,2.0,1,0,2,1.0,0.3333333333333333,0.5,0.6674573483461398,1,0,2,1.0,0.3333333333333333,0.5,0.6674573483461398,1,0,2,1.0,0.3333333333333333,0.5,0.6674573483461398,1,0,2,1.0,0.3333333333333333,0.5,0.6674573483461398,3.664799987745937e-05,0,100.0,0,0,0,0.0,0.0,0.0,0,0,0,0.0,0.0,0.0,0,0,0,0.0,0.0,0.0,0,0,0,0.0,0.0,0.0
COCO,361103,27,27,0,0,18,577,36,577,613,325,0,0,36,0.0175036939999699,0.028911694999806,0.0,0.028911694999806,0.0297188780000396,0.0485098730000572,Optimal,0,none,14.893393815139904,0,55,100.0,100.0,100.0,2.0,14,4,13,0.7777777777777778,0.5185185185185185,0.6222222222222222,0.8013939814934831,14,4,13,0.7777777777777778,0.5185185185185185,0.6222222222222222,0.8013939814934831,14,4,13,0.7777777777777778,0.5185185185185185,0.6222222222222222,0.8013939814934831,14,4,13,0.7777777777777778,0.5185185185185185,0.6222222222222222,0.8013939814934831,0.0011802989997704,0,100.0,0,0,0,0.0,0.0,0.0,0,0,0,0.0,0.0,0.0,0,0,0,0.0,0.0,0.0,0,0,0,0.0,0.0,0.0
COCO,392722,15,15,0,0,11,199,22,199,221,122,0,0,22,0.0159614970002621,0.0152948510003625,0.0,0.0152948510003625,0.0156958759998815,0.03233418300033,Optimal,0,none,9.36400282700857,0,34,100.0,100.0,100.0,2.0,10,1,5,0.9090909090909092,0.6666666666666666,0.7692307692307692,0.870452043526609,10,1,5,0.9090909090909092,0.6666666666666666,0.7692307692307692,0.870452043526609,10,1,5,0.9090909090909092,0.6666666666666666,0.7692307692307692,0.870452043526609,10,1,5,0.9090909090909092,0.6666666666666666,0.7692307692307692,0.870452043526609,0.0005592640000031,0,100.0,0,0,0,0.0,0.0,0.0,0,0,0,0.0,0.0,0.0,0,0,0,0.0,0.0,0.0,0,0,0,0.0,0.0,0.0
COCO,338560,12,12,0,0,7,76,14,76,90,50,0,0,14,0.0169753569998647,0.0107780500002263,0.0,0.0107780500002263,0.0110056190001159,0.0282097300000714,Optimal,0,none,5.989969313434653,0,22,100.0,100.0,100.0,2.0,6,1,6,0.8571428571428571,0.5,0.631578947368421,0.8967999603750051,6,1,6,0.8571428571428571,0.5,0.631578947368421,0.8967999603750051,6,1,6,0.8571428571428571,0.5,0.631578947368421,0.8967999603750051,6,1,6,0.8571428571428571,0.5,0.631578947368421,0.8967999603750051,0.0001970190000974,0,100.0,0,0,0,0.0,0.0,0.0,0,0,0,0.0,0.0,0.0,0,0,0,0.0,0.0,0.0,0,0,0,0.0,0.0,0.0
COCO,264535,5,5,0,0,3,12,6,12,18,10,0,0,6,0.0189033289998405,0.007176913999956,0.0,0.007176913999956,0.0073216470000261,0.0263053199996647,Optimal,0,none,2.783860502243043,0,10,100.0,100.0,100.0,2.0,3,0,2,1.0,0.6,0.7499999999999999,0.8456928256938929,3,0,2,1.0,0.6,0.7499999999999999,0.8456928256938929,3,0,2,1.0,0.6,0.7499999999999999,0.8456928256938929,3,0,2,1.0,0.6,0.7499999999999999,0.8456928256938929,5.977599994366756e-05,0,100.0,0,0,0,0.0,0.0,0.0,0,0,0,0.0,0.0,0.0,0,0,0,0.0,0.0,0.0,0,0,0,0.0,0.0,0.0
COCO,295231,7,7,0,0,8,106,16,106,122,65,0,0,16,0.0221421169999302,0.0174793290002526,0.0,0.0174793290002526,0.0179434140000012,0.0405030739998437,Optimal,0,none,6.429612266146581,0,25,100.0,100.0,100.0,2.0,7,1,0,0.875,1.0,0.9333333333333332,0.8057929456487629,7,1,0,0.875,1.0,0.9333333333333332,0.8057929456487629,7,1,0,0.875,1.0,0.9333333333333332,0.8057929456487629,7,1,0,0.875,1.0,0.9333333333333332,0.8057929456487629,0.0003723999998328,0,100.0,0,0,0,0.0,0.0,0.0,0,0,0,0.0,0.0,0.0,0,0,0,0.0,0.0,0.0,0,0,0,0.0,0.0,0.0
COCO,154947,1,1,0,0,1,0,2,0,2,1,0,0,2,0.01624491199982,0.0068117129999336,0.0,0.0068117129999336,0.0068827750001219,0.0231575449997762,Optimal,0,none,0.6338650385538738,0,2,100.0,100.0,100.0,2.0,1,0,0,1.0,1.0,1.0,0.9573888654076244,1,0,0,1.0,1.0,1.0,0.9573888654076244,1,0,0,1.0,1.0,1.0,0.9573888654076244,1,0,0,1.0,1.0,1.0,0.9573888654076244,2.1730999833380334e-05,0,100.0,0,0,0,0.0,0.0,0.0,0,0,0,0.0,0.0,0.0,0,0,0,0.0,0.0,0.0,0,0,0,0.0,0.0,0.0
COCO,212559,10,10,0,0,8,107,16,107,123,65,0,0,16,0.0178357409999989,0.011334034000356,0.0,0.011334034000356,0.0115947159997631,0.0297479389996624,Optimal,0,none,7.31109883102946,0,25,100.0,100.0,100.0,2.0,8,0,2,1.0,0.8,0.888888888888889,0.9219433329514696,8,0,2,1.0,0.8,0.888888888888889,0.9219433329514696,8,0,2,1.0,0.8,0.888888888888889,0.9219433329514696,8,0,2,1.0,0.8,0.888888888888889,0.9219433329514696,0.0002815889997691,0,100.0,0,0,0,0.0,0.0,0.0,0,0,0,0.0,0.0,0.0,0,0,0,0.0,0.0,0.0,0,0,0,0.0,0.0,0.0
COCO,458755,6,6,0,0,4,19,8,19,27,17,0,0,8,0.0162618629997268,0.0076216339998609,0.0,0.0076216339998609,0.0077660699998887,0.0241309029997864,Optimal,0,none,3.2947586862246205,0,13,100.0,100.0,100.0,2.0,3,1,3,0.75,0.5,0.6,0.7228997762852023,3,1,3,0.75,0.5,0.6,0.7228997762852023,3,1,3,0.75,0.5,0.6,0.7228997762852023,3,1,3,0.75,0.5,0.6,0.7228997762852023,8.024999988265336e-05,0,100.0,0,0,0,0.0,0.0,0.0,0,0,0,0.0,0.0,0.0,0,0,0,0.0,0.0,0.0,0,0,0,0.0,0.0,0.0
COCO,104782,1,1,0,0,1,0,2,0,2,1,0,0,2,0.0143515800000386,0.0069895909996375,0.0,0.0069895909996375,0.0070670289996996,0.0214521170000807,Optimal,0,none,0.5914383808771769,0,2,100.0,100.0,100.0,2.0,1,0,0,1.0,1.0,1.0,0.9155935193633816,1,0,0,1.0,1.0,1.0,0.9155935193633816,1,0,0,1.0,1.0,1.0,0.9155935193633816,1,0,0,1.0,1.0,1.0,0.9155935193633816,2.433300005577621e-05,0,100.0,0,0,0,0.0,0.0,0.0,0,0,0,0.0,0.0,0.0,0,0,0,0.0,0.0,0.0,0,0,0,0.0,0.0,0.0
COCO,315257,1,1,0,0,2,2,4,2,6,5,0,0,4,0.0172369890001391,0.0069633349999094,0.0,0.0069633349999094,0.0070659230000273,0.024355399000342,Optimal,0,none,1.381516316731771,0,5,100.0,100.0,100.0,2.0,1,1,0,0.5,1.0,0.6666666666666666,0.8913505017895305,1,1,0,0.5,1.0,0.6666666666666666,0.8913505017895305,1,1,0,0.5,1.0,0.6666666666666666,0.8913505017895305,1,1,0,0.5,1.0,0.6666666666666666,0.8913505017895305,3.7615000110236e-05,0,100.0,0,0,0,0.0,0.0,0.0,0,0,0,0.0,0.0,0.0,0,0,0,0.0,0.0,0.0,0,0,0,0.0,0.0,0.0
COCO,130599,1,1,0,0,3,10,6,10,16,10,0,0,6,0.0162710250001509,0.0068636599999081,0.0,0.0068636599999081,0.0070308680001289,0.0233778510000775,Optimal,0,none,2.4428619217872622,0,10,100.0,100.0,100.0,2.0,1,2,0,0.3333333333333333,1.0,0.5,0.97672175997433,1,2,0,0.3333333333333333,1.0,0.5,0.97672175997433,1,2,0,0.3333333333333333,1.0,0.5,0.97672175997433,1,2,0,0.3333333333333333,1.0,0.5,0.97672175997433,5.654599999616039e-05,0,100.0,0,0,0,0.0,0.0,0.0,0,0,0,0.0,0.0,0.0,0,0,0,0.0,0.0,0.0,0,0,0,0.0,0.0,0.0
COCO,227187,11,11,0,0,4,25,8,25,33,17,0,0,8,0.0150722650000716,0.0073280270003124,0.0,0.0073280270003124,0.0074721490000229,0.0226679350002996,Optimal,0,none,3.1628965584437063,0,13,100.0,100.0,100.0,2.0,2,2,9,0.5,0.1818181818181818,0.2666666666666666,0.8859978381347082,2,2,9,0.5,0.1818181818181818,0.2666666666666666,0.8859978381347082,2,2,9,0.5,0.1818181818181818,0.2666666666666666,0.8859978381347082,2,2,9,0.5,0.1818181818181818,0.2666666666666666,0.8859978381347082,0.000101407999864,0,100.0,0,0,0,0.0,0.0,0.0,0,0,0,0.0,0.0,0.0,0,0,0,0.0,0.0,0.0,0,0,0,0.0,0.0,0.0
COCO,151662,2,2,0,0,2,4,4,4,8,5,0,0,4,0.013669130999915,0.0066445349998502,0.0,0.0066445349998502,0.006743859999915,0.020506442000169,Optimal,0,none,1.325710276155058,0,5,100.0,100.0,100.0,2.0,1,1,1,0.5,0.5,0.5,0.8553972986216068,1,1,1,0.5,0.5,0.5,0.8553972986216068,1,1,1,0.5,0.5,0.5,0.8553972986216068,1,1,1,0.5,0.5,0.5,0.8553972986216068,7.675599999856786e-05,0,100.0,0,0,0,0.0,0.0,0.0,0,0,0,0.0,0.0,0.0,0,0,0,0.0,0.0,0.0,0,0,0,0.0,0.0,0.0
COCO,461275,0,0,0,0,0,0,0,0,0,0,0,0,1,0.0137378909998915,0.0059050009999737,0.0,0.0059050009999737,0.0059415420000732,0.0196936950001145,Optimal,0,none,,0,1,100.0,0.0,0.0,0.0,0,0,0,0.0,0.0,0.0,0.0,0,0,0,0.0,0.0,0.0,0.0,0,0,0,0.0,0.0,0.0,0.0,0,0,0,0.0,0.0,0.0,0.0,8.833000265440205e-06,0,100.0,0,0,0,0.0,0.0,0.0,0,0,0,0.0,0.0,0.0,0,0,0,0.0,0.0,0.0,0,0,0,0.0,0.0,0.0
COCO,523811,1,1,0,0,2,4,4,4,8,5,0,0,4,0.0140112680001038,0.0067524490000323,0.0,0.0067524490000323,0.0068526639997799,0.0209233199998379,Optimal,0,none,1.4433604033788048,0,5,100.0,100.0,100.0,2.0,1,1,0,0.5,1.0,0.6666666666666666,0.9388730819667032,1,1,0,0.5,1.0,0.6666666666666666,0.9388730819667032,1,1,0,0.5,1.0,0.6666666666666666,0.9388730819667032,1,1,0,0.5,1.0,0.6666666666666666,0.9388730819667032,4.3336999624443706e-05,0,100.0,0,0,0,0.0,0.0,0.0,0,0,0,0.0,0.0,0.0,0,0,0,0.0,0.0,0.0,0,0,0,0.0,0.0,0.0
COCO,456559,2,2,0,0,1,0,2,0,2,1,0,0,2,0.0128694400000313,0.0062183479999475,0.0,0.0062183479999475,0.006281668000156,0.0191781439998521,Optimal,0,none,0.620830504099528,0,2,100.0,100.0,100.0,2.0,1,0,1,1.0,0.5,0.6666666666666666,0.9928997269596213,1,0,1,1.0,0.5,0.6666666666666666,0.9928997269596213,1,0,1,1.0,0.5,0.6666666666666666,0.9928997269596213,1,0,1,1.0,0.5,0.6666666666666666,0.9928997269596213,1.965399997061468e-05,0,100.0,0,0,0,0.0,0.0,0.0,0,0,0,0.0,0.0,0.0,0,0,0,0.0,0.0,0.0,0,0,0,0.0,0.0,0.0
COCO,101068,2,2,0,0,4,26,8,26,34,17,0,0,8,0.0152644600002531,0.0083797980000781,0.0,0.0083797980000781,0.0085457820000556,0.02395599700003,Optimal,0,none,3.2073234764734915,0,13,100.0,100.0,100.0,2.0,2,2,0,0.5,1.0,0.6666666666666666,0.9739245447219692,2,2,0,0.5,1.0,0.6666666666666666,0.9739245447219692,2,2,0,0.5,1.0,0.6666666666666666,0.9739245447219692,2,2,0,0.5,1.0,0.6666666666666666,0.9739245447219692,0.0001198340000883,0,100.0,0,0,0,0.0,0.0,0.0,0,0,0,0.0,0.0,0.0,0,0,0,0.0,0.0,0.0,0,0,0,0.0,0.0,0.0
COCO,140640,11,11,0,0,6,54,12,54,66,37,0,0,12,0.0136865509998642,0.0090261469999859,0.0,0.0090261469999859,0.0092396260001805,0.0231474339998385,Optimal,0,none,5.291047430461592,0,19,100.0,100.0,100.0,2.0,6,0,5,1.0,0.5454545454545454,0.7058823529411764,0.8211760837061045,6,0,5,1.0,0.5454545454545454,0.7058823529411764,0.8211760837061045,6,0,5,1.0,0.5454545454545454,0.7058823529411764,0.8211760837061045,6,0,5,1.0,0.5454545454545454,0.7058823529411764,0.8211760837061045,0.0001903219999803,0,100.0,0,0,0,0.0,0.0,0.0,0,0,0,0.0,0.0,0.0,0,0,0,0.0,0.0,0.0,0,0,0,0.0,0.0,0.0
COCO,516708,1,1,0,0,1,0,2,0,2,1,0,0,2,0.0163254989997767,0.0067667919997802,0.0,0.0067667919997802,0.0068354100003489,0.0231915949998438,Optimal,0,none,0.5697134653727214,0,2,100.0,100.0,100.0,2.0,1,0,0,1.0,1.0,1.0,0.9373437313083126,1,0,0,1.0,1.0,1.0,0.9373437313083126,1,0,0,1.0,1.0,1.0,0.9373437313083126,1,0,0,1.0,1.0,1.0,0.9373437313083126,2.270899994982756e-05,0,100.0,0,0,0,0.0,0.0,0.0,0,0,0,0.0,0.0,0.0,0,0,0,0.0,0.0,0.0,0,0,0,0.0,0.0,0.0
COCO,544605,1,1,0,0,0,0,0,0,0,0,0,0,1,0.0124618720001308,0.0056124809998436,0.0,0.0056124809998436,0.0056628319998708,0.01814014699994,Optimal,0,none,,0,1,100.0,0.0,0.0,0.0,0,0,1,0.0,0.0,0.0,0.0,0,0,1,0.0,0.0,0.0,0.0,0,0,1,0.0,0.0,0.0,0.0,0,0,1,0.0,0.0,0.0,0.0,9.944999874278436e-06,0,100.0,0,0,0,0.0,0.0,0.0,0,0,0,0.0,0.0,0.0,0,0,0,0.0,0.0,0.0,0,0,0,0.0,0.0,0.0
COCO,385190,5,5,0,0,4,24,8,24,32,17,0,0,8,0.0135156629999073,0.0082432799999878,0.0,0.0082432799999878,0.0083975779998581,0.0220266659998742,Optimal,0,none,3.1116028277079275,0,13,100.0,100.0,100.0,2.0,2,2,3,0.5,0.4,0.4444444444444445,0.6815374104688454,2,2,3,0.5,0.4,0.4444444444444445,0.6815374104688454,2,2,3,0.5,0.4,0.4444444444444445,0.6815374104688454,2,2,3,0.5,0.4,0.4444444444444445,0.6815374104688454,8.962199990492081e-05,0,100.0,0,0,0,0.0,0.0,0.0,0,0,0,0.0,0.0,0.0,0,0,0,0.0,0.0,0.0,0,0,0,0.0,0.0,0.0
COCO,338986,4,4,0,0,3,10,6,10,16,10,0,0,6,0.0161921959997926,0.0082397809997019,0.0,0.0082397809997019,0.0084236379998401,0.0247502619999977,Optimal,0,none,2.3430193257331853,0,10,100.0,100.0,100.0,2.0,3,0,1,1.0,0.75,0.8571428571428571,0.8661425386053104,3,0,1,1.0,0.75,0.8571428571428571,0.8661425386053104,3,0,1,1.0,0.75,0.8571428571428571,0.8661425386053104,3,0,1,1.0,0.75,0.8571428571428571,0.8661425386053104,0.0001019720002659,0,100.0,0,0,0,0.0,0.0,0.0,0,0,0,0.0,0.0,0.0,0,0,0,0.0,0.0,0.0,0,0,0,0.0,0.0,0.0
COCO,53994,4,4,0,0,2,4,4,4,8,5,0,0,4,0.0154732350001722,0.0070069489997877,0.0,0.0070069489997877,0.0071246180000343,0.0226575450001291,Optimal,0,none,1.4142155798276268,0,5,100.0,100.0,100.0,2.0,2,0,2,1.0,0.5,0.6666666666666666,0.6886766597182591,2,0,2,1.0,0.5,0.6666666666666666,0.6886766597182591,2,0,2,1.0,0.5,0.6666666666666666,0.6886766597182591,2,0,2,1.0,0.5,0.6666666666666666,0.6886766597182591,4.383199984658859e-05,0,100.0,0,0,0,0.0,0.0,0.0,0,0,0,0.0,0.0,0.0,0,0,0,0.0,0.0,0.0,0,0,0,0.0,0.0,0.0
COCO,61171,7,7,0,0,4,20,8,20,28,17,0,0,8,0.0172517330001937,0.0077187310002955,0.0,0.0077187310002955,0.0078731200001129,0.0252442280002469,Optimal,0,none,3.1100407568613697,0,13,100.0,100.0,100.0,2.0,2,2,5,0.5,0.2857142857142857,0.3636363636363636,0.9133102383944612,2,2,5,0.5,0.2857142857142857,0.3636363636363636,0.9133102383944612,2,2,5,0.5,0.2857142857142857,0.3636363636363636,0.9133102383944612,2,2,5,0.5,0.2857142857142857,0.3636363636363636,0.9133102383944612,9.379099992656847e-05,0,100.0,0,0,0,0.0,0.0,0.0,0,0,0,0.0,0.0,0.0,0,0,0,0.0,0.0,0.0,0,0,0,0.0,0.0,0.0
COCO,314034,26,26,0,0,16,415,32,415,447,257,0,0,32,0.0175058180002452,0.0248815099998864,0.0,0.0248815099998864,0.025517814000068,0.0441700840001431,Optimal,0,none,13.069696878574293,0,49,100.0,100.0,100.0,2.0,14,2,12,0.875,0.5384615384615384,0.6666666666666667,0.8451227153287657,14,2,12,0.875,0.5384615384615384,0.6666666666666667,0.8451227153287657,14,2,12,0.875,0.5384615384615384,0.6666666666666667,0.8451227153287657,14,2,12,0.875,0.5384615384615384,0.6666666666666667,0.8451227153287657,0.0010152270001526,0,100.0,0,0,0,0.0,0.0,0.0,0,0,0,0.0,0.0,0.0,0,0,0,0.0,0.0,0.0,0,0,0,0.0,0.0,0.0
COCO,291490,2,2,0,0,2,4,4,4,8,5,0,0,4,0.014049917000193,0.0065084920001936,0.0,0.0065084920001936,0.0066308260002188,0.0207315970001218,Optimal,0,none,1.366808904012044,0,5,100.0,100.0,100.0,2.0,2,0,0,1.0,1.0,1.0,0.952092073996912,2,0,0,1.0,1.0,1.0,0.952092073996912,2,0,0,1.0,1.0,1.0,0.952092073996912,2,0,0,1.0,1.0,1.0,0.952092073996912,3.741000000445638e-05,0,100.0,0,0,0,0.0,0.0,0.0,0,0,0,0.0,0.0,0.0,0,0,0,0.0,0.0,0.0,0,0,0,0.0,0.0,0.0
COCO,152740,15,15,0,0,18,587,36,587,623,325,0,0,36,0.0189252239997586,0.0298280890001478,0.0,0.0298280890001478,0.0306446720001076,0.0510233389995846,Optimal,0,none,14.829388851034258,0,55,100.0,100.0,100.0,2.0,13,5,2,0.7222222222222222,0.8666666666666667,0.7878787878787877,0.8934041850437908,13,5,2,0.7222222222222222,0.8666666666666667,0.7878787878787877,0.8934041850437908,13,5,2,0.7222222222222222,0.8666666666666667,0.7878787878787877,0.8934041850437908,13,5,2,0.7222222222222222,0.8666666666666667,0.7878787878787877,0.8934041850437908,0.0013643420002154,0,100.0,0,0,0,0.0,0.0,0.0,0,0,0,0.0,0.0,0.0,0,0,0,0.0,0.0,0.0,0,0,0,0.0,0.0,0.0
COCO,24919,2,2,0,0,3,10,6,10,16,10,0,0,6,0.0153871540001091,0.0073582790000727,0.0,0.0073582790000727,0.0075286820001565,0.0229988020000746,Optimal,0,none,2.4726280999183654,0,10,100.0,100.0,100.0,2.0,2,1,0,0.6666666666666666,1.0,0.8,0.817789973409625,2,1,0,0.6666666666666666,1.0,0.8,0.817789973409625,2,1,0,0.6666666666666666,1.0,0.8,0.817789973409625,2,1,0,0.6666666666666666,1.0,0.8,0.817789973409625,6.103000032453565e-05,0,100.0,0,0,0,0.0,0.0,0.0,0,0,0,0.0,0.0,0.0,0,0,0,0.0,0.0,0.0,0,0,0,0.0,0.0,0.0
COCO,79837,8,8,0,0,6,50,12,50,62,37,0,0,12,0.0154985929998474,0.0104317429995717,0.0,0.0104317429995717,0.0106471720000627,0.0263319040000169,Optimal,0,none,4.447584612369539,0,19,100.0,100.0,100.0,2.0,3,3,5,0.5,0.375,0.4285714285714285,0.7948764565169627,3,3,5,0.5,0.375,0.4285714285714285,0.7948764565169627,3,3,5,0.5,0.375,0.4285714285714285,0.7948764565169627,3,3,5,0.5,0.375,0.4285714285714285,0.7948764565169627,0.0001391629998579,0,100.0,0,0,0,0.0,0.0,0.0,0,0,0,0.0,0.0,0.0,0,0,0,0.0,0.0,0.0,0,0,0,0.0,0.0,0.0
COCO,21903,3,3,0,0,3,10,6,10,16,10,0,0,6,0.0151221730002362,0.006741566999608,0.0,0.006741566999608,0.0068644110001514,0.0220619719998467,Optimal,0,none,2.703339571952821,0,10,100.0,100.0,100.0,2.0,3,0,0,1.0,1.0,1.0,0.9374358062118082,3,0,0,1.0,1.0,1.0,0.9374358062118082,3,0,0,1.0,1.0,1.0,0.9374358062118082,3,0,0,1.0,1.0,1.0,0.9374358062118082,5.527799976334791e-05,0,100.0,0,0,0,0.0,0.0,0.0,0,0,0,0.0,0.0,0.0,0,0,0,0.0,0.0,0.0,0,0,0,0.0,0.0,0.0
COCO,564133,8,8,0,0,7,48,14,48,62,50,0,0,14,0.0177675720001388,0.0090718619999279,0.0,0.0090718619999279,0.0093125220000729,0.0272929050001948,Optimal,0,none,5.367093565730017,0,22,100.0,100.0,100.0,2.0,6,1,2,0.8571428571428571,0.75,0.7999999999999999,0.7694253703289595,6,1,2,0.8571428571428571,0.75,0.7999999999999999,0.7694253703289595,6,1,2,0.8571428571428571,0.75,0.7999999999999999,0.7694253703289595,6,1,2,0.8571428571428571,0.75,0.7999999999999999,0.7694253703289595,0.0001749220000419,0,100.0,0,0,0,0.0,0.0,0.0,0,0,0,0.0,0.0,0.0,0,0,0,0.0,0.0,0.0,0,0,0,0.0,0.0,0.0
COCO,337055,2,2,0,0,2,4,4,4,8,5,0,0,4,0.0133379740000236,0.0063493689999631,0.0,0.0063493689999631,0.0064475710000806,0.0198371530000258,Optimal,0,none,1.3899355443318688,0,5,100.0,100.0,100.0,2.0,2,0,0,1.0,1.0,1.0,0.961586854787534,2,0,0,1.0,1.0,1.0,0.961586854787534,2,0,0,1.0,1.0,1.0,0.961586854787534,2,0,0,1.0,1.0,1.0,0.961586854787534,3.766800000448711e-05,0,100.0,0,0,0,0.0,0.0,0.0,0,0,0,0.0,0.0,0.0,0,0,0,0.0,0.0,0.0,0,0,0,0.0,0.0,0.0
COCO,110638,3,3,0,0,3,10,6,10,16,10,0,0,6,0.014900636999755,0.0074795700002141,0.0,0.0074795700002141,0.0076132470003358,0.0225970000001325,Optimal,0,none,2.616460437774659,0,10,100.0,100.0,100.0,2.0,3,0,0,1.0,1.0,1.0,0.918255705597665,3,0,0,1.0,1.0,1.0,0.918255705597665,3,0,0,1.0,1.0,1.0,0.918255705597665,3,0,0,1.0,1.0,1.0,0.918255705597665,6.182000015542144e-05,0,100.0,0,0,0,0.0,0.0,0.0,0,0,0,0.0,0.0,0.0,0,0,0,0.0,0.0,0.0,0,0,0,0.0,0.0,0.0
COCO,34139,4,4,0,0,5,30,10,30,40,26,0,0,10,0.014672881000024,0.0084296119998725,0.0,0.0084296119998725,0.0086310809997485,0.023446808999779,Optimal,0,none,4.207070823510489,0,16,100.0,100.0,100.0,2.0,4,1,0,0.8,1.0,0.888888888888889,0.7450511570250864,4,1,0,0.8,1.0,0.888888888888889,0.7450511570250864,4,1,0,0.8,1.0,0.888888888888889,0.7450511570250864,4,1,0,0.8,1.0,0.888888888888889,0.7450511570250864,0.0001161860000138,0,100.0,0,0,0,0.0,0.0,0.0,0,0,0,0.0,0.0,0.0,0,0,0,0.0,0.0,0.0,0,0,0,0.0,0.0,0.0
COCO,80340,20,20,0,0,13,279,26,279,305,170,0,0,26,0.0159357409997937,0.0177474949996394,0.0,0.0177474949996394,0.0183270849997825,0.0349323519999416,Optimal,0,none,11.09354555765788,0,40,100.0,100.0,100.0,2.0,10,3,10,0.7692307692307693,0.5,0.6060606060606061,0.8379906451862676,10,3,10,0.7692307692307693,0.5,0.6060606060606061,0.8379906451862676,10,3,10,0.7692307692307693,0.5,0.6060606060606061,0.8379906451862676,10,3,10,0.7692307692307693,0.5,0.6060606060606061,0.8379906451862676,0.0006137650002528,0,100.0,0,0,0,0.0,0.0,0.0,0,0,0,0.0,0.0,0.0,0,0,0,0.0,0.0,0.0,0,0,0,0.0,0.0,0.0
COCO,83113,2,2,0,0,3,6,6,6,12,10,0,0,6,0.0160743059996093,0.0067367120000199,0.0,0.0067367120000199,0.0068546919997061,0.0229930860000422,Optimal,0,none,2.2657118821144104,0,10,100.0,100.0,100.0,2.0,2,1,0,0.6666666666666666,1.0,0.8,0.9467498027636616,2,1,0,0.6666666666666666,1.0,0.8,0.9467498027636616,2,1,0,0.6666666666666666,1.0,0.8,0.9467498027636616,2,1,0,0.6666666666666666,1.0,0.8,0.9467498027636616,4.38889996985381e-05,0,100.0,0,0,0,0.0,0.0,0.0,0,0,0,0.0,0.0,0.0,0,0,0,0.0,0.0,0.0,0,0,0,0.0,0.0,0.0
COCO,173033,2,2,0,0,2,3,4,3,7,5,0,0,4,0.0148851929998272,0.0070624689997202,0.0,0.0070624689997202,0.0071638170002188,0.0221065299997462,Optimal,0,none,1.3625273497899375,0,5,100.0,100.0,100.0,2.0,1,1,1,0.5,0.5,0.5,0.8176949299712849,1,1,1,0.5,0.5,0.5,0.8176949299712849,1,1,1,0.5,0.5,0.5,0.8176949299712849,1,1,1,0.5,0.5,0.5,0.8176949299712849,4.20320002376684e-05,0,100.0,0,0,0,0.0,0.0,0.0,0,0,0,0.0,0.0,0.0,0,0,0,0.0,0.0,0.0,0,0,0,0.0,0.0,0.0
COCO,255664,2,2,0,0,2,4,4,4,8,5,0,0,4,0.0146649270000125,0.0067410169999675,0.0,0.0067410169999675,0.0068400280001696,0.0215600159999667,Optimal,0,none,1.6306509049733484,0,5,100.0,100.0,100.0,2.0,2,0,0,1.0,1.0,1.0,0.9557815193194596,2,0,0,1.0,1.0,1.0,0.9557815193194596,2,0,0,1.0,1.0,1.0,0.9557815193194596,2,0,0,1.0,1.0,1.0,0.9557815193194596,4.115999990972341e-05,0,100.0,0,0,0,0.0,0.0,0.0,0,0,0,0.0,0.0,0.0,0,0,0,0.0,0.0,0.0,0,0,0,0.0,0.0,0.0
COCO,72813,3,3,0,0,3,13,6,13,19,10,0,0,6,0.0137051880001308,0.0074810210003306,0.0,0.0074810210003306,0.0076146720002725,0.0214043360001596,Optimal,0,none,2.653773531913758,0,10,100.0,100.0,100.0,2.0,3,0,0,1.0,1.0,1.0,0.9378210184867952,3,0,0,1.0,1.0,1.0,0.9378210184867952,3,0,0,1.0,1.0,1.0,0.9378210184867952,3,0,0,1.0,1.0,1.0,0.9378210184867952,6.420699992304435e-05,0,100.0,0,0,0,0.0,0.0,0.0,0,0,0,0.0,0.0,0.0,0,0,0,0.0,0.0,0.0,0,0,0,0.0,0.0,0.0
COCO,545129,3,3,0,0,3,8,6,8,14,10,0,0,6,0.0143585959999654,0.0071367230002579,0.0,0.0071367230002579,0.0072706739997556,0.0217080810002698,Optimal,0,none,2.812018723487854,0,10,100.0,100.0,100.0,2.0,3,0,0,1.0,1.0,1.0,0.946982214873196,3,0,0,1.0,1.0,1.0,0.946982214873196,3,0,0,1.0,1.0,1.0,0.946982214873196,3,0,0,1.0,1.0,1.0,0.946982214873196,5.694699984815088e-05,0,100.0,0,0,0,0.0,0.0,0.0,0,0,0,0.0,0.0,0.0,0,0,0,0.0,0.0,0.0,0,0,0,0.0,0.0,0.0
COCO,546011,3,3,0,0,3,8,6,8,14,10,0,0,6,0.0146449139997457,0.0067162300001655,0.0,0.0067162300001655,0.0068487489998005,0.0215906319999703,Optimal,0,none,2.773530540776517,0,10,100.0,100.0,100.0,2.0,3,0,0,1.0,1.0,1.0,0.9213547433582822,3,0,0,1.0,1.0,1.0,0.9213547433582822,3,0,0,1.0,1.0,1.0,0.9213547433582822,3,0,0,1.0,1.0,1.0,0.9213547433582822,5.7083000228885794e-05,0,100.0,0,0,0,0.0,0.0,0.0,0,0,0,0.0,0.0,0.0,0,0,0,0.0,0.0,0.0,0,0,0,0.0,0.0,0.0
COCO,121031,8,8,0,0,6,50,12,50,62,37,0,0,12,0.0156107879997762,0.0098560320002434,0.0,0.0098560320002434,0.0100478059998749,0.0258668520000355,Optimal,0,none,5.12528053045273,0,19,100.0,100.0,100.0,2.0,6,0,2,1.0,0.75,0.8571428571428571,0.8643620771062207,6,0,2,1.0,0.75,0.8571428571428571,0.8643620771062207,6,0,2,1.0,0.75,0.8571428571428571,0.8643620771062207,6,0,2,1.0,0.75,0.8571428571428571,0.8643620771062207,0.0001753809997353,0,100.0,0,0,0,0.0,0.0,0.0,0,0,0,0.0,0.0,0.0,0,0,0,0.0,0.0,0.0,0,0,0,0.0,0.0,0.0
COCO,172547,7,7,0,0,3,8,6,8,14,10,0,0,6,0.0143999779998011,0.0067995089998476,0.0,0.0067995089998476,0.0069182470001578,0.0213869729996076,Optimal,0,none,2.210857611802317,0,10,100.0,100.0,100.0,2.0,3,0,4,1.0,0.4285714285714285,0.6,0.7913030108529644,3,0,4,1.0,0.4285714285714285,0.6,0.7913030108529644,3,0,4,1.0,0.4285714285714285,0.6,0.7913030108529644,3,0,4,1.0,0.4285714285714285,0.6,0.7913030108529644,4.964300023857504e-05,0,100.0,0,0,0,0.0,0.0,0.0,0,0,0,0.0,0.0,0.0,0,0,0,0.0,0.0,0.0,0,0,0,0.0,0.0,0.0
COCO,369081,3,3,0,0,3,6,6,6,12,10,0,0,6,0.0145732399996632,0.0071731769999132,0.0,0.0071731769999132,0.00729985199996,0.0219411650000438,Optimal,0,none,2.741981401443482,0,10,100.0,100.0,100.0,2.0,3,0,0,1.0,1.0,1.0,0.9459870538102654,3,0,0,1.0,1.0,1.0,0.9459870538102654,3,0,0,1.0,1.0,1.0,0.9459870538102654,3,0,0,1.0,1.0,1.0,0.9459870538102654,4.760599995279336e-05,0,100.0,0,0,0,0.0,0.0,0.0,0,0,0,0.0,0.0,0.0,0,0,0,0.0,0.0,0.0,0,0,0,0.0,0.0,0.0
COCO,509131,9,9,0,0,8,110,16,110,126,65,0,0,16,0.0139683379998132,0.0122983440001007,0.0,0.0122983440001007,0.0126003020000098,0.0270012060000226,Optimal,0,none,5.9985495830552,0,25,100.0,100.0,100.0,2.0,3,5,6,0.375,0.3333333333333333,0.3529411764705882,0.8278254382474042,3,5,6,0.375,0.3333333333333333,0.3529411764705882,0.8278254382474042,3,5,6,0.375,0.3333333333333333,0.3529411764705882,0.8278254382474042,3,5,6,0.375,0.3333333333333333,0.3529411764705882,0.8278254382474042,0.0003857430001517,0,100.0,0,0,0,0.0,0.0,0.0,0,0,0,0.0,0.0,0.0,0,0,0,0.0,0.0,0.0,0,0,0,0.0,0.0,0.0
COCO,578922,7,7,0,0,5,36,10,36,46,26,0,0,10,0.0166841529999146,0.0088998660003198,0.0,0.0088998660003198,0.0090927670003111,0.0259347339997475,Optimal,0,none,4.059174311955771,0,16,100.0,100.0,100.0,2.0,3,2,4,0.6,0.4285714285714285,0.5,0.8348349418003936,3,2,4,0.6,0.4285714285714285,0.5,0.8348349418003936,3,2,4,0.6,0.4285714285714285,0.5,0.8348349418003936,3,2,4,0.6,0.4285714285714285,0.5,0.8348349418003936,0.0001279979996979,0,100.0,0,0,0,0.0,0.0,0.0,0,0,0,0.0,0.0,0.0,0,0,0,0.0,0.0,0.0,0,0,0,0.0,0.0,0.0
COCO,464089,14,14,0,0,11,207,22,207,229,122,0,0,22,0.0168325009999534,0.0161979270001211,0.0,0.0161979270001211,0.0166038000002117,0.0339950409997982,Optimal,0,none,9.394638279518428,0,34,100.0,100.0,100.0,2.0,7,4,7,0.6363636363636364,0.5,0.56,0.8442054314059344,7,4,7,0.6363636363636364,0.5,0.56,0.8442054314059344,7,4,7,0.6363636363636364,0.5,0.56,0.8442054314059344,7,4,7,0.6363636363636364,0.5,0.56,0.8442054314059344,0.000509478999902,0,100.0,0,0,0,0.0,0.0,0.0,0,0,0,0.0,0.0,0.0,0,0,0,0.0,0.0,0.0,0,0,0,0.0,0.0,0.0
COCO,453708,14,14,0,0,11,200,22,200,222,122,0,0,22,0.0161271530000703,0.0147150160000819,0.0,0.0147150160000819,0.0151032649996523,0.0317343199999413,Optimal,0,none,9.115890593694116,0,34,100.0,100.0,100.0,2.0,9,2,5,0.8181818181818182,0.6428571428571429,0.7200000000000001,0.9049084072869792,9,2,5,0.8181818181818182,0.6428571428571429,0.7200000000000001,0.9049084072869792,9,2,5,0.8181818181818182,0.6428571428571429,0.7200000000000001,0.9049084072869792,9,2,5,0.8181818181818182,0.6428571428571429,0.7200000000000001,0.9049084072869792,0.000456960000065,0,100.0,0,0,0,0.0,0.0,0.0,0,0,0,0.0,0.0,0.0,0,0,0,0.0,0.0,0.0,0,0,0,0.0,0.0,0.0
COCO,177714,11,11,0,0,6,62,12,62,74,37,0,0,12,0.0145442240000193,0.0095009380002011,0.0,0.0095009380002011,0.0097193820001848,0.0244908889999351,Optimal,0,none,4.475996549129487,0,19,100.0,100.0,100.0,2.0,5,1,6,0.8333333333333334,0.4545454545454545,0.5882352941176471,0.8431720114000063,5,1,6,0.8333333333333334,0.4545454545454545,0.5882352941176471,0.8431720114000063,5,1,6,0.8333333333333334,0.4545454545454545,0.5882352941176471,0.8431720114000063,5,1,6,0.8333333333333334,0.4545454545454545,0.5882352941176471,0.8431720114000063,0.0001799530000425,0,100.0,0,0,0,0.0,0.0,0.0,0,0,0,0.0,0.0,0.0,0,0,0,0.0,0.0,0.0,0,0,0,0.0,0.0,0.0
COCO,459887,3,3,0,0,2,4,4,4,8,5,0,0,4,0.0151613259999976,0.0064971500000865,0.0,0.0064971500000865,0.0065980249996755,0.0218112980001023,Optimal,0,none,1.3839559314058143,0,5,100.0,100.0,100.0,2.0,1,1,2,0.5,0.3333333333333333,0.4,0.7531811884082626,1,1,2,0.5,0.3333333333333333,0.4,0.7531811884082626,1,1,2,0.5,0.3333333333333333,0.4,0.7531811884082626,1,1,2,0.5,0.3333333333333333,0.4,0.7531811884082626,3.819999983534217e-05,0,100.0,0,0,0,0.0,0.0,0.0,0,0,0,0.0,0.0,0.0,0,0,0,0.0,0.0,0.0,0,0,0,0.0,0.0,0.0
COCO,155179,2,2,0,0,1,0,2,0,2,1,0,0,2,0.0146528260002014,0.0063029569996615,0.0,0.0063029569996615,0.0063786720002099,0.021061857999939,Optimal,0,none,0.6076735178629558,0,2,100.0,100.0,100.0,2.0,1,0,1,1.0,0.5,0.6666666666666666,0.983001969215064,1,0,1,1.0,0.5,0.6666666666666666,0.983001969215064,1,0,1,1.0,0.5,0.6666666666666666,0.983001969215064,1,0,1,1.0,0.5,0.6666666666666666,0.983001969215064,2.181900026698713e-05,0,100.0,0,0,0,0.0,0.0,0.0,0,0,0,0.0,0.0,0.0,0,0,0,0.0,0.0,0.0,0,0,0,0.0,0.0,0.0
COCO,261116,11,11,0,0,5,37,10,37,47,26,0,0,10,0.0142696500001875,0.0088618309996491,0.0,0.0088618309996491,0.0090553739996721,0.023498414000187,Optimal,0,none,4.121961081822714,0,16,100.0,100.0,100.0,2.0,4,1,7,0.8,0.3636363636363636,0.5000000000000001,0.9363489440426732,4,1,7,0.8,0.3636363636363636,0.5000000000000001,0.9363489440426732,4,1,7,0.8,0.3636363636363636,0.5000000000000001,0.9363489440426732,4,1,7,0.8,0.3636363636363636,0.5000000000000001,0.9363489440426732,0.0001431099999535,0,100.0,0,0,0,0.0,0.0,0.0,0,0,0,0.0,0.0,0.0,0,0,0,0.0,0.0,0.0,0,0,0,0.0,0.0,0.0
COCO,396274,1,1,0,0,0,0,0,0,0,0,0,0,1,0.0140701820000685,0.0054445249998025,0.0,0.0054445249998025,0.0054835840001032,0.0195698230004381,Optimal,0,none,,0,1,100.0,0.0,0.0,0.0,0,0,1,0.0,0.0,0.0,0.0,0,0,1,0.0,0.0,0.0,0.0,0,0,1,0.0,0.0,0.0,0.0,0,0,1,0.0,0.0,0.0,0.0,1.0245999874314292e-05,0,100.0,0,0,0,0.0,0.0,0.0,0,0,0,0.0,0.0,0.0,0,0,0,0.0,0.0,0.0,0,0,0,0.0,0.0,0.0
COCO,29640,14,14,0,0,15,411,30,411,441,226,0,0,30,0.0180890100000397,0.0229362919999402,0.0,0.0229362919999402,0.0235817910001969,0.0426866210000298,Optimal,0,none,11.498164306005538,0,46,100.0,100.0,100.0,2.0,5,10,9,0.3333333333333333,0.3571428571428571,0.3448275862068965,0.8215166190605508,5,10,9,0.3333333333333333,0.3571428571428571,0.3448275862068965,0.8215166190605508,5,10,9,0.3333333333333333,0.3571428571428571,0.3448275862068965,0.8215166190605508,5,10,9,0.3333333333333333,0.3571428571428571,0.3448275862068965,0.8215166190605508,0.0009530359998279,0,100.0,0,0,0,0.0,0.0,0.0,0,0,0,0.0,0.0,0.0,0,0,0,0.0,0.0,0.0,0,0,0,0.0,0.0,0.0
COCO,141328,16,16,0,0,7,79,14,79,93,50,0,0,14,0.0166546620002918,0.0108871110001018,0.0,0.0108871110001018,0.0112239679997401,0.0281551190000755,Optimal,0,none,5.49350486914317,0,22,100.0,100.0,100.0,2.0,6,1,10,0.8571428571428571,0.375,0.5217391304347825,0.7677965976554569,6,1,10,0.8571428571428571,0.375,0.5217391304347825,0.7677965976554569,6,1,10,0.8571428571428571,0.375,0.5217391304347825,0.7677965976554569,6,1,10,0.8571428571428571,0.375,0.5217391304347825,0.7677965976554569,0.000240721999944,0,100.0,0,0,0,0.0,0.0,0.0,0,0,0,0.0,0.0,0.0,0,0,0,0.0,0.0,0.0,0,0,0,0.0,0.0,0.0
COCO,308430,18,18,0,0,12,279,24,279,303,145,0,0,24,0.0205943810001372,0.017132378000042,0.0,0.017132378000042,0.0175940909998644,0.0388686010001038,Optimal,0,none,8.837160936042594,0,37,100.0,100.0,100.0,2.0,3,9,15,0.25,0.1666666666666666,0.2,0.7887787937480116,3,9,15,0.25,0.1666666666666666,0.2,0.7887787937480116,3,9,15,0.25,0.1666666666666666,0.2,0.7887787937480116,3,9,15,0.25,0.1666666666666666,0.2,0.7887787937480116,0.0006296000001384,0,100.0,0,0,0,0.0,0.0,0.0,0,0,0,0.0,0.0,0.0,0,0,0,0.0,0.0,0.0,0,0,0,0.0,0.0,0.0
COCO,43314,5,5,0,0,5,41,10,41,51,26,0,0,10,0.0151877489997787,0.0086280609998539,0.0,0.0086280609998539,0.0088153689998762,0.0241482540000106,Optimal,0,none,3.819167930103178,0,16,100.0,100.0,100.0,2.0,2,3,3,0.4,0.4,0.4000000000000001,0.6539924375406793,2,3,3,0.4,0.4,0.4000000000000001,0.6539924375406793,2,3,3,0.4,0.4,0.4000000000000001,0.6539924375406793,2,3,3,0.4,0.4,0.4000000000000001,0.6539924375406793,0.0001209869997182,0,100.0,0,0,0,0.0,0.0,0.0,0,0,0,0.0,0.0,0.0,0,0,0,0.0,0.0,0.0,0,0,0,0.0,0.0,0.0
COCO,273715,5,5,0,0,7,84,14,84,98,50,0,0,14,0.0151159150000239,0.0101530120000461,0.0,0.0101530120000461,0.0104560229997332,0.025857569999971,Optimal,0,none,5.948347015909567,0,22,100.0,100.0,100.0,2.0,4,3,1,0.5714285714285714,0.8,0.6666666666666666,0.8971839872764442,4,3,1,0.5714285714285714,0.8,0.6666666666666666,0.8971839872764442,4,3,1,0.5714285714285714,0.8,0.6666666666666666,0.8971839872764442,4,3,1,0.5714285714285714,0.8,0.6666666666666666,0.8971839872764442,0.0002498940002624,0,100.0,0,0,0,0.0,0.0,0.0,0,0,0,0.0,0.0,0.0,0,0,0,0.0,0.0,0.0,0,0,0,0.0,0.0,0.0
COCO,456303,6,6,0,0,2,3,4,3,7,5,0,0,4,0.0145964829998774,0.0068195730000297,0.0,0.0068195730000297,0.0069248489999154,0.0215992469998127,Optimal,0,none,1.2773582728703818,0,5,100.0,100.0,100.0,2.0,2,0,4,1.0,0.3333333333333333,0.5,0.7619587032859825,2,0,4,1.0,0.3333333333333333,0.5,0.7619587032859825,2,0,4,1.0,0.3333333333333333,0.5,0.7619587032859825,2,0,4,1.0,0.3333333333333333,0.5,0.7619587032859825,5.406399986895849e-05,0,100.0,0,0,0,0.0,0.0,0.0,0,0,0,0.0,0.0,0.0,0,0,0,0.0,0.0,0.0,0,0,0,0.0,0.0,0.0
COCO,406611,25,25,0,0,15,409,30,409,439,226,0,0,30,0.0165656789999957,0.0245864589996926,0.0,0.0245864589996926,0.0251430500002243,0.0427445850000367,Optimal,0,none,11.39182659633684,0,46,100.0,100.0,100.0,2.0,5,10,20,0.3333333333333333,0.2,0.25,0.7943711777723046,5,10,20,0.3333333333333333,0.2,0.25,0.7943711777723046,5,10,20,0.3333333333333333,0.2,0.25,0.7943711777723046,5,10,20,0.3333333333333333,0.2,0.25,0.7943711777723046,0.0009725740001158,0,100.0,0,0,0,0.0,0.0,0.0,0,0,0,0.0,0.0,0.0,0,0,0,0.0,0.0,0.0,0,0,0,0.0,0.0,0.0
COCO,475064,4,4,0,0,5,36,10,36,46,26,0,0,10,0.0147010730001966,0.0083249680001245,0.0,0.0083249680001245,0.0084968609999123,0.0233335040002202,Optimal,0,none,4.084845579465232,0,16,100.0,100.0,100.0,2.0,3,2,1,0.6,0.75,0.6666666666666665,0.7820017217719577,3,2,1,0.6,0.75,0.6666666666666665,0.7820017217719577,3,2,1,0.6,0.75,0.6666666666666665,0.7820017217719577,3,2,1,0.6,0.75,0.6666666666666665,0.7820017217719577,0.0001102609999179,0,100.0,0,0,0,0.0,0.0,0.0,0,0,0,0.0,0.0,0.0,0,0,0,0.0,0.0,0.0,0,0,0,0.0,0.0,0.0
COCO,466567,1,1,0,0,2,4,4,4,8,5,0,0,4,0.0152713110001059,0.0066499999998086,0.0,0.0066499999998086,0.0067451190002429,0.0220722090002709,Optimal,0,none,1.480821665128072,0,5,100.0,100.0,100.0,2.0,0,2,1,0.0,0.0,0.0,0.9437410664196372,0,2,1,0.0,0.0,0.0,0.9437410664196372,0,2,1,0.0,0.0,0.0,0.9437410664196372,0,2,1,0.0,0.0,0.0,0.9437410664196372,4.080700000486104e-05,0,100.0,0,0,0,0.0,0.0,0.0,0,0,0,0.0,0.0,0.0,0,0,0,0.0,0.0,0.0,0,0,0,0.0,0.0,0.0
COCO,137246,17,17,0,0,9,141,18,141,159,82,0,0,18,0.0141858079996382,0.0138744999999289,0.0,0.0138744999999289,0.0142109990001699,0.0287679949997254,Optimal,0,none,7.599412100987382,0,28,100.0,100.0,100.0,2.0,4,5,13,0.4444444444444444,0.2352941176470588,0.3076923076923076,0.8518099227486928,4,5,13,0.4444444444444444,0.2352941176470588,0.3076923076923076,0.8518099227486928,4,5,13,0.4444444444444444,0.2352941176470588,0.3076923076923076,0.8518099227486928,4,5,13,0.4444444444444444,0.2352941176470588,0.3076923076923076,0.8518099227486928,0.0003314059999866,0,100.0,0,0,0,0.0,0.0,0.0,0,0,0,0.0,0.0,0.0,0,0,0,0.0,0.0,0.0,0,0,0,0.0,0.0,0.0
COCO,15079,3,3,0,0,5,36,10,36,46,26,0,0,10,0.0131529149998641,0.0085326590001386,0.0,0.0085326590001386,0.0087249100001827,0.0220352759997695,Optimal,0,none,3.9852503784497593,0,16,100.0,100.0,100.0,2.0,2,3,1,0.4,0.6666666666666666,0.5,0.8469678215182074,2,3,1,0.4,0.6666666666666666,0.5,0.8469678215182074,2,3,1,0.4,0.6666666666666666,0.5,0.8469678215182074,2,3,1,0.4,0.6666666666666666,0.5,0.8469678215182074,0.0001287340000999,0,100.0,0,0,0,0.0,0.0,0.0,0,0,0,0.0,0.0,0.0,0,0,0,0.0,0.0,0.0,0,0,0,0.0,0.0,0.0
COCO,296284,10,10,0,0,1,0,2,0,2,1,0,0,2,0.0127882759998101,0.0061920829998598,0.0,0.0061920829998598,0.0062579790001109,0.0190730859999348,Optimal,0,none,0.3820167104403178,0,2,100.0,100.0,100.0,2.0,0,1,10,0.0,0.0,0.0,0.0,0,1,10,0.0,0.0,0.0,0.0,0,1,10,0.0,0.0,0.0,0.0,0,1,10,0.0,0.0,0.0,0.0,1.9971000256191477e-05,0,100.0,0,0,0,0.0,0.0,0.0,0,0,0,0.0,0.0,0.0,0,0,0,0.0,0.0,0.0,0,0,0,0.0,0.0,0.0
COCO,226147,21,21,0,0,10,175,20,175,195,101,0,0,20,0.015134708000005,0.0133667169998261,0.0,0.0133667169998261,0.0137519370000518,0.0294407229998796,Optimal,0,none,8.17452140728633,0,31,100.0,100.0,100.0,2.0,6,4,15,0.6,0.2857142857142857,0.3870967741935483,0.8543508731813249,6,4,15,0.6,0.2857142857142857,0.3870967741935483,0.8543508731813249,6,4,15,0.6,0.2857142857142857,0.3870967741935483,0.8543508731813249,6,4,15,0.6,0.2857142857142857,0.3870967741935483,0.8543508731813249,0.0005077419996268,0,100.0,0,0,0,0.0,0.0,0.0,0,0,0,0.0,0.0,0.0,0,0,0,0.0,0.0,0.0,0,0,0,0.0,0.0,0.0
COCO,226903,22,22,0,0,10,170,20,170,190,101,0,0,20,0.0151279289998456,0.0141402689996539,0.0,0.0141402689996539,0.0144882620002135,0.0300906769998619,Optimal,0,none,7.474788217100894,0,31,100.0,100.0,100.0,2.0,3,7,19,0.3,0.1363636363636363,0.1874999999999999,0.7092654892231033,3,7,19,0.3,0.1363636363636363,0.1874999999999999,0.7092654892231033,3,7,19,0.3,0.1363636363636363,0.1874999999999999,0.7092654892231033,3,7,19,0.3,0.1363636363636363,0.1874999999999999,0.7092654892231033,0.0004278579999663,0,100.0,0,0,0,0.0,0.0,0.0,0,0,0,0.0,0.0,0.0,0,0,0,0.0,0.0,0.0,0,0,0,0.0,0.0,0.0
COCO,127517,11,11,0,0,11,144,22,144,166,122,0,0,22,0.0169008840002788,0.0137276099999326,0.0,0.0137276099999326,0.0141123079997669,0.0314220380000733,Optimal,0,none,9.641150313283807,0,34,100.0,100.0,100.0,2.0,9,2,2,0.8181818181818182,0.8181818181818182,0.8181818181818182,0.8896725990326215,9,2,2,0.8181818181818182,0.8181818181818182,0.8181818181818182,0.8896725990326215,9,2,2,0.8181818181818182,0.8181818181818182,0.8181818181818182,0.8896725990326215,9,2,2,0.8181818181818182,0.8181818181818182,0.8181818181818182,0.8896725990326215,0.0003643159998318,0,100.0,0,0,0,0.0,0.0,0.0,0,0,0,0.0,0.0,0.0,0,0,0,0.0,0.0,0.0,0,0,0,0.0,0.0,0.0
COCO,162092,16,16,0,0,10,162,20,162,182,101,0,0,20,0.0181223909999062,0.0140745080002488,0.0,0.0140745080002488,0.0144288110000161,0.0329838769998787,Optimal,0,none,8.390789677302045,0,31,100.0,100.0,100.0,2.0,9,1,7,0.9,0.5625,0.6923076923076923,0.8242647608165731,9,1,7,0.9,0.5625,0.6923076923076923,0.8242647608165731,9,1,7,0.9,0.5625,0.6923076923076923,0.8242647608165731,9,1,7,0.9,0.5625,0.6923076923076923,0.8242647608165731,0.0003908239996235,0,100.0,0,0,0,0.0,0.0,0.0,0,0,0,0.0,0.0,0.0,0,0,0,0.0,0.0,0.0,0,0,0,0.0,0.0,0.0
COCO,131379,1,1,0,0,1,0,2,0,2,1,0,0,2,0.014416385000004,0.0067332580001675,0.0,0.0067332580001675,0.006798873000207,0.0212437619998127,Optimal,0,none,0.5487436930338542,0,2,100.0,100.0,100.0,2.0,0,1,1,0.0,0.0,0.0,0.9784078925009424,0,1,1,0.0,0.0,0.0,0.9784078925009424,0,1,1,0.0,0.0,0.0,0.9784078925009424,0,1,1,0.0,0.0,0.0,0.9784078925009424,2.0605000372597715e-05,0,100.0,0,0,0,0.0,0.0,0.0,0,0,0,0.0,0.0,0.0,0,0,0,0.0,0.0,0.0,0,0,0,0.0,0.0,0.0
COCO,366611,2,2,0,0,3,6,6,6,12,10,0,0,6,0.0151840089997676,0.0066934349997609,0.0,0.0066934349997609,0.0068188969999027,0.022070517999964,Optimal,0,none,2.3861777567863465,0,10,100.0,100.0,100.0,2.0,2,1,0,0.6666666666666666,1.0,0.8,0.950684469994791,2,1,0,0.6666666666666666,1.0,0.8,0.950684469994791,2,1,0,0.6666666666666666,1.0,0.8,0.950684469994791,2,1,0,0.6666666666666666,1.0,0.8,0.950684469994791,4.700999988926924e-05,0,100.0,0,0,0,0.0,0.0,0.0,0,0,0,0.0,0.0,0.0,0,0,0,0.0,0.0,0.0,0,0,0,0.0,0.0,0.0
COCO,263969,5,5,0,0,4,24,8,24,32,17,0,0,8,0.0174124310001388,0.0077283489999899,0.0,0.0077283489999899,0.0078844929998922,0.0254003690001809,Optimal,0,none,3.46745726744334,0,13,100.0,100.0,100.0,2.0,4,0,1,1.0,0.8,0.888888888888889,0.8511010915734772,4,0,1,1.0,0.8,0.888888888888889,0.8511010915734772,4,0,1,1.0,0.8,0.888888888888889,0.8511010915734772,4,0,1,1.0,0.8,0.888888888888889,0.8511010915734772,8.259900005214149e-05,0,100.0,0,0,0,0.0,0.0,0.0,0,0,0,0.0,0.0,0.0,0,0,0,0.0,0.0,0.0,0,0,0,0.0,0.0,0.0
COCO,551439,3,3,0,0,1,0,2,0,2,1,0,0,2,0.0137417419996381,0.0068575159998545,0.0,0.0068575159998545,0.0069233210001584,0.0207071469999391,Optimal,0,none,0.5625510613123577,0,2,100.0,100.0,100.0,2.0,1,0,2,1.0,0.3333333333333333,0.5,0.952540668310832,1,0,2,1.0,0.3333333333333333,0.5,0.952540668310832,1,0,2,1.0,0.3333333333333333,0.5,0.952540668310832,1,0,2,1.0,0.3333333333333333,0.5,0.952540668310832,1.9506000171531923e-05,0,100.0,0,0,0,0.0,0.0,0.0,0,0,0,0.0,0.0,0.0,0,0,0,0.0,0.0,0.0,0,0,0,0.0,0.0,0.0
COCO,474167,9,9,0,0,7,82,14,82,96,50,0,0,14,0.0139323289999993,0.0101488399996014,0.0,0.0101488399996014,0.0103884790000847,0.0245765640001991,Optimal,0,none,6.020635795959162,0,22,100.0,100.0,100.0,2.0,5,2,4,0.7142857142857143,0.5555555555555556,0.6250000000000001,0.7855161787913876,5,2,4,0.7142857142857143,0.5555555555555556,0.6250000000000001,0.7855161787913876,5,2,4,0.7142857142857143,0.5555555555555556,0.6250000000000001,0.7855161787913876,5,2,4,0.7142857142857143,0.5555555555555556,0.6250000000000001,0.7855161787913876,0.0002213109996773,0,100.0,0,0,0,0.0,0.0,0.0,0,0,0,0.0,0.0,0.0,0,0,0,0.0,0.0,0.0,0,0,0,0.0,0.0,0.0
COCO,159458,3,3,0,0,5,40,10,40,50,26,0,0,10,0.0179024669996579,0.009296193999944,0.0,0.009296193999944,0.0094959429998198,0.0275522279998767,Optimal,0,none,3.891315825780234,0,16,100.0,100.0,100.0,2.0,2,3,1,0.4,0.6666666666666666,0.5,0.875507861241545,2,3,1,0.4,0.6666666666666666,0.5,0.875507861241545,2,3,1,0.4,0.6666666666666666,0.5,0.875507861241545,2,3,1,0.4,0.6666666666666666,0.5,0.875507861241545,0.0001261040001736,0,100.0,0,0,0,0.0,0.0,0.0,0,0,0,0.0,0.0,0.0,0,0,0,0.0,0.0,0.0,0,0,0,0.0,0.0,0.0
COCO,554735,2,2,0,0,2,2,4,2,6,5,0,0,4,0.0150636980001763,0.0070862970001144,0.0,0.0070862970001144,0.0072311489998355,0.0223492350000924,Optimal,0,none,1.4365733750661211,0,5,100.0,100.0,100.0,2.0,2,0,0,1.0,1.0,1.0,0.9659736728320856,2,0,0,1.0,1.0,1.0,0.9659736728320856,2,0,0,1.0,1.0,1.0,0.9659736728320856,2,0,0,1.0,1.0,1.0,0.9659736728320856,3.829099978247541e-05,0,100.0,0,0,0,0.0,0.0,0.0,0,0,0,0.0,0.0,0.0,0,0,0,0.0,0.0,0.0,0,0,0,0.0,0.0,0.0
COCO,99428,5,5,0,0,1,0,2,0,2,1,0,0,2,0.0148284950000743,0.0073250179998467,0.0,0.0073250179998467,0.0073982369999612,0.0222586889999547,Optimal,0,none,0.3788647810618082,0,2,100.0,100.0,100.0,2.0,0,1,5,0.0,0.0,0.0,0.9617021736321146,0,1,5,0.0,0.0,0.0,0.9617021736321146,0,1,5,0.0,0.0,0.0,0.9617021736321146,0,1,5,0.0,0.0,0.0,0.9617021736321146,2.3562000023957808e-05,0,100.0,0,0,0,0.0,0.0,0.0,0,0,0,0.0,0.0,0.0,0,0,0,0.0,0.0,0.0,0,0,0,0.0,0.0,0.0
COCO,386352,13,13,0,0,11,183,22,183,205,122,0,0,22,0.0156531229999927,0.0139252439998927,0.0,0.0139252439998927,0.0143322979997719,0.0305628999999498,Optimal,0,none,9.212367263635002,0,34,100.0,100.0,100.0,2.0,11,0,2,1.0,0.8461538461538461,0.9166666666666666,0.8148399763994639,11,0,2,1.0,0.8461538461538461,0.9166666666666666,0.8148399763994639,11,0,2,1.0,0.8461538461538461,0.9166666666666666,0.8148399763994639,11,0,2,1.0,0.8461538461538461,0.9166666666666666,0.8148399763994639,0.0005284429998937,0,100.0,0,0,0,0.0,0.0,0.0,0,0,0,0.0,0.0,0.0,0,0,0,0.0,0.0,0.0,0,0,0,0.0,0.0,0.0
COCO,173004,15,15,0,0,12,252,24,252,276,145,0,0,24,0.017769047999991,0.0162432289998832,0.0,0.0162432289998832,0.0166921670002011,0.0350547349999033,Optimal,0,none,10.378828129533316,0,37,100.0,100.0,100.0,2.0,12,0,3,1.0,0.8,0.888888888888889,0.8719620944026424,12,0,3,1.0,0.8,0.888888888888889,0.8719620944026424,12,0,3,1.0,0.8,0.888888888888889,0.8719620944026424,12,0,3,1.0,0.8,0.888888888888889,0.8719620944026424,0.0005450389999168,0,100.0,0,0,0,0.0,0.0,0.0,0,0,0,0.0,0.0,0.0,0,0,0,0.0,0.0,0.0,0,0,0,0.0,0.0,0.0
COCO,311394,2,2,0,0,2,4,4,4,8,5,0,0,4,0.0148875029999544,0.0070403949998762,0.0,0.0070403949998762,0.0071464689999629,0.0220913540001674,Optimal,0,none,1.4115528949101763,0,5,100.0,100.0,100.0,2.0,2,0,0,1.0,1.0,1.0,0.8887054292746652,2,0,0,1.0,1.0,1.0,0.8887054292746652,2,0,0,1.0,1.0,1.0,0.8887054292746652,2,0,0,1.0,1.0,1.0,0.8887054292746652,4.179899997325265e-05,0,100.0,0,0,0,0.0,0.0,0.0,0,0,0,0.0,0.0,0.0,0,0,0,0.0,0.0,0.0,0,0,0,0.0,0.0,0.0
COCO,578489,11,11,0,0,9,117,18,117,135,82,0,0,18,0.0162667160002456,0.0119034600002123,0.0,0.0119034600002123,0.0122131729999637,0.0289308390001679,Optimal,0,none,7.695079164505008,0,28,100.0,100.0,100.0,2.0,9,0,2,1.0,0.8181818181818182,0.9,0.8401052883585963,9,0,2,1.0,0.8181818181818182,0.9,0.8401052883585963,9,0,2,1.0,0.8181818181818182,0.9,0.8401052883585963,9,0,2,1.0,0.8181818181818182,0.9,0.8401052883585963,0.0004041499996674,0,100.0,0,0,0,0.0,0.0,0.0,0,0,0,0.0,0.0,0.0,0,0,0,0.0,0.0,0.0,0,0,0,0.0,0.0,0.0
COCO,189310,1,1,0,0,5,32,10,32,42,26,0,0,10,0.0140087459999449,0.0083541280000645,0.0,0.0083541280000645,0.0085391360003086,0.0226953789997423,Optimal,0,none,4.065666061242423,0,16,100.0,100.0,100.0,2.0,1,4,0,0.2,1.0,0.3333333333333333,0.9522381368177906,1,4,0,0.2,1.0,0.3333333333333333,0.9522381368177906,1,4,0,0.2,1.0,0.3333333333333333,0.9522381368177906,1,4,0,0.2,1.0,0.3333333333333333,0.9522381368177906,0.0001175419997707,0,100.0,0,0,0,0.0,0.0,0.0,0,0,0,0.0,0.0,0.0,0,0,0,0.0,0.0,0.0,0,0,0,0.0,0.0,0.0
COCO,491366,10,10,0,0,7,71,14,71,85,50,0,0,14,0.0142484560001321,0.0093506779999188,0.0,0.0093506779999188,0.0095870370000739,0.0240787729999283,Optimal,0,none,5.50492915954525,0,22,100.0,100.0,100.0,2.0,3,4,7,0.4285714285714285,0.3,0.3529411764705882,0.9401394255789028,3,4,7,0.4285714285714285,0.3,0.3529411764705882,0.9401394255789028,3,4,7,0.4285714285714285,0.3,0.3529411764705882,0.9401394255789028,3,4,7,0.4285714285714285,0.3,0.3529411764705882,0.9401394255789028,0.0002080330000353,0,100.0,0,0,0,0.0,0.0,0.0,0,0,0,0.0,0.0,0.0,0,0,0,0.0,0.0,0.0,0,0,0,0.0,0.0,0.0
COCO,448076,17,17,0,0,10,150,20,150,170,101,0,0,20,0.0140950999998494,0.0122499320000315,0.0,0.0122499320000315,0.0125978329997451,0.0271954019999611,Optimal,0,none,8.539945046106975,0,31,100.0,100.0,100.0,2.0,7,3,10,0.7,0.4117647058823529,0.5185185185185185,0.8616559004543343,7,3,10,0.7,0.4117647058823529,0.5185185185185185,0.8616559004543343,7,3,10,0.7,0.4117647058823529,0.5185185185185185,0.8616559004543343,7,3,10,0.7,0.4117647058823529,0.5185185185185185,0.8616559004543343,0.0004541030002656,0,100.0,0,0,0,0.0,0.0,0.0,0,0,0,0.0,0.0,0.0,0,0,0,0.0,0.0,0.0,0,0,0,0.0,0.0,0.0
COCO,293804,6,6,0,0,4,28,8,28,36,17,0,0,8,0.0141672250001647,0.0082919739998033,0.0,0.0082919739998033,0.0085159479999674,0.0228087750001577,Optimal,0,none,3.3905666807610446,0,13,100.0,100.0,100.0,2.0,3,1,3,0.75,0.5,0.6,0.8512038826351704,3,1,3,0.75,0.5,0.6,0.8512038826351704,3,1,3,0.75,0.5,0.6,0.8512038826351704,3,1,3,0.75,0.5,0.6,0.8512038826351704,0.000100430999737,0,100.0,0,0,0,0.0,0.0,0.0,0,0,0,0.0,0.0,0.0,0,0,0,0.0,0.0,0.0,0,0,0,0.0,0.0,0.0
COCO,312237,23,23,0,0,7,82,14,82,96,50,0,0,14,0.0136045389999708,0.0100929280001764,0.0,0.0100929280001764,0.0103453849997094,0.0242849630003547,Optimal,0,none,5.245245626885545,0,22,100.0,100.0,100.0,2.0,4,3,19,0.5714285714285714,0.1739130434782608,0.2666666666666666,0.8102681049403455,4,3,19,0.5714285714285714,0.1739130434782608,0.2666666666666666,0.8102681049403455,4,3,19,0.5714285714285714,0.1739130434782608,0.2666666666666666,0.8102681049403455,4,3,19,0.5714285714285714,0.1739130434782608,0.2666666666666666,0.8102681049403455,0.0002937640001619,0,100.0,0,0,0,0.0,0.0,0.0,0,0,0,0.0,0.0,0.0,0,0,0,0.0,0.0,0.0,0,0,0,0.0,0.0,0.0
COCO,221291,2,2,0,0,2,4,4,4,8,5,0,0,4,0.013044205999904,0.0074638670002968,0.0,0.0074638670002968,0.0075641230000655,0.0206616259997645,Optimal,0,none,1.5471529277165734,0,5,100.0,100.0,100.0,2.0,2,0,0,1.0,1.0,1.0,0.9415164979239002,2,0,0,1.0,1.0,1.0,0.9415164979239002,2,0,0,1.0,1.0,1.0,0.9415164979239002,2,0,0,1.0,1.0,1.0,0.9415164979239002,3.9181999909487786e-05,0,100.0,0,0,0,0.0,0.0,0.0,0,0,0,0.0,0.0,0.0,0,0,0,0.0,0.0,0.0,0,0,0,0.0,0.0,0.0
COCO,141821,5,5,0,0,10,180,20,180,200,101,0,0,20,0.0164348479997897,0.0138447959998302,0.0,0.0138447959998302,0.0142061659998944,0.03111444499973,Optimal,0,none,8.159074856319647,0,31,100.0,100.0,100.0,2.0,4,6,1,0.4,0.8,0.5333333333333333,0.9440538381207948,4,6,1,0.4,0.8,0.5333333333333333,0.9440538381207948,4,6,1,0.4,0.8,0.5333333333333333,0.9440538381207948,4,6,1,0.4,0.8,0.5333333333333333,0.9440538381207948,0.0004281770002307,0,100.0,0,0,0,0.0,0.0,0.0,0,0,0,0.0,0.0,0.0,0,0,0,0.0,0.0,0.0,0,0,0,0.0,0.0,0.0
COCO,410650,30,30,0,0,15,390,30,390,420,226,0,0,30,0.0158114229998318,0.02300081400017,0.0,0.02300081400017,0.0236082320002424,0.0404297639997821,Optimal,0,none,11.344305506559762,0,46,100.0,100.0,100.0,2.0,7,8,23,0.4666666666666667,0.2333333333333333,0.3111111111111111,0.8380368366024863,7,8,23,0.4666666666666667,0.2333333333333333,0.3111111111111111,0.8380368366024863,7,8,23,0.4666666666666667,0.2333333333333333,0.3111111111111111,0.8380368366024863,7,8,23,0.4666666666666667,0.2333333333333333,0.3111111111111111,0.8380368366024863,0.000937887999953,0,100.0,0,0,0,0.0,0.0,0.0,0,0,0,0.0,0.0,0.0,0,0,0,0.0,0.0,0.0,0,0,0,0.0,0.0,0.0
COCO,199310,2,2,0,0,2,4,4,4,8,5,0,0,4,0.0150259330002882,0.0069982469999558,0.0,0.0069982469999558,0.0071093649999056,0.0221977920000426,Optimal,0,none,1.5538481267293296,0,5,100.0,100.0,100.0,2.0,2,0,0,1.0,1.0,1.0,0.8020857371917955,2,0,0,1.0,1.0,1.0,0.8020857371917955,2,0,0,1.0,1.0,1.0,0.8020857371917955,2,0,0,1.0,1.0,1.0,0.8020857371917955,4.620299978341791e-05,0,100.0,0,0,0,0.0,0.0,0.0,0,0,0,0.0,0.0,0.0,0,0,0,0.0,0.0,0.0,0,0,0,0.0,0.0,0.0
COCO,323151,5,5,0,0,4,24,8,24,32,17,0,0,8,0.0145301859997744,0.0080405220001011,0.0,0.0080405220001011,0.0082110130001638,0.0228653280000799,Optimal,0,none,3.573608061472576,0,13,100.0,100.0,100.0,2.0,4,0,1,1.0,0.8,0.888888888888889,0.9038192642883328,4,0,1,1.0,0.8,0.888888888888889,0.9038192642883328,4,0,1,1.0,0.8,0.888888888888889,0.9038192642883328,4,0,1,1.0,0.8,0.888888888888889,0.9038192642883328,0.000100742000086,0,100.0,0,0,0,0.0,0.0,0.0,0,0,0,0.0,0.0,0.0,0,0,0,0.0,0.0,0.0,0,0,0,0.0,0.0,0.0
COCO,89648,38,38,0,0,20,715,40,715,755,401,0,0,40,0.0186408199997458,0.0341461899997739,0.0,0.0341461899997739,0.0350222759998359,0.0552762479996999,Optimal,0,none,16.95855826362027,0,61,100.0,100.0,100.0,2.0,11,9,27,0.55,0.2894736842105263,0.3793103448275862,0.8365582489686976,11,9,27,0.55,0.2894736842105263,0.3793103448275862,0.8365582489686976,11,9,27,0.55,0.2894736842105263,0.3793103448275862,0.8365582489686976,11,9,27,0.55,0.2894736842105263,0.3793103448275862,0.8365582489686976,0.0015382060000774,0,100.0,0,0,0,0.0,0.0,0.0,0,0,0,0.0,0.0,0.0,0,0,0,0.0,0.0,0.0,0,0,0,0.0,0.0,0.0
COCO,219283,5,5,0,0,1,0,2,0,2,1,0,0,2,0.0151309479997507,0.0066565619999892,0.0,0.0066565619999892,0.0067565130002549,0.0219166379997659,Optimal,0,none,0.5778266827265421,0,2,100.0,100.0,100.0,2.0,1,0,4,1.0,0.2,0.3333333333333333,0.9362874977913946,1,0,4,1.0,0.2,0.3333333333333333,0.9362874977913946,1,0,4,1.0,0.2,0.3333333333333333,0.9362874977913946,1,0,4,1.0,0.2,0.3333333333333333,0.9362874977913946,2.118400016115629e-05,0,100.0,0,0,0,0.0,0.0,0.0,0,0,0,0.0,0.0,0.0,0,0,0,0.0,0.0,0.0,0,0,0,0.0,0.0,0.0
COCO,471869,3,3,0,0,1,0,2,0,2,1,0,0,2,0.0157585129995823,0.0062382800001614,0.0,0.0062382800001614,0.0063051910001377,0.022091557999829,Optimal,0,none,0.6188058296839396,0,2,100.0,100.0,100.0,2.0,1,0,2,1.0,0.3333333333333333,0.5,0.9591372547815642,1,0,2,1.0,0.3333333333333333,0.5,0.9591372547815642,1,0,2,1.0,0.3333333333333333,0.5,0.9591372547815642,1,0,2,1.0,0.3333333333333333,0.5,0.9591372547815642,2.056299990726984e-05,0,100.0,0,0,0,0.0,0.0,0.0,0,0,0,0.0,0.0,0.0,0,0,0,0.0,0.0,0.0,0,0,0,0.0,0.0,0.0
COCO,520264,18,18,0,0,11,195,22,195,217,122,0,0,22,0.0160744089998843,0.0143598649997329,0.0,0.0143598649997329,0.0147921490001863,0.03137333199993,Optimal,0,none,8.835750249226892,0,34,100.0,100.0,100.0,2.0,7,4,11,0.6363636363636364,0.3888888888888889,0.4827586206896552,0.8092725182811518,7,4,11,0.6363636363636364,0.3888888888888889,0.4827586206896552,0.8092725182811518,7,4,11,0.6363636363636364,0.3888888888888889,0.4827586206896552,0.8092725182811518,7,4,11,0.6363636363636364,0.3888888888888889,0.4827586206896552,0.8092725182811518,0.0004623519998858,0,100.0,0,0,0,0.0,0.0,0.0,0,0,0,0.0,0.0,0.0,0,0,0,0.0,0.0,0.0,0,0,0,0.0,0.0,0.0
COCO,111179,2,2,0,0,2,4,4,4,8,5,0,0,4,0.0146383799997238,0.0072713179997663,0.0,0.0072713179997663,0.0073682249999365,0.0220577009999942,Optimal,0,none,1.3732584389050806,0,5,100.0,100.0,100.0,2.0,2,0,0,1.0,1.0,1.0,0.880647537167424,2,0,0,1.0,1.0,1.0,0.880647537167424,2,0,0,1.0,1.0,1.0,0.880647537167424,2,0,0,1.0,1.0,1.0,0.880647537167424,3.795500015257858e-05,0,100.0,0,0,0,0.0,0.0,0.0,0,0,0,0.0,0.0,0.0,0,0,0,0.0,0.0,0.0,0,0,0,0.0,0.0,0.0
COCO,151000,13,13,0,0,6,57,12,57,69,37,0,0,12,0.0149360969999179,0.0101696609999635,0.0,0.0101696609999635,0.0103977079998003,0.0255672240000421,Optimal,0,none,5.035961239865577,0,19,100.0,100.0,100.0,2.0,4,2,9,0.6666666666666666,0.3076923076923077,0.4210526315789473,0.8179692093753292,4,2,9,0.6666666666666666,0.3076923076923077,0.4210526315789473,0.8179692093753292,4,2,9,0.6666666666666666,0.3076923076923077,0.4210526315789473,0.8179692093753292,4,2,9,0.6666666666666666,0.3076923076923077,0.4210526315789473,0.8179692093753292,0.0001999880000767,0,100.0,0,0,0,0.0,0.0,0.0,0,0,0,0.0,0.0,0.0,0,0,0,0.0,0.0,0.0,0,0,0,0.0,0.0,0.0
COCO,100624,9,9,0,0,6,51,12,51,63,37,0,0,12,0.0133549769998353,0.0090503810001791,0.0,0.0090503810001791,0.0092628519996651,0.0228189639997253,Optimal,0,none,5.145978255271913,0,19,100.0,100.0,100.0,2.0,4,2,5,0.6666666666666666,0.4444444444444444,0.5333333333333333,0.7897308704780196,4,2,5,0.6666666666666666,0.4444444444444444,0.5333333333333333,0.7897308704780196,4,2,5,0.6666666666666666,0.4444444444444444,0.5333333333333333,0.7897308704780196,4,2,5,0.6666666666666666,0.4444444444444444,0.5333333333333333,0.7897308704780196,0.0001485210000282,0,100.0,0,0,0,0.0,0.0,0.0,0,0,0,0.0,0.0,0.0,0,0,0,0.0,0.0,0.0,0,0,0,0.0,0.0,0.0
COCO,332570,2,2,0,0,3,11,6,11,17,10,0,0,6,0.0141516460003003,0.0070920250000199,0.0,0.0070920250000199,0.0072198009997919,0.0214510079999854,Optimal,0,none,2.6549591053832784,0,10,100.0,100.0,100.0,2.0,2,1,0,0.6666666666666666,1.0,0.8,0.9405366263391322,2,1,0,0.6666666666666666,1.0,0.8,0.9405366263391322,2,1,0,0.6666666666666666,1.0,0.8,0.9405366263391322,2,1,0,0.6666666666666666,1.0,0.8,0.9405366263391322,6.011400000716094e-05,0,100.0,0,0,0,0.0,0.0,0.0,0,0,0,0.0,0.0,0.0,0,0,0,0.0,0.0,0.0,0,0,0,0.0,0.0,0.0
COCO,57238,4,4,0,0,5,34,10,34,44,26,0,0,10,0.0143771980001474,0.0086981980002747,0.0,0.0086981980002747,0.0088839709997046,0.0234448289997999,Optimal,0,none,4.18976459334298,0,16,100.0,100.0,100.0,2.0,3,2,1,0.6,0.75,0.6666666666666665,0.8569450863852365,3,2,1,0.6,0.75,0.6666666666666665,0.8569450863852365,3,2,1,0.6,0.75,0.6666666666666665,0.8569450863852365,3,2,1,0.6,0.75,0.6666666666666665,0.8569450863852365,0.0001534200000605,0,100.0,0,0,0,0.0,0.0,0.0,0,0,0,0.0,0.0,0.0,0,0,0,0.0,0.0,0.0,0,0,0,0.0,0.0,0.0
COCO,502732,1,1,0,0,1,0,2,0,2,1,0,0,2,0.0127449429996886,0.006154017999961,0.0,0.006154017999961,0.0062352490003831,0.0190214459998969,Optimal,0,none,0.576458470026652,0,2,100.0,100.0,100.0,2.0,1,0,0,1.0,1.0,1.0,0.8046445139912097,1,0,0,1.0,1.0,1.0,0.8046445139912097,1,0,0,1.0,1.0,1.0,0.8046445139912097,1,0,0,1.0,1.0,1.0,0.8046445139912097,2.8602999918803107e-05,0,100.0,0,0,0,0.0,0.0,0.0,0,0,0,0.0,0.0,0.0,0,0,0,0.0,0.0,0.0,0,0,0,0.0,0.0,0.0
COCO,135561,8,8,0,0,3,12,6,12,18,10,0,0,6,0.0144973440001194,0.0075632160001077,0.0,0.0075632160001077,0.0077181149999887,0.0223023600001397,Optimal,0,none,2.550936326980592,0,10,100.0,100.0,100.0,2.0,2,1,6,0.6666666666666666,0.25,0.3636363636363636,0.8556293469627709,2,1,6,0.6666666666666666,0.25,0.3636363636363636,0.8556293469627709,2,1,6,0.6666666666666666,0.25,0.3636363636363636,0.8556293469627709,2,1,6,0.6666666666666666,0.25,0.3636363636363636,0.8556293469627709,6.540699996548938e-05,0,100.0,0,0,0,0.0,0.0,0.0,0,0,0,0.0,0.0,0.0,0,0,0,0.0,0.0,0.0,0,0,0,0.0,0.0,0.0
COCO,8277,13,13,0,0,5,37,10,37,47,26,0,0,10,0.0178697559999818,0.0084084149998489,0.0,0.0084084149998489,0.0085974120001992,0.0266076309999334,Optimal,0,none,3.6915473349889134,0,16,100.0,100.0,100.0,2.0,2,3,11,0.4,0.1538461538461538,0.2222222222222222,0.8945459471516676,2,3,11,0.4,0.1538461538461538,0.2222222222222222,0.8945459471516676,2,3,11,0.4,0.1538461538461538,0.2222222222222222,0.8945459471516676,2,3,11,0.4,0.1538461538461538,0.2222222222222222,0.8945459471516676,0.0001141220000135,0,100.0,0,0,0,0.0,0.0,0.0,0,0,0,0.0,0.0,0.0,0,0,0,0.0,0.0,0.0,0,0,0,0.0,0.0,0.0
COCO,173044,1,1,0,0,1,0,2,0,2,1,0,0,2,0.01442376399973,0.0068746299998565,0.0,0.0068746299998565,0.0069500110002991,0.0214063369999166,Optimal,0,none,0.6063735882441204,0,2,100.0,100.0,100.0,2.0,1,0,0,1.0,1.0,1.0,0.9627509487217644,1,0,0,1.0,1.0,1.0,0.9627509487217644,1,0,0,1.0,1.0,1.0,0.9627509487217644,1,0,0,1.0,1.0,1.0,0.9627509487217644,2.422299985482823e-05,0,100.0,0,0,0,0.0,0.0,0.0,0,0,0,0.0,0.0,0.0,0,0,0,0.0,0.0,0.0,0,0,0,0.0,0.0,0.0
COCO,168458,1,1,0,0,4,24,8,24,32,17,0,0,8,0.0142463000001953,0.0073894030001611,0.0,0.0073894030001611,0.0075453370000104,0.021896776000176,Optimal,0,none,3.3592671124140434,0,13,100.0,100.0,100.0,2.0,1,3,0,0.25,1.0,0.4,0.9299461285082627,1,3,0,0.25,1.0,0.4,0.9299461285082627,1,3,0,0.25,1.0,0.4,0.9299461285082627,1,3,0,0.25,1.0,0.4,0.9299461285082627,8.291400035886909e-05,0,100.0,0,0,0,0.0,0.0,0.0,0,0,0,0.0,0.0,0.0,0,0,0,0.0,0.0,0.0,0,0,0,0.0,0.0,0.0
COCO,512194,1,1,0,0,3,12,6,12,18,10,0,0,6,0.0152641280001262,0.007926487000077,0.0,0.007926487000077,0.008059090000188,0.0233998759999849,Optimal,0,none,2.554426975250245,0,10,100.0,100.0,100.0,2.0,1,2,0,0.3333333333333333,1.0,0.5,0.9254353651847712,1,2,0,0.3333333333333333,1.0,0.5,0.9254353651847712,1,2,0,0.3333333333333333,1.0,0.5,0.9254353651847712,1,2,0,0.3333333333333333,1.0,0.5,0.9254353651847712,5.736700040870346e-05,0,100.0,0,0,0,0.0,0.0,0.0,0,0,0,0.0,0.0,0.0,0,0,0,0.0,0.0,0.0,0,0,0,0.0,0.0,0.0
COCO,370042,14,14,0,0,11,183,22,183,205,122,0,0,22,0.0152059309998549,0.0136713839997355,0.0,0.0136713839997355,0.0141091170003164,0.029862583999602,Optimal,0,none,8.545925064881647,0,34,100.0,100.0,100.0,2.0,9,2,5,0.8181818181818182,0.6428571428571429,0.7200000000000001,0.8856384425637391,9,2,5,0.8181818181818182,0.6428571428571429,0.7200000000000001,0.8856384425637391,9,2,5,0.8181818181818182,0.6428571428571429,0.7200000000000001,0.8856384425637391,9,2,5,0.8181818181818182,0.6428571428571429,0.7200000000000001,0.8856384425637391,0.00049965900007,0,100.0,0,0,0,0.0,0.0,0.0,0,0,0,0.0,0.0,0.0,0,0,0,0.0,0.0,0.0,0,0,0,0.0,0.0,0.0
COCO,189436,5,5,0,0,1,0,2,0,2,1,0,0,2,0.0164774250001755,0.0071991720001278,0.0,0.0071991720001278,0.0072884780001913,0.0237969029999476,Optimal,0,none,0.6405987898508707,0,2,100.0,100.0,100.0,2.0,1,0,4,1.0,0.2,0.3333333333333333,0.9747679364583862,1,0,4,1.0,0.2,0.3333333333333333,0.9747679364583862,1,0,4,1.0,0.2,0.3333333333333333,0.9747679364583862,1,0,4,1.0,0.2,0.3333333333333333,0.9747679364583862,2.235000010841759e-05,0,100.0,0,0,0,0.0,0.0,0.0,0,0,0,0.0,0.0,0.0,0,0,0,0.0,0.0,0.0,0,0,0,0.0,0.0,0.0
COCO,533958,1,1,0,0,2,6,4,6,10,5,0,0,4,0.0165447049998874,0.0067957360001855,0.0,0.0067957360001855,0.0068974170003457,0.0235176769997451,Optimal,0,none,1.1342545541127524,0,5,100.0,100.0,100.0,2.0,0,2,1,0.0,0.0,0.0,0.0,0,2,1,0.0,0.0,0.0,0.0,0,2,1,0.0,0.0,0.0,0.0,0,2,1,0.0,0.0,0.0,0.0,6.098499989093398e-05,0,100.0,0,0,0,0.0,0.0,0.0,0,0,0,0.0,0.0,0.0,0,0,0,0.0,0.0,0.0,0,0,0,0.0,0.0,0.0
COCO,117645,2,2,0,0,1,0,2,0,2,1,0,0,2,0.0128991679998762,0.0064933539997582,0.0,0.0064933539997582,0.0065714130000742,0.0195026739997956,Optimal,0,none,0.5531428972880046,0,2,100.0,100.0,100.0,2.0,1,0,1,1.0,0.5,0.6666666666666666,0.8321714947103925,1,0,1,1.0,0.5,0.6666666666666666,0.8321714947103925,1,0,1,1.0,0.5,0.6666666666666666,0.8321714947103925,1,0,1,1.0,0.5,0.6666666666666666,0.8321714947103925,2.346300016142777e-05,0,100.0,0,0,0,0.0,0.0,0.0,0,0,0,0.0,0.0,0.0,0,0,0,0.0,0.0,0.0,0,0,0,0.0,0.0,0.0
COCO,221708,9,9,0,0,4,18,8,18,26,17,0,0,8,0.0158806979998189,0.0077536240000881,0.0,0.0077536240000881,0.0079110750002655,0.0239197579999199,Optimal,0,none,3.685858947436016,0,13,100.0,100.0,100.0,2.0,4,0,5,1.0,0.4444444444444444,0.6153846153846153,0.933706347741556,4,0,5,1.0,0.4444444444444444,0.6153846153846153,0.933706347741556,4,0,5,1.0,0.4444444444444444,0.6153846153846153,0.933706347741556,4,0,5,1.0,0.4444444444444444,0.6153846153846153,0.933706347741556,0.0001011660001495,0,100.0,0,0,0,0.0,0.0,0.0,0,0,0,0.0,0.0,0.0,0,0,0,0.0,0.0,0.0,0,0,0,0.0,0.0,0.0
COCO,202228,1,1,0,0,2,3,4,3,7,5,0,0,4,0.0125802420002401,0.0065142070002366,0.0,0.0065142070002366,0.0066510420001577,0.0192884880002566,Optimal,0,none,1.3819415839513147,0,5,100.0,100.0,100.0,2.0,1,1,0,0.5,1.0,0.6666666666666666,0.960806719607414,1,1,0,0.5,1.0,0.6666666666666666,0.960806719607414,1,1,0,0.5,1.0,0.6666666666666666,0.960806719607414,1,1,0,0.5,1.0,0.6666666666666666,0.960806719607414,4.2207000205962686e-05,0,100.0,0,0,0,0.0,0.0,0.0,0,0,0,0.0,0.0,0.0,0,0,0,0.0,0.0,0.0,0,0,0,0.0,0.0,0.0
COCO,403565,3,3,0,0,2,4,4,4,8,5,0,0,4,0.0154372750002949,0.006493237000086,0.0,0.006493237000086,0.0065971169997283,0.0220979330001682,Optimal,0,none,1.5066656621297203,0,5,100.0,100.0,100.0,2.0,2,0,1,1.0,0.6666666666666666,0.8,0.9038158593467308,2,0,1,1.0,0.6666666666666666,0.8,0.9038158593467308,2,0,1,1.0,0.6666666666666666,0.8,0.9038158593467308,2,0,1,1.0,0.6666666666666666,0.8,0.9038158593467308,4.8467999931745e-05,0,100.0,0,0,0,0.0,0.0,0.0,0,0,0,0.0,0.0,0.0,0,0,0,0.0,0.0,0.0,0,0,0,0.0,0.0,0.0
COCO,211042,2,2,0,0,3,6,6,6,12,10,0,0,6,0.0142181520000121,0.0066058639999937,0.0,0.0066058639999937,0.0067243670000607,0.0210055820002708,Optimal,0,none,2.354026713371277,0,10,100.0,100.0,100.0,2.0,1,2,1,0.3333333333333333,0.5,0.4,0.7689845405847505,1,2,1,0.3333333333333333,0.5,0.4,0.7689845405847505,1,2,1,0.3333333333333333,0.5,0.4,0.7689845405847505,1,2,1,0.3333333333333333,0.5,0.4,0.7689845405847505,4.372500006866176e-05,0,100.0,0,0,0,0.0,0.0,0.0,0,0,0,0.0,0.0,0.0,0,0,0,0.0,0.0,0.0,0,0,0,0.0,0.0,0.0
COCO,492878,8,8,0,0,4,24,8,24,32,17,0,0,8,0.0185264900001129,0.0081143540000994,0.0,0.0081143540000994,0.0082823100001405,0.0269291249996967,Optimal,0,none,3.1841269699732475,0,13,100.0,100.0,100.0,2.0,2,2,6,0.5,0.25,0.3333333333333333,0.8753922143288593,2,2,6,0.5,0.25,0.3333333333333333,0.8753922143288593,2,2,6,0.5,0.25,0.3333333333333333,0.8753922143288593,2,2,6,0.5,0.25,0.3333333333333333,0.8753922143288593,9.601100009604124e-05,0,100.0,0,0,0,0.0,0.0,0.0,0,0,0,0.0,0.0,0.0,0,0,0,0.0,0.0,0.0,0,0,0,0.0,0.0,0.0
COCO,441586,10,10,0,0,9,129,18,129,147,82,0,0,18,0.0161355300001559,0.0136977960000876,0.0,0.0136977960000876,0.0140099010000085,0.0305367420000948,Optimal,0,none,7.31781027555466,0,28,100.0,100.0,100.0,2.0,5,4,5,0.5555555555555556,0.5,0.5263157894736842,0.8340208720239519,5,4,5,0.5555555555555556,0.5,0.5263157894736842,0.8340208720239519,5,4,5,0.5555555555555556,0.5,0.5263157894736842,0.8340208720239519,5,4,5,0.5555555555555556,0.5,0.5263157894736842,0.8340208720239519,0.0003462950003267,0,100.0,0,0,0,0.0,0.0,0.0,0,0,0,0.0,0.0,0.0,0,0,0,0.0,0.0,0.0,0,0,0,0.0,0.0,0.0
COCO,547816,4,4,0,0,3,8,6,8,14,10,0,0,6,0.014496359000077,0.0068113450001874,0.0,0.0068113450001874,0.0069389219997901,0.0215181280000251,Optimal,0,none,2.196650986671448,0,10,100.0,100.0,100.0,2.0,1,2,3,0.3333333333333333,0.25,0.2857142857142857,0.9315770581189948,1,2,3,0.3333333333333333,0.25,0.2857142857142857,0.9315770581189948,1,2,3,0.3333333333333333,0.25,0.2857142857142857,0.9315770581189948,1,2,3,0.3333333333333333,0.25,0.2857142857142857,0.9315770581189948,5.09510000483715e-05,0,100.0,0,0,0,0.0,0.0,0.0,0,0,0,0.0,0.0,0.0,0,0,0,0.0,0.0,0.0,0,0,0,0.0,0.0,0.0
COCO,306733,7,7,0,0,3,12,6,12,18,10,0,0,6,0.0148330220004027,0.0071685800003251,0.0,0.0071685800003251,0.0073139320002155,0.0222733290001997,Optimal,0,none,2.354086131627997,0,10,100.0,100.0,100.0,2.0,1,2,6,0.3333333333333333,0.1428571428571428,0.2,0.8703744953506753,1,2,6,0.3333333333333333,0.1428571428571428,0.2,0.8703744953506753,1,2,6,0.3333333333333333,0.1428571428571428,0.2,0.8703744953506753,1,2,6,0.3333333333333333,0.1428571428571428,0.2,0.8703744953506753,6.082600020818063e-05,0,100.0,0,0,0,0.0,0.0,0.0,0,0,0,0.0,0.0,0.0,0,0,0,0.0,0.0,0.0,0,0,0,0.0,0.0,0.0
COCO,530099,2,2,0,0,2,2,4,2,6,5,0,0,4,0.0136010549999809,0.0066456029999244,0.0,0.0066456029999244,0.0067501739999897,0.0203983340002196,Optimal,0,none,1.2064426692326866,0,5,100.0,100.0,100.0,2.0,2,0,0,1.0,1.0,1.0,0.9004214645812172,2,0,0,1.0,1.0,1.0,0.9004214645812172,2,0,0,1.0,1.0,1.0,0.9004214645812172,2,0,0,1.0,1.0,1.0,0.9004214645812172,3.39709999934712e-05,0,100.0,0,0,0,0.0,0.0,0.0,0,0,0,0.0,0.0,0.0,0,0,0,0.0,0.0,0.0,0,0,0,0.0,0.0,0.0
COCO,312278,2,2,0,0,0,0,0,0,0,0,0,0,1,0.0125464210000245,0.0050726640001812,0.0,0.0050726640001812,0.0051115139999637,0.0176731470000959,Optimal,0,none,,0,1,100.0,0.0,0.0,0.0,0,0,2,0.0,0.0,0.0,0.0,0,0,2,0.0,0.0,0.0,0.0,0,0,2,0.0,0.0,0.0,0.0,0,0,2,0.0,0.0,0.0,0.0,9.869000223261535e-06,0,100.0,0,0,0,0.0,0.0,0.0,0,0,0,0.0,0.0,0.0,0,0,0,0.0,0.0,0.0,0,0,0,0.0,0.0,0.0
COCO,97679,5,5,0,0,2,2,4,2,6,5,0,0,4,0.0139823200001956,0.0062356949997592,0.0,0.0062356949997592,0.0063289009999607,0.0203574500001195,Optimal,0,none,1.5259603627522784,0,5,100.0,100.0,100.0,2.0,2,0,3,1.0,0.4,0.5714285714285715,0.8606319645786741,2,0,3,1.0,0.4,0.5714285714285715,0.8606319645786741,2,0,3,1.0,0.4,0.5714285714285715,0.8606319645786741,2,0,3,1.0,0.4,0.5714285714285715,0.8606319645786741,3.315799995107227e-05,0,100.0,0,0,0,0.0,0.0,0.0,0,0,0,0.0,0.0,0.0,0,0,0,0.0,0.0,0.0,0,0,0,0.0,0.0,0.0
COCO,564127,1,1,0,0,1,0,2,0,2,1,0,0,2,0.0138321879999239,0.0063838319997557,0.0,0.0063838319997557,0.0064631780001036,0.0203493630001503,Optimal,0,none,0.6202795902887981,0,2,100.0,100.0,100.0,2.0,1,0,0,1.0,1.0,1.0,0.9529408435692112,1,0,0,1.0,1.0,1.0,0.9529408435692112,1,0,0,1.0,1.0,1.0,0.9529408435692112,1,0,0,1.0,1.0,1.0,0.9529408435692112,4.390999993120204e-05,0,100.0,0,0,0,0.0,0.0,0.0,0,0,0,0.0,0.0,0.0,0,0,0,0.0,0.0,0.0,0,0,0,0.0,0.0,0.0
COCO,251065,1,1,0,0,1,0,2,0,2,1,0,0,2,0.014379591999841,0.0063258139998652,0.0,0.0063258139998652,0.0063958399996408,0.0208042190001833,Optimal,0,none,0.5766080061594645,0,2,100.0,100.0,100.0,2.0,1,0,0,1.0,1.0,1.0,0.9377720493096504,1,0,0,1.0,1.0,1.0,0.9377720493096504,1,0,0,1.0,1.0,1.0,0.9377720493096504,1,0,0,1.0,1.0,1.0,0.9377720493096504,2.114000017172657e-05,0,100.0,0,0,0,0.0,0.0,0.0,0,0,0,0.0,0.0,0.0,0,0,0,0.0,0.0,0.0,0,0,0,0.0,0.0,0.0
COCO,3845,12,12,0,0,8,107,16,107,123,65,0,0,16,0.0167902889998003,0.0123948539999219,0.0,0.0123948539999219,0.0127874819995668,0.0299365000000761,Optimal,0,none,6.580070085384999,0,25,100.0,100.0,100.0,2.0,6,2,6,0.75,0.5,0.6,0.8806702712095187,6,2,6,0.75,0.5,0.6,0.8806702712095187,6,2,6,0.75,0.5,0.6,0.8806702712095187,6,2,6,0.75,0.5,0.6,0.8806702712095187,0.000311523000164,0,100.0,0,0,0,0.0,0.0,0.0,0,0,0,0.0,0.0,0.0,0,0,0,0.0,0.0,0.0,0,0,0,0.0,0.0,0.0
COCO,138819,2,2,0,0,3,12,6,12,18,10,0,0,6,0.0139594840002246,0.0074933539999619,0.0,0.0074933539999619,0.0076349030000528,0.0216827210001611,Optimal,0,none,2.4169951176643383,0,10,100.0,100.0,100.0,2.0,2,1,0,0.6666666666666666,1.0,0.8,0.9486534952132668,2,1,0,0.6666666666666666,1.0,0.8,0.9486534952132668,2,1,0,0.6666666666666666,1.0,0.8,0.9486534952132668,2,1,0,0.6666666666666666,1.0,0.8,0.9486534952132668,6.546100030391244e-05,0,100.0,0,0,0,0.0,0.0,0.0,0,0,0,0.0,0.0,0.0,0,0,0,0.0,0.0,0.0,0,0,0,0.0,0.0,0.0
COCO,205834,2,2,0,0,2,4,4,4,8,5,0,0,4,0.014401203000034,0.0073337930002708,0.0,0.0073337930002708,0.0074840219999714,0.0219435640001393,Optimal,0,none,1.5794843705495198,0,5,100.0,100.0,100.0,2.0,2,0,0,1.0,1.0,1.0,0.9142704308732034,2,0,0,1.0,1.0,1.0,0.9142704308732034,2,0,0,1.0,1.0,1.0,0.9142704308732034,2,0,0,1.0,1.0,1.0,0.9142704308732034,4.233800018482725e-05,0,100.0,0,0,0,0.0,0.0,0.0,0,0,0,0.0,0.0,0.0,0,0,0,0.0,0.0,0.0,0,0,0,0.0,0.0,0.0
COCO,348708,3,3,0,0,4,20,8,20,28,17,0,0,8,0.0142316269998445,0.0080967940002665,0.0,0.0080967940002665,0.0082598069998311,0.0225975019998259,Optimal,0,none,3.461107236452205,0,13,100.0,100.0,100.0,2.0,3,1,0,0.75,1.0,0.8571428571428571,0.8643957860247777,3,1,0,0.75,1.0,0.8571428571428571,0.8643957860247777,3,1,0,0.75,1.0,0.8571428571428571,0.8643957860247777,3,1,0,0.75,1.0,0.8571428571428571,0.8643957860247777,8.315800005220808e-05,0,100.0,0,0,0,0.0,0.0,0.0,0,0,0,0.0,0.0,0.0,0,0,0,0.0,0.0,0.0,0,0,0,0.0,0.0,0.0
COCO,166521,16,16,0,0,3,12,6,12,18,10,0,0,6,0.0134826870003053,0.0070965150002848,0.0,0.0070965150002848,0.0072194620001937,0.0208312540003134,Optimal,0,none,2.585651943683625,0,10,100.0,100.0,100.0,2.0,3,0,13,1.0,0.1875,0.3157894736842105,0.8336324896513707,3,0,13,1.0,0.1875,0.3157894736842105,0.8336324896513707,3,0,13,1.0,0.1875,0.3157894736842105,0.8336324896513707,3,0,13,1.0,0.1875,0.3157894736842105,0.8336324896513707,0.0001062209998963,0,100.0,0,0,0,0.0,0.0,0.0,0,0,0,0.0,0.0,0.0,0,0,0,0.0,0.0,0.0,0,0,0,0.0,0.0,0.0
COCO,485802,1,1,0,0,1,0,2,0,2,1,0,0,2,0.0140049279998493,0.0065908009996746,0.0,0.0065908009996746,0.0066604069997993,0.0206951240002126,Optimal,0,none,0.3979216376940409,0,2,100.0,100.0,100.0,2.0,1,0,0,1.0,1.0,1.0,0.833891837254592,1,0,0,1.0,1.0,1.0,0.833891837254592,1,0,0,1.0,1.0,1.0,0.833891837254592,1,0,0,1.0,1.0,1.0,0.833891837254592,2.169700019294396e-05,0,100.0,0,0,0,0.0,0.0,0.0,0,0,0,0.0,0.0,0.0,0,0,0,0.0,0.0,0.0,0,0,0,0.0,0.0,0.0
COCO,99054,6,6,0,0,1,0,2,0,2,1,0,0,2,0.0128167729999404,0.0063851200002318,0.0,0.0063851200002318,0.0064526639998803,0.0192977669998981,Optimal,0,none,0.4902946631113688,0,2,100.0,100.0,100.0,2.0,1,0,5,1.0,0.1666666666666666,0.2857142857142857,0.9348492043479494,1,0,5,1.0,0.1666666666666666,0.2857142857142857,0.9348492043479494,1,0,5,1.0,0.1666666666666666,0.2857142857142857,0.9348492043479494,1,0,5,1.0,0.1666666666666666,0.2857142857142857,0.9348492043479494,2.0886000129394237e-05,0,100.0,0,0,0,0.0,0.0,0.0,0,0,0,0.0,0.0,0.0,0,0,0,0.0,0.0,0.0,0,0,0,0.0,0.0,0.0
COCO,22969,2,2,0,0,2,4,4,4,8,5,0,0,4,0.0150034700000105,0.006785045000015,0.0,0.006785045000015,0.0068908789999113,0.0219548219997705,Optimal,0,none,1.599253443082174,0,5,100.0,100.0,100.0,2.0,2,0,0,1.0,1.0,1.0,0.9693355611794724,2,0,0,1.0,1.0,1.0,0.9693355611794724,2,0,0,1.0,1.0,1.0,0.9693355611794724,2,0,0,1.0,1.0,1.0,0.9693355611794724,4.410100018503727e-05,0,100.0,0,0,0,0.0,0.0,0.0,0,0,0,0.0,0.0,0.0,0,0,0,0.0,0.0,0.0,0,0,0,0.0,0.0,0.0
COCO,570539,8,8,0,0,7,84,14,84,98,50,0,0,14,0.0146782000001621,0.0100797139998576,0.0,0.0100797139998576,0.0103315990004375,0.0253967480002756,Optimal,0,none,5.8058100625914335,0,22,100.0,100.0,100.0,2.0,3,4,5,0.4285714285714285,0.375,0.3999999999999999,0.8811620433824916,3,4,5,0.4285714285714285,0.375,0.3999999999999999,0.8811620433824916,3,4,5,0.4285714285714285,0.375,0.3999999999999999,0.8811620433824916,3,4,5,0.4285714285714285,0.375,0.3999999999999999,0.8811620433824916,0.0003459130002738,0,100.0,0,0,0,0.0,0.0,0.0,0,0,0,0.0,0.0,0.0,0,0,0,0.0,0.0,0.0,0,0,0,0.0,0.0,0.0
COCO,278353,1,1,0,0,1,0,2,0,2,1,0,0,2,0.0183252909996554,0.0061913239997011,0.0,0.0061913239997011,0.0062788270001874,0.0246326129999943,Optimal,0,none,0.578274170557658,0,2,100.0,100.0,100.0,2.0,1,0,0,1.0,1.0,1.0,0.9578346109403064,1,0,0,1.0,1.0,1.0,0.9578346109403064,1,0,0,1.0,1.0,1.0,0.9578346109403064,1,0,0,1.0,1.0,1.0,0.9578346109403064,2.0851000044785906e-05,0,100.0,0,0,0,0.0,0.0,0.0,0,0,0,0.0,0.0,0.0,0,0,0,0.0,0.0,0.0,0,0,0,0.0,0.0,0.0
COCO,158548,20,20,0,0,4,24,8,24,32,17,0,0,8,0.0161353560001771,0.0076066609999543,0.0,0.0076066609999543,0.0077536769999824,0.0239988460002678,Optimal,0,none,3.5290769783655813,0,13,100.0,100.0,100.0,2.0,3,1,17,0.75,0.15,0.2499999999999999,0.9017658603730688,3,1,17,0.75,0.15,0.2499999999999999,0.9017658603730688,3,1,17,0.75,0.15,0.2499999999999999,0.9017658603730688,3,1,17,0.75,0.15,0.2499999999999999,0.9017658603730688,8.71519996508141e-05,0,100.0,0,0,0,0.0,0.0,0.0,0,0,0,0.0,0.0,0.0,0,0,0,0.0,0.0,0.0,0,0,0,0.0,0.0,0.0
COCO,461405,12,12,0,0,14,288,28,288,316,197,0,0,28,0.0169725179998749,0.0201382310001463,0.0,0.0201382310001463,0.0206922769998527,0.0384802029998354,Optimal,0,none,11.92946359565219,0,43,100.0,100.0,100.0,2.0,12,2,0,0.8571428571428571,1.0,0.923076923076923,0.8390839775160623,12,2,0,0.8571428571428571,1.0,0.923076923076923,0.8390839775160623,12,2,0,0.8571428571428571,1.0,0.923076923076923,0.8390839775160623,12,2,0,0.8571428571428571,1.0,0.923076923076923,0.8390839775160623,0.0007379499998023,0,100.0,0,0,0,0.0,0.0,0.0,0,0,0,0.0,0.0,0.0,0,0,0,0.0,0.0,0.0,0,0,0,0.0,0.0,0.0
COCO,176606,4,4,0,0,3,8,6,8,14,10,0,0,6,0.0163173910000296,0.0066814330002671,0.0,0.0066814330002671,0.0068023280000488,0.0231961879999289,Optimal,0,none,2.474139730930329,0,10,100.0,100.0,100.0,2.0,2,1,2,0.6666666666666666,0.5,0.5714285714285715,0.7990863592407426,2,1,2,0.6666666666666666,0.5,0.5714285714285715,0.7990863592407426,2,1,2,0.6666666666666666,0.5,0.5714285714285715,0.7990863592407426,2,1,2,0.6666666666666666,0.5,0.5714285714285715,0.7990863592407426,4.880799997408758e-05,0,100.0,0,0,0,0.0,0.0,0.0,0,0,0,0.0,0.0,0.0,0,0,0,0.0,0.0,0.0,0,0,0,0.0,0.0,0.0
COCO,44699,4,4,0,0,6,52,12,52,64,37,0,0,12,0.015723627999705,0.0088179159997707,0.0,0.0088179159997707,0.0090348849998918,0.0249434869997458,Optimal,0,none,5.122725827693941,0,19,100.0,100.0,100.0,2.0,4,2,0,0.6666666666666666,1.0,0.8,0.8782082041418229,4,2,0,0.6666666666666666,1.0,0.8,0.8782082041418229,4,2,0,0.6666666666666666,1.0,0.8,0.8782082041418229,4,2,0,0.6666666666666666,1.0,0.8,0.8782082041418229,0.0001536340000711,0,100.0,0,0,0,0.0,0.0,0.0,0,0,0,0.0,0.0,0.0,0,0,0,0.0,0.0,0.0,0,0,0,0.0,0.0,0.0
COCO,559956,9,9,0,0,7,77,14,77,91,50,0,0,14,0.0158323770001516,0.0101600450002479,0.0,0.0101600450002479,0.0103880350002327,0.0265330470001572,Optimal,0,none,6.324351786225668,0,22,100.0,100.0,100.0,2.0,7,0,2,1.0,0.7777777777777778,0.8750000000000001,0.9137481237394685,7,0,2,1.0,0.7777777777777778,0.8750000000000001,0.9137481237394685,7,0,2,1.0,0.7777777777777778,0.8750000000000001,0.9137481237394685,7,0,2,1.0,0.7777777777777778,0.8750000000000001,0.9137481237394685,0.0002774399999907,0,100.0,0,0,0,0.0,0.0,0.0,0,0,0,0.0,0.0,0.0,0,0,0,0.0,0.0,0.0,0,0,0,0.0,0.0,0.0
COCO,268996,0,0,0,0,0,0,0,0,0,0,0,0,1,0.0127609500000289,0.005583285999819,0.0,0.005583285999819,0.0056274630001098,0.0184057719998236,Optimal,0,none,,0,1,100.0,0.0,0.0,0.0,0,0,0,0.0,0.0,0.0,0.0,0,0,0,0.0,0.0,0.0,0.0,0,0,0,0.0,0.0,0.0,0.0,0,0,0,0.0,0.0,0.0,0.0,1.1324999832140747e-05,0,100.0,0,0,0,0.0,0.0,0.0,0,0,0,0.0,0.0,0.0,0,0,0,0.0,0.0,0.0,0,0,0,0.0,0.0,0.0
COCO,11197,16,16,0,0,13,294,26,294,320,170,0,0,26,0.016961696999715,0.0193472029995973,0.0,0.0193472029995973,0.0199542590003147,0.0377395489999798,Optimal,0,none,10.617609823154565,0,40,100.0,100.0,100.0,2.0,8,5,8,0.6153846153846154,0.5,0.5517241379310345,0.8137442761835367,8,5,8,0.6153846153846154,0.5,0.5517241379310345,0.8137442761835367,8,5,8,0.6153846153846154,0.5,0.5517241379310345,0.8137442761835367,8,5,8,0.6153846153846154,0.5,0.5517241379310345,0.8137442761835367,0.0007615270001224,0,100.0,0,0,0,0.0,0.0,0.0,0,0,0,0.0,0.0,0.0,0,0,0,0.0,0.0,0.0,0,0,0,0.0,0.0,0.0
COCO,483667,3,3,0,0,2,5,4,5,9,5,0,0,4,0.0143232059999718,0.0072981910002454,0.0,0.0072981910002454,0.0074122840001109,0.0218004359999213,Optimal,0,none,1.564479068120321,0,5,100.0,100.0,100.0,2.0,2,0,1,1.0,0.6666666666666666,0.8,0.962524660460117,2,0,1,1.0,0.6666666666666666,0.8,0.962524660460117,2,0,1,1.0,0.6666666666666666,0.8,0.962524660460117,2,0,1,1.0,0.6666666666666666,0.8,0.962524660460117,4.868200039709336e-05,0,100.0,0,0,0,0.0,0.0,0.0,0,0,0,0.0,0.0,0.0,0,0,0,0.0,0.0,0.0,0,0,0,0.0,0.0,0.0
COCO,448810,1,1,0,0,1,0,2,0,2,1,0,0,2,0.0146080160002384,0.006861464999929,0.0,0.006861464999929,0.0069339520000539,0.0215717890000632,Optimal,0,none,0.5637685457865398,0,2,100.0,100.0,100.0,2.0,1,0,0,1.0,1.0,1.0,0.946043850042844,1,0,0,1.0,1.0,1.0,0.946043850042844,1,0,0,1.0,1.0,1.0,0.946043850042844,1,0,0,1.0,1.0,1.0,0.946043850042844,2.170000016121776e-05,0,100.0,0,0,0,0.0,0.0,0.0,0,0,0,0.0,0.0,0.0,0,0,0,0.0,0.0,0.0,0,0,0,0.0,0.0,0.0
COCO,724,4,4,0,0,3,12,6,12,18,10,0,0,6,0.0151368740002908,0.0073241199997937,0.0,0.0073241199997937,0.0074893729997711,0.0227103750003152,Optimal,0,none,2.4039040064811714,0,10,100.0,100.0,100.0,2.0,2,1,2,0.6666666666666666,0.5,0.5714285714285715,0.9076024874958516,2,1,2,0.6666666666666666,0.5,0.5714285714285715,0.9076024874958516,2,1,2,0.6666666666666666,0.5,0.5714285714285715,0.9076024874958516,2,1,2,0.6666666666666666,0.5,0.5714285714285715,0.9076024874958516,6.192099999680067e-05,0,100.0,0,0,0,0.0,0.0,0.0,0,0,0,0.0,0.0,0.0,0,0,0,0.0,0.0,0.0,0,0,0,0.0,0.0,0.0
COCO,51961,1,1,0,0,1,0,2,0,2,1,0,0,2,0.0150864500001262,0.0072587169997859,0.0,0.0072587169997859,0.0073343639996892,0.0224508609999247,Optimal,0,none,0.5840691248575847,0,2,100.0,100.0,100.0,2.0,1,0,0,1.0,1.0,1.0,0.9112041780244144,1,0,0,1.0,1.0,1.0,0.9112041780244144,1,0,0,1.0,1.0,1.0,0.9112041780244144,1,0,0,1.0,1.0,1.0,0.9112041780244144,2.216099983343156e-05,0,100.0,0,0,0,0.0,0.0,0.0,0,0,0,0.0,0.0,0.0,0,0,0,0.0,0.0,0.0,0,0,0,0.0,0.0,0.0
COCO,375278,6,6,0,0,4,24,8,24,32,17,0,0,8,0.0139011219998792,0.0084381289998418,0.0,0.0084381289998418,0.0086085919997458,0.022636336999767,Optimal,0,none,3.243756438891094,0,13,100.0,100.0,100.0,2.0,2,2,4,0.5,0.3333333333333333,0.4,0.845115255983003,2,2,4,0.5,0.3333333333333333,0.4,0.845115255983003,2,2,4,0.5,0.3333333333333333,0.4,0.845115255983003,2,2,4,0.5,0.3333333333333333,0.4,0.845115255983003,0.0001004380001177,0,100.0,0,0,0,0.0,0.0,0.0,0,0,0,0.0,0.0,0.0,0,0,0,0.0,0.0,0.0,0,0,0,0.0,0.0,0.0
COCO,302165,10,10,0,0,7,85,14,85,99,50,0,0,14,0.014993325999967,0.0097271990002809,0.0,0.0097271990002809,0.0100135080001564,0.0252976510000735,Optimal,0,none,5.688886547182348,0,22,100.0,100.0,100.0,2.0,5,2,5,0.7142857142857143,0.5,0.588235294117647,0.8284016556863125,5,2,5,0.7142857142857143,0.5,0.588235294117647,0.8284016556863125,5,2,5,0.7142857142857143,0.5,0.588235294117647,0.8284016556863125,5,2,5,0.7142857142857143,0.5,0.588235294117647,0.8284016556863125,0.000253609000083,0,100.0,0,0,0,0.0,0.0,0.0,0,0,0,0.0,0.0,0.0,0,0,0,0.0,0.0,0.0,0,0,0,0.0,0.0,0.0
COCO,131131,2,2,0,0,4,23,8,23,31,17,0,0,8,0.0140113859997654,0.0079036170000108,0.0,0.0079036170000108,0.0080537129997537,0.0221707369996693,Optimal,0,none,3.241240808169048,0,13,100.0,100.0,100.0,2.0,2,2,0,0.5,1.0,0.6666666666666666,0.7677164211841179,2,2,0,0.5,1.0,0.6666666666666666,0.7677164211841179,2,2,0,0.5,1.0,0.6666666666666666,0.7677164211841179,2,2,0,0.5,1.0,0.6666666666666666,0.7677164211841179,8.485100033794879e-05,0,100.0,0,0,0,0.0,0.0,0.0,0,0,0,0.0,0.0,0.0,0,0,0,0.0,0.0,0.0,0,0,0,0.0,0.0,0.0
COCO,98839,3,3,0,0,2,1,4,1,5,4,0,0,4,0.0139893229998051,0.0069523980000667,0.0,0.0069523980000667,0.007057695000185,0.021090422999805,Optimal,0,none,1.3252169593175251,0,4,100.0,100.0,100.0,2.0,2,0,1,1.0,0.6666666666666666,0.8,0.9296182221697726,2,0,1,1.0,0.6666666666666666,0.8,0.9296182221697726,2,0,1,1.0,0.6666666666666666,0.8,0.9296182221697726,2,0,1,1.0,0.6666666666666666,0.8,0.9296182221697726,3.1709000268165255e-05,0,100.0,0,0,0,0.0,0.0,0.0,0,0,0,0.0,0.0,0.0,0,0,0,0.0,0.0,0.0,0,0,0,0.0,0.0,0.0
COCO,402992,10,10,0,0,12,261,24,261,285,145,0,0,24,0.0179133449996697,0.0176177690000258,0.0,0.0176177690000258,0.0181456349996551,0.0367625700000644,Optimal,0,none,10.918785113424578,0,37,100.0,100.0,100.0,2.0,10,2,0,0.8333333333333334,1.0,0.9090909090909092,0.8337211851894555,10,2,0,0.8333333333333334,1.0,0.9090909090909092,0.8337211851894555,10,2,0,0.8333333333333334,1.0,0.9090909090909092,0.8337211851894555,10,2,0,0.8333333333333334,1.0,0.9090909090909092,0.8337211851894555,0.0006469340000876,0,100.0,0,0,0,0.0,0.0,0.0,0,0,0,0.0,0.0,0.0,0,0,0,0.0,0.0,0.0,0,0,0,0.0,0.0,0.0
COCO,465675,3,3,0,0,2,6,4,6,10,5,0,0,4,0.0138299569998707,0.0069437299998753,0.0,0.0069437299998753,0.0070452710001518,0.0209682189997693,Optimal,0,none,1.4207473357518512,0,5,100.0,100.0,100.0,2.0,0,2,3,0.0,0.0,0.0,0.0,0,2,3,0.0,0.0,0.0,0.0,0,2,3,0.0,0.0,0.0,0.0,0,2,3,0.0,0.0,0.0,0.0,6.468599985964829e-05,0,100.0,0,0,0,0.0,0.0,0.0,0,0,0,0.0,0.0,0.0,0,0,0,0.0,0.0,0.0,0,0,0,0.0,0.0,0.0
COCO,240754,3,3,0,0,2,2,4,2,6,5,0,0,4,0.0143891170000642,0.0063894720001371,0.0,0.0063894720001371,0.006504030999622,0.0209438720003163,Optimal,0,none,1.5677824385960897,0,5,100.0,100.0,100.0,2.0,2,0,1,1.0,0.6666666666666666,0.8,0.9374972986259438,2,0,1,1.0,0.6666666666666666,0.8,0.9374972986259438,2,0,1,1.0,0.6666666666666666,0.8,0.9374972986259438,2,0,1,1.0,0.6666666666666666,0.8,0.9374972986259438,3.534000006766291e-05,0,100.0,0,0,0,0.0,0.0,0.0,0,0,0,0.0,0.0,0.0,0,0,0,0.0,0.0,0.0,0,0,0,0.0,0.0,0.0
COCO,21167,4,4,0,0,4,23,8,23,31,17,0,0,8,0.013844636000158,0.0077414309998857,0.0,0.0077414309998857,0.0079151610002554,0.0218799139997827,Optimal,0,none,3.482257477561843,0,13,100.0,100.0,100.0,2.0,4,0,0,1.0,1.0,1.0,0.8290211230040816,4,0,0,1.0,1.0,1.0,0.8290211230040816,4,0,0,1.0,1.0,1.0,0.8290211230040816,4,0,0,1.0,1.0,1.0,0.8290211230040816,9.682699965196662e-05,0,100.0,0,0,0,0.0,0.0,0.0,0,0,0,0.0,0.0,0.0,0,0,0,0.0,0.0,0.0,0,0,0,0.0,0.0,0.0
COCO,148730,2,2,0,0,1,0,2,0,2,1,0,0,2,0.0141279770000437,0.0080155470000136,0.0,0.0080155470000136,0.0080873480001173,0.022245168000154,Optimal,0,none,0.4241544047991434,0,2,100.0,100.0,100.0,2.0,0,1,2,0.0,0.0,0.0,0.0,0,1,2,0.0,0.0,0.0,0.0,0,1,2,0.0,0.0,0.0,0.0,0,1,2,0.0,0.0,0.0,0.0,2.1817000288137933e-05,0,100.0,0,0,0,0.0,0.0,0.0,0,0,0,0.0,0.0,0.0,0,0,0,0.0,0.0,0.0,0,0,0,0.0,0.0,0.0
COCO,384468,6,6,0,0,6,53,12,53,65,37,0,0,12,0.0162080410000271,0.0090833079998446,0.0,0.0090833079998446,0.0092831960000694,0.0256663139998636,Optimal,0,none,5.084173830501146,0,19,100.0,100.0,100.0,2.0,5,1,1,0.8333333333333334,0.8333333333333334,0.8333333333333334,0.8874762085439867,5,1,1,0.8333333333333334,0.8333333333333334,0.8333333333333334,0.8874762085439867,5,1,1,0.8333333333333334,0.8333333333333334,0.8333333333333334,0.8874762085439867,5,1,1,0.8333333333333334,0.8333333333333334,0.8333333333333334,0.8874762085439867,0.0001466469998376,0,100.0,0,0,0,0.0,0.0,0.0,0,0,0,0.0,0.0,0.0,0,0,0,0.0,0.0,0.0,0,0,0,0.0,0.0,0.0
COCO,253742,29,29,0,0,30,1642,60,1642,1702,901,0,0,60,0.020528817000013,0.0789004520001981,0.0,0.0789004520001981,0.0807693020001352,0.1050529909998658,Optimal,0,none,25.45593083452401,0,91,100.0,100.0,100.0,2.0,20,10,9,0.6666666666666666,0.6896551724137931,0.6779661016949153,0.8318561968380379,20,10,9,0.6666666666666666,0.6896551724137931,0.6779661016949153,0.8318561968380379,20,10,9,0.6666666666666666,0.6896551724137931,0.6779661016949153,0.8318561968380379,20,10,9,0.6666666666666666,0.6896551724137931,0.6779661016949153,0.8318561968380379,0.003624130999924,0,100.0,0,0,0,0.0,0.0,0.0,0,0,0,0.0,0.0,0.0,0,0,0,0.0,0.0,0.0,0,0,0,0.0,0.0,0.0
COCO,186873,10,10,0,0,7,70,14,70,84,50,0,0,14,0.0175865609999164,0.010731405000115,0.0,0.010731405000115,0.0109900090001247,0.0288183339998795,Optimal,0,none,5.589182649728979,0,22,100.0,100.0,100.0,2.0,7,0,3,1.0,0.7,0.8235294117647058,0.7362334662283712,7,0,3,1.0,0.7,0.8235294117647058,0.7362334662283712,7,0,3,1.0,0.7,0.8235294117647058,0.7362334662283712,7,0,3,1.0,0.7,0.8235294117647058,0.7362334662283712,0.000207606999993,0,100.0,0,0,0,0.0,0.0,0.0,0,0,0,0.0,0.0,0.0,0,0,0,0.0,0.0,0.0,0,0,0,0.0,0.0,0.0
COCO,82180,3,3,0,0,3,11,6,11,17,10,0,0,6,0.0144859410002027,0.0065759500002968,0.0,0.0065759500002968,0.0066983269998672,0.021271304000038,Optimal,0,none,2.609673460671819,0,10,100.0,100.0,100.0,2.0,2,1,1,0.6666666666666666,0.6666666666666666,0.6666666666666666,0.9278227407072488,2,1,1,0.6666666666666666,0.6666666666666666,0.6666666666666666,0.9278227407072488,2,1,1,0.6666666666666666,0.6666666666666666,0.6666666666666666,0.9278227407072488,2,1,1,0.6666666666666666,0.6666666666666666,0.6666666666666666,0.9278227407072488,6.841699996584794e-05,0,100.0,0,0,0,0.0,0.0,0.0,0,0,0,0.0,0.0,0.0,0,0,0,0.0,0.0,0.0,0,0,0,0.0,0.0,0.0
COCO,446522,4,4,0,0,3,12,6,12,18,10,0,0,6,0.0144672010001158,0.0070379839999077,0.0,0.0070379839999077,0.0071758079998289,0.0217534369999157,Optimal,0,none,2.608398331378624,0,10,100.0,100.0,100.0,2.0,3,0,1,1.0,0.75,0.8571428571428571,0.9152148149455698,3,0,1,1.0,0.75,0.8571428571428571,0.9152148149455698,3,0,1,1.0,0.75,0.8571428571428571,0.9152148149455698,3,0,1,1.0,0.75,0.8571428571428571,0.9152148149455698,8.842599982017418e-05,0,100.0,0,0,0,0.0,0.0,0.0,0,0,0,0.0,0.0,0.0,0,0,0,0.0,0.0,0.0,0,0,0,0.0,0.0,0.0
COCO,552902,1,1,0,0,1,0,2,0,2,1,0,0,2,0.0157972029996926,0.0063371780001943,0.0,0.0063371780001943,0.0064044320001812,0.0222280769999088,Optimal,0,none,0.637745992342631,0,2,100.0,100.0,100.0,2.0,1,0,0,1.0,1.0,1.0,0.9592138525269956,1,0,0,1.0,1.0,1.0,0.9592138525269956,1,0,0,1.0,1.0,1.0,0.9592138525269956,1,0,0,1.0,1.0,1.0,0.9592138525269956,1.95429997802421e-05,0,100.0,0,0,0,0.0,0.0,0.0,0,0,0,0.0,0.0,0.0,0,0,0,0.0,0.0,0.0,0,0,0,0.0,0.0,0.0
COCO,125405,3,3,0,0,2,4,4,4,8,5,0,0,4,0.0140297570001166,0.0072542399998383,0.0,0.0072542399998383,0.0073650230001476,0.0214539660000809,Optimal,0,none,1.5294100316365564,0,5,100.0,100.0,100.0,2.0,2,0,1,1.0,0.6666666666666666,0.8,0.9505019205392922,2,0,1,1.0,0.6666666666666666,0.8,0.9505019205392922,2,0,1,1.0,0.6666666666666666,0.8,0.9505019205392922,2,0,1,1.0,0.6666666666666666,0.8,0.9505019205392922,4.35860001744004e-05,0,100.0,0,0,0,0.0,0.0,0.0,0,0,0,0.0,0.0,0.0,0,0,0,0.0,0.0,0.0,0,0,0,0.0,0.0,0.0
COCO,110211,5,5,0,0,5,28,10,28,38,26,0,0,10,0.0181990299997778,0.0086965870000312,0.0,0.0086965870000312,0.0088831160001063,0.0272291930000392,Optimal,0,none,4.185179236274719,0,16,100.0,100.0,100.0,2.0,4,1,1,0.8,0.8,0.8000000000000002,0.9219506776090214,4,1,1,0.8,0.8,0.8000000000000002,0.9219506776090214,4,1,1,0.8,0.8,0.8000000000000002,0.9219506776090214,4,1,1,0.8,0.8,0.8000000000000002,0.9219506776090214,0.0001179000000774,0,100.0,0,0,0,0.0,0.0,0.0,0,0,0,0.0,0.0,0.0,0,0,0,0.0,0.0,0.0,0,0,0,0.0,0.0,0.0
COCO,16010,5,5,0,0,5,38,10,38,48,26,0,0,10,0.014990083000157,0.0079049229998418,0.0,0.0079049229998418,0.0080961029998434,0.0232265820000066,Optimal,0,none,4.135424955685934,0,16,100.0,100.0,100.0,2.0,1,4,4,0.2,0.2,0.2,0.9162979671900964,1,4,4,0.2,0.2,0.2,0.9162979671900964,1,4,4,0.2,0.2,0.2,0.9162979671900964,1,4,4,0.2,0.2,0.2,0.9162979671900964,0.0001169530000879,0,100.0,0,0,0,0.0,0.0,0.0,0,0,0,0.0,0.0,0.0,0,0,0,0.0,0.0,0.0,0,0,0,0.0,0.0,0.0
COCO,64462,2,2,0,0,2,5,4,5,9,5,0,0,4,0.0144836920003399,0.0070197000000007,0.0,0.0070197000000007,0.0071265780002249,0.0216709770002125,Optimal,0,none,1.531265324756299,0,5,100.0,100.0,100.0,2.0,2,0,0,1.0,1.0,1.0,0.8549246898894727,2,0,0,1.0,1.0,1.0,0.8549246898894727,2,0,0,1.0,1.0,1.0,0.8549246898894727,2,0,0,1.0,1.0,1.0,0.8549246898894727,4.501200010054163e-05,0,100.0,0,0,0,0.0,0.0,0.0,0,0,0,0.0,0.0,0.0,0,0,0,0.0,0.0,0.0,0,0,0,0.0,0.0,0.0
COCO,314182,9,9,0,0,13,309,26,309,335,170,0,0,26,0.0170023249997939,0.0186875160002273,0.0,0.0186875160002273,0.0192054159997496,0.0369517619997168,Optimal,0,none,10.901547794043164,0,40,100.0,100.0,100.0,2.0,7,6,2,0.5384615384615384,0.7777777777777778,0.6363636363636364,0.8859952198689586,7,6,2,0.5384615384615384,0.7777777777777778,0.6363636363636364,0.8859952198689586,7,6,2,0.5384615384615384,0.7777777777777778,0.6363636363636364,0.8859952198689586,7,6,2,0.5384615384615384,0.7777777777777778,0.6363636363636364,0.8859952198689586,0.0006886399996801,0,100.0,0,0,0,0.0,0.0,0.0,0,0,0,0.0,0.0,0.0,0,0,0,0.0,0.0,0.0,0,0,0,0.0,0.0,0.0
COCO,248980,10,10,0,0,6,66,12,66,78,37,0,0,12,0.0161856290001196,0.0091510170000219,0.0,0.0091510170000219,0.0093714679996992,0.0257569219998003,Optimal,0,none,4.682909436225893,0,19,100.0,100.0,100.0,2.0,3,3,7,0.5,0.3,0.3749999999999999,0.7380094049072886,3,3,7,0.5,0.3,0.3749999999999999,0.7380094049072886,3,3,7,0.5,0.3,0.3749999999999999,0.7380094049072886,3,3,7,0.5,0.3,0.3749999999999999,0.7380094049072886,0.00017183700038,0,100.0,0,0,0,0.0,0.0,0.0,0,0,0,0.0,0.0,0.0,0,0,0,0.0,0.0,0.0,0,0,0,0.0,0.0,0.0
COCO,68387,7,7,0,0,7,88,14,88,102,50,0,0,14,0.013801419000174,0.0103157270000338,0.0,0.0103157270000338,0.010571882000022,0.0247455840003567,Optimal,0,none,6.258003857548165,0,22,100.0,100.0,100.0,2.0,6,1,1,0.8571428571428571,0.8571428571428571,0.8571428571428571,0.8949391251719021,6,1,1,0.8571428571428571,0.8571428571428571,0.8571428571428571,0.8949391251719021,6,1,1,0.8571428571428571,0.8571428571428571,0.8571428571428571,0.8949391251719021,6,1,1,0.8571428571428571,0.8571428571428571,0.8571428571428571,0.8949391251719021,0.000333407999733,0,100.0,0,0,0,0.0,0.0,0.0,0,0,0,0.0,0.0,0.0,0,0,0,0.0,0.0,0.0,0,0,0,0.0,0.0,0.0
COCO,429281,18,18,0,0,6,55,12,55,67,37,0,0,12,0.0153157310001006,0.009028398999817,0.0,0.009028398999817,0.0092549319997488,0.0247561529999984,Optimal,0,none,4.668549571929456,0,19,100.0,100.0,100.0,2.0,1,5,17,0.1666666666666666,0.0555555555555555,0.0833333333333333,0.528257801081957,1,5,17,0.1666666666666666,0.0555555555555555,0.0833333333333333,0.528257801081957,1,5,17,0.1666666666666666,0.0555555555555555,0.0833333333333333,0.528257801081957,1,5,17,0.1666666666666666,0.0555555555555555,0.0833333333333333,0.528257801081957,0.0001558979997753,0,100.0,0,0,0,0.0,0.0,0.0,0,0,0,0.0,0.0,0.0,0,0,0,0.0,0.0,0.0,0,0,0,0.0,0.0,0.0
COCO,345466,11,11,0,0,7,67,14,67,81,50,0,0,14,0.0157446570001411,0.0100514050000128,0.0,0.0100514050000128,0.0102851719998398,0.0262868720001279,Optimal,0,none,5.977377914587659,0,22,100.0,100.0,100.0,2.0,7,0,4,1.0,0.6363636363636364,0.7777777777777778,0.889455410055331,7,0,4,1.0,0.6363636363636364,0.7777777777777778,0.889455410055331,7,0,4,1.0,0.6363636363636364,0.7777777777777778,0.889455410055331,7,0,4,1.0,0.6363636363636364,0.7777777777777778,0.889455410055331,0.0002259709999634,0,100.0,0,0,0,0.0,0.0,0.0,0,0,0,0.0,0.0,0.0,0,0,0,0.0,0.0,0.0,0,0,0,0.0,0.0,0.0
COCO,352900,9,9,0,0,9,145,18,145,163,82,0,0,18,0.0142930520000845,0.0119258189997708,0.0,0.0119258189997708,0.0123221840003679,0.0270009430000754,Optimal,0,none,7.066857199668887,0,28,100.0,100.0,100.0,2.0,5,4,4,0.5555555555555556,0.5555555555555556,0.5555555555555556,0.8726769413247352,5,4,4,0.5555555555555556,0.5555555555555556,0.5555555555555556,0.8726769413247352,5,4,4,0.5555555555555556,0.5555555555555556,0.5555555555555556,0.8726769413247352,5,4,4,0.5555555555555556,0.5555555555555556,0.5555555555555556,0.8726769413247352,0.0003468329996394,0,100.0,0,0,0,0.0,0.0,0.0,0,0,0,0.0,0.0,0.0,0,0,0,0.0,0.0,0.0,0,0,0,0.0,0.0,0.0
COCO,118367,10,10,0,0,2,2,4,2,6,5,0,0,4,0.0149099829995975,0.0066607509997993,0.0,0.0066607509997993,0.0067649399998117,0.0217268049996164,Optimal,0,none,1.3970034011205037,0,5,100.0,100.0,100.0,2.0,1,1,9,0.5,0.1,0.1666666666666666,0.8229930160033092,1,1,9,0.5,0.1,0.1666666666666666,0.8229930160033092,1,1,9,0.5,0.1,0.1666666666666666,0.8229930160033092,1,1,9,0.5,0.1,0.1666666666666666,0.8229930160033092,3.622800022640149e-05,0,100.0,0,0,0,0.0,0.0,0.0,0,0,0,0.0,0.0,0.0,0,0,0,0.0,0.0,0.0,0,0,0,0.0,0.0,0.0
COCO,113235,4,4,0,0,3,12,6,12,18,10,0,0,6,0.015815773000213,0.0079529569998157,0.0,0.0079529569998157,0.0080912660000649,0.02400105300012,Optimal,0,none,2.6186755275726328,0,10,100.0,100.0,100.0,2.0,1,2,3,0.3333333333333333,0.25,0.2857142857142857,0.7350805785624357,1,2,3,0.3333333333333333,0.25,0.2857142857142857,0.7350805785624357,1,2,3,0.3333333333333333,0.25,0.2857142857142857,0.7350805785624357,1,2,3,0.3333333333333333,0.25,0.2857142857142857,0.7350805785624357,7.43549999242532e-05,0,100.0,0,0,0,0.0,0.0,0.0,0,0,0,0.0,0.0,0.0,0,0,0,0.0,0.0,0.0,0,0,0,0.0,0.0,0.0
COCO,311303,8,8,0,0,8,103,16,103,119,65,0,0,16,0.0146156410000912,0.0109346790000017,0.0,0.0109346790000017,0.0112421419999009,0.0261891290001585,Optimal,0,none,6.44436112212573,0,25,100.0,100.0,100.0,2.0,5,3,3,0.625,0.625,0.625,0.8335895742082647,5,3,3,0.625,0.625,0.625,0.8335895742082647,5,3,3,0.625,0.625,0.625,0.8335895742082647,5,3,3,0.625,0.625,0.625,0.8335895742082647,0.0002949069998976,0,100.0,0,0,0,0.0,0.0,0.0,0,0,0,0.0,0.0,0.0,0,0,0,0.0,0.0,0.0,0,0,0,0.0,0.0,0.0
COCO,163640,6,6,0,0,5,32,10,32,42,26,0,0,10,0.0155380530000002,0.0081736170000112,0.0,0.0081736170000112,0.0083550489998742,0.0240287309998166,Optimal,0,none,4.387752697177589,0,16,100.0,100.0,100.0,2.0,4,1,2,0.8,0.6666666666666666,0.7272727272727272,0.8699263897107847,4,1,2,0.8,0.6666666666666666,0.7272727272727272,0.8699263897107847,4,1,2,0.8,0.6666666666666666,0.7272727272727272,0.8699263897107847,4,1,2,0.8,0.6666666666666666,0.7272727272727272,0.8699263897107847,0.0001096179998967,0,100.0,0,0,0,0.0,0.0,0.0,0,0,0,0.0,0.0,0.0,0,0,0,0.0,0.0,0.0,0,0,0,0.0,0.0,0.0
COCO,370999,0,0,0,0,2,4,4,4,8,5,0,0,4,0.0131801140000789,0.0069327609999163,0.0,0.0069327609999163,0.0070314509998752,0.0202742540000144,Optimal,0,none,1.5789858849843346,0,5,100.0,100.0,100.0,2.0,0,2,0,0.0,0.0,0.0,0.0,0,2,0,0.0,0.0,0.0,0.0,0,2,0,0.0,0.0,0.0,0.0,0,2,0,0.0,0.0,0.0,0.0,4.8270000206684927e-05,0,100.0,0,0,0,0.0,0.0,0.0,0,0,0,0.0,0.0,0.0,0,0,0,0.0,0.0,0.0,0,0,0,0.0,0.0,0.0
COCO,1490,2,2,0,0,2,3,4,3,7,5,0,0,4,0.0129701979999481,0.0065464709996376,0.0,0.0065464709996376,0.0066431569998712,0.0196613799998885,Optimal,0,none,1.3066491158803304,0,5,100.0,100.0,100.0,2.0,2,0,0,1.0,1.0,1.0,0.9055431309203354,2,0,0,1.0,1.0,1.0,0.9055431309203354,2,0,0,1.0,1.0,1.0,0.9055431309203354,2,0,0,1.0,1.0,1.0,0.9055431309203354,3.472699972917326e-05,0,100.0,0,0,0,0.0,0.0,0.0,0,0,0,0.0,0.0,0.0,0,0,0,0.0,0.0,0.0,0,0,0,0.0,0.0,0.0
COCO,329456,9,9,0,0,7,65,14,65,79,49,0,0,14,0.0145583050002642,0.0092598790001829,0.0,0.0092598790001829,0.0094759650000924,0.024258809999992,Optimal,0,none,6.087270522859307,0,22,100.0,100.0,100.0,2.0,5,2,4,0.7142857142857143,0.5555555555555556,0.6250000000000001,0.885890344537023,5,2,4,0.7142857142857143,0.5555555555555556,0.6250000000000001,0.885890344537023,5,2,4,0.7142857142857143,0.5555555555555556,0.6250000000000001,0.885890344537023,5,2,4,0.7142857142857143,0.5555555555555556,0.6250000000000001,0.885890344537023,0.0001734790002956,0,100.0,0,0,0,0.0,0.0,0.0,0,0,0,0.0,0.0,0.0,0,0,0,0.0,0.0,0.0,0,0,0,0.0,0.0,0.0
COCO,570471,10,10,0,0,7,76,14,76,90,50,0,0,14,0.0169396689998393,0.0104628590001993,0.0,0.0104628590001993,0.0106881029996657,0.0278735839997352,Optimal,0,none,5.560146140257519,0,22,100.0,100.0,100.0,2.0,5,2,5,0.7142857142857143,0.5,0.588235294117647,0.9178980356973576,5,2,5,0.7142857142857143,0.5,0.588235294117647,0.9178980356973576,5,2,5,0.7142857142857143,0.5,0.588235294117647,0.9178980356973576,5,2,5,0.7142857142857143,0.5,0.588235294117647,0.9178980356973576,0.0002146599999832,0,100.0,0,0,0,0.0,0.0,0.0,0,0,0,0.0,0.0,0.0,0,0,0,0.0,0.0,0.0,0,0,0,0.0,0.0,0.0
COCO,88269,4,4,0,0,4,27,8,27,35,17,0,0,8,0.0148521189998973,0.0080763750002006,0.0,0.0080763750002006,0.0082477119999566,0.0232478439997976,Optimal,0,none,3.313065506617229,0,13,100.0,100.0,100.0,2.0,2,2,2,0.5,0.5,0.5,0.928593763192893,2,2,2,0.5,0.5,0.5,0.928593763192893,2,2,2,0.5,0.5,0.5,0.928593763192893,2,2,2,0.5,0.5,0.5,0.928593763192893,0.0001177089998236,0,100.0,0,0,0,0.0,0.0,0.0,0,0,0,0.0,0.0,0.0,0,0,0,0.0,0.0,0.0,0,0,0,0.0,0.0,0.0
COCO,260470,23,23,0,0,16,465,32,465,497,257,0,0,32,0.0172858849996373,0.0237437360001422,0.0,0.0237437360001422,0.0243608860000676,0.0427005289998305,Optimal,0,none,12.784485183520337,0,49,100.0,100.0,100.0,2.0,9,7,14,0.5625,0.391304347826087,0.4615384615384615,0.8657233584295185,9,7,14,0.5625,0.391304347826087,0.4615384615384615,0.8657233584295185,9,7,14,0.5625,0.391304347826087,0.4615384615384615,0.8657233584295185,9,7,14,0.5625,0.391304347826087,0.4615384615384615,0.8657233584295185,0.0009871500001281,0,100.0,0,0,0,0.0,0.0,0.0,0,0,0,0.0,0.0,0.0,0,0,0,0.0,0.0,0.0,0,0,0,0.0,0.0,0.0
COCO,193494,1,1,0,0,1,0,2,0,2,1,0,0,2,0.0149037589999352,0.0080925859997478,0.0,0.0080925859997478,0.0081695560002117,0.023105366999971,Optimal,0,none,0.6154029051462809,0,2,100.0,100.0,100.0,2.0,1,0,0,1.0,1.0,1.0,0.9140857748794872,1,0,0,1.0,1.0,1.0,0.9140857748794872,1,0,0,1.0,1.0,1.0,0.9140857748794872,1,0,0,1.0,1.0,1.0,0.9140857748794872,2.3234999844135015e-05,0,100.0,0,0,0,0.0,0.0,0.0,0,0,0,0.0,0.0,0.0,0,0,0,0.0,0.0,0.0,0,0,0,0.0,0.0,0.0
COCO,252776,5,5,0,0,4,22,8,22,30,17,0,0,8,0.0146509450000849,0.008098850999886,0.0,0.008098850999886,0.0082589180001377,0.0230250899999191,Optimal,0,none,3.588173170975078,0,13,100.0,100.0,100.0,2.0,3,1,2,0.75,0.6,0.6666666666666665,0.94926423943288,3,1,2,0.75,0.6,0.6666666666666665,0.94926423943288,3,1,2,0.75,0.6,0.6666666666666665,0.94926423943288,3,1,2,0.75,0.6,0.6666666666666665,0.94926423943288,9.01130001693673e-05,0,100.0,0,0,0,0.0,0.0,0.0,0,0,0,0.0,0.0,0.0,0,0,0,0.0,0.0,0.0,0,0,0,0.0,0.0,0.0
COCO,201072,5,5,0,0,8,86,16,86,102,65,0,0,16,0.0152294549998259,0.0099384909999571,0.0,0.0099384909999571,0.0101792229997954,0.0257113679999747,Optimal,0,none,6.43046167791332,0,25,100.0,100.0,100.0,2.0,5,3,0,0.625,1.0,0.7692307692307693,0.8203950224635678,5,3,0,0.625,1.0,0.7692307692307693,0.8203950224635678,5,3,0,0.625,1.0,0.7692307692307693,0.8203950224635678,5,3,0,0.625,1.0,0.7692307692307693,0.8203950224635678,0.0002620260002004,0,100.0,0,0,0,0.0,0.0,0.0,0,0,0,0.0,0.0,0.0,0,0,0,0.0,0.0,0.0,0,0,0,0.0,0.0,0.0
COCO,18150,7,7,0,0,3,6,6,6,12,10,0,0,6,0.0153922969998347,0.0067441810001582,0.0,0.0067441810001582,0.006861458000003,0.0223162879997289,Optimal,0,none,2.6142064237594607,0,10,100.0,100.0,100.0,2.0,3,0,4,1.0,0.4285714285714285,0.6,0.8995785349642255,3,0,4,1.0,0.4285714285714285,0.6,0.8995785349642255,3,0,4,1.0,0.4285714285714285,0.6,0.8995785349642255,3,0,4,1.0,0.4285714285714285,0.6,0.8995785349642255,4.36589998571435e-05,0,100.0,0,0,0,0.0,0.0,0.0,0,0,0,0.0,0.0,0.0,0,0,0,0.0,0.0,0.0,0,0,0,0.0,0.0,0.0
COCO,337498,6,6,0,0,5,44,10,44,54,26,0,0,10,0.015157518000251,0.0088015949995678,0.0,0.0088015949995678,0.0089803400001073,0.0242891050002072,Optimal,0,none,4.320547805020395,0,16,100.0,100.0,100.0,2.0,4,1,2,0.8,0.6666666666666666,0.7272727272727272,0.9092122264347658,4,1,2,0.8,0.6666666666666666,0.7272727272727272,0.9092122264347658,4,1,2,0.8,0.6666666666666666,0.7272727272727272,0.9092122264347658,4,1,2,0.8,0.6666666666666666,0.7272727272727272,0.9092122264347658,0.0001257280000572,0,100.0,0,0,0,0.0,0.0,0.0,0,0,0,0.0,0.0,0.0,0,0,0,0.0,0.0,0.0,0,0,0,0.0,0.0,0.0
COCO,521405,2,2,0,0,1,0,2,0,2,1,0,0,2,0.0141143659998306,0.0063482600003226,0.0,0.0063482600003226,0.0064197389997389,0.0205629560000488,Optimal,0,none,0.4171760479609172,0,2,100.0,100.0,100.0,2.0,1,0,1,1.0,0.5,0.6666666666666666,0.8180909534359526,1,0,1,1.0,0.5,0.6666666666666666,0.8180909534359526,1,0,1,1.0,0.5,0.6666666666666666,0.8180909534359526,1,0,1,1.0,0.5,0.6666666666666666,0.8180909534359526,2.102999997077859e-05,0,100.0,0,0,0,0.0,0.0,0.0,0,0,0,0.0,0.0,0.0,0,0,0,0.0,0.0,0.0,0,0,0,0.0,0.0,0.0
COCO,518770,22,22,0,0,13,285,26,285,311,170,0,0,26,0.0159944280003401,0.0182442880000053,0.0,0.0182442880000053,0.0186947170000166,0.035447750000003,Optimal,0,none,10.676603817145033,0,40,100.0,100.0,100.0,2.0,10,3,12,0.7692307692307693,0.4545454545454545,0.5714285714285714,0.831760543079157,10,3,12,0.7692307692307693,0.4545454545454545,0.5714285714285714,0.831760543079157,10,3,12,0.7692307692307693,0.4545454545454545,0.5714285714285714,0.831760543079157,10,3,12,0.7692307692307693,0.4545454545454545,0.5714285714285714,0.831760543079157,0.0006897499997648,0,100.0,0,0,0,0.0,0.0,0.0,0,0,0,0.0,0.0,0.0,0,0,0,0.0,0.0,0.0,0,0,0,0.0,0.0,0.0
COCO,201646,4,4,0,0,2,4,4,4,8,5,0,0,4,0.0133130239996717,0.0068371699999261,0.0,0.0068371699999261,0.0069335799998953,0.0202964619998056,Optimal,0,none,1.41323134024938,0,5,100.0,100.0,100.0,2.0,1,1,3,0.5,0.25,0.3333333333333333,0.975574034698679,1,1,3,0.5,0.25,0.3333333333333333,0.975574034698679,1,1,3,0.5,0.25,0.3333333333333333,0.975574034698679,1,1,3,0.5,0.25,0.3333333333333333,0.975574034698679,3.688800006784732e-05,0,100.0,0,0,0,0.0,0.0,0.0,0,0,0,0.0,0.0,0.0,0,0,0,0.0,0.0,0.0,0,0,0,0.0,0.0,0.0
COCO,36936,22,22,0,0,13,315,26,315,341,170,0,0,26,0.016090867999992,0.0180428529997698,0.0,0.0180428529997698,0.0185480119998828,0.0354272829999899,Optimal,0,none,10.571782983995552,0,40,100.0,100.0,100.0,2.0,8,5,14,0.6153846153846154,0.3636363636363636,0.4571428571428572,0.7772250023568317,8,5,14,0.6153846153846154,0.3636363636363636,0.4571428571428572,0.7772250023568317,8,5,14,0.6153846153846154,0.3636363636363636,0.4571428571428572,0.7772250023568317,8,5,14,0.6153846153846154,0.3636363636363636,0.4571428571428572,0.7772250023568317,0.0007297429997379,0,100.0,0,0,0,0.0,0.0,0.0,0,0,0,0.0,0.0,0.0,0,0,0,0.0,0.0,0.0,0,0,0,0.0,0.0,0.0
COCO,59044,20,20,0,0,13,273,26,273,299,170,0,0,26,0.0151330359999519,0.0172861000000921,0.0,0.0172861000000921,0.0177647659998001,0.0335962079998353,Optimal,0,none,10.20602103630702,0,40,100.0,100.0,100.0,2.0,9,4,11,0.6923076923076923,0.45,0.5454545454545455,0.8573211334930854,9,4,11,0.6923076923076923,0.45,0.5454545454545455,0.8573211334930854,9,4,11,0.6923076923076923,0.45,0.5454545454545455,0.8573211334930854,9,4,11,0.6923076923076923,0.45,0.5454545454545455,0.8573211334930854,0.0006443709999075,0,100.0,0,0,0,0.0,0.0,0.0,0,0,0,0.0,0.0,0.0,0,0,0,0.0,0.0,0.0,0,0,0,0.0,0.0,0.0
COCO,172946,21,21,0,0,10,165,20,165,185,101,0,0,20,0.0143421339998894,0.0132598630002576,0.0,0.0132598630002576,0.0136005019999174,0.0283906330000718,Optimal,0,none,8.031106521562892,0,31,100.0,100.0,100.0,2.0,9,1,12,0.9,0.4285714285714285,0.5806451612903225,0.8217836488922646,9,1,12,0.9,0.4285714285714285,0.5806451612903225,0.8217836488922646,9,1,12,0.9,0.4285714285714285,0.5806451612903225,0.8217836488922646,9,1,12,0.9,0.4285714285714285,0.5806451612903225,0.8217836488922646,0.0004040819999318,0,100.0,0,0,0,0.0,0.0,0.0,0,0,0,0.0,0.0,0.0,0,0,0,0.0,0.0,0.0,0,0,0,0.0,0.0,0.0
COCO,234607,5,5,0,0,4,24,8,24,32,17,0,0,8,0.0143296319997716,0.0075612129999171,0.0,0.0075612129999171,0.0077287379999688,0.0221815370000513,Optimal,0,none,3.0723637143424547,0,13,100.0,100.0,100.0,2.0,3,1,2,0.75,0.6,0.6666666666666665,0.6687653720416579,3,1,2,0.75,0.6,0.6666666666666665,0.6687653720416579,3,1,2,0.75,0.6,0.6666666666666665,0.6687653720416579,3,1,2,0.75,0.6,0.6666666666666665,0.6687653720416579,9.735499997987064e-05,0,100.0,0,0,0,0.0,0.0,0.0,0,0,0,0.0,0.0,0.0,0,0,0,0.0,0.0,0.0,0,0,0,0.0,0.0,0.0
COCO,532690,5,5,0,0,7,89,14,89,103,50,0,0,14,0.0165395059998445,0.011004302999936,0.0,0.011004302999936,0.0112889560000439,0.0281655089997912,Optimal,0,none,5.684211950707675,0,22,100.0,100.0,100.0,2.0,4,3,1,0.5714285714285714,0.8,0.6666666666666666,0.8177469461687633,4,3,1,0.5714285714285714,0.8,0.6666666666666666,0.8177469461687633,4,3,1,0.5714285714285714,0.8,0.6666666666666666,0.8177469461687633,4,3,1,0.5714285714285714,0.8,0.6666666666666666,0.8177469461687633,0.0002850819996638,0,100.0,0,0,0,0.0,0.0,0.0,0,0,0,0.0,0.0,0.0,0,0,0,0.0,0.0,0.0,0,0,0,0.0,0.0,0.0
COCO,323895,3,3,0,0,2,4,4,4,8,5,0,0,4,0.0155074689996581,0.0069060339997122,0.0,0.0069060339997122,0.0070148269996934,0.0225780979999399,Optimal,0,none,1.4329256327946984,0,5,100.0,100.0,100.0,2.0,2,0,1,1.0,0.6666666666666666,0.8,0.8836660044692364,2,0,1,1.0,0.6666666666666666,0.8,0.8836660044692364,2,0,1,1.0,0.6666666666666666,0.8,0.8836660044692364,2,0,1,1.0,0.6666666666666666,0.8,0.8836660044692364,4.114400007892982e-05,0,100.0,0,0,0,0.0,0.0,0.0,0,0,0,0.0,0.0,0.0,0,0,0,0.0,0.0,0.0,0,0,0,0.0,0.0,0.0
COCO,384670,4,4,0,0,3,12,6,12,18,10,0,0,6,0.014052568000352,0.0075121990003026,0.0,0.0075121990003026,0.0076675709997289,0.0218098909999753,Optimal,0,none,2.803930339813233,0,10,100.0,100.0,100.0,2.0,3,0,1,1.0,0.75,0.8571428571428571,0.922308377447776,3,0,1,1.0,0.75,0.8571428571428571,0.922308377447776,3,0,1,1.0,0.75,0.8571428571428571,0.922308377447776,3,0,1,1.0,0.75,0.8571428571428571,0.922308377447776,6.801000017730985e-05,0,100.0,0,0,0,0.0,0.0,0.0,0,0,0,0.0,0.0,0.0,0,0,0,0.0,0.0,0.0,0,0,0,0.0,0.0,0.0
COCO,50326,3,3,0,0,2,2,4,2,6,5,0,0,4,0.0125742889999855,0.0065424360000179,0.0,0.0065424360000179,0.0066379560003042,0.0192683420000321,Optimal,0,none,1.3042979367574057,0,5,100.0,100.0,100.0,2.0,1,1,2,0.5,0.3333333333333333,0.4,0.9334470440710452,1,1,2,0.5,0.3333333333333333,0.4,0.9334470440710452,1,1,2,0.5,0.3333333333333333,0.4,0.9334470440710452,1,1,2,0.5,0.3333333333333333,0.4,0.9334470440710452,3.3786000130930915e-05,0,100.0,0,0,0,0.0,0.0,0.0,0,0,0,0.0,0.0,0.0,0,0,0,0.0,0.0,0.0,0,0,0,0.0,0.0,0.0
COCO,205542,1,1,0,0,1,0,2,0,2,1,0,0,2,0.0142666349997853,0.0065951400001722,0.0,0.0065951400001722,0.0066646549998949,0.0209616080001069,Optimal,0,none,0.634652558962504,0,2,100.0,100.0,100.0,2.0,1,0,0,1.0,1.0,1.0,0.9489499488430384,1,0,0,1.0,1.0,1.0,0.9489499488430384,1,0,0,1.0,1.0,1.0,0.9489499488430384,1,0,0,1.0,1.0,1.0,0.9489499488430384,2.1858999843971105e-05,0,100.0,0,0,0,0.0,0.0,0.0,0,0,0,0.0,0.0,0.0,0,0,0,0.0,0.0,0.0,0,0,0,0.0,0.0,0.0
COCO,217957,1,1,0,0,1,0,2,0,2,1,0,0,2,0.01522710800009,0.0064600880000398,0.0,0.0064600880000398,0.0065320780004185,0.021790964000047,Optimal,0,none,0.5328731934229534,0,2,100.0,100.0,100.0,2.0,1,0,0,1.0,1.0,1.0,0.8487018978666845,1,0,0,1.0,1.0,1.0,0.8487018978666845,1,0,0,1.0,1.0,1.0,0.8487018978666845,1,0,0,1.0,1.0,1.0,0.8487018978666845,2.2740000076737488e-05,0,100.0,0,0,0,0.0,0.0,0.0,0,0,0,0.0,0.0,0.0,0,0,0,0.0,0.0,0.0,0,0,0,0.0,0.0,0.0
COCO,162035,5,5,0,0,4,24,8,24,32,17,0,0,8,0.0146645579998221,0.0073416209997958,0.0,0.0073416209997958,0.00748677699994,0.0222541970001657,Optimal,0,none,3.1164757219950365,0,13,100.0,100.0,100.0,2.0,3,1,2,0.75,0.6,0.6666666666666665,0.9469053117589766,3,1,2,0.75,0.6,0.6666666666666665,0.9469053117589766,3,1,2,0.75,0.6,0.6666666666666665,0.9469053117589766,3,1,2,0.75,0.6,0.6666666666666665,0.9469053117589766,8.207200016840943e-05,0,100.0,0,0,0,0.0,0.0,0.0,0,0,0,0.0,0.0,0.0,0,0,0,0.0,0.0,0.0,0,0,0,0.0,0.0,0.0
COCO,415727,11,11,0,0,3,12,6,12,18,10,0,0,6,0.0142087630001697,0.0085888619996694,0.0,0.0085888619996694,0.0087229439996008,0.0230169559999922,Optimal,0,none,2.4658404207229623,0,10,100.0,100.0,100.0,2.0,3,0,8,1.0,0.2727272727272727,0.4285714285714285,0.8761020348685618,3,0,8,1.0,0.2727272727272727,0.4285714285714285,0.8761020348685618,3,0,8,1.0,0.2727272727272727,0.4285714285714285,0.8761020348685618,3,0,8,1.0,0.2727272727272727,0.4285714285714285,0.8761020348685618,6.40510002085648e-05,0,100.0,0,0,0,0.0,0.0,0.0,0,0,0,0.0,0.0,0.0,0,0,0,0.0,0.0,0.0,0,0,0,0.0,0.0,0.0
COCO,46252,5,5,0,0,6,47,12,47,59,37,0,0,12,0.0161467549996814,0.0093909160000293,0.0,0.0093909160000293,0.0095924899997044,0.0259376240001074,Optimal,0,none,5.155201878544343,0,19,100.0,100.0,100.0,2.0,5,1,0,0.8333333333333334,1.0,0.9090909090909092,0.8288402795774221,5,1,0,0.8333333333333334,1.0,0.9090909090909092,0.8288402795774221,5,1,0,0.8333333333333334,1.0,0.9090909090909092,0.8288402795774221,5,1,0,0.8333333333333334,1.0,0.9090909090909092,0.8288402795774221,0.0001684710000517,0,100.0,0,0,0,0.0,0.0,0.0,0,0,0,0.0,0.0,0.0,0,0,0,0.0,0.0,0.0,0,0,0,0.0,0.0,0.0
COCO,182021,5,5,0,0,2,4,4,4,8,5,0,0,4,0.0141196609997678,0.0070434620001833,0.0,0.0070434620001833,0.0071563550000064,0.0213349790001302,Optimal,0,none,1.5236757787068689,0,5,100.0,100.0,100.0,2.0,2,0,3,1.0,0.4,0.5714285714285715,0.8738058947937053,2,0,3,1.0,0.4,0.5714285714285715,0.8738058947937053,2,0,3,1.0,0.4,0.5714285714285715,0.8738058947937053,2,0,3,1.0,0.4,0.5714285714285715,0.8738058947937053,4.371600016384036e-05,0,100.0,0,0,0,0.0,0.0,0.0,0,0,0,0.0,0.0,0.0,0,0,0,0.0,0.0,0.0,0,0,0,0.0,0.0,0.0
COCO,231747,15,15,0,0,3,10,6,10,16,10,0,0,6,0.0152506889999131,0.0068870340001012,0.0,0.0068870340001012,0.0070228869999482,0.0223539449998497,Optimal,0,none,2.5266716790199286,0,10,100.0,100.0,100.0,2.0,1,2,14,0.3333333333333333,0.0666666666666666,0.1111111111111111,0.9077236840081676,1,2,14,0.3333333333333333,0.0666666666666666,0.1111111111111111,0.9077236840081676,1,2,14,0.3333333333333333,0.0666666666666666,0.1111111111111111,0.9077236840081676,1,2,14,0.3333333333333333,0.0666666666666666,0.1111111111111111,0.9077236840081676,5.9481999869603897e-05,0,100.0,0,0,0,0.0,0.0,0.0,0,0,0,0.0,0.0,0.0,0,0,0,0.0,0.0,0.0,0,0,0,0.0,0.0,0.0
COCO,90284,2,2,0,0,2,4,4,4,8,5,0,0,4,0.0154060459999527,0.0068197300001884,0.0,0.0068197300001884,0.0069223190002958,0.0223800079998,Optimal,0,none,1.5094906218846638,0,5,100.0,100.0,100.0,2.0,2,0,0,1.0,1.0,1.0,0.9421793899846144,2,0,0,1.0,1.0,1.0,0.9421793899846144,2,0,0,1.0,1.0,1.0,0.9421793899846144,2,0,0,1.0,1.0,1.0,0.9421793899846144,3.796900000452297e-05,0,100.0,0,0,0,0.0,0.0,0.0,0,0,0,0.0,0.0,0.0,0,0,0,0.0,0.0,0.0,0,0,0,0.0,0.0,0.0
COCO,286553,18,18,0,0,10,169,20,169,189,101,0,0,20,0.0156157390001681,0.0139447299998209,0.0,0.0139447299998209,0.0143234239999401,0.0304872420001629,Optimal,0,none,8.37928347720032,0,31,100.0,100.0,100.0,2.0,8,2,10,0.8,0.4444444444444444,0.5714285714285714,0.8660496627138461,8,2,10,0.8,0.4444444444444444,0.5714285714285714,0.8660496627138461,8,2,10,0.8,0.4444444444444444,0.5714285714285714,0.8660496627138461,8,2,10,0.8,0.4444444444444444,0.5714285714285714,0.8660496627138461,0.0005000139999538,0,100.0,0,0,0,0.0,0.0,0.0,0,0,0,0.0,0.0,0.0,0,0,0,0.0,0.0,0.0,0,0,0,0.0,0.0,0.0
COCO,488736,2,2,0,0,2,2,4,2,6,5,0,0,4,0.0158787309997023,0.0070051030002105,0.0,0.0070051030002105,0.0071117909997155,0.0230432499997732,Optimal,0,none,1.4840525992711382,0,5,100.0,100.0,100.0,2.0,2,0,0,1.0,1.0,1.0,0.9026703529625753,2,0,0,1.0,1.0,1.0,0.9026703529625753,2,0,0,1.0,1.0,1.0,0.9026703529625753,2,0,0,1.0,1.0,1.0,0.9026703529625753,3.728199999386561e-05,0,100.0,0,0,0,0.0,0.0,0.0,0,0,0,0.0,0.0,0.0,0,0,0,0.0,0.0,0.0,0,0,0,0.0,0.0,0.0
COCO,63602,8,8,0,0,2,2,4,2,6,5,0,0,4,0.0137970729997505,0.0065755949999584,0.0,0.0065755949999584,0.0066774140000234,0.0205362719998447,Optimal,0,none,1.532375825246175,0,5,100.0,100.0,100.0,2.0,2,0,6,1.0,0.25,0.4,0.8943323950655163,2,0,6,1.0,0.25,0.4,0.8943323950655163,2,0,6,1.0,0.25,0.4,0.8943323950655163,2,0,6,1.0,0.25,0.4,0.8943323950655163,4.717299998446833e-05,0,100.0,0,0,0,0.0,0.0,0.0,0,0,0,0.0,0.0,0.0,0,0,0,0.0,0.0,0.0,0,0,0,0.0,0.0,0.0
COCO,383386,4,4,0,0,3,6,6,6,12,10,0,0,6,0.0144269219999841,0.0065816209998956,0.0,0.0065816209998956,0.0067236650002087,0.0212194559999261,Optimal,0,none,2.63794454574585,0,10,100.0,100.0,100.0,2.0,3,0,1,1.0,0.75,0.8571428571428571,0.9500904647182716,3,0,1,1.0,0.75,0.8571428571428571,0.9500904647182716,3,0,1,1.0,0.75,0.8571428571428571,0.9500904647182716,3,0,1,1.0,0.75,0.8571428571428571,0.9500904647182716,4.7757999709574506e-05,0,100.0,0,0,0,0.0,0.0,0.0,0,0,0,0.0,0.0,0.0,0,0,0,0.0,0.0,0.0,0,0,0,0.0,0.0,0.0
COCO,450686,2,2,0,0,2,4,4,4,8,5,0,0,4,0.0133554129997719,0.0078661810002813,0.0,0.0078661810002813,0.0079788120001467,0.0213991549999263,Optimal,0,none,1.4852408917744957,0,5,100.0,100.0,100.0,2.0,2,0,0,1.0,1.0,1.0,0.867341779930295,2,0,0,1.0,1.0,1.0,0.867341779930295,2,0,0,1.0,1.0,1.0,0.867341779930295,2,0,0,1.0,1.0,1.0,0.867341779930295,5.027999986850773e-05,0,100.0,0,0,0,0.0,0.0,0.0,0,0,0,0.0,0.0,0.0,0,0,0,0.0,0.0,0.0,0,0,0,0.0,0.0,0.0
COCO,5060,2,2,0,0,3,12,6,12,18,10,0,0,6,0.0145567619997564,0.0071159079998324,0.0,0.0071159079998324,0.0072670610002205,0.0219064119996801,Optimal,0,none,2.2991521692276007,0,10,100.0,100.0,100.0,2.0,1,2,1,0.3333333333333333,0.5,0.4,0.8270077823111914,1,2,1,0.3333333333333333,0.5,0.4,0.8270077823111914,1,2,1,0.3333333333333333,0.5,0.4,0.8270077823111914,1,2,1,0.3333333333333333,0.5,0.4,0.8270077823111914,6.280700017669005e-05,0,100.0,0,0,0,0.0,0.0,0.0,0,0,0,0.0,0.0,0.0,0,0,0,0.0,0.0,0.0,0,0,0,0.0,0.0,0.0
COCO,286523,2,2,0,0,5,42,10,42,52,26,0,0,10,0.015004891999979,0.0081743360001382,0.0,0.0081743360001382,0.0083721229998445,0.0235308139999688,Optimal,0,none,3.804845770200095,0,16,100.0,100.0,100.0,2.0,2,3,0,0.4,1.0,0.5714285714285715,0.8822373870545746,2,3,0,0.4,1.0,0.5714285714285715,0.8822373870545746,2,3,0,0.4,1.0,0.5714285714285715,0.8822373870545746,2,3,0,0.4,1.0,0.5714285714285715,0.8822373870545746,0.0001273759999094,0,100.0,0,0,0,0.0,0.0,0.0,0,0,0,0.0,0.0,0.0,0,0,0,0.0,0.0,0.0,0,0,0,0.0,0.0,0.0
COCO,120420,26,26,0,0,9,135,18,135,153,82,0,0,18,0.0170975840001119,0.0125320819997796,0.0,0.0125320819997796,0.0128655989997241,0.030382006000309,Optimal,0,none,7.309163084030154,0,28,100.0,100.0,100.0,2.0,8,1,18,0.8888888888888888,0.3076923076923077,0.4571428571428572,0.8474267422969297,8,1,18,0.8888888888888888,0.3076923076923077,0.4571428571428572,0.8474267422969297,8,1,18,0.8888888888888888,0.3076923076923077,0.4571428571428572,0.8474267422969297,8,1,18,0.8888888888888888,0.3076923076923077,0.4571428571428572,0.8474267422969297,0.0003775629998017,0,100.0,0,0,0,0.0,0.0,0.0,0,0,0,0.0,0.0,0.0,0,0,0,0.0,0.0,0.0,0,0,0,0.0,0.0,0.0
COCO,579655,16,16,0,0,2,6,4,6,10,5,0,0,4,0.0128364980000696,0.0066586349998942,0.0,0.0066586349998942,0.0067677970000659,0.0196682660002807,Optimal,0,none,1.355353954633077,0,5,100.0,100.0,100.0,2.0,2,0,14,1.0,0.125,0.2222222222222222,0.7751295660964403,2,0,14,1.0,0.125,0.2222222222222222,0.7751295660964403,2,0,14,1.0,0.125,0.2222222222222222,0.7751295660964403,2,0,14,1.0,0.125,0.2222222222222222,0.7751295660964403,4.841999998461688e-05,0,100.0,0,0,0,0.0,0.0,0.0,0,0,0,0.0,0.0,0.0,0,0,0,0.0,0.0,0.0,0,0,0,0.0,0.0,0.0
COCO,117908,9,9,0,0,6,54,12,54,66,37,0,0,12,0.0139321860001473,0.0094788820001667,0.0,0.0094788820001667,0.0097046300002148,0.0238675649998185,Optimal,0,none,4.829058122634889,0,19,100.0,100.0,100.0,2.0,4,2,5,0.6666666666666666,0.4444444444444444,0.5333333333333333,0.8848111978268024,4,2,5,0.6666666666666666,0.4444444444444444,0.5333333333333333,0.8848111978268024,4,2,5,0.6666666666666666,0.4444444444444444,0.5333333333333333,0.8848111978268024,4,2,5,0.6666666666666666,0.4444444444444444,0.5333333333333333,0.8848111978268024,0.0001955039997483,0,100.0,0,0,0,0.0,0.0,0.0,0,0,0,0.0,0.0,0.0,0,0,0,0.0,0.0,0.0,0,0,0,0.0,0.0,0.0
COCO,550322,6,6,0,0,5,34,10,34,44,26,0,0,10,0.0147759680003218,0.0078917360001469,0.0,0.0078917360001469,0.0080754089999572,0.0229818150000937,Optimal,0,none,3.979320617516837,0,16,100.0,100.0,100.0,2.0,2,3,4,0.4,0.3333333333333333,0.3636363636363636,0.7627840592800125,2,3,4,0.4,0.3333333333333333,0.3636363636363636,0.7627840592800125,2,3,4,0.4,0.3333333333333333,0.3636363636363636,0.7627840592800125,2,3,4,0.4,0.3333333333333333,0.3636363636363636,0.7627840592800125,0.0001056290002452,0,100.0,0,0,0,0.0,0.0,0.0,0,0,0,0.0,0.0,0.0,0,0,0,0.0,0.0,0.0,0,0,0,0.0,0.0,0.0
COCO,322844,2,2,0,0,3,10,6,10,16,10,0,0,6,0.0168827520001286,0.0076537380000445,0.0,0.0076537380000445,0.0078466700001627,0.0248604729999897,Optimal,0,none,2.298661406040192,0,10,100.0,100.0,100.0,2.0,2,1,0,0.6666666666666666,1.0,0.8,0.7131785703696225,2,1,0,0.6666666666666666,1.0,0.8,0.7131785703696225,2,1,0,0.6666666666666666,1.0,0.8,0.7131785703696225,2,1,0,0.6666666666666666,1.0,0.8,0.7131785703696225,9.69299999269424e-05,0,100.0,0,0,0,0.0,0.0,0.0,0,0,0,0.0,0.0,0.0,0,0,0,0.0,0.0,0.0,0,0,0,0.0,0.0,0.0
COCO,218362,8,8,0,0,4,24,8,24,32,17,0,0,8,0.0154839699998774,0.0084565189999921,0.0,0.0084565189999921,0.0086271080003825,0.0242417630001909,Optimal,0,none,2.9927268401781726,0,13,100.0,100.0,100.0,2.0,2,2,6,0.5,0.25,0.3333333333333333,0.937701447940108,2,2,6,0.5,0.25,0.3333333333333333,0.937701447940108,2,2,6,0.5,0.25,0.3333333333333333,0.937701447940108,2,2,6,0.5,0.25,0.3333333333333333,0.937701447940108,0.0001045440003508,0,100.0,0,0,0,0.0,0.0,0.0,0,0,0,0.0,0.0,0.0,0,0,0,0.0,0.0,0.0,0,0,0,0.0,0.0,0.0
COCO,213224,6,6,0,0,10,166,20,166,186,101,0,0,20,0.0165542909999203,0.0150264099997912,0.0,0.0150264099997912,0.0153772789999493,0.032404434,Optimal,0,none,7.997672268549604,0,31,100.0,100.0,100.0,2.0,4,6,2,0.4,0.6666666666666666,0.5,0.8979722434985224,4,6,2,0.4,0.6666666666666666,0.5,0.8979722434985224,4,6,2,0.4,0.6666666666666666,0.5,0.8979722434985224,4,6,2,0.4,0.6666666666666666,0.5,0.8979722434985224,0.0004263920000084,0,100.0,0,0,0,0.0,0.0,0.0,0,0,0,0.0,0.0,0.0,0,0,0,0.0,0.0,0.0,0,0,0,0.0,0.0,0.0
COCO,223747,3,3,0,0,2,4,4,4,8,5,0,0,4,0.0131876150003336,0.006990074999976,0.0,0.006990074999976,0.0070962989998406,0.0203360700002122,Optimal,0,none,1.1082227381070455,0,5,100.0,100.0,100.0,2.0,0,2,3,0.0,0.0,0.0,0.6519603900993971,0,2,3,0.0,0.0,0.0,0.6519603900993971,0,2,3,0.0,0.0,0.0,0.6519603900993971,0,2,3,0.0,0.0,0.0,0.6519603900993971,3.810299995166133e-05,0,100.0,0,0,0,0.0,0.0,0.0,0,0,0,0.0,0.0,0.0,0,0,0,0.0,0.0,0.0,0,0,0,0.0,0.0,0.0
COCO,297578,10,10,0,0,5,34,10,34,44,26,0,0,10,0.0131247309996069,0.0088299929998356,0.0,0.0088299929998356,0.0090083889999732,0.0222752249997029,Optimal,0,none,4.281995297273001,0,16,100.0,100.0,100.0,2.0,5,0,5,1.0,0.5,0.6666666666666666,0.8123425380073479,5,0,5,1.0,0.5,0.6666666666666666,0.8123425380073479,5,0,5,1.0,0.5,0.6666666666666666,0.8123425380073479,5,0,5,1.0,0.5,0.6666666666666666,0.8123425380073479,0.0001165400003628,0,100.0,0,0,0,0.0,0.0,0.0,0,0,0,0.0,0.0,0.0,0,0,0,0.0,0.0,0.0,0,0,0,0.0,0.0,0.0
COCO,458992,4,4,0,0,5,40,10,40,50,26,0,0,10,0.0153747570002451,0.0091095070001756,0.0,0.0091095070001756,0.0093102460000409,0.0248601670000425,Optimal,0,none,4.297730885346732,0,16,100.0,100.0,100.0,2.0,2,3,2,0.4,0.5,0.4444444444444445,0.9689432985424112,2,3,2,0.4,0.5,0.4444444444444445,0.9689432985424112,2,3,2,0.4,0.5,0.4444444444444445,0.9689432985424112,2,3,2,0.4,0.5,0.4444444444444445,0.9689432985424112,0.0001471189998483,0,100.0,0,0,0,0.0,0.0,0.0,0,0,0,0.0,0.0,0.0,0,0,0,0.0,0.0,0.0,0,0,0,0.0,0.0,0.0
COCO,78266,15,15,0,0,1,0,2,0,2,1,0,0,2,0.0153667790000326,0.0065216459997827,0.0,0.0065216459997827,0.0065902000001187,0.0219859499998165,Optimal,0,none,0.4805604616800944,0,2,100.0,100.0,100.0,2.0,0,1,15,0.0,0.0,0.0,0.0,0,1,15,0.0,0.0,0.0,0.0,0,1,15,0.0,0.0,0.0,0.0,0,1,15,0.0,0.0,0.0,0.0,2.111000003424124e-05,0,100.0,0,0,0,0.0,0.0,0.0,0,0,0,0.0,0.0,0.0,0,0,0,0.0,0.0,0.0,0,0,0,0.0,0.0,0.0
COCO,164602,6,6,0,0,3,8,6,8,14,10,0,0,6,0.0154391749997557,0.0070920160001151,0.0,0.0070920160001151,0.0072302220000892,0.0227620219998243,Optimal,0,none,2.420210387706757,0,10,100.0,100.0,100.0,2.0,2,1,4,0.6666666666666666,0.3333333333333333,0.4444444444444444,0.8206120707890363,2,1,4,0.6666666666666666,0.3333333333333333,0.4444444444444444,0.8206120707890363,2,1,4,0.6666666666666666,0.3333333333333333,0.4444444444444444,0.8206120707890363,2,1,4,0.6666666666666666,0.3333333333333333,0.4444444444444444,0.8206120707890363,7.12579999344598e-05,0,100.0,0,0,0,0.0,0.0,0.0,0,0,0,0.0,0.0,0.0,0,0,0,0.0,0.0,0.0,0,0,0,0.0,0.0,0.0
COCO,440475,26,26,0,0,8,107,16,107,123,65,0,0,16,0.0145321370000601,0.0108195320003687,0.0,0.0108195320003687,0.011122534000151,0.0260286630000337,Optimal,0,none,6.461389677766753,0,25,100.0,100.0,100.0,2.0,5,3,21,0.625,0.1923076923076923,0.2941176470588235,0.7828076450952566,5,3,21,0.625,0.1923076923076923,0.2941176470588235,0.7828076450952566,5,3,21,0.625,0.1923076923076923,0.2941176470588235,0.7828076450952566,5,3,21,0.625,0.1923076923076923,0.2941176470588235,0.7828076450952566,0.0003329219998704,0,100.0,0,0,0,0.0,0.0,0.0,0,0,0,0.0,0.0,0.0,0,0,0,0.0,0.0,0.0,0,0,0,0.0,0.0,0.0
COCO,101762,2,2,0,0,2,4,4,4,8,5,0,0,4,0.0140307980000216,0.0066609620002964,0.0,0.0066609620002964,0.0067703239997172,0.0208543280000412,Optimal,0,none,1.5245363744099936,0,5,100.0,100.0,100.0,2.0,2,0,0,1.0,1.0,1.0,0.8099170356554997,2,0,0,1.0,1.0,1.0,0.8099170356554997,2,0,0,1.0,1.0,1.0,0.8099170356554997,2,0,0,1.0,1.0,1.0,0.8099170356554997,3.903599963450688e-05,0,100.0,0,0,0,0.0,0.0,0.0,0,0,0,0.0,0.0,0.0,0,0,0,0.0,0.0,0.0,0,0,0,0.0,0.0,0.0
COCO,557501,2,2,0,0,2,2,4,2,6,5,0,0,4,0.0137413740003466,0.0063853990000097,0.0,0.0063853990000097,0.0064840860000003,0.0202719430003526,Optimal,0,none,1.425895155270894,0,5,100.0,100.0,100.0,2.0,2,0,0,1.0,1.0,1.0,0.901446982380051,2,0,0,1.0,1.0,1.0,0.901446982380051,2,0,0,1.0,1.0,1.0,0.901446982380051,2,0,0,1.0,1.0,1.0,0.901446982380051,3.2745999760663835e-05,0,100.0,0,0,0,0.0,0.0,0.0,0,0,0,0.0,0.0,0.0,0,0,0,0.0,0.0,0.0,0,0,0,0.0,0.0,0.0
COCO,203317,1,1,0,0,1,0,2,0,2,1,0,0,2,0.0162571170003502,0.0068544470000233,0.0,0.0068544470000233,0.006928302000233,0.0232170160002169,Optimal,0,none,0.6421681801478067,0,2,100.0,100.0,100.0,2.0,1,0,0,1.0,1.0,1.0,0.9783740828404816,1,0,0,1.0,1.0,1.0,0.9783740828404816,1,0,0,1.0,1.0,1.0,0.9783740828404816,1,0,0,1.0,1.0,1.0,0.9783740828404816,2.270400000270456e-05,0,100.0,0,0,0,0.0,0.0,0.0,0,0,0,0.0,0.0,0.0,0,0,0,0.0,0.0,0.0,0,0,0,0.0,0.0,0.0
COCO,368940,1,1,0,0,2,4,4,4,8,5,0,0,4,0.0149774090000391,0.0069282539998312,0.0,0.0069282539998312,0.0070264470000438,0.0220585540000683,Optimal,0,none,1.2648962091064426,0,5,100.0,100.0,100.0,2.0,1,1,0,0.5,1.0,0.6666666666666666,0.7949256734460757,1,1,0,0.5,1.0,0.6666666666666666,0.7949256734460757,1,1,0,0.5,1.0,0.6666666666666666,0.7949256734460757,1,1,0,0.5,1.0,0.6666666666666666,0.7949256734460757,4.112800024813623e-05,0,100.0,0,0,0,0.0,0.0,0.0,0,0,0,0.0,0.0,0.0,0,0,0,0.0,0.0,0.0,0,0,0,0.0,0.0,0.0
COCO,569917,5,5,0,0,3,12,6,12,18,10,0,0,6,0.0156533489998764,0.0065651690001686,0.0,0.0065651690001686,0.0066990089999308,0.0224445919998288,Optimal,0,none,2.2413849163921387,0,10,100.0,100.0,100.0,2.0,2,1,3,0.6666666666666666,0.4,0.5,0.8701704476211356,2,1,3,0.6666666666666666,0.4,0.5,0.8701704476211356,2,1,3,0.6666666666666666,0.4,0.5,0.8701704476211356,2,1,3,0.6666666666666666,0.4,0.5,0.8701704476211356,6.848900011391379e-05,0,100.0,0,0,0,0.0,0.0,0.0,0,0,0,0.0,0.0,0.0,0,0,0,0.0,0.0,0.0,0,0,0,0.0,0.0,0.0
COCO,144798,4,4,0,0,2,4,4,4,8,5,0,0,4,0.014223604000108,0.0067889189999732,0.0,0.0067889189999732,0.0069180379996396,0.0212002840003151,Optimal,0,none,1.5059102567036948,0,5,100.0,100.0,100.0,2.0,2,0,2,1.0,0.5,0.6666666666666666,0.9410266629148344,2,0,2,1.0,0.5,0.6666666666666666,0.9410266629148344,2,0,2,1.0,0.5,0.6666666666666666,0.9410266629148344,2,0,2,1.0,0.5,0.6666666666666666,0.9410266629148344,4.250599977240199e-05,0,100.0,0,0,0,0.0,0.0,0.0,0,0,0,0.0,0.0,0.0,0,0,0,0.0,0.0,0.0,0,0,0,0.0,0.0,0.0
COCO,284623,5,5,0,0,3,10,6,10,16,10,0,0,6,0.0150474930001109,0.0073459629998069,0.0,0.0073459629998069,0.007519190000039,0.022658574000161,Optimal,0,none,2.570961015224457,0,10,100.0,100.0,100.0,2.0,3,0,2,1.0,0.6,0.7499999999999999,0.948762621337833,3,0,2,1.0,0.6,0.7499999999999999,0.948762621337833,3,0,2,1.0,0.6,0.7499999999999999,0.948762621337833,3,0,2,1.0,0.6,0.7499999999999999,0.948762621337833,6.791200030420441e-05,0,100.0,0,0,0,0.0,0.0,0.0,0,0,0,0.0,0.0,0.0,0,0,0,0.0,0.0,0.0,0,0,0,0.0,0.0,0.0
COCO,520301,1,1,0,0,1,0,2,0,2,1,0,0,2,0.0141888490002202,0.0065664370004014,0.0,0.0065664370004014,0.0066373089998705,0.0208551570003692,Optimal,0,none,0.6055704275767009,0,2,100.0,100.0,100.0,2.0,1,0,0,1.0,1.0,1.0,0.981547151603204,1,0,0,1.0,1.0,1.0,0.981547151603204,1,0,0,1.0,1.0,1.0,0.981547151603204,1,0,0,1.0,1.0,1.0,0.981547151603204,2.140199967470835e-05,0,100.0,0,0,0,0.0,0.0,0.0,0,0,0,0.0,0.0,0.0,0,0,0,0.0,0.0,0.0,0,0,0,0.0,0.0,0.0
COCO,127987,3,3,0,0,3,13,6,13,19,10,0,0,6,0.0186458640000637,0.007326402000217,0.0,0.007326402000217,0.0075115359995834,0.0262408050002704,Optimal,0,none,2.6436856073879738,0,10,100.0,100.0,100.0,2.0,2,1,1,0.6666666666666666,0.6666666666666666,0.6666666666666666,0.9320577366590088,2,1,1,0.6666666666666666,0.6666666666666666,0.6666666666666666,0.9320577366590088,2,1,1,0.6666666666666666,0.6666666666666666,0.6666666666666666,0.9320577366590088,2,1,1,0.6666666666666666,0.6666666666666666,0.6666666666666666,0.9320577366590088,6.281600008151145e-05,0,100.0,0,0,0,0.0,0.0,0.0,0,0,0,0.0,0.0,0.0,0,0,0,0.0,0.0,0.0,0,0,0,0.0,0.0,0.0
COCO,63740,11,11,0,0,11,211,22,211,233,122,0,0,22,0.0162534999999479,0.0159967170002346,0.0,0.0159967170002346,0.0164268710000214,0.0332633589996476,Optimal,0,none,9.299833457071507,0,34,100.0,100.0,100.0,2.0,8,3,3,0.7272727272727273,0.7272727272727273,0.7272727272727273,0.8832138281943049,8,3,3,0.7272727272727273,0.7272727272727273,0.7272727272727273,0.8832138281943049,8,3,3,0.7272727272727273,0.7272727272727273,0.7272727272727273,0.8832138281943049,8,3,3,0.7272727272727273,0.7272727272727273,0.7272727272727273,0.8832138281943049,0.0005301149999468,0,100.0,0,0,0,0.0,0.0,0.0,0,0,0,0.0,0.0,0.0,0,0,0,0.0,0.0,0.0,0,0,0,0.0,0.0,0.0
COCO,36494,52,52,0,0,21,793,42,793,835,442,0,0,42,0.0200188160001744,0.0389669589999357,0.0,0.0389669589999357,0.0399780679999821,0.0620002969999404,Optimal,0,none,15.844737183488526,0,64,100.0,100.0,100.0,2.0,13,8,39,0.6190476190476191,0.25,0.3561643835616438,0.8157270056320051,13,8,39,0.6190476190476191,0.25,0.3561643835616438,0.8157270056320051,13,8,39,0.6190476190476191,0.25,0.3561643835616438,0.8157270056320051,13,8,39,0.6190476190476191,0.25,0.3561643835616438,0.8157270056320051,0.0019011469998986,0,100.0,0,0,0,0.0,0.0,0.0,0,0,0,0.0,0.0,0.0,0,0,0,0.0,0.0,0.0,0,0,0,0.0,0.0,0.0
COCO,210032,15,15,0,0,5,38,10,38,48,26,0,0,10,0.0138005839999095,0.0081170720000045,0.0,0.0081170720000045,0.0083021539999208,0.0222843499996088,Optimal,0,none,4.08782260020574,0,16,100.0,100.0,100.0,2.0,3,2,12,0.6,0.2,0.3,0.7268895447074504,3,2,12,0.6,0.2,0.3,0.7268895447074504,3,2,12,0.6,0.2,0.3,0.7268895447074504,3,2,12,0.6,0.2,0.3,0.7268895447074504,0.0001473620000069,0,100.0,0,0,0,0.0,0.0,0.0,0,0,0,0.0,0.0,0.0,0,0,0,0.0,0.0,0.0,0,0,0,0.0,0.0,0.0
Visual Genome,83,25,1,16,0,28,1429,56,1429,1485,785,0,0,56,0.0198576100001446,0.0629294679997656,0.0,0.0629294679997656,0.0643173970001953,0.0873507460000837,Optimal,0,none,22.699173180846397,0,85,100.0,100.0,100.0,2.0,0,28,1,0.0,0.0,0.0,0.0,0,28,1,0.0,0.0,0.0,0.0,0,28,1,0.0,0.0,0.0,0.0,0,28,1,0.0,0.0,0.0,0.0,0.0030674209997414,0,100.0,0,0,0,0.0,0.0,0.0,0,0,0,0.0,0.0,0.0,0,0,0,0.0,0.0,0.0,0,0,0,0.0,0.0,0.0
Visual Genome,347,13,1,7,0,14,352,28,352,380,197,0,0,28,0.015473318000204,0.0196600779995606,0.0,0.0196600779995606,0.020225775000199,0.0366681179998522,Optimal,0,none,11.6840416800735,0,43,100.0,100.0,100.0,2.0,1,13,0,0.0714285714285714,1.0,0.1333333333333333,0.6088530700244924,1,13,0,0.0714285714285714,1.0,0.1333333333333333,0.6088530700244924,1,13,0,0.0714285714285714,1.0,0.1333333333333333,0.6088530700244924,1,13,0,0.0714285714285714,1.0,0.1333333333333333,0.6088530700244924,0.0008902250001483,0,100.0,0,0,0,0.0,0.0,0.0,0,0,0,0.0,0.0,0.0,0,0,0,0.0,0.0,0.0,0,0,0,0.0,0.0,0.0
Visual Genome,532,28,1,49,0,1,0,2,0,2,1,0,0,2,0.0136815649998425,0.0066914160001942,0.0,0.0066914160001942,0.006763944999875,0.0204757329997846,Optimal,0,none,0.604728881518046,0,2,100.0,100.0,100.0,2.0,1,0,0,1.0,1.0,1.0,0.8996194252227986,1,0,0,1.0,1.0,1.0,0.8996194252227986,1,0,0,1.0,1.0,1.0,0.8996194252227986,1,0,0,1.0,1.0,1.0,0.8996194252227986,2.152799970644992e-05,0,100.0,0,0,0,0.0,0.0,0.0,0,0,0,0.0,0.0,0.0,0,0,0,0.0,0.0,0.0,0,0,0,0.0,0.0,0.0
Visual Genome,1045,35,1,22,0,28,1407,56,1407,1463,785,0,0,56,0.0197168469999269,0.0607765820000167,0.0,0.0607765820000167,0.0620740069998646,0.0848333280000588,Optimal,0,none,23.41876866219244,0,85,100.0,100.0,100.0,2.0,1,27,0,0.0357142857142857,1.0,0.0689655172413793,0.9619170594332536,1,27,0,0.0357142857142857,1.0,0.0689655172413793,0.9619170594332536,1,27,0,0.0357142857142857,1.0,0.0689655172413793,0.9619170594332536,1,27,0,0.0357142857142857,1.0,0.0689655172413793,0.9619170594332536,0.0029140130000087,0,100.0,0,0,0,0.0,0.0,0.0,0,0,0,0.0,0.0,0.0,0,0,0,0.0,0.0,0.0,0,0,0,0.0,0.0,0.0
Visual Genome,1139,30,0,25,0,7,80,14,80,94,50,0,0,14,0.0143495490001441,0.0108529690000978,0.0,0.0108529690000978,0.0110938120001264,0.0256952670001737,Optimal,0,none,5.295514153955299,0,22,100.0,100.0,100.0,2.0,0,7,0,0.0,0.0,0.0,0.0,0,7,0,0.0,0.0,0.0,0.0,0,7,0,0.0,0.0,0.0,0.0,0,7,0,0.0,0.0,0.0,0.0,0.0002168070000152,0,100.0,0,0,0,0.0,0.0,0.0,0,0,0,0.0,0.0,0.0,0,0,0,0.0,0.0,0.0,0,0,0,0.0,0.0,0.0
Visual Genome,1716,28,8,20,0,15,372,30,372,402,226,0,0,30,0.017406302999916,0.0211814869999216,0.0,0.0211814869999216,0.0217221140001129,0.0401208739999674,Optimal,0,none,12.127404987812048,0,46,100.0,100.0,100.0,2.0,6,9,2,0.4,0.75,0.5217391304347827,0.8845121658533279,6,9,2,0.4,0.75,0.5217391304347827,0.8845121658533279,6,9,2,0.4,0.75,0.5217391304347827,0.8845121658533279,6,9,2,0.4,0.75,0.5217391304347827,0.8845121658533279,0.000928876999751,0,100.0,0,0,0,0.0,0.0,0.0,0,0,0,0.0,0.0,0.0,0,0,0,0.0,0.0,0.0,0,0,0,0.0,0.0,0.0
Visual Genome,2159,25,3,14,0,8,102,16,102,118,65,0,0,16,0.0143671650002943,0.0110064039999997,0.0,0.0110064039999997,0.0112733799996931,0.0259159330003058,Optimal,0,none,6.057708433470597,0,25,100.0,100.0,100.0,2.0,2,6,1,0.25,0.6666666666666666,0.3636363636363636,0.8814663573441348,2,6,1,0.25,0.6666666666666666,0.3636363636363636,0.8814663573441348,2,6,1,0.25,0.6666666666666666,0.3636363636363636,0.8814663573441348,2,6,1,0.25,0.6666666666666666,0.3636363636363636,0.8814663573441348,0.0002416710003672,0,100.0,0,0,0,0.0,0.0,0.0,0,0,0,0.0,0.0,0.0,0,0,0,0.0,0.0,0.0,0,0,0,0.0,0.0,0.0
Visual Genome,2813,14,0,8,0,0,0,0,0,0,0,0,0,1,0.012543777999781,0.0052402639998945,0.0,0.0052402639998945,0.0052804269998887,0.017839979999735,Optimal,0,none,,0,1,100.0,0.0,0.0,0.0,0,0,0,0.0,0.0,0.0,0.0,0,0,0,0.0,0.0,0.0,0.0,0,0,0,0.0,0.0,0.0,0.0,0,0,0,0.0,0.0,0.0,0.0,1.0355000085837672e-05,0,100.0,0,0,0,0.0,0.0,0.0,0,0,0,0.0,0.0,0.0,0,0,0,0.0,0.0,0.0,0,0,0,0.0,0.0,0.0
Visual Genome,3040,18,2,15,0,3,12,6,12,18,10,0,0,6,0.0153713039999274,0.007484834999559,0.0,0.007484834999559,0.007621957000083,0.0230756139999357,Optimal,0,none,2.577692975997926,0,10,100.0,100.0,100.0,2.0,1,2,1,0.3333333333333333,0.5,0.4,0.9134589780294818,1,2,1,0.3333333333333333,0.5,0.4,0.9134589780294818,1,2,1,0.3333333333333333,0.5,0.4,0.9134589780294818,1,2,1,0.3333333333333333,0.5,0.4,0.9134589780294818,6.165600007079775e-05,0,100.0,0,0,0,0.0,0.0,0.0,0,0,0,0.0,0.0,0.0,0,0,0,0.0,0.0,0.0,0,0,0,0.0,0.0,0.0
Visual Genome,3575,11,1,11,0,1,0,2,0,2,1,0,0,2,0.0144362949999958,0.0065367969996259,0.0,0.0065367969996259,0.0066023800000039,0.0210654830002567,Optimal,0,none,0.3771908680597941,0,2,100.0,100.0,100.0,2.0,0,1,1,0.0,0.0,0.0,0.0,0,1,1,0.0,0.0,0.0,0.0,0,1,1,0.0,0.0,0.0,0.0,0,1,1,0.0,0.0,0.0,0.0,1.9612999949458757e-05,0,100.0,0,0,0,0.0,0.0,0.0,0,0,0,0.0,0.0,0.0,0,0,0,0.0,0.0,0.0,0,0,0,0.0,0.0,0.0
Visual Genome,3781,62,16,62,0,9,114,18,114,132,82,0,0,18,0.0163823389998469,0.0134445110002161,0.0,0.0134445110002161,0.0138070970001535,0.0305301319999671,Optimal,0,none,6.64191254442561,0,28,100.0,100.0,100.0,2.0,5,4,11,0.5555555555555556,0.3125,0.3999999999999999,0.6661520308401749,5,4,11,0.5555555555555556,0.3125,0.3999999999999999,0.6661520308401749,5,4,11,0.5555555555555556,0.3125,0.3999999999999999,0.6661520308401749,5,4,11,0.5555555555555556,0.3125,0.3999999999999999,0.6661520308401749,0.000300437000078,0,100.0,0,0,0,0.0,0.0,0.0,0,0,0,0.0,0.0,0.0,0,0,0,0.0,0.0,0.0,0,0,0,0.0,0.0,0.0
Visual Genome,4218,5,0,3,0,0,0,0,0,0,0,0,0,1,0.0123519310000119,0.0049284059996352,0.0,0.0049284059996352,0.0049832070003503,0.0173500170003535,Optimal,0,none,,0,1,100.0,0.0,0.0,0.0,0,0,0,0.0,0.0,0.0,0.0,0,0,0,0.0,0.0,0.0,0.0,0,0,0,0.0,0.0,0.0,0.0,0,0,0,0.0,0.0,0.0,0.0,9.718000001157634e-06,0,100.0,0,0,0,0.0,0.0,0.0,0,0,0,0.0,0.0,0.0,0,0,0,0.0,0.0,0.0,0,0,0,0.0,0.0,0.0
Visual Genome,4434,8,1,15,0,2,4,4,4,8,5,0,0,4,0.0132851839998693,0.0069517599999926,0.0,0.0069517599999926,0.0070484390003002,0.0203872519996366,Optimal,0,none,1.285396679242452,0,5,100.0,100.0,100.0,2.0,0,2,1,0.0,0.0,0.0,0.7734870065833309,0,2,1,0.0,0.0,0.0,0.7734870065833309,0,2,1,0.0,0.0,0.0,0.7734870065833309,0,2,1,0.0,0.0,0.0,0.7734870065833309,3.981700001531863e-05,0,100.0,0,0,0,0.0,0.0,0.0,0,0,0,0.0,0.0,0.0,0,0,0,0.0,0.0,0.0,0,0,0,0.0,0.0,0.0
Visual Genome,4483,24,2,13,0,4,18,8,18,26,17,0,0,8,0.0571602729996811,0.0088816890001908,0.0,0.0088816890001908,0.0090342389999023,0.0663030669998079,Optimal,0,none,3.4485973183314016,0,13,100.0,100.0,100.0,2.0,2,2,0,0.5,1.0,0.6666666666666666,0.9674957532201804,2,2,0,0.5,1.0,0.6666666666666666,0.9674957532201804,2,2,0,0.5,1.0,0.6666666666666666,0.9674957532201804,2,2,0,0.5,1.0,0.6666666666666666,0.9674957532201804,8.577700009482214e-05,0,100.0,0,0,0,0.0,0.0,0.0,0,0,0,0.0,0.0,0.0,0,0,0,0.0,0.0,0.0,0,0,0,0.0,0.0,0.0
Visual Genome,4525,23,1,13,0,0,0,0,0,0,0,0,0,1,0.0121648939998522,0.0053136810001888,0.0,0.0053136810001888,0.0053539149998869,0.0175333050001427,Optimal,0,none,,0,1,100.0,0.0,0.0,0.0,0,0,1,0.0,0.0,0.0,0.0,0,0,1,0.0,0.0,0.0,0.0,0,0,1,0.0,0.0,0.0,0.0,0,0,1,0.0,0.0,0.0,0.0,9.73999976849882e-06,0,100.0,0,0,0,0.0,0.0,0.0,0,0,0,0.0,0.0,0.0,0,0,0,0.0,0.0,0.0,0,0,0,0.0,0.0,0.0
Visual Genome,285666,4,0,1,0,3,10,6,10,16,10,0,0,6,0.0222796899997774,0.0082692759997371,0.0,0.0082692759997371,0.008405975000187,0.0307660769999529,Optimal,0,none,2.4952497673034677,0,10,100.0,100.0,100.0,2.0,0,3,0,0.0,0.0,0.0,0.0,0,3,0,0.0,0.0,0.0,0.0,0,3,0,0.0,0.0,0.0,0.0,0,3,0,0.0,0.0,0.0,0.0,5.972899998596404e-05,0,100.0,0,0,0,0.0,0.0,0.0,0,0,0,0.0,0.0,0.0,0,0,0,0.0,0.0,0.0,0,0,0,0.0,0.0,0.0
Visual Genome,497981,32,1,14,0,4,24,8,24,32,17,0,0,8,0.0189104010000846,0.0083632680002665,0.0,0.0083632680002665,0.0085406489997694,0.027573029999985,Optimal,0,none,2.9293096510569265,0,13,100.0,100.0,100.0,2.0,0,4,1,0.0,0.0,0.0,0.0,0,4,1,0.0,0.0,0.0,0.0,0,4,1,0.0,0.0,0.0,0.0,0,4,1,0.0,0.0,0.0,0.0,9.519800005364232e-05,0,100.0,0,0,0,0.0,0.0,0.0,0,0,0,0.0,0.0,0.0,0,0,0,0.0,0.0,0.0,0,0,0,0.0,0.0,0.0
Visual Genome,498311,27,4,18,0,3,12,6,12,18,10,0,0,6,0.0215499569999337,0.0071438629997828,0.0,0.0071438629997828,0.0072827009998945,0.0289112599998588,Optimal,0,none,2.450601445261082,0,10,100.0,100.0,100.0,2.0,3,0,1,1.0,0.75,0.8571428571428571,0.8355290348399967,3,0,1,1.0,0.75,0.8571428571428571,0.8355290348399967,3,0,1,1.0,0.75,0.8571428571428571,0.8355290348399967,3,0,1,1.0,0.75,0.8571428571428571,0.8355290348399967,5.923699973209296e-05,0,100.0,0,0,0,0.0,0.0,0.0,0,0,0,0.0,0.0,0.0,0,0,0,0.0,0.0,0.0,0,0,0,0.0,0.0,0.0
Visual Genome,713027,8,1,2,0,5,42,10,42,52,26,0,0,10,0.0243525369996859,0.0083547549998002,0.0,0.0083547549998002,0.0085729079996781,0.0330895209999653,Optimal,0,none,3.622702642281852,0,16,100.0,100.0,100.0,2.0,1,4,0,0.2,1.0,0.3333333333333333,0.7393753385839741,1,4,0,0.2,1.0,0.3333333333333333,0.7393753385839741,1,4,0,0.2,1.0,0.3333333333333333,0.7393753385839741,1,4,0,0.2,1.0,0.3333333333333333,0.7393753385839741,0.0001369679998788,0,100.0,0,0,0,0.0,0.0,0.0,0,0,0,0.0,0.0,0.0,0,0,0,0.0,0.0,0.0,0,0,0,0.0,0.0,0.0
Visual Genome,713431,16,0,8,0,4,22,8,22,30,17,0,0,8,0.0184339460001865,0.0078976029999466,0.0,0.0078976029999466,0.0080505910000283,0.0265920360002382,Optimal,0,none,3.41911802450816,0,13,100.0,100.0,100.0,2.0,0,4,0,0.0,0.0,0.0,0.0,0,4,0,0.0,0.0,0.0,0.0,0,4,0,0.0,0.0,0.0,0.0,0,4,0,0.0,0.0,0.0,0.0,8.3671999618673e-05,0,100.0,0,0,0,0.0,0.0,0.0,0,0,0,0.0,0.0,0.0,0,0,0,0.0,0.0,0.0,0,0,0,0.0,0.0,0.0
Visual Genome,713491,32,0,16,0,19,589,38,589,627,362,0,0,38,0.0250704840000253,0.0313554089998433,0.0,0.0313554089998433,0.0321692779998556,0.0586493189998691,Optimal,0,none,15.167105811505744,0,58,100.0,100.0,100.0,2.0,0,19,0,0.0,0.0,0.0,0.0,0,19,0,0.0,0.0,0.0,0.0,0,19,0,0.0,0.0,0.0,0.0,0,19,0,0.0,0.0,0.0,0.0,0.001331840000148,0,100.0,0,0,0,0.0,0.0,0.0,0,0,0,0.0,0.0,0.0,0,0,0,0.0,0.0,0.0,0,0,0,0.0,0.0,0.0
Visual Genome,1159279,36,5,23,0,17,525,34,525,559,290,0,0,34,0.023993473000246,0.0280482049997772,0.0,0.0280482049997772,0.0288385619996915,0.0541110570002274,Optimal,0,none,14.325144956559711,0,52,100.0,100.0,100.0,2.0,4,13,1,0.2352941176470588,0.8,0.3636363636363636,0.8425969705101859,4,13,1,0.2352941176470588,0.8,0.3636363636363636,0.8425969705101859,4,13,1,0.2352941176470588,0.8,0.3636363636363636,0.8425969705101859,4,13,1,0.2352941176470588,0.8,0.3636363636363636,0.8425969705101859,0.0012042190001011,0,100.0,0,0,0,0.0,0.0,0.0,0,0,0,0.0,0.0,0.0,0,0,0,0.0,0.0,0.0,0,0,0,0.0,0.0,0.0
Visual Genome,1159540,26,12,42,1,18,561,36,561,597,325,0,0,36,0.025029096000253,0.0279459160001351,0.0,0.0279459160001351,0.0286549180000292,0.0549307109999972,Optimal,0,none,14.55571071371956,0,55,100.0,100.0,100.0,2.0,11,7,1,0.6111111111111112,0.9166666666666666,0.7333333333333334,0.8354765472541626,11,7,1,0.6111111111111112,0.9166666666666666,0.7333333333333334,0.8354765472541626,11,7,1,0.6111111111111112,0.9166666666666666,0.7333333333333334,0.8354765472541626,11,7,1,0.6111111111111112,0.9166666666666666,0.7333333333333334,0.8354765472541626,0.0011745820002033,0,100.0,0,2,1,0.0,0.0,0.0,0,4,1,0.0,0.0,0.0,0,8,1,0.0,0.0,0.0,0,12,1,0.0,0.0,0.0
Visual Genome,1159694,18,4,10,0,13,311,26,311,337,170,0,0,26,0.0220523889997821,0.019082224000158,0.0,0.019082224000158,0.0195558429995799,0.0423873169997932,Optimal,0,none,11.235788588520888,0,40,100.0,100.0,100.0,2.0,3,10,1,0.2307692307692307,0.75,0.3529411764705882,0.8296596976299591,3,10,1,0.2307692307692307,0.75,0.3529411764705882,0.8296596976299591,3,10,1,0.2307692307692307,0.75,0.3529411764705882,0.8296596976299591,3,10,1,0.2307692307692307,0.75,0.3529411764705882,0.8296596976299591,0.0007165960000747,0,100.0,0,0,0,0.0,0.0,0.0,0,0,0,0.0,0.0,0.0,0,0,0,0.0,0.0,0.0,0,0,0,0.0,0.0,0.0
Visual Genome,1159744,41,12,32,0,23,906,46,906,952,530,0,0,46,0.0268481749999409,0.0440625159999399,0.0,0.0440625159999399,0.045183525000084,0.0741343400000005,Optimal,0,none,20.139875265898247,0,70,100.0,100.0,100.0,2.0,10,13,2,0.4347826086956521,0.8333333333333334,0.5714285714285714,0.8698763170042644,10,13,2,0.4347826086956521,0.8333333333333334,0.5714285714285714,0.8698763170042644,10,13,2,0.4347826086956521,0.8333333333333334,0.5714285714285714,0.8698763170042644,10,13,2,0.4347826086956521,0.8333333333333334,0.5714285714285714,0.8698763170042644,0.0020059319999745,0,100.0,0,0,0,0.0,0.0,0.0,0,0,0,0.0,0.0,0.0,0,0,0,0.0,0.0,0.0,0,0,0,0.0,0.0,0.0
Visual Genome,1159873,5,0,4,0,8,101,16,101,117,65,0,0,16,0.0222116160002769,0.0110204560000966,0.0,0.0110204560000966,0.0113097650000781,0.0338340710000011,Optimal,0,none,6.627297252019249,0,25,100.0,100.0,100.0,2.0,0,8,0,0.0,0.0,0.0,0.0,0,8,0,0.0,0.0,0.0,0.0,0,8,0,0.0,0.0,0.0,0.0,0,8,0,0.0,0.0,0.0,0.0,0.0002727349997257,0,100.0,0,0,0,0.0,0.0,0.0,0,0,0,0.0,0.0,0.0,0,0,0,0.0,0.0,0.0,0,0,0,0.0,0.0,0.0
Visual Genome,1159972,34,2,29,0,9,114,18,114,132,82,0,0,18,0.0227198910001789,0.0121455640000931,0.0,0.0121455640000931,0.0124622860003,0.0356345350000992,Optimal,0,none,7.451251595020297,0,28,100.0,100.0,100.0,2.0,0,9,2,0.0,0.0,0.0,0.0,0,9,2,0.0,0.0,0.0,0.0,0,9,2,0.0,0.0,0.0,0.0,0,9,2,0.0,0.0,0.0,0.0,0.0004048789996886,0,100.0,0,0,0,0.0,0.0,0.0,0,0,0,0.0,0.0,0.0,0,0,0,0.0,0.0,0.0,0,0,0,0.0,0.0,0.0
Visual Genome,1159995,19,2,10,0,5,34,10,34,44,26,0,0,10,0.0234114879999651,0.0085830869998062,0.0,0.0085830869998062,0.0087759140001253,0.032394892999946,Optimal,0,none,4.207706399758658,0,16,100.0,100.0,100.0,2.0,2,3,0,0.4,1.0,0.5714285714285715,0.6924770637989253,2,3,0,0.4,1.0,0.5714285714285715,0.6924770637989253,2,3,0,0.4,1.0,0.5714285714285715,0.6924770637989253,2,3,0,0.4,1.0,0.5714285714285715,0.6924770637989253,0.0001204740001412,0,100.0,0,0,0,0.0,0.0,0.0,0,0,0,0.0,0.0,0.0,0,0,0,0.0,0.0,0.0,0,0,0,0.0,0.0,0.0
Visual Genome,1160034,11,9,16,0,11,163,22,163,185,120,0,0,22,0.0211726200000157,0.0137477650000619,0.0,0.0137477650000619,0.0140927630000078,0.0357178209997073,Optimal,0,none,8.819616551510263,0,34,100.0,100.0,100.0,2.0,6,5,3,0.5454545454545454,0.6666666666666666,0.6,0.89110472777296,6,5,3,0.5454545454545454,0.6666666666666666,0.6,0.89110472777296,6,5,3,0.5454545454545454,0.6666666666666666,0.6,0.89110472777296,6,5,3,0.5454545454545454,0.6666666666666666,0.6,0.89110472777296,0.0004023829997095,0,100.0,0,0,0,0.0,0.0,0.0,0,0,0,0.0,0.0,0.0,0,0,0,0.0,0.0,0.0,0,0,0,0.0,0.0,0.0
Visual Genome,1591822,35,2,22,0,8,109,16,109,125,65,0,0,16,0.0211084990000927,0.0108718930000577,0.0,0.0108718930000577,0.0111373190002268,0.0326363650001439,Optimal,0,none,6.321787496147637,0,25,100.0,100.0,100.0,2.0,1,7,1,0.125,0.5,0.2,0.6235740313892145,1,7,1,0.125,0.5,0.2,0.6235740313892145,1,7,1,0.125,0.5,0.2,0.6235740313892145,1,7,1,0.125,0.5,0.2,0.6235740313892145,0.0003506849998302,0,100.0,0,0,0,0.0,0.0,0.0,0,0,0,0.0,0.0,0.0,0,0,0,0.0,0.0,0.0,0,0,0,0.0,0.0,0.0
Visual Genome,1591881,31,3,25,0,12,242,24,242,266,145,0,0,24,0.0305721089998769,0.021032912999999,0.0,0.021032912999999,0.0216580539999995,0.0537296479997166,Optimal,0,none,10.021616909319018,0,37,100.0,100.0,100.0,2.0,1,11,2,0.0833333333333333,0.3333333333333333,0.1333333333333333,0.6787048330779393,1,11,2,0.0833333333333333,0.3333333333333333,0.1333333333333333,0.6787048330779393,1,11,2,0.0833333333333333,0.3333333333333333,0.1333333333333333,0.6787048330779393,1,11,2,0.0833333333333333,0.3333333333333333,0.1333333333333333,0.6787048330779393,0.001370118000068,0,100.0,0,0,0,0.0,0.0,0.0,0,0,0,0.0,0.0,0.0,0,0,0,0.0,0.0,0.0,0,0,0,0.0,0.0,0.0
Visual Genome,1592256,29,3,19,0,9,125,18,125,143,82,0,0,18,0.0194261779997759,0.0124061179999444,0.0,0.0124061179999444,0.0127152489999389,0.0325687109998398,Optimal,0,none,7.100584838390353,0,28,100.0,100.0,100.0,2.0,2,7,1,0.2222222222222222,0.6666666666666666,0.3333333333333333,0.8159010489979763,2,7,1,0.2222222222222222,0.6666666666666666,0.3333333333333333,0.8159010489979763,2,7,1,0.2222222222222222,0.6666666666666666,0.3333333333333333,0.8159010489979763,2,7,1,0.2222222222222222,0.6666666666666666,0.3333333333333333,0.8159010489979763,0.0003236130000914,0,100.0,0,0,0,0.0,0.0,0.0,0,0,0,0.0,0.0,0.0,0,0,0,0.0,0.0,0.0,0,0,0,0.0,0.0,0.0
Visual Genome,1592323,51,1,63,0,9,123,18,123,141,82,0,0,18,0.0197470119996978,0.0111493530002917,0.0,0.0111493530002917,0.011494133999804,0.0315938650001044,Optimal,0,none,7.7466627407074,0,28,100.0,100.0,100.0,2.0,1,8,0,0.1111111111111111,1.0,0.1999999999999999,0.776802185012198,1,8,0,0.1111111111111111,1.0,0.1999999999999999,0.776802185012198,1,8,0,0.1111111111111111,1.0,0.1999999999999999,0.776802185012198,1,8,0,0.1111111111111111,1.0,0.1999999999999999,0.776802185012198,0.0003099569998994,0,100.0,0,0,0,0.0,0.0,0.0,0,0,0,0.0,0.0,0.0,0,0,0,0.0,0.0,0.0,0,0,0,0.0,0.0,0.0
Visual Genome,1592611,40,0,27,0,1,0,2,0,2,1,0,0,2,0.0202068779999535,0.0064757609998196,0.0,0.0064757609998196,0.006540293999933,0.0267743580002388,Optimal,0,none,0.6021134773890178,0,2,100.0,100.0,100.0,2.0,0,1,0,0.0,0.0,0.0,0.0,0,1,0,0.0,0.0,0.0,0.0,0,1,0,0.0,0.0,0.0,0.0,0,1,0,0.0,0.0,0.0,0.0,1.9546000203263247e-05,0,100.0,0,0,0,0.0,0.0,0.0,0,0,0,0.0,0.0,0.0,0,0,0,0.0,0.0,0.0,0,0,0,0.0,0.0,0.0
Visual Genome,1592779,18,0,3,0,1,0,2,0,2,1,0,0,2,0.0253910229998837,0.0063620169999012,0.0,0.0063620169999012,0.0064291509997929,0.0318506749999869,Optimal,0,none,0.6368072907129924,0,2,100.0,100.0,100.0,2.0,0,1,0,0.0,0.0,0.0,0.0,0,1,0,0.0,0.0,0.0,0.0,0,1,0,0.0,0.0,0.0,0.0,0,1,0,0.0,0.0,0.0,0.0,2.2480000097857555e-05,0,100.0,0,0,0,0.0,0.0,0.0,0,0,0,0.0,0.0,0.0,0,0,0,0.0,0.0,0.0,0,0,0,0.0,0.0,0.0
Visual Genome,1592852,19,0,18,0,2,3,4,3,7,5,0,0,4,0.021600041000056,0.006964433000121,0.0,0.006964433000121,0.0070677329999853,0.0287221009998575,Optimal,0,none,1.5564013036092126,0,5,100.0,100.0,100.0,2.0,0,2,0,0.0,0.0,0.0,0.0,0,2,0,0.0,0.0,0.0,0.0,0,2,0,0.0,0.0,0.0,0.0,0,2,0,0.0,0.0,0.0,0.0,3.973900038545253e-05,0,100.0,0,0,0,0.0,0.0,0.0,0,0,0,0.0,0.0,0.0,0,0,0,0.0,0.0,0.0,0,0,0,0.0,0.0,0.0
Visual Genome,1592930,31,5,25,0,13,310,26,310,336,170,0,0,26,0.0225835029996233,0.0196464659998127,0.0,0.0196464659998127,0.0201155310001013,0.043471085999954,Optimal,0,none,10.16419013471176,0,40,100.0,100.0,100.0,2.0,2,11,3,0.1538461538461538,0.4,0.2222222222222222,0.6453768870996018,2,11,3,0.1538461538461538,0.4,0.2222222222222222,0.6453768870996018,2,11,3,0.1538461538461538,0.4,0.2222222222222222,0.6453768870996018,2,11,3,0.1538461538461538,0.4,0.2222222222222222,0.6453768870996018,0.0007203679997473,0,100.0,0,0,0,0.0,0.0,0.0,0,0,0,0.0,0.0,0.0,0,0,0,0.0,0.0,0.0,0,0,0,0.0,0.0,0.0
Visual Genome,1593021,24,4,27,0,19,602,38,602,640,362,0,0,38,0.0247354429998267,0.0310200529997928,0.0,0.0310200529997928,0.0319126500003221,0.0581960859999526,Optimal,0,none,15.99663134711258,0,58,100.0,100.0,100.0,2.0,4,15,0,0.2105263157894736,1.0,0.3478260869565217,0.8217650179857863,4,15,0,0.2105263157894736,1.0,0.3478260869565217,0.8217650179857863,4,15,0,0.2105263157894736,1.0,0.3478260869565217,0.8217650179857863,4,15,0,0.2105263157894736,1.0,0.3478260869565217,0.8217650179857863,0.0014738800000486,0,100.0,0,0,0,0.0,0.0,0.0,0,0,0,0.0,0.0,0.0,0,0,0,0.0,0.0,0.0,0,0,0,0.0,0.0,0.0
Visual Genome,1593068,19,1,14,0,11,200,22,200,222,122,0,0,22,0.0222023670003181,0.0164428350003618,0.0,0.0164428350003618,0.0168795299996418,0.0397386100003132,Optimal,0,none,8.579836629207195,0,34,100.0,100.0,100.0,2.0,1,10,0,0.0909090909090909,1.0,0.1666666666666666,0.8701733024820818,1,10,0,0.0909090909090909,1.0,0.1666666666666666,0.8701733024820818,1,10,0,0.0909090909090909,1.0,0.1666666666666666,0.8701733024820818,1,10,0,0.0909090909090909,1.0,0.1666666666666666,0.8701733024820818,0.0005970160000288,0,100.0,0,0,0,0.0,0.0,0.0,0,0,0,0.0,0.0,0.0,0,0,0,0.0,0.0,0.0,0,0,0,0.0,0.0,0.0
Visual Genome,1593241,43,3,36,0,3,10,6,10,16,10,0,0,6,0.0231018259996744,0.0076299510001263,0.0,0.0076299510001263,0.0077641679999942,0.030947771999763,Optimal,0,none,2.631452021598817,0,10,100.0,100.0,100.0,2.0,1,2,2,0.3333333333333333,0.3333333333333333,0.3333333333333333,0.8156696063298604,1,2,2,0.3333333333333333,0.3333333333333333,0.3333333333333333,0.8156696063298604,1,2,2,0.3333333333333333,0.3333333333333333,0.3333333333333333,0.8156696063298604,1,2,2,0.3333333333333333,0.3333333333333333,0.3333333333333333,0.8156696063298604,5.998899996484397e-05,0,100.0,0,0,0,0.0,0.0,0.0,0,0,0,0.0,0.0,0.0,0,0,0,0.0,0.0,0.0,0,0,0,0.0,0.0,0.0
Visual Genome,1593259,21,0,18,0,4,14,8,14,22,17,0,0,8,0.019897170999684,0.0078531680001106,0.0,0.0078531680001106,0.0080726709998089,0.0280731779998859,Optimal,0,none,3.4349237934748342,0,13,100.0,100.0,100.0,2.0,0,4,0,0.0,0.0,0.0,0.0,0,4,0,0.0,0.0,0.0,0.0,0,4,0,0.0,0.0,0.0,0.0,0,4,0,0.0,0.0,0.0,0.0,7.572399999844492e-05,0,100.0,0,0,0,0.0,0.0,0.0,0,0,0,0.0,0.0,0.0,0,0,0,0.0,0.0,0.0,0,0,0,0.0,0.0,0.0
Visual Genome,2315399,12,2,7,0,5,30,10,30,40,26,0,0,10,0.0128147479999825,0.008617680000043,0.0,0.008617680000043,0.0088307280002482,0.0217878080002265,Optimal,0,none,3.8201230627756178,0,16,100.0,100.0,100.0,2.0,1,4,1,0.2,0.5,0.2857142857142857,0.5988938412361628,1,4,1,0.2,0.5,0.2857142857142857,0.5988938412361628,1,4,1,0.2,0.5,0.2857142857142857,0.5988938412361628,1,4,1,0.2,0.5,0.2857142857142857,0.5988938412361628,0.0001144029997703,0,100.0,0,0,0,0.0,0.0,0.0,0,0,0,0.0,0.0,0.0,0,0,0,0.0,0.0,0.0,0,0,0,0.0,0.0,0.0
Visual Genome,2315969,22,2,16,0,2,5,4,5,9,5,0,0,4,0.0137721389996841,0.0081865200004358,0.0,0.0081865200004358,0.0082962930000576,0.0221303499997702,Optimal,0,none,1.3352857025464375,0,5,100.0,100.0,100.0,2.0,1,1,1,0.5,0.5,0.5,0.9220600539057656,1,1,1,0.5,0.5,0.5,0.9220600539057656,1,1,1,0.5,0.5,0.5,0.9220600539057656,1,1,1,0.5,0.5,0.5,0.9220600539057656,4.644399996323045e-05,0,100.0,0,0,0,0.0,0.0,0.0,0,0,0,0.0,0.0,0.0,0,0,0,0.0,0.0,0.0,0,0,0,0.0,0.0,0.0
Visual Genome,2316439,33,2,27,0,3,14,6,14,20,10,0,0,6,0.019476781999856,0.0104724239999995,0.0,0.0104724239999995,0.01072793000003,0.030409241000143,Optimal,0,none,2.681041651871797,0,10,100.0,100.0,100.0,2.0,2,1,0,0.6666666666666666,1.0,0.8,0.9267288609740352,2,1,0,0.6666666666666666,1.0,0.8,0.9267288609740352,2,1,0,0.6666666666666666,1.0,0.8,0.9267288609740352,2,1,0,0.6666666666666666,1.0,0.8,0.9267288609740352,0.000160317999871,0,100.0,0,0,0,0.0,0.0,0.0,0,0,0,0.0,0.0,0.0,0,0,0,0.0,0.0,0.0,0,0,0,0.0,0.0,0.0
Visual Genome,2316445,35,2,34,0,3,8,6,8,14,10,0,0,6,0.0156815550003557,0.0074019829999087,0.0,0.0074019829999087,0.0075580220000119,0.0233216540000285,Optimal,0,none,2.5079620409011847,0,10,100.0,100.0,100.0,2.0,1,2,1,0.3333333333333333,0.5,0.4,0.9618071904725842,1,2,1,0.3333333333333333,0.5,0.4,0.9618071904725842,1,2,1,0.3333333333333333,0.5,0.4,0.9618071904725842,1,2,1,0.3333333333333333,0.5,0.4,0.9618071904725842,5.827599989061128e-05,0,100.0,0,0,0,0.0,0.0,0.0,0,0,0,0.0,0.0,0.0,0,0,0,0.0,0.0,0.0,0,0,0,0.0,0.0,0.0
Visual Genome,2316585,21,0,12,0,10,166,20,166,186,101,0,0,20,0.015213708000374,0.0130476060003275,0.0,0.0130476060003275,0.0133772560002398,0.0290932900002189,Optimal,0,none,7.950060818249637,0,31,100.0,100.0,100.0,2.0,0,10,0,0.0,0.0,0.0,0.0,0,10,0,0.0,0.0,0.0,0.0,0,10,0,0.0,0.0,0.0,0.0,0,10,0,0.0,0.0,0.0,0.0,0.00045579000016,0,100.0,0,0,0,0.0,0.0,0.0,0,0,0,0.0,0.0,0.0,0,0,0,0.0,0.0,0.0,0,0,0,0.0,0.0,0.0
Visual Genome,2316628,25,2,36,0,2,2,4,2,6,5,0,0,4,0.0135463999999956,0.0068245800002841,0.0,0.0068245800002841,0.0069222209999679,0.0205373430003419,Optimal,0,none,1.4710322650273642,0,5,100.0,100.0,100.0,2.0,1,1,1,0.5,0.5,0.5,0.8945761929588115,1,1,1,0.5,0.5,0.5,0.8945761929588115,1,1,1,0.5,0.5,0.5,0.8945761929588115,1,1,1,0.5,0.5,0.5,0.8945761929588115,3.622399981395574e-05,0,100.0,0,0,0,0.0,0.0,0.0,0,0,0,0.0,0.0,0.0,0,0,0,0.0,0.0,0.0,0,0,0,0.0,0.0,0.0
Visual Genome,2316897,15,1,21,0,1,0,2,0,2,1,0,0,2,0.0143762800003059,0.006540741000208,0.0,0.006540741000208,0.0066083259998777,0.0210142900000391,Optimal,0,none,0.5468794743220011,0,2,100.0,100.0,100.0,2.0,0,1,1,0.0,0.0,0.0,0.0,0,1,1,0.0,0.0,0.0,0.0,0,1,1,0.0,0.0,0.0,0.0,0,1,1,0.0,0.0,0.0,0.0,2.17119995795656e-05,0,100.0,0,0,0,0.0,0.0,0.0,0,0,0,0.0,0.0,0.0,0,0,0,0.0,0.0,0.0,0,0,0,0.0,0.0,0.0
Visual Genome,2317399,34,2,36,0,1,0,2,0,2,1,0,0,2,0.0136911590002455,0.006710183999985,0.0,0.006710183999985,0.0067823640001734,0.0205050089998621,Optimal,0,none,0.42590518395106,0,2,100.0,100.0,100.0,2.0,1,0,1,1.0,0.5,0.6666666666666666,0.653543668096767,1,0,1,1.0,0.5,0.6666666666666666,0.653543668096767,1,0,1,1.0,0.5,0.6666666666666666,0.653543668096767,1,0,1,1.0,0.5,0.6666666666666666,0.653543668096767,2.287799998157425e-05,0,100.0,0,0,0,0.0,0.0,0.0,0,0,0,0.0,0.0,0.0,0,0,0,0.0,0.0,0.0,0,0,0,0.0,0.0,0.0
Visual Genome,2317578,14,0,9,0,17,523,34,523,557,290,0,0,34,0.0180821700000706,0.0272883249999722,0.0,0.0272883249999722,0.027957828000126,0.0472736140000051,Optimal,0,none,13.523255986012026,0,52,100.0,100.0,100.0,2.0,0,17,0,0.0,0.0,0.0,0.0,0,17,0,0.0,0.0,0.0,0.0,0,17,0,0.0,0.0,0.0,0.0,0,17,0,0.0,0.0,0.0,0.0,0.0011608669997258,0,100.0,0,0,0,0.0,0.0,0.0,0,0,0,0.0,0.0,0.0,0,0,0,0.0,0.0,0.0,0,0,0,0.0,0.0,0.0
Visual Genome,2318115,26,3,22,0,2,4,4,4,8,5,0,0,4,0.0134131479999268,0.0066143849999207,0.0,0.0066143849999207,0.0067150469999432,0.0201907919999939,Optimal,0,none,1.1838766368230185,0,5,100.0,100.0,100.0,2.0,0,2,3,0.0,0.0,0.0,0.5385246586041468,0,2,3,0.0,0.0,0.0,0.5385246586041468,0,2,3,0.0,0.0,0.0,0.5385246586041468,0,2,3,0.0,0.0,0.0,0.5385246586041468,4.179899997325265e-05,0,100.0,0,0,0,0.0,0.0,0.0,0,0,0,0.0,0.0,0.0,0,0,0,0.0,0.0,0.0,0,0,0,0.0,0.0,0.0
Visual Genome,2318369,25,1,19,0,2,4,4,4,8,5,0,0,4,0.0136679890001687,0.0068299620002107,0.0,0.0068299620002107,0.006937095000012,0.0206613029999971,Optimal,0,none,1.471520951588949,0,5,100.0,100.0,100.0,2.0,0,2,1,0.0,0.0,0.0,0.0,0,2,1,0.0,0.0,0.0,0.0,0,2,1,0.0,0.0,0.0,0.0,0,2,1,0.0,0.0,0.0,0.0,4.131700006837491e-05,0,100.0,0,0,0,0.0,0.0,0.0,0,0,0,0.0,0.0,0.0,0,0,0,0.0,0.0,0.0,0,0,0,0.0,0.0,0.0
Visual Genome,2318440,45,7,22,0,18,518,36,518,554,325,0,0,36,0.018129386000055,0.0277957859998423,0.0,0.0277957859998423,0.0284848470000724,0.0477614480000738,Optimal,0,none,14.632175454657654,0,55,100.0,100.0,100.0,2.0,7,11,0,0.3888888888888889,1.0,0.56,0.8341131472950086,7,11,0,0.3888888888888889,1.0,0.56,0.8341131472950086,7,11,0,0.3888888888888889,1.0,0.56,0.8341131472950086,7,11,0,0.3888888888888889,1.0,0.56,0.8341131472950086,0.001077566999811,0,100.0,0,0,0,0.0,0.0,0.0,0,0,0,0.0,0.0,0.0,0,0,0,0.0,0.0,0.0,0,0,0,0.0,0.0,0.0
Visual Genome,2318496,24,3,16,0,1,0,2,0,2,1,0,0,2,0.0135332259997085,0.0064219149999189,0.0,0.0064219149999189,0.006487227999969,0.0200475470001038,Optimal,0,none,0.6368696371714274,0,2,100.0,100.0,100.0,2.0,1,0,2,1.0,0.3333333333333333,0.5,0.9727585314413646,1,0,2,1.0,0.3333333333333333,0.5,0.9727585314413646,1,0,2,1.0,0.3333333333333333,0.5,0.9727585314413646,1,0,2,1.0,0.3333333333333333,0.5,0.9727585314413646,2.0047999896632973e-05,0,100.0,0,0,0,0.0,0.0,0.0,0,0,0,0.0,0.0,0.0,0,0,0,0.0,0.0,0.0,0,0,0,0.0,0.0,0.0
Visual Genome,2318583,31,1,19,0,5,42,10,42,52,26,0,0,10,0.0137495829999352,0.0091973260000486,0.0,0.0091973260000486,0.0094024370000624,0.0233408760000202,Optimal,0,none,3.894055663233259,0,16,100.0,100.0,100.0,2.0,0,5,1,0.0,0.0,0.0,0.0,0,5,1,0.0,0.0,0.0,0.0,0,5,1,0.0,0.0,0.0,0.0,0,5,1,0.0,0.0,0.0,0.0,0.0001415609999639,0,100.0,0,0,0,0.0,0.0,0.0,0,0,0,0.0,0.0,0.0,0,0,0,0.0,0.0,0.0,0,0,0,0.0,0.0,0.0
Visual Genome,2318913,20,1,22,0,4,21,8,21,29,17,0,0,8,0.0129258870001649,0.0082071689998883,0.0,0.0082071689998883,0.0083686739999393,0.0214056800000435,Optimal,0,none,3.2049075663031403,0,13,100.0,100.0,100.0,2.0,1,3,0,0.25,1.0,0.4,0.8794220349310278,1,3,0,0.25,1.0,0.4,0.8794220349310278,1,3,0,0.25,1.0,0.4,0.8794220349310278,1,3,0,0.25,1.0,0.4,0.8794220349310278,8.637400014777086e-05,0,100.0,0,0,0,0.0,0.0,0.0,0,0,0,0.0,0.0,0.0,0,0,0,0.0,0.0,0.0,0,0,0,0.0,0.0,0.0
Visual Genome,2318942,38,0,26,0,1,0,2,0,2,1,0,0,2,0.0151586619999761,0.0063365579999299,0.0,0.0063365579999299,0.0064075969999066,0.0215972549999605,Optimal,0,none,0.5936402241388956,0,2,100.0,100.0,100.0,2.0,0,1,0,0.0,0.0,0.0,0.0,0,1,0,0.0,0.0,0.0,0.0,0,1,0,0.0,0.0,0.0,0.0,0,1,0,0.0,0.0,0.0,0.0,2.2387000171875115e-05,0,100.0,0,0,0,0.0,0.0,0.0,0,0,0,0.0,0.0,0.0,0,0,0,0.0,0.0,0.0,0,0,0,0.0,0.0,0.0
Visual Genome,2319079,13,0,19,0,1,0,2,0,2,1,0,0,2,0.0576121580002109,0.006803353000123,0.0,0.006803353000123,0.0068760689996452,0.0645177400001557,Optimal,0,none,0.624840752283732,0,2,100.0,100.0,100.0,2.0,0,1,0,0.0,0.0,0.0,0.0,0,1,0,0.0,0.0,0.0,0.0,0,1,0,0.0,0.0,0.0,0.0,0,1,0,0.0,0.0,0.0,0.0,2.1134000235178974e-05,0,100.0,0,0,0,0.0,0.0,0.0,0,0,0,0.0,0.0,0.0,0,0,0,0.0,0.0,0.0,0,0,0,0.0,0.0,0.0
Visual Genome,2319149,15,0,9,0,1,0,2,0,2,1,0,0,2,0.0161654530002124,0.0069195910000416,0.0,0.0069195910000416,0.0069851770003879,0.0231783930003075,Optimal,0,none,0.5748338381449382,0,2,100.0,100.0,100.0,2.0,0,1,0,0.0,0.0,0.0,0.0,0,1,0,0.0,0.0,0.0,0.0,0,1,0,0.0,0.0,0.0,0.0,0,1,0,0.0,0.0,0.0,0.0,2.0212999970681267e-05,0,100.0,0,0,0,0.0,0.0,0.0,0,0,0,0.0,0.0,0.0,0,0,0,0.0,0.0,0.0,0,0,0,0.0,0.0,0.0
Visual Genome,2319501,35,0,32,0,3,8,6,8,14,10,0,0,6,0.014635872999861,0.0062882840002203,0.0,0.0062882840002203,0.0064115199998013,0.0211169540002629,Optimal,0,none,2.293679914474488,0,10,100.0,100.0,100.0,2.0,0,3,0,0.0,0.0,0.0,0.0,0,3,0,0.0,0.0,0.0,0.0,0,3,0,0.0,0.0,0.0,0.0,0,3,0,0.0,0.0,0.0,0.0,5.052799997429247e-05,0,100.0,0,0,0,0.0,0.0,0.0,0,0,0,0.0,0.0,0.0,0,0,0,0.0,0.0,0.0,0,0,0,0.0,0.0,0.0
Visual Genome,2319669,46,6,56,0,9,131,18,131,149,82,0,0,18,0.0164250660000107,0.0127724049998505,0.0,0.0127724049998505,0.0130734640001719,0.029879646000154,Optimal,0,none,7.273493396370051,0,28,100.0,100.0,100.0,2.0,2,7,4,0.2222222222222222,0.3333333333333333,0.2666666666666666,0.9062500736351848,2,7,4,0.2222222222222222,0.3333333333333333,0.2666666666666666,0.9062500736351848,2,7,4,0.2222222222222222,0.3333333333333333,0.2666666666666666,0.9062500736351848,2,7,4,0.2222222222222222,0.3333333333333333,0.2666666666666666,0.9062500736351848,0.0003407629997127,0,100.0,0,0,0,0.0,0.0,0.0,0,0,0,0.0,0.0,0.0,0,0,0,0.0,0.0,0.0,0,0,0,0.0,0.0,0.0
Visual Genome,2319710,18,0,37,0,1,0,2,0,2,1,0,0,2,0.012329800000316,0.0068033309999009,0.0,0.0068033309999009,0.0068761040001845,0.0192382489999545,Optimal,0,none,0.6129119078318278,0,2,100.0,100.0,100.0,2.0,0,1,0,0.0,0.0,0.0,0.0,0,1,0,0.0,0.0,0.0,0.0,0,1,0,0.0,0.0,0.0,0.0,0,1,0,0.0,0.0,0.0,0.0,2.315900019311812e-05,0,100.0,0,0,0,0.0,0.0,0.0,0,0,0,0.0,0.0,0.0,0,0,0,0.0,0.0,0.0,0,0,0,0.0,0.0,0.0
Visual Genome,2320251,17,3,15,0,6,52,12,52,64,37,0,0,12,0.0156050659998072,0.0097131130000889,0.0,0.0097131130000889,0.0099160639997535,0.0257220729999971,Optimal,0,none,5.107084100922951,0,19,100.0,100.0,100.0,2.0,3,3,0,0.5,1.0,0.6666666666666666,0.846949519283982,3,3,0,0.5,1.0,0.6666666666666666,0.846949519283982,3,3,0,0.5,1.0,0.6666666666666666,0.846949519283982,3,3,0,0.5,1.0,0.6666666666666666,0.846949519283982,0.0001697279999461,0,100.0,0,0,0,0.0,0.0,0.0,0,0,0,0.0,0.0,0.0,0,0,0,0.0,0.0,0.0,0,0,0,0.0,0.0,0.0
Visual Genome,2320648,25,0,13,0,4,24,8,24,32,17,0,0,8,0.0129792650000126,0.0074348369998915,0.0,0.0074348369998915,0.007591419000164,0.0206975700002658,Optimal,0,none,3.24318946282069,0,13,100.0,100.0,100.0,2.0,0,4,0,0.0,0.0,0.0,0.0,0,4,0,0.0,0.0,0.0,0.0,0,4,0,0.0,0.0,0.0,0.0,0,4,0,0.0,0.0,0.0,0.0,8.845000002111192e-05,0,100.0,0,0,0,0.0,0.0,0.0,0,0,0,0.0,0.0,0.0,0,0,0,0.0,0.0,0.0,0,0,0,0.0,0.0,0.0
Visual Genome,2320698,33,1,21,0,17,505,34,505,539,290,0,0,34,0.0170813760000783,0.0278333630003544,0.0,0.0278333630003544,0.0285081510000964,0.0466971190003278,Optimal,0,none,13.233295024012325,0,52,100.0,100.0,100.0,2.0,1,16,0,0.0588235294117647,1.0,0.1111111111111111,0.5606073482804698,1,16,0,0.0588235294117647,1.0,0.1111111111111111,0.5606073482804698,1,16,0,0.0588235294117647,1.0,0.1111111111111111,0.5606073482804698,1,16,0,0.0588235294117647,1.0,0.1111111111111111,0.5606073482804698,0.0010413959998913,0,100.0,0,0,0,0.0,0.0,0.0,0,0,0,0.0,0.0,0.0,0,0,0,0.0,0.0,0.0,0,0,0,0.0,0.0,0.0
Visual Genome,2320927,8,0,3,0,1,0,2,0,2,1,0,0,2,0.0137562310001158,0.0063316760001725,0.0,0.0063316760001725,0.0063996019998739,0.0201840939998874,Optimal,0,none,0.6494154373804728,0,2,100.0,100.0,100.0,2.0,0,1,0,0.0,0.0,0.0,0.0,0,1,0,0.0,0.0,0.0,0.0,0,1,0,0.0,0.0,0.0,0.0,0,1,0,0.0,0.0,0.0,0.0,2.1144999664102212e-05,0,100.0,0,0,0,0.0,0.0,0.0,0,0,0,0.0,0.0,0.0,0,0,0,0.0,0.0,0.0,0,0,0,0.0,0.0,0.0
Visual Genome,2320957,46,2,28,0,18,567,36,567,603,325,0,0,36,0.0169916469999407,0.0301621590001559,0.0,0.0301621590001559,0.0309284859999934,0.0491441710000799,Optimal,0,none,14.86517180376424,0,55,100.0,100.0,100.0,2.0,2,16,0,0.1111111111111111,1.0,0.1999999999999999,0.7217771505586337,2,16,0,0.1111111111111111,1.0,0.1999999999999999,0.7217771505586337,2,16,0,0.1111111111111111,1.0,0.1999999999999999,0.7217771505586337,2,16,0,0.1111111111111111,1.0,0.1999999999999999,0.7217771505586337,0.0011239559999012,0,100.0,0,0,0,0.0,0.0,0.0,0,0,0,0.0,0.0,0.0,0,0,0,0.0,0.0,0.0,0,0,0,0.0,0.0,0.0
Visual Genome,2321001,13,1,37,0,3,10,6,10,16,10,0,0,6,0.0145312339996053,0.0066781179998542,0.0,0.0066781179998542,0.0068120739997539,0.0214281369999298,Optimal,0,none,2.519432327747346,0,10,100.0,100.0,100.0,2.0,1,2,0,0.3333333333333333,1.0,0.5,0.975463326169022,1,2,0,0.3333333333333333,1.0,0.5,0.975463326169022,1,2,0,0.3333333333333333,1.0,0.5,0.975463326169022,1,2,0,0.3333333333333333,1.0,0.5,0.975463326169022,6.237200022951583e-05,0,100.0,0,0,0,0.0,0.0,0.0,0,0,0,0.0,0.0,0.0,0,0,0,0.0,0.0,0.0,0,0,0,0.0,0.0,0.0
Visual Genome,2321381,27,1,14,0,2,2,4,2,6,5,0,0,4,0.0129565849997561,0.0065509500000189,0.0,0.0065509500000189,0.0066579720000845,0.0196607829998356,Optimal,0,none,1.414297712643941,0,5,100.0,100.0,100.0,2.0,0,2,1,0.0,0.0,0.0,0.0,0,2,1,0.0,0.0,0.0,0.0,0,2,1,0.0,0.0,0.0,0.0,0,2,1,0.0,0.0,0.0,0.0,3.2439000278827734e-05,0,100.0,0,0,0,0.0,0.0,0.0,0,0,0,0.0,0.0,0.0,0,0,0,0.0,0.0,0.0,0,0,0,0.0,0.0,0.0
Visual Genome,2322129,22,2,23,0,3,10,6,10,16,10,0,0,6,0.0562969980001071,0.0079048819998206,0.0,0.0079048819998206,0.0080434470000909,0.0644156510002176,Optimal,0,none,2.588338155746461,0,10,100.0,100.0,100.0,2.0,1,2,1,0.3333333333333333,0.5,0.4,0.9178453088764964,1,2,1,0.3333333333333333,0.5,0.4,0.9178453088764964,1,2,1,0.3333333333333333,0.5,0.4,0.9178453088764964,1,2,1,0.3333333333333333,0.5,0.4,0.9178453088764964,5.541400014408282e-05,0,100.0,0,0,0,0.0,0.0,0.0,0,0,0,0.0,0.0,0.0,0,0,0,0.0,0.0,0.0,0,0,0,0.0,0.0,0.0
Visual Genome,2322284,20,0,12,0,2,2,4,2,6,5,0,0,4,0.0150717249998706,0.0070653849998052,0.0,0.0070653849998052,0.0071634000000813,0.0222835630002009,Optimal,0,none,1.357858851750692,0,5,100.0,100.0,100.0,2.0,0,2,0,0.0,0.0,0.0,0.0,0,2,0,0.0,0.0,0.0,0.0,0,2,0,0.0,0.0,0.0,0.0,0,2,0,0.0,0.0,0.0,0.0,3.524800013110507e-05,0,100.0,0,0,0,0.0,0.0,0.0,0,0,0,0.0,0.0,0.0,0,0,0,0.0,0.0,0.0,0,0,0,0.0,0.0,0.0
Visual Genome,2322814,33,1,36,0,1,0,2,0,2,1,0,0,2,0.0148148369999034,0.0068708190001416,0.0,0.0068708190001416,0.0069447860000764,0.0217913609999413,Optimal,0,none,0.5520261208216349,0,2,100.0,100.0,100.0,2.0,0,1,1,0.0,0.0,0.0,0.9343860740934696,0,1,1,0.0,0.0,0.0,0.9343860740934696,0,1,1,0.0,0.0,0.0,0.9343860740934696,0,1,1,0.0,0.0,0.0,0.9343860740934696,2.3368000256596133e-05,0,100.0,0,0,0,0.0,0.0,0.0,0,0,0,0.0,0.0,0.0,0,0,0,0.0,0.0,0.0,0,0,0,0.0,0.0,0.0
Visual Genome,2322943,13,0,18,0,3,12,6,12,18,10,0,0,6,0.0147341229999256,0.0067967219997626,0.0,0.0067967219997626,0.0069256209999366,0.021749267999894,Optimal,0,none,2.5556212282180795,0,10,100.0,100.0,100.0,2.0,0,3,0,0.0,0.0,0.0,0.0,0,3,0,0.0,0.0,0.0,0.0,0,3,0,0.0,0.0,0.0,0.0,0,3,0,0.0,0.0,0.0,0.0,5.978299986963975e-05,0,100.0,0,0,0,0.0,0.0,0.0,0,0,0,0.0,0.0,0.0,0,0,0,0.0,0.0,0.0,0,0,0,0.0,0.0,0.0
Visual Genome,2323305,9,0,1,0,1,0,2,0,2,1,0,0,2,0.0131147090000922,0.0061748590001116,0.0,0.0061748590001116,0.0062454180001623,0.0193877629999406,Optimal,0,none,0.3908850351969401,0,2,100.0,100.0,100.0,2.0,0,1,0,0.0,0.0,0.0,0.0,0,1,0,0.0,0.0,0.0,0.0,0,1,0,0.0,0.0,0.0,0.0,0,1,0,0.0,0.0,0.0,0.0,1.9915999928343808e-05,0,100.0,0,0,0,0.0,0.0,0.0,0,0,0,0.0,0.0,0.0,0,0,0,0.0,0.0,0.0,0,0,0,0.0,0.0,0.0
Visual Genome,2323847,19,2,41,0,10,162,20,162,182,101,0,0,20,0.0140791379999427,0.0135292149998349,0.0,0.0135292149998349,0.0138642199999594,0.0284430319998136,Optimal,0,none,8.255503639079985,0,31,100.0,100.0,100.0,2.0,2,8,0,0.2,1.0,0.3333333333333333,0.9033838555081262,2,8,0,0.2,1.0,0.3333333333333333,0.9033838555081262,2,8,0,0.2,1.0,0.3333333333333333,0.9033838555081262,2,8,0,0.2,1.0,0.3333333333333333,0.9033838555081262,0.0004558579998956,0,100.0,0,0,0,0.0,0.0,0.0,0,0,0,0.0,0.0,0.0,0,0,0,0.0,0.0,0.0,0,0,0,0.0,0.0,0.0
Visual Genome,2324675,12,1,12,0,6,58,12,58,70,37,0,0,12,0.0135181350001403,0.0100079450003249,0.0,0.0100079450003249,0.0102315050003198,0.0239359199999853,Optimal,0,none,4.852659482607508,0,19,100.0,100.0,100.0,2.0,1,5,0,0.1666666666666666,1.0,0.2857142857142857,0.9585482759962924,1,5,0,0.1666666666666666,1.0,0.2857142857142857,0.9585482759962924,1,5,0,0.1666666666666666,1.0,0.2857142857142857,0.9585482759962924,1,5,0,0.1666666666666666,1.0,0.2857142857142857,0.9585482759962924,0.0001584300002832,0,100.0,0,0,0,0.0,0.0,0.0,0,0,0,0.0,0.0,0.0,0,0,0,0.0,0.0,0.0,0,0,0,0.0,0.0,0.0
Visual Genome,2324842,36,4,27,0,6,50,12,50,62,37,0,0,12,0.0157091400001263,0.0087583340000492,0.0,0.0087583340000492,0.0089849420000973,0.0248864810000668,Optimal,0,none,5.247487695217134,0,19,100.0,100.0,100.0,2.0,4,2,0,0.6666666666666666,1.0,0.8,0.9047986782062508,4,2,0,0.6666666666666666,1.0,0.8,0.9047986782062508,4,2,0,0.6666666666666666,1.0,0.8,0.9047986782062508,4,2,0,0.6666666666666666,1.0,0.8,0.9047986782062508,0.0001582619997861,0,100.0,0,0,0,0.0,0.0,0.0,0,0,0,0.0,0.0,0.0,0,0,0,0.0,0.0,0.0,0,0,0,0.0,0.0,0.0
Visual Genome,2324854,17,1,24,0,6,57,12,57,69,37,0,0,12,0.0144056079998335,0.0089908810000451,0.0,0.0089908810000451,0.0091922420001537,0.0237880929998937,Optimal,0,none,4.760228204727175,0,19,100.0,100.0,100.0,2.0,0,6,1,0.0,0.0,0.0,0.0,0,6,1,0.0,0.0,0.0,0.0,0,6,1,0.0,0.0,0.0,0.0,0,6,1,0.0,0.0,0.0,0.0,0.00015299900042,0,100.0,0,0,0,0.0,0.0,0.0,0,0,0,0.0,0.0,0.0,0,0,0,0.0,0.0,0.0,0,0,0,0.0,0.0,0.0
Visual Genome,2324932,34,2,27,0,18,574,36,574,610,325,0,0,36,0.0172335080001175,0.0304736319999392,0.0,0.0304736319999392,0.0312426430000414,0.0499382300004072,Optimal,0,none,13.937866180842018,0,55,100.0,100.0,100.0,2.0,1,17,1,0.0555555555555555,0.5,0.0999999999999999,0.6485480486290633,1,17,1,0.0555555555555555,0.5,0.0999999999999999,0.6485480486290633,1,17,1,0.0555555555555555,0.5,0.0999999999999999,0.6485480486290633,1,17,1,0.0555555555555555,0.5,0.0999999999999999,0.6485480486290633,0.0013350819999686,0,100.0,0,0,0,0.0,0.0,0.0,0,0,0,0.0,0.0,0.0,0,0,0,0.0,0.0,0.0,0,0,0,0.0,0.0,0.0
Visual Genome,2325308,43,0,48,0,4,34,8,34,42,17,0,0,8,0.0153611260002435,0.0080827720003071,0.0,0.0080827720003071,0.0082406799997443,0.0237276400002883,Optimal,0,none,3.4854282394312923,0,13,100.0,100.0,100.0,2.0,0,4,0,0.0,0.0,0.0,0.0,0,4,0,0.0,0.0,0.0,0.0,0,4,0,0.0,0.0,0.0,0.0,0,4,0,0.0,0.0,0.0,0.0,0.0001041549999172,0,100.0,0,0,0,0.0,0.0,0.0,0,0,0,0.0,0.0,0.0,0,0,0,0.0,0.0,0.0,0,0,0,0.0,0.0,0.0
Visual Genome,2326698,24,8,8,0,1,0,2,0,2,1,0,0,2,0.0144245110000156,0.007475242000055,0.0,0.007475242000055,0.0075461850001374,0.0219996089999767,Optimal,0,none,0.6206393639246623,0,2,100.0,100.0,100.0,2.0,0,1,8,0.0,0.0,0.0,0.0,0,1,8,0.0,0.0,0.0,0.0,0,1,8,0.0,0.0,0.0,0.0,0,1,8,0.0,0.0,0.0,0.0,2.120199997079908e-05,0,100.0,0,0,0,0.0,0.0,0.0,0,0,0,0.0,0.0,0.0,0,0,0,0.0,0.0,0.0,0,0,0,0.0,0.0,0.0
Visual Genome,2326699,20,6,7,0,2,4,4,4,8,5,0,0,4,0.014499164999961,0.0070343340003091,0.0,0.0070343340003091,0.0071557260002919,0.0217204420000598,Optimal,0,none,1.4001966150601706,0,5,100.0,100.0,100.0,2.0,2,0,4,1.0,0.3333333333333333,0.5,0.931388854279638,2,0,4,1.0,0.3333333333333333,0.5,0.931388854279638,2,0,4,1.0,0.3333333333333333,0.5,0.931388854279638,2,0,4,1.0,0.3333333333333333,0.5,0.931388854279638,4.281700012143119e-05,0,100.0,0,0,0,0.0,0.0,0.0,0,0,0,0.0,0.0,0.0,0,0,0,0.0,0.0,0.0,0,0,0,0.0,0.0,0.0
Visual Genome,2326969,30,2,26,0,2,2,4,2,6,5,0,0,4,0.0149803750000501,0.0065537549999135,0.0,0.0065537549999135,0.0066479380002419,0.021676822000245,Optimal,0,none,1.2692853363355003,0,5,100.0,100.0,100.0,2.0,1,1,1,0.5,0.5,0.5,0.7977640374410985,1,1,1,0.5,0.5,0.5,0.7977640374410985,1,1,1,0.5,0.5,0.5,0.7977640374410985,1,1,1,0.5,0.5,0.5,0.7977640374410985,3.470799993010587e-05,0,100.0,0,0,0,0.0,0.0,0.0,0,0,0,0.0,0.0,0.0,0,0,0,0.0,0.0,0.0,0,0,0,0.0,0.0,0.0
Visual Genome,2327066,14,0,6,0,2,5,4,5,9,5,0,0,4,0.0136257169997406,0.0067905579999205,0.0,0.0067905579999205,0.0068964950000918,0.0205839259997446,Optimal,0,none,1.373117569287618,0,5,100.0,100.0,100.0,2.0,0,2,0,0.0,0.0,0.0,0.0,0,2,0,0.0,0.0,0.0,0.0,0,2,0,0.0,0.0,0.0,0.0,0,2,0,0.0,0.0,0.0,0.0,4.600800002663164e-05,0,100.0,0,0,0,0.0,0.0,0.0,0,0,0,0.0,0.0,0.0,0,0,0,0.0,0.0,0.0,0,0,0,0.0,0.0,0.0
Visual Genome,2327344,19,2,11,0,4,23,8,23,31,17,0,0,8,0.0149476629999298,0.0088582779999342,0.0,0.0088582779999342,0.0090369479999026,0.02411026999971,Optimal,0,none,3.266570223967235,0,13,100.0,100.0,100.0,2.0,2,2,0,0.5,1.0,0.6666666666666666,0.8164031548649267,2,2,0,0.5,1.0,0.6666666666666666,0.8164031548649267,2,2,0,0.5,1.0,0.6666666666666666,0.8164031548649267,2,2,0,0.5,1.0,0.6666666666666666,0.8164031548649267,9.838400001171976e-05,0,100.0,0,0,0,0.0,0.0,0.0,0,0,0,0.0,0.0,0.0,0,0,0,0.0,0.0,0.0,0,0,0,0.0,0.0,0.0
Visual Genome,2327444,25,3,27,1,2,4,4,4,8,5,0,0,4,0.0149105989999043,0.0068352609996509,0.0,0.0068352609996509,0.006956713999898,0.0219414359999063,Optimal,0,none,1.2454339536031087,0,5,100.0,100.0,100.0,2.0,0,2,3,0.0,0.0,0.0,0.9245800110095818,0,2,3,0.0,0.0,0.0,0.9245800110095818,0,2,3,0.0,0.0,0.0,0.9245800110095818,0,2,3,0.0,0.0,0.0,0.9245800110095818,4.253900033290847e-05,0,100.0,0,0,1,0.0,0.0,0.0,0,0,1,0.0,0.0,0.0,0,0,1,0.0,0.0,0.0,0,0,1,0.0,0.0,0.0
Visual Genome,2327650,14,0,7,0,2,4,4,4,8,5,0,0,4,0.0167172940000455,0.006768761999865,0.0,0.006768761999865,0.0068688629999087,0.0236566440003116,Optimal,0,none,1.5797962697347008,0,5,100.0,100.0,100.0,2.0,0,2,0,0.0,0.0,0.0,0.0,0,2,0,0.0,0.0,0.0,0.0,0,2,0,0.0,0.0,0.0,0.0,0,2,0,0.0,0.0,0.0,0.0,5.6199000027845614e-05,0,100.0,0,0,0,0.0,0.0,0.0,0,0,0,0.0,0.0,0.0,0,0,0,0.0,0.0,0.0,0,0,0,0.0,0.0,0.0
Visual Genome,2327696,9,1,38,0,4,23,8,23,31,17,0,0,8,0.0166830569996818,0.0094444960000146,0.0,0.0094444960000146,0.0096201820001624,0.0264266740000493,Optimal,0,none,3.4526605335871388,0,13,100.0,100.0,100.0,2.0,0,4,1,0.0,0.0,0.0,0.0,0,4,1,0.0,0.0,0.0,0.0,0,4,1,0.0,0.0,0.0,0.0,0,4,1,0.0,0.0,0.0,0.0,9.642599979997613e-05,0,100.0,0,0,0,0.0,0.0,0.0,0,0,0,0.0,0.0,0.0,0,0,0,0.0,0.0,0.0,0,0,0,0.0,0.0,0.0
Visual Genome,2327918,10,0,15,0,4,24,8,24,32,17,0,0,8,0.0154074039996885,0.0083324070001253,0.0,0.0083324070001253,0.0085205569998834,0.0240452019997974,Optimal,0,none,3.564690109888714,0,13,100.0,100.0,100.0,2.0,0,4,0,0.0,0.0,0.0,0.0,0,4,0,0.0,0.0,0.0,0.0,0,4,0,0.0,0.0,0.0,0.0,0,4,0,0.0,0.0,0.0,0.0,9.676399986346952e-05,0,100.0,0,0,0,0.0,0.0,0.0,0,0,0,0.0,0.0,0.0,0,0,0,0.0,0.0,0.0,0,0,0,0.0,0.0,0.0
Visual Genome,2328070,20,4,12,0,15,389,30,389,419,226,0,0,30,0.0182641740002509,0.0228991409999252,0.0,0.0228991409999252,0.0235631749997082,0.0428530399999544,Optimal,0,none,12.345642237180757,0,46,100.0,100.0,100.0,2.0,2,13,2,0.1333333333333333,0.5,0.2105263157894737,0.6292557789268508,2,13,2,0.1333333333333333,0.5,0.2105263157894737,0.6292557789268508,2,13,2,0.1333333333333333,0.5,0.2105263157894737,0.6292557789268508,2,13,2,0.1333333333333333,0.5,0.2105263157894737,0.6292557789268508,0.0009434500002498,0,100.0,0,0,0,0.0,0.0,0.0,0,0,0,0.0,0.0,0.0,0,0,0,0.0,0.0,0.0,0,0,0,0.0,0.0,0.0
Visual Genome,2328175,26,2,11,0,5,40,10,40,50,26,0,0,10,0.0160374730003241,0.0088713139998617,0.0,0.0088713139998617,0.0090725320001183,0.0252752930000497,Optimal,0,none,4.384150787194571,0,16,100.0,100.0,100.0,2.0,2,3,0,0.4,1.0,0.5714285714285715,0.9330003665863946,2,3,0,0.4,1.0,0.5714285714285715,0.9330003665863946,2,3,0,0.4,1.0,0.5714285714285715,0.9330003665863946,2,3,0,0.4,1.0,0.5714285714285715,0.9330003665863946,0.0001366980000057,0,100.0,0,0,0,0.0,0.0,0.0,0,0,0,0.0,0.0,0.0,0,0,0,0.0,0.0,0.0,0,0,0,0.0,0.0,0.0
Visual Genome,2328345,9,0,23,0,5,32,10,32,42,26,0,0,10,0.0138241449999441,0.008046275000197,0.0,0.008046275000197,0.0082268609999118,0.0221795099996597,Optimal,0,none,3.966554582913718,0,16,100.0,100.0,100.0,2.0,0,5,0,0.0,0.0,0.0,0.0,0,5,0,0.0,0.0,0.0,0.0,0,5,0,0.0,0.0,0.0,0.0,0,5,0,0.0,0.0,0.0,0.0,0.000104045000171,0,100.0,0,0,0,0.0,0.0,0.0,0,0,0,0.0,0.0,0.0,0,0,0,0.0,0.0,0.0,0,0,0,0.0,0.0,0.0
Visual Genome,2328417,11,0,8,0,5,34,10,34,44,26,0,0,10,0.014880316000017,0.0088072329999704,0.0,0.0088072329999704,0.0089919090000876,0.0240273239996895,Optimal,0,none,4.604679210980734,0,16,100.0,100.0,100.0,2.0,0,5,0,0.0,0.0,0.0,0.0,0,5,0,0.0,0.0,0.0,0.0,0,5,0,0.0,0.0,0.0,0.0,0,5,0,0.0,0.0,0.0,0.0,0.0001287569998567,0,100.0,0,0,0,0.0,0.0,0.0,0,0,0,0.0,0.0,0.0,0,0,0,0.0,0.0,0.0,0,0,0,0.0,0.0,0.0
Visual Genome,2328583,12,0,5,0,6,47,12,47,59,37,0,0,12,0.0151232749999508,0.0088528899996163,0.0,0.0088528899996163,0.0091323020001254,0.024450938999962,Optimal,0,none,5.461806821823121,0,19,100.0,100.0,100.0,2.0,0,6,0,0.0,0.0,0.0,0.0,0,6,0,0.0,0.0,0.0,0.0,0,6,0,0.0,0.0,0.0,0.0,0,6,0,0.0,0.0,0.0,0.0,0.0001603629998498,0,100.0,0,0,0,0.0,0.0,0.0,0,0,0,0.0,0.0,0.0,0,0,0,0.0,0.0,0.0,0,0,0,0.0,0.0,0.0
Visual Genome,2329266,15,0,16,0,2,4,4,4,8,5,0,0,4,0.0137368260002403,0.0065607859996816,0.0,0.0065607859996816,0.0066965229998459,0.0204860310000185,Optimal,0,none,1.2472136114371772,0,5,100.0,100.0,100.0,2.0,0,2,0,0.0,0.0,0.0,0.0,0,2,0,0.0,0.0,0.0,0.0,0,2,0,0.0,0.0,0.0,0.0,0,2,0,0.0,0.0,0.0,0.0,3.933600009986549e-05,0,100.0,0,0,0,0.0,0.0,0.0,0,0,0,0.0,0.0,0.0,0,0,0,0.0,0.0,0.0,0,0,0,0.0,0.0,0.0
Visual Genome,2330342,23,0,22,0,2,4,4,4,8,5,0,0,4,0.0138854760002686,0.0066279400002713,0.0,0.0066279400002713,0.006765218000055,0.02070520999996,Optimal,0,none,1.528381470044454,0,5,100.0,100.0,100.0,2.0,0,2,0,0.0,0.0,0.0,0.0,0,2,0,0.0,0.0,0.0,0.0,0,2,0,0.0,0.0,0.0,0.0,0,2,0,0.0,0.0,0.0,0.0,4.059999992023222e-05,0,100.0,0,0,0,0.0,0.0,0.0,0,0,0,0.0,0.0,0.0,0,0,0,0.0,0.0,0.0,0,0,0,0.0,0.0,0.0
Visual Genome,2331047,31,2,28,0,6,48,12,48,60,37,0,0,12,0.0139923799997632,0.0100712889998249,0.0,0.0100712889998249,0.0102932090003378,0.024458697999762,Optimal,0,none,5.138137443065645,0,19,100.0,100.0,100.0,2.0,1,5,1,0.1666666666666666,0.5,0.25,0.838841774528702,1,5,1,0.1666666666666666,0.5,0.25,0.838841774528702,1,5,1,0.1666666666666666,0.5,0.25,0.838841774528702,1,5,1,0.1666666666666666,0.5,0.25,0.838841774528702,0.0001440619998902,0,100.0,0,0,0,0.0,0.0,0.0,0,0,0,0.0,0.0,0.0,0,0,0,0.0,0.0,0.0,0,0,0,0.0,0.0,0.0
Visual Genome,2331383,18,1,10,0,3,13,6,13,19,10,0,0,6,0.0152349800000592,0.0076702260003003,0.0,0.0076702260003003,0.007842576999792,0.0231723309998415,Optimal,0,none,2.5029084345184582,0,10,100.0,100.0,100.0,2.0,1,2,0,0.3333333333333333,1.0,0.5,0.8839755286819685,1,2,0,0.3333333333333333,1.0,0.5,0.8839755286819685,1,2,0,0.3333333333333333,1.0,0.5,0.8839755286819685,1,2,0,0.3333333333333333,1.0,0.5,0.8839755286819685,7.236800001919619e-05,0,100.0,0,0,0,0.0,0.0,0.0,0,0,0,0.0,0.0,0.0,0,0,0,0.0,0.0,0.0,0,0,0,0.0,0.0,0.0
Visual Genome,2331993,36,13,21,0,4,20,8,20,28,17,0,0,8,0.0141291529998852,0.0077080780001779,0.0,0.0077080780001779,0.007878853999955,0.0221267850001822,Optimal,0,none,3.095568733216313,0,13,100.0,100.0,100.0,2.0,4,0,9,1.0,0.3076923076923077,0.4705882352941176,0.831566404058143,4,0,9,1.0,0.3076923076923077,0.4705882352941176,0.831566404058143,4,0,9,1.0,0.3076923076923077,0.4705882352941176,0.831566404058143,4,0,9,1.0,0.3076923076923077,0.4705882352941176,0.831566404058143,9.47660000747419e-05,0,100.0,0,0,0,0.0,0.0,0.0,0,0,0,0.0,0.0,0.0,0,0,0,0.0,0.0,0.0,0,0,0,0.0,0.0,0.0
Visual Genome,2332038,22,2,10,0,6,53,12,53,65,37,0,0,12,0.0143065830002342,0.0095023899998523,0.0,0.0095023899998523,0.0097025229997598,0.0242578639999919,Optimal,0,none,4.845242469310762,0,19,100.0,100.0,100.0,2.0,0,6,2,0.0,0.0,0.0,0.0,0,6,2,0.0,0.0,0.0,0.0,0,6,2,0.0,0.0,0.0,0.0,0,6,2,0.0,0.0,0.0,0.0,0.0002173349998884,0,100.0,0,0,0,0.0,0.0,0.0,0,0,0,0.0,0.0,0.0,0,0,0,0.0,0.0,0.0,0,0,0,0.0,0.0,0.0
Visual Genome,2332066,17,1,16,0,2,2,4,2,6,5,0,0,4,0.0135667220001778,0.0071729050000612,0.0,0.0071729050000612,0.0072821690000637,0.0209283849999337,Optimal,0,none,1.5453911574681602,0,5,100.0,100.0,100.0,2.0,1,1,0,0.5,1.0,0.6666666666666666,0.982080815442262,1,1,0,0.5,1.0,0.6666666666666666,0.982080815442262,1,1,0,0.5,1.0,0.6666666666666666,0.982080815442262,1,1,0,0.5,1.0,0.6666666666666666,0.982080815442262,5.5666999742243206e-05,0,100.0,0,0,0,0.0,0.0,0.0,0,0,0,0.0,0.0,0.0,0,0,0,0.0,0.0,0.0,0,0,0,0.0,0.0,0.0
Visual Genome,2332239,14,0,11,0,5,38,10,38,48,26,0,0,10,0.0154257980002512,0.0090988000001743,0.0,0.0090988000001743,0.0093229409999366,0.0249141920003239,Optimal,0,none,4.265603197613315,0,16,100.0,100.0,100.0,2.0,0,5,0,0.0,0.0,0.0,0.0,0,5,0,0.0,0.0,0.0,0.0,0,5,0,0.0,0.0,0.0,0.0,0,5,0,0.0,0.0,0.0,0.0,0.0001349109998045,0,100.0,0,0,0,0.0,0.0,0.0,0,0,0,0.0,0.0,0.0,0,0,0,0.0,0.0,0.0,0,0,0,0.0,0.0,0.0
Visual Genome,2332341,13,2,13,0,2,4,4,4,8,5,0,0,4,0.0145873800001936,0.007000052999956,0.0,0.007000052999956,0.0071182609999596,0.0217656090003401,Optimal,0,none,1.5730290921529138,0,5,100.0,100.0,100.0,2.0,2,0,0,1.0,1.0,1.0,0.7473577807689658,2,0,0,1.0,1.0,1.0,0.7473577807689658,2,0,0,1.0,1.0,1.0,0.7473577807689658,2,0,0,1.0,1.0,1.0,0.7473577807689658,4.403000002639601e-05,0,100.0,0,0,0,0.0,0.0,0.0,0,0,0,0.0,0.0,0.0,0,0,0,0.0,0.0,0.0,0,0,0,0.0,0.0,0.0
Visual Genome,2333282,20,1,19,0,1,0,2,0,2,1,0,0,2,0.0159657750000405,0.00669741899992,0.0,0.00669741899992,0.006778230999771,0.0227716100002908,Optimal,0,none,0.6318252484003704,0,2,100.0,100.0,100.0,2.0,1,0,0,1.0,1.0,1.0,0.8701625090428022,1,0,0,1.0,1.0,1.0,0.8701625090428022,1,0,0,1.0,1.0,1.0,0.8701625090428022,1,0,0,1.0,1.0,1.0,0.8701625090428022,2.034599992839503e-05,0,100.0,0,0,0,0.0,0.0,0.0,0,0,0,0.0,0.0,0.0,0,0,0,0.0,0.0,0.0,0,0,0,0.0,0.0,0.0
Visual Genome,2333291,25,1,44,0,2,2,4,2,6,5,0,0,4,0.015090130000317,0.0071851939997031,0.0,0.0071851939997031,0.0072953660001076,0.0224387610001031,Optimal,0,none,1.4427630456288658,0,5,100.0,100.0,100.0,2.0,1,1,0,0.5,1.0,0.6666666666666666,0.9275117816895032,1,1,0,0.5,1.0,0.6666666666666666,0.9275117816895032,1,1,0,0.5,1.0,0.6666666666666666,0.9275117816895032,1,1,0,0.5,1.0,0.6666666666666666,0.9275117816895032,3.754299996217014e-05,0,100.0,0,0,0,0.0,0.0,0.0,0,0,0,0.0,0.0,0.0,0,0,0,0.0,0.0,0.0,0,0,0,0.0,0.0,0.0
Visual Genome,2333601,16,0,12,0,1,0,2,0,2,1,0,0,2,0.0137084180000783,0.0074300950000179,0.0,0.0074300950000179,0.0075000629999522,0.0212381770002139,Optimal,0,none,0.6201555411020915,0,2,100.0,100.0,100.0,2.0,0,1,0,0.0,0.0,0.0,0.0,0,1,0,0.0,0.0,0.0,0.0,0,1,0,0.0,0.0,0.0,0.0,0,1,0,0.0,0.0,0.0,0.0,2.1684999865101418e-05,0,100.0,0,0,0,0.0,0.0,0.0,0,0,0,0.0,0.0,0.0,0,0,0,0.0,0.0,0.0,0,0,0,0.0,0.0,0.0
Visual Genome,2334041,25,4,23,1,7,64,14,64,78,50,0,0,14,0.0139031139997314,0.0098728829998435,0.0,0.0098728829998435,0.0101012720001563,0.0242208439999558,Optimal,0,none,5.351978484789533,0,22,100.0,100.0,100.0,2.0,3,4,1,0.4285714285714285,0.75,0.5454545454545454,0.9094720186826396,3,4,1,0.4285714285714285,0.75,0.5454545454545454,0.9094720186826396,3,4,1,0.4285714285714285,0.75,0.5454545454545454,0.9094720186826396,3,4,1,0.4285714285714285,0.75,0.5454545454545454,0.9094720186826396,0.0001822280000851,0,100.0,0,0,1,0.0,0.0,0.0,0,0,1,0.0,0.0,0.0,0,4,1,0.0,0.0,0.0,0,4,1,0.0,0.0,0.0
Visual Genome,2334757,27,1,25,0,4,22,8,22,30,17,0,0,8,0.0141474789998028,0.0081446329995742,0.0,0.0081446329995742,0.0082957630002056,0.0225523549997888,Optimal,0,none,3.3480413166681937,0,13,100.0,100.0,100.0,2.0,0,4,1,0.0,0.0,0.0,0.0,0,4,1,0.0,0.0,0.0,0.0,0,4,1,0.0,0.0,0.0,0.0,0,4,1,0.0,0.0,0.0,0.0,8.557599994674092e-05,0,100.0,0,0,0,0.0,0.0,0.0,0,0,0,0.0,0.0,0.0,0,0,0,0.0,0.0,0.0,0,0,0,0.0,0.0,0.0
Visual Genome,2334959,32,5,36,0,8,91,16,91,107,65,0,0,16,0.0158192310000231,0.0112731620001795,0.0,0.0112731620001795,0.0115586950000761,0.0276716559997112,Optimal,0,none,6.405201225855164,0,25,100.0,100.0,100.0,2.0,1,7,4,0.125,0.2,0.1538461538461538,0.8183981938881679,1,7,4,0.125,0.2,0.1538461538461538,0.8183981938881679,1,7,4,0.125,0.2,0.1538461538461538,0.8183981938881679,1,7,4,0.125,0.2,0.1538461538461538,0.8183981938881679,0.0002560420002737,0,100.0,0,0,0,0.0,0.0,0.0,0,0,0,0.0,0.0,0.0,0,0,0,0.0,0.0,0.0,0,0,0,0.0,0.0,0.0
Visual Genome,2335066,33,0,31,0,1,0,2,0,2,1,0,0,2,0.0159491440003876,0.0071261680000134,0.0,0.0071261680000134,0.007209605999833,0.0232064820002051,Optimal,0,none,0.6264131943384806,0,2,100.0,100.0,100.0,2.0,0,1,0,0.0,0.0,0.0,0.0,0,1,0,0.0,0.0,0.0,0.0,0,1,0,0.0,0.0,0.0,0.0,0,1,0,0.0,0.0,0.0,0.0,3.8781000057497295e-05,0,100.0,0,0,0,0.0,0.0,0.0,0,0,0,0.0,0.0,0.0,0,0,0,0.0,0.0,0.0,0,0,0,0.0,0.0,0.0
Visual Genome,2335180,14,1,9,0,2,4,4,4,8,5,0,0,4,0.016589083999861,0.0078951639998194,0.0,0.0078951639998194,0.0080570209997858,0.0247032009997383,Optimal,0,none,1.4899323495229089,0,5,100.0,100.0,100.0,2.0,1,1,0,0.5,1.0,0.6666666666666666,0.9823313923353588,1,1,0,0.5,1.0,0.6666666666666666,0.9823313923353588,1,1,0,0.5,1.0,0.6666666666666666,0.9823313923353588,1,1,0,0.5,1.0,0.6666666666666666,0.9823313923353588,4.188899993096129e-05,0,100.0,0,0,0,0.0,0.0,0.0,0,0,0,0.0,0.0,0.0,0,0,0,0.0,0.0,0.0,0,0,0,0.0,0.0,0.0
Visual Genome,2335341,24,0,16,0,1,0,2,0,2,1,0,0,2,0.0136733240001376,0.0068486039999697,0.0,0.0068486039999697,0.0069344120001915,0.0206419169999207,Optimal,0,none,0.6377031485239665,0,2,100.0,100.0,100.0,2.0,0,1,0,0.0,0.0,0.0,0.0,0,1,0,0.0,0.0,0.0,0.0,0,1,0,0.0,0.0,0.0,0.0,0,1,0,0.0,0.0,0.0,0.0,2.560800021456089e-05,0,100.0,0,0,0,0.0,0.0,0.0,0,0,0,0.0,0.0,0.0,0,0,0,0.0,0.0,0.0,0,0,0,0.0,0.0,0.0
Visual Genome,2335407,28,0,47,0,3,16,6,16,22,10,0,0,6,0.0144650650004223,0.0066221990000485,0.0,0.0066221990000485,0.0067550359999586,0.0213047030001689,Optimal,0,none,2.642981991767884,0,10,100.0,100.0,100.0,2.0,0,3,0,0.0,0.0,0.0,0.0,0,3,0,0.0,0.0,0.0,0.0,0,3,0,0.0,0.0,0.0,0.0,0,3,0,0.0,0.0,0.0,0.0,6.650699970123242e-05,0,100.0,0,0,0,0.0,0.0,0.0,0,0,0,0.0,0.0,0.0,0,0,0,0.0,0.0,0.0,0,0,0,0.0,0.0,0.0
Visual Genome,2335564,40,0,29,0,0,0,0,0,0,0,0,0,1,0.0143678300000829,0.0054527440001947,0.0,0.0054527440001947,0.0054909370001041,0.0198741939998399,Optimal,0,none,,0,1,100.0,0.0,0.0,0.0,0,0,0,0.0,0.0,0.0,0.0,0,0,0,0.0,0.0,0.0,0.0,0,0,0,0.0,0.0,0.0,0.0,0,0,0,0.0,0.0,0.0,0.0,9.779999800230144e-06,0,100.0,0,0,0,0.0,0.0,0.0,0,0,0,0.0,0.0,0.0,0,0,0,0.0,0.0,0.0,0,0,0,0.0,0.0,0.0
Visual Genome,2335895,29,0,7,0,4,18,8,18,26,17,0,0,8,0.0141220619998421,0.0081698230001165,0.0,0.0081698230001165,0.0083173960001659,0.0225408329997662,Optimal,0,none,3.4925775973002127,0,13,100.0,100.0,100.0,2.0,0,4,0,0.0,0.0,0.0,0.0,0,4,0,0.0,0.0,0.0,0.0,0,4,0,0.0,0.0,0.0,0.0,0,4,0,0.0,0.0,0.0,0.0,7.797100033712923e-05,0,100.0,0,0,0,0.0,0.0,0.0,0,0,0,0.0,0.0,0.0,0,0,0,0.0,0.0,0.0,0,0,0,0.0,0.0,0.0
Visual Genome,2336031,19,1,12,0,2,2,4,2,6,5,0,0,4,0.0145866419998128,0.0068147040001349,0.0,0.0068147040001349,0.0069245559998307,0.0215592739996282,Optimal,0,none,1.434942425092061,0,5,100.0,100.0,100.0,2.0,0,2,1,0.0,0.0,0.0,0.0,0,2,1,0.0,0.0,0.0,0.0,0,2,1,0.0,0.0,0.0,0.0,0,2,1,0.0,0.0,0.0,0.0,3.423500038479688e-05,0,100.0,0,0,0,0.0,0.0,0.0,0,0,0,0.0,0.0,0.0,0,0,0,0.0,0.0,0.0,0,0,0,0.0,0.0,0.0
Visual Genome,2336123,31,1,22,0,2,5,4,5,9,5,0,0,4,0.0134168180002234,0.0068725840001206,0.0,0.0068725840001206,0.006973931000175,0.0204447979999713,Optimal,0,none,1.2801354130071574,0,5,100.0,100.0,100.0,2.0,1,1,0,0.5,1.0,0.6666666666666666,0.6670337835386154,1,1,0,0.5,1.0,0.6666666666666666,0.6670337835386154,1,1,0,0.5,1.0,0.6666666666666666,0.6670337835386154,1,1,0,0.5,1.0,0.6666666666666666,0.6670337835386154,4.089999993084348e-05,0,100.0,0,0,0,0.0,0.0,0.0,0,0,0,0.0,0.0,0.0,0,0,0,0.0,0.0,0.0,0,0,0,0.0,0.0,0.0
Visual Genome,2336165,9,0,5,0,1,0,2,0,2,1,0,0,2,0.0160918730002777,0.0079763459998503,0.0,0.0079763459998503,0.0080838109997785,0.0242272220002632,Optimal,0,none,0.6070181528727214,0,2,100.0,100.0,100.0,2.0,0,1,0,0.0,0.0,0.0,0.0,0,1,0,0.0,0.0,0.0,0.0,0,1,0,0.0,0.0,0.0,0.0,0,1,0,0.0,0.0,0.0,0.0,3.3027999961632304e-05,0,100.0,0,0,0,0.0,0.0,0.0,0,0,0,0.0,0.0,0.0,0,0,0,0.0,0.0,0.0,0,0,0,0.0,0.0,0.0
Visual Genome,2336245,28,10,26,3,15,407,30,407,437,226,0,0,30,0.0152484820000609,0.0209943849999945,0.0,0.0209943849999945,0.021670019999874,0.0379593049997311,Optimal,0,none,12.165529659913716,0,46,100.0,100.0,100.0,2.0,8,7,2,0.5333333333333333,0.8,0.64,0.903965320166366,8,7,2,0.5333333333333333,0.8,0.64,0.903965320166366,8,7,2,0.5333333333333333,0.8,0.64,0.903965320166366,8,7,2,0.5333333333333333,0.8,0.64,0.903965320166366,0.000976953999725,0,100.0,0,5,3,0.0,0.0,0.0,0,8,3,0.0,0.0,0.0,0,12,3,0.0,0.0,0.0,0,12,3,0.0,0.0,0.0
Visual Genome,2336275,17,3,8,0,2,2,4,2,6,5,0,0,4,0.013370154000313,0.0066069690001313,0.0,0.0066069690001313,0.0067040460003227,0.0201312690001032,Optimal,0,none,1.282959378560384,0,5,100.0,100.0,100.0,2.0,2,0,1,1.0,0.6666666666666666,0.8,0.8327867288425702,2,0,1,1.0,0.6666666666666666,0.8,0.8327867288425702,2,0,1,1.0,0.6666666666666666,0.8,0.8327867288425702,2,0,1,1.0,0.6666666666666666,0.8,0.8327867288425702,4.416799993123277e-05,0,100.0,0,0,0,0.0,0.0,0.0,0,0,0,0.0,0.0,0.0,0,0,0,0.0,0.0,0.0,0,0,0,0.0,0.0,0.0
Visual Genome,2336668,22,3,23,0,5,37,10,37,47,26,0,0,10,0.0151405169999634,0.0088225919998876,0.0,0.0088225919998876,0.0090263810002397,0.0243315279999478,Optimal,0,none,4.162935133775076,0,16,100.0,100.0,100.0,2.0,1,4,2,0.2,0.3333333333333333,0.25,0.8586068584520259,1,4,2,0.2,0.3333333333333333,0.25,0.8586068584520259,1,4,2,0.2,0.3333333333333333,0.25,0.8586068584520259,1,4,2,0.2,0.3333333333333333,0.25,0.8586068584520259,0.0001337180001428,0,100.0,0,0,0,0.0,0.0,0.0,0,0,0,0.0,0.0,0.0,0,0,0,0.0,0.0,0.0,0,0,0,0.0,0.0,0.0
Visual Genome,2336871,17,0,15,0,5,38,10,38,48,26,0,0,10,0.0161869280000246,0.0093276759998843,0.0,0.0093276759998843,0.0096030139998219,0.0259770869997737,Optimal,0,none,4.320259292920432,0,16,100.0,100.0,100.0,2.0,0,5,0,0.0,0.0,0.0,0.0,0,5,0,0.0,0.0,0.0,0.0,0,5,0,0.0,0.0,0.0,0.0,0,5,0,0.0,0.0,0.0,0.0,0.0001447499998903,0,100.0,0,0,0,0.0,0.0,0.0,0,0,0,0.0,0.0,0.0,0,0,0,0.0,0.0,0.0,0,0,0,0.0,0.0,0.0
Visual Genome,2337319,19,2,18,0,4,18,8,18,26,17,0,0,8,0.015153453000039,0.0078582900000583,0.0,0.0078582900000583,0.0080104789999495,0.0232640270000956,Optimal,0,none,3.4377489034334827,0,13,100.0,100.0,100.0,2.0,1,3,1,0.25,0.5,0.3333333333333333,0.810913491422817,1,3,1,0.25,0.5,0.3333333333333333,0.810913491422817,1,3,1,0.25,0.5,0.3333333333333333,0.810913491422817,1,3,1,0.25,0.5,0.3333333333333333,0.810913491422817,7.565299983980367e-05,0,100.0,0,0,0,0.0,0.0,0.0,0,0,0,0.0,0.0,0.0,0,0,0,0.0,0.0,0.0,0,0,0,0.0,0.0,0.0
Visual Genome,2337466,9,1,8,0,3,13,6,13,19,10,0,0,6,0.0178519109999797,0.007101571000021,0.0,0.007101571000021,0.0072444679999534,0.0251890330000605,Optimal,0,none,2.532460426477173,0,10,100.0,100.0,100.0,2.0,0,3,1,0.0,0.0,0.0,0.0,0,3,1,0.0,0.0,0.0,0.0,0,3,1,0.0,0.0,0.0,0.0,0,3,1,0.0,0.0,0.0,0.0,6.970000004002941e-05,0,100.0,0,0,0,0.0,0.0,0.0,0,0,0,0.0,0.0,0.0,0,0,0,0.0,0.0,0.0,0,0,0,0.0,0.0,0.0
Visual Genome,2337482,27,0,2,0,9,136,18,136,154,82,0,0,18,0.0164460579999286,0.0125868699997226,0.0,0.0125868699997226,0.0129370029999336,0.0298465989999385,Optimal,0,none,6.924873476573905,0,28,100.0,100.0,100.0,2.0,0,9,0,0.0,0.0,0.0,0.0,0,9,0,0.0,0.0,0.0,0.0,0,9,0,0.0,0.0,0.0,0.0,0,9,0,0.0,0.0,0.0,0.0,0.0004166690000602,0,100.0,0,0,0,0.0,0.0,0.0,0,0,0,0.0,0.0,0.0,0,0,0,0.0,0.0,0.0,0,0,0,0.0,0.0,0.0
Visual Genome,2337637,15,2,4,0,6,62,12,62,74,37,0,0,12,0.0151727529996605,0.0109422330001507,0.0,0.0109422330001507,0.0111731289998715,0.0265650159999495,Optimal,0,none,5.06196233034134,0,19,100.0,100.0,100.0,2.0,2,4,0,0.3333333333333333,1.0,0.5,0.9674484975568464,2,4,0,0.3333333333333333,1.0,0.5,0.9674484975568464,2,4,0,0.3333333333333333,1.0,0.5,0.9674484975568464,2,4,0,0.3333333333333333,1.0,0.5,0.9674484975568464,0.0001854930001172,0,100.0,0,0,0,0.0,0.0,0.0,0,0,0,0.0,0.0,0.0,0,0,0,0.0,0.0,0.0,0,0,0,0.0,0.0,0.0
Visual Genome,2338009,25,1,34,0,1,0,2,0,2,1,0,0,2,0.0131540209999911,0.0066638190000958,0.0,0.0066638190000958,0.0067323769999347,0.0199150960002043,Optimal,0,none,0.5479696194330852,0,2,100.0,100.0,100.0,2.0,1,0,0,1.0,1.0,1.0,0.8753635533747561,1,0,0,1.0,1.0,1.0,0.8753635533747561,1,0,0,1.0,1.0,1.0,0.8753635533747561,1,0,0,1.0,1.0,1.0,0.8753635533747561,2.07860002774396e-05,0,100.0,0,0,0,0.0,0.0,0.0,0,0,0,0.0,0.0,0.0,0,0,0,0.0,0.0,0.0,0,0,0,0.0,0.0,0.0
Visual Genome,2338027,44,1,20,0,12,238,24,238,262,145,0,0,24,0.015175599000031,0.0178743309998026,0.0,0.0178743309998026,0.0183210649997818,0.0341140679997806,Optimal,0,none,9.813193308979136,0,37,100.0,100.0,100.0,2.0,1,11,0,0.0833333333333333,1.0,0.1538461538461538,0.5402556754337245,1,11,0,0.0833333333333333,1.0,0.1538461538461538,0.5402556754337245,1,11,0,0.0833333333333333,1.0,0.1538461538461538,0.5402556754337245,1,11,0,0.0833333333333333,1.0,0.1538461538461538,0.5402556754337245,0.0005680389999724,0,100.0,0,0,0,0.0,0.0,0.0,0,0,0,0.0,0.0,0.0,0,0,0,0.0,0.0,0.0,0,0,0,0.0,0.0,0.0
Visual Genome,2338369,28,4,33,0,4,20,8,20,28,17,0,0,8,0.0145849939999607,0.0079672619999655,0.0,0.0079672619999655,0.0081180809997931,0.0228012789998501,Optimal,0,none,3.4021742669741326,0,13,100.0,100.0,100.0,2.0,2,2,2,0.5,0.5,0.5,0.747684714291541,2,2,2,0.5,0.5,0.5,0.747684714291541,2,2,2,0.5,0.5,0.5,0.747684714291541,2,2,2,0.5,0.5,0.5,0.747684714291541,7.681300030526472e-05,0,100.0,0,0,0,0.0,0.0,0.0,0,0,0,0.0,0.0,0.0,0,0,0,0.0,0.0,0.0,0,0,0,0.0,0.0,0.0
Visual Genome,2338540,31,0,8,0,3,8,6,8,14,10,0,0,6,0.0139530199999171,0.0069369719999485,0.0,0.0069369719999485,0.0070696709999538,0.0211026519996266,Optimal,0,none,2.4333437032949745,0,10,100.0,100.0,100.0,2.0,0,3,0,0.0,0.0,0.0,0.0,0,3,0,0.0,0.0,0.0,0.0,0,3,0,0.0,0.0,0.0,0.0,0,3,0,0.0,0.0,0.0,0.0,5.713100017601391e-05,0,100.0,0,0,0,0.0,0.0,0.0,0,0,0,0.0,0.0,0.0,0,0,0,0.0,0.0,0.0,0,0,0,0.0,0.0,0.0
Visual Genome,2338778,12,0,3,0,1,0,2,0,2,1,0,0,2,0.0145153919997937,0.0068375290002222,0.0,0.0068375290002222,0.0069123690000196,0.0214593460000287,Optimal,0,none,0.6171351353327433,0,2,100.0,100.0,100.0,2.0,0,1,0,0.0,0.0,0.0,0.0,0,1,0,0.0,0.0,0.0,0.0,0,1,0,0.0,0.0,0.0,0.0,0,1,0,0.0,0.0,0.0,0.0,2.3395999960484914e-05,0,100.0,0,0,0,0.0,0.0,0.0,0,0,0,0.0,0.0,0.0,0,0,0,0.0,0.0,0.0,0,0,0,0.0,0.0,0.0
Visual Genome,2338877,9,1,3,0,6,63,12,63,75,37,0,0,12,0.0147422049999477,0.0096771859998625,0.0,0.0096771859998625,0.0099012190003122,0.0248369810001349,Optimal,0,none,4.798184540190274,0,19,100.0,100.0,100.0,2.0,1,5,0,0.1666666666666666,1.0,0.2857142857142857,0.7929333296172959,1,5,0,0.1666666666666666,1.0,0.2857142857142857,0.7929333296172959,1,5,0,0.1666666666666666,1.0,0.2857142857142857,0.7929333296172959,1,5,0,0.1666666666666666,1.0,0.2857142857142857,0.7929333296172959,0.0001634469999771,0,100.0,0,0,0,0.0,0.0,0.0,0,0,0,0.0,0.0,0.0,0,0,0,0.0,0.0,0.0,0,0,0,0.0,0.0,0.0
Visual Genome,2338982,17,1,4,0,1,0,2,0,2,1,0,0,2,0.013870295000288,0.0061564070001622,0.0,0.0061564070001622,0.00622765099979,0.0201295810002193,Optimal,0,none,0.5656678835550943,0,2,100.0,100.0,100.0,2.0,1,0,0,1.0,1.0,1.0,0.9703044428613876,1,0,0,1.0,1.0,1.0,0.9703044428613876,1,0,0,1.0,1.0,1.0,0.9703044428613876,1,0,0,1.0,1.0,1.0,0.9703044428613876,2.331300038349582e-05,0,100.0,0,0,0,0.0,0.0,0.0,0,0,0,0.0,0.0,0.0,0,0,0,0.0,0.0,0.0,0,0,0,0.0,0.0,0.0
Visual Genome,2339184,17,1,10,0,2,2,4,2,6,5,0,0,4,0.0145611520001693,0.0091329560000303,0.0,0.0091329560000303,0.0092401990000325,0.0238540680002188,Optimal,0,none,1.5247127023425682,0,5,100.0,100.0,100.0,2.0,1,1,0,0.5,1.0,0.6666666666666666,0.8004205914712496,1,1,0,0.5,1.0,0.6666666666666666,0.8004205914712496,1,1,0,0.5,1.0,0.6666666666666666,0.8004205914712496,1,1,0,0.5,1.0,0.6666666666666666,0.8004205914712496,3.68310002158978e-05,0,100.0,0,0,0,0.0,0.0,0.0,0,0,0,0.0,0.0,0.0,0,0,0,0.0,0.0,0.0,0,0,0,0.0,0.0,0.0
Visual Genome,2339493,13,1,8,0,2,4,4,4,8,5,0,0,4,0.0126582030002282,0.0062554439996347,0.0,0.0062554439996347,0.0063516860000163,0.0190611379998699,Optimal,0,none,1.3665192874272667,0,5,100.0,100.0,100.0,2.0,1,1,0,0.5,1.0,0.6666666666666666,0.516079914019872,1,1,0,0.5,1.0,0.6666666666666666,0.516079914019872,1,1,0,0.5,1.0,0.6666666666666666,0.516079914019872,1,1,0,0.5,1.0,0.6666666666666666,0.516079914019872,3.8163000226631993e-05,0,100.0,0,0,0,0.0,0.0,0.0,0,0,0,0.0,0.0,0.0,0,0,0,0.0,0.0,0.0,0,0,0,0.0,0.0,0.0
Visual Genome,2339752,24,0,33,0,5,36,10,36,46,26,0,0,10,0.0158941760000743,0.0089033700000982,0.0,0.0089033700000982,0.0091008429999419,0.0251525869998658,Optimal,0,none,4.276814194520316,0,16,100.0,100.0,100.0,2.0,0,5,0,0.0,0.0,0.0,0.0,0,5,0,0.0,0.0,0.0,0.0,0,5,0,0.0,0.0,0.0,0.0,0,5,0,0.0,0.0,0.0,0.0,0.0001292830002057,0,100.0,0,0,0,0.0,0.0,0.0,0,0,0,0.0,0.0,0.0,0,0,0,0.0,0.0,0.0,0,0,0,0.0,0.0,0.0
Visual Genome,2339763,23,0,13,0,4,22,8,22,30,17,0,0,8,0.0143386839999948,0.008502615999987,0.0,0.008502615999987,0.0086715779998485,0.0231399809999857,Optimal,0,none,2.9583155930501297,0,13,100.0,100.0,100.0,2.0,0,4,0,0.0,0.0,0.0,0.0,0,4,0,0.0,0.0,0.0,0.0,0,4,0,0.0,0.0,0.0,0.0,0,4,0,0.0,0.0,0.0,0.0,0.0001031820002026,0,100.0,0,0,0,0.0,0.0,0.0,0,0,0,0.0,0.0,0.0,0,0,0,0.0,0.0,0.0,0,0,0,0.0,0.0,0.0
Visual Genome,2339984,18,1,16,0,1,0,2,0,2,1,0,0,2,0.0156579780000356,0.0083531889999903,0.0,0.0083531889999903,0.0084272949998194,0.024181125999803,Optimal,0,none,0.5435446421305339,0,2,100.0,100.0,100.0,2.0,1,0,0,1.0,1.0,1.0,0.947255653541328,1,0,0,1.0,1.0,1.0,0.947255653541328,1,0,0,1.0,1.0,1.0,0.947255653541328,1,0,0,1.0,1.0,1.0,0.947255653541328,7.810499982952024e-05,0,100.0,0,0,0,0.0,0.0,0.0,0,0,0,0.0,0.0,0.0,0,0,0,0.0,0.0,0.0,0,0,0,0.0,0.0,0.0
Visual Genome,2340059,7,0,4,0,7,78,14,78,92,50,0,0,14,0.0146900350000578,0.0100706519997402,0.0,0.0100706519997402,0.0103483580001011,0.0253074329998526,Optimal,0,none,5.326742750803631,0,22,100.0,100.0,100.0,2.0,0,7,0,0.0,0.0,0.0,0.0,0,7,0,0.0,0.0,0.0,0.0,0,7,0,0.0,0.0,0.0,0.0,0,7,0,0.0,0.0,0.0,0.0,0.0002324709998902,0,100.0,0,0,0,0.0,0.0,0.0,0,0,0,0.0,0.0,0.0,0,0,0,0.0,0.0,0.0,0,0,0,0.0,0.0,0.0
Visual Genome,2340282,34,0,26,0,9,138,18,138,156,82,0,0,18,0.0154353890002312,0.0113659290000214,0.0,0.0113659290000214,0.0116890829999647,0.0275949720003154,Optimal,0,none,7.477294688224795,0,28,100.0,100.0,100.0,2.0,0,9,0,0.0,0.0,0.0,0.0,0,9,0,0.0,0.0,0.0,0.0,0,9,0,0.0,0.0,0.0,0.0,0,9,0,0.0,0.0,0.0,0.0,0.0004236680001667,0,100.0,0,0,0,0.0,0.0,0.0,0,0,0,0.0,0.0,0.0,0,0,0,0.0,0.0,0.0,0,0,0,0.0,0.0,0.0
Visual Genome,2340394,25,1,21,0,4,22,8,22,30,17,0,0,8,0.0143260800000462,0.0075866899996981,0.0,0.0075866899996981,0.007745137999791,0.0221802460000617,Optimal,0,none,3.2869599714570743,0,13,100.0,100.0,100.0,2.0,1,3,0,0.25,1.0,0.4,0.7827116794435219,1,3,0,0.25,1.0,0.4,0.7827116794435219,1,3,0,0.25,1.0,0.4,0.7827116794435219,1,3,0,0.25,1.0,0.4,0.7827116794435219,8.524599979864433e-05,0,100.0,0,0,0,0.0,0.0,0.0,0,0,0,0.0,0.0,0.0,0,0,0,0.0,0.0,0.0,0,0,0,0.0,0.0,0.0
Visual Genome,2340552,33,3,29,0,5,48,10,48,58,26,0,0,10,0.0159588759997859,0.0089894909997383,0.0,0.0089894909997383,0.009187667000333,0.0253143449999697,Optimal,0,none,4.148454303939888,0,16,100.0,100.0,100.0,2.0,1,4,2,0.2,0.3333333333333333,0.25,0.8667102324559143,1,4,2,0.2,0.3333333333333333,0.25,0.8667102324559143,1,4,2,0.2,0.3333333333333333,0.25,0.8667102324559143,1,4,2,0.2,0.3333333333333333,0.25,0.8667102324559143,0.0001411600001119,0,100.0,0,0,0,0.0,0.0,0.0,0,0,0,0.0,0.0,0.0,0,0,0,0.0,0.0,0.0,0,0,0,0.0,0.0,0.0
Visual Genome,2340775,14,0,4,0,3,10,6,10,16,10,0,0,6,0.0158675109996693,0.0067907220000051,0.0,0.0067907220000051,0.0069415170000866,0.0228922869996495,Optimal,0,none,2.3654817533493047,0,10,100.0,100.0,100.0,2.0,0,3,0,0.0,0.0,0.0,0.0,0,3,0,0.0,0.0,0.0,0.0,0,3,0,0.0,0.0,0.0,0.0,0,3,0,0.0,0.0,0.0,0.0,6.153999993330217e-05,0,100.0,0,0,0,0.0,0.0,0.0,0,0,0,0.0,0.0,0.0,0,0,0,0.0,0.0,0.0,0,0,0,0.0,0.0,0.0
Visual Genome,2342080,23,3,19,0,1,0,2,0,2,1,0,0,2,0.014576297000076,0.0067467630001374,0.0,0.0067467630001374,0.0068277840000519,0.0214321449998351,Optimal,0,none,0.6186350981394451,0,2,100.0,100.0,100.0,2.0,1,0,2,1.0,0.3333333333333333,0.5,0.9031484571685277,1,0,2,1.0,0.3333333333333333,0.5,0.9031484571685277,1,0,2,1.0,0.3333333333333333,0.5,0.9031484571685277,1,0,2,1.0,0.3333333333333333,0.5,0.9031484571685277,2.0585000129358377e-05,0,100.0,0,0,0,0.0,0.0,0.0,0,0,0,0.0,0.0,0.0,0,0,0,0.0,0.0,0.0,0,0,0,0.0,0.0,0.0
Visual Genome,2342353,40,2,37,0,9,135,18,135,153,82,0,0,18,0.0151290839999091,0.0124353500000324,0.0,0.0124353500000324,0.0127402919997621,0.0282219849996181,Optimal,0,none,7.290401929207334,0,28,100.0,100.0,100.0,2.0,2,7,0,0.2222222222222222,1.0,0.3636363636363636,0.8107248583425581,2,7,0,0.2222222222222222,1.0,0.3636363636363636,0.8107248583425581,2,7,0,0.2222222222222222,1.0,0.3636363636363636,0.8107248583425581,2,7,0,0.2222222222222222,1.0,0.3636363636363636,0.8107248583425581,0.000315578000027,0,100.0,0,0,0,0.0,0.0,0.0,0,0,0,0.0,0.0,0.0,0,0,0,0.0,0.0,0.0,0,0,0,0.0,0.0,0.0
Visual Genome,2342444,38,0,35,0,2,2,4,2,6,5,0,0,4,0.0141741899997214,0.0068426660000113,0.0,0.0068426660000113,0.0069398569999066,0.0211636779999935,Optimal,0,none,1.5248310454686482,0,5,100.0,100.0,100.0,2.0,0,2,0,0.0,0.0,0.0,0.0,0,2,0,0.0,0.0,0.0,0.0,0,2,0,0.0,0.0,0.0,0.0,0,2,0,0.0,0.0,0.0,0.0,3.505299991957145e-05,0,100.0,0,0,0,0.0,0.0,0.0,0,0,0,0.0,0.0,0.0,0,0,0,0.0,0.0,0.0,0,0,0,0.0,0.0,0.0
Visual Genome,2342599,22,0,24,0,2,2,4,2,6,5,0,0,4,0.0149339540002984,0.0070495179998033,0.0,0.0070495179998033,0.0071702090003782,0.0221560009999848,Optimal,0,none,1.345328009923299,0,5,100.0,100.0,100.0,2.0,0,2,0,0.0,0.0,0.0,0.0,0,2,0,0.0,0.0,0.0,0.0,0,2,0,0.0,0.0,0.0,0.0,0,2,0,0.0,0.0,0.0,0.0,3.658400009953766e-05,0,100.0,0,0,0,0.0,0.0,0.0,0,0,0,0.0,0.0,0.0,0,0,0,0.0,0.0,0.0,0,0,0,0.0,0.0,0.0
Visual Genome,2342650,35,0,42,0,1,0,2,0,2,1,0,0,2,0.0138009869997404,0.0080650040004002,0.0,0.0080650040004002,0.0081356000000596,0.0219688359998144,Optimal,0,none,0.6137698809305827,0,2,100.0,100.0,100.0,2.0,0,1,0,0.0,0.0,0.0,0.0,0,1,0,0.0,0.0,0.0,0.0,0,1,0,0.0,0.0,0.0,0.0,0,1,0,0.0,0.0,0.0,0.0,2.3405999854730908e-05,0,100.0,0,0,0,0.0,0.0,0.0,0,0,0,0.0,0.0,0.0,0,0,0,0.0,0.0,0.0,0,0,0,0.0,0.0,0.0
Visual Genome,2342674,23,1,17,0,1,0,2,0,2,1,0,0,2,0.0145652000001064,0.0064834690001589,0.0,0.0064834690001589,0.0065521020001142,0.0211457240002346,Optimal,0,none,0.6285443941752116,0,2,100.0,100.0,100.0,2.0,1,0,0,1.0,1.0,1.0,0.968972368181047,1,0,0,1.0,1.0,1.0,0.968972368181047,1,0,0,1.0,1.0,1.0,0.968972368181047,1,0,0,1.0,1.0,1.0,0.968972368181047,2.079700016111019e-05,0,100.0,0,0,0,0.0,0.0,0.0,0,0,0,0.0,0.0,0.0,0,0,0,0.0,0.0,0.0,0,0,0,0.0,0.0,0.0
Visual Genome,2342695,17,2,5,0,12,265,24,265,289,145,0,0,24,0.0162025919998995,0.0165420879998237,0.0,0.0165420879998237,0.0170269400000506,0.0338680650002061,Optimal,0,none,9.474125340977922,0,37,100.0,100.0,100.0,2.0,1,11,1,0.0833333333333333,0.5,0.1428571428571428,0.8078739044843859,1,11,1,0.0833333333333333,0.5,0.1428571428571428,0.8078739044843859,1,11,1,0.0833333333333333,0.5,0.1428571428571428,0.8078739044843859,1,11,1,0.0833333333333333,0.5,0.1428571428571428,0.8078739044843859,0.0005874560001757,0,100.0,0,0,0,0.0,0.0,0.0,0,0,0,0.0,0.0,0.0,0,0,0,0.0,0.0,0.0,0,0,0,0.0,0.0,0.0
Visual Genome,2342749,19,0,19,0,2,2,4,2,6,5,0,0,4,0.0138425909999568,0.0066008339999825,0.0,0.0066008339999825,0.0066992099996241,0.0205900470000415,Optimal,0,none,1.546809304555257,0,5,100.0,100.0,100.0,2.0,0,2,0,0.0,0.0,0.0,0.0,0,2,0,0.0,0.0,0.0,0.0,0,2,0,0.0,0.0,0.0,0.0,0,2,0,0.0,0.0,0.0,0.0,3.3708000046317466e-05,0,100.0,0,0,0,0.0,0.0,0.0,0,0,0,0.0,0.0,0.0,0,0,0,0.0,0.0,0.0,0,0,0,0.0,0.0,0.0
Visual Genome,2342915,37,2,32,0,7,80,14,80,94,50,0,0,14,0.0172466950002672,0.0113667979999263,0.0,0.0113667979999263,0.0116332410002542,0.0291723980003553,Optimal,0,none,5.697611613943611,0,22,100.0,100.0,100.0,2.0,2,5,0,0.2857142857142857,1.0,0.4444444444444445,0.8324771512511024,2,5,0,0.2857142857142857,1.0,0.4444444444444445,0.8324771512511024,2,5,0,0.2857142857142857,1.0,0.4444444444444445,0.8324771512511024,2,5,0,0.2857142857142857,1.0,0.4444444444444445,0.8324771512511024,0.0002586519999567,0,100.0,0,0,0,0.0,0.0,0.0,0,0,0,0.0,0.0,0.0,0,0,0,0.0,0.0,0.0,0,0,0,0.0,0.0,0.0
Visual Genome,2342937,37,4,47,0,4,22,8,22,30,17,0,0,8,0.0154224809998595,0.0082632270000431,0.0,0.0082632270000431,0.0084781709997514,0.0240176990000691,Optimal,0,none,3.7311427084604913,0,13,100.0,100.0,100.0,2.0,3,1,1,0.75,0.75,0.75,0.9587044871139352,3,1,1,0.75,0.75,0.75,0.9587044871139352,3,1,1,0.75,0.75,0.75,0.9587044871139352,3,1,1,0.75,0.75,0.75,0.9587044871139352,9.125799988396466e-05,0,100.0,0,0,0,0.0,0.0,0.0,0,0,0,0.0,0.0,0.0,0,0,0,0.0,0.0,0.0,0,0,0,0.0,0.0,0.0
Visual Genome,2343037,23,1,38,0,2,6,4,6,10,5,0,0,4,0.0131197430000611,0.0067966990000059,0.0,0.0067966990000059,0.0069024179997541,0.0201019850001102,Optimal,0,none,1.3340007336934412,0,5,100.0,100.0,100.0,2.0,1,1,0,0.5,1.0,0.6666666666666666,0.9573980174507344,1,1,0,0.5,1.0,0.6666666666666666,0.9573980174507344,1,1,0,0.5,1.0,0.6666666666666666,0.9573980174507344,1,1,0,0.5,1.0,0.6666666666666666,0.9573980174507344,6.52999997328152e-05,0,100.0,0,0,0,0.0,0.0,0.0,0,0,0,0.0,0.0,0.0,0,0,0,0.0,0.0,0.0,0,0,0,0.0,0.0,0.0
Visual Genome,2343345,32,0,28,0,1,0,2,0,2,1,0,0,2,0.0137839389999498,0.0077181450001262,0.0,0.0077181450001262,0.0078289530001711,0.0216454239998711,Optimal,0,none,0.6534347454706828,0,2,100.0,100.0,100.0,2.0,0,1,0,0.0,0.0,0.0,0.0,0,1,0,0.0,0.0,0.0,0.0,0,1,0,0.0,0.0,0.0,0.0,0,1,0,0.0,0.0,0.0,0.0,2.371099981246516e-05,0,100.0,0,0,0,0.0,0.0,0.0,0,0,0,0.0,0.0,0.0,0,0,0,0.0,0.0,0.0,0,0,0,0.0,0.0,0.0
Visual Genome,2344045,18,1,38,0,7,78,14,78,92,50,0,0,14,0.0147077569999964,0.0108336769999368,0.0,0.0108336769999368,0.0110928849999254,0.0260680340002181,Optimal,0,none,5.805049487875044,0,22,100.0,100.0,100.0,2.0,1,6,0,0.1428571428571428,1.0,0.25,0.5152751961663408,1,6,0,0.1428571428571428,1.0,0.25,0.5152751961663408,1,6,0,0.1428571428571428,1.0,0.25,0.5152751961663408,1,6,0,0.1428571428571428,1.0,0.25,0.5152751961663408,0.0002300060000379,0,100.0,0,0,0,0.0,0.0,0.0,0,0,0,0.0,0.0,0.0,0,0,0,0.0,0.0,0.0,0,0,0,0.0,0.0,0.0
Visual Genome,2344446,13,0,20,0,2,4,4,4,8,5,0,0,4,0.0156157660003373,0.0065937700001086,0.0,0.0065937700001086,0.0066988100002163,0.0223655440004222,Optimal,0,none,1.2336417229970298,0,5,100.0,100.0,100.0,2.0,0,2,0,0.0,0.0,0.0,0.0,0,2,0,0.0,0.0,0.0,0.0,0,2,0,0.0,0.0,0.0,0.0,0,2,0,0.0,0.0,0.0,0.0,3.781000032176962e-05,0,100.0,0,0,0,0.0,0.0,0.0,0,0,0,0.0,0.0,0.0,0,0,0,0.0,0.0,0.0,0,0,0,0.0,0.0,0.0
Visual Genome,2344459,28,2,19,1,3,8,6,8,14,10,0,0,6,0.0145661599999584,0.0071444680002059,0.0,0.0071444680002059,0.0072807550000106,0.021926902999894,Optimal,0,none,2.5786836671829225,0,10,100.0,100.0,100.0,2.0,2,1,0,0.6666666666666666,1.0,0.8,0.9320963410150772,2,1,0,0.6666666666666666,1.0,0.8,0.9320963410150772,2,1,0,0.6666666666666666,1.0,0.8,0.9320963410150772,2,1,0,0.6666666666666666,1.0,0.8,0.9320963410150772,5.711399990104837e-05,0,100.0,0,2,1,0.0,0.0,0.0,0,2,1,0.0,0.0,0.0,0,2,1,0.0,0.0,0.0,0,2,1,0.0,0.0,0.0
Visual Genome,2344493,68,4,38,0,27,1283,54,1283,1337,730,0,0,54,0.0202762159997291,0.058805816000131,0.0,0.058805816000131,0.0602241270003105,0.0835660879997703,Optimal,0,none,21.96378865685794,0,82,100.0,100.0,100.0,2.0,2,25,2,0.074074074074074,0.5,0.1290322580645161,0.689328930829678,2,25,2,0.074074074074074,0.5,0.1290322580645161,0.689328930829678,2,25,2,0.074074074074074,0.5,0.1290322580645161,0.689328930829678,2,25,2,0.074074074074074,0.5,0.1290322580645161,0.689328930829678,0.0029469370001606,0,100.0,0,0,0,0.0,0.0,0.0,0,0,0,0.0,0.0,0.0,0,0,0,0.0,0.0,0.0,0,0,0,0.0,0.0,0.0
Visual Genome,2344534,19,1,22,0,12,257,24,257,281,145,0,0,24,0.0163944230002925,0.0153012220002892,0.0,0.0153012220002892,0.0157429410000986,0.0327513060001365,Optimal,0,none,9.884197642803194,0,37,100.0,100.0,100.0,2.0,0,12,1,0.0,0.0,0.0,0.0,0,12,1,0.0,0.0,0.0,0.0,0,12,1,0.0,0.0,0.0,0.0,0,12,1,0.0,0.0,0.0,0.0,0.0005659379999087,0,100.0,0,0,0,0.0,0.0,0.0,0,0,0,0.0,0.0,0.0,0,0,0,0.0,0.0,0.0,0,0,0,0.0,0.0,0.0
Visual Genome,2344546,36,1,40,0,16,390,32,390,422,257,0,0,32,0.0191641500000514,0.0223321680000481,0.0,0.0223321680000481,0.0228746329999012,0.0429519280000931,Optimal,0,none,12.74389316526016,0,49,100.0,100.0,100.0,2.0,1,15,0,0.0625,1.0,0.1176470588235294,0.7702196377690929,1,15,0,0.0625,1.0,0.1176470588235294,0.7702196377690929,1,15,0,0.0625,1.0,0.1176470588235294,0.7702196377690929,1,15,0,0.0625,1.0,0.1176470588235294,0.7702196377690929,0.00084695500027,0,100.0,0,0,0,0.0,0.0,0.0,0,0,0,0.0,0.0,0.0,0,0,0,0.0,0.0,0.0,0,0,0,0.0,0.0,0.0
Visual Genome,2345476,28,1,39,0,1,0,2,0,2,1,0,0,2,0.0143205220001618,0.0065615939997769,0.0,0.0065615939997769,0.0066345919999548,0.0209921400000894,Optimal,0,none,0.5926706711451213,0,2,100.0,100.0,100.0,2.0,1,0,0,1.0,1.0,1.0,0.9605248428469926,1,0,0,1.0,1.0,1.0,0.9605248428469926,1,0,0,1.0,1.0,1.0,0.9605248428469926,1,0,0,1.0,1.0,1.0,0.9605248428469926,2.859599999283091e-05,0,100.0,0,0,0,0.0,0.0,0.0,0,0,0,0.0,0.0,0.0,0,0,0,0.0,0.0,0.0,0,0,0,0.0,0.0,0.0
Visual Genome,2346047,22,1,17,0,2,6,4,6,10,5,0,0,4,0.0142117840000537,0.0071188800002346,0.0,0.0071188800002346,0.0072911939996629,0.0216426040001351,Optimal,0,none,1.3343206675847372,0,5,100.0,100.0,100.0,2.0,0,2,1,0.0,0.0,0.0,0.9701094345180722,0,2,1,0.0,0.0,0.0,0.9701094345180722,0,2,1,0.0,0.0,0.0,0.9701094345180722,0,2,1,0.0,0.0,0.0,0.9701094345180722,0.0001011690001178,0,100.0,0,0,0,0.0,0.0,0.0,0,0,0,0.0,0.0,0.0,0,0,0,0.0,0.0,0.0,0,0,0,0.0,0.0,0.0
Visual Genome,2346565,39,2,36,0,2,2,4,2,6,5,0,0,4,0.0148376259999167,0.0067185500001869,0.0,0.0067185500001869,0.0068161919998601,0.0217048489998887,Optimal,0,none,1.3152058696583695,0,5,100.0,100.0,100.0,2.0,2,0,0,1.0,1.0,1.0,0.8120305679694171,2,0,0,1.0,1.0,1.0,0.8120305679694171,2,0,0,1.0,1.0,1.0,0.8120305679694171,2,0,0,1.0,1.0,1.0,0.8120305679694171,3.66799999937939e-05,0,100.0,0,0,0,0.0,0.0,0.0,0,0,0,0.0,0.0,0.0,0,0,0,0.0,0.0,0.0,0,0,0,0.0,0.0,0.0
Visual Genome,2346611,14,1,5,0,4,16,8,16,24,17,0,0,8,0.0143203040001935,0.0080429380000168,0.0,0.0080429380000168,0.0081907019998652,0.0226131130002613,Optimal,0,none,3.25665333340208,0,13,100.0,100.0,100.0,2.0,0,4,1,0.0,0.0,0.0,0.0,0,4,1,0.0,0.0,0.0,0.0,0,4,1,0.0,0.0,0.0,0.0,0,4,1,0.0,0.0,0.0,0.0,7.771099990350194e-05,0,100.0,0,0,0,0.0,0.0,0.0,0,0,0,0.0,0.0,0.0,0,0,0,0.0,0.0,0.0,0,0,0,0.0,0.0,0.0
Visual Genome,2347057,27,1,10,0,4,22,8,22,30,17,0,0,8,0.0137601930000528,0.0076061110003138,0.0,0.0076061110003138,0.0077758279999216,0.0216534360001787,Optimal,0,none,3.323413345019024,0,13,100.0,100.0,100.0,2.0,1,3,0,0.25,1.0,0.4,0.6270888103891472,1,3,0,0.25,1.0,0.4,0.6270888103891472,1,3,0,0.25,1.0,0.4,0.6270888103891472,1,3,0,0.25,1.0,0.4,0.6270888103891472,9.211199994751952e-05,0,100.0,0,0,0,0.0,0.0,0.0,0,0,0,0.0,0.0,0.0,0,0,0,0.0,0.0,0.0,0,0,0,0.0,0.0,0.0
Visual Genome,2347297,25,3,18,0,4,27,8,27,35,17,0,0,8,0.0144112620000669,0.0083188039998276,0.0,0.0083188039998276,0.0085153519999039,0.0230633810001563,Optimal,0,none,3.137699573347967,0,13,100.0,100.0,100.0,2.0,2,2,1,0.5,0.6666666666666666,0.5714285714285715,0.6612533720916604,2,2,1,0.5,0.6666666666666666,0.5714285714285715,0.6612533720916604,2,2,1,0.5,0.6666666666666666,0.5714285714285715,0.6612533720916604,2,2,1,0.5,0.6666666666666666,0.5714285714285715,0.6612533720916604,9.531600016998708e-05,0,100.0,0,0,0,0.0,0.0,0.0,0,0,0,0.0,0.0,0.0,0,0,0,0.0,0.0,0.0,0,0,0,0.0,0.0,0.0
Visual Genome,2348575,26,0,42,0,14,353,28,353,381,197,0,0,28,0.016921535000165,0.0211364189999585,0.0,0.0211364189999585,0.0216676479999478,0.0394286269997792,Optimal,0,none,10.8414885369033,0,43,100.0,100.0,100.0,2.0,0,14,0,0.0,0.0,0.0,0.0,0,14,0,0.0,0.0,0.0,0.0,0,14,0,0.0,0.0,0.0,0.0,0,14,0,0.0,0.0,0.0,0.0,0.0007825419997971,0,100.0,0,0,0,0.0,0.0,0.0,0,0,0,0.0,0.0,0.0,0,0,0,0.0,0.0,0.0,0,0,0,0.0,0.0,0.0
Visual Genome,2349159,19,3,4,0,8,97,16,97,113,65,0,0,16,0.0155753179997191,0.0114932619999308,0.0,0.0114932619999308,0.0118257490003088,0.0277459039998575,Optimal,0,none,6.575716036160789,0,25,100.0,100.0,100.0,2.0,1,7,2,0.125,0.3333333333333333,0.1818181818181818,0.97484569289935,1,7,2,0.125,0.3333333333333333,0.1818181818181818,0.97484569289935,1,7,2,0.125,0.3333333333333333,0.1818181818181818,0.97484569289935,1,7,2,0.125,0.3333333333333333,0.1818181818181818,0.97484569289935,0.0002477299999554,0,100.0,0,0,0,0.0,0.0,0.0,0,0,0,0.0,0.0,0.0,0,0,0,0.0,0.0,0.0,0,0,0,0.0,0.0,0.0
Visual Genome,2349416,30,0,21,0,4,18,8,18,26,17,0,0,8,0.0152180750001207,0.0079885270001796,0.0,0.0079885270001796,0.008186662999833,0.0235156510002525,Optimal,0,none,3.2431768303453072,0,13,100.0,100.0,100.0,2.0,0,4,0,0.0,0.0,0.0,0.0,0,4,0,0.0,0.0,0.0,0.0,0,4,0,0.0,0.0,0.0,0.0,0,4,0,0.0,0.0,0.0,0.0,8.495900010530022e-05,0,100.0,0,0,0,0.0,0.0,0.0,0,0,0,0.0,0.0,0.0,0,0,0,0.0,0.0,0.0,0,0,0,0.0,0.0,0.0
Visual Genome,2349496,38,2,21,0,3,12,6,12,18,10,0,0,6,0.015077261999977,0.0075329139999666,0.0,0.0075329139999666,0.0076985750001767,0.0228850799999236,Optimal,0,none,2.385477123260499,0,10,100.0,100.0,100.0,2.0,1,2,1,0.3333333333333333,0.5,0.4,0.8453084160795524,1,2,1,0.3333333333333333,0.5,0.4,0.8453084160795524,1,2,1,0.3333333333333333,0.5,0.4,0.8453084160795524,1,2,1,0.3333333333333333,0.5,0.4,0.8453084160795524,8.898499982024077e-05,0,100.0,0,0,0,0.0,0.0,0.0,0,0,0,0.0,0.0,0.0,0,0,0,0.0,0.0,0.0,0,0,0,0.0,0.0,0.0
Visual Genome,2349564,47,7,45,0,18,595,36,595,631,325,0,0,36,0.018546631999925,0.0311017470003207,0.0,0.0311017470003207,0.0319982460000574,0.0520046860001457,Optimal,0,none,15.333186883500492,0,55,100.0,100.0,100.0,2.0,5,13,2,0.2777777777777778,0.7142857142857143,0.4,0.8832104850714688,5,13,2,0.2777777777777778,0.7142857142857143,0.4,0.8832104850714688,5,13,2,0.2777777777777778,0.7142857142857143,0.4,0.8832104850714688,5,13,2,0.2777777777777778,0.7142857142857143,0.4,0.8832104850714688,0.0013812970000799,0,100.0,0,0,0,0.0,0.0,0.0,0,0,0,0.0,0.0,0.0,0,0,0,0.0,0.0,0.0,0,0,0,0.0,0.0,0.0
Visual Genome,2349670,23,1,46,0,4,26,8,26,34,17,0,0,8,0.0134163520001493,0.0081093989997498,0.0,0.0081093989997498,0.0082703210000545,0.0218228100002306,Optimal,0,none,3.472537037531536,0,13,100.0,100.0,100.0,2.0,1,3,0,0.25,1.0,0.4,0.6313864828938006,1,3,0,0.25,1.0,0.4,0.6313864828938006,1,3,0,0.25,1.0,0.4,0.6313864828938006,1,3,0,0.25,1.0,0.4,0.6313864828938006,0.0001126080001085,0,100.0,0,0,0,0.0,0.0,0.0,0,0,0,0.0,0.0,0.0,0,0,0,0.0,0.0,0.0,0,0,0,0.0,0.0,0.0
Visual Genome,2349796,36,3,25,0,7,90,14,90,104,50,0,0,14,0.0158044250001694,0.0110632420000911,0.0,0.0110632420000911,0.0113437420000082,0.0274325730001692,Optimal,0,none,5.870909550347391,0,22,100.0,100.0,100.0,2.0,1,6,2,0.1428571428571428,0.3333333333333333,0.2,0.9895138790696052,1,6,2,0.1428571428571428,0.3333333333333333,0.2,0.9895138790696052,1,6,2,0.1428571428571428,0.3333333333333333,0.2,0.9895138790696052,1,6,2,0.1428571428571428,0.3333333333333333,0.2,0.9895138790696052,0.0002480510001987,0,100.0,0,0,0,0.0,0.0,0.0,0,0,0,0.0,0.0,0.0,0,0,0,0.0,0.0,0.0,0,0,0,0.0,0.0,0.0
Visual Genome,2350875,18,0,3,0,7,62,14,62,76,50,0,0,14,0.0145668049999585,0.0105115450000994,0.0,0.0105115450000994,0.0107855400001426,0.0256089409999731,Optimal,0,none,5.481209510966578,0,22,100.0,100.0,100.0,2.0,0,7,0,0.0,0.0,0.0,0.0,0,7,0,0.0,0.0,0.0,0.0,0,7,0,0.0,0.0,0.0,0.0,0,7,0,0.0,0.0,0.0,0.0,0.0001957180002136,0,100.0,0,0,0,0.0,0.0,0.0,0,0,0,0.0,0.0,0.0,0,0,0,0.0,0.0,0.0,0,0,0,0.0,0.0,0.0
Visual Genome,2350894,28,0,7,0,2,4,4,4,8,5,0,0,4,0.0152984240003206,0.006838425999831,0.0,0.006838425999831,0.0069396499998219,0.0222909250001066,Optimal,0,none,1.4929046885620867,0,5,100.0,100.0,100.0,2.0,0,2,0,0.0,0.0,0.0,0.0,0,2,0,0.0,0.0,0.0,0.0,0,2,0,0.0,0.0,0.0,0.0,0,2,0,0.0,0.0,0.0,0.0,3.928800015273737e-05,0,100.0,0,0,0,0.0,0.0,0.0,0,0,0,0.0,0.0,0.0,0,0,0,0.0,0.0,0.0,0,0,0,0.0,0.0,0.0
Visual Genome,2351741,28,5,13,1,12,238,24,238,262,145,0,0,24,0.0166725540002516,0.0175682669996604,0.0,0.0175682669996604,0.0180254599999898,0.035373766000248,Optimal,0,none,10.129025617192534,0,37,100.0,100.0,100.0,2.0,2,10,3,0.1666666666666666,0.4,0.2352941176470588,0.880661507688992,2,10,3,0.1666666666666666,0.4,0.2352941176470588,0.880661507688992,2,10,3,0.1666666666666666,0.4,0.2352941176470588,0.880661507688992,2,10,3,0.1666666666666666,0.4,0.2352941176470588,0.880661507688992,0.0006099960000938,0,100.0,0,0,1,0.0,0.0,0.0,0,0,1,0.0,0.0,0.0,0,2,1,0.0,0.0,0.0,0,2,1,0.0,0.0,0.0
Visual Genome,2352582,16,1,9,0,1,0,2,0,2,1,0,0,2,0.0146984710004289,0.0068642839996755,0.0,0.0068642839996755,0.0069355659998109,0.0216826670002774,Optimal,0,none,0.6032750288645427,0,2,100.0,100.0,100.0,2.0,1,0,0,1.0,1.0,1.0,0.9880095467083456,1,0,0,1.0,1.0,1.0,0.9880095467083456,1,0,0,1.0,1.0,1.0,0.9880095467083456,1,0,0,1.0,1.0,1.0,0.9880095467083456,3.950400014218758e-05,0,100.0,0,0,0,0.0,0.0,0.0,0,0,0,0.0,0.0,0.0,0,0,0,0.0,0.0,0.0,0,0,0,0.0,0.0,0.0
Visual Genome,2352788,20,0,11,0,3,9,6,9,15,10,0,0,6,0.0145606269998097,0.0068097749999651,0.0,0.0068097749999651,0.0069329639995885,0.0216331259998696,Optimal,0,none,2.720702370384963,0,10,100.0,100.0,100.0,2.0,0,3,0,0.0,0.0,0.0,0.0,0,3,0,0.0,0.0,0.0,0.0,0,3,0,0.0,0.0,0.0,0.0,0,3,0,0.0,0.0,0.0,0.0,0.0001160920000984,0,100.0,0,0,0,0.0,0.0,0.0,0,0,0,0.0,0.0,0.0,0,0,0,0.0,0.0,0.0,0,0,0,0.0,0.0,0.0
Visual Genome,2352954,18,1,17,0,2,2,4,2,6,5,0,0,4,0.0151634920002834,0.0063941430003069,0.0,0.0063941430003069,0.0064865709996411,0.0216946700002154,Optimal,0,none,1.3637756617863976,0,5,100.0,100.0,100.0,2.0,1,1,0,0.5,1.0,0.6666666666666666,0.8303920705541995,1,1,0,0.5,1.0,0.6666666666666666,0.8303920705541995,1,1,0,0.5,1.0,0.6666666666666666,0.8303920705541995,1,1,0,0.5,1.0,0.6666666666666666,0.8303920705541995,3.1752999802847626e-05,0,100.0,0,0,0,0.0,0.0,0.0,0,0,0,0.0,0.0,0.0,0,0,0,0.0,0.0,0.0,0,0,0,0.0,0.0,0.0
Visual Genome,2353074,21,0,14,0,5,40,10,40,50,26,0,0,10,0.0140214870002637,0.008763908000219,0.0,0.008763908000219,0.0089546860003792,0.0231195600003957,Optimal,0,none,4.255656292721313,0,16,100.0,100.0,100.0,2.0,0,5,0,0.0,0.0,0.0,0.0,0,5,0,0.0,0.0,0.0,0.0,0,5,0,0.0,0.0,0.0,0.0,0,5,0,0.0,0.0,0.0,0.0,0.0001184230000035,0,100.0,0,0,0,0.0,0.0,0.0,0,0,0,0.0,0.0,0.0,0,0,0,0.0,0.0,0.0,0,0,0,0.0,0.0,0.0
Visual Genome,2353084,27,1,20,0,2,4,4,4,8,5,0,0,4,0.0142079379997994,0.0067995100002917,0.0,0.0067995100002917,0.0069138839999141,0.0211861379998481,Optimal,0,none,1.414443758328756,0,5,100.0,100.0,100.0,2.0,1,1,0,0.5,1.0,0.6666666666666666,0.8977589025099135,1,1,0,0.5,1.0,0.6666666666666666,0.8977589025099135,1,1,0,0.5,1.0,0.6666666666666666,0.8977589025099135,1,1,0,0.5,1.0,0.6666666666666666,0.8977589025099135,5.032399985793745e-05,0,100.0,0,0,0,0.0,0.0,0.0,0,0,0,0.0,0.0,0.0,0,0,0,0.0,0.0,0.0,0,0,0,0.0,0.0,0.0
Visual Genome,2353616,21,0,40,0,1,0,2,0,2,1,0,0,2,0.0145588679997672,0.0067176909997215,0.0,0.0067176909997215,0.0067896020000262,0.0213913999996293,Optimal,0,none,0.6433757940928142,0,2,100.0,100.0,100.0,2.0,0,1,0,0.0,0.0,0.0,0.0,0,1,0,0.0,0.0,0.0,0.0,0,1,0,0.0,0.0,0.0,0.0,0,1,0,0.0,0.0,0.0,0.0,3.5045000004174653e-05,0,100.0,0,0,0,0.0,0.0,0.0,0,0,0,0.0,0.0,0.0,0,0,0,0.0,0.0,0.0,0,0,0,0.0,0.0,0.0
Visual Genome,2355068,14,0,11,0,2,4,4,4,8,5,0,0,4,0.0149918420001995,0.006753959999969,0.0,0.006753959999969,0.0068560320000869,0.0219033050002508,Optimal,0,none,1.293736151059469,0,5,100.0,100.0,100.0,2.0,0,2,0,0.0,0.0,0.0,0.0,0,2,0,0.0,0.0,0.0,0.0,0,2,0,0.0,0.0,0.0,0.0,0,2,0,0.0,0.0,0.0,0.0,4.07050001740572e-05,0,100.0,0,0,0,0.0,0.0,0.0,0,0,0,0.0,0.0,0.0,0,0,0,0.0,0.0,0.0,0,0,0,0.0,0.0,0.0
Visual Genome,2355207,11,0,18,0,2,5,4,5,9,5,0,0,4,0.0150155300002552,0.0084146760000294,0.0,0.0084146760000294,0.0085891969997646,0.0236675180003658,Optimal,0,none,1.608936339701584,0,5,100.0,100.0,100.0,2.0,0,2,0,0.0,0.0,0.0,0.0,0,2,0,0.0,0.0,0.0,0.0,0,2,0,0.0,0.0,0.0,0.0,0,2,0,0.0,0.0,0.0,0.0,4.654400026993244e-05,0,100.0,0,0,0,0.0,0.0,0.0,0,0,0,0.0,0.0,0.0,0,0,0,0.0,0.0,0.0,0,0,0,0.0,0.0,0.0
Visual Genome,2355714,27,2,17,0,5,32,10,32,42,26,0,0,10,0.0153987710000365,0.0092672679998031,0.0,0.0092672679998031,0.009449503000269,0.024993294000069,Optimal,0,none,3.871655543645225,0,16,100.0,100.0,100.0,2.0,0,5,2,0.0,0.0,0.0,0.0,0,5,2,0.0,0.0,0.0,0.0,0,5,2,0.0,0.0,0.0,0.0,0,5,2,0.0,0.0,0.0,0.0,0.0001158989998657,0,100.0,0,0,0,0.0,0.0,0.0,0,0,0,0.0,0.0,0.0,0,0,0,0.0,0.0,0.0,0,0,0,0.0,0.0,0.0
Visual Genome,2356074,32,0,32,0,8,91,16,91,107,65,0,0,16,0.0150821019997238,0.011431834999712,0.0,0.011431834999712,0.0117535129998032,0.0271877440000025,Optimal,0,none,6.720395796189789,0,25,100.0,100.0,100.0,2.0,0,8,0,0.0,0.0,0.0,0.0,0,8,0,0.0,0.0,0.0,0.0,0,8,0,0.0,0.0,0.0,0.0,0,8,0,0.0,0.0,0.0,0.0,0.0003048990001843,0,100.0,0,0,0,0.0,0.0,0.0,0,0,0,0.0,0.0,0.0,0,0,0,0.0,0.0,0.0,0,0,0,0.0,0.0,0.0
Visual Genome,2356121,24,2,12,0,1,0,2,0,2,1,0,0,2,0.0139657079998869,0.0065109779998238,0.0,0.0065109779998238,0.0065830990001813,0.0205789100000401,Optimal,0,none,0.5930221954981486,0,2,100.0,100.0,100.0,2.0,0,1,2,0.0,0.0,0.0,0.0,0,1,2,0.0,0.0,0.0,0.0,0,1,2,0.0,0.0,0.0,0.0,0,1,2,0.0,0.0,0.0,0.0,2.169799972762121e-05,0,100.0,0,0,0,0.0,0.0,0.0,0,0,0,0.0,0.0,0.0,0,0,0,0.0,0.0,0.0,0,0,0,0.0,0.0,0.0
Visual Genome,2356259,25,3,37,0,3,10,6,10,16,10,0,0,6,0.0142130620001807,0.0071068859997467,0.0,0.0071068859997467,0.0072410510001645,0.0215424490002078,Optimal,0,none,2.605460638999939,0,10,100.0,100.0,100.0,2.0,1,2,2,0.3333333333333333,0.3333333333333333,0.3333333333333333,0.7299104519327438,1,2,2,0.3333333333333333,0.3333333333333333,0.3333333333333333,0.7299104519327438,1,2,2,0.3333333333333333,0.3333333333333333,0.3333333333333333,0.7299104519327438,1,2,2,0.3333333333333333,0.3333333333333333,0.3333333333333333,0.7299104519327438,6.648600037806318e-05,0,100.0,0,0,0,0.0,0.0,0.0,0,0,0,0.0,0.0,0.0,0,0,0,0.0,0.0,0.0,0,0,0,0.0,0.0,0.0
Visual Genome,2356511,42,0,25,0,6,63,12,63,75,37,0,0,12,0.0175365210002382,0.0091184360003353,0.0,0.0091184360003353,0.0093219489999683,0.027051964000293,Optimal,0,none,4.851154155731203,0,19,100.0,100.0,100.0,2.0,0,6,0,0.0,0.0,0.0,0.0,0,6,0,0.0,0.0,0.0,0.0,0,6,0,0.0,0.0,0.0,0.0,0,6,0,0.0,0.0,0.0,0.0,0.0001667910000833,0,100.0,0,0,0,0.0,0.0,0.0,0,0,0,0.0,0.0,0.0,0,0,0,0.0,0.0,0.0,0,0,0,0.0,0.0,0.0
Visual Genome,2357259,15,0,15,0,3,6,6,6,12,10,0,0,6,0.0153859870001724,0.0069820710000385,0.0,0.0069820710000385,0.0071088139998209,0.0225797319999401,Optimal,0,none,2.5489200258255007,0,10,100.0,100.0,100.0,2.0,0,3,0,0.0,0.0,0.0,0.0,0,3,0,0.0,0.0,0.0,0.0,0,3,0,0.0,0.0,0.0,0.0,0,3,0,0.0,0.0,0.0,0.0,5.5668999721092405e-05,0,100.0,0,0,0,0.0,0.0,0.0,0,0,0,0.0,0.0,0.0,0,0,0,0.0,0.0,0.0,0,0,0,0.0,0.0,0.0
Visual Genome,2357707,19,1,26,0,1,0,2,0,2,1,0,0,2,0.013710286999867,0.0068285160000414,0.0,0.0068285160000414,0.0068955239999013,0.020633989000089,Optimal,0,none,0.6133577267328898,0,2,100.0,100.0,100.0,2.0,1,0,0,1.0,1.0,1.0,0.638578106695172,1,0,0,1.0,1.0,1.0,0.638578106695172,1,0,0,1.0,1.0,1.0,0.638578106695172,1,0,0,1.0,1.0,1.0,0.638578106695172,2.0545000097627053e-05,0,100.0,0,0,0,0.0,0.0,0.0,0,0,0,0.0,0.0,0.0,0,0,0,0.0,0.0,0.0,0,0,0,0.0,0.0,0.0
Visual Genome,2357774,26,1,24,0,4,24,8,24,32,17,0,0,8,0.0154325610001251,0.0079201849998753,0.0,0.0079201849998753,0.0081036359997597,0.0236582920001637,Optimal,0,none,3.591665658156078,0,13,100.0,100.0,100.0,2.0,1,3,0,0.25,1.0,0.4,0.9447582551175748,1,3,0,0.25,1.0,0.4,0.9447582551175748,1,3,0,0.25,1.0,0.4,0.9447582551175748,1,3,0,0.25,1.0,0.4,0.9447582551175748,9.66860002336034e-05,0,100.0,0,0,0,0.0,0.0,0.0,0,0,0,0.0,0.0,0.0,0,0,0,0.0,0.0,0.0,0,0,0,0.0,0.0,0.0
Visual Genome,2358408,24,2,39,0,4,26,8,26,34,17,0,0,8,0.0140994019998288,0.0078417400000034,0.0,0.0078417400000034,0.0079988029997366,0.0222825369996826,Optimal,0,none,3.582009812990825,0,13,100.0,100.0,100.0,2.0,0,4,2,0.0,0.0,0.0,0.924823181105494,0,4,2,0.0,0.0,0.0,0.924823181105494,0,4,2,0.0,0.0,0.0,0.924823181105494,0,4,2,0.0,0.0,0.0,0.924823181105494,0.0001476299999012,0,100.0,0,0,0,0.0,0.0,0.0,0,0,0,0.0,0.0,0.0,0,0,0,0.0,0.0,0.0,0,0,0,0.0,0.0,0.0
Visual Genome,2358470,27,0,12,0,3,12,6,12,18,10,0,0,6,0.0140025669998067,0.0074033930000041,0.0,0.0074033930000041,0.0075653029998647,0.0216574030000629,Optimal,0,none,2.279298279285432,0,10,100.0,100.0,100.0,2.0,0,3,0,0.0,0.0,0.0,0.0,0,3,0,0.0,0.0,0.0,0.0,0,3,0,0.0,0.0,0.0,0.0,0,3,0,0.0,0.0,0.0,0.0,6.726899982822943e-05,0,100.0,0,0,0,0.0,0.0,0.0,0,0,0,0.0,0.0,0.0,0,0,0,0.0,0.0,0.0,0,0,0,0.0,0.0,0.0
Visual Genome,2358536,26,1,21,0,1,0,2,0,2,1,0,0,2,0.014246952999656,0.0079527200000484,0.0,0.0079527200000484,0.0080219870001201,0.0222982559998854,Optimal,0,none,0.6223483959833781,0,2,100.0,100.0,100.0,2.0,1,0,0,1.0,1.0,1.0,0.9557403787202032,1,0,0,1.0,1.0,1.0,0.9557403787202032,1,0,0,1.0,1.0,1.0,0.9557403787202032,1,0,0,1.0,1.0,1.0,0.9557403787202032,2.1177999769861344e-05,0,100.0,0,0,0,0.0,0.0,0.0,0,0,0,0.0,0.0,0.0,0,0,0,0.0,0.0,0.0,0,0,0,0.0,0.0,0.0
Visual Genome,2358600,33,2,14,0,2,4,4,4,8,5,0,0,4,0.0140137420003156,0.0065801779996945,0.0,0.0065801779996945,0.0067014830001426,0.0207654089999778,Optimal,0,none,1.2167913111050923,0,5,100.0,100.0,100.0,2.0,1,1,1,0.5,0.5,0.5,0.872075471213656,1,1,1,0.5,0.5,0.5,0.872075471213656,1,1,1,0.5,0.5,0.5,0.872075471213656,1,1,1,0.5,0.5,0.5,0.872075471213656,3.729600030055735e-05,0,100.0,0,0,0,0.0,0.0,0.0,0,0,0,0.0,0.0,0.0,0,0,0,0.0,0.0,0.0,0,0,0,0.0,0.0,0.0
Visual Genome,2358626,23,1,33,0,4,26,8,26,34,17,0,0,8,0.0152577119997658,0.0081069819998447,0.0,0.0081069819998447,0.0082632200001171,0.0236382439998124,Optimal,0,none,3.475986110984657,0,13,100.0,100.0,100.0,2.0,0,4,1,0.0,0.0,0.0,0.0,0,4,1,0.0,0.0,0.0,0.0,0,4,1,0.0,0.0,0.0,0.0,0,4,1,0.0,0.0,0.0,0.0,9.24300002225209e-05,0,100.0,0,0,0,0.0,0.0,0.0,0,0,0,0.0,0.0,0.0,0,0,0,0.0,0.0,0.0,0,0,0,0.0,0.0,0.0
Visual Genome,2358828,30,3,36,0,3,10,6,10,16,10,0,0,6,0.0151523399999859,0.0074911440001415,0.0,0.0074911440001415,0.0076744520001739,0.0229038099996614,Optimal,0,none,2.6762144947052007,0,10,100.0,100.0,100.0,2.0,1,2,2,0.3333333333333333,0.3333333333333333,0.3333333333333333,0.9341066085431622,1,2,2,0.3333333333333333,0.3333333333333333,0.3333333333333333,0.9341066085431622,1,2,2,0.3333333333333333,0.3333333333333333,0.3333333333333333,0.9341066085431622,1,2,2,0.3333333333333333,0.3333333333333333,0.3333333333333333,0.9341066085431622,5.740099959439249e-05,0,100.0,0,0,0,0.0,0.0,0.0,0,0,0,0.0,0.0,0.0,0,0,0,0.0,0.0,0.0,0,0,0,0.0,0.0,0.0
Visual Genome,2359262,25,0,23,0,2,4,4,4,8,5,0,0,4,0.0131091329999435,0.006818395999744,0.0,0.006818395999744,0.0069197259999782,0.0200799690001076,Optimal,0,none,1.34353283961614,0,5,100.0,100.0,100.0,2.0,0,2,0,0.0,0.0,0.0,0.0,0,2,0,0.0,0.0,0.0,0.0,0,2,0,0.0,0.0,0.0,0.0,0,2,0,0.0,0.0,0.0,0.0,3.795399970840663e-05,0,100.0,0,0,0,0.0,0.0,0.0,0,0,0,0.0,0.0,0.0,0,0,0,0.0,0.0,0.0,0,0,0,0.0,0.0,0.0
Visual Genome,2360042,33,0,22,0,5,38,10,38,48,26,0,0,10,0.0146944999996776,0.008926466000048,0.0,0.008926466000048,0.0091246479996698,0.0239765470000747,Optimal,0,none,4.489323024344206,0,16,100.0,100.0,100.0,2.0,0,5,0,0.0,0.0,0.0,0.0,0,5,0,0.0,0.0,0.0,0.0,0,5,0,0.0,0.0,0.0,0.0,0,5,0,0.0,0.0,0.0,0.0,0.000128874999973,0,100.0,0,0,0,0.0,0.0,0.0,0,0,0,0.0,0.0,0.0,0,0,0,0.0,0.0,0.0,0,0,0,0.0,0.0,0.0
Visual Genome,2360765,33,2,41,0,20,713,40,713,753,401,0,0,40,0.0177311200000076,0.0353185040003154,0.0,0.0353185040003154,0.0361843380001118,0.0556417220000184,Optimal,0,none,15.616051626611386,0,61,100.0,100.0,100.0,2.0,2,18,0,0.1,1.0,0.1818181818181818,0.8501164900843361,2,18,0,0.1,1.0,0.1818181818181818,0.8501164900843361,2,18,0,0.1,1.0,0.1818181818181818,0.8501164900843361,2,18,0,0.1,1.0,0.1818181818181818,0.8501164900843361,0.001622320000024,0,100.0,0,0,0,0.0,0.0,0.0,0,0,0,0.0,0.0,0.0,0,0,0,0.0,0.0,0.0,0,0,0,0.0,0.0,0.0
Visual Genome,2361228,17,2,12,0,5,32,10,32,42,26,0,0,10,0.0145999610003855,0.0082245720000173,0.0,0.0082245720000173,0.008404450999933,0.0231418330004089,Optimal,0,none,4.064250794504228,0,16,100.0,100.0,100.0,2.0,1,4,1,0.2,0.5,0.2857142857142857,0.951037535995869,1,4,1,0.2,0.5,0.2857142857142857,0.951037535995869,1,4,1,0.2,0.5,0.2857142857142857,0.951037535995869,1,4,1,0.2,0.5,0.2857142857142857,0.951037535995869,0.0001110369998968,0,100.0,0,0,0,0.0,0.0,0.0,0,0,0,0.0,0.0,0.0,0,0,0,0.0,0.0,0.0,0,0,0,0.0,0.0,0.0
Visual Genome,2361287,28,2,44,0,5,38,10,38,48,26,0,0,10,0.016452529000162,0.010368716999892,0.0,0.010368716999892,0.0105762210000648,0.0272570450001694,Optimal,0,none,4.271388741334281,0,16,100.0,100.0,100.0,2.0,0,5,2,0.0,0.0,0.0,0.0,0,5,2,0.0,0.0,0.0,0.0,0,5,2,0.0,0.0,0.0,0.0,0,5,2,0.0,0.0,0.0,0.0,0.0001964080001926,0,100.0,0,0,0,0.0,0.0,0.0,0,0,0,0.0,0.0,0.0,0,0,0,0.0,0.0,0.0,0,0,0,0.0,0.0,0.0
Visual Genome,2361514,32,0,45,0,4,16,8,16,24,17,0,0,8,0.0150617760000386,0.0087144379999699,0.0,0.0087144379999699,0.0088678410002103,0.0240282610002395,Optimal,0,none,3.24284409985279,0,13,100.0,100.0,100.0,2.0,0,4,0,0.0,0.0,0.0,0.0,0,4,0,0.0,0.0,0.0,0.0,0,4,0,0.0,0.0,0.0,0.0,0,4,0,0.0,0.0,0.0,0.0,7.469100000889739e-05,0,100.0,0,0,0,0.0,0.0,0.0,0,0,0,0.0,0.0,0.0,0,0,0,0.0,0.0,0.0,0,0,0,0.0,0.0,0.0
Visual Genome,2361531,24,0,21,0,4,20,8,20,28,17,0,0,8,0.0143597259998387,0.0076987649999864,0.0,0.0076987649999864,0.0078551760002483,0.0223470889995951,Optimal,0,none,3.736160680452984,0,13,100.0,100.0,100.0,2.0,0,4,0,0.0,0.0,0.0,0.0,0,4,0,0.0,0.0,0.0,0.0,0,4,0,0.0,0.0,0.0,0.0,0,4,0,0.0,0.0,0.0,0.0,0.0001063519998751,0,100.0,0,0,0,0.0,0.0,0.0,0,0,0,0.0,0.0,0.0,0,0,0,0.0,0.0,0.0,0,0,0,0.0,0.0,0.0
Visual Genome,2361736,27,0,23,0,1,0,2,0,2,1,0,0,2,0.0156542489999083,0.0067532520001805,0.0,0.0067532520001805,0.0068303089997243,0.0225173329999961,Optimal,0,none,0.6106069723765055,0,2,100.0,100.0,100.0,2.0,0,1,0,0.0,0.0,0.0,0.0,0,1,0,0.0,0.0,0.0,0.0,0,1,0,0.0,0.0,0.0,0.0,0,1,0,0.0,0.0,0.0,0.0,2.402200016149436e-05,0,100.0,0,0,0,0.0,0.0,0.0,0,0,0,0.0,0.0,0.0,0,0,0,0.0,0.0,0.0,0,0,0,0.0,0.0,0.0
Visual Genome,2361898,28,1,29,0,10,166,20,166,186,101,0,0,20,0.0162521250003919,0.0153649550002228,0.0,0.0153649550002228,0.0157383320001827,0.0325047000001177,Optimal,0,none,8.540040923178573,0,31,100.0,100.0,100.0,2.0,1,9,0,0.1,1.0,0.1818181818181818,0.921030833356819,1,9,0,0.1,1.0,0.1818181818181818,0.921030833356819,1,9,0,0.1,1.0,0.1818181818181818,0.921030833356819,1,9,0,0.1,1.0,0.1818181818181818,0.921030833356819,0.0004668080000556,0,100.0,0,0,0,0.0,0.0,0.0,0,0,0,0.0,0.0,0.0,0,0,0,0.0,0.0,0.0,0,0,0,0.0,0.0,0.0
Visual Genome,2362268,20,1,17,0,4,30,8,30,38,17,0,0,8,0.0133259399999587,0.0081492110002727,0.0,0.0081492110002727,0.0083043690001431,0.021821157999966,Optimal,0,none,3.175383214606634,0,13,100.0,100.0,100.0,2.0,0,4,1,0.0,0.0,0.0,0.0,0,4,1,0.0,0.0,0.0,0.0,0,4,1,0.0,0.0,0.0,0.0,0,4,1,0.0,0.0,0.0,0.0,0.0001027520002025,0,100.0,0,0,0,0.0,0.0,0.0,0,0,0,0.0,0.0,0.0,0,0,0,0.0,0.0,0.0,0,0,0,0.0,0.0,0.0
Visual Genome,2362364,41,5,20,0,5,32,10,32,42,26,0,0,10,0.0163695290002579,0.0088416530002177,0.0,0.0088416530002177,0.0090459129996816,0.0255583890002526,Optimal,0,none,4.283994360764823,0,16,100.0,100.0,100.0,2.0,4,1,1,0.8,0.8,0.8000000000000002,0.8427719660986777,4,1,1,0.8,0.8,0.8000000000000002,0.8427719660986777,4,1,1,0.8,0.8,0.8000000000000002,0.8427719660986777,4,1,1,0.8,0.8,0.8000000000000002,0.8427719660986777,0.0001148579999608,0,100.0,0,0,0,0.0,0.0,0.0,0,0,0,0.0,0.0,0.0,0,0,0,0.0,0.0,0.0,0,0,0,0.0,0.0,0.0
Visual Genome,2362923,24,2,19,0,9,123,18,123,141,82,0,0,18,0.0157859679998182,0.0137653010001486,0.0,0.0137653010001486,0.0140827499999431,0.0302167679997182,Optimal,0,none,7.751429519342881,0,28,100.0,100.0,100.0,2.0,1,8,1,0.1111111111111111,0.5,0.1818181818181818,0.9711507730753784,1,8,1,0.1111111111111111,0.5,0.1818181818181818,0.9711507730753784,1,8,1,0.1111111111111111,0.5,0.1818181818181818,0.9711507730753784,1,8,1,0.1111111111111111,0.5,0.1818181818181818,0.9711507730753784,0.0003042670000468,0,100.0,0,0,0,0.0,0.0,0.0,0,0,0,0.0,0.0,0.0,0,0,0,0.0,0.0,0.0,0,0,0,0.0,0.0,0.0
Visual Genome,2364039,19,0,29,0,2,6,4,6,10,5,0,0,4,0.0130620720001388,0.0066597080003703,0.0,0.0066597080003703,0.0067842960002053,0.019907122999939,Optimal,0,none,1.20994073004101,0,5,100.0,100.0,100.0,2.0,0,2,0,0.0,0.0,0.0,0.0,0,2,0,0.0,0.0,0.0,0.0,0,2,0,0.0,0.0,0.0,0.0,0,2,0,0.0,0.0,0.0,0.0,4.654099984691129e-05,0,100.0,0,0,0,0.0,0.0,0.0,0,0,0,0.0,0.0,0.0,0,0,0,0.0,0.0,0.0,0,0,0,0.0,0.0,0.0
Visual Genome,2364080,11,0,23,0,0,0,0,0,0,0,0,0,1,0.0148684639998464,0.0050719239998215,0.0,0.0050719239998215,0.0051097159998789,0.0199941249998119,Optimal,0,none,,0,1,100.0,0.0,0.0,0.0,0,0,0,0.0,0.0,0.0,0.0,0,0,0,0.0,0.0,0.0,0.0,0,0,0,0.0,0.0,0.0,0.0,0,0,0,0.0,0.0,0.0,0.0,1.043800011757412e-05,0,100.0,0,0,0,0.0,0.0,0.0,0,0,0,0.0,0.0,0.0,0,0,0,0.0,0.0,0.0,0,0,0,0.0,0.0,0.0
Visual Genome,2364407,54,1,26,0,14,354,28,354,382,197,0,0,28,0.0163695790001838,0.0213178819999484,0.0,0.0213178819999484,0.0218780840000363,0.0391359549998924,Optimal,0,none,11.20202954820653,0,43,100.0,100.0,100.0,2.0,1,13,0,0.0714285714285714,1.0,0.1333333333333333,0.827231921761312,1,13,0,0.0714285714285714,1.0,0.1333333333333333,0.827231921761312,1,13,0,0.0714285714285714,1.0,0.1333333333333333,0.827231921761312,1,13,0,0.0714285714285714,1.0,0.1333333333333333,0.827231921761312,0.0008180330000868,0,100.0,0,0,0,0.0,0.0,0.0,0,0,0,0.0,0.0,0.0,0,0,0,0.0,0.0,0.0,0,0,0,0.0,0.0,0.0
Visual Genome,2364413,48,3,19,0,6,60,12,60,72,37,0,0,12,0.013530443000036,0.0088894479999908,0.0,0.0088894479999908,0.0091840779996346,0.0229335479998553,Optimal,0,none,4.916114873886111,0,19,100.0,100.0,100.0,2.0,1,5,2,0.1666666666666666,0.3333333333333333,0.2222222222222222,0.6691042257540837,1,5,2,0.1666666666666666,0.3333333333333333,0.2222222222222222,0.6691042257540837,1,5,2,0.1666666666666666,0.3333333333333333,0.2222222222222222,0.6691042257540837,1,5,2,0.1666666666666666,0.3333333333333333,0.2222222222222222,0.6691042257540837,0.0001846840000325,0,100.0,0,0,0,0.0,0.0,0.0,0,0,0,0.0,0.0,0.0,0,0,0,0.0,0.0,0.0,0,0,0,0.0,0.0,0.0
Visual Genome,2364445,31,0,20,0,3,13,6,13,19,10,0,0,6,0.0150113249997048,0.007032079000055,0.0,0.007032079000055,0.0071666359999653,0.0222862569999051,Optimal,0,none,2.4721711182594306,0,10,100.0,100.0,100.0,2.0,0,3,0,0.0,0.0,0.0,0.0,0,3,0,0.0,0.0,0.0,0.0,0,3,0,0.0,0.0,0.0,0.0,0,3,0,0.0,0.0,0.0,0.0,8.425299984082812e-05,0,100.0,0,0,0,0.0,0.0,0.0,0,0,0,0.0,0.0,0.0,0,0,0,0.0,0.0,0.0,0,0,0,0.0,0.0,0.0
Visual Genome,2364508,34,1,33,0,20,523,40,523,563,401,0,0,40,0.0186903859998892,0.0304028969999308,0.0,0.0304028969999308,0.03118307800014,0.051230126000064,Optimal,0,none,16.292738792384938,0,61,100.0,100.0,100.0,2.0,1,19,0,0.05,1.0,0.0952380952380952,0.934127149600834,1,19,0,0.05,1.0,0.0952380952380952,0.934127149600834,1,19,0,0.05,1.0,0.0952380952380952,0.934127149600834,1,19,0,0.05,1.0,0.0952380952380952,0.934127149600834,0.0012633689998438,0,100.0,0,0,0,0.0,0.0,0.0,0,0,0,0.0,0.0,0.0,0,0,0,0.0,0.0,0.0,0,0,0,0.0,0.0,0.0
Visual Genome,2364565,33,1,21,0,2,2,4,2,6,5,0,0,4,0.0139234469997973,0.0064338490001318,0.0,0.0064338490001318,0.0065522059999238,0.0205194360000859,Optimal,0,none,1.490658620198568,0,5,100.0,100.0,100.0,2.0,1,1,0,0.5,1.0,0.6666666666666666,0.9268419942121484,1,1,0,0.5,1.0,0.6666666666666666,0.9268419942121484,1,1,0,0.5,1.0,0.6666666666666666,0.9268419942121484,1,1,0,0.5,1.0,0.6666666666666666,0.9268419942121484,3.129399965473567e-05,0,100.0,0,0,0,0.0,0.0,0.0,0,0,0,0.0,0.0,0.0,0,0,0,0.0,0.0,0.0,0,0,0,0.0,0.0,0.0
Visual Genome,2364584,31,2,20,0,6,45,12,45,57,37,0,0,12,0.0154792369999086,0.0097759239997685,0.0,0.0097759239997685,0.00998708599991,0.025640537000072,Optimal,0,none,5.145696325302126,0,19,100.0,100.0,100.0,2.0,2,4,0,0.3333333333333333,1.0,0.5,0.9149688689237434,2,4,0,0.3333333333333333,1.0,0.5,0.9149688689237434,2,4,0,0.3333333333333333,1.0,0.5,0.9149688689237434,2,4,0,0.3333333333333333,1.0,0.5,0.9149688689237434,0.000143454999943,0,100.0,0,0,0,0.0,0.0,0.0,0,0,0,0.0,0.0,0.0,0,0,0,0.0,0.0,0.0,0,0,0,0.0,0.0,0.0
Visual Genome,2364645,23,0,19,0,1,0,2,0,2,1,0,0,2,0.0126308389999394,0.0061702039997726,0.0,0.0061702039997726,0.0062380270001085,0.0189176150001912,Optimal,0,none,0.3668504158655802,0,2,100.0,100.0,100.0,2.0,0,1,0,0.0,0.0,0.0,0.0,0,1,0,0.0,0.0,0.0,0.0,0,1,0,0.0,0.0,0.0,0.0,0,1,0,0.0,0.0,0.0,0.0,1.9041000086872373e-05,0,100.0,0,0,0,0.0,0.0,0.0,0,0,0,0.0,0.0,0.0,0,0,0,0.0,0.0,0.0,0,0,0,0.0,0.0,0.0
Visual Genome,2365315,24,0,25,0,2,4,4,4,8,5,0,0,4,0.0147669860002679,0.0069448829999601,0.0,0.0069448829999601,0.0070875100000193,0.0219082260000504,Optimal,0,none,1.3058474334081014,0,5,100.0,100.0,100.0,2.0,0,2,0,0.0,0.0,0.0,0.0,0,2,0,0.0,0.0,0.0,0.0,0,2,0,0.0,0.0,0.0,0.0,0,2,0,0.0,0.0,0.0,0.0,3.947100003642845e-05,0,100.0,0,0,0,0.0,0.0,0.0,0,0,0,0.0,0.0,0.0,0,0,0,0.0,0.0,0.0,0,0,0,0.0,0.0,0.0
Visual Genome,2365681,41,1,21,0,2,6,4,6,10,5,0,0,4,0.0160410959997534,0.0080798210001376,0.0,0.0080798210001376,0.0082312690001344,0.0243508589996963,Optimal,0,none,1.357275870641073,0,5,100.0,100.0,100.0,2.0,1,1,0,0.5,1.0,0.6666666666666666,0.8027307780303025,1,1,0,0.5,1.0,0.6666666666666666,0.8027307780303025,1,1,0,0.5,1.0,0.6666666666666666,0.8027307780303025,1,1,0,0.5,1.0,0.6666666666666666,0.8027307780303025,6.0338000366755296e-05,0,100.0,0,0,0,0.0,0.0,0.0,0,0,0,0.0,0.0,0.0,0,0,0,0.0,0.0,0.0,0,0,0,0.0,0.0,0.0
Visual Genome,2366193,24,5,17,0,9,121,18,121,139,82,0,0,18,0.0140097979997335,0.0116778429996884,0.0,0.0116778429996884,0.0119649090001985,0.0263029869997808,Optimal,0,none,7.020833238239844,0,28,100.0,100.0,100.0,2.0,2,7,3,0.2222222222222222,0.4,0.2857142857142857,0.8017267949135661,2,7,3,0.2222222222222222,0.4,0.2857142857142857,0.8017267949135661,2,7,3,0.2222222222222222,0.4,0.2857142857142857,0.8017267949135661,2,7,3,0.2222222222222222,0.4,0.2857142857142857,0.8017267949135661,0.0002918069999395,0,100.0,0,0,0,0.0,0.0,0.0,0,0,0,0.0,0.0,0.0,0,0,0,0.0,0.0,0.0,0,0,0,0.0,0.0,0.0
Visual Genome,2366660,23,3,7,0,3,14,6,14,20,10,0,0,6,0.0144525529999555,0.006760430000213,0.0,0.006760430000213,0.0069443810002667,0.0214958139999907,Optimal,0,none,2.6713639162164773,0,10,100.0,100.0,100.0,2.0,1,2,2,0.3333333333333333,0.3333333333333333,0.3333333333333333,0.944537047709943,1,2,2,0.3333333333333333,0.3333333333333333,0.3333333333333333,0.944537047709943,1,2,2,0.3333333333333333,0.3333333333333333,0.3333333333333333,0.944537047709943,1,2,2,0.3333333333333333,0.3333333333333333,0.3333333333333333,0.944537047709943,7.125299998733681e-05,0,100.0,0,0,0,0.0,0.0,0.0,0,0,0,0.0,0.0,0.0,0,0,0,0.0,0.0,0.0,0,0,0,0.0,0.0,0.0
Visual Genome,2367354,37,2,17,0,9,142,18,142,160,82,0,0,18,0.0144647959996291,0.0122703970000657,0.0,0.0122703970000657,0.0125848650000079,0.0274305259999891,Optimal,0,none,7.42840755939484,0,28,100.0,100.0,100.0,2.0,2,7,0,0.2222222222222222,1.0,0.3636363636363636,0.804161880835255,2,7,0,0.2222222222222222,1.0,0.3636363636363636,0.804161880835255,2,7,0,0.2222222222222222,1.0,0.3636363636363636,0.804161880835255,2,7,0,0.2222222222222222,1.0,0.3636363636363636,0.804161880835255,0.0003409109999665,0,100.0,0,0,0,0.0,0.0,0.0,0,0,0,0.0,0.0,0.0,0,0,0,0.0,0.0,0.0,0,0,0,0.0,0.0,0.0
Visual Genome,2368110,37,1,24,0,16,348,32,348,380,257,0,0,32,0.0170566380002128,0.0207959949998439,0.0,0.0207959949998439,0.0213290570000026,0.0393041450001874,Optimal,0,none,12.253336573449817,0,49,100.0,100.0,100.0,2.0,0,16,1,0.0,0.0,0.0,0.0,0,16,1,0.0,0.0,0.0,0.0,0,16,1,0.0,0.0,0.0,0.0,0,16,1,0.0,0.0,0.0,0.0,0.000853379000091,0,100.0,0,0,0,0.0,0.0,0.0,0,0,0,0.0,0.0,0.0,0,0,0,0.0,0.0,0.0,0,0,0,0.0,0.0,0.0
Visual Genome,2368192,33,0,37,0,4,20,8,20,28,17,0,0,8,0.0142418489999727,0.0098537630001374,0.0,0.0098537630001374,0.0100247870000202,0.0243847799997638,Optimal,0,none,3.3233218876520803,0,13,100.0,100.0,100.0,2.0,0,4,0,0.0,0.0,0.0,0.0,0,4,0,0.0,0.0,0.0,0.0,0,4,0,0.0,0.0,0.0,0.0,0,4,0,0.0,0.0,0.0,0.0,9.192899960908107e-05,0,100.0,0,0,0,0.0,0.0,0.0,0,0,0,0.0,0.0,0.0,0,0,0,0.0,0.0,0.0,0,0,0,0.0,0.0,0.0
Visual Genome,2368508,29,2,10,0,12,239,24,239,263,145,0,0,24,0.0164149030001681,0.0181095650000315,0.0,0.0181095650000315,0.018601032999868,0.035676586000136,Optimal,0,none,9.66932037084198,0,37,100.0,100.0,100.0,2.0,0,12,2,0.0,0.0,0.0,0.0,0,12,2,0.0,0.0,0.0,0.0,0,12,2,0.0,0.0,0.0,0.0,0,12,2,0.0,0.0,0.0,0.0,0.0006074810003156,0,100.0,0,0,0,0.0,0.0,0.0,0,0,0,0.0,0.0,0.0,0,0,0,0.0,0.0,0.0,0,0,0,0.0,0.0,0.0
Visual Genome,2368774,9,1,34,0,1,0,2,0,2,1,0,0,2,0.013660799000263,0.0060724770000888,0.0,0.0060724770000888,0.0061454390001927,0.0198372150002796,Optimal,0,none,0.6369913736979167,0,2,100.0,100.0,100.0,2.0,1,0,0,1.0,1.0,1.0,0.973575976512422,1,0,0,1.0,1.0,1.0,0.973575976512422,1,0,0,1.0,1.0,1.0,0.973575976512422,1,0,0,1.0,1.0,1.0,0.973575976512422,2.2665999949822435e-05,0,100.0,0,0,0,0.0,0.0,0.0,0,0,0,0.0,0.0,0.0,0,0,0,0.0,0.0,0.0,0,0,0,0.0,0.0,0.0
Visual Genome,2368817,18,0,10,0,1,0,2,0,2,1,0,0,2,0.0146102959997733,0.0074558340002113,0.0,0.0074558340002113,0.0075271809996593,0.0221651990000282,Optimal,0,none,0.5963319937388103,0,2,100.0,100.0,100.0,2.0,0,1,0,0.0,0.0,0.0,0.0,0,1,0,0.0,0.0,0.0,0.0,0,1,0,0.0,0.0,0.0,0.0,0,1,0,0.0,0.0,0.0,0.0,2.0402999780344544e-05,0,100.0,0,0,0,0.0,0.0,0.0,0,0,0,0.0,0.0,0.0,0,0,0,0.0,0.0,0.0,0,0,0,0.0,0.0,0.0
Visual Genome,2368996,26,0,17,0,4,21,8,21,29,17,0,0,8,0.0149904439999772,0.0083135969998693,0.0,0.0083135969998693,0.0084772550003435,0.0235995980001462,Optimal,0,none,3.0947903362909965,0,13,100.0,100.0,100.0,2.0,0,4,0,0.0,0.0,0.0,0.0,0,4,0,0.0,0.0,0.0,0.0,0,4,0,0.0,0.0,0.0,0.0,0,4,0,0.0,0.0,0.0,0.0,0.0001064150001184,0,100.0,0,0,0,0.0,0.0,0.0,0,0,0,0.0,0.0,0.0,0,0,0,0.0,0.0,0.0,0,0,0,0.0,0.0,0.0
Visual Genome,2369534,20,0,23,0,1,0,2,0,2,1,0,0,2,0.0130541960002119,0.0068005450002601,0.0,0.0068005450002601,0.0068747280001844,0.0199601799999982,Optimal,0,none,0.5949761311213175,0,2,100.0,100.0,100.0,2.0,0,1,0,0.0,0.0,0.0,0.0,0,1,0,0.0,0.0,0.0,0.0,0,1,0,0.0,0.0,0.0,0.0,0,1,0,0.0,0.0,0.0,0.0,2.2170999727677557e-05,0,100.0,0,0,0,0.0,0.0,0.0,0,0,0,0.0,0.0,0.0,0,0,0,0.0,0.0,0.0,0,0,0,0.0,0.0,0.0
Visual Genome,2369615,25,9,17,0,13,313,26,313,339,170,0,0,26,0.0162801770002261,0.0189887320002526,0.0,0.0189887320002526,0.0195456639999065,0.0366560309998931,Optimal,0,none,10.386930720482404,0,40,100.0,100.0,100.0,2.0,7,6,2,0.5384615384615384,0.7777777777777778,0.6363636363636364,0.7874401110891681,7,6,2,0.5384615384615384,0.7777777777777778,0.6363636363636364,0.7874401110891681,7,6,2,0.5384615384615384,0.7777777777777778,0.6363636363636364,0.7874401110891681,7,6,2,0.5384615384615384,0.7777777777777778,0.6363636363636364,0.7874401110891681,0.0007751800003461,0,100.0,0,0,0,0.0,0.0,0.0,0,0,0,0.0,0.0,0.0,0,0,0,0.0,0.0,0.0,0,0,0,0.0,0.0,0.0
Visual Genome,2370016,32,1,14,0,5,40,10,40,50,26,0,0,10,0.0138067420002698,0.0090049800000997,0.0,0.0090049800000997,0.0092221730001256,0.0231815480001387,Optimal,0,none,4.067109812239957,0,16,100.0,100.0,100.0,2.0,0,5,1,0.0,0.0,0.0,0.7943040579683818,0,5,1,0.0,0.0,0.0,0.7943040579683818,0,5,1,0.0,0.0,0.0,0.7943040579683818,0,5,1,0.0,0.0,0.0,0.7943040579683818,0.0001250870000149,0,100.0,0,0,0,0.0,0.0,0.0,0,0,0,0.0,0.0,0.0,0,0,0,0.0,0.0,0.0,0,0,0,0.0,0.0,0.0
Visual Genome,2370071,58,0,40,0,1,0,2,0,2,1,0,0,2,0.0147069069998906,0.0067667260000234,0.0,0.0067667260000234,0.0068405120000534,0.0215789029998632,Optimal,0,none,0.6200937191645304,0,2,100.0,100.0,100.0,2.0,0,1,0,0.0,0.0,0.0,0.0,0,1,0,0.0,0.0,0.0,0.0,0,1,0,0.0,0.0,0.0,0.0,0,1,0,0.0,0.0,0.0,0.0,2.263800024593365e-05,0,100.0,0,0,0,0.0,0.0,0.0,0,0,0,0.0,0.0,0.0,0,0,0,0.0,0.0,0.0,0,0,0,0.0,0.0,0.0
Visual Genome,2370681,26,0,16,0,5,43,10,43,53,26,0,0,10,0.0139624520002143,0.0089762190000328,0.0,0.0089762190000328,0.0091587739998431,0.0232775500003299,Optimal,0,none,4.309359520276389,0,16,100.0,100.0,100.0,2.0,0,5,0,0.0,0.0,0.0,0.0,0,5,0,0.0,0.0,0.0,0.0,0,5,0,0.0,0.0,0.0,0.0,0,5,0,0.0,0.0,0.0,0.0,0.0001300419999097,0,100.0,0,0,0,0.0,0.0,0.0,0,0,0,0.0,0.0,0.0,0,0,0,0.0,0.0,0.0,0,0,0,0.0,0.0,0.0
Visual Genome,2370826,42,6,15,0,3,11,6,11,17,10,0,0,6,0.0141453850001198,0.0084793649998573,0.0,0.0084793649998573,0.0086173089998737,0.0228439010002148,Optimal,0,none,2.489775135252162,0,10,100.0,100.0,100.0,2.0,1,2,5,0.3333333333333333,0.1666666666666666,0.2222222222222222,0.8514258980387372,1,2,5,0.3333333333333333,0.1666666666666666,0.2222222222222222,0.8514258980387372,1,2,5,0.3333333333333333,0.1666666666666666,0.2222222222222222,0.8514258980387372,1,2,5,0.3333333333333333,0.1666666666666666,0.2222222222222222,0.8514258980387372,5.936100023973268e-05,0,100.0,0,0,0,0.0,0.0,0.0,0,0,0,0.0,0.0,0.0,0,0,0,0.0,0.0,0.0,0,0,0,0.0,0.0,0.0
Visual Genome,2371479,8,0,18,0,2,5,4,5,9,5,0,0,4,0.0139048010000806,0.0068070110000917,0.0,0.0068070110000917,0.0069100139999136,0.0208732460000646,Optimal,0,none,1.511533610855454,0,5,100.0,100.0,100.0,2.0,0,2,0,0.0,0.0,0.0,0.0,0,2,0,0.0,0.0,0.0,0.0,0,2,0,0.0,0.0,0.0,0.0,0,2,0,0.0,0.0,0.0,0.0,4.42020000264165e-05,0,100.0,0,0,0,0.0,0.0,0.0,0,0,0,0.0,0.0,0.0,0,0,0,0.0,0.0,0.0,0,0,0,0.0,0.0,0.0
Visual Genome,2371520,16,1,14,0,2,6,4,6,10,5,0,0,4,0.0146591270004137,0.0074475889996392,0.0,0.0074475889996392,0.0075647080002454,0.0222905440000431,Optimal,0,none,1.5521272691090906,0,5,100.0,100.0,100.0,2.0,1,1,0,0.5,1.0,0.6666666666666666,0.9722370321974269,1,1,0,0.5,1.0,0.6666666666666666,0.9722370321974269,1,1,0,0.5,1.0,0.6666666666666666,0.9722370321974269,1,1,0,0.5,1.0,0.6666666666666666,0.9722370321974269,5.120000014358084e-05,0,100.0,0,0,0,0.0,0.0,0.0,0,0,0,0.0,0.0,0.0,0,0,0,0.0,0.0,0.0,0,0,0,0.0,0.0,0.0
Visual Genome,2371844,32,0,20,0,1,0,2,0,2,1,0,0,2,0.0153618529998311,0.0086870479999561,0.0,0.0086870479999561,0.0087799109996922,0.0241718849997596,Optimal,0,none,0.6153026501337687,0,2,100.0,100.0,100.0,2.0,0,1,0,0.0,0.0,0.0,0.0,0,1,0,0.0,0.0,0.0,0.0,0,1,0,0.0,0.0,0.0,0.0,0,1,0,0.0,0.0,0.0,0.0,2.1996000214130618e-05,0,100.0,0,0,0,0.0,0.0,0.0,0,0,0,0.0,0.0,0.0,0,0,0,0.0,0.0,0.0,0,0,0,0.0,0.0,0.0
Visual Genome,2372054,15,0,7,0,9,131,18,131,149,82,0,0,18,0.0141022660000089,0.0118216529999699,0.0,0.0118216529999699,0.0121942060000037,0.0266529629998331,Optimal,0,none,6.933813493251803,0,28,100.0,100.0,100.0,2.0,0,9,0,0.0,0.0,0.0,0.0,0,9,0,0.0,0.0,0.0,0.0,0,9,0,0.0,0.0,0.0,0.0,0,9,0,0.0,0.0,0.0,0.0,0.0003179559998898,0,100.0,0,0,0,0.0,0.0,0.0,0,0,0,0.0,0.0,0.0,0,0,0,0.0,0.0,0.0,0,0,0,0.0,0.0,0.0
Visual Genome,2372677,18,0,25,0,1,0,2,0,2,1,0,0,2,0.0137973189998774,0.0063167859998429,0.0,0.0063167859998429,0.0063890319997881,0.0202178829999866,Optimal,0,none,0.6191528956095378,0,2,100.0,100.0,100.0,2.0,0,1,0,0.0,0.0,0.0,0.0,0,1,0,0.0,0.0,0.0,0.0,0,1,0,0.0,0.0,0.0,0.0,0,1,0,0.0,0.0,0.0,0.0,2.266000001327484e-05,0,100.0,0,0,0,0.0,0.0,0.0,0,0,0,0.0,0.0,0.0,0,0,0,0.0,0.0,0.0,0,0,0,0.0,0.0,0.0
Visual Genome,2373246,29,2,10,0,7,74,14,74,88,50,0,0,14,0.0178522369997153,0.0115664760000981,0.0,0.0115664760000981,0.011896957999852,0.0300086889997146,Optimal,0,none,6.141801326631531,0,22,100.0,100.0,100.0,2.0,2,5,0,0.2857142857142857,1.0,0.4444444444444445,0.96660606647905,2,5,0,0.2857142857142857,1.0,0.4444444444444445,0.96660606647905,2,5,0,0.2857142857142857,1.0,0.4444444444444445,0.96660606647905,2,5,0,0.2857142857142857,1.0,0.4444444444444445,0.96660606647905,0.0002235329998256,0,100.0,0,0,0,0.0,0.0,0.0,0,0,0,0.0,0.0,0.0,0,0,0,0.0,0.0,0.0,0,0,0,0.0,0.0,0.0
Visual Genome,2373277,16,0,14,0,3,10,6,10,16,10,0,0,6,0.0136256770001637,0.0072507419999965,0.0,0.0072507419999965,0.0073832010002661,0.0210911970002598,Optimal,0,none,2.518497653007508,0,10,100.0,100.0,100.0,2.0,0,3,0,0.0,0.0,0.0,0.0,0,3,0,0.0,0.0,0.0,0.0,0,3,0,0.0,0.0,0.0,0.0,0,3,0,0.0,0.0,0.0,0.0,6.129000030341558e-05,0,100.0,0,0,0,0.0,0.0,0.0,0,0,0,0.0,0.0,0.0,0,0,0,0.0,0.0,0.0,0,0,0,0.0,0.0,0.0
Visual Genome,2373324,28,3,12,0,7,73,14,73,87,50,0,0,14,0.0150211679997482,0.009061709999969,0.0,0.009061709999969,0.0093117890000939,0.0245948010001484,Optimal,0,none,5.979893200355749,0,22,100.0,100.0,100.0,2.0,3,4,0,0.4285714285714285,1.0,0.6,0.9028823782124,3,4,0,0.4285714285714285,1.0,0.6,0.9028823782124,3,4,0,0.4285714285714285,1.0,0.6,0.9028823782124,3,4,0,0.4285714285714285,1.0,0.6,0.9028823782124,0.0002173409998249,0,100.0,0,0,0,0.0,0.0,0.0,0,0,0,0.0,0.0,0.0,0,0,0,0.0,0.0,0.0,0,0,0,0.0,0.0,0.0
Visual Genome,2373416,26,3,17,0,8,102,16,102,118,65,0,0,16,0.0170547630000328,0.0102499409999836,0.0,0.0102499409999836,0.010569223999937,0.0279509130000406,Optimal,0,none,6.916693251927696,0,25,100.0,100.0,100.0,2.0,1,7,2,0.125,0.3333333333333333,0.1818181818181818,0.7743484016201378,1,7,2,0.125,0.3333333333333333,0.1818181818181818,0.7743484016201378,1,7,2,0.125,0.3333333333333333,0.1818181818181818,0.7743484016201378,1,7,2,0.125,0.3333333333333333,0.1818181818181818,0.7743484016201378,0.0002879879998545,0,100.0,0,0,0,0.0,0.0,0.0,0,0,0,0.0,0.0,0.0,0,0,0,0.0,0.0,0.0,0,0,0,0.0,0.0,0.0
Visual Genome,2373675,33,1,19,0,0,0,0,0,0,0,0,0,1,0.0133692449999216,0.0052374970000528,0.0,0.0052374970000528,0.0052776709999307,0.0186628009996638,Optimal,0,none,,0,1,100.0,0.0,0.0,0.0,0,0,1,0.0,0.0,0.0,0.0,0,0,1,0.0,0.0,0.0,0.0,0,0,1,0.0,0.0,0.0,0.0,0,0,1,0.0,0.0,0.0,0.0,1.057899999068468e-05,0,100.0,0,0,0,0.0,0.0,0.0,0,0,0,0.0,0.0,0.0,0,0,0,0.0,0.0,0.0,0,0,0,0.0,0.0,0.0
Visual Genome,2374347,30,1,32,0,3,13,6,13,19,10,0,0,6,0.016354561999833,0.0071713009997438,0.0,0.0071713009997438,0.0072987700000339,0.0237356889997499,Optimal,0,none,2.51635895729065,0,10,100.0,100.0,100.0,2.0,0,3,1,0.0,0.0,0.0,0.0,0,3,1,0.0,0.0,0.0,0.0,0,3,1,0.0,0.0,0.0,0.0,0,3,1,0.0,0.0,0.0,0.0,6.270400035646162e-05,0,100.0,0,0,0,0.0,0.0,0.0,0,0,0,0.0,0.0,0.0,0,0,0,0.0,0.0,0.0,0,0,0,0.0,0.0,0.0
Visual Genome,2375149,18,1,23,0,4,26,8,26,34,17,0,0,8,0.0128444459996899,0.0091214099998069,0.0,0.0091214099998069,0.0092716620001738,0.0223336559997733,Optimal,0,none,3.812972962084292,0,13,100.0,100.0,100.0,2.0,1,3,0,0.25,1.0,0.4,0.9557630451098762,1,3,0,0.25,1.0,0.4,0.9557630451098762,1,3,0,0.25,1.0,0.4,0.9557630451098762,1,3,0,0.25,1.0,0.4,0.9557630451098762,0.0001468690002184,0,100.0,0,0,0,0.0,0.0,0.0,0,0,0,0.0,0.0,0.0,0,0,0,0.0,0.0,0.0,0,0,0,0.0,0.0,0.0
Visual Genome,2375342,30,0,34,0,13,273,26,273,299,170,0,0,26,0.0193589630002861,0.0175653689998398,0.0,0.0175653689998398,0.0181123849997675,0.0382253000002492,Optimal,0,none,11.023785773721304,0,40,100.0,100.0,100.0,2.0,0,13,0,0.0,0.0,0.0,0.0,0,13,0,0.0,0.0,0.0,0.0,0,13,0,0.0,0.0,0.0,0.0,0,13,0,0.0,0.0,0.0,0.0,0.0006909419998919,0,100.0,0,0,0,0.0,0.0,0.0,0,0,0,0.0,0.0,0.0,0,0,0,0.0,0.0,0.0,0,0,0,0.0,0.0,0.0
Visual Genome,2375655,25,1,17,0,1,0,2,0,2,1,0,0,2,0.0131578189998435,0.0061479109999709,0.0,0.0061479109999709,0.0062329970000973,0.0194184549995952,Optimal,0,none,0.6020429293314615,0,2,100.0,100.0,100.0,2.0,1,0,0,1.0,1.0,1.0,0.8105545949681806,1,0,0,1.0,1.0,1.0,0.8105545949681806,1,0,0,1.0,1.0,1.0,0.8105545949681806,1,0,0,1.0,1.0,1.0,0.8105545949681806,2.0259999928384783e-05,0,100.0,0,0,0,0.0,0.0,0.0,0,0,0,0.0,0.0,0.0,0,0,0,0.0,0.0,0.0,0,0,0,0.0,0.0,0.0
Visual Genome,2375995,6,2,16,0,4,24,8,24,32,17,0,0,8,0.0176413369999863,0.008100221999939,0.0,0.008100221999939,0.0082550609999998,0.0260118080000211,Optimal,0,none,3.2314864508310963,0,13,100.0,100.0,100.0,2.0,2,2,0,0.5,1.0,0.6666666666666666,0.8676748654298814,2,2,0,0.5,1.0,0.6666666666666666,0.8676748654298814,2,2,0,0.5,1.0,0.6666666666666666,0.8676748654298814,2,2,0,0.5,1.0,0.6666666666666666,0.8676748654298814,9.184300006381818e-05,0,100.0,0,0,0,0.0,0.0,0.0,0,0,0,0.0,0.0,0.0,0,0,0,0.0,0.0,0.0,0,0,0,0.0,0.0,0.0
Visual Genome,2376311,28,2,20,0,4,17,8,17,25,17,0,0,8,0.0138740530001086,0.007898551999915,0.0,0.007898551999915,0.0080565719999867,0.0220499130000462,Optimal,0,none,3.5896782700220755,0,13,100.0,100.0,100.0,2.0,2,2,0,0.5,1.0,0.6666666666666666,0.8921250120923783,2,2,0,0.5,1.0,0.6666666666666666,0.8921250120923783,2,2,0,0.5,1.0,0.6666666666666666,0.8921250120923783,2,2,0,0.5,1.0,0.6666666666666666,0.8921250120923783,9.346199976789649e-05,0,100.0,0,0,0,0.0,0.0,0.0,0,0,0,0.0,0.0,0.0,0,0,0,0.0,0.0,0.0,0,0,0,0.0,0.0,0.0
Visual Genome,2376313,22,0,11,0,2,2,4,2,6,5,0,0,4,0.0143506069998693,0.0064975989998856,0.0,0.0064975989998856,0.0065971529998023,0.0210010410000904,Optimal,0,none,1.5211857446034749,0,5,100.0,100.0,100.0,2.0,0,2,0,0.0,0.0,0.0,0.0,0,2,0,0.0,0.0,0.0,0.0,0,2,0,0.0,0.0,0.0,0.0,0,2,0,0.0,0.0,0.0,0.0,3.785300032177474e-05,0,100.0,0,0,0,0.0,0.0,0.0,0,0,0,0.0,0.0,0.0,0,0,0,0.0,0.0,0.0,0,0,0,0.0,0.0,0.0
Visual Genome,2376333,24,2,44,0,3,12,6,12,18,10,0,0,6,0.0138770679996014,0.0082776210001611,0.0,0.0082776210001611,0.0084119310004098,0.0223709389997566,Optimal,0,none,2.5628041958808905,0,10,100.0,100.0,100.0,2.0,2,1,0,0.6666666666666666,1.0,0.8,0.6420651687523234,2,1,0,0.6666666666666666,1.0,0.8,0.6420651687523234,2,1,0,0.6666666666666666,1.0,0.8,0.6420651687523234,2,1,0,0.6666666666666666,1.0,0.8,0.6420651687523234,6.207099977473263e-05,0,100.0,0,0,0,0.0,0.0,0.0,0,0,0,0.0,0.0,0.0,0,0,0,0.0,0.0,0.0,0,0,0,0.0,0.0,0.0
Visual Genome,2376562,25,3,26,0,7,77,14,77,91,50,0,0,14,0.0149470350002047,0.0101748940001016,0.0,0.0101748940001016,0.0104419079998479,0.0256419570000616,Optimal,0,none,5.833025721837033,0,22,100.0,100.0,100.0,2.0,2,5,1,0.2857142857142857,0.6666666666666666,0.4,0.827644078393735,2,5,1,0.2857142857142857,0.6666666666666666,0.4,0.827644078393735,2,5,1,0.2857142857142857,0.6666666666666666,0.4,0.827644078393735,2,5,1,0.2857142857142857,0.6666666666666666,0.4,0.827644078393735,0.0002173679999941,0,100.0,0,0,0,0.0,0.0,0.0,0,0,0,0.0,0.0,0.0,0,0,0,0.0,0.0,0.0,0,0,0,0.0,0.0,0.0
Visual Genome,2377208,28,1,25,0,3,11,6,11,17,10,0,0,6,0.0162717960001828,0.0076668850001624,0.0,0.0076668850001624,0.0077963399999134,0.0241624240002238,Optimal,0,none,2.5409275436401373,0,10,100.0,100.0,100.0,2.0,1,2,0,0.3333333333333333,1.0,0.5,0.6587808123042451,1,2,0,0.3333333333333333,1.0,0.5,0.6587808123042451,1,2,0,0.3333333333333333,1.0,0.5,0.6587808123042451,1,2,0,0.3333333333333333,1.0,0.5,0.6587808123042451,5.762499995398685e-05,0,100.0,0,0,0,0.0,0.0,0.0,0,0,0,0.0,0.0,0.0,0,0,0,0.0,0.0,0.0,0,0,0,0.0,0.0,0.0
Visual Genome,2377681,24,1,21,0,8,109,16,109,125,65,0,0,16,0.0158322039997074,0.0113083609999193,0.0,0.0113083609999193,0.01158664400009,0.0277586419997533,Optimal,0,none,6.891861604060166,0,25,100.0,100.0,100.0,2.0,0,8,1,0.0,0.0,0.0,0.0,0,8,1,0.0,0.0,0.0,0.0,0,8,1,0.0,0.0,0.0,0.0,0,8,1,0.0,0.0,0.0,0.0,0.0003005290000146,0,100.0,0,0,0,0.0,0.0,0.0,0,0,0,0.0,0.0,0.0,0,0,0,0.0,0.0,0.0,0,0,0,0.0,0.0,0.0
Visual Genome,2378406,44,6,37,0,6,34,12,34,46,37,0,0,12,0.0150773450000087,0.0085486919997492,0.0,0.0085486919997492,0.008759352999732,0.0239864570003192,Optimal,0,none,4.241435096263886,0,19,100.0,100.0,100.0,2.0,3,3,3,0.5,0.5,0.5,0.8166123155257042,3,3,3,0.5,0.5,0.5,0.8166123155257042,3,3,3,0.5,0.5,0.5,0.8166123155257042,3,3,3,0.5,0.5,0.5,0.8166123155257042,0.0001206000001729,0,100.0,0,0,0,0.0,0.0,0.0,0,0,0,0.0,0.0,0.0,0,0,0,0.0,0.0,0.0,0,0,0,0.0,0.0,0.0
Visual Genome,2379084,18,0,28,0,3,12,6,12,18,10,0,0,6,0.0147251409998716,0.0073612829996818,0.0,0.0073612829996818,0.0075058180000269,0.0223119130000668,Optimal,0,none,2.5618163204193123,0,10,100.0,100.0,100.0,2.0,0,3,0,0.0,0.0,0.0,0.0,0,3,0,0.0,0.0,0.0,0.0,0,3,0,0.0,0.0,0.0,0.0,0,3,0,0.0,0.0,0.0,0.0,5.832800025018514e-05,0,100.0,0,0,0,0.0,0.0,0.0,0,0,0,0.0,0.0,0.0,0,0,0,0.0,0.0,0.0,0,0,0,0.0,0.0,0.0
Visual Genome,2379285,20,0,7,0,4,18,8,18,26,17,0,0,8,0.0146522940003706,0.0078984090000631,0.0,0.0078984090000631,0.0080733989998407,0.0228360290002456,Optimal,0,none,3.670406014124554,0,13,100.0,100.0,100.0,2.0,0,4,0,0.0,0.0,0.0,0.0,0,4,0,0.0,0.0,0.0,0.0,0,4,0,0.0,0.0,0.0,0.0,0,4,0,0.0,0.0,0.0,0.0,8.449000006294227e-05,0,100.0,0,0,0,0.0,0.0,0.0,0,0,0,0.0,0.0,0.0,0,0,0,0.0,0.0,0.0,0,0,0,0.0,0.0,0.0
Visual Genome,2379457,18,2,15,1,1,0,2,0,2,1,0,0,2,0.0142277660002037,0.0079150619999381,0.0,0.0079150619999381,0.0079886270000315,0.0222474160000274,Optimal,0,none,0.6069845596949259,0,2,100.0,100.0,100.0,2.0,1,0,1,1.0,0.5,0.6666666666666666,0.964424829793564,1,0,1,1.0,0.5,0.6666666666666666,0.964424829793564,1,0,1,1.0,0.5,0.6666666666666666,0.964424829793564,1,0,1,1.0,0.5,0.6666666666666666,0.964424829793564,2.2686000193061773e-05,0,100.0,0,0,1,0.0,0.0,0.0,0,0,1,0.0,0.0,0.0,0,0,1,0.0,0.0,0.0,0,0,1,0.0,0.0,0.0
Visual Genome,2379567,26,1,21,0,4,16,8,16,24,17,0,0,8,0.0144591560001572,0.0079266050001933,0.0,0.0079266050001933,0.0080771850002747,0.0226394880000952,Optimal,0,none,3.4470169703165703,0,13,100.0,100.0,100.0,2.0,1,3,0,0.25,1.0,0.4,0.9819032603496384,1,3,0,0.25,1.0,0.4,0.9819032603496384,1,3,0,0.25,1.0,0.4,0.9819032603496384,1,3,0,0.25,1.0,0.4,0.9819032603496384,7.679300006202538e-05,0,100.0,0,0,0,0.0,0.0,0.0,0,0,0,0.0,0.0,0.0,0,0,0,0.0,0.0,0.0,0,0,0,0.0,0.0,0.0
Visual Genome,2379786,22,2,23,1,2,4,4,4,8,5,0,0,4,0.0153155699999842,0.0069473889998334,0.0,0.0069473889998334,0.0070522999999411,0.0224262500000804,Optimal,0,none,1.5785281451543174,0,5,100.0,100.0,100.0,2.0,2,0,0,1.0,1.0,1.0,0.961842650606476,2,0,0,1.0,1.0,1.0,0.961842650606476,2,0,0,1.0,1.0,1.0,0.961842650606476,2,0,0,1.0,1.0,1.0,0.961842650606476,4.263099981471896e-05,0,100.0,0,2,1,0.0,0.0,0.0,0,2,1,0.0,0.0,0.0,0,2,1,0.0,0.0,0.0,0,2,1,0.0,0.0,0.0
Visual Genome,2379993,19,0,20,0,5,36,10,36,46,26,0,0,10,0.0155002710002918,0.0083333900001889,0.0,0.0083333900001889,0.0085178330000417,0.024177796999993,Optimal,0,none,4.259810038407645,0,16,100.0,100.0,100.0,2.0,0,5,0,0.0,0.0,0.0,0.0,0,5,0,0.0,0.0,0.0,0.0,0,5,0,0.0,0.0,0.0,0.0,0,5,0,0.0,0.0,0.0,0.0,0.0001329719998466,0,100.0,0,0,0,0.0,0.0,0.0,0,0,0,0.0,0.0,0.0,0,0,0,0.0,0.0,0.0,0,0,0,0.0,0.0,0.0
Visual Genome,2380286,21,1,25,0,3,10,6,10,16,10,0,0,6,0.0139030579998689,0.0068228549998821,0.0,0.0068228549998821,0.0069482999997489,0.020928917999754,Optimal,0,none,2.67391161441803,0,10,100.0,100.0,100.0,2.0,1,2,0,0.3333333333333333,1.0,0.5,0.7216540727958111,1,2,0,0.3333333333333333,1.0,0.5,0.7216540727958111,1,2,0,0.3333333333333333,1.0,0.5,0.7216540727958111,1,2,0,0.3333333333333333,1.0,0.5,0.7216540727958111,5.7713999922270887e-05,0,100.0,0,0,0,0.0,0.0,0.0,0,0,0,0.0,0.0,0.0,0,0,0,0.0,0.0,0.0,0,0,0,0.0,0.0,0.0
Visual Genome,2380294,28,5,44,0,10,162,20,162,182,101,0,0,20,0.0150310130002253,0.0134358240002256,0.0,0.0134358240002256,0.0137533670003904,0.0292837490001147,Optimal,0,none,8.070404768516756,0,31,100.0,100.0,100.0,2.0,5,5,0,0.5,1.0,0.6666666666666666,0.8381764773874426,5,5,0,0.5,1.0,0.6666666666666666,0.8381764773874426,5,5,0,0.5,1.0,0.6666666666666666,0.8381764773874426,5,5,0,0.5,1.0,0.6666666666666666,0.8381764773874426,0.0004515079999691,0,100.0,0,0,0,0.0,0.0,0.0,0,0,0,0.0,0.0,0.0,0,0,0,0.0,0.0,0.0,0,0,0,0.0,0.0,0.0
Visual Genome,2380388,21,0,20,0,6,66,12,66,78,37,0,0,12,0.0146343770002204,0.0094534310001108,0.0,0.0094534310001108,0.0096782489999895,0.0245128090000434,Optimal,0,none,4.699310761813714,0,19,100.0,100.0,100.0,2.0,0,6,0,0.0,0.0,0.0,0.0,0,6,0,0.0,0.0,0.0,0.0,0,6,0,0.0,0.0,0.0,0.0,0,6,0,0.0,0.0,0.0,0.0,0.0001717609998195,0,100.0,0,0,0,0.0,0.0,0.0,0,0,0,0.0,0.0,0.0,0,0,0,0.0,0.0,0.0,0,0,0,0.0,0.0,0.0
Visual Genome,2380673,22,0,5,0,0,0,0,0,0,0,0,0,1,0.0131149689996163,0.0050699939997684,0.0,0.0050699939997684,0.0051059200000054,0.0182360999997399,Optimal,0,none,,0,1,100.0,0.0,0.0,0.0,0,0,0,0.0,0.0,0.0,0.0,0,0,0,0.0,0.0,0.0,0.0,0,0,0,0.0,0.0,0.0,0.0,0,0,0,0.0,0.0,0.0,0.0,9.601999863662058e-06,0,100.0,0,0,0,0.0,0.0,0.0,0,0,0,0.0,0.0,0.0,0,0,0,0.0,0.0,0.0,0,0,0,0.0,0.0,0.0
Visual Genome,2380711,17,1,26,0,2,4,4,4,8,5,0,0,4,0.0142207700000653,0.0066544229998726,0.0,0.0066544229998726,0.0067559190001702,0.0210301819997766,Optimal,0,none,1.4079134376843774,0,5,100.0,100.0,100.0,2.0,1,1,0,0.5,1.0,0.6666666666666666,0.9592121428860978,1,1,0,0.5,1.0,0.6666666666666666,0.9592121428860978,1,1,0,0.5,1.0,0.6666666666666666,0.9592121428860978,1,1,0,0.5,1.0,0.6666666666666666,0.9592121428860978,3.949400024794159e-05,0,100.0,0,0,0,0.0,0.0,0.0,0,0,0,0.0,0.0,0.0,0,0,0,0.0,0.0,0.0,0,0,0,0.0,0.0,0.0
Visual Genome,2380719,27,6,19,0,11,207,22,207,229,122,0,0,22,0.0156263939998098,0.0151616569996804,0.0,0.0151616569996804,0.0155906469999536,0.0318300439998893,Optimal,0,none,9.36569820171251,0,34,100.0,100.0,100.0,2.0,4,7,2,0.3636363636363636,0.6666666666666666,0.4705882352941177,0.7910234209233572,4,7,2,0.3636363636363636,0.6666666666666666,0.4705882352941177,0.7910234209233572,4,7,2,0.3636363636363636,0.6666666666666666,0.4705882352941177,0.7910234209233572,4,7,2,0.3636363636363636,0.6666666666666666,0.4705882352941177,0.7910234209233572,0.000558711999929,0,100.0,0,0,0,0.0,0.0,0.0,0,0,0,0.0,0.0,0.0,0,0,0,0.0,0.0,0.0,0,0,0,0.0,0.0,0.0
Visual Genome,2380732,32,5,39,3,9,127,18,127,145,82,0,0,18,0.0162867270000788,0.0134416389996658,0.0,0.0134416389996658,0.013844292000158,0.0305297650002103,Optimal,0,none,7.780353612206532,0,28,100.0,100.0,100.0,2.0,3,6,2,0.3333333333333333,0.6,0.4285714285714285,0.8815305159523931,3,6,2,0.3333333333333333,0.6,0.4285714285714285,0.8815305159523931,3,6,2,0.3333333333333333,0.6,0.4285714285714285,0.8815305159523931,3,6,2,0.3333333333333333,0.6,0.4285714285714285,0.8815305159523931,0.0003543370003171,0,100.0,0,0,3,0.0,0.0,0.0,0,0,3,0.0,0.0,0.0,0,3,3,0.0,0.0,0.0,0,3,3,0.0,0.0,0.0
Visual Genome,2380910,17,1,26,0,3,11,6,11,17,10,0,0,6,0.0135782590000417,0.0072121359999073,0.0,0.0072121359999073,0.0073638839999148,0.0210176499999761,Optimal,0,none,2.3983079515878174,0,10,100.0,100.0,100.0,2.0,1,2,0,0.3333333333333333,1.0,0.5,0.9155847540428212,1,2,0,0.3333333333333333,1.0,0.5,0.9155847540428212,1,2,0,0.3333333333333333,1.0,0.5,0.9155847540428212,1,2,0,0.3333333333333333,1.0,0.5,0.9155847540428212,5.569700033447589e-05,0,100.0,0,0,0,0.0,0.0,0.0,0,0,0,0.0,0.0,0.0,0,0,0,0.0,0.0,0.0,0,0,0,0.0,0.0,0.0
Visual Genome,2381146,24,1,34,0,4,23,8,23,31,17,0,0,8,0.0164170040002318,0.0104843980002442,0.0,0.0104843980002442,0.0107259149999663,0.0272633710001173,Optimal,0,none,3.453788248527146,0,13,100.0,100.0,100.0,2.0,1,3,0,0.25,1.0,0.4,0.94221015579727,1,3,0,0.25,1.0,0.4,0.94221015579727,1,3,0,0.25,1.0,0.4,0.94221015579727,1,3,0,0.25,1.0,0.4,0.94221015579727,9.346800015919143e-05,0,100.0,0,0,0,0.0,0.0,0.0,0,0,0,0.0,0.0,0.0,0,0,0,0.0,0.0,0.0,0,0,0,0.0,0.0,0.0
Visual Genome,2381575,10,0,27,0,1,0,2,0,2,1,0,0,2,0.0140268530003595,0.0069311530000959,0.0,0.0069311530000959,0.0070003229998292,0.021056481999949,Optimal,0,none,0.5924026886622111,0,2,100.0,100.0,100.0,2.0,0,1,0,0.0,0.0,0.0,0.0,0,1,0,0.0,0.0,0.0,0.0,0,1,0,0.0,0.0,0.0,0.0,0,1,0,0.0,0.0,0.0,0.0,2.137000001312117e-05,0,100.0,0,0,0,0.0,0.0,0.0,0,0,0,0.0,0.0,0.0,0,0,0,0.0,0.0,0.0,0,0,0,0.0,0.0,0.0
Visual Genome,2381641,13,4,21,0,13,277,26,277,303,170,0,0,26,0.0160744650002016,0.0188328160002129,0.0,0.0188328160002129,0.0193772959996749,0.0362181539999255,Optimal,0,none,10.680733380244916,0,40,100.0,100.0,100.0,2.0,3,10,1,0.2307692307692307,0.75,0.3529411764705882,0.7687616785956773,3,10,1,0.2307692307692307,0.75,0.3529411764705882,0.7687616785956773,3,10,1,0.2307692307692307,0.75,0.3529411764705882,0.7687616785956773,3,10,1,0.2307692307692307,0.75,0.3529411764705882,0.7687616785956773,0.0007086359996719,0,100.0,0,0,0,0.0,0.0,0.0,0,0,0,0.0,0.0,0.0,0,0,0,0.0,0.0,0.0,0,0,0,0.0,0.0,0.0
Visual Genome,2382289,16,0,28,0,2,2,4,2,6,5,0,0,4,0.0154819510003108,0.0073607849999461,0.0,0.0073607849999461,0.0074712420000651,0.0230060510002658,Optimal,0,none,1.378852883179983,0,5,100.0,100.0,100.0,2.0,0,2,0,0.0,0.0,0.0,0.0,0,2,0,0.0,0.0,0.0,0.0,0,2,0,0.0,0.0,0.0,0.0,0,2,0,0.0,0.0,0.0,0.0,3.723700001501129e-05,0,100.0,0,0,0,0.0,0.0,0.0,0,0,0,0.0,0.0,0.0,0,0,0,0.0,0.0,0.0,0,0,0,0.0,0.0,0.0
Visual Genome,2382368,24,2,6,0,6,52,12,52,64,37,0,0,12,0.0153396929999871,0.009704653999961,0.0,0.009704653999961,0.0099343759998191,0.0254770229998939,Optimal,0,none,4.961906766891481,0,19,100.0,100.0,100.0,2.0,1,5,1,0.1666666666666666,0.5,0.25,0.5900527047356758,1,5,1,0.1666666666666666,0.5,0.25,0.5900527047356758,1,5,1,0.1666666666666666,0.5,0.25,0.5900527047356758,1,5,1,0.1666666666666666,0.5,0.25,0.5900527047356758,0.0001697009997769,0,100.0,0,0,0,0.0,0.0,0.0,0,0,0,0.0,0.0,0.0,0,0,0,0.0,0.0,0.0,0,0,0,0.0,0.0,0.0
Visual Genome,2382609,23,2,36,0,13,283,26,283,309,170,0,0,26,0.017723511999975,0.0203487300000233,0.0,0.0203487300000233,0.0209127169996463,0.0394103439998616,Optimal,0,none,10.90836806493476,0,40,100.0,100.0,100.0,2.0,1,12,1,0.0769230769230769,0.5,0.1333333333333333,0.9362432005506064,1,12,1,0.0769230769230769,0.5,0.1333333333333333,0.9362432005506064,1,12,1,0.0769230769230769,0.5,0.1333333333333333,0.9362432005506064,1,12,1,0.0769230769230769,0.5,0.1333333333333333,0.9362432005506064,0.0007104300002538,0,100.0,0,0,0,0.0,0.0,0.0,0,0,0,0.0,0.0,0.0,0,0,0,0.0,0.0,0.0,0,0,0,0.0,0.0,0.0
Visual Genome,2382779,23,1,32,0,1,0,2,0,2,1,0,0,2,0.0150515609998365,0.0063660900000286,0.0,0.0063660900000286,0.0064556150000498,0.0215501379998386,Optimal,0,none,0.621933929125468,0,2,100.0,100.0,100.0,2.0,1,0,0,1.0,1.0,1.0,0.9366134492685652,1,0,0,1.0,1.0,1.0,0.9366134492685652,1,0,0,1.0,1.0,1.0,0.9366134492685652,1,0,0,1.0,1.0,1.0,0.9366134492685652,3.467400028966949e-05,0,100.0,0,0,0,0.0,0.0,0.0,0,0,0,0.0,0.0,0.0,0,0,0,0.0,0.0,0.0,0,0,0,0.0,0.0,0.0
Visual Genome,2382880,22,2,34,1,2,2,4,2,6,5,0,0,4,0.0154702780000661,0.0076414889999796,0.0,0.0076414889999796,0.007742381999833,0.0232757650001076,Optimal,0,none,1.5364444382985432,0,5,100.0,100.0,100.0,2.0,2,0,0,1.0,1.0,1.0,0.9644299972906968,2,0,0,1.0,1.0,1.0,0.9644299972906968,2,0,0,1.0,1.0,1.0,0.9644299972906968,2,0,0,1.0,1.0,1.0,0.9644299972906968,3.5104999824397964e-05,0,100.0,0,2,1,0.0,0.0,0.0,0,2,1,0.0,0.0,0.0,0,2,1,0.0,0.0,0.0,0,2,1,0.0,0.0,0.0
Visual Genome,2383143,46,3,17,1,2,2,4,2,6,5,0,0,4,0.0155062629996791,0.0068378569999367,0.0,0.0068378569999367,0.0069394380002449,0.0224975659998563,Optimal,0,none,1.2676314123471577,0,5,100.0,100.0,100.0,2.0,1,1,2,0.5,0.3333333333333333,0.4,0.8967788408006196,1,1,2,0.5,0.3333333333333333,0.4,0.8967788408006196,1,1,2,0.5,0.3333333333333333,0.4,0.8967788408006196,1,1,2,0.5,0.3333333333333333,0.4,0.8967788408006196,3.662599965537083e-05,0,100.0,0,0,1,0.0,0.0,0.0,0,0,1,0.0,0.0,0.0,0,0,1,0.0,0.0,0.0,0,0,1,0.0,0.0,0.0
Visual Genome,2383321,16,1,8,0,4,26,8,26,34,17,0,0,8,0.0156147669999882,0.0084850509997522,0.0,0.0084850509997522,0.0086523680001846,0.0243923749999339,Optimal,0,none,3.5203962794939687,0,13,100.0,100.0,100.0,2.0,1,3,0,0.25,1.0,0.4,0.9453517630809188,1,3,0,0.25,1.0,0.4,0.9453517630809188,1,3,0,0.25,1.0,0.4,0.9453517630809188,1,3,0,0.25,1.0,0.4,0.9453517630809188,9.938999983205576e-05,0,100.0,0,0,0,0.0,0.0,0.0,0,0,0,0.0,0.0,0.0,0,0,0,0.0,0.0,0.0,0,0,0,0.0,0.0,0.0
Visual Genome,2383979,18,2,12,0,4,22,8,22,30,17,0,0,8,0.0157768320000286,0.0073723740001696,0.0,0.0073723740001696,0.0075178829997639,0.0235323720003179,Optimal,0,none,3.2284246293703727,0,13,100.0,100.0,100.0,2.0,1,3,1,0.25,0.5,0.3333333333333333,0.5570951727689705,1,3,1,0.25,0.5,0.3333333333333333,0.5570951727689705,1,3,1,0.25,0.5,0.3333333333333333,0.5570951727689705,1,3,1,0.25,0.5,0.3333333333333333,0.5570951727689705,0.0002074980002362,0,100.0,0,0,0,0.0,0.0,0.0,0,0,0,0.0,0.0,0.0,0,0,0,0.0,0.0,0.0,0,0,0,0.0,0.0,0.0
Visual Genome,2383998,26,0,31,0,2,2,4,2,6,5,0,0,4,0.0136626329999671,0.0072794350003277,0.0,0.0072794350003277,0.0073797079999167,0.0210912829998051,Optimal,0,none,1.525738433202108,0,5,100.0,100.0,100.0,2.0,0,2,0,0.0,0.0,0.0,0.0,0,2,0,0.0,0.0,0.0,0.0,0,2,0,0.0,0.0,0.0,0.0,0,2,0,0.0,0.0,0.0,0.0,3.516999959174427e-05,0,100.0,0,0,0,0.0,0.0,0.0,0,0,0,0.0,0.0,0.0,0,0,0,0.0,0.0,0.0,0,0,0,0.0,0.0,0.0
Visual Genome,2384583,18,0,12,0,1,0,2,0,2,1,0,0,2,0.0135409129998151,0.0066301500000918,0.0,0.0066301500000918,0.0067002810001213,0.0202703400000245,Optimal,0,none,0.6069163719813029,0,2,100.0,100.0,100.0,2.0,0,1,0,0.0,0.0,0.0,0.0,0,1,0,0.0,0.0,0.0,0.0,0,1,0,0.0,0.0,0.0,0.0,0,1,0,0.0,0.0,0.0,0.0,2.134099986506044e-05,0,100.0,0,0,0,0.0,0.0,0.0,0,0,0,0.0,0.0,0.0,0,0,0,0.0,0.0,0.0,0,0,0,0.0,0.0,0.0
Visual Genome,2384873,21,2,29,0,3,12,6,12,18,10,0,0,6,0.0143995260000338,0.0073936260000664,0.0,0.0073936260000664,0.007542820999788,0.0220319649997691,Optimal,0,none,2.293894689431352,0,10,100.0,100.0,100.0,2.0,0,3,2,0.0,0.0,0.0,0.6239795399151861,0,3,2,0.0,0.0,0.0,0.6239795399151861,0,3,2,0.0,0.0,0.0,0.6239795399151861,0,3,2,0.0,0.0,0.0,0.6239795399151861,6.666399985988392e-05,0,100.0,0,0,0,0.0,0.0,0.0,0,0,0,0.0,0.0,0.0,0,0,0,0.0,0.0,0.0,0,0,0,0.0,0.0,0.0
Visual Genome,2384897,18,0,22,0,4,24,8,24,32,17,0,0,8,0.0145959019996553,0.0079932859998734,0.0,0.0079932859998734,0.0081518259999029,0.0228645879997202,Optimal,0,none,3.808010106481235,0,13,100.0,100.0,100.0,2.0,0,4,0,0.0,0.0,0.0,0.0,0,4,0,0.0,0.0,0.0,0.0,0,4,0,0.0,0.0,0.0,0.0,0,4,0,0.0,0.0,0.0,0.0,9.362499986309558e-05,0,100.0,0,0,0,0.0,0.0,0.0,0,0,0,0.0,0.0,0.0,0,0,0,0.0,0.0,0.0,0,0,0,0.0,0.0,0.0
Visual Genome,2385235,25,0,33,0,0,0,0,0,0,0,0,0,1,0.0133612040003754,0.0054574470000261,0.0,0.0054574470000261,0.0054960710003797,0.0188744040001438,Optimal,0,none,,0,1,100.0,0.0,0.0,0.0,0,0,0,0.0,0.0,0.0,0.0,0,0,0,0.0,0.0,0.0,0.0,0,0,0,0.0,0.0,0.0,0.0,0,0,0,0.0,0.0,0.0,0.0,1.118199998018099e-05,0,100.0,0,0,0,0.0,0.0,0.0,0,0,0,0.0,0.0,0.0,0,0,0,0.0,0.0,0.0,0,0,0,0.0,0.0,0.0
Visual Genome,2385443,5,0,12,0,3,12,6,12,18,10,0,0,6,0.014813672999935,0.0071541279999109,0.0,0.0071541279999109,0.0072954299998855,0.0221984829995562,Optimal,0,none,2.750568981170655,0,10,100.0,100.0,100.0,2.0,0,3,0,0.0,0.0,0.0,0.0,0,3,0,0.0,0.0,0.0,0.0,0,3,0,0.0,0.0,0.0,0.0,0,3,0,0.0,0.0,0.0,0.0,6.591999999727705e-05,0,100.0,0,0,0,0.0,0.0,0.0,0,0,0,0.0,0.0,0.0,0,0,0,0.0,0.0,0.0,0,0,0,0.0,0.0,0.0
Visual Genome,2386236,9,0,26,0,3,8,6,8,14,10,0,0,6,0.0156099889995857,0.0092379830002755,0.0,0.0092379830002755,0.0093736730000273,0.025060972999654,Optimal,0,none,2.203212458743578,0,10,100.0,100.0,100.0,2.0,0,3,0,0.0,0.0,0.0,0.0,0,3,0,0.0,0.0,0.0,0.0,0,3,0,0.0,0.0,0.0,0.0,0,3,0,0.0,0.0,0.0,0.0,5.44360000276356e-05,0,100.0,0,0,0,0.0,0.0,0.0,0,0,0,0.0,0.0,0.0,0,0,0,0.0,0.0,0.0,0,0,0,0.0,0.0,0.0
Visual Genome,2386409,21,0,18,0,1,0,2,0,2,1,0,0,2,0.0148102600001038,0.0063766389998818,0.0,0.0063766389998818,0.0064467449997209,0.0212861680001879,Optimal,0,none,0.621640960375468,0,2,100.0,100.0,100.0,2.0,0,1,0,0.0,0.0,0.0,0.0,0,1,0,0.0,0.0,0.0,0.0,0,1,0,0.0,0.0,0.0,0.0,0,1,0,0.0,0.0,0.0,0.0,2.1117999949638037e-05,0,100.0,0,0,0,0.0,0.0,0.0,0,0,0,0.0,0.0,0.0,0,0,0,0.0,0.0,0.0,0,0,0,0.0,0.0,0.0
Visual Genome,2386658,24,0,18,0,1,0,2,0,2,1,0,0,2,0.0133258259998001,0.0061804930001017,0.0,0.0061804930001017,0.0062504269999408,0.0196049049995963,Optimal,0,none,0.6265020291010539,0,2,100.0,100.0,100.0,2.0,0,1,0,0.0,0.0,0.0,0.0,0,1,0,0.0,0.0,0.0,0.0,0,1,0,0.0,0.0,0.0,0.0,0,1,0,0.0,0.0,0.0,0.0,2.0961000245733885e-05,0,100.0,0,0,0,0.0,0.0,0.0,0,0,0,0.0,0.0,0.0,0,0,0,0.0,0.0,0.0,0,0,0,0.0,0.0,0.0
Visual Genome,2386697,22,0,37,0,1,0,2,0,2,1,0,0,2,0.0133963130001575,0.0075745260000985,0.0,0.0075745260000985,0.0076527819996954,0.0210811189999731,Optimal,0,none,0.6049474636713663,0,2,100.0,100.0,100.0,2.0,0,1,0,0.0,0.0,0.0,0.0,0,1,0,0.0,0.0,0.0,0.0,0,1,0,0.0,0.0,0.0,0.0,0,1,0,0.0,0.0,0.0,0.0,2.3121000140235992e-05,0,100.0,0,0,0,0.0,0.0,0.0,0,0,0,0.0,0.0,0.0,0,0,0,0.0,0.0,0.0,0,0,0,0.0,0.0,0.0
Visual Genome,2387359,44,0,38,0,8,110,16,110,126,65,0,0,16,0.014874797000175,0.0113740300002973,0.0,0.0113740300002973,0.0116744330002802,0.0268918410001788,Optimal,0,none,6.594341915448509,0,25,100.0,100.0,100.0,2.0,0,8,0,0.0,0.0,0.0,0.0,0,8,0,0.0,0.0,0.0,0.0,0,8,0,0.0,0.0,0.0,0.0,0,8,0,0.0,0.0,0.0,0.0,0.0003034880000996,0,100.0,0,0,0,0.0,0.0,0.0,0,0,0,0.0,0.0,0.0,0,0,0,0.0,0.0,0.0,0,0,0,0.0,0.0,0.0
Visual Genome,2387380,30,0,36,0,1,0,2,0,2,1,0,0,2,0.013411145000191,0.0063533100001222,0.0,0.0063533100001222,0.0064211489998342,0.0198603600001661,Optimal,0,none,0.6316531340281168,0,2,100.0,100.0,100.0,2.0,0,1,0,0.0,0.0,0.0,0.0,0,1,0,0.0,0.0,0.0,0.0,0,1,0,0.0,0.0,0.0,0.0,0,1,0,0.0,0.0,0.0,0.0,2.054200012935325e-05,0,100.0,0,0,0,0.0,0.0,0.0,0,0,0,0.0,0.0,0.0,0,0,0,0.0,0.0,0.0,0,0,0,0.0,0.0,0.0
Visual Genome,2387453,11,1,4,0,10,170,20,170,190,101,0,0,20,0.016157586999725,0.0156306889998631,0.0,0.0156306889998631,0.0160497060001034,0.0327870510000138,Optimal,0,none,8.792570515245602,0,31,100.0,100.0,100.0,2.0,1,9,0,0.1,1.0,0.1818181818181818,0.9271578025397303,1,9,0,0.1,1.0,0.1818181818181818,0.9271578025397303,1,9,0,0.1,1.0,0.1818181818181818,0.9271578025397303,1,9,0,0.1,1.0,0.1818181818181818,0.9271578025397303,0.0005178730002626,0,100.0,0,0,0,0.0,0.0,0.0,0,0,0,0.0,0.0,0.0,0,0,0,0.0,0.0,0.0,0,0,0,0.0,0.0,0.0
Visual Genome,2387511,27,2,13,0,1,0,2,0,2,1,0,0,2,0.0138061520001429,0.0067060100000162,0.0,0.0067060100000162,0.0067799879998347,0.0206161639998754,Optimal,0,none,0.6414102474848429,0,2,100.0,100.0,100.0,2.0,1,0,1,1.0,0.5,0.6666666666666666,0.9480294866598884,1,0,1,1.0,0.5,0.6666666666666666,0.9480294866598884,1,0,1,1.0,0.5,0.6666666666666666,0.9480294866598884,1,0,1,1.0,0.5,0.6666666666666666,0.9480294866598884,2.2104999970906647e-05,0,100.0,0,0,0,0.0,0.0,0.0,0,0,0,0.0,0.0,0.0,0,0,0,0.0,0.0,0.0,0,0,0,0.0,0.0,0.0
Visual Genome,2388051,21,2,14,0,3,8,6,8,14,10,0,0,6,0.015214356999877,0.0072061999999277,0.0,0.0072061999999277,0.0073364820000279,0.0226395329996194,Optimal,0,none,2.4113866223118774,0,10,100.0,100.0,100.0,2.0,2,1,0,0.6666666666666666,1.0,0.8,0.6772746660054639,2,1,0,0.6666666666666666,1.0,0.8,0.6772746660054639,2,1,0,0.6666666666666666,1.0,0.8,0.6772746660054639,2,1,0,0.6666666666666666,1.0,0.8,0.6772746660054639,5.399700012276298e-05,0,100.0,0,0,0,0.0,0.0,0.0,0,0,0,0.0,0.0,0.0,0,0,0,0.0,0.0,0.0,0,0,0,0.0,0.0,0.0
Visual Genome,2388069,25,1,27,0,3,10,6,10,16,10,0,0,6,0.0125439120001829,0.0068209650003154,0.0,0.0068209650003154,0.0069514609999714,0.019578471999921,Optimal,0,none,2.4880364966392525,0,10,100.0,100.0,100.0,2.0,0,3,1,0.0,0.0,0.0,0.0,0,3,1,0.0,0.0,0.0,0.0,0,3,1,0.0,0.0,0.0,0.0,0,3,1,0.0,0.0,0.0,0.0,6.142900019767694e-05,0,100.0,0,0,0,0.0,0.0,0.0,0,0,0,0.0,0.0,0.0,0,0,0,0.0,0.0,0.0,0,0,0,0.0,0.0,0.0
Visual Genome,2388190,11,2,9,0,5,38,10,38,48,26,0,0,10,0.0144758719998208,0.0089684890003809,0.0,0.0089684890003809,0.0091527330000644,0.0237763909999557,Optimal,0,none,4.101579666932425,0,16,100.0,100.0,100.0,2.0,1,4,1,0.2,0.5,0.2857142857142857,0.9104290135329718,1,4,1,0.2,0.5,0.2857142857142857,0.9104290135329718,1,4,1,0.2,0.5,0.2857142857142857,0.9104290135329718,1,4,1,0.2,0.5,0.2857142857142857,0.9104290135329718,0.0001207159998557,0,100.0,0,0,0,0.0,0.0,0.0,0,0,0,0.0,0.0,0.0,0,0,0,0.0,0.0,0.0,0,0,0,0.0,0.0,0.0
Visual Genome,2388367,19,1,11,0,5,43,10,43,53,26,0,0,10,0.01670973399996,0.0095212510000237,0.0,0.0095212510000237,0.0097328699998797,0.0266182219997972,Optimal,0,none,4.118728143534977,0,16,100.0,100.0,100.0,2.0,1,4,0,0.2,1.0,0.3333333333333333,0.8776213506291872,1,4,0,0.2,1.0,0.3333333333333333,0.8776213506291872,1,4,0,0.2,1.0,0.3333333333333333,0.8776213506291872,1,4,0,0.2,1.0,0.3333333333333333,0.8776213506291872,0.0001457829998798,0,100.0,0,0,0,0.0,0.0,0.0,0,0,0,0.0,0.0,0.0,0,0,0,0.0,0.0,0.0,0,0,0,0.0,0.0,0.0
Visual Genome,2388946,18,2,13,0,4,21,8,21,29,17,0,0,8,0.0145672830003604,0.007707357000072,0.0,0.007707357000072,0.007869563999975,0.0225532060003388,Optimal,0,none,3.33158811012904,0,13,100.0,100.0,100.0,2.0,2,2,0,0.5,1.0,0.6666666666666666,0.6703326216018306,2,2,0,0.5,1.0,0.6666666666666666,0.6703326216018306,2,2,0,0.5,1.0,0.6666666666666666,0.6703326216018306,2,2,0,0.5,1.0,0.6666666666666666,0.6703326216018306,9.05179999790562e-05,0,100.0,0,0,0,0.0,0.0,0.0,0,0,0,0.0,0.0,0.0,0,0,0,0.0,0.0,0.0,0,0,0,0.0,0.0,0.0
Visual Genome,2389025,2,0,1,0,30,1671,60,1671,1731,901,0,0,60,0.0237908619997142,0.0726391570001396,0.0,0.0726391570001396,0.0743365499997708,0.1018279009999787,Optimal,0,none,24.15779378574524,0,91,100.0,100.0,100.0,2.0,0,30,0,0.0,0.0,0.0,0.0,0,30,0,0.0,0.0,0.0,0.0,0,30,0,0.0,0.0,0.0,0.0,0,30,0,0.0,0.0,0.0,0.0,0.0035733969998545,0,100.0,0,0,0,0.0,0.0,0.0,0,0,0,0.0,0.0,0.0,0,0,0,0.0,0.0,0.0,0,0,0,0.0,0.0,0.0
Visual Genome,2389145,36,6,38,1,8,108,16,108,124,65,0,0,16,0.0153177629999845,0.0112779750002118,0.0,0.0112779750002118,0.0115335410000625,0.0271312560003025,Optimal,0,none,6.644140249093375,0,25,100.0,100.0,100.0,2.0,4,4,2,0.5,0.6666666666666666,0.5714285714285715,0.7307540873696319,4,4,2,0.5,0.6666666666666666,0.5714285714285715,0.7307540873696319,4,4,2,0.5,0.6666666666666666,0.5714285714285715,0.7307540873696319,4,4,2,0.5,0.6666666666666666,0.5714285714285715,0.7307540873696319,0.0002476880003996,0,100.0,0,1,1,0.0,0.0,0.0,0,2,1,0.0,0.0,0.0,0,3,1,0.0,0.0,0.0,0,3,1,0.0,0.0,0.0
Visual Genome,2389222,14,0,6,0,2,4,4,4,8,5,0,0,4,0.0143135520002033,0.0069558750001306,0.0,0.0069558750001306,0.0070536789999096,0.0214169079999919,Optimal,0,none,1.5069041045506797,0,5,100.0,100.0,100.0,2.0,0,2,0,0.0,0.0,0.0,0.0,0,2,0,0.0,0.0,0.0,0.0,0,2,0,0.0,0.0,0.0,0.0,0,2,0,0.0,0.0,0.0,0.0,3.725099986695568e-05,0,100.0,0,0,0,0.0,0.0,0.0,0,0,0,0.0,0.0,0.0,0,0,0,0.0,0.0,0.0,0,0,0,0.0,0.0,0.0
Visual Genome,2389596,21,0,26,0,2,6,4,6,10,5,0,0,4,0.0156771590000062,0.0080964180001501,0.0,0.0080964180001501,0.0082147089997306,0.0239609179998296,Optimal,0,none,1.568364408810934,0,5,100.0,100.0,100.0,2.0,0,2,0,0.0,0.0,0.0,0.0,0,2,0,0.0,0.0,0.0,0.0,0,2,0,0.0,0.0,0.0,0.0,0,2,0,0.0,0.0,0.0,0.0,5.356400015443796e-05,0,100.0,0,0,0,0.0,0.0,0.0,0,0,0,0.0,0.0,0.0,0,0,0,0.0,0.0,0.0,0,0,0,0.0,0.0,0.0
Visual Genome,2390045,12,1,7,0,4,23,8,23,31,17,0,0,8,0.014448593000452,0.0100616180002361,0.0,0.0100616180002361,0.0102196880002338,0.024788601000182,Optimal,0,none,3.42941322485606,0,13,100.0,100.0,100.0,2.0,1,3,0,0.25,1.0,0.4,0.9443840321725908,1,3,0,0.25,1.0,0.4,0.9443840321725908,1,3,0,0.25,1.0,0.4,0.9443840321725908,1,3,0,0.25,1.0,0.4,0.9443840321725908,9.480199969402749e-05,0,100.0,0,0,0,0.0,0.0,0.0,0,0,0,0.0,0.0,0.0,0,0,0,0.0,0.0,0.0,0,0,0,0.0,0.0,0.0
Visual Genome,2390293,23,1,14,0,2,4,4,4,8,5,0,0,4,0.0140343889997893,0.0069341190001068,0.0,0.0069341190001068,0.007038219000151,0.0211311129996829,Optimal,0,none,1.5290918620427454,0,5,100.0,100.0,100.0,2.0,1,1,0,0.5,1.0,0.6666666666666666,0.9538427338742848,1,1,0,0.5,1.0,0.6666666666666666,0.9538427338742848,1,1,0,0.5,1.0,0.6666666666666666,0.9538427338742848,1,1,0,0.5,1.0,0.6666666666666666,0.9538427338742848,4.336900019552559e-05,0,100.0,0,0,0,0.0,0.0,0.0,0,0,0,0.0,0.0,0.0,0,0,0,0.0,0.0,0.0,0,0,0,0.0,0.0,0.0
Visual Genome,2390699,27,2,2,0,8,102,16,102,118,65,0,0,16,0.0134348380001938,0.0104090449999603,0.0,0.0104090449999603,0.0106605579999268,0.0243806550001863,Optimal,0,none,7.278147247246076,0,25,100.0,100.0,100.0,2.0,2,6,0,0.25,1.0,0.4,0.9170420031123248,2,6,0,0.25,1.0,0.4,0.9170420031123248,2,6,0,0.25,1.0,0.4,0.9170420031123248,2,6,0,0.25,1.0,0.4,0.9170420031123248,0.0002495400003681,0,100.0,0,0,0,0.0,0.0,0.0,0,0,0,0.0,0.0,0.0,0,0,0,0.0,0.0,0.0,0,0,0,0.0,0.0,0.0
Visual Genome,2391028,29,0,16,0,3,14,6,14,20,10,0,0,6,0.0150715730001138,0.0071575639999537,0.0,0.0071575639999537,0.0072953199996845,0.0224691060002442,Optimal,0,none,2.417169711589814,0,10,100.0,100.0,100.0,2.0,0,3,0,0.0,0.0,0.0,0.0,0,3,0,0.0,0.0,0.0,0.0,0,3,0,0.0,0.0,0.0,0.0,0,3,0,0.0,0.0,0.0,0.0,8.189899972421699e-05,0,100.0,0,0,0,0.0,0.0,0.0,0,0,0,0.0,0.0,0.0,0,0,0,0.0,0.0,0.0,0,0,0,0.0,0.0,0.0
Visual Genome,2391050,12,1,2,0,14,306,28,306,334,197,0,0,28,0.0163717909999832,0.0182496799998261,0.0,0.0182496799998261,0.0187367579997044,0.0358688100000108,Optimal,0,none,11.533840050951405,0,43,100.0,100.0,100.0,2.0,1,13,0,0.0714285714285714,1.0,0.1333333333333333,0.7493429973622909,1,13,0,0.0714285714285714,1.0,0.1333333333333333,0.7493429973622909,1,13,0,0.0714285714285714,1.0,0.1333333333333333,0.7493429973622909,1,13,0,0.0714285714285714,1.0,0.1333333333333333,0.7493429973622909,0.0007013049998931,0,100.0,0,0,0,0.0,0.0,0.0,0,0,0,0.0,0.0,0.0,0,0,0,0.0,0.0,0.0,0,0,0,0.0,0.0,0.0
Visual Genome,2392484,4,0,13,0,4,20,8,20,28,17,0,0,8,0.0136858920000122,0.0077580820002367,0.0,0.0077580820002367,0.0079105029999482,0.0216989479999938,Optimal,0,none,3.5964749112637744,0,13,100.0,100.0,100.0,2.0,0,4,0,0.0,0.0,0.0,0.0,0,4,0,0.0,0.0,0.0,0.0,0,4,0,0.0,0.0,0.0,0.0,0,4,0,0.0,0.0,0.0,0.0,8.023100008358597e-05,0,100.0,0,0,0,0.0,0.0,0.0,0,0,0,0.0,0.0,0.0,0,0,0,0.0,0.0,0.0,0,0,0,0.0,0.0,0.0
Visual Genome,2392623,14,0,20,0,2,2,4,2,6,5,0,0,4,0.0133960619996287,0.0067101129998263,0.0,0.0067101129998263,0.0068222100003367,0.020263717999569,Optimal,0,none,1.3860303290685017,0,5,100.0,100.0,100.0,2.0,0,2,0,0.0,0.0,0.0,0.0,0,2,0,0.0,0.0,0.0,0.0,0,2,0,0.0,0.0,0.0,0.0,0,2,0,0.0,0.0,0.0,0.0,3.233799998270115e-05,0,100.0,0,0,0,0.0,0.0,0.0,0,0,0,0.0,0.0,0.0,0,0,0,0.0,0.0,0.0,0,0,0,0.0,0.0,0.0
Visual Genome,2393640,14,0,27,0,1,0,2,0,2,1,0,0,2,0.0131317259997558,0.006849733999843,0.0,0.006849733999843,0.006921455000338,0.0200837369998225,Optimal,0,none,0.5941985766092936,0,2,100.0,100.0,100.0,2.0,0,1,0,0.0,0.0,0.0,0.0,0,1,0,0.0,0.0,0.0,0.0,0,1,0,0.0,0.0,0.0,0.0,0,1,0,0.0,0.0,0.0,0.0,2.261300005557132e-05,0,100.0,0,0,0,0.0,0.0,0.0,0,0,0,0.0,0.0,0.0,0,0,0,0.0,0.0,0.0,0,0,0,0.0,0.0,0.0
Visual Genome,2393968,39,1,79,0,1,0,2,0,2,1,0,0,2,0.0155865880001329,0.0063847809997241,0.0,0.0063847809997241,0.0064540070002294,0.0220688360000167,Optimal,0,none,0.4512953917185465,0,2,100.0,100.0,100.0,2.0,0,1,1,0.0,0.0,0.0,0.0,0,1,1,0.0,0.0,0.0,0.0,0,1,1,0.0,0.0,0.0,0.0,0,1,1,0.0,0.0,0.0,0.0,2.0778000362042803e-05,0,100.0,0,0,0,0.0,0.0,0.0,0,0,0,0.0,0.0,0.0,0,0,0,0.0,0.0,0.0,0,0,0,0.0,0.0,0.0
Visual Genome,2394145,40,1,44,0,2,4,4,4,8,5,0,0,4,0.0141525349999938,0.0064340099997934,0.0,0.0064340099997934,0.0065387079998799,0.0207567809998181,Optimal,0,none,1.4575288565953577,0,5,100.0,100.0,100.0,2.0,0,2,1,0.0,0.0,0.0,0.0,0,2,1,0.0,0.0,0.0,0.0,0,2,1,0.0,0.0,0.0,0.0,0,2,1,0.0,0.0,0.0,0.0,5.073500005892129e-05,0,100.0,0,0,0,0.0,0.0,0.0,0,0,0,0.0,0.0,0.0,0,0,0,0.0,0.0,0.0,0,0,0,0.0,0.0,0.0
Visual Genome,2394523,16,0,28,0,1,0,2,0,2,1,0,0,2,0.0138800160002574,0.0073551269997551,0.0,0.0073551269997551,0.0074371289997543,0.021345440999994,Optimal,0,none,0.6502946535746257,0,2,100.0,100.0,100.0,2.0,0,1,0,0.0,0.0,0.0,0.0,0,1,0,0.0,0.0,0.0,0.0,0,1,0,0.0,0.0,0.0,0.0,0,1,0,0.0,0.0,0.0,0.0,2.0769999991898654e-05,0,100.0,0,0,0,0.0,0.0,0.0,0,0,0,0.0,0.0,0.0,0,0,0,0.0,0.0,0.0,0,0,0,0.0,0.0,0.0
Visual Genome,2395092,29,3,48,0,8,100,16,100,116,65,0,0,16,0.0158726800000295,0.011908041999959,0.0,0.011908041999959,0.0122610480002549,0.0284555369998997,Optimal,0,none,6.918275621732079,0,25,100.0,100.0,100.0,2.0,2,6,1,0.25,0.6666666666666666,0.3636363636363636,0.7754447371587372,2,6,1,0.25,0.6666666666666666,0.3636363636363636,0.7754447371587372,2,6,1,0.25,0.6666666666666666,0.3636363636363636,0.7754447371587372,2,6,1,0.25,0.6666666666666666,0.3636363636363636,0.7754447371587372,0.0002788159999909,0,100.0,0,0,0,0.0,0.0,0.0,0,0,0,0.0,0.0,0.0,0,0,0,0.0,0.0,0.0,0,0,0,0.0,0.0,0.0
Visual Genome,2395198,10,0,20,0,0,0,0,0,0,0,0,0,1,0.0119591429997854,0.0054435120000562,0.0,0.0054435120000562,0.0054803279999759,0.0174540739999429,Optimal,0,none,,0,1,100.0,0.0,0.0,0.0,0,0,0,0.0,0.0,0.0,0.0,0,0,0,0.0,0.0,0.0,0.0,0,0,0,0.0,0.0,0.0,0.0,0,0,0,0.0,0.0,0.0,0.0,9.683000371296656e-06,0,100.0,0,0,0,0.0,0.0,0.0,0,0,0,0.0,0.0,0.0,0,0,0,0.0,0.0,0.0,0,0,0,0.0,0.0,0.0
Visual Genome,2395697,6,0,4,0,4,21,8,21,29,17,0,0,8,0.014452701999744,0.0078338450002775,0.0,0.0078338450002775,0.0079787920003582,0.022530061999987,Optimal,0,none,3.6482866921911934,0,13,100.0,100.0,100.0,2.0,0,4,0,0.0,0.0,0.0,0.0,0,4,0,0.0,0.0,0.0,0.0,0,4,0,0.0,0.0,0.0,0.0,0,4,0,0.0,0.0,0.0,0.0,7.638299985046615e-05,0,100.0,0,0,0,0.0,0.0,0.0,0,0,0,0.0,0.0,0.0,0,0,0,0.0,0.0,0.0,0,0,0,0.0,0.0,0.0
Visual Genome,2395770,16,0,8,0,2,4,4,4,8,5,0,0,4,0.0152883360001396,0.0064826020002328,0.0,0.0064826020002328,0.0065984080001726,0.0219400959999802,Optimal,0,none,1.370866456826528,0,5,100.0,100.0,100.0,2.0,0,2,0,0.0,0.0,0.0,0.0,0,2,0,0.0,0.0,0.0,0.0,0,2,0,0.0,0.0,0.0,0.0,0,2,0,0.0,0.0,0.0,0.0,3.958200022680103e-05,0,100.0,0,0,0,0.0,0.0,0.0,0,0,0,0.0,0.0,0.0,0,0,0,0.0,0.0,0.0,0,0,0,0.0,0.0,0.0
Visual Genome,2395864,23,0,15,0,3,10,6,10,16,10,0,0,6,0.0138172920001125,0.0071599149996472,0.0,0.0071599149996472,0.007283622000159,0.0212043440001252,Optimal,0,none,2.708591074943543,0,10,100.0,100.0,100.0,2.0,0,3,0,0.0,0.0,0.0,0.0,0,3,0,0.0,0.0,0.0,0.0,0,3,0,0.0,0.0,0.0,0.0,0,3,0,0.0,0.0,0.0,0.0,8.254200020019198e-05,0,100.0,0,0,0,0.0,0.0,0.0,0,0,0,0.0,0.0,0.0,0,0,0,0.0,0.0,0.0,0,0,0,0.0,0.0,0.0
Visual Genome,2396008,21,0,21,0,3,10,6,10,16,10,0,0,6,0.0164967170003365,0.0077057029998286,0.0,0.0077057029998286,0.0078559519997725,0.0244411540002147,Optimal,0,none,2.278009399491381,0,10,100.0,100.0,100.0,2.0,0,3,0,0.0,0.0,0.0,0.0,0,3,0,0.0,0.0,0.0,0.0,0,3,0,0.0,0.0,0.0,0.0,0,3,0,0.0,0.0,0.0,0.0,6.834299983893288e-05,0,100.0,0,0,0,0.0,0.0,0.0,0,0,0,0.0,0.0,0.0,0,0,0,0.0,0.0,0.0,0,0,0,0.0,0.0,0.0
Visual Genome,2396300,49,2,59,1,2,4,4,4,8,5,0,0,4,0.0136478140002509,0.0067064189997836,0.0,0.0067064189997836,0.0068025830000806,0.0205199410002023,Optimal,0,none,1.3467780621846517,0,5,100.0,100.0,100.0,2.0,1,1,1,0.5,0.5,0.5,0.9101042150971752,1,1,1,0.5,0.5,0.5,0.9101042150971752,1,1,1,0.5,0.5,0.5,0.9101042150971752,1,1,1,0.5,0.5,0.5,0.9101042150971752,5.5759999668225646e-05,0,100.0,0,0,1,0.0,0.0,0.0,0,0,1,0.0,0.0,0.0,0,0,1,0.0,0.0,0.0,0,0,1,0.0,0.0,0.0
Visual Genome,2396794,12,0,17,0,0,0,0,0,0,0,0,0,1,0.0113166379996982,0.0051474580000103,0.0,0.0051474580000103,0.0051862599998457,0.0165175540000745,Optimal,0,none,,0,1,100.0,0.0,0.0,0.0,0,0,0,0.0,0.0,0.0,0.0,0,0,0,0.0,0.0,0.0,0.0,0,0,0,0.0,0.0,0.0,0.0,0,0,0,0.0,0.0,0.0,0.0,9.536000106891152e-06,0,100.0,0,0,0,0.0,0.0,0.0,0,0,0,0.0,0.0,0.0,0,0,0,0.0,0.0,0.0,0,0,0,0.0,0.0,0.0
Visual Genome,2397054,31,0,58,0,11,204,22,204,226,122,0,0,22,0.0156038850000186,0.0148119199998291,0.0,0.0148119199998291,0.0152706339999895,0.0314441739997164,Optimal,0,none,9.240498074039678,0,34,100.0,100.0,100.0,2.0,0,11,0,0.0,0.0,0.0,0.0,0,11,0,0.0,0.0,0.0,0.0,0,11,0,0.0,0.0,0.0,0.0,0,11,0,0.0,0.0,0.0,0.0,0.000515408999945,0,100.0,0,0,0,0.0,0.0,0.0,0,0,0,0.0,0.0,0.0,0,0,0,0.0,0.0,0.0,0,0,0,0.0,0.0,0.0
Visual Genome,2397354,5,2,1,0,2,2,4,2,6,5,0,0,4,0.0146691780000765,0.0076629160002994,0.0,0.0076629160002994,0.0078022030002102,0.0225419339999461,Optimal,0,none,1.4537658103307087,0,5,100.0,100.0,100.0,2.0,1,1,1,0.5,0.5,0.5,0.875618698865749,1,1,1,0.5,0.5,0.5,0.875618698865749,1,1,1,0.5,0.5,0.5,0.875618698865749,1,1,1,0.5,0.5,0.5,0.875618698865749,5.1280999741720734e-05,0,100.0,0,0,0,0.0,0.0,0.0,0,0,0,0.0,0.0,0.0,0,0,0,0.0,0.0,0.0,0,0,0,0.0,0.0,0.0
Visual Genome,2397355,26,1,34,0,2,4,4,4,8,5,0,0,4,0.0143838849999156,0.0066943429997081,0.0,0.0066943429997081,0.0067972130000271,0.0212879470000189,Optimal,0,none,1.4436279328664146,0,5,100.0,100.0,100.0,2.0,0,2,1,0.0,0.0,0.0,0.0,0,2,1,0.0,0.0,0.0,0.0,0,2,1,0.0,0.0,0.0,0.0,0,2,1,0.0,0.0,0.0,0.0,8.132299990393221e-05,0,100.0,0,0,0,0.0,0.0,0.0,0,0,0,0.0,0.0,0.0,0,0,0,0.0,0.0,0.0,0,0,0,0.0,0.0,0.0
Visual Genome,2397722,20,0,14,0,2,4,4,4,8,5,0,0,4,0.0134765830002834,0.0068650779999188,0.0,0.0068650779999188,0.0069641090003642,0.0204927380000299,Optimal,0,none,1.4130027087529502,0,5,100.0,100.0,100.0,2.0,0,2,0,0.0,0.0,0.0,0.0,0,2,0,0.0,0.0,0.0,0.0,0,2,0,0.0,0.0,0.0,0.0,0,2,0,0.0,0.0,0.0,0.0,3.819399989879457e-05,0,100.0,0,0,0,0.0,0.0,0.0,0,0,0,0.0,0.0,0.0,0,0,0,0.0,0.0,0.0,0,0,0,0.0,0.0,0.0
Visual Genome,2397905,27,2,24,0,7,73,14,73,87,50,0,0,14,0.014669810000214,0.0099706979999609,0.0,0.0099706979999609,0.0102160139999796,0.0251442930002667,Optimal,0,none,5.3801194016138725,0,22,100.0,100.0,100.0,2.0,1,6,1,0.1428571428571428,0.5,0.2222222222222222,0.7842495849588886,1,6,1,0.1428571428571428,0.5,0.2222222222222222,0.7842495849588886,1,6,1,0.1428571428571428,0.5,0.2222222222222222,0.7842495849588886,1,6,1,0.1428571428571428,0.5,0.2222222222222222,0.7842495849588886,0.0002263939995827,0,100.0,0,0,0,0.0,0.0,0.0,0,0,0,0.0,0.0,0.0,0,0,0,0.0,0.0,0.0,0,0,0,0.0,0.0,0.0
Visual Genome,2398185,19,0,20,0,1,0,2,0,2,1,0,0,2,0.0123962940001547,0.0060214549998818,0.0,0.0060214549998818,0.0060918689996469,0.0185166739997839,Optimal,0,none,0.5982215801874797,0,2,100.0,100.0,100.0,2.0,0,1,0,0.0,0.0,0.0,0.0,0,1,0,0.0,0.0,0.0,0.0,0,1,0,0.0,0.0,0.0,0.0,0,1,0,0.0,0.0,0.0,0.0,2.082499986499897e-05,0,100.0,0,0,0,0.0,0.0,0.0,0,0,0,0.0,0.0,0.0,0,0,0,0.0,0.0,0.0,0,0,0,0.0,0.0,0.0
Visual Genome,2398459,23,0,37,0,2,2,4,2,6,5,0,0,4,0.0137109130000681,0.0063420349997613,0.0,0.0063420349997613,0.0064485479997529,0.0202122330001657,Optimal,0,none,1.493108738263448,0,5,100.0,100.0,100.0,2.0,0,2,0,0.0,0.0,0.0,0.0,0,2,0,0.0,0.0,0.0,0.0,0,2,0,0.0,0.0,0.0,0.0,0,2,0,0.0,0.0,0.0,0.0,3.725800024767523e-05,0,100.0,0,0,0,0.0,0.0,0.0,0,0,0,0.0,0.0,0.0,0,0,0,0.0,0.0,0.0,0,0,0,0.0,0.0,0.0
Visual Genome,2398695,17,1,41,1,1,0,2,0,2,1,0,0,2,0.0166354140001203,0.0065577479999774,0.0,0.0065577479999774,0.0066278230001444,0.0232938789999934,Optimal,0,none,0.5396812121073404,0,2,100.0,100.0,100.0,2.0,1,0,0,1.0,1.0,1.0,0.7770374389683273,1,0,0,1.0,1.0,1.0,0.7770374389683273,1,0,0,1.0,1.0,1.0,0.7770374389683273,1,0,0,1.0,1.0,1.0,0.7770374389683273,2.1965000087220687e-05,0,100.0,0,0,1,0.0,0.0,0.0,0,0,1,0.0,0.0,0.0,0,0,1,0.0,0.0,0.0,0,0,1,0.0,0.0,0.0
Visual Genome,2398805,15,0,23,0,8,102,16,102,118,65,0,0,16,0.0149936170000728,0.0112876049997794,0.0,0.0112876049997794,0.0115583460001289,0.0268586339998364,Optimal,0,none,7.061337226231895,0,25,100.0,100.0,100.0,2.0,0,8,0,0.0,0.0,0.0,0.0,0,8,0,0.0,0.0,0.0,0.0,0,8,0,0.0,0.0,0.0,0.0,0,8,0,0.0,0.0,0.0,0.0,0.000257942999724,0,100.0,0,0,0,0.0,0.0,0.0,0,0,0,0.0,0.0,0.0,0,0,0,0.0,0.0,0.0,0,0,0,0.0,0.0,0.0
Visual Genome,2399024,26,1,17,0,22,831,44,831,875,485,0,0,44,0.0174002099997778,0.0387278289999812,0.0,0.0387278289999812,0.0397127759997602,0.059075651999592,Optimal,0,none,18.27439448394796,0,67,100.0,100.0,100.0,2.0,1,21,0,0.0454545454545454,1.0,0.0869565217391304,0.8973843619759786,1,21,0,0.0454545454545454,1.0,0.0869565217391304,0.8973843619759786,1,21,0,0.0454545454545454,1.0,0.0869565217391304,0.8973843619759786,1,21,0,0.0454545454545454,1.0,0.0869565217391304,0.8973843619759786,0.0018735839998953,0,100.0,0,0,0,0.0,0.0,0.0,0,0,0,0.0,0.0,0.0,0,0,0,0.0,0.0,0.0,0,0,0,0.0,0.0,0.0
Visual Genome,2399108,20,0,7,0,1,0,2,0,2,1,0,0,2,0.0148077809999449,0.0068861160002597,0.0,0.0068861160002597,0.0069615729998986,0.0218009670002174,Optimal,0,none,0.6203032414118449,0,2,100.0,100.0,100.0,2.0,0,1,0,0.0,0.0,0.0,0.0,0,1,0,0.0,0.0,0.0,0.0,0,1,0,0.0,0.0,0.0,0.0,0,1,0,0.0,0.0,0.0,0.0,2.346400015085237e-05,0,100.0,0,0,0,0.0,0.0,0.0,0,0,0,0.0,0.0,0.0,0,0,0,0.0,0.0,0.0,0,0,0,0.0,0.0,0.0
Visual Genome,2400148,20,0,8,0,9,125,18,125,143,82,0,0,18,0.0150621989996579,0.0130139279999639,0.0,0.0130139279999639,0.0133036739998715,0.0286988879997807,Optimal,0,none,8.294997451252923,0,28,100.0,100.0,100.0,2.0,0,9,0,0.0,0.0,0.0,0.0,0,9,0,0.0,0.0,0.0,0.0,0,9,0,0.0,0.0,0.0,0.0,0,9,0,0.0,0.0,0.0,0.0,0.0002940039998975,0,100.0,0,0,0,0.0,0.0,0.0,0,0,0,0.0,0.0,0.0,0,0,0,0.0,0.0,0.0,0,0,0,0.0,0.0,0.0
Visual Genome,2400255,4,1,19,0,4,28,8,28,36,17,0,0,8,0.0178078409999216,0.0093319909997262,0.0,0.0093319909997262,0.0095620189999863,0.0276981350002643,Optimal,0,none,3.305890827225632,0,13,100.0,100.0,100.0,2.0,1,3,0,0.25,1.0,0.4,0.6457312321875482,1,3,0,0.25,1.0,0.4,0.6457312321875482,1,3,0,0.25,1.0,0.4,0.6457312321875482,1,3,0,0.25,1.0,0.4,0.6457312321875482,0.0002539039996918,0,100.0,0,0,0,0.0,0.0,0.0,0,0,0,0.0,0.0,0.0,0,0,0,0.0,0.0,0.0,0,0,0,0.0,0.0,0.0
Visual Genome,2400322,31,0,22,0,22,865,44,865,909,485,0,0,44,0.0188661679999313,0.0394815199997538,0.0,0.0394815199997538,0.0405600849999245,0.0613860270000259,Optimal,0,none,18.59547027588406,0,67,100.0,100.0,100.0,2.0,0,22,0,0.0,0.0,0.0,0.0,0,22,0,0.0,0.0,0.0,0.0,0,22,0,0.0,0.0,0.0,0.0,0,22,0,0.0,0.0,0.0,0.0,0.0018649929997991,0,100.0,0,0,0,0.0,0.0,0.0,0,0,0,0.0,0.0,0.0,0,0,0,0.0,0.0,0.0,0,0,0,0.0,0.0,0.0
Visual Genome,2400544,21,3,20,0,5,32,10,32,42,26,0,0,10,0.0134253349997379,0.0075456519998624,0.0,0.0075456519998624,0.0077500899997176,0.0213173729998743,Optimal,0,none,4.470992966492972,0,16,100.0,100.0,100.0,2.0,2,3,1,0.4,0.6666666666666666,0.5,0.8723738729911115,2,3,1,0.4,0.6666666666666666,0.5,0.8723738729911115,2,3,1,0.4,0.6666666666666666,0.5,0.8723738729911115,2,3,1,0.4,0.6666666666666666,0.5,0.8723738729911115,0.0001157720002993,0,100.0,0,0,0,0.0,0.0,0.0,0,0,0,0.0,0.0,0.0,0,0,0,0.0,0.0,0.0,0,0,0,0.0,0.0,0.0
Visual Genome,2400777,5,1,12,0,1,0,2,0,2,1,0,0,2,0.0133061240003371,0.0067652849998012,0.0,0.0067652849998012,0.0068337239999891,0.0201708640001925,Optimal,0,none,0.6353842417399089,0,2,100.0,100.0,100.0,2.0,0,1,1,0.0,0.0,0.0,0.0,0,1,1,0.0,0.0,0.0,0.0,0,1,1,0.0,0.0,0.0,0.0,0,1,1,0.0,0.0,0.0,0.0,2.2908999653736828e-05,0,100.0,0,0,0,0.0,0.0,0.0,0,0,0,0.0,0.0,0.0,0,0,0,0.0,0.0,0.0,0,0,0,0.0,0.0,0.0
Visual Genome,2401046,46,2,42,0,18,548,36,548,584,325,0,0,36,0.0191958450000129,0.0291644880003332,0.0,0.0291644880003332,0.0299394349999602,0.0505281099999592,Optimal,0,none,13.874926178956422,0,55,100.0,100.0,100.0,2.0,1,17,1,0.0555555555555555,0.5,0.0999999999999999,0.9239373094023102,1,17,1,0.0555555555555555,0.5,0.0999999999999999,0.9239373094023102,1,17,1,0.0555555555555555,0.5,0.0999999999999999,0.9239373094023102,1,17,1,0.0555555555555555,0.5,0.0999999999999999,0.9239373094023102,0.0013170910001463,0,100.0,0,0,0,0.0,0.0,0.0,0,0,0,0.0,0.0,0.0,0,0,0,0.0,0.0,0.0,0,0,0,0.0,0.0,0.0
Visual Genome,2401262,22,1,22,0,9,138,18,138,156,82,0,0,18,0.0146470889999363,0.0120638590001362,0.0,0.0120638590001362,0.012384966999889,0.0274408559998846,Optimal,0,none,7.668294130928528,0,28,100.0,100.0,100.0,2.0,1,8,0,0.1111111111111111,1.0,0.1999999999999999,0.942720337968296,1,8,0,0.1111111111111111,1.0,0.1999999999999999,0.942720337968296,1,8,0,0.1111111111111111,1.0,0.1999999999999999,0.942720337968296,1,8,0,0.1111111111111111,1.0,0.1999999999999999,0.942720337968296,0.0003644580001491,0,100.0,0,0,0,0.0,0.0,0.0,0,0,0,0.0,0.0,0.0,0,0,0,0.0,0.0,0.0,0,0,0,0.0,0.0,0.0
Visual Genome,2401768,9,0,23,0,2,4,4,4,8,5,0,0,4,0.0138947860000371,0.006761016999917,0.0,0.006761016999917,0.0068707000000358,0.0208368079997853,Optimal,0,none,1.3502222569783533,0,5,100.0,100.0,100.0,2.0,0,2,0,0.0,0.0,0.0,0.0,0,2,0,0.0,0.0,0.0,0.0,0,2,0,0.0,0.0,0.0,0.0,0,2,0,0.0,0.0,0.0,0.0,5.4878999890206615e-05,0,100.0,0,0,0,0.0,0.0,0.0,0,0,0,0.0,0.0,0.0,0,0,0,0.0,0.0,0.0,0,0,0,0.0,0.0,0.0
Visual Genome,2401798,34,2,4,0,3,10,6,10,16,10,0,0,6,0.0135923529996944,0.0076033540003663,0.0,0.0076033540003663,0.0077456649996747,0.0214215860000877,Optimal,0,none,2.583794279098511,0,10,100.0,100.0,100.0,2.0,2,1,0,0.6666666666666666,1.0,0.8,0.8678119118329747,2,1,0,0.6666666666666666,1.0,0.8,0.8678119118329747,2,1,0,0.6666666666666666,1.0,0.8,0.8678119118329747,2,1,0,0.6666666666666666,1.0,0.8,0.8678119118329747,6.148800002847565e-05,0,100.0,0,0,0,0.0,0.0,0.0,0,0,0,0.0,0.0,0.0,0,0,0,0.0,0.0,0.0,0,0,0,0.0,0.0,0.0
Visual Genome,2401971,32,4,45,0,6,56,12,56,68,37,0,0,12,0.0170106509999641,0.0107556240000121,0.0,0.0107556240000121,0.0110159989999374,0.0282372189999478,Optimal,0,none,5.115656957626344,0,19,100.0,100.0,100.0,2.0,4,2,0,0.6666666666666666,1.0,0.8,0.8601086458341748,4,2,0,0.6666666666666666,1.0,0.8,0.8601086458341748,4,2,0,0.6666666666666666,1.0,0.8,0.8601086458341748,4,2,0,0.6666666666666666,1.0,0.8,0.8601086458341748,0.0001772790001268,0,100.0,0,0,0,0.0,0.0,0.0,0,0,0,0.0,0.0,0.0,0,0,0,0.0,0.0,0.0,0,0,0,0.0,0.0,0.0
Visual Genome,2402222,27,1,38,0,2,4,4,4,8,5,0,0,4,0.0147016060000169,0.0077669590000368,0.0,0.0077669590000368,0.0078657730000486,0.0226214929998604,Optimal,0,none,1.5336725505193076,0,5,100.0,100.0,100.0,2.0,1,1,0,0.5,1.0,0.6666666666666666,0.9359897706916648,1,1,0,0.5,1.0,0.6666666666666666,0.9359897706916648,1,1,0,0.5,1.0,0.6666666666666666,0.9359897706916648,1,1,0,0.5,1.0,0.6666666666666666,0.9359897706916648,3.993399968749145e-05,0,100.0,0,0,0,0.0,0.0,0.0,0,0,0,0.0,0.0,0.0,0,0,0,0.0,0.0,0.0,0,0,0,0.0,0.0,0.0
Visual Genome,2402373,7,0,29,0,1,0,2,0,2,1,0,0,2,0.0151182790000348,0.0067663129998436,0.0,0.0067663129998436,0.0068392709999898,0.0219889019999754,Optimal,0,none,0.489576784769694,0,2,100.0,100.0,100.0,2.0,0,1,0,0.0,0.0,0.0,0.0,0,1,0,0.0,0.0,0.0,0.0,0,1,0,0.0,0.0,0.0,0.0,0,1,0,0.0,0.0,0.0,0.0,2.2438000087277032e-05,0,100.0,0,0,0,0.0,0.0,0.0,0,0,0,0.0,0.0,0.0,0,0,0,0.0,0.0,0.0,0,0,0,0.0,0.0,0.0
Visual Genome,2402873,39,3,25,0,11,215,22,215,237,122,0,0,22,0.0171134349998283,0.0166972299998633,0.0,0.0166972299998633,0.0171850920000906,0.0351060640000469,Optimal,0,none,8.464797582427636,0,34,100.0,100.0,100.0,2.0,0,11,3,0.0,0.0,0.0,0.9558202062645345,0,11,3,0.0,0.0,0.0,0.9558202062645345,0,11,3,0.0,0.0,0.0,0.9558202062645345,0,11,3,0.0,0.0,0.0,0.9558202062645345,0.0007479959999727,0,100.0,0,0,0,0.0,0.0,0.0,0,0,0,0.0,0.0,0.0,0,0,0,0.0,0.0,0.0,0,0,0,0.0,0.0,0.0
Visual Genome,2403106,23,0,13,0,3,10,6,10,16,10,0,0,6,0.0141906879998714,0.0070020780003687,0.0,0.0070020780003687,0.00713935199974,0.0214073799998004,Optimal,0,none,2.818073363304139,0,10,100.0,100.0,100.0,2.0,0,3,0,0.0,0.0,0.0,0.0,0,3,0,0.0,0.0,0.0,0.0,0,3,0,0.0,0.0,0.0,0.0,0,3,0,0.0,0.0,0.0,0.0,5.7314000059705e-05,0,100.0,0,0,0,0.0,0.0,0.0,0,0,0,0.0,0.0,0.0,0,0,0,0.0,0.0,0.0,0,0,0,0.0,0.0,0.0
Visual Genome,2404039,4,0,5,0,2,2,4,2,6,5,0,0,4,0.0132531229996857,0.0065271670000583,0.0,0.0065271670000583,0.0066283609999118,0.0199296860000686,Optimal,0,none,1.461364544232686,0,5,100.0,100.0,100.0,2.0,0,2,0,0.0,0.0,0.0,0.0,0,2,0,0.0,0.0,0.0,0.0,0,2,0,0.0,0.0,0.0,0.0,0,2,0,0.0,0.0,0.0,0.0,3.3958000130951405e-05,0,100.0,0,0,0,0.0,0.0,0.0,0,0,0,0.0,0.0,0.0,0,0,0,0.0,0.0,0.0,0,0,0,0.0,0.0,0.0
Visual Genome,2404251,28,0,20,0,1,0,2,0,2,1,0,0,2,0.0148994129999664,0.0065758820001065,0.0,0.0065758820001065,0.0066463759999351,0.0215748470000107,Optimal,0,none,0.5107000748316447,0,2,100.0,100.0,100.0,2.0,0,1,0,0.0,0.0,0.0,0.0,0,1,0,0.0,0.0,0.0,0.0,0,1,0,0.0,0.0,0.0,0.0,0,1,0,0.0,0.0,0.0,0.0,2.1646000277542043e-05,0,100.0,0,0,0,0.0,0.0,0.0,0,0,0,0.0,0.0,0.0,0,0,0,0.0,0.0,0.0,0,0,0,0.0,0.0,0.0
Visual Genome,2404690,31,3,38,0,16,489,32,489,521,257,0,0,32,0.0166449769999417,0.0256974020003326,0.0,0.0256974020003326,0.026361648999682,0.0441023109997331,Optimal,0,none,13.2588149486631,0,49,100.0,100.0,100.0,2.0,2,14,1,0.125,0.6666666666666666,0.2105263157894736,0.9338007442961844,2,14,1,0.125,0.6666666666666666,0.2105263157894736,0.9338007442961844,2,14,1,0.125,0.6666666666666666,0.2105263157894736,0.9338007442961844,2,14,1,0.125,0.6666666666666666,0.2105263157894736,0.9338007442961844,0.0010284250001859,0,100.0,0,0,0,0.0,0.0,0.0,0,0,0,0.0,0.0,0.0,0,0,0,0.0,0.0,0.0,0,0,0,0.0,0.0,0.0
Visual Genome,2404756,29,1,47,0,3,11,6,11,17,10,0,0,6,0.0146121160000802,0.0070659930001966,0.0,0.0070659930001966,0.0072195289999399,0.0219096410000929,Optimal,0,none,2.442570649502429,0,10,100.0,100.0,100.0,2.0,1,2,0,0.3333333333333333,1.0,0.5,0.7481921766613737,1,2,0,0.3333333333333333,1.0,0.5,0.7481921766613737,1,2,0,0.3333333333333333,1.0,0.5,0.7481921766613737,1,2,0,0.3333333333333333,1.0,0.5,0.7481921766613737,5.808899959447445e-05,0,100.0,0,0,0,0.0,0.0,0.0,0,0,0,0.0,0.0,0.0,0,0,0,0.0,0.0,0.0,0,0,0,0.0,0.0,0.0
Visual Genome,2405144,21,2,11,0,2,4,4,4,8,5,0,0,4,0.0160353680003026,0.0066082550001738,0.0,0.0066082550001738,0.0067130889997315,0.0228133020000314,Optimal,0,none,1.3742481861103837,0,5,100.0,100.0,100.0,2.0,2,0,0,1.0,1.0,1.0,0.8773534433126005,2,0,0,1.0,1.0,1.0,0.8773534433126005,2,0,0,1.0,1.0,1.0,0.8773534433126005,2,0,0,1.0,1.0,1.0,0.8773534433126005,5.175400019652443e-05,0,100.0,0,0,0,0.0,0.0,0.0,0,0,0,0.0,0.0,0.0,0,0,0,0.0,0.0,0.0,0,0,0,0.0,0.0,0.0
Visual Genome,2405594,30,1,23,0,2,5,4,5,9,5,0,0,4,0.0139410400001906,0.0070855419999134,0.0,0.0070855419999134,0.0072100950001185,0.0212094990001787,Optimal,0,none,1.4896100412836293,0,5,100.0,100.0,100.0,2.0,1,1,0,0.5,1.0,0.6666666666666666,0.7742761072596874,1,1,0,0.5,1.0,0.6666666666666666,0.7742761072596874,1,1,0,0.5,1.0,0.6666666666666666,0.7742761072596874,1,1,0,0.5,1.0,0.6666666666666666,0.7742761072596874,4.369999987829942e-05,0,100.0,0,0,0,0.0,0.0,0.0,0,0,0,0.0,0.0,0.0,0,0,0,0.0,0.0,0.0,0,0,0,0.0,0.0,0.0
Visual Genome,2406302,25,0,35,0,2,4,4,4,8,5,0,0,4,0.0138301509996381,0.007006597000327,0.0,0.007006597000327,0.0071106919999692,0.0209921010000471,Optimal,0,none,1.4831474097569783,0,5,100.0,100.0,100.0,2.0,0,2,0,0.0,0.0,0.0,0.0,0,2,0,0.0,0.0,0.0,0.0,0,2,0,0.0,0.0,0.0,0.0,0,2,0,0.0,0.0,0.0,0.0,3.82230000468553e-05,0,100.0,0,0,0,0.0,0.0,0.0,0,0,0,0.0,0.0,0.0,0,0,0,0.0,0.0,0.0,0,0,0,0.0,0.0,0.0
Visual Genome,2406726,20,2,24,0,4,22,8,22,30,17,0,0,8,0.0147704109999722,0.0079668920002404,0.0,0.0079668920002404,0.0081152590000783,0.0229894019998937,Optimal,0,none,3.156122263206112,0,13,100.0,100.0,100.0,2.0,2,2,0,0.5,1.0,0.6666666666666666,0.9023003408029155,2,2,0,0.5,1.0,0.6666666666666666,0.9023003408029155,2,2,0,0.5,1.0,0.6666666666666666,0.9023003408029155,2,2,0,0.5,1.0,0.6666666666666666,0.9023003408029155,8.120999973471044e-05,0,100.0,0,0,0,0.0,0.0,0.0,0,0,0,0.0,0.0,0.0,0,0,0,0.0,0.0,0.0,0,0,0,0.0,0.0,0.0
Visual Genome,2406748,30,2,44,0,14,366,28,366,394,197,0,0,28,0.0175576319998072,0.0218472910000855,0.0,0.0218472910000855,0.0224143139998886,0.0409148819999245,Optimal,0,none,11.514042719842497,0,43,100.0,100.0,100.0,2.0,1,13,1,0.0714285714285714,0.5,0.125,0.8133780807099547,1,13,1,0.0714285714285714,0.5,0.125,0.8133780807099547,1,13,1,0.0714285714285714,0.5,0.125,0.8133780807099547,1,13,1,0.0714285714285714,0.5,0.125,0.8133780807099547,0.000879550999798,0,100.0,0,0,0,0.0,0.0,0.0,0,0,0,0.0,0.0,0.0,0,0,0,0.0,0.0,0.0,0,0,0,0.0,0.0,0.0
Visual Genome,2406990,31,1,35,0,5,36,10,36,46,26,0,0,10,0.0159021770000435,0.0092096719999972,0.0,0.0092096719999972,0.0094093879997672,0.0254683309999563,Optimal,0,none,4.745133100102756,0,16,100.0,100.0,100.0,2.0,1,4,0,0.2,1.0,0.3333333333333333,0.9024504293007054,1,4,0,0.2,1.0,0.3333333333333333,0.9024504293007054,1,4,0,0.2,1.0,0.3333333333333333,0.9024504293007054,1,4,0,0.2,1.0,0.3333333333333333,0.9024504293007054,0.0001276340003641,0,100.0,0,0,0,0.0,0.0,0.0,0,0,0,0.0,0.0,0.0,0,0,0,0.0,0.0,0.0,0,0,0,0.0,0.0,0.0
Visual Genome,2407062,30,1,32,0,23,916,46,916,962,530,0,0,46,0.0181104779999259,0.0447767330001624,0.0,0.0447767330001624,0.045915738000076,0.0663564189999306,Optimal,0,none,18.025241370405677,0,70,100.0,100.0,100.0,2.0,1,22,0,0.0434782608695652,1.0,0.0833333333333333,0.8661688244416784,1,22,0,0.0434782608695652,1.0,0.0833333333333333,0.8661688244416784,1,22,0,0.0434782608695652,1.0,0.0833333333333333,0.8661688244416784,1,22,0,0.0434782608695652,1.0,0.0833333333333333,0.8661688244416784,0.0022293390002232,0,100.0,0,0,0,0.0,0.0,0.0,0,0,0,0.0,0.0,0.0,0,0,0,0.0,0.0,0.0,0,0,0,0.0,0.0,0.0
Visual Genome,2407236,16,2,12,0,2,4,4,4,8,5,0,0,4,0.0141647969999212,0.0066704509999908,0.0,0.0066704509999908,0.0067986359999849,0.0210168280000289,Optimal,0,none,1.5551517041524252,0,5,100.0,100.0,100.0,2.0,2,0,0,1.0,1.0,1.0,0.9494661353579216,2,0,0,1.0,1.0,1.0,0.9494661353579216,2,0,0,1.0,1.0,1.0,0.9494661353579216,2,0,0,1.0,1.0,1.0,0.9494661353579216,3.940000033253455e-05,0,100.0,0,0,0,0.0,0.0,0.0,0,0,0,0.0,0.0,0.0,0,0,0,0.0,0.0,0.0,0,0,0,0.0,0.0,0.0
Visual Genome,2407380,11,0,26,0,3,7,6,7,13,10,0,0,6,0.0150609850002183,0.008711766000033,0.0,0.008711766000033,0.0088482390001445,0.0239860589999807,Optimal,0,none,2.508938230782152,0,10,100.0,100.0,100.0,2.0,0,3,0,0.0,0.0,0.0,0.0,0,3,0,0.0,0.0,0.0,0.0,0,3,0,0.0,0.0,0.0,0.0,0,3,0,0.0,0.0,0.0,0.0,5.5778999922040384e-05,0,100.0,0,0,0,0.0,0.0,0.0,0,0,0,0.0,0.0,0.0,0,0,0,0.0,0.0,0.0,0,0,0,0.0,0.0,0.0
Visual Genome,2407567,19,0,14,0,1,0,2,0,2,1,0,0,2,0.013956715000404,0.0082446520000303,0.0,0.0082446520000303,0.0083122789997105,0.0222959400002764,Optimal,0,none,0.6292114655176799,0,2,100.0,100.0,100.0,2.0,0,1,0,0.0,0.0,0.0,0.0,0,1,0,0.0,0.0,0.0,0.0,0,1,0,0.0,0.0,0.0,0.0,0,1,0,0.0,0.0,0.0,0.0,1.9995999991806457e-05,0,100.0,0,0,0,0.0,0.0,0.0,0,0,0,0.0,0.0,0.0,0,0,0,0.0,0.0,0.0,0,0,0,0.0,0.0,0.0
Visual Genome,2407743,27,2,33,0,3,8,6,8,14,10,0,0,6,0.0120986970000558,0.0066554859999996,0.0,0.0066554859999996,0.0067953729999317,0.018988382000316,Optimal,0,none,2.442365727424621,0,10,100.0,100.0,100.0,2.0,0,3,2,0.0,0.0,0.0,0.0,0,3,2,0.0,0.0,0.0,0.0,0,3,2,0.0,0.0,0.0,0.0,0,3,2,0.0,0.0,0.0,0.0,6.368200001816149e-05,0,100.0,0,0,0,0.0,0.0,0.0,0,0,0,0.0,0.0,0.0,0,0,0,0.0,0.0,0.0,0,0,0,0.0,0.0,0.0
Visual Genome,2408419,27,1,19,0,5,39,10,39,49,26,0,0,10,0.0167216849999931,0.0091988159997526,0.0,0.0091988159997526,0.0094107310001163,0.0263020560000768,Optimal,0,none,4.040960276921591,0,16,100.0,100.0,100.0,2.0,1,4,0,0.2,1.0,0.3333333333333333,0.970457938079778,1,4,0,0.2,1.0,0.3333333333333333,0.970457938079778,1,4,0,0.2,1.0,0.3333333333333333,0.970457938079778,1,4,0,0.2,1.0,0.3333333333333333,0.970457938079778,0.0001407839999956,0,100.0,0,0,0,0.0,0.0,0.0,0,0,0,0.0,0.0,0.0,0,0,0,0.0,0.0,0.0,0,0,0,0.0,0.0,0.0
Visual Genome,2408537,35,1,21,0,15,394,30,394,424,226,0,0,30,0.0165164979998735,0.0217123339998579,0.0,0.0217123339998579,0.0223072250000768,0.039861650000148,Optimal,0,none,12.888601599974466,0,46,100.0,100.0,100.0,2.0,0,15,1,0.0,0.0,0.0,0.0,0,15,1,0.0,0.0,0.0,0.0,0,15,1,0.0,0.0,0.0,0.0,0,15,1,0.0,0.0,0.0,0.0,0.0009723729999677,0,100.0,0,0,0,0.0,0.0,0.0,0,0,0,0.0,0.0,0.0,0,0,0,0.0,0.0,0.0,0,0,0,0.0,0.0,0.0
Visual Genome,2408545,16,0,25,0,1,0,2,0,2,1,0,0,2,0.0145736059998853,0.0064275869999619,0.0,0.0064275869999619,0.006504713999675,0.0211096120001457,Optimal,0,none,0.6002487579981486,0,2,100.0,100.0,100.0,2.0,0,1,0,0.0,0.0,0.0,0.0,0,1,0,0.0,0.0,0.0,0.0,0,1,0,0.0,0.0,0.0,0.0,0,1,0,0.0,0.0,0.0,0.0,2.3642000087420456e-05,0,100.0,0,0,0,0.0,0.0,0.0,0,0,0,0.0,0.0,0.0,0,0,0,0.0,0.0,0.0,0,0,0,0.0,0.0,0.0
Visual Genome,2408628,31,1,50,0,6,60,12,60,72,37,0,0,12,0.0143107710000549,0.0088596569999026,0.0,0.0088596569999026,0.0090879049998875,0.0235986269999557,Optimal,0,none,4.897065429911257,0,19,100.0,100.0,100.0,2.0,0,6,1,0.0,0.0,0.0,0.0,0,6,1,0.0,0.0,0.0,0.0,0,6,1,0.0,0.0,0.0,0.0,0,6,1,0.0,0.0,0.0,0.0,0.0001710599999569,0,100.0,0,0,0,0.0,0.0,0.0,0,0,0,0.0,0.0,0.0,0,0,0,0.0,0.0,0.0,0,0,0,0.0,0.0,0.0
Visual Genome,2408655,20,1,6,0,7,85,14,85,99,50,0,0,14,0.0137721820001388,0.0102793099999871,0.0,0.0102793099999871,0.0105048710001938,0.0245222000003195,Optimal,0,none,5.800433538789759,0,22,100.0,100.0,100.0,2.0,0,7,1,0.0,0.0,0.0,0.0,0,7,1,0.0,0.0,0.0,0.0,0,7,1,0.0,0.0,0.0,0.0,0,7,1,0.0,0.0,0.0,0.0,0.0002116389996444,0,100.0,0,0,0,0.0,0.0,0.0,0,0,0,0.0,0.0,0.0,0,0,0,0.0,0.0,0.0,0,0,0,0.0,0.0,0.0
Visual Genome,2408732,19,1,44,0,2,4,4,4,8,5,0,0,4,0.0137354940002296,0.0068349550001585,0.0,0.0068349550001585,0.0069451099998332,0.0207313280002381,Optimal,0,none,1.419661405881246,0,5,100.0,100.0,100.0,2.0,1,1,0,0.5,1.0,0.6666666666666666,0.8821846285887227,1,1,0,0.5,1.0,0.6666666666666666,0.8821846285887227,1,1,0,0.5,1.0,0.6666666666666666,0.8821846285887227,1,1,0,0.5,1.0,0.6666666666666666,0.8821846285887227,3.818800041699433e-05,0,100.0,0,0,0,0.0,0.0,0.0,0,0,0,0.0,0.0,0.0,0,0,0,0.0,0.0,0.0,0,0,0,0.0,0.0,0.0
Visual Genome,2408931,39,1,59,0,1,0,2,0,2,1,0,0,2,0.0154192859999966,0.0070482350001839,0.0,0.0070482350001839,0.0071252950001508,0.0225767199999609,Optimal,0,none,0.6423979679743449,0,2,100.0,100.0,100.0,2.0,0,1,1,0.0,0.0,0.0,0.0,0,1,1,0.0,0.0,0.0,0.0,0,1,1,0.0,0.0,0.0,0.0,0,1,1,0.0,0.0,0.0,0.0,2.313999993930338e-05,0,100.0,0,0,0,0.0,0.0,0.0,0,0,0,0.0,0.0,0.0,0,0,0,0.0,0.0,0.0,0,0,0,0.0,0.0,0.0
Visual Genome,2409452,26,0,24,0,10,136,20,136,156,101,0,0,20,0.0156412830001499,0.0137094570000044,0.0,0.0137094570000044,0.0142215880000549,0.0304863710002791,Optimal,0,none,8.047873969281305,0,31,100.0,100.0,100.0,2.0,0,10,0,0.0,0.0,0.0,0.0,0,10,0,0.0,0.0,0.0,0.0,0,10,0,0.0,0.0,0.0,0.0,0,10,0,0.0,0.0,0.0,0.0,0.0005710360001103,0,100.0,0,0,0,0.0,0.0,0.0,0,0,0,0.0,0.0,0.0,0,0,0,0.0,0.0,0.0,0,0,0,0.0,0.0,0.0
Visual Genome,2409552,27,5,17,0,7,76,14,76,90,50,0,0,14,0.014290057999915,0.0102944459999889,0.0,0.0102944459999889,0.0105857480002669,0.02513157400017,Optimal,0,none,5.931086124706074,0,22,100.0,100.0,100.0,2.0,3,4,2,0.4285714285714285,0.6,0.5,0.7082774649445575,3,4,2,0.4285714285714285,0.6,0.5,0.7082774649445575,3,4,2,0.4285714285714285,0.6,0.5,0.7082774649445575,3,4,2,0.4285714285714285,0.6,0.5,0.7082774649445575,0.0002218820000052,0,100.0,0,0,0,0.0,0.0,0.0,0,0,0,0.0,0.0,0.0,0,0,0,0.0,0.0,0.0,0,0,0,0.0,0.0,0.0
Visual Genome,2410121,31,0,40,0,2,4,4,4,8,5,0,0,4,0.0128746169998521,0.0065824729999803,0.0,0.0065824729999803,0.0066796340001928,0.0196663899996565,Optimal,0,none,1.3871429642041524,0,5,100.0,100.0,100.0,2.0,0,2,0,0.0,0.0,0.0,0.0,0,2,0,0.0,0.0,0.0,0.0,0,2,0,0.0,0.0,0.0,0.0,0,2,0,0.0,0.0,0.0,0.0,9.48199999584176e-05,0,100.0,0,0,0,0.0,0.0,0.0,0,0,0,0.0,0.0,0.0,0,0,0,0.0,0.0,0.0,0,0,0,0.0,0.0,0.0
Visual Genome,2410242,39,4,40,0,7,80,14,80,94,50,0,0,14,0.0142090970002755,0.0096940749999703,0.0,0.0096940749999703,0.0100440700002764,0.0245063430002119,Optimal,0,none,6.262166463534039,0,22,100.0,100.0,100.0,2.0,3,4,1,0.4285714285714285,0.75,0.5454545454545454,0.839101703017035,3,4,1,0.4285714285714285,0.75,0.5454545454545454,0.839101703017035,3,4,1,0.4285714285714285,0.75,0.5454545454545454,0.839101703017035,3,4,1,0.4285714285714285,0.75,0.5454545454545454,0.839101703017035,0.0002182270000048,0,100.0,0,0,0,0.0,0.0,0.0,0,0,0,0.0,0.0,0.0,0,0,0,0.0,0.0,0.0,0,0,0,0.0,0.0,0.0
Visual Genome,2410715,5,1,16,0,4,22,8,22,30,17,0,0,8,0.0157933850000517,0.0082131809999737,0.0,0.0082131809999737,0.0084267839997664,0.0243247399998836,Optimal,0,none,3.731633731524151,0,13,100.0,100.0,100.0,2.0,1,3,0,0.25,1.0,0.4,0.9671789551050196,1,3,0,0.25,1.0,0.4,0.9671789551050196,1,3,0,0.25,1.0,0.4,0.9671789551050196,1,3,0,0.25,1.0,0.4,0.9671789551050196,8.254500016846578e-05,0,100.0,0,0,0,0.0,0.0,0.0,0,0,0,0.0,0.0,0.0,0,0,0,0.0,0.0,0.0,0,0,0,0.0,0.0,0.0
Visual Genome,2410992,28,0,35,0,2,2,4,2,6,5,0,0,4,0.0141104190001897,0.0063249019999602,0.0,0.0063249019999602,0.0064305960004276,0.0205929590001687,Optimal,0,none,1.5153093942006426,0,5,100.0,100.0,100.0,2.0,0,2,0,0.0,0.0,0.0,0.0,0,2,0,0.0,0.0,0.0,0.0,0,2,0,0.0,0.0,0.0,0.0,0,2,0,0.0,0.0,0.0,0.0,3.693000007842784e-05,0,100.0,0,0,0,0.0,0.0,0.0,0,0,0,0.0,0.0,0.0,0,0,0,0.0,0.0,0.0,0,0,0,0.0,0.0,0.0
Visual Genome,2411122,34,2,56,0,1,0,2,0,2,1,0,0,2,0.0136334510002598,0.0064561650001451,0.0,0.0064561650001451,0.0065268160001323,0.0201999720002277,Optimal,0,none,0.5525416294733683,0,2,100.0,100.0,100.0,2.0,1,0,1,1.0,0.5,0.6666666666666666,0.630330861091809,1,0,1,1.0,0.5,0.6666666666666666,0.630330861091809,1,0,1,1.0,0.5,0.6666666666666666,0.630330861091809,1,0,1,1.0,0.5,0.6666666666666666,0.630330861091809,3.173300001435564e-05,0,100.0,0,0,0,0.0,0.0,0.0,0,0,0,0.0,0.0,0.0,0,0,0,0.0,0.0,0.0,0,0,0,0.0,0.0,0.0
Visual Genome,2411532,8,0,29,0,9,122,18,122,140,82,0,0,18,0.0157498329999725,0.0119235580000349,0.0,0.0119235580000349,0.0122370019998925,0.0283379750003405,Optimal,0,none,7.504488491633528,0,28,100.0,100.0,100.0,2.0,0,9,0,0.0,0.0,0.0,0.0,0,9,0,0.0,0.0,0.0,0.0,0,9,0,0.0,0.0,0.0,0.0,0,9,0,0.0,0.0,0.0,0.0,0.0003104080001321,0,100.0,0,0,0,0.0,0.0,0.0,0,0,0,0.0,0.0,0.0,0,0,0,0.0,0.0,0.0,0,0,0,0.0,0.0,0.0
Visual Genome,2411908,15,1,27,0,1,0,2,0,2,1,0,0,2,0.0150421210000786,0.0067371830000411,0.0,0.0067371830000411,0.0068186500002411,0.0218919680000908,Optimal,0,none,0.642204229036967,0,2,100.0,100.0,100.0,2.0,1,0,0,1.0,1.0,1.0,0.9608458973954536,1,0,0,1.0,1.0,1.0,0.9608458973954536,1,0,0,1.0,1.0,1.0,0.9608458973954536,1,0,0,1.0,1.0,1.0,0.9608458973954536,2.2971999896981288e-05,0,100.0,0,0,0,0.0,0.0,0.0,0,0,0,0.0,0.0,0.0,0,0,0,0.0,0.0,0.0,0,0,0,0.0,0.0,0.0
Visual Genome,2412143,55,2,43,0,4,24,8,24,32,17,0,0,8,0.0147270050001679,0.0080794870000318,0.0,0.0080794870000318,0.0082585039999685,0.0231029189999389,Optimal,0,none,3.356655975977581,0,13,100.0,100.0,100.0,2.0,2,2,0,0.5,1.0,0.6666666666666666,0.8469842025893768,2,2,0,0.5,1.0,0.6666666666666666,0.8469842025893768,2,2,0,0.5,1.0,0.6666666666666666,0.8469842025893768,2,2,0,0.5,1.0,0.6666666666666666,0.8469842025893768,9.356100008517387e-05,0,100.0,0,0,0,0.0,0.0,0.0,0,0,0,0.0,0.0,0.0,0,0,0,0.0,0.0,0.0,0,0,0,0.0,0.0,0.0
Visual Genome,2412219,34,1,33,0,5,30,10,30,40,26,0,0,10,0.0147412510000322,0.0079549560000486,0.0,0.0079549560000486,0.0081228959998043,0.0229879050002637,Optimal,0,none,4.405107673009238,0,16,100.0,100.0,100.0,2.0,1,4,0,0.2,1.0,0.3333333333333333,0.8820503150859047,1,4,0,0.2,1.0,0.3333333333333333,0.8820503150859047,1,4,0,0.2,1.0,0.3333333333333333,0.8820503150859047,1,4,0,0.2,1.0,0.3333333333333333,0.8820503150859047,9.98079999590118e-05,0,100.0,0,0,0,0.0,0.0,0.0,0,0,0,0.0,0.0,0.0,0,0,0,0.0,0.0,0.0,0,0,0,0.0,0.0,0.0
Visual Genome,2412631,29,3,30,0,5,37,10,37,47,26,0,0,10,0.0147191139999449,0.0088091089996851,0.0,0.0088091089996851,0.009019666000313,0.023893476000012,Optimal,0,none,4.503901959260306,0,16,100.0,100.0,100.0,2.0,2,3,1,0.4,0.6666666666666666,0.5,0.912155100869197,2,3,1,0.4,0.6666666666666666,0.5,0.912155100869197,2,3,1,0.4,0.6666666666666666,0.5,0.912155100869197,2,3,1,0.4,0.6666666666666666,0.5,0.912155100869197,0.0001282570001421,0,100.0,0,0,0,0.0,0.0,0.0,0,0,0,0.0,0.0,0.0,0,0,0,0.0,0.0,0.0,0,0,0,0.0,0.0,0.0
Visual Genome,2412879,25,0,25,0,2,3,4,3,7,5,0,0,4,0.0128291040000476,0.0065092539998659,0.0,0.0065092539998659,0.0066057899998668,0.019483781999952,Optimal,0,none,1.4947562774022418,0,5,100.0,100.0,100.0,2.0,0,2,0,0.0,0.0,0.0,0.0,0,2,0,0.0,0.0,0.0,0.0,0,2,0,0.0,0.0,0.0,0.0,0,2,0,0.0,0.0,0.0,0.0,3.5148999813827686e-05,0,100.0,0,0,0,0.0,0.0,0.0,0,0,0,0.0,0.0,0.0,0,0,0,0.0,0.0,0.0,0,0,0,0.0,0.0,0.0
Visual Genome,2413066,37,0,31,0,2,5,4,5,9,5,0,0,4,0.0146762979998129,0.0071462820001215,0.0,0.0071462820001215,0.0072732040002847,0.0220167809998201,Optimal,0,none,1.3560215871992018,0,5,100.0,100.0,100.0,2.0,0,2,0,0.0,0.0,0.0,0.0,0,2,0,0.0,0.0,0.0,0.0,0,2,0,0.0,0.0,0.0,0.0,0,2,0,0.0,0.0,0.0,0.0,5.204999979468994e-05,0,100.0,0,0,0,0.0,0.0,0.0,0,0,0,0.0,0.0,0.0,0,0,0,0.0,0.0,0.0,0,0,0,0.0,0.0,0.0
Visual Genome,2413140,13,1,14,0,2,4,4,4,8,5,0,0,4,0.0145497769999565,0.0069955569997546,0.0,0.0069955569997546,0.007102826999926,0.0217088509998575,Optimal,0,none,1.459373715718587,0,5,100.0,100.0,100.0,2.0,1,1,0,0.5,1.0,0.6666666666666666,0.8901616155326365,1,1,0,0.5,1.0,0.6666666666666666,0.8901616155326365,1,1,0,0.5,1.0,0.6666666666666666,0.8901616155326365,1,1,0,0.5,1.0,0.6666666666666666,0.8901616155326365,4.150299992033979e-05,0,100.0,0,0,0,0.0,0.0,0.0,0,0,0,0.0,0.0,0.0,0,0,0,0.0,0.0,0.0,0,0,0,0.0,0.0,0.0
Visual Genome,2413274,34,1,28,0,4,22,8,22,30,17,0,0,8,0.014784211999995,0.0085807650002607,0.0,0.0085807650002607,0.008760390000134,0.0236737260001973,Optimal,0,none,3.321154281298321,0,13,100.0,100.0,100.0,2.0,1,3,0,0.25,1.0,0.4,0.8967022095641637,1,3,0,0.25,1.0,0.4,0.8967022095641637,1,3,0,0.25,1.0,0.4,0.8967022095641637,1,3,0,0.25,1.0,0.4,0.8967022095641637,0.0001056830001289,0,100.0,0,0,0,0.0,0.0,0.0,0,0,0,0.0,0.0,0.0,0,0,0,0.0,0.0,0.0,0,0,0,0.0,0.0,0.0
Visual Genome,2413603,16,1,16,0,5,38,10,38,48,26,0,0,10,0.0166858050001792,0.0093461639999077,0.0,0.0093461639999077,0.0096074389998648,0.0264757539998754,Optimal,0,none,4.397551484902701,0,16,100.0,100.0,100.0,2.0,0,5,1,0.0,0.0,0.0,0.0,0,5,1,0.0,0.0,0.0,0.0,0,5,1,0.0,0.0,0.0,0.0,0,5,1,0.0,0.0,0.0,0.0,0.0001490190002186,0,100.0,0,0,0,0.0,0.0,0.0,0,0,0,0.0,0.0,0.0,0,0,0,0.0,0.0,0.0,0,0,0,0.0,0.0,0.0
Visual Genome,2413953,7,4,8,0,7,66,14,66,80,50,0,0,14,0.0149127300001055,0.0099795770001946,0.0,0.0099795770001946,0.0102105139999366,0.0253448200001003,Optimal,0,none,5.266627854506177,0,22,100.0,100.0,100.0,2.0,4,3,0,0.5714285714285714,1.0,0.7272727272727273,0.8085047412779596,4,3,0,0.5714285714285714,1.0,0.7272727272727273,0.8085047412779596,4,3,0,0.5714285714285714,1.0,0.7272727272727273,0.8085047412779596,4,3,0,0.5714285714285714,1.0,0.7272727272727273,0.8085047412779596,0.0001895410000543,0,100.0,0,0,0,0.0,0.0,0.0,0,0,0,0.0,0.0,0.0,0,0,0,0.0,0.0,0.0,0,0,0,0.0,0.0,0.0
Visual Genome,2413992,26,0,6,0,1,0,2,0,2,1,0,0,2,0.0138509630000953,0.0079901799999788,0.0,0.0079901799999788,0.0080687239997132,0.021964564999962,Optimal,0,none,0.543680230776469,0,2,100.0,100.0,100.0,2.0,0,1,0,0.0,0.0,0.0,0.0,0,1,0,0.0,0.0,0.0,0.0,0,1,0,0.0,0.0,0.0,0.0,0,1,0,0.0,0.0,0.0,0.0,2.4233000203821572e-05,0,100.0,0,0,0,0.0,0.0,0.0,0,0,0,0.0,0.0,0.0,0,0,0,0.0,0.0,0.0,0,0,0,0.0,0.0,0.0
Visual Genome,2414643,14,0,7,0,2,4,4,4,8,5,0,0,4,0.0146993119997205,0.0069376689998534,0.0,0.0069376689998534,0.0070436169999084,0.0218027460000485,Optimal,0,none,1.532726958592733,0,5,100.0,100.0,100.0,2.0,0,2,0,0.0,0.0,0.0,0.0,0,2,0,0.0,0.0,0.0,0.0,0,2,0,0.0,0.0,0.0,0.0,0,2,0,0.0,0.0,0.0,0.0,4.418799971972476e-05,0,100.0,0,0,0,0.0,0.0,0.0,0,0,0,0.0,0.0,0.0,0,0,0,0.0,0.0,0.0,0,0,0,0.0,0.0,0.0
Visual Genome,2415055,46,2,43,0,8,98,16,98,114,65,0,0,16,0.0155237260000831,0.0123785350001526,0.0,0.0123785350001526,0.0127349559998037,0.0286956780000764,Optimal,0,none,6.279128987901172,0,25,100.0,100.0,100.0,2.0,1,7,1,0.125,0.5,0.2,0.557149229280185,1,7,1,0.125,0.5,0.2,0.557149229280185,1,7,1,0.125,0.5,0.2,0.557149229280185,1,7,1,0.125,0.5,0.2,0.557149229280185,0.0003808870001194,0,100.0,0,0,0,0.0,0.0,0.0,0,0,0,0.0,0.0,0.0,0,0,0,0.0,0.0,0.0,0,0,0,0.0,0.0,0.0
Visual Genome,2415419,15,0,5,0,9,140,18,140,158,82,0,0,18,0.0184892540000873,0.0143010090000643,0.0,0.0143010090000643,0.0146408030000202,0.0335593489999155,Optimal,0,none,7.450962399538001,0,28,100.0,100.0,100.0,2.0,0,9,0,0.0,0.0,0.0,0.0,0,9,0,0.0,0.0,0.0,0.0,0,9,0,0.0,0.0,0.0,0.0,0,9,0,0.0,0.0,0.0,0.0,0.0003841070001726,0,100.0,0,0,0,0.0,0.0,0.0,0,0,0,0.0,0.0,0.0,0,0,0,0.0,0.0,0.0,0,0,0,0.0,0.0,0.0
Visual Genome,2416071,9,1,5,0,5,39,10,39,49,26,0,0,10,0.0150599450003028,0.007797605000178,0.0,0.007797605000178,0.0080159270000876,0.0232534149999992,Optimal,0,none,4.012446459134421,0,16,100.0,100.0,100.0,2.0,1,4,0,0.2,1.0,0.3333333333333333,0.7982703011336538,1,4,0,0.2,1.0,0.3333333333333333,0.7982703011336538,1,4,0,0.2,1.0,0.3333333333333333,0.7982703011336538,1,4,0,0.2,1.0,0.3333333333333333,0.7982703011336538,0.0001493240001764,0,100.0,0,0,0,0.0,0.0,0.0,0,0,0,0.0,0.0,0.0,0,0,0,0.0,0.0,0.0,0,0,0,0.0,0.0,0.0
Visual Genome,2416171,17,1,15,0,4,23,8,23,31,17,0,0,8,0.017651687000125,0.0092999230000714,0.0,0.0092999230000714,0.0094994080000105,0.027277411000341,Optimal,0,none,3.09087217728297,0,13,100.0,100.0,100.0,2.0,1,3,0,0.25,1.0,0.4,0.8929215026214226,1,3,0,0.25,1.0,0.4,0.8929215026214226,1,3,0,0.25,1.0,0.4,0.8929215026214226,1,3,0,0.25,1.0,0.4,0.8929215026214226,0.0001010740002129,0,100.0,0,0,0,0.0,0.0,0.0,0,0,0,0.0,0.0,0.0,0,0,0,0.0,0.0,0.0,0,0,0,0.0,0.0,0.0
Visual Genome,2416250,19,0,8,0,6,63,12,63,75,37,0,0,12,0.0151377839997621,0.0100423960002444,0.0,0.0100423960002444,0.0103038310003285,0.0256508409997877,Optimal,0,none,4.70527717224619,0,19,100.0,100.0,100.0,2.0,0,6,0,0.0,0.0,0.0,0.0,0,6,0,0.0,0.0,0.0,0.0,0,6,0,0.0,0.0,0.0,0.0,0,6,0,0.0,0.0,0.0,0.0,0.000178852999852,0,100.0,0,0,0,0.0,0.0,0.0,0,0,0,0.0,0.0,0.0,0,0,0,0.0,0.0,0.0,0,0,0,0.0,0.0,0.0
Visual Genome,2416319,10,0,4,0,7,83,14,83,97,50,0,0,14,0.014490300000034,0.0103720030001568,0.0,0.0103720030001568,0.0106295760001557,0.0253752750004423,Optimal,0,none,6.0701398436228455,0,22,100.0,100.0,100.0,2.0,0,7,0,0.0,0.0,0.0,0.0,0,7,0,0.0,0.0,0.0,0.0,0,7,0,0.0,0.0,0.0,0.0,0,7,0,0.0,0.0,0.0,0.0,0.0002215940003225,0,100.0,0,0,0,0.0,0.0,0.0,0,0,0,0.0,0.0,0.0,0,0,0,0.0,0.0,0.0,0,0,0,0.0,0.0,0.0
Visual Genome,2417304,16,0,20,0,6,62,12,62,74,37,0,0,12,0.0159183569999186,0.0091953870000907,0.0,0.0091953870000907,0.0094160229996305,0.0255493589997968,Optimal,0,none,5.0823016708423605,0,19,100.0,100.0,100.0,2.0,0,6,0,0.0,0.0,0.0,0.0,0,6,0,0.0,0.0,0.0,0.0,0,6,0,0.0,0.0,0.0,0.0,0,6,0,0.0,0.0,0.0,0.0,0.0001825049998842,0,100.0,0,0,0,0.0,0.0,0.0,0,0,0,0.0,0.0,0.0,0,0,0,0.0,0.0,0.0,0,0,0,0.0,0.0,0.0
Open Images,0071f62f5d703904,10,0,5,0,8,116,16,116,132,65,0,0,16,0.0297148270001343,0.0119737630002418,0.0,0.0119737630002418,0.0122691069996108,0.0423815620001732,Optimal,0,none,7.365867845222358,0,25,100.0,100.0,100.0,2.0,0,8,0,0.0,0.0,0.0,0.0,0,8,0,0.0,0.0,0.0,0.0,0,8,0,0.0,0.0,0.0,0.0,0,8,0,0.0,0.0,0.0,0.0,0.0003564180001376,0,100.0,0,0,0,0.0,0.0,0.0,0,0,0,0.0,0.0,0.0,0,0,0,0.0,0.0,0.0,0,0,0,0.0,0.0,0.0
Open Images,00e0a53e14bf2447,8,0,2,0,5,39,10,39,49,26,0,0,10,0.0202706969998871,0.0082884429998557,0.0,0.0082884429998557,0.0084761819998675,0.0289122149997638,Optimal,0,none,4.249485548337302,0,16,100.0,100.0,100.0,2.0,0,5,0,0.0,0.0,0.0,0.0,0,5,0,0.0,0.0,0.0,0.0,0,5,0,0.0,0.0,0.0,0.0,0,5,0,0.0,0.0,0.0,0.0,0.0001363950000268,0,100.0,0,0,0,0.0,0.0,0.0,0,0,0,0.0,0.0,0.0,0,0,0,0.0,0.0,0.0,0,0,0,0.0,0.0,0.0
Open Images,01bf00da5f94e942,37,3,25,0,6,30,12,30,42,37,0,0,12,0.0242621760003203,0.0086749600000075,0.0,0.0086749600000075,0.0089102760002788,0.0333459409998795,Optimal,0,none,5.236993865966794,0,19,100.0,100.0,100.0,2.0,0,6,3,0.0,0.0,0.0,0.0,0,6,3,0.0,0.0,0.0,0.0,0,6,3,0.0,0.0,0.0,0.0,0,6,3,0.0,0.0,0.0,0.0,0.000122286000078,0,100.0,0,0,0,0.0,0.0,0.0,0,0,0,0.0,0.0,0.0,0,0,0,0.0,0.0,0.0,0,0,0,0.0,0.0,0.0
Open Images,020c7b8e6d605069,12,0,1,0,0,0,0,0,0,0,0,0,1,0.0174475939998046,0.0051234120001026,0.0,0.0051234120001026,0.0051622959999804,0.0226253639998503,Optimal,0,none,,0,1,100.0,0.0,0.0,0.0,0,0,0,0.0,0.0,0.0,0.0,0,0,0,0.0,0.0,0.0,0.0,0,0,0,0.0,0.0,0.0,0.0,0,0,0,0.0,0.0,0.0,0.0,9.78600019152509e-06,0,100.0,0,0,0,0.0,0.0,0.0,0,0,0,0.0,0.0,0.0,0,0,0,0.0,0.0,0.0,0,0,0,0.0,0.0,0.0
Open Images,0319faa662ff5d06,34,0,2,0,3,6,6,6,12,10,0,0,6,0.0225256730000182,0.0070023540001784,0.0,0.0070023540001784,0.0071619149998696,0.0297624810000343,Optimal,0,none,2.498656966686249,0,10,100.0,100.0,100.0,2.0,0,3,0,0.0,0.0,0.0,0.0,0,3,0,0.0,0.0,0.0,0.0,0,3,0,0.0,0.0,0.0,0.0,0,3,0,0.0,0.0,0.0,0.0,5.237499999566353e-05,0,100.0,0,0,0,0.0,0.0,0.0,0,0,0,0.0,0.0,0.0,0,0,0,0.0,0.0,0.0,0,0,0,0.0,0.0,0.0
Open Images,060091417ccafbcf,5,0,1,0,2,4,4,4,8,5,0,0,4,0.0193920259998776,0.0070872209998924,0.0,0.0070872209998924,0.0071851979996608,0.0266307619999679,Optimal,0,none,1.1579282434781393,0,5,100.0,100.0,100.0,2.0,0,2,0,0.0,0.0,0.0,0.0,0,2,0,0.0,0.0,0.0,0.0,0,2,0,0.0,0.0,0.0,0.0,0,2,0,0.0,0.0,0.0,0.0,3.973100001530838e-05,0,100.0,0,0,0,0.0,0.0,0.0,0,0,0,0.0,0.0,0.0,0,0,0,0.0,0.0,0.0,0,0,0,0.0,0.0,0.0
Open Images,0649557c211985bd,23,3,2,0,7,79,14,79,93,50,0,0,14,0.0177388060001248,0.0097236460001113,0.0,0.0097236460001113,0.0099827449998883,0.0280259520000072,Optimal,0,none,5.687061622041179,0,22,100.0,100.0,100.0,2.0,3,4,0,0.4285714285714285,1.0,0.6,0.8290115739859113,3,4,0,0.4285714285714285,1.0,0.6,0.8290115739859113,3,4,0,0.4285714285714285,1.0,0.6,0.8290115739859113,3,4,0,0.4285714285714285,1.0,0.6,0.8290115739859113,0.0002692440002647,0,100.0,0,0,0,0.0,0.0,0.0,0,0,0,0.0,0.0,0.0,0,0,0,0.0,0.0,0.0,0,0,0,0.0,0.0,0.0
Open Images,078fd57f81047cf3,28,2,4,0,8,98,16,98,114,65,0,0,16,0.0206958999997368,0.0098375499997018,0.0,0.0098375499997018,0.0101289249996625,0.0311411459997543,Optimal,0,none,6.81192744334539,0,25,100.0,100.0,100.0,2.0,2,6,0,0.25,1.0,0.4,0.8740967205181647,2,6,0,0.25,1.0,0.4,0.8740967205181647,2,6,0,0.25,1.0,0.4,0.8740967205181647,2,6,0,0.25,1.0,0.4,0.8740967205181647,0.0002765020003607,0,100.0,0,0,0,0.0,0.0,0.0,0,0,0,0.0,0.0,0.0,0,0,0,0.0,0.0,0.0,0,0,0,0.0,0.0,0.0
Open Images,07c216b2baad22e7,24,0,10,0,7,70,14,70,84,50,0,0,14,0.0192444429999341,0.0105582400001367,0.0,0.0105582400001367,0.0108303529996192,0.0303408499999022,Optimal,0,none,5.55357746521632,0,22,100.0,100.0,100.0,2.0,0,7,0,0.0,0.0,0.0,0.0,0,7,0,0.0,0.0,0.0,0.0,0,7,0,0.0,0.0,0.0,0.0,0,7,0,0.0,0.0,0.0,0.0,0.0002101579998452,0,100.0,0,0,0,0.0,0.0,0.0,0,0,0,0.0,0.0,0.0,0,0,0,0.0,0.0,0.0,0,0,0,0.0,0.0,0.0
Open Images,09625dc24eb205b4,41,0,1,0,11,180,22,180,202,122,0,0,22,0.0222940680000647,0.0139945029995942,0.0,0.0139945029995942,0.014393168999959,0.0372134190001816,Optimal,0,none,8.504947454137442,0,34,100.0,100.0,100.0,2.0,0,11,0,0.0,0.0,0.0,0.0,0,11,0,0.0,0.0,0.0,0.0,0,11,0,0.0,0.0,0.0,0.0,0,11,0,0.0,0.0,0.0,0.0,0.0004754609999508,0,100.0,0,0,0,0.0,0.0,0.0,0,0,0,0.0,0.0,0.0,0,0,0,0.0,0.0,0.0,0,0,0,0.0,0.0,0.0
Open Images,09e617d9d3120b32,15,1,2,0,3,11,6,11,17,10,0,0,6,0.0231827489997158,0.0067105919997629,0.0,0.0067105919997629,0.0068384219998733,0.0301057599999694,Optimal,0,none,2.555898795701812,0,10,100.0,100.0,100.0,2.0,0,3,1,0.0,0.0,0.0,0.0,0,3,1,0.0,0.0,0.0,0.0,0,3,1,0.0,0.0,0.0,0.0,0,3,1,0.0,0.0,0.0,0.0,6.242000017664395e-05,0,100.0,0,0,0,0.0,0.0,0.0,0,0,0,0.0,0.0,0.0,0,0,0,0.0,0.0,0.0,0,0,0,0.0,0.0,0.0
Open Images,0a02c648d24f39fb,12,0,1,0,1,0,2,0,2,1,0,0,2,0.0189008989996182,0.0060730709997187,0.0,0.0060730709997187,0.0061443350000445,0.0250909889996364,Optimal,0,none,0.5674958149592082,0,2,100.0,100.0,100.0,2.0,0,1,0,0.0,0.0,0.0,0.0,0,1,0,0.0,0.0,0.0,0.0,0,1,0,0.0,0.0,0.0,0.0,0,1,0,0.0,0.0,0.0,0.0,3.723899999386049e-05,0,100.0,0,0,0,0.0,0.0,0.0,0,0,0,0.0,0.0,0.0,0,0,0,0.0,0.0,0.0,0,0,0,0.0,0.0,0.0
Open Images,0d16c88ec322340f,19,0,1,0,4,24,8,24,32,17,0,0,8,0.0224327389996688,0.0073810160001812,0.0,0.0073810160001812,0.007524314999955,0.0300680939999438,Optimal,0,none,3.359286042849224,0,13,100.0,100.0,100.0,2.0,0,4,0,0.0,0.0,0.0,0.0,0,4,0,0.0,0.0,0.0,0.0,0,4,0,0.0,0.0,0.0,0.0,0,4,0,0.0,0.0,0.0,0.0,8.765400025367853e-05,0,100.0,0,0,0,0.0,0.0,0.0,0,0,0,0.0,0.0,0.0,0,0,0,0.0,0.0,0.0,0,0,0,0.0,0.0,0.0
Open Images,0dce9e80f546efc6,19,1,1,0,3,12,6,12,18,10,0,0,6,0.0187697370001842,0.0069569939996654,0.0,0.0069569939996654,0.007087047999903,0.0259340990000964,Optimal,0,none,2.530522892475129,0,10,100.0,100.0,100.0,2.0,1,2,0,0.3333333333333333,1.0,0.5,0.7046153732685831,1,2,0,0.3333333333333333,1.0,0.5,0.7046153732685831,1,2,0,0.3333333333333333,1.0,0.5,0.7046153732685831,1,2,0,0.3333333333333333,1.0,0.5,0.7046153732685831,5.814799988002051e-05,0,100.0,0,0,0,0.0,0.0,0.0,0,0,0,0.0,0.0,0.0,0,0,0,0.0,0.0,0.0,0,0,0,0.0,0.0,0.0
Open Images,0e481ee0c6655eb1,3,0,2,0,2,4,4,4,8,5,0,0,4,0.0172416390000762,0.0067453729998305,0.0,0.0067453729998305,0.0068631720000666,0.0241585270000541,Optimal,0,none,1.449170013173388,0,5,100.0,100.0,100.0,2.0,0,2,0,0.0,0.0,0.0,0.0,0,2,0,0.0,0.0,0.0,0.0,0,2,0,0.0,0.0,0.0,0.0,0,2,0,0.0,0.0,0.0,0.0,4.003799995189184e-05,0,100.0,0,0,0,0.0,0.0,0.0,0,0,0,0.0,0.0,0.0,0,0,0,0.0,0.0,0.0,0,0,0,0.0,0.0,0.0
Open Images,0ff8dd7e1d0f6010,4,1,3,0,2,2,4,2,6,5,0,0,4,0.0174890839998624,0.0060731579997082,0.0,0.0060731579997082,0.0061597889998665,0.0236935369998718,Optimal,0,none,1.4677614720662435,0,5,100.0,100.0,100.0,2.0,1,1,0,0.5,1.0,0.6666666666666666,0.9869070773309072,1,1,0,0.5,1.0,0.6666666666666666,0.9869070773309072,1,1,0,0.5,1.0,0.6666666666666666,0.9869070773309072,1,1,0,0.5,1.0,0.6666666666666666,0.9869070773309072,3.1601000046066474e-05,0,100.0,0,0,0,0.0,0.0,0.0,0,0,0,0.0,0.0,0.0,0,0,0,0.0,0.0,0.0,0,0,0,0.0,0.0,0.0
Open Images,106c8de22ed8d1d4,18,7,8,0,10,175,20,175,195,101,0,0,20,0.0229479160002483,0.0145941870000569,0.0,0.0145941870000569,0.0149797869999019,0.0384631720003199,Optimal,0,none,8.362076700452132,0,31,100.0,100.0,100.0,2.0,5,5,2,0.5,0.7142857142857143,0.588235294117647,0.8323545091694653,5,5,2,0.5,0.7142857142857143,0.588235294117647,0.8323545091694653,5,5,2,0.5,0.7142857142857143,0.588235294117647,0.8323545091694653,5,5,2,0.5,0.7142857142857143,0.588235294117647,0.8323545091694653,0.0004865420000896,0,100.0,0,0,0,0.0,0.0,0.0,0,0,0,0.0,0.0,0.0,0,0,0,0.0,0.0,0.0,0,0,0,0.0,0.0,0.0
Open Images,10cae64b8b77b511,13,0,2,0,2,2,4,2,6,5,0,0,4,0.0231439569997746,0.006740002999777,0.0,0.006740002999777,0.0068713820000994,0.0300696240001343,Optimal,0,none,1.3695692308743794,0,5,100.0,100.0,100.0,2.0,0,2,0,0.0,0.0,0.0,0.0,0,2,0,0.0,0.0,0.0,0.0,0,2,0,0.0,0.0,0.0,0.0,0,2,0,0.0,0.0,0.0,0.0,3.8549000237253495e-05,0,100.0,0,0,0,0.0,0.0,0.0,0,0,0,0.0,0.0,0.0,0,0,0,0.0,0.0,0.0,0,0,0,0.0,0.0,0.0
Open Images,115150a6ba4eb0ca,16,1,3,0,1,0,2,0,2,1,0,0,2,0.0184095600002365,0.0064295199999833,0.0,0.0064295199999833,0.0065149689999088,0.0249587120001706,Optimal,0,none,0.6326337973276774,0,2,100.0,100.0,100.0,2.0,0,1,1,0.0,0.0,0.0,0.0,0,1,1,0.0,0.0,0.0,0.0,0,1,1,0.0,0.0,0.0,0.0,0,1,1,0.0,0.0,0.0,0.0,2.4368000140384535e-05,0,100.0,0,0,0,0.0,0.0,0.0,0,0,0,0.0,0.0,0.0,0,0,0,0.0,0.0,0.0,0,0,0,0.0,0.0,0.0
Open Images,116cb9c709ca88e7,4,0,1,0,2,4,4,4,8,5,0,0,4,0.0184350229997107,0.006415453000045,0.0,0.006415453000045,0.0065186809997612,0.0250131620000502,Optimal,0,none,1.1918768471474044,0,5,100.0,100.0,100.0,2.0,0,2,0,0.0,0.0,0.0,0.0,0,2,0,0.0,0.0,0.0,0.0,0,2,0,0.0,0.0,0.0,0.0,0,2,0,0.0,0.0,0.0,0.0,4.4380999952409184e-05,0,100.0,0,0,0,0.0,0.0,0.0,0,0,0,0.0,0.0,0.0,0,0,0,0.0,0.0,0.0,0,0,0,0.0,0.0,0.0
Open Images,1220e474e709cdf1,2,1,1,0,2,6,4,6,10,5,0,0,4,0.0189222459998745,0.0063873849999254,0.0,0.0063873849999254,0.0064868019999266,0.0254823629998099,Optimal,0,none,1.13924939233598,0,5,100.0,100.0,100.0,2.0,0,2,1,0.0,0.0,0.0,0.5293717936907415,0,2,1,0.0,0.0,0.0,0.5293717936907415,0,2,1,0.0,0.0,0.0,0.5293717936907415,0,2,1,0.0,0.0,0.0,0.5293717936907415,5.936900015512947e-05,0,100.0,0,0,0,0.0,0.0,0.0,0,0,0,0.0,0.0,0.0,0,0,0,0.0,0.0,0.0,0,0,0,0.0,0.0,0.0
Open Images,122259cbb3d91b12,13,0,3,0,2,6,4,6,10,5,0,0,4,0.0218898870002703,0.0063946049999685,0.0,0.0063946049999685,0.0064932289997159,0.0284409050000249,Optimal,0,none,1.409488442738851,0,5,100.0,100.0,100.0,2.0,0,2,0,0.0,0.0,0.0,0.0,0,2,0,0.0,0.0,0.0,0.0,0,2,0,0.0,0.0,0.0,0.0,0,2,0,0.0,0.0,0.0,0.0,4.391599986774963e-05,0,100.0,0,0,0,0.0,0.0,0.0,0,0,0,0.0,0.0,0.0,0,0,0,0.0,0.0,0.0,0,0,0,0.0,0.0,0.0
Open Images,1313a4add388424c,12,1,2,0,1,0,2,0,2,1,0,0,2,0.0272498169997561,0.0064897170000222,0.0,0.0064897170000222,0.0065520899997864,0.0338308519999372,Optimal,0,none,0.5470439116160075,0,2,100.0,100.0,100.0,2.0,0,1,1,0.0,0.0,0.0,0.0,0,1,1,0.0,0.0,0.0,0.0,0,1,1,0.0,0.0,0.0,0.0,0,1,1,0.0,0.0,0.0,0.0,2.113699974870542e-05,0,100.0,0,0,0,0.0,0.0,0.0,0,0,0,0.0,0.0,0.0,0,0,0,0.0,0.0,0.0,0,0,0,0.0,0.0,0.0
Open Images,135deaa5afb21894,13,0,1,0,0,0,0,0,0,0,0,0,1,0.0178374789998088,0.0046050049995756,0.0,0.0046050049995756,0.0046414779999395,0.0224957989998983,Optimal,0,none,,0,1,100.0,0.0,0.0,0.0,0,0,0,0.0,0.0,0.0,0.0,0,0,0,0.0,0.0,0.0,0.0,0,0,0,0.0,0.0,0.0,0.0,0,0,0,0.0,0.0,0.0,0.0,1.0574000043561682e-05,0,100.0,0,0,0,0.0,0.0,0.0,0,0,0,0.0,0.0,0.0,0,0,0,0.0,0.0,0.0,0,0,0,0.0,0.0,0.0
Open Images,13d93884b48bc28c,15,1,2,0,2,4,4,4,8,5,0,0,4,0.0193509489999996,0.00645370500024,0.0,0.00645370500024,0.0065533410001989,0.0259607779998987,Optimal,0,none,1.5140567334493005,0,5,100.0,100.0,100.0,2.0,1,1,0,0.5,1.0,0.6666666666666666,0.9686775280588596,1,1,0,0.5,1.0,0.6666666666666666,0.9686775280588596,1,1,0,0.5,1.0,0.6666666666666666,0.9686775280588596,1,1,0,0.5,1.0,0.6666666666666666,0.9686775280588596,4.147300023760181e-05,0,100.0,0,0,0,0.0,0.0,0.0,0,0,0,0.0,0.0,0.0,0,0,0,0.0,0.0,0.0,0,0,0,0.0,0.0,0.0
Open Images,13ffeb4fec0d2c49,14,1,3,0,2,3,4,3,7,5,0,0,4,0.0250910180002392,0.0070647319998897,0.0,0.0070647319998897,0.0071738649999133,0.0323209820003285,Optimal,0,none,1.539178613026937,0,5,100.0,100.0,100.0,2.0,1,1,0,0.5,1.0,0.6666666666666666,0.6660247313233517,1,1,0,0.5,1.0,0.6666666666666666,0.6660247313233517,1,1,0,0.5,1.0,0.6666666666666666,0.6660247313233517,1,1,0,0.5,1.0,0.6666666666666666,0.6660247313233517,4.053799966641236e-05,0,100.0,0,0,0,0.0,0.0,0.0,0,0,0,0.0,0.0,0.0,0,0,0,0.0,0.0,0.0,0,0,0,0.0,0.0,0.0
Open Images,141d8961e111ead7,60,0,9,0,21,783,42,783,825,442,0,0,42,0.0252972690000206,0.0396217839997916,0.0,0.0396217839997916,0.0406776260001606,0.0680002819999572,Optimal,0,none,17.93371315256689,0,64,100.0,100.0,100.0,2.0,0,21,0,0.0,0.0,0.0,0.0,0,21,0,0.0,0.0,0.0,0.0,0,21,0,0.0,0.0,0.0,0.0,0,21,0,0.0,0.0,0.0,0.0,0.0019266929998593,0,100.0,0,0,0,0.0,0.0,0.0,0,0,0,0.0,0.0,0.0,0,0,0,0.0,0.0,0.0,0,0,0,0.0,0.0,0.0
Open Images,146316cdeb2aef2a,38,2,4,0,15,407,30,407,437,226,0,0,30,0.0270526550002614,0.0238339799998357,0.0,0.0238339799998357,0.0244811210000079,0.0525957959998777,Optimal,0,none,12.385170756350687,0,46,100.0,100.0,100.0,2.0,2,13,0,0.1333333333333333,1.0,0.2352941176470588,0.9291522064053678,2,13,0,0.1333333333333333,1.0,0.2352941176470588,0.9291522064053678,2,13,0,0.1333333333333333,1.0,0.2352941176470588,0.9291522064053678,2,13,0,0.1333333333333333,1.0,0.2352941176470588,0.9291522064053678,0.0009943730001396,0,100.0,0,0,0,0.0,0.0,0.0,0,0,0,0.0,0.0,0.0,0,0,0,0.0,0.0,0.0,0,0,0,0.0,0.0,0.0
Open Images,1654c86093ada840,9,1,2,0,8,109,16,109,125,65,0,0,16,0.0188610919999518,0.0127425179998681,0.0,0.0127425179998681,0.0131372320001901,0.0323561499999414,Optimal,0,none,6.3666421351983065,0,25,100.0,100.0,100.0,2.0,1,7,0,0.125,1.0,0.2222222222222222,0.8307949200990739,1,7,0,0.125,1.0,0.2222222222222222,0.8307949200990739,1,7,0,0.125,1.0,0.2222222222222222,0.8307949200990739,1,7,0,0.125,1.0,0.2222222222222222,0.8307949200990739,0.0003155829999741,0,100.0,0,0,0,0.0,0.0,0.0,0,0,0,0.0,0.0,0.0,0,0,0,0.0,0.0,0.0,0,0,0,0.0,0.0,0.0
Open Images,169795b5dffa3dc6,45,4,2,0,10,173,20,173,193,101,0,0,20,0.0229768419999345,0.0154569629999059,0.0,0.0154569629999059,0.0159162479999395,0.0394528379997609,Optimal,0,none,8.755984160049106,0,31,100.0,100.0,100.0,2.0,2,8,2,0.2,0.5,0.2857142857142857,0.958175805994731,2,8,2,0.2,0.5,0.2857142857142857,0.958175805994731,2,8,2,0.2,0.5,0.2857142857142857,0.958175805994731,2,8,2,0.2,0.5,0.2857142857142857,0.958175805994731,0.0005084700001134,0,100.0,0,0,0,0.0,0.0,0.0,0,0,0,0.0,0.0,0.0,0,0,0,0.0,0.0,0.0,0,0,0,0.0,0.0,0.0
Open Images,18f5b21c06c6f3d1,15,1,8,0,4,27,8,27,35,17,0,0,8,0.0254181570003311,0.0087723990000085,0.0,0.0087723990000085,0.0089626950002639,0.0345390830002543,Optimal,0,none,3.282915440410872,0,13,100.0,100.0,100.0,2.0,0,4,1,0.0,0.0,0.0,0.6140335437478744,0,4,1,0.0,0.0,0.0,0.6140335437478744,0,4,1,0.0,0.0,0.0,0.6140335437478744,0,4,1,0.0,0.0,0.0,0.6140335437478744,0.0001307210000049,0,100.0,0,0,0,0.0,0.0,0.0,0,0,0,0.0,0.0,0.0,0,0,0,0.0,0.0,0.0,0,0,0,0.0,0.0,0.0
Open Images,19aa926f2f7d9782,7,1,1,0,4,25,8,25,33,17,0,0,8,0.0261767379997763,0.0086548249996667,0.0,0.0086548249996667,0.0088441279999642,0.035162599999694,Optimal,0,none,3.4991718260447198,0,13,100.0,100.0,100.0,2.0,1,3,0,0.25,1.0,0.4,0.91919677256155,1,3,0,0.25,1.0,0.4,0.91919677256155,1,3,0,0.25,1.0,0.4,0.91919677256155,1,3,0,0.25,1.0,0.4,0.91919677256155,0.0001135389998125,0,100.0,0,0,0,0.0,0.0,0.0,0,0,0,0.0,0.0,0.0,0,0,0,0.0,0.0,0.0,0,0,0,0.0,0.0,0.0
Open Images,1ad1b75ba69177b3,2,0,1,0,0,0,0,0,0,0,0,0,1,0.0216442410001036,0.0059840459998667,0.0,0.0059840459998667,0.0060271620000094,0.0276898730003267,Optimal,0,none,,0,1,100.0,0.0,0.0,0.0,0,0,0,0.0,0.0,0.0,0.0,0,0,0,0.0,0.0,0.0,0.0,0,0,0,0.0,0.0,0.0,0.0,0,0,0,0.0,0.0,0.0,0.0,1.1677000202325871e-05,0,100.0,0,0,0,0.0,0.0,0.0,0,0,0,0.0,0.0,0.0,0,0,0,0.0,0.0,0.0,0,0,0,0.0,0.0,0.0
Open Images,1b02d463464d45f3,5,1,1,0,3,10,6,10,16,10,0,0,6,0.0175296190000153,0.0064227180000671,0.0,0.0064227180000671,0.0065619629999673,0.0241744810000454,Optimal,0,none,2.492304286956788,0,10,100.0,100.0,100.0,2.0,0,3,1,0.0,0.0,0.0,0.0,0,3,1,0.0,0.0,0.0,0.0,0,3,1,0.0,0.0,0.0,0.0,0,3,1,0.0,0.0,0.0,0.0,6.111800030339509e-05,0,100.0,0,0,0,0.0,0.0,0.0,0,0,0,0.0,0.0,0.0,0,0,0,0.0,0.0,0.0,0,0,0,0.0,0.0,0.0
Open Images,1b75ec99a2b81fa6,6,2,2,0,2,4,4,4,8,5,0,0,4,0.0182347160002791,0.0063788279999243,0.0,0.0063788279999243,0.0065003169997908,0.0247999550001623,Optimal,0,none,1.270775082906087,0,5,100.0,100.0,100.0,2.0,1,1,1,0.5,0.5,0.5,0.9420698098033362,1,1,1,0.5,0.5,0.5,0.9420698098033362,1,1,1,0.5,0.5,0.5,0.9420698098033362,1,1,1,0.5,0.5,0.5,0.9420698098033362,4.969200017512776e-05,0,100.0,0,0,0,0.0,0.0,0.0,0,0,0,0.0,0.0,0.0,0,0,0,0.0,0.0,0.0,0,0,0,0.0,0.0,0.0
Open Images,1b8c4e46421a0a9f,13,1,1,0,2,2,4,2,6,5,0,0,4,0.0177588550000109,0.006395483000233,0.0,0.006395483000233,0.0065078980001089,0.0243189349998829,Optimal,0,none,1.530704811414083,0,5,100.0,100.0,100.0,2.0,0,2,1,0.0,0.0,0.0,0.0,0,2,1,0.0,0.0,0.0,0.0,0,2,1,0.0,0.0,0.0,0.0,0,2,1,0.0,0.0,0.0,0.0,3.688900005727192e-05,0,100.0,0,0,0,0.0,0.0,0.0,0,0,0,0.0,0.0,0.0,0,0,0,0.0,0.0,0.0,0,0,0,0.0,0.0,0.0
Open Images,1bde6aa77c1a45fb,29,25,4,0,20,693,40,693,733,401,0,0,40,0.0230174700000134,0.0364502520001224,0.0,0.0364502520001224,0.0374694150000323,0.0621499120002226,Optimal,0,none,16.502481374196076,0,61,100.0,100.0,100.0,2.0,13,7,12,0.65,0.52,0.5777777777777778,0.8325844373758025,13,7,12,0.65,0.52,0.5777777777777778,0.8325844373758025,13,7,12,0.65,0.52,0.5777777777777778,0.8325844373758025,13,7,12,0.65,0.52,0.5777777777777778,0.8325844373758025,0.0015757879996272,0,100.0,0,0,0,0.0,0.0,0.0,0,0,0,0.0,0.0,0.0,0,0,0,0.0,0.0,0.0,0,0,0,0.0,0.0,0.0
Open Images,1c1a752a8b9553f7,21,0,1,0,5,40,10,40,50,26,0,0,10,0.0266855650002071,0.0074096680000366,0.0,0.0074096680000366,0.0075938939999105,0.0344402069999887,Optimal,0,none,4.330292781194053,0,16,100.0,100.0,100.0,2.0,0,5,0,0.0,0.0,0.0,0.0,0,5,0,0.0,0.0,0.0,0.0,0,5,0,0.0,0.0,0.0,0.0,0,5,0,0.0,0.0,0.0,0.0,0.0001328550001744,0,100.0,0,0,0,0.0,0.0,0.0,0,0,0,0.0,0.0,0.0,0,0,0,0.0,0.0,0.0,0,0,0,0.0,0.0,0.0
Open Images,1d6468e90f600660,5,0,2,0,1,0,2,0,2,1,0,0,2,0.0194851979999839,0.0061515030001828,0.0,0.0061515030001828,0.0062136789997566,0.0257278879998921,Optimal,0,none,0.4880836645762125,0,2,100.0,100.0,100.0,2.0,0,1,0,0.0,0.0,0.0,0.0,0,1,0,0.0,0.0,0.0,0.0,0,1,0,0.0,0.0,0.0,0.0,0,1,0,0.0,0.0,0.0,0.0,2.082199989672517e-05,0,100.0,0,0,0,0.0,0.0,0.0,0,0,0,0.0,0.0,0.0,0,0,0,0.0,0.0,0.0,0,0,0,0.0,0.0,0.0
Open Images,1d8766876ad7362a,6,1,1,0,1,0,2,0,2,1,0,0,2,0.0187198479998187,0.0061855650001234,0.0,0.0061855650001234,0.0062463999997817,0.0249963129999741,Optimal,0,none,0.5012473980585734,0,2,100.0,100.0,100.0,2.0,1,0,0,1.0,1.0,1.0,0.9733708221357734,1,0,0,1.0,1.0,1.0,0.9733708221357734,1,0,0,1.0,1.0,1.0,0.9733708221357734,1,0,0,1.0,1.0,1.0,0.9733708221357734,2.227899994977633e-05,0,100.0,0,0,0,0.0,0.0,0.0,0,0,0,0.0,0.0,0.0,0,0,0,0.0,0.0,0.0,0,0,0,0.0,0.0,0.0
Open Images,1e7b2a58768e328c,10,0,2,0,1,0,2,0,2,1,0,0,2,0.0139496130000225,0.006292046999988,0.0,0.006292046999988,0.0063497200003439,0.0203261569999995,Optimal,0,none,0.6336860577265422,0,2,100.0,100.0,100.0,2.0,0,1,0,0.0,0.0,0.0,0.0,0,1,0,0.0,0.0,0.0,0.0,0,1,0,0.0,0.0,0.0,0.0,0,1,0,0.0,0.0,0.0,0.0,1.972100017155753e-05,0,100.0,0,0,0,0.0,0.0,0.0,0,0,0,0.0,0.0,0.0,0,0,0,0.0,0.0,0.0,0,0,0,0.0,0.0,0.0
Open Images,1f05d514448663fc,7,0,1,0,4,28,8,28,36,17,0,0,8,0.0182120999998005,0.0074855869997918,0.0,0.0074855869997918,0.0076701850002791,0.0260142309998627,Optimal,0,none,3.275505005518596,0,13,100.0,100.0,100.0,2.0,0,4,0,0.0,0.0,0.0,0.0,0,4,0,0.0,0.0,0.0,0.0,0,4,0,0.0,0.0,0.0,0.0,0,4,0,0.0,0.0,0.0,0.0,0.0001044099999489,0,100.0,0,0,0,0.0,0.0,0.0,0,0,0,0.0,0.0,0.0,0,0,0,0.0,0.0,0.0,0,0,0,0.0,0.0,0.0
Open Images,1f6c156f2cb2d4f2,9,0,2,0,1,0,2,0,2,1,0,0,2,0.0222644699997545,0.0068551160002243,0.0,0.0068551160002243,0.0069296509996092,0.029227107999759,Optimal,0,none,0.4944753090540568,0,2,100.0,100.0,100.0,2.0,0,1,0,0.0,0.0,0.0,0.0,0,1,0,0.0,0.0,0.0,0.0,0,1,0,0.0,0.0,0.0,0.0,0,1,0,0.0,0.0,0.0,0.0,2.4059000224951888e-05,0,100.0,0,0,0,0.0,0.0,0.0,0,0,0,0.0,0.0,0.0,0,0,0,0.0,0.0,0.0,0,0,0,0.0,0.0,0.0
Open Images,1f7c30f0c24fda91,15,0,4,0,4,20,8,20,28,17,0,0,8,0.0204756690000067,0.0081636830000206,0.0,0.0081636830000206,0.0083469819996935,0.0289684790000137,Optimal,0,none,3.398326382584655,0,13,100.0,100.0,100.0,2.0,0,4,0,0.0,0.0,0.0,0.0,0,4,0,0.0,0.0,0.0,0.0,0,4,0,0.0,0.0,0.0,0.0,0,4,0,0.0,0.0,0.0,0.0,0.0001178140000774,0,100.0,0,0,0,0.0,0.0,0.0,0,0,0,0.0,0.0,0.0,0,0,0,0.0,0.0,0.0,0,0,0,0.0,0.0,0.0
Open Images,1fe277f5abfc7d74,14,0,4,0,1,0,2,0,2,1,0,0,2,0.0160829059996103,0.0062056259998826,0.0,0.0062056259998826,0.0062768699999651,0.0223926609996851,Optimal,0,none,0.5522892634073893,0,2,100.0,100.0,100.0,2.0,0,1,0,0.0,0.0,0.0,0.0,0,1,0,0.0,0.0,0.0,0.0,0,1,0,0.0,0.0,0.0,0.0,0,1,0,0.0,0.0,0.0,0.0,2.386700043643941e-05,0,100.0,0,0,0,0.0,0.0,0.0,0,0,0,0.0,0.0,0.0,0,0,0,0.0,0.0,0.0,0,0,0,0.0,0.0,0.0
Open Images,2198847783e240e7,3,0,2,0,1,0,2,0,2,1,0,0,2,0.0220457109999188,0.0059852629997294,0.0,0.0059852629997294,0.0060520810002344,0.028125811999871,Optimal,0,none,0.6498980919520061,0,2,100.0,100.0,100.0,2.0,0,1,0,0.0,0.0,0.0,0.0,0,1,0,0.0,0.0,0.0,0.0,0,1,0,0.0,0.0,0.0,0.0,0,1,0,0.0,0.0,0.0,0.0,2.0785999822692247e-05,0,100.0,0,0,0,0.0,0.0,0.0,0,0,0,0.0,0.0,0.0,0,0,0,0.0,0.0,0.0,0,0,0,0.0,0.0,0.0
Open Images,231a40bf7aa6ddb9,24,0,3,0,2,2,4,2,6,5,0,0,4,0.0222165359996324,0.0063408790001631,0.0,0.0063408790001631,0.0065054740002779,0.0287756579996312,Optimal,0,none,1.5168820269902543,0,5,100.0,100.0,100.0,2.0,0,2,0,0.0,0.0,0.0,0.0,0,2,0,0.0,0.0,0.0,0.0,0,2,0,0.0,0.0,0.0,0.0,0,2,0,0.0,0.0,0.0,0.0,3.8516000131494366e-05,0,100.0,0,0,0,0.0,0.0,0.0,0,0,0,0.0,0.0,0.0,0,0,0,0.0,0.0,0.0,0,0,0,0.0,0.0,0.0
Open Images,23282811e70b4df7,14,0,4,0,2,4,4,4,8,5,0,0,4,0.0180187760001899,0.0065167950001523,0.0,0.0065167950001523,0.0066123579999839,0.0246863790002862,Optimal,0,none,1.2759353407224017,0,5,100.0,100.0,100.0,2.0,0,2,0,0.0,0.0,0.0,0.0,0,2,0,0.0,0.0,0.0,0.0,0,2,0,0.0,0.0,0.0,0.0,0,2,0,0.0,0.0,0.0,0.0,4.067999998369487e-05,0,100.0,0,0,0,0.0,0.0,0.0,0,0,0,0.0,0.0,0.0,0,0,0,0.0,0.0,0.0,0,0,0,0.0,0.0,0.0
Open Images,24ecee17e7b53fab,21,0,2,0,4,22,8,22,30,17,0,0,8,0.0201301930001136,0.0075504739997995,0.0,0.0075504739997995,0.0076956660000178,0.027952087000358,Optimal,0,none,3.726051446596783,0,13,100.0,100.0,100.0,2.0,0,4,0,0.0,0.0,0.0,0.0,0,4,0,0.0,0.0,0.0,0.0,0,4,0,0.0,0.0,0.0,0.0,0,4,0,0.0,0.0,0.0,0.0,8.606999972471385e-05,0,100.0,0,0,0,0.0,0.0,0.0,0,0,0,0.0,0.0,0.0,0,0,0,0.0,0.0,0.0,0,0,0,0.0,0.0,0.0
Open Images,25ce96bd10afe1b0,46,1,9,0,8,101,16,101,117,65,0,0,16,0.0188671670002804,0.0115388370004438,0.0,0.0115388370004438,0.0118308129999604,0.0310103910001089,Optimal,0,none,6.805458134015404,0,25,100.0,100.0,100.0,2.0,1,7,0,0.125,1.0,0.2222222222222222,0.7878359443574888,1,7,0,0.125,1.0,0.2222222222222222,0.7878359443574888,1,7,0,0.125,1.0,0.2222222222222222,0.7878359443574888,1,7,0,0.125,1.0,0.2222222222222222,0.7878359443574888,0.0002757090001068,0,100.0,0,0,0,0.0,0.0,0.0,0,0,0,0.0,0.0,0.0,0,0,0,0.0,0.0,0.0,0,0,0,0.0,0.0,0.0
Open Images,26d3e6efda2035c0,20,0,2,0,1,0,2,0,2,1,0,0,2,0.0167624250002518,0.0066684659996099,0.0,0.0066684659996099,0.0067392949999884,0.0235318899999583,Optimal,0,none,0.6185739676157633,0,2,100.0,100.0,100.0,2.0,0,1,0,0.0,0.0,0.0,0.0,0,1,0,0.0,0.0,0.0,0.0,0,1,0,0.0,0.0,0.0,0.0,0,1,0,0.0,0.0,0.0,0.0,2.214000005551497e-05,0,100.0,0,0,0,0.0,0.0,0.0,0,0,0,0.0,0.0,0.0,0,0,0,0.0,0.0,0.0,0,0,0,0.0,0.0,0.0
Open Images,2722015316635d05,15,1,1,0,2,4,4,4,8,5,0,0,4,0.0250346170000739,0.007019799000318,0.0,0.007019799000318,0.0071327860000565,0.0322268270001586,Optimal,0,none,1.5091525204976397,0,5,100.0,100.0,100.0,2.0,1,1,0,0.5,1.0,0.6666666666666666,0.9277365489355252,1,1,0,0.5,1.0,0.6666666666666666,0.9277365489355252,1,1,0,0.5,1.0,0.6666666666666666,0.9277365489355252,1,1,0,0.5,1.0,0.6666666666666666,0.9277365489355252,4.4175999846629566e-05,0,100.0,0,0,0,0.0,0.0,0.0,0,0,0,0.0,0.0,0.0,0,0,0,0.0,0.0,0.0,0,0,0,0.0,0.0,0.0
Open Images,286de7c921469cec,6,0,2,0,6,61,12,61,73,37,0,0,12,0.0204265890001806,0.0089474229998813,0.0,0.0089474229998813,0.0091851519996453,0.0298428629998852,Optimal,0,none,4.841648862885429,0,19,100.0,100.0,100.0,2.0,0,6,0,0.0,0.0,0.0,0.0,0,6,0,0.0,0.0,0.0,0.0,0,6,0,0.0,0.0,0.0,0.0,0,6,0,0.0,0.0,0.0,0.0,0.0001965280002877,0,100.0,0,0,0,0.0,0.0,0.0,0,0,0,0.0,0.0,0.0,0,0,0,0.0,0.0,0.0,0,0,0,0.0,0.0,0.0
Open Images,2bded1f9cb587843,6,0,1,0,2,3,4,3,7,5,0,0,4,0.0236197839999476,0.0063503169999421,0.0,0.0063503169999421,0.0064580119997117,0.0301387790000262,Optimal,0,none,1.4189045079549152,0,5,100.0,100.0,100.0,2.0,0,2,0,0.0,0.0,0.0,0.0,0,2,0,0.0,0.0,0.0,0.0,0,2,0,0.0,0.0,0.0,0.0,0,2,0,0.0,0.0,0.0,0.0,4.41990000581427e-05,0,100.0,0,0,0,0.0,0.0,0.0,0,0,0,0.0,0.0,0.0,0,0,0,0.0,0.0,0.0,0,0,0,0.0,0.0,0.0
Open Images,2ce0d48f1957670e,3,0,1,0,2,2,4,2,6,5,0,0,4,0.0171870310000485,0.0068372259997886,0.0,0.0068372259997886,0.0069675089998781,0.0242337190002217,Optimal,0,none,1.112633851369222,0,5,100.0,100.0,100.0,2.0,0,2,0,0.0,0.0,0.0,0.0,0,2,0,0.0,0.0,0.0,0.0,0,2,0,0.0,0.0,0.0,0.0,0,2,0,0.0,0.0,0.0,0.0,6.109000014475896e-05,0,100.0,0,0,0,0.0,0.0,0.0,0,0,0,0.0,0.0,0.0,0,0,0,0.0,0.0,0.0,0,0,0,0.0,0.0,0.0
Open Images,2dab4bf641b91d2a,20,1,2,0,4,18,8,18,26,17,0,0,8,0.0199427150000701,0.0084891329997844,0.0,0.0084891329997844,0.008704557999863,0.0287762580001071,Optimal,0,none,3.3153839008013417,0,13,100.0,100.0,100.0,2.0,1,3,0,0.25,1.0,0.4,0.9404980766693048,1,3,0,0.25,1.0,0.4,0.9404980766693048,1,3,0,0.25,1.0,0.4,0.9404980766693048,1,3,0,0.25,1.0,0.4,0.9404980766693048,9.897700010697008e-05,0,100.0,0,0,0,0.0,0.0,0.0,0,0,0,0.0,0.0,0.0,0,0,0,0.0,0.0,0.0,0,0,0,0.0,0.0,0.0
Open Images,2e08a3701ae74310,14,3,1,0,4,18,8,18,26,17,0,0,8,0.0219283159999577,0.0081214189999627,0.0,0.0081214189999627,0.0083127100001547,0.0303596119997564,Optimal,0,none,3.572542351881664,0,13,100.0,100.0,100.0,2.0,3,1,0,0.75,1.0,0.8571428571428571,0.8311407638447051,3,1,0,0.75,1.0,0.8571428571428571,0.8311407638447051,3,1,0,0.75,1.0,0.8571428571428571,0.8311407638447051,3,1,0,0.75,1.0,0.8571428571428571,0.8311407638447051,9.108199992624576e-05,0,100.0,0,0,0,0.0,0.0,0.0,0,0,0,0.0,0.0,0.0,0,0,0,0.0,0.0,0.0,0,0,0,0.0,0.0,0.0
Open Images,2e1b6b5c14f7d522,58,0,1,0,22,878,44,878,922,485,0,0,44,0.0293233960001089,0.0442406940001092,0.0,0.0442406940001092,0.0455176629998277,0.0770131740000579,Optimal,0,none,17.432239037946722,0,67,100.0,100.0,100.0,2.0,0,22,0,0.0,0.0,0.0,0.0,0,22,0,0.0,0.0,0.0,0.0,0,22,0,0.0,0.0,0.0,0.0,0,22,0,0.0,0.0,0.0,0.0,0.002065942000172,0,100.0,0,0,0,0.0,0.0,0.0,0,0,0,0.0,0.0,0.0,0,0,0,0.0,0.0,0.0,0,0,0,0.0,0.0,0.0
Open Images,2e6ed3de36f341f7,27,0,4,0,8,105,16,105,121,65,0,0,16,0.0223943789997065,0.0116412450001917,0.0,0.0116412450001917,0.0119325230002687,0.0346487169999818,Optimal,0,none,6.868904681746895,0,25,100.0,100.0,100.0,2.0,0,8,0,0.0,0.0,0.0,0.0,0,8,0,0.0,0.0,0.0,0.0,0,8,0,0.0,0.0,0.0,0.0,0,8,0,0.0,0.0,0.0,0.0,0.00028318700015,0,100.0,0,0,0,0.0,0.0,0.0,0,0,0,0.0,0.0,0.0,0,0,0,0.0,0.0,0.0,0,0,0,0.0,0.0,0.0
Open Images,2ed000d799794d71,9,3,2,2,4,22,8,22,30,17,0,0,8,0.0250408679999054,0.008594604999871,0.0,0.008594604999871,0.0087734660000933,0.0339578359998995,Optimal,0,none,3.2402165584205767,0,13,100.0,100.0,100.0,2.0,2,2,1,0.5,0.6666666666666666,0.5714285714285715,0.8809923565849919,2,2,1,0.5,0.6666666666666666,0.5714285714285715,0.8809923565849919,2,2,1,0.5,0.6666666666666666,0.5714285714285715,0.8809923565849919,2,2,1,0.5,0.6666666666666666,0.5714285714285715,0.8809923565849919,0.0001145339997492,0,100.0,0,1,2,0.0,0.0,0.0,0,2,2,0.0,0.0,0.0,0,1,2,0.0,0.0,0.0,0,1,2,0.0,0.0,0.0
Open Images,2eeec709f51ecd0d,7,3,1,0,3,13,6,13,19,10,0,0,6,0.0213693949999651,0.0074011669998981,0.0,0.0074011669998981,0.0075410879999253,0.0290008060001127,Optimal,0,none,2.507648972026066,0,10,100.0,100.0,100.0,2.0,1,2,2,0.3333333333333333,0.3333333333333333,0.3333333333333333,0.7083609059484535,1,2,2,0.3333333333333333,0.3333333333333333,0.3333333333333333,0.7083609059484535,1,2,2,0.3333333333333333,0.3333333333333333,0.3333333333333333,0.7083609059484535,1,2,2,0.3333333333333333,0.3333333333333333,0.3333333333333333,0.7083609059484535,6.853100012449431e-05,0,100.0,0,0,0,0.0,0.0,0.0,0,0,0,0.0,0.0,0.0,0,0,0,0.0,0.0,0.0,0,0,0,0.0,0.0,0.0
Open Images,2f8ff99a443af1df,12,1,1,0,6,41,12,41,53,37,0,0,12,0.0201008779999938,0.0096091629998227,0.0,0.0096091629998227,0.0098429259996919,0.0301514319999114,Optimal,0,none,5.252360770702363,0,19,100.0,100.0,100.0,2.0,0,6,1,0.0,0.0,0.0,0.9657239857995884,0,6,1,0.0,0.0,0.0,0.9657239857995884,0,6,1,0.0,0.0,0.0,0.9657239857995884,0,6,1,0.0,0.0,0.0,0.9657239857995884,0.0001713320002636,0,100.0,0,0,0,0.0,0.0,0.0,0,0,0,0.0,0.0,0.0,0,0,0,0.0,0.0,0.0,0,0,0,0.0,0.0,0.0
Open Images,30ace30967aca271,17,0,4,0,2,2,4,2,6,5,0,0,4,0.0192917570002464,0.0068880849999004,0.0,0.0068880849999004,0.0069911839996166,0.0263360470003135,Optimal,0,none,1.4289038785298664,0,5,100.0,100.0,100.0,2.0,0,2,0,0.0,0.0,0.0,0.0,0,2,0,0.0,0.0,0.0,0.0,0,2,0,0.0,0.0,0.0,0.0,0,2,0,0.0,0.0,0.0,0.0,3.801599996222649e-05,0,100.0,0,0,0,0.0,0.0,0.0,0,0,0,0.0,0.0,0.0,0,0,0,0.0,0.0,0.0,0,0,0,0.0,0.0,0.0
Open Images,333452abf04d1b2b,25,4,3,0,14,348,28,348,376,197,0,0,28,0.026031107000108,0.0230570649996479,0.0,0.0230570649996479,0.0237015010002323,0.0508170100001734,Optimal,0,none,10.56008641423607,0,43,100.0,100.0,100.0,2.0,1,13,3,0.0714285714285714,0.25,0.1111111111111111,0.9417375249681936,1,13,3,0.0714285714285714,0.25,0.1111111111111111,0.9417375249681936,1,13,3,0.0714285714285714,0.25,0.1111111111111111,0.9417375249681936,1,13,3,0.0714285714285714,0.25,0.1111111111111111,0.9417375249681936,0.0009986029999708,0,100.0,0,0,0,0.0,0.0,0.0,0,0,0,0.0,0.0,0.0,0,0,0,0.0,0.0,0.0,0,0,0,0.0,0.0,0.0
Open Images,366209cb2cfa7f73,15,1,3,0,2,5,4,5,9,5,0,0,4,0.0373328450000371,0.0074328830000922,0.0,0.0074328830000922,0.0075530499998421,0.0449558640002578,Optimal,0,none,1.566732290585836,0,5,100.0,100.0,100.0,2.0,1,1,0,0.5,1.0,0.6666666666666666,0.9763294847710652,1,1,0,0.5,1.0,0.6666666666666666,0.9763294847710652,1,1,0,0.5,1.0,0.6666666666666666,0.9763294847710652,1,1,0,0.5,1.0,0.6666666666666666,0.9763294847710652,5.280400000629015e-05,0,100.0,0,0,0,0.0,0.0,0.0,0,0,0,0.0,0.0,0.0,0,0,0,0.0,0.0,0.0,0,0,0,0.0,0.0,0.0
Open Images,36a1f2f6d9539824,4,0,2,0,3,12,6,12,18,10,0,0,6,0.0185721980001289,0.007718369000031,0.0,0.007718369000031,0.0078569269999206,0.0265169859999332,Optimal,0,none,2.4158232116699225,0,10,100.0,100.0,100.0,2.0,0,3,0,0.0,0.0,0.0,0.0,0,3,0,0.0,0.0,0.0,0.0,0,3,0,0.0,0.0,0.0,0.0,0,3,0,0.0,0.0,0.0,0.0,6.555100026162108e-05,0,100.0,0,0,0,0.0,0.0,0.0,0,0,0,0.0,0.0,0.0,0,0,0,0.0,0.0,0.0,0,0,0,0.0,0.0,0.0
Open Images,3881457cb3a6585e,8,0,7,0,0,0,0,0,0,0,0,0,1,0.0198021139999582,0.0062442120001833,0.0,0.0062442120001833,0.0063152850002552,0.0261344360001203,Optimal,0,none,,0,1,100.0,0.0,0.0,0.0,0,0,0,0.0,0.0,0.0,0.0,0,0,0,0.0,0.0,0.0,0.0,0,0,0,0.0,0.0,0.0,0.0,0,0,0,0.0,0.0,0.0,0.0,1.0993000159942312e-05,0,100.0,0,0,0,0.0,0.0,0.0,0,0,0,0.0,0.0,0.0,0,0,0,0.0,0.0,0.0,0,0,0,0.0,0.0,0.0
Open Images,38dde2b71edf6611,17,0,7,0,1,0,2,0,2,1,0,0,2,0.0193476269996608,0.007173292999596,0.0,0.007173292999596,0.0072528890000285,0.0266337109997039,Optimal,0,none,0.6259068648020427,0,2,100.0,100.0,100.0,2.0,0,1,0,0.0,0.0,0.0,0.0,0,1,0,0.0,0.0,0.0,0.0,0,1,0,0.0,0.0,0.0,0.0,0,1,0,0.0,0.0,0.0,0.0,2.4001000383577772e-05,0,100.0,0,0,0,0.0,0.0,0.0,0,0,0,0.0,0.0,0.0,0,0,0,0.0,0.0,0.0,0,0,0,0.0,0.0,0.0
Open Images,3b2444d13b3b30e1,14,2,1,0,4,27,8,27,35,17,0,0,8,0.0272106470001745,0.0085751999999956,0.0,0.0085751999999956,0.0088810480001484,0.0362399949999598,Optimal,0,none,3.62683763186137,0,13,100.0,100.0,100.0,2.0,2,2,0,0.5,1.0,0.6666666666666666,0.7416443980189081,2,2,0,0.5,1.0,0.6666666666666666,0.7416443980189081,2,2,0,0.5,1.0,0.6666666666666666,0.7416443980189081,2,2,0,0.5,1.0,0.6666666666666666,0.7416443980189081,0.0001192210002045,0,100.0,0,0,0,0.0,0.0,0.0,0,0,0,0.0,0.0,0.0,0,0,0,0.0,0.0,0.0,0,0,0,0.0,0.0,0.0
Open Images,3b78e75f33d9b90a,10,2,5,0,2,4,4,4,8,5,0,0,4,0.0198153799997271,0.0072576049997223,0.0,0.0072576049997223,0.0073702449999473,0.0272474829998827,Optimal,0,none,1.472061498959859,0,5,100.0,100.0,100.0,2.0,0,2,2,0.0,0.0,0.0,0.0,0,2,2,0.0,0.0,0.0,0.0,0,2,2,0.0,0.0,0.0,0.0,0,2,2,0.0,0.0,0.0,0.0,4.6256000132416375e-05,0,100.0,0,0,0,0.0,0.0,0.0,0,0,0,0.0,0.0,0.0,0,0,0,0.0,0.0,0.0,0,0,0,0.0,0.0,0.0
Open Images,3ba112bd2a75b755,11,0,2,0,2,2,4,2,6,5,0,0,4,0.0260652719998688,0.0070188950003284,0.0,0.0070188950003284,0.007130361000236,0.0332548100000167,Optimal,0,none,1.0605557449658711,0,5,100.0,100.0,100.0,2.0,0,2,0,0.0,0.0,0.0,0.0,0,2,0,0.0,0.0,0.0,0.0,0,2,0,0.0,0.0,0.0,0.0,0,2,0,0.0,0.0,0.0,0.0,4.201399997327826e-05,0,100.0,0,0,0,0.0,0.0,0.0,0,0,0,0.0,0.0,0.0,0,0,0,0.0,0.0,0.0,0,0,0,0.0,0.0,0.0
Open Images,3bbedd517e851024,28,4,4,0,4,24,8,24,32,17,0,0,8,0.0241623960000652,0.00839869299989,0.0,0.00839869299989,0.0085684750001746,0.0328641870000865,Optimal,0,none,3.477640065352123,0,13,100.0,100.0,100.0,2.0,0,4,4,0.0,0.0,0.0,0.0,0,4,4,0.0,0.0,0.0,0.0,0,4,4,0.0,0.0,0.0,0.0,0,4,4,0.0,0.0,0.0,0.0,0.0001056119999702,0,100.0,0,0,0,0.0,0.0,0.0,0,0,0,0.0,0.0,0.0,0,0,0,0.0,0.0,0.0,0,0,0,0.0,0.0,0.0
Open Images,3be189900a496924,18,2,5,0,2,4,4,4,8,5,0,0,4,0.0180552659999193,0.0070061669998722,0.0,0.0070061669998722,0.0071149059999697,0.0252288279998538,Optimal,0,none,1.5276188643773398,0,5,100.0,100.0,100.0,2.0,0,2,2,0.0,0.0,0.0,0.0,0,2,2,0.0,0.0,0.0,0.0,0,2,2,0.0,0.0,0.0,0.0,0,2,2,0.0,0.0,0.0,0.0,4.334300001573865e-05,0,100.0,0,0,0,0.0,0.0,0.0,0,0,0,0.0,0.0,0.0,0,0,0,0.0,0.0,0.0,0,0,0,0.0,0.0,0.0
Open Images,3c134d48cbb1e25c,15,0,1,0,7,78,14,78,92,50,0,0,14,0.022933028999887,0.0122192479998375,0.0,0.0122192479998375,0.0125427990001298,0.035850499999924,Optimal,0,none,5.354841416781365,0,22,100.0,100.0,100.0,2.0,0,7,0,0.0,0.0,0.0,0.0,0,7,0,0.0,0.0,0.0,0.0,0,7,0,0.0,0.0,0.0,0.0,0,7,0,0.0,0.0,0.0,0.0,0.0003286719997959,0,100.0,0,0,0,0.0,0.0,0.0,0,0,0,0.0,0.0,0.0,0,0,0,0.0,0.0,0.0,0,0,0,0.0,0.0,0.0
Open Images,3ce9353aae8238b1,34,1,1,0,9,122,18,122,140,82,0,0,18,0.0271952200000669,0.012094855000214,0.0,0.012094855000214,0.0124032159997113,0.0400599330000659,Optimal,0,none,6.994173042774204,0,28,100.0,100.0,100.0,2.0,1,8,0,0.1111111111111111,1.0,0.1999999999999999,0.8952752120231794,1,8,0,0.1111111111111111,1.0,0.1999999999999999,0.8952752120231794,1,8,0,0.1111111111111111,1.0,0.1999999999999999,0.8952752120231794,1,8,0,0.1111111111111111,1.0,0.1999999999999999,0.8952752120231794,0.0004164369997852,0,100.0,0,0,0,0.0,0.0,0.0,0,0,0,0.0,0.0,0.0,0,0,0,0.0,0.0,0.0,0,0,0,0.0,0.0,0.0
Open Images,3d1275028c1dcd88,41,8,3,0,8,103,16,103,119,65,0,0,16,0.0295289669998055,0.0115597110002454,0.0,0.0115597110002454,0.0119369419999202,0.0418725629997425,Optimal,0,none,6.733682657918186,0,25,100.0,100.0,100.0,2.0,3,5,5,0.375,0.375,0.375,0.8094657921470095,3,5,5,0.375,0.375,0.375,0.8094657921470095,3,5,5,0.375,0.375,0.375,0.8094657921470095,3,5,5,0.375,0.375,0.375,0.8094657921470095,0.0003595270000005,0,100.0,0,0,0,0.0,0.0,0.0,0,0,0,0.0,0.0,0.0,0,0,0,0.0,0.0,0.0,0,0,0,0.0,0.0,0.0
Open Images,3d42dd0fca5505cf,8,0,4,0,3,8,6,8,14,10,0,0,6,0.0257025129999419,0.0070161789999474,0.0,0.0070161789999474,0.0071462129999417,0.0329258219999246,Optimal,0,none,2.358098704814911,0,10,100.0,100.0,100.0,2.0,0,3,0,0.0,0.0,0.0,0.0,0,3,0,0.0,0.0,0.0,0.0,0,3,0,0.0,0.0,0.0,0.0,0,3,0,0.0,0.0,0.0,0.0,5.632700003843638e-05,0,100.0,0,0,0,0.0,0.0,0.0,0,0,0,0.0,0.0,0.0,0,0,0,0.0,0.0,0.0,0,0,0,0.0,0.0,0.0
Open Images,3e3f45d51c4a049e,22,0,2,0,3,10,6,10,16,10,0,0,6,0.0281095179998374,0.0071000360003381,0.0,0.0071000360003381,0.0072652029998607,0.0354611379998459,Optimal,0,none,2.181441133022308,0,10,100.0,100.0,100.0,2.0,0,3,0,0.0,0.0,0.0,0.0,0,3,0,0.0,0.0,0.0,0.0,0,3,0,0.0,0.0,0.0,0.0,0,3,0,0.0,0.0,0.0,0.0,6.482099979621125e-05,0,100.0,0,0,0,0.0,0.0,0.0,0,0,0,0.0,0.0,0.0,0,0,0,0.0,0.0,0.0,0,0,0,0.0,0.0,0.0
Open Images,3e6029e1509f1dd1,12,1,1,0,2,4,4,4,8,5,0,0,4,0.0204540140002791,0.00691555100002,0.0,0.00691555100002,0.0070246089999272,0.0275386369999068,Optimal,0,none,1.3039254983266195,0,5,100.0,100.0,100.0,2.0,0,2,1,0.0,0.0,0.0,0.0,0,2,1,0.0,0.0,0.0,0.0,0,2,1,0.0,0.0,0.0,0.0,0,2,1,0.0,0.0,0.0,0.0,4.474399975151755e-05,0,100.0,0,0,0,0.0,0.0,0.0,0,0,0,0.0,0.0,0.0,0,0,0,0.0,0.0,0.0,0,0,0,0.0,0.0,0.0
Open Images,3efce935d21b765a,33,1,1,0,4,20,8,20,28,17,0,0,8,0.0354590379997716,0.008483133000027,0.0,0.008483133000027,0.0086558190000687,0.0442371689996434,Optimal,0,none,3.581880542437237,0,13,100.0,100.0,100.0,2.0,1,3,0,0.25,1.0,0.4,0.9834501803810544,1,3,0,0.25,1.0,0.4,0.9834501803810544,1,3,0,0.25,1.0,0.4,0.9834501803810544,1,3,0,0.25,1.0,0.4,0.9834501803810544,9.718899991639772e-05,0,100.0,0,0,0,0.0,0.0,0.0,0,0,0,0.0,0.0,0.0,0,0,0,0.0,0.0,0.0,0,0,0,0.0,0.0,0.0
Open Images,3f2cc085cfc23975,26,2,1,0,2,2,4,2,6,5,0,0,4,0.018166003999795,0.0070268760000544,0.0,0.0070268760000544,0.0071985909999057,0.0254219620001094,Optimal,0,none,1.5358788855870564,0,5,100.0,100.0,100.0,2.0,0,2,2,0.0,0.0,0.0,0.0,0,2,2,0.0,0.0,0.0,0.0,0,2,2,0.0,0.0,0.0,0.0,0,2,2,0.0,0.0,0.0,0.0,4.020000005766633e-05,0,100.0,0,0,0,0.0,0.0,0.0,0,0,0,0.0,0.0,0.0,0,0,0,0.0,0.0,0.0,0,0,0,0.0,0.0,0.0
Open Images,3f67ddce3448e74c,19,1,1,0,2,4,4,4,8,5,0,0,4,0.0288694900000336,0.0071851370003059,0.0,0.0071851370003059,0.0073052730003837,0.0362744899998688,Optimal,0,none,1.4666102202733362,0,5,100.0,100.0,100.0,2.0,1,1,0,0.5,1.0,0.6666666666666666,0.8218840960745321,1,1,0,0.5,1.0,0.6666666666666666,0.8218840960745321,1,1,0,0.5,1.0,0.6666666666666666,0.8218840960745321,1,1,0,0.5,1.0,0.6666666666666666,0.8218840960745321,7.252000023072469e-05,0,100.0,0,0,0,0.0,0.0,0.0,0,0,0,0.0,0.0,0.0,0,0,0,0.0,0.0,0.0,0,0,0,0.0,0.0,0.0
Open Images,3f7d5b7ffa990565,27,8,12,0,7,80,14,80,94,49,0,0,14,0.0219562040001619,0.0108289820000209,0.0,0.0108289820000209,0.0110827739999876,0.0333963779999066,Optimal,0,none,5.580904852549238,0,22,100.0,100.0,100.0,2.0,2,5,6,0.2857142857142857,0.25,0.2666666666666666,0.7044107466659228,2,5,6,0.2857142857142857,0.25,0.2666666666666666,0.7044107466659228,2,5,6,0.2857142857142857,0.25,0.2666666666666666,0.7044107466659228,2,5,6,0.2857142857142857,0.25,0.2666666666666666,0.7044107466659228,0.0003107649999947,0,100.0,0,0,0,0.0,0.0,0.0,0,0,0,0.0,0.0,0.0,0,0,0,0.0,0.0,0.0,0,0,0,0.0,0.0,0.0
Open Images,408209a5977369e8,14,0,6,0,1,0,2,0,2,1,0,0,2,0.0200588279999465,0.0068600139998125,0.0,0.0068600139998125,0.0069401060000018,0.027035405999868,Optimal,0,none,0.6049686829249064,0,2,100.0,100.0,100.0,2.0,0,1,0,0.0,0.0,0.0,0.0,0,1,0,0.0,0.0,0.0,0.0,0,1,0,0.0,0.0,0.0,0.0,0,1,0,0.0,0.0,0.0,0.0,2.607700025691884e-05,0,100.0,0,0,0,0.0,0.0,0.0,0,0,0,0.0,0.0,0.0,0,0,0,0.0,0.0,0.0,0,0,0,0.0,0.0,0.0
Open Images,41a362d2cf8dd3f8,12,0,2,0,1,0,2,0,2,1,0,0,2,0.026403455000036,0.0068895179997525,0.0,0.0068895179997525,0.0069851019998168,0.0334204740001951,Optimal,0,none,0.6249683300654094,0,2,100.0,100.0,100.0,2.0,0,1,0,0.0,0.0,0.0,0.0,0,1,0,0.0,0.0,0.0,0.0,0,1,0,0.0,0.0,0.0,0.0,0,1,0,0.0,0.0,0.0,0.0,2.329199969608453e-05,0,100.0,0,0,0,0.0,0.0,0.0,0,0,0,0.0,0.0,0.0,0,0,0,0.0,0.0,0.0,0,0,0,0.0,0.0,0.0
Open Images,422d4210cdcdb6a5,22,1,2,0,2,2,4,2,6,5,0,0,4,0.0193964790000791,0.0070807480001349,0.0,0.0070807480001349,0.0071883369996612,0.0266377120001379,Optimal,0,none,1.47836102326711,0,5,100.0,100.0,100.0,2.0,1,1,0,0.5,1.0,0.6666666666666666,0.6905396309462108,1,1,0,0.5,1.0,0.6666666666666666,0.6905396309462108,1,1,0,0.5,1.0,0.6666666666666666,0.6905396309462108,1,1,0,0.5,1.0,0.6666666666666666,0.6905396309462108,3.6684999940916896e-05,0,100.0,0,0,0,0.0,0.0,0.0,0,0,0,0.0,0.0,0.0,0,0,0,0.0,0.0,0.0,0,0,0,0.0,0.0,0.0
Open Images,4287fb387a363c94,11,0,6,0,3,10,6,10,16,10,0,0,6,0.0310024880000128,0.0072853409997151,0.0,0.0072853409997151,0.0074681820001387,0.0385644339999089,Optimal,0,none,2.331888611316681,0,10,100.0,100.0,100.0,2.0,0,3,0,0.0,0.0,0.0,0.0,0,3,0,0.0,0.0,0.0,0.0,0,3,0,0.0,0.0,0.0,0.0,0,3,0,0.0,0.0,0.0,0.0,6.85549998706847e-05,0,100.0,0,0,0,0.0,0.0,0.0,0,0,0,0.0,0.0,0.0,0,0,0,0.0,0.0,0.0,0,0,0,0.0,0.0,0.0
Open Images,42cdf62be2cd206c,23,9,2,0,17,470,34,470,504,290,0,0,34,0.0287206300004072,0.0286047930003405,0.0,0.0286047930003405,0.029348377000133,0.0593842850003056,Optimal,0,none,14.20764364479021,0,52,100.0,100.0,100.0,2.0,6,11,3,0.3529411764705882,0.6666666666666666,0.4615384615384615,0.8482710950057251,6,11,3,0.3529411764705882,0.6666666666666666,0.4615384615384615,0.8482710950057251,6,11,3,0.3529411764705882,0.6666666666666666,0.4615384615384615,0.8482710950057251,6,11,3,0.3529411764705882,0.6666666666666666,0.4615384615384615,0.8482710950057251,0.0012358419999145,0,100.0,0,0,0,0.0,0.0,0.0,0,0,0,0.0,0.0,0.0,0,0,0,0.0,0.0,0.0,0,0,0,0.0,0.0,0.0
Open Images,43c19287631911c6,29,1,1,0,1,0,2,0,2,1,0,0,2,0.0265365010000095,0.0068350200003806,0.0,0.0068350200003806,0.0069207190003908,0.0334886710002138,Optimal,0,none,0.5776530663172403,0,2,100.0,100.0,100.0,2.0,0,1,1,0.0,0.0,0.0,0.0,0,1,1,0.0,0.0,0.0,0.0,0,1,1,0.0,0.0,0.0,0.0,0,1,1,0.0,0.0,0.0,0.0,2.2832000013295328e-05,0,100.0,0,0,0,0.0,0.0,0.0,0,0,0,0.0,0.0,0.0,0,0,0,0.0,0.0,0.0,0,0,0,0.0,0.0,0.0
Open Images,43f2a4b7197637ff,3,1,2,0,1,0,2,0,2,1,0,0,2,0.0226812309997512,0.0068532330001289,0.0,0.0068532330001289,0.00693571399961,0.0296713039997484,Optimal,0,none,0.6429742733637491,0,2,100.0,100.0,100.0,2.0,1,0,0,1.0,1.0,1.0,0.9540948588703974,1,0,0,1.0,1.0,1.0,0.9540948588703974,1,0,0,1.0,1.0,1.0,0.9540948588703974,1,0,0,1.0,1.0,1.0,0.9540948588703974,4.355500004749047e-05,0,100.0,0,0,0,0.0,0.0,0.0,0,0,0,0.0,0.0,0.0,0,0,0,0.0,0.0,0.0,0,0,0,0.0,0.0,0.0
Open Images,4420025f6d6ab706,23,1,2,0,7,66,14,66,80,50,0,0,14,0.0348783979998188,0.0114159290001225,0.0,0.0114159290001225,0.0117034760000933,0.0469465900000614,Optimal,0,none,5.750148694876083,0,22,100.0,100.0,100.0,2.0,1,6,0,0.1428571428571428,1.0,0.25,0.9471912386236794,1,6,0,0.1428571428571428,1.0,0.25,0.9471912386236794,1,6,0,0.1428571428571428,1.0,0.25,0.9471912386236794,1,6,0,0.1428571428571428,1.0,0.25,0.9471912386236794,0.0003181259999109,0,100.0,0,0,0,0.0,0.0,0.0,0,0,0,0.0,0.0,0.0,0,0,0,0.0,0.0,0.0,0,0,0,0.0,0.0,0.0
Open Images,450dc8db3bfee2c9,25,0,1,0,3,9,6,9,15,10,0,0,6,0.0222242680001727,0.007582887999888,0.0,0.007582887999888,0.0077278359999581,0.030044201000237,Optimal,0,none,2.5320233511924743,0,10,100.0,100.0,100.0,2.0,0,3,0,0.0,0.0,0.0,0.0,0,3,0,0.0,0.0,0.0,0.0,0,3,0,0.0,0.0,0.0,0.0,0,3,0,0.0,0.0,0.0,0.0,6.805699968026602e-05,0,100.0,0,0,0,0.0,0.0,0.0,0,0,0,0.0,0.0,0.0,0,0,0,0.0,0.0,0.0,0,0,0,0.0,0.0,0.0
Open Images,489b8628e0f419a5,23,1,1,0,2,6,4,6,10,5,0,0,4,0.0256710899998324,0.0077051010002833,0.0,0.0077051010002833,0.0078562310000052,0.0335944459998245,Optimal,0,none,1.4132146628697717,0,5,100.0,100.0,100.0,2.0,1,1,0,0.5,1.0,0.6666666666666666,0.9412092352338386,1,1,0,0.5,1.0,0.6666666666666666,0.9412092352338386,1,1,0,0.5,1.0,0.6666666666666666,0.9412092352338386,1,1,0,0.5,1.0,0.6666666666666666,0.9412092352338386,5.136600020705373e-05,0,100.0,0,0,0,0.0,0.0,0.0,0,0,0,0.0,0.0,0.0,0,0,0,0.0,0.0,0.0,0,0,0,0.0,0.0,0.0
Open Images,48abd1db27d7de96,32,2,1,0,7,77,14,77,91,50,0,0,14,0.0205218490000334,0.010944365999876,0.0,0.010944365999876,0.0112250600000152,0.0320200450000811,Optimal,0,none,5.730502754847211,0,22,100.0,100.0,100.0,2.0,2,5,0,0.2857142857142857,1.0,0.4444444444444445,0.8365104225501365,2,5,0,0.2857142857142857,1.0,0.4444444444444445,0.8365104225501365,2,5,0,0.2857142857142857,1.0,0.4444444444444445,0.8365104225501365,2,5,0,0.2857142857142857,1.0,0.4444444444444445,0.8365104225501365,0.0002335350000066,0,100.0,0,0,0,0.0,0.0,0.0,0,0,0,0.0,0.0,0.0,0,0,0,0.0,0.0,0.0,0,0,0,0.0,0.0,0.0
Open Images,48cd906fad6004bf,3,0,2,0,3,6,6,6,12,10,0,0,6,0.0245824610001363,0.007690747000197,0.0,0.007690747000197,0.0078393230000983,0.0325687180002205,Optimal,0,none,2.636022543907166,0,10,100.0,100.0,100.0,2.0,0,3,0,0.0,0.0,0.0,0.0,0,3,0,0.0,0.0,0.0,0.0,0,3,0,0.0,0.0,0.0,0.0,0,3,0,0.0,0.0,0.0,0.0,0.0001189579998026,0,100.0,0,0,0,0.0,0.0,0.0,0,0,0,0.0,0.0,0.0,0,0,0,0.0,0.0,0.0,0,0,0,0.0,0.0,0.0
Open Images,48d7e9892a1653e3,7,0,2,0,2,4,4,4,8,5,0,0,4,0.0216061520000039,0.0073963390000244,0.0,0.0073963390000244,0.0075468619997991,0.0292128149999371,Optimal,0,none,1.3847689302762354,0,5,100.0,100.0,100.0,2.0,0,2,0,0.0,0.0,0.0,0.0,0,2,0,0.0,0.0,0.0,0.0,0,2,0,0.0,0.0,0.0,0.0,0,2,0,0.0,0.0,0.0,0.0,4.38130000475212e-05,0,100.0,0,0,0,0.0,0.0,0.0,0,0,0,0.0,0.0,0.0,0,0,0,0.0,0.0,0.0,0,0,0,0.0,0.0,0.0
Open Images,494c1c49e967eb79,33,1,5,0,6,46,12,46,58,37,0,0,12,0.0303987010001947,0.0105235930000162,0.0,0.0105235930000162,0.0108163220002097,0.0414087320000362,Optimal,0,none,5.051163768978144,0,19,100.0,100.0,100.0,2.0,1,5,0,0.1666666666666666,1.0,0.2857142857142857,0.6880547856875847,1,5,0,0.1666666666666666,1.0,0.2857142857142857,0.6880547856875847,1,5,0,0.1666666666666666,1.0,0.2857142857142857,0.6880547856875847,1,5,0,0.1666666666666666,1.0,0.2857142857142857,0.6880547856875847,0.0001587349997862,0,100.0,0,0,0,0.0,0.0,0.0,0,0,0,0.0,0.0,0.0,0,0,0,0.0,0.0,0.0,0,0,0,0.0,0.0,0.0
Open Images,49cc9e3699b6a53e,43,0,7,0,12,250,24,250,274,145,0,0,24,0.024319837999883,0.0200371139999333,0.0,0.0200371139999333,0.0205697329997747,0.0456025530002079,Optimal,0,none,10.374908093047235,0,37,100.0,100.0,100.0,2.0,0,12,0,0.0,0.0,0.0,0.0,0,12,0,0.0,0.0,0.0,0.0,0,12,0,0.0,0.0,0.0,0.0,0,12,0,0.0,0.0,0.0,0.0,0.0006542420001096,0,100.0,0,0,0,0.0,0.0,0.0,0,0,0,0.0,0.0,0.0,0,0,0,0.0,0.0,0.0,0,0,0,0.0,0.0,0.0
Open Images,4a197f10b93d99d8,28,0,1,0,11,181,22,181,203,122,0,0,22,0.0290939639999123,0.0163254409999353,0.0,0.0163254409999353,0.0167470009996577,0.0464271669998197,Optimal,0,none,9.698943167888052,0,34,100.0,100.0,100.0,2.0,0,11,0,0.0,0.0,0.0,0.0,0,11,0,0.0,0.0,0.0,0.0,0,11,0,0.0,0.0,0.0,0.0,0,11,0,0.0,0.0,0.0,0.0,0.0005076020001979,0,100.0,0,0,0,0.0,0.0,0.0,0,0,0,0.0,0.0,0.0,0,0,0,0.0,0.0,0.0,0,0,0,0.0,0.0,0.0
Open Images,4c9154ccd94191ff,8,1,1,0,2,2,4,2,6,5,0,0,4,0.0215173589999722,0.0071154379998006,0.0,0.0071154379998006,0.0072567100000924,0.0288331049996486,Optimal,0,none,1.5633806975682578,0,5,100.0,100.0,100.0,2.0,1,1,0,0.5,1.0,0.6666666666666666,0.9346366901550184,1,1,0,0.5,1.0,0.6666666666666666,0.9346366901550184,1,1,0,0.5,1.0,0.6666666666666666,0.9346366901550184,1,1,0,0.5,1.0,0.6666666666666666,0.9346366901550184,4.193099994154181e-05,0,100.0,0,0,0,0.0,0.0,0.0,0,0,0,0.0,0.0,0.0,0,0,0,0.0,0.0,0.0,0,0,0,0.0,0.0,0.0
Open Images,4dd4010e95454176,38,17,4,0,12,263,24,263,287,145,0,0,24,0.028054505,0.0187726070003009,0.0,0.0187726070003009,0.0192698740002015,0.0480663230000573,Optimal,0,none,9.23526439800304,0,37,100.0,100.0,100.0,2.0,5,7,12,0.4166666666666667,0.2941176470588235,0.3448275862068966,0.8339316048579433,5,7,12,0.4166666666666667,0.2941176470588235,0.3448275862068966,0.8339316048579433,5,7,12,0.4166666666666667,0.2941176470588235,0.3448275862068966,0.8339316048579433,5,7,12,0.4166666666666667,0.2941176470588235,0.3448275862068966,0.8339316048579433,0.0006667940001534,0,100.0,0,0,0,0.0,0.0,0.0,0,0,0,0.0,0.0,0.0,0,0,0,0.0,0.0,0.0,0,0,0,0.0,0.0,0.0
Open Images,4e409a31ed9b18e3,13,0,2,0,1,0,2,0,2,1,0,0,2,0.0187755990000368,0.007119689999854,0.0,0.007119689999854,0.0071941340002013,0.0260005069999351,Optimal,0,none,0.5883642594019571,0,2,100.0,100.0,100.0,2.0,0,1,0,0.0,0.0,0.0,0.0,0,1,0,0.0,0.0,0.0,0.0,0,1,0,0.0,0.0,0.0,0.0,0,1,0,0.0,0.0,0.0,0.0,2.24099999286409e-05,0,100.0,0,0,0,0.0,0.0,0.0,0,0,0,0.0,0.0,0.0,0,0,0,0.0,0.0,0.0,0,0,0,0.0,0.0,0.0
Open Images,515d392264b903b5,2,0,1,0,2,3,4,3,7,5,0,0,4,0.0244552590002058,0.0072285659998669,0.0,0.0072285659998669,0.0073499680001987,0.0318684450003274,Optimal,0,none,1.4269418032964074,0,5,100.0,100.0,100.0,2.0,0,2,0,0.0,0.0,0.0,0.0,0,2,0,0.0,0.0,0.0,0.0,0,2,0,0.0,0.0,0.0,0.0,0,2,0,0.0,0.0,0.0,0.0,4.545899992081104e-05,0,100.0,0,0,0,0.0,0.0,0.0,0,0,0,0.0,0.0,0.0,0,0,0,0.0,0.0,0.0,0,0,0,0.0,0.0,0.0
Open Images,52072b5c865a4f30,4,0,2,0,2,5,4,5,9,5,0,0,4,0.017758466000032,0.0075069019999318,0.0,0.0075069019999318,0.0076381010003387,0.0254626969999662,Optimal,0,none,1.3527065957355815,0,5,100.0,100.0,100.0,2.0,0,2,0,0.0,0.0,0.0,0.0,0,2,0,0.0,0.0,0.0,0.0,0,2,0,0.0,0.0,0.0,0.0,0,2,0,0.0,0.0,0.0,0.0,5.085099974166951e-05,0,100.0,0,0,0,0.0,0.0,0.0,0,0,0,0.0,0.0,0.0,0,0,0,0.0,0.0,0.0,0,0,0,0.0,0.0,0.0
Open Images,52371c64db9ee3f2,34,2,13,0,23,850,46,850,896,530,0,0,46,0.037696502000017,0.0473468759996649,0.0,0.0473468759996649,0.0485576050000418,0.088491716000135,Optimal,0,none,18.856492051964665,0,70,100.0,100.0,100.0,2.0,1,22,1,0.0434782608695652,0.5,0.08,0.7475729044820907,1,22,1,0.0434782608695652,0.5,0.08,0.7475729044820907,1,22,1,0.0434782608695652,0.5,0.08,0.7475729044820907,1,22,1,0.0434782608695652,0.5,0.08,0.7475729044820907,0.0020866410000053,0,100.0,0,0,0,0.0,0.0,0.0,0,0,0,0.0,0.0,0.0,0,0,0,0.0,0.0,0.0,0,0,0,0.0,0.0,0.0
Open Images,537fcd028b47bc5f,11,0,1,0,2,2,4,2,6,5,0,0,4,0.0224798419999388,0.0072750589997667,0.0,0.0072750589997667,0.0073820909997266,0.0299154239996823,Optimal,0,none,1.1408699162801106,0,5,100.0,100.0,100.0,2.0,0,2,0,0.0,0.0,0.0,0.0,0,2,0,0.0,0.0,0.0,0.0,0,2,0,0.0,0.0,0.0,0.0,0,2,0,0.0,0.0,0.0,0.0,3.841499983536778e-05,0,100.0,0,0,0,0.0,0.0,0.0,0,0,0,0.0,0.0,0.0,0,0,0,0.0,0.0,0.0,0,0,0,0.0,0.0,0.0
Open Images,561fe7f628410a18,12,1,1,0,1,0,2,0,2,1,0,0,2,0.0252032769999459,0.006961276000311,0.0,0.006961276000311,0.007045029999972,0.03230140200003,Optimal,0,none,0.6247866074244182,0,2,100.0,100.0,100.0,2.0,0,1,1,0.0,0.0,0.0,0.0,0,1,1,0.0,0.0,0.0,0.0,0,1,1,0.0,0.0,0.0,0.0,0,1,1,0.0,0.0,0.0,0.0,4.348900029071956e-05,0,100.0,0,0,0,0.0,0.0,0.0,0,0,0,0.0,0.0,0.0,0,0,0,0.0,0.0,0.0,0,0,0,0.0,0.0,0.0
Open Images,571e87b93aecab33,7,1,1,0,4,22,8,22,30,17,0,0,8,0.0196413520002352,0.0083891710000898,0.0,0.0083891710000898,0.0085803299998588,0.0283407269998861,Optimal,0,none,2.904967137972515,0,13,100.0,100.0,100.0,2.0,0,4,1,0.0,0.0,0.0,0.9646173330990332,0,4,1,0.0,0.0,0.0,0.9646173330990332,0,4,1,0.0,0.0,0.0,0.9646173330990332,0,4,1,0.0,0.0,0.0,0.9646173330990332,9.34449999476783e-05,0,100.0,0,0,0,0.0,0.0,0.0,0,0,0,0.0,0.0,0.0,0,0,0,0.0,0.0,0.0,0,0,0,0.0,0.0,0.0
Open Images,582be29db5b1a39d,14,0,6,0,1,0,2,0,2,1,0,0,2,0.0209289890003674,0.0068176679997122,0.0,0.0068176679997122,0.0068935839999539,0.0278543780000291,Optimal,0,none,0.6219467560450236,0,2,100.0,100.0,100.0,2.0,0,1,0,0.0,0.0,0.0,0.0,0,1,0,0.0,0.0,0.0,0.0,0,1,0,0.0,0.0,0.0,0.0,0,1,0,0.0,0.0,0.0,0.0,2.3508000140282093e-05,0,100.0,0,0,0,0.0,0.0,0.0,0,0,0,0.0,0.0,0.0,0,0,0,0.0,0.0,0.0,0,0,0,0.0,0.0,0.0
Open Images,5847ef17fa137eea,5,2,3,0,2,2,4,2,6,5,0,0,4,0.0214267310002469,0.0070511909998458,0.0,0.0070511909998458,0.0071601180002289,0.028637984999932,Optimal,0,none,1.3325619848569237,0,5,100.0,100.0,100.0,2.0,1,1,1,0.5,0.5,0.5,0.9670630448871076,1,1,1,0.5,0.5,0.5,0.9670630448871076,1,1,1,0.5,0.5,0.5,0.9670630448871076,1,1,1,0.5,0.5,0.5,0.9670630448871076,3.673900027933996e-05,0,100.0,0,0,0,0.0,0.0,0.0,0,0,0,0.0,0.0,0.0,0,0,0,0.0,0.0,0.0,0,0,0,0.0,0.0,0.0
Open Images,5a1600c71cb5d944,13,0,1,0,1,0,2,0,2,1,0,0,2,0.026793163000093,0.0066108370001529,0.0,0.0066108370001529,0.0066837879999184,0.0335087579996979,Optimal,0,none,0.6453392903010051,0,2,100.0,100.0,100.0,2.0,0,1,0,0.0,0.0,0.0,0.0,0,1,0,0.0,0.0,0.0,0.0,0,1,0,0.0,0.0,0.0,0.0,0,1,0,0.0,0.0,0.0,0.0,2.306700025656028e-05,0,100.0,0,0,0,0.0,0.0,0.0,0,0,0,0.0,0.0,0.0,0,0,0,0.0,0.0,0.0,0,0,0,0.0,0.0,0.0
Open Images,5a63bb568d149c2e,21,4,3,0,15,392,30,392,422,226,0,0,30,0.024129792000167,0.0242449790002865,0.0,0.0242449790002865,0.0249007679999522,0.050116897999942,Optimal,0,none,12.64078607160561,0,46,100.0,100.0,100.0,2.0,2,13,2,0.1333333333333333,0.5,0.2105263157894737,0.6949107165891328,2,13,2,0.1333333333333333,0.5,0.2105263157894737,0.6949107165891328,2,13,2,0.1333333333333333,0.5,0.2105263157894737,0.6949107165891328,2,13,2,0.1333333333333333,0.5,0.2105263157894737,0.6949107165891328,0.0010102229998665,0,100.0,0,0,0,0.0,0.0,0.0,0,0,0,0.0,0.0,0.0,0,0,0,0.0,0.0,0.0,0,0,0,0.0,0.0,0.0
Open Images,5b906e188aac9f24,12,5,1,0,4,23,8,23,31,17,0,0,8,0.0273424490001161,0.0083242989999234,0.0,0.0083242989999234,0.0084947330001341,0.0359762489997592,Optimal,0,none,3.185992659727733,0,13,100.0,100.0,100.0,2.0,1,3,4,0.25,0.2,0.2222222222222222,0.9499007163455746,1,3,4,0.25,0.2,0.2222222222222222,0.9499007163455746,1,3,4,0.25,0.2,0.2222222222222222,0.9499007163455746,1,3,4,0.25,0.2,0.2222222222222222,0.9499007163455746,9.552899973641615e-05,0,100.0,0,0,0,0.0,0.0,0.0,0,0,0,0.0,0.0,0.0,0,0,0,0.0,0.0,0.0,0,0,0,0.0,0.0,0.0
Open Images,5e59e5dc357f93f4,41,0,6,0,9,112,18,112,130,82,0,0,18,0.0280544579995876,0.012823185000343,0.0,0.012823185000343,0.0131720579997818,0.0416447739999057,Optimal,0,none,7.89253281593323,0,28,100.0,100.0,100.0,2.0,0,9,0,0.0,0.0,0.0,0.0,0,9,0,0.0,0.0,0.0,0.0,0,9,0,0.0,0.0,0.0,0.0,0,9,0,0.0,0.0,0.0,0.0,0.0003635369998846,0,100.0,0,0,0,0.0,0.0,0.0,0,0,0,0.0,0.0,0.0,0,0,0,0.0,0.0,0.0,0,0,0,0.0,0.0,0.0
Open Images,5ee03b187a08d7a4,13,1,2,0,4,20,8,20,28,17,0,0,8,0.0208324710001761,0.0089725449997786,0.0,0.0089725449997786,0.0091684439998971,0.0301172159997804,Optimal,0,none,3.2745697228113824,0,13,100.0,100.0,100.0,2.0,1,3,0,0.25,1.0,0.4,0.9109989097616362,1,3,0,0.25,1.0,0.4,0.9109989097616362,1,3,0,0.25,1.0,0.4,0.9109989097616362,1,3,0,0.25,1.0,0.4,0.9109989097616362,9.09380000848614e-05,0,100.0,0,0,0,0.0,0.0,0.0,0,0,0,0.0,0.0,0.0,0,0,0,0.0,0.0,0.0,0,0,0,0.0,0.0,0.0
Open Images,6022a450df278025,24,4,5,0,7,84,14,84,98,50,0,0,14,0.0302756030000637,0.0114734180001505,0.0,0.0114734180001505,0.0117766830003347,0.0423886909998145,Optimal,0,none,6.004609479793197,0,22,100.0,100.0,100.0,2.0,1,6,3,0.1428571428571428,0.25,0.1818181818181818,0.8704567639419242,1,6,3,0.1428571428571428,0.25,0.1818181818181818,0.8704567639419242,1,6,3,0.1428571428571428,0.25,0.1818181818181818,0.8704567639419242,1,6,3,0.1428571428571428,0.25,0.1818181818181818,0.8704567639419242,0.0002976179998768,0,100.0,0,0,0,0.0,0.0,0.0,0,0,0,0.0,0.0,0.0,0,0,0,0.0,0.0,0.0,0,0,0,0.0,0.0,0.0
Open Images,60fdb7fd333eaf74,13,1,1,0,3,12,6,12,18,10,0,0,6,0.0254836560002331,0.0076029510000807,0.0,0.0076029510000807,0.0077445040001293,0.0333172870000453,Optimal,0,none,2.3895003780851005,0,10,100.0,100.0,100.0,2.0,0,3,1,0.0,0.0,0.0,0.6358215290280492,0,3,1,0.0,0.0,0.0,0.6358215290280492,0,3,1,0.0,0.0,0.0,0.6358215290280492,0,3,1,0.0,0.0,0.0,0.6358215290280492,6.601900031455443e-05,0,100.0,0,0,0,0.0,0.0,0.0,0,0,0,0.0,0.0,0.0,0,0,0,0.0,0.0,0.0,0,0,0,0.0,0.0,0.0
Open Images,656abc78a9534c08,23,0,3,0,3,10,6,10,16,10,0,0,6,0.023926436000238,0.0073148630003743,0.0,0.0073148630003743,0.0075126720003027,0.0315256690000751,Optimal,0,none,2.487022240161896,0,10,100.0,100.0,100.0,2.0,0,3,0,0.0,0.0,0.0,0.0,0,3,0,0.0,0.0,0.0,0.0,0,3,0,0.0,0.0,0.0,0.0,0,3,0,0.0,0.0,0.0,0.0,6.405099975381745e-05,0,100.0,0,0,0,0.0,0.0,0.0,0,0,0,0.0,0.0,0.0,0,0,0,0.0,0.0,0.0,0,0,0,0.0,0.0,0.0
Open Images,659fc7394df83f02,5,0,2,0,1,0,2,0,2,1,0,0,2,0.0266479250003612,0.0069633640000574,0.0,0.0069633640000574,0.0070366400000239,0.0337154839999129,Optimal,0,none,0.5737250010172525,0,2,100.0,100.0,100.0,2.0,0,1,0,0.0,0.0,0.0,0.0,0,1,0,0.0,0.0,0.0,0.0,0,1,0,0.0,0.0,0.0,0.0,0,1,0,0.0,0.0,0.0,0.0,2.2433999674831284e-05,0,100.0,0,0,0,0.0,0.0,0.0,0,0,0,0.0,0.0,0.0,0,0,0,0.0,0.0,0.0,0,0,0,0.0,0.0,0.0
Open Images,66628a0eee9deb75,7,0,3,0,1,0,2,0,2,1,0,0,2,0.0212417030002143,0.0067886669999097,0.0,0.0067886669999097,0.0068664909999824,0.0281405079999785,Optimal,0,none,0.4622777024904887,0,2,100.0,100.0,100.0,2.0,0,1,0,0.0,0.0,0.0,0.0,0,1,0,0.0,0.0,0.0,0.0,0,1,0,0.0,0.0,0.0,0.0,0,1,0,0.0,0.0,0.0,0.0,2.3405999854730908e-05,0,100.0,0,0,0,0.0,0.0,0.0,0,0,0,0.0,0.0,0.0,0,0,0,0.0,0.0,0.0,0,0,0,0.0,0.0,0.0
Open Images,66a048ed7d6aabcc,5,1,3,0,3,11,6,11,17,10,0,0,6,0.0309603009995953,0.0076159850000294,0.0,0.0076159850000294,0.0077605429996765,0.0388076809999802,Optimal,0,none,2.542080674171449,0,10,100.0,100.0,100.0,2.0,1,2,0,0.3333333333333333,1.0,0.5,0.9586946835108086,1,2,0,0.3333333333333333,1.0,0.5,0.9586946835108086,1,2,0,0.3333333333333333,1.0,0.5,0.9586946835108086,1,2,0,0.3333333333333333,1.0,0.5,0.9586946835108086,6.468799983849749e-05,0,100.0,0,0,0,0.0,0.0,0.0,0,0,0,0.0,0.0,0.0,0,0,0,0.0,0.0,0.0,0,0,0,0.0,0.0,0.0
Open Images,66ef4a8a4a84b9b3,74,8,14,0,10,160,20,160,180,101,0,0,20,0.0249208589998488,0.0146611099999063,0.0,0.0146611099999063,0.0150845919997664,0.0406009710000034,Optimal,0,none,8.574917933146162,0,31,100.0,100.0,100.0,2.0,2,8,6,0.2,0.25,0.2222222222222222,0.7288007563651839,2,8,6,0.2,0.25,0.2222222222222222,0.7288007563651839,2,8,6,0.2,0.25,0.2222222222222222,0.7288007563651839,2,8,6,0.2,0.25,0.2222222222222222,0.7288007563651839,0.0005403959999057,0,100.0,0,0,0,0.0,0.0,0.0,0,0,0,0.0,0.0,0.0,0,0,0,0.0,0.0,0.0,0,0,0,0.0,0.0,0.0
Open Images,671dce6fe4eb944d,15,2,3,0,2,3,4,3,7,5,0,0,4,0.0230574060001345,0.0075894880001214,0.0,0.0075894880001214,0.0077196360002744,0.0308567560000483,Optimal,0,none,1.304874447186788,0,5,100.0,100.0,100.0,2.0,0,2,2,0.0,0.0,0.0,0.0,0,2,2,0.0,0.0,0.0,0.0,0,2,2,0.0,0.0,0.0,0.0,0,2,2,0.0,0.0,0.0,0.0,6.214299992279848e-05,0,100.0,0,0,0,0.0,0.0,0.0,0,0,0,0.0,0.0,0.0,0,0,0,0.0,0.0,0.0,0,0,0,0.0,0.0,0.0
Open Images,67bb81df42352db9,7,2,2,0,2,4,4,4,8,5,0,0,4,0.0237550169999849,0.0075282899997546,0.0,0.0075282899997546,0.007672188000015,0.0315013889999136,Optimal,0,none,1.566270235379537,0,5,100.0,100.0,100.0,2.0,1,1,1,0.5,0.5,0.5,0.9841614515656684,1,1,1,0.5,0.5,0.5,0.9841614515656684,1,1,1,0.5,0.5,0.5,0.9841614515656684,1,1,1,0.5,0.5,0.5,0.9841614515656684,5.115999965710216e-05,0,100.0,0,0,0,0.0,0.0,0.0,0,0,0,0.0,0.0,0.0,0,0,0,0.0,0.0,0.0,0,0,0,0.0,0.0,0.0
Open Images,69788246df023ddf,8,0,1,0,1,0,2,0,2,1,0,0,2,0.031530585999917,0.0071462350001638,0.0,0.0071462350001638,0.0072315839997827,0.0387977039999896,Optimal,0,none,0.4692866484324137,0,2,100.0,100.0,100.0,2.0,0,1,0,0.0,0.0,0.0,0.0,0,1,0,0.0,0.0,0.0,0.0,0,1,0,0.0,0.0,0.0,0.0,0,1,0,0.0,0.0,0.0,0.0,2.606799989735009e-05,0,100.0,0,0,0,0.0,0.0,0.0,0,0,0,0.0,0.0,0.0,0,0,0,0.0,0.0,0.0,0,0,0,0.0,0.0,0.0
Open Images,6a316f2b341bdc0b,16,1,2,0,3,11,6,11,17,10,0,0,6,0.0270087710000552,0.0076776739997512,0.0,0.0076776739997512,0.0078384190001088,0.0349437009999746,Optimal,0,none,2.5405811452865605,0,10,100.0,100.0,100.0,2.0,1,2,0,0.3333333333333333,1.0,0.5,0.804613527607876,1,2,0,0.3333333333333333,1.0,0.5,0.804613527607876,1,2,0,0.3333333333333333,1.0,0.5,0.804613527607876,1,2,0,0.3333333333333333,1.0,0.5,0.804613527607876,7.213399976535584e-05,0,100.0,0,0,0,0.0,0.0,0.0,0,0,0,0.0,0.0,0.0,0,0,0,0.0,0.0,0.0,0,0,0,0.0,0.0,0.0
Open Images,6a6881aefff9ad58,26,5,2,0,19,648,38,648,686,362,0,0,38,0.0259064189999662,0.0390257349999956,0.0,0.0390257349999956,0.0400623729997278,0.0676721830000133,Optimal,0,none,15.390914436256612,0,58,100.0,100.0,100.0,2.0,5,14,0,0.2631578947368421,1.0,0.4166666666666667,0.8007397270473495,5,14,0,0.2631578947368421,1.0,0.4166666666666667,0.8007397270473495,5,14,0,0.2631578947368421,1.0,0.4166666666666667,0.8007397270473495,5,14,0,0.2631578947368421,1.0,0.4166666666666667,0.8007397270473495,0.0016083979999166,0,100.0,0,0,0,0.0,0.0,0.0,0,0,0,0.0,0.0,0.0,0,0,0,0.0,0.0,0.0,0,0,0,0.0,0.0,0.0
Open Images,6bff678ea2346ac5,23,0,2,0,3,10,6,10,16,10,0,0,6,0.0307651919997624,0.007648178999716,0.0,0.007648178999716,0.0078015039998717,0.0386541079997186,Optimal,0,none,2.4265388894081115,0,10,100.0,100.0,100.0,2.0,0,3,0,0.0,0.0,0.0,0.0,0,3,0,0.0,0.0,0.0,0.0,0,3,0,0.0,0.0,0.0,0.0,0,3,0,0.0,0.0,0.0,0.0,6.383199979609344e-05,0,100.0,0,0,0,0.0,0.0,0.0,0,0,0,0.0,0.0,0.0,0,0,0,0.0,0.0,0.0,0,0,0,0.0,0.0,0.0
Open Images,6c1cd7fdc967c0d5,11,0,1,0,1,0,2,0,2,1,0,0,2,0.0219173519999458,0.0071355489999405,0.0,0.0071355489999405,0.0072156070000346,0.0291774409997742,Optimal,0,none,0.5347943226496379,0,2,100.0,100.0,100.0,2.0,0,1,0,0.0,0.0,0.0,0.0,0,1,0,0.0,0.0,0.0,0.0,0,1,0,0.0,0.0,0.0,0.0,0,1,0,0.0,0.0,0.0,0.0,2.3052999949868536e-05,0,100.0,0,0,0,0.0,0.0,0.0,0,0,0,0.0,0.0,0.0,0,0,0,0.0,0.0,0.0,0,0,0,0.0,0.0,0.0
Open Images,6c2aa294019ac91a,32,1,7,0,9,122,18,122,140,82,0,0,18,0.0219079870003042,0.0129407109998282,0.0,0.0129407109998282,0.0132964060003359,0.0356043490000956,Optimal,0,none,7.642404734442259,0,28,100.0,100.0,100.0,2.0,0,9,1,0.0,0.0,0.0,0.886632223321397,0,9,1,0.0,0.0,0.0,0.886632223321397,0,9,1,0.0,0.0,0.0,0.886632223321397,0,9,1,0.0,0.0,0.0,0.886632223321397,0.0003522580000208,0,100.0,0,0,0,0.0,0.0,0.0,0,0,0,0.0,0.0,0.0,0,0,0,0.0,0.0,0.0,0,0,0,0.0,0.0,0.0
Open Images,6c8dafac9ee9d86e,35,2,1,0,29,1557,58,1557,1615,842,0,0,58,0.0252736970001024,0.0772220670000933,0.0,0.0772220670000933,0.0790014240001255,0.1079879469998559,Optimal,0,none,23.76828590882201,0,88,100.0,100.0,100.0,2.0,2,27,0,0.0689655172413793,1.0,0.1290322580645161,0.854136576486664,2,27,0,0.0689655172413793,1.0,0.1290322580645161,0.854136576486664,2,27,0,0.0689655172413793,1.0,0.1290322580645161,0.854136576486664,2,27,0,0.0689655172413793,1.0,0.1290322580645161,0.854136576486664,0.0035812010000881,0,100.0,0,0,0,0.0,0.0,0.0,0,0,0,0.0,0.0,0.0,0,0,0,0.0,0.0,0.0,0,0,0,0.0,0.0,0.0
Open Images,6d83767827cba4a3,16,0,2,0,1,0,2,0,2,1,0,0,2,0.0239968850000877,0.007041276000109,0.0,0.007041276000109,0.0071173149999594,0.0311462649997338,Optimal,0,none,0.5746572653452555,0,2,100.0,100.0,100.0,2.0,0,1,0,0.0,0.0,0.0,0.0,0,1,0,0.0,0.0,0.0,0.0,0,1,0,0.0,0.0,0.0,0.0,0,1,0,0.0,0.0,0.0,0.0,2.352699993934948e-05,0,100.0,0,0,0,0.0,0.0,0.0,0,0,0,0.0,0.0,0.0,0,0,0,0.0,0.0,0.0,0,0,0,0.0,0.0,0.0
Open Images,6fc0ad531ee4c66e,6,1,1,0,1,0,2,0,2,1,0,0,2,0.0231895090000762,0.0068315629996504,0.0,0.0068315629996504,0.0069041300002936,0.030124633000014,Optimal,0,none,0.5821491400400798,0,2,100.0,100.0,100.0,2.0,0,1,1,0.0,0.0,0.0,0.5415314737915627,0,1,1,0.0,0.0,0.0,0.5415314737915627,0,1,1,0.0,0.0,0.0,0.5415314737915627,0,1,1,0.0,0.0,0.0,0.5415314737915627,2.312300011908519e-05,0,100.0,0,0,0,0.0,0.0,0.0,0,0,0,0.0,0.0,0.0,0,0,0,0.0,0.0,0.0,0,0,0,0.0,0.0,0.0
Open Images,71631731c0d63e45,10,0,2,0,2,6,4,6,10,5,0,0,4,0.0236859779997757,0.0073433760003354,0.0,0.0073433760003354,0.007460061999609,0.0312106369997309,Optimal,0,none,1.55122828801473,0,5,100.0,100.0,100.0,2.0,0,2,0,0.0,0.0,0.0,0.0,0,2,0,0.0,0.0,0.0,0.0,0,2,0,0.0,0.0,0.0,0.0,0,2,0,0.0,0.0,0.0,0.0,4.967200038663577e-05,0,100.0,0,0,0,0.0,0.0,0.0,0,0,0,0.0,0.0,0.0,0,0,0,0.0,0.0,0.0,0,0,0,0.0,0.0,0.0
Open Images,72157cefa7c57ec8,16,1,1,0,5,40,10,40,50,26,0,0,10,0.0257115879999219,0.0092503939999915,0.0,0.0092503939999915,0.0094709280001552,0.0353719400000045,Optimal,0,none,4.141785181363425,0,16,100.0,100.0,100.0,2.0,1,4,0,0.2,1.0,0.3333333333333333,0.801752058503448,1,4,0,0.2,1.0,0.3333333333333333,0.801752058503448,1,4,0,0.2,1.0,0.3333333333333333,0.801752058503448,1,4,0,0.2,1.0,0.3333333333333333,0.801752058503448,0.0001564509998388,0,100.0,0,0,0,0.0,0.0,0.0,0,0,0,0.0,0.0,0.0,0,0,0,0.0,0.0,0.0,0,0,0,0.0,0.0,0.0
Open Images,7290c66c57edfdc5,5,2,3,0,2,2,4,2,6,5,0,0,4,0.0217734740003834,0.0070549600000049,0.0,0.0070549600000049,0.0071639220000179,0.0290061820001028,Optimal,0,none,1.3604338296254477,0,5,100.0,100.0,100.0,2.0,0,2,2,0.0,0.0,0.0,0.9537218440071088,0,2,2,0.0,0.0,0.0,0.9537218440071088,0,2,2,0.0,0.0,0.0,0.9537218440071088,0,2,2,0.0,0.0,0.0,0.9537218440071088,5.230899978414527e-05,0,100.0,0,0,0,0.0,0.0,0.0,0,0,0,0.0,0.0,0.0,0,0,0,0.0,0.0,0.0,0,0,0,0.0,0.0,0.0
Open Images,7546e007f40fb1a9,47,2,1,0,7,75,14,75,89,50,0,0,14,0.0293308099999194,0.0114394329998503,0.0,0.0114394329998503,0.0117206850000002,0.041433508999944,Optimal,0,none,5.782237033483483,0,22,100.0,100.0,100.0,2.0,2,5,0,0.2857142857142857,1.0,0.4444444444444445,0.7303477867763056,2,5,0,0.2857142857142857,1.0,0.4444444444444445,0.7303477867763056,2,5,0,0.2857142857142857,1.0,0.4444444444444445,0.7303477867763056,2,5,0,0.2857142857142857,1.0,0.4444444444444445,0.7303477867763056,0.0003343899998071,0,100.0,0,0,0,0.0,0.0,0.0,0,0,0,0.0,0.0,0.0,0,0,0,0.0,0.0,0.0,0,0,0,0.0,0.0,0.0
Open Images,75ed7924c47f984d,19,0,5,0,1,0,2,0,2,1,0,0,2,0.0179138309999871,0.0070081219996609,0.0,0.0070081219996609,0.0070988299999044,0.0250475620000543,Optimal,0,none,0.497781507174174,0,2,100.0,100.0,100.0,2.0,0,1,0,0.0,0.0,0.0,0.0,0,1,0,0.0,0.0,0.0,0.0,0,1,0,0.0,0.0,0.0,0.0,0,1,0,0.0,0.0,0.0,0.0,2.544599965403904e-05,0,100.0,0,0,0,0.0,0.0,0.0,0,0,0,0.0,0.0,0.0,0,0,0,0.0,0.0,0.0,0,0,0,0.0,0.0,0.0
Open Images,793b05bcb9445b1f,38,1,2,0,6,48,12,48,60,37,0,0,12,0.0274371919999794,0.0104737500000737,0.0,0.0104737500000737,0.0107248509998498,0.0383954180001637,Optimal,0,none,5.417931077620886,0,19,100.0,100.0,100.0,2.0,1,5,0,0.1666666666666666,1.0,0.2857142857142857,0.9479942182770192,1,5,0,0.1666666666666666,1.0,0.2857142857142857,0.9479942182770192,1,5,0,0.1666666666666666,1.0,0.2857142857142857,0.9479942182770192,1,5,0,0.1666666666666666,1.0,0.2857142857142857,0.9479942182770192,0.0001950379996742,0,100.0,0,0,0,0.0,0.0,0.0,0,0,0,0.0,0.0,0.0,0,0,0,0.0,0.0,0.0,0,0,0,0.0,0.0,0.0
Open Images,7a87225ae9d63bcd,57,20,6,0,16,460,32,460,492,257,0,0,32,0.0344565860000329,0.0276097609998942,0.0,0.0276097609998942,0.0283649799998784,0.0641095719997792,Optimal,0,none,12.664070472384283,0,49,100.0,100.0,100.0,2.0,10,6,10,0.625,0.5,0.5555555555555556,0.8127016881004663,10,6,10,0.625,0.5,0.5555555555555556,0.8127016881004663,10,6,10,0.625,0.5,0.5555555555555556,0.8127016881004663,10,6,10,0.625,0.5,0.5555555555555556,0.8127016881004663,0.0011958250001953,0,100.0,0,0,0,0.0,0.0,0.0,0,0,0,0.0,0.0,0.0,0,0,0,0.0,0.0,0.0,0,0,0,0.0,0.0,0.0
Open Images,7a9767c9f102b469,16,1,1,0,3,10,6,10,16,10,0,0,6,0.0290501110002878,0.0070556020000367,0.0,0.0070556020000367,0.0071981149999373,0.036338207999961,Optimal,0,none,2.323779697418213,0,10,100.0,100.0,100.0,2.0,1,2,0,0.3333333333333333,1.0,0.5,0.93504238735714,1,2,0,0.3333333333333333,1.0,0.5,0.93504238735714,1,2,0,0.3333333333333333,1.0,0.5,0.93504238735714,1,2,0,0.3333333333333333,1.0,0.5,0.93504238735714,6.669899994449224e-05,0,100.0,0,0,0,0.0,0.0,0.0,0,0,0,0.0,0.0,0.0,0,0,0,0.0,0.0,0.0,0,0,0,0.0,0.0,0.0
Open Images,7aff58e036d03b98,47,3,8,0,8,84,16,84,100,65,0,0,16,0.0233255729999655,0.0116695850001633,0.0,0.0116695850001633,0.0119813820001581,0.0356458369997199,Optimal,0,none,7.2004068311055525,0,25,100.0,100.0,100.0,2.0,3,5,0,0.375,1.0,0.5454545454545454,0.933787840578589,3,5,0,0.375,1.0,0.5454545454545454,0.933787840578589,3,5,0,0.375,1.0,0.5454545454545454,0.933787840578589,3,5,0,0.375,1.0,0.5454545454545454,0.933787840578589,0.0002935360002993,0,100.0,0,0,0,0.0,0.0,0.0,0,0,0,0.0,0.0,0.0,0,0,0,0.0,0.0,0.0,0,0,0,0.0,0.0,0.0
Open Images,7b072d084f4d3198,13,0,1,0,2,4,4,4,8,5,0,0,4,0.0207972050002354,0.0075658480000129,0.0,0.0075658480000129,0.0076824420002594,0.0285388749998674,Optimal,0,none,1.3799689420064287,0,5,100.0,100.0,100.0,2.0,0,2,0,0.0,0.0,0.0,0.0,0,2,0,0.0,0.0,0.0,0.0,0,2,0,0.0,0.0,0.0,0.0,0,2,0,0.0,0.0,0.0,0.0,4.356399995231186e-05,0,100.0,0,0,0,0.0,0.0,0.0,0,0,0,0.0,0.0,0.0,0,0,0,0.0,0.0,0.0,0,0,0,0.0,0.0,0.0
Open Images,7c888d0d5fd5b56e,49,0,4,0,5,34,10,34,44,26,0,0,10,0.0229632279997531,0.0089530889999878,0.0,0.0089530889999878,0.0091650680001293,0.0323643609999635,Optimal,0,none,4.287767823573744,0,16,100.0,100.0,100.0,2.0,0,5,0,0.0,0.0,0.0,0.0,0,5,0,0.0,0.0,0.0,0.0,0,5,0,0.0,0.0,0.0,0.0,0,5,0,0.0,0.0,0.0,0.0,0.0002033169998867,0,100.0,0,0,0,0.0,0.0,0.0,0,0,0,0.0,0.0,0.0,0,0,0,0.0,0.0,0.0,0,0,0,0.0,0.0,0.0
Open Images,7d4c46b89378b7dc,30,3,6,0,6,51,12,51,63,37,0,0,12,0.0223601659999985,0.0096503760000814,0.0,0.0096503760000814,0.0098649360002127,0.0324251580000236,Optimal,0,none,5.433702051639559,0,19,100.0,100.0,100.0,2.0,3,3,0,0.5,1.0,0.6666666666666666,0.9207150866796812,3,3,0,0.5,1.0,0.6666666666666666,0.9207150866796812,3,3,0,0.5,1.0,0.6666666666666666,0.9207150866796812,3,3,0,0.5,1.0,0.6666666666666666,0.9207150866796812,0.0001663360003476,0,100.0,0,0,0,0.0,0.0,0.0,0,0,0,0.0,0.0,0.0,0,0,0,0.0,0.0,0.0,0,0,0,0.0,0.0,0.0
Open Images,7f8ef92c55a63b32,26,13,3,0,13,273,26,273,299,170,0,0,26,0.0236008639999454,0.0180982080000831,0.0,0.0180982080000831,0.0185708999997586,0.0429629579998618,Optimal,0,none,10.3210465540287,0,40,100.0,100.0,100.0,2.0,3,10,10,0.2307692307692307,0.2307692307692307,0.2307692307692307,0.6825302910306619,3,10,10,0.2307692307692307,0.2307692307692307,0.2307692307692307,0.6825302910306619,3,10,10,0.2307692307692307,0.2307692307692307,0.2307692307692307,0.6825302910306619,3,10,10,0.2307692307692307,0.2307692307692307,0.2307692307692307,0.6825302910306619,0.0007254819997797,0,100.0,0,0,0,0.0,0.0,0.0,0,0,0,0.0,0.0,0.0,0,0,0,0.0,0.0,0.0,0,0,0,0.0,0.0,0.0
Open Images,7ff76c84761e761e,6,3,1,0,5,28,10,28,38,26,0,0,10,0.0241465059998517,0.0095310420001624,0.0,0.0095310420001624,0.0097347300002184,0.0340256340000451,Optimal,0,none,3.781265273888907,0,16,100.0,100.0,100.0,2.0,3,2,0,0.6,1.0,0.7499999999999999,0.9236506900389908,3,2,0,0.6,1.0,0.7499999999999999,0.9236506900389908,3,2,0,0.6,1.0,0.7499999999999999,0.9236506900389908,3,2,0,0.6,1.0,0.7499999999999999,0.9236506900389908,0.0001140589997703,0,100.0,0,0,0,0.0,0.0,0.0,0,0,0,0.0,0.0,0.0,0,0,0,0.0,0.0,0.0,0,0,0,0.0,0.0,0.0
Open Images,82b48c199a4d5a8c,28,0,1,0,8,104,16,104,120,65,0,0,16,0.0309012070001699,0.0122545979997994,0.0,0.0122545979997994,0.012560515000132,0.0438817940002991,Optimal,0,none,5.909799729188285,0,25,100.0,100.0,100.0,2.0,0,8,0,0.0,0.0,0.0,0.0,0,8,0,0.0,0.0,0.0,0.0,0,8,0,0.0,0.0,0.0,0.0,0,8,0,0.0,0.0,0.0,0.0,0.0003742280000551,0,100.0,0,0,0,0.0,0.0,0.0,0,0,0,0.0,0.0,0.0,0,0,0,0.0,0.0,0.0,0,0,0,0.0,0.0,0.0
Open Images,83c97587c5cb217a,10,1,1,0,3,15,6,15,21,10,0,0,6,0.0231245099998886,0.0078575989996352,0.0,0.0078575989996352,0.0080416380001224,0.0312926189999416,Optimal,0,none,2.587553174495697,0,10,100.0,100.0,100.0,2.0,1,2,0,0.3333333333333333,1.0,0.5,0.9478839538934531,1,2,0,0.3333333333333333,1.0,0.5,0.9478839538934531,1,2,0,0.3333333333333333,1.0,0.5,0.9478839538934531,1,2,0,0.3333333333333333,1.0,0.5,0.9478839538934531,0.0001016649998746,0,100.0,0,0,0,0.0,0.0,0.0,0,0,0,0.0,0.0,0.0,0,0,0,0.0,0.0,0.0,0,0,0,0.0,0.0,0.0
Open Images,8442ec11695b3d6f,17,1,1,0,4,18,8,18,26,17,0,0,8,0.0221518349999314,0.0085711689998788,0.0,0.0085711689998788,0.0087449010002274,0.0310111680000773,Optimal,0,none,3.021587175528209,0,13,100.0,100.0,100.0,2.0,0,4,1,0.0,0.0,0.0,0.0,0,4,1,0.0,0.0,0.0,0.0,0,4,1,0.0,0.0,0.0,0.0,0,4,1,0.0,0.0,0.0,0.0,8.574799994676141e-05,0,100.0,0,0,0,0.0,0.0,0.0,0,0,0,0.0,0.0,0.0,0,0,0,0.0,0.0,0.0,0,0,0,0.0,0.0,0.0
Open Images,845d6ac4a4fb713c,10,0,2,0,2,4,4,4,8,5,0,0,4,0.018605885999932,0.0074313180002718,0.0,0.0074313180002718,0.0075472690000424,0.026220892999845,Optimal,0,none,1.299738968213399,0,5,100.0,100.0,100.0,2.0,0,2,0,0.0,0.0,0.0,0.0,0,2,0,0.0,0.0,0.0,0.0,0,2,0,0.0,0.0,0.0,0.0,0,2,0,0.0,0.0,0.0,0.0,5.123599976286641e-05,0,100.0,0,0,0,0.0,0.0,0.0,0,0,0,0.0,0.0,0.0,0,0,0,0.0,0.0,0.0,0,0,0,0.0,0.0,0.0
Open Images,857cfd128a025297,17,2,2,0,6,50,12,50,62,37,0,0,12,0.0232863950000137,0.0099691160003203,0.0,0.0099691160003203,0.0102002190001257,0.0337839999997413,Optimal,0,none,5.163930864334108,0,19,100.0,100.0,100.0,2.0,1,5,1,0.1666666666666666,0.5,0.25,0.9035436156870186,1,5,1,0.1666666666666666,0.5,0.25,0.9035436156870186,1,5,1,0.1666666666666666,0.5,0.25,0.9035436156870186,1,5,1,0.1666666666666666,0.5,0.25,0.9035436156870186,0.0002520299999559,0,100.0,0,0,0,0.0,0.0,0.0,0,0,0,0.0,0.0,0.0,0,0,0,0.0,0.0,0.0,0,0,0,0.0,0.0,0.0
Open Images,85bcf3cd6540ec7d,8,1,2,0,2,4,4,4,8,5,0,0,4,0.021299511000052,0.0073393379998378,0.0,0.0073393379998378,0.0074803210000027,0.0288451760002317,Optimal,0,none,1.5476886065800983,0,5,100.0,100.0,100.0,2.0,1,1,0,0.5,1.0,0.6666666666666666,0.982594974616466,1,1,0,0.5,1.0,0.6666666666666666,0.982594974616466,1,1,0,0.5,1.0,0.6666666666666666,0.982594974616466,1,1,0,0.5,1.0,0.6666666666666666,0.982594974616466,4.766199981531827e-05,0,100.0,0,0,0,0.0,0.0,0.0,0,0,0,0.0,0.0,0.0,0,0,0,0.0,0.0,0.0,0,0,0,0.0,0.0,0.0
Open Images,8671b9d2f05bd71e,5,0,1,0,1,0,2,0,2,1,0,0,2,0.0181485200000679,0.006799201999911,0.0,0.006799201999911,0.0068928619998587,0.0250743530000363,Optimal,0,none,0.5008217493693035,0,2,100.0,100.0,100.0,2.0,0,1,0,0.0,0.0,0.0,0.0,0,1,0,0.0,0.0,0.0,0.0,0,1,0,0.0,0.0,0.0,0.0,0,1,0,0.0,0.0,0.0,0.0,2.3997999960556623e-05,0,100.0,0,0,0,0.0,0.0,0.0,0,0,0,0.0,0.0,0.0,0,0,0,0.0,0.0,0.0,0,0,0,0.0,0.0,0.0
Open Images,87ea34b7a6c3838c,32,7,1,0,8,98,16,98,114,65,0,0,16,0.0254410879997522,0.0124785770003654,0.0,0.0124785770003654,0.0128992539998762,0.0387189550001494,Optimal,0,none,6.372443102200828,0,25,100.0,100.0,100.0,2.0,1,7,6,0.125,0.1428571428571428,0.1333333333333333,0.9730091350777672,1,7,6,0.125,0.1428571428571428,0.1333333333333333,0.9730091350777672,1,7,6,0.125,0.1428571428571428,0.1333333333333333,0.9730091350777672,1,7,6,0.125,0.1428571428571428,0.1333333333333333,0.9730091350777672,0.0003320020000501,0,100.0,0,0,0,0.0,0.0,0.0,0,0,0,0.0,0.0,0.0,0,0,0,0.0,0.0,0.0,0,0,0,0.0,0.0,0.0
Open Images,884273f6f4720bc5,8,0,2,0,2,4,4,4,8,5,0,0,4,0.0226571909997801,0.00747936200014,0.0,0.00747936200014,0.0076038480001443,0.0303300609998586,Optimal,0,none,1.1624892981847128,0,5,100.0,100.0,100.0,2.0,0,2,0,0.0,0.0,0.0,0.0,0,2,0,0.0,0.0,0.0,0.0,0,2,0,0.0,0.0,0.0,0.0,0,2,0,0.0,0.0,0.0,0.0,5.204499984756694e-05,0,100.0,0,0,0,0.0,0.0,0.0,0,0,0,0.0,0.0,0.0,0,0,0,0.0,0.0,0.0,0,0,0,0.0,0.0,0.0
Open Images,890a08ff48bf62d8,25,5,1,0,9,137,18,137,155,82,0,0,18,0.0264585499999157,0.0139309219998722,0.0,0.0139309219998722,0.0143133050000869,0.041266743000051,Optimal,0,none,7.534506759643558,0,28,100.0,100.0,100.0,2.0,4,5,1,0.4444444444444444,0.8,0.5714285714285714,0.8708478955616511,4,5,1,0.4444444444444444,0.8,0.5714285714285714,0.8708478955616511,4,5,1,0.4444444444444444,0.8,0.5714285714285714,0.8708478955616511,4,5,1,0.4444444444444444,0.8,0.5714285714285714,0.8708478955616511,0.0004439080003066,0,100.0,0,0,0,0.0,0.0,0.0,0,0,0,0.0,0.0,0.0,0,0,0,0.0,0.0,0.0,0,0,0,0.0,0.0,0.0
Open Images,8987951815d36f77,17,4,8,0,6,46,12,46,58,37,0,0,12,0.0300958319999153,0.0100004850000914,0.0,0.0100004850000914,0.0103025909997995,0.0406049059997712,Optimal,0,none,5.1981754732131975,0,19,100.0,100.0,100.0,2.0,3,3,1,0.5,0.75,0.6,0.7463455193643137,3,3,1,0.5,0.75,0.6,0.7463455193643137,3,3,1,0.5,0.75,0.6,0.7463455193643137,3,3,1,0.5,0.75,0.6,0.7463455193643137,0.0001708900003905,0,100.0,0,0,0,0.0,0.0,0.0,0,0,0,0.0,0.0,0.0,0,0,0,0.0,0.0,0.0,0,0,0,0.0,0.0,0.0
Open Images,8c3a7ca22c0ac8d9,5,3,2,0,4,16,8,16,24,17,0,0,8,0.0247031000003516,0.0081357419999221,0.0,0.0081357419999221,0.0082943349998458,0.0331081860003905,Optimal,0,none,3.508310584227245,0,13,100.0,100.0,100.0,2.0,2,2,1,0.5,0.6666666666666666,0.5714285714285715,0.9604702956646642,2,2,1,0.5,0.6666666666666666,0.5714285714285715,0.9604702956646642,2,2,1,0.5,0.6666666666666666,0.5714285714285715,0.9604702956646642,2,2,1,0.5,0.6666666666666666,0.5714285714285715,0.9604702956646642,8.207900009438163e-05,0,100.0,0,0,0,0.0,0.0,0.0,0,0,0,0.0,0.0,0.0,0,0,0,0.0,0.0,0.0,0,0,0,0.0,0.0,0.0
Open Images,8c676b9db5bde9f4,11,0,1,0,3,6,6,6,12,10,0,0,6,0.0248249429996576,0.0071750259999134,0.0,0.0071750259999134,0.0073115390000566,0.0322130819999983,Optimal,0,none,2.544518365859985,0,10,100.0,100.0,100.0,2.0,0,3,0,0.0,0.0,0.0,0.0,0,3,0,0.0,0.0,0.0,0.0,0,3,0,0.0,0.0,0.0,0.0,0,3,0,0.0,0.0,0.0,0.0,5.372599980546511e-05,0,100.0,0,0,0,0.0,0.0,0.0,0,0,0,0.0,0.0,0.0,0,0,0,0.0,0.0,0.0,0,0,0,0.0,0.0,0.0
Open Images,8d0b1e22cc02c96a,7,1,1,0,4,22,8,22,30,17,0,0,8,0.0262899540002763,0.0079654989999653,0.0,0.0079654989999653,0.0081526639996809,0.0345590660003836,Optimal,0,none,3.734790250460308,0,13,100.0,100.0,100.0,2.0,1,3,0,0.25,1.0,0.4,0.9762619289050204,1,3,0,0.25,1.0,0.4,0.9762619289050204,1,3,0,0.25,1.0,0.4,0.9762619289050204,1,3,0,0.25,1.0,0.4,0.9762619289050204,9.257499959858252e-05,0,100.0,0,0,0,0.0,0.0,0.0,0,0,0,0.0,0.0,0.0,0,0,0,0.0,0.0,0.0,0,0,0,0.0,0.0,0.0
Open Images,8e2b641bfa080a9a,12,0,1,0,1,0,2,0,2,1,0,0,2,0.0172155830000519,0.0069231160000526,0.0,0.0069231160000526,0.0070023019998188,0.0242525809999278,Optimal,0,none,0.3767094294230143,0,2,100.0,100.0,100.0,2.0,0,1,0,0.0,0.0,0.0,0.0,0,1,0,0.0,0.0,0.0,0.0,0,1,0,0.0,0.0,0.0,0.0,0,1,0,0.0,0.0,0.0,0.0,2.5565000214555766e-05,0,100.0,0,0,0,0.0,0.0,0.0,0,0,0,0.0,0.0,0.0,0,0,0,0.0,0.0,0.0,0,0,0,0.0,0.0,0.0
Open Images,9039a3d17b3cdd01,13,0,1,0,1,0,2,0,2,1,0,0,2,0.0185490280000522,0.0063617670002713,0.0,0.0063617670002713,0.0064496039999539,0.0250294380002742,Optimal,0,none,0.5826175371805826,0,2,100.0,100.0,100.0,2.0,0,1,0,0.0,0.0,0.0,0.0,0,1,0,0.0,0.0,0.0,0.0,0,1,0,0.0,0.0,0.0,0.0,0,1,0,0.0,0.0,0.0,0.0,2.239400009784731e-05,0,100.0,0,0,0,0.0,0.0,0.0,0,0,0,0.0,0.0,0.0,0,0,0,0.0,0.0,0.0,0,0,0,0.0,0.0,0.0
Open Images,90933aea042430bd,31,0,6,0,5,28,10,28,38,26,0,0,10,0.0194023290000586,0.0085450860001401,0.0,0.0085450860001401,0.0087424180001107,0.0283002689998284,Optimal,0,none,4.257489364941915,0,16,100.0,100.0,100.0,2.0,0,5,0,0.0,0.0,0.0,0.0,0,5,0,0.0,0.0,0.0,0.0,0,5,0,0.0,0.0,0.0,0.0,0,5,0,0.0,0.0,0.0,0.0,0.0001234399996974,0,100.0,0,0,0,0.0,0.0,0.0,0,0,0,0.0,0.0,0.0,0,0,0,0.0,0.0,0.0,0,0,0,0.0,0.0,0.0
Open Images,91271214e694cc03,12,1,1,0,2,2,4,2,6,5,0,0,4,0.0197164599999268,0.0070909569999457,0.0,0.0070909569999457,0.007215625000299,0.0269906909998098,Optimal,0,none,1.5412632354100544,0,5,100.0,100.0,100.0,2.0,1,1,0,0.5,1.0,0.6666666666666666,0.9590498380984552,1,1,0,0.5,1.0,0.6666666666666666,0.9590498380984552,1,1,0,0.5,1.0,0.6666666666666666,0.9590498380984552,1,1,0,0.5,1.0,0.6666666666666666,0.9590498380984552,4.150099994149059e-05,0,100.0,0,0,0,0.0,0.0,0.0,0,0,0,0.0,0.0,0.0,0,0,0,0.0,0.0,0.0,0,0,0,0.0,0.0,0.0
Open Images,91e09bc4c8db7631,10,2,2,0,4,23,8,23,31,17,0,0,8,0.0182644809997327,0.0078187620001699,0.0,0.0078187620001699,0.0079763420003473,0.0263623809996715,Optimal,0,none,3.2379904715220142,0,13,100.0,100.0,100.0,2.0,1,3,1,0.25,0.5,0.3333333333333333,0.7681974031442299,1,3,1,0.25,0.5,0.3333333333333333,0.7681974031442299,1,3,1,0.25,0.5,0.3333333333333333,0.7681974031442299,1,3,1,0.25,0.5,0.3333333333333333,0.7681974031442299,9.74680001490924e-05,0,100.0,0,0,0,0.0,0.0,0.0,0,0,0,0.0,0.0,0.0,0,0,0,0.0,0.0,0.0,0,0,0,0.0,0.0,0.0
Open Images,9265227e8b79f7b5,23,1,2,0,4,23,8,23,31,17,0,0,8,0.022840890000225,0.0085116139998717,0.0,0.0085116139998717,0.0086934159999145,0.0316806069999984,Optimal,0,none,3.1490592257181813,0,13,100.0,100.0,100.0,2.0,1,3,0,0.25,1.0,0.4,0.7922073555287867,1,3,0,0.25,1.0,0.4,0.7922073555287867,1,3,0,0.25,1.0,0.4,0.7922073555287867,1,3,0,0.25,1.0,0.4,0.7922073555287867,0.0001179870000669,0,100.0,0,0,0,0.0,0.0,0.0,0,0,0,0.0,0.0,0.0,0,0,0,0.0,0.0,0.0,0,0,0,0.0,0.0,0.0
Open Images,935ddd7147973bbe,12,0,1,0,4,31,8,31,39,17,0,0,8,0.0227266050001162,0.0091893939998044,0.0,0.0091893939998044,0.0094065060002321,0.0322945750003782,Optimal,0,none,3.203559667021919,0,13,100.0,100.0,100.0,2.0,0,4,0,0.0,0.0,0.0,0.0,0,4,0,0.0,0.0,0.0,0.0,0,4,0,0.0,0.0,0.0,0.0,0,4,0,0.0,0.0,0.0,0.0,0.0001315919998887,0,100.0,0,0,0,0.0,0.0,0.0,0,0,0,0.0,0.0,0.0,0,0,0,0.0,0.0,0.0,0,0,0,0.0,0.0,0.0
Open Images,940e335cf9bb61ce,10,0,1,0,7,81,14,81,95,50,0,0,14,0.0228827869996166,0.0114491140002428,0.0,0.0114491140002428,0.0117573890001949,0.0349207499998556,Optimal,0,none,5.71983444372813,0,22,100.0,100.0,100.0,2.0,0,7,0,0.0,0.0,0.0,0.0,0,7,0,0.0,0.0,0.0,0.0,0,7,0,0.0,0.0,0.0,0.0,0,7,0,0.0,0.0,0.0,0.0,0.0002423450000605,0,100.0,0,0,0,0.0,0.0,0.0,0,0,0,0.0,0.0,0.0,0,0,0,0.0,0.0,0.0,0,0,0,0.0,0.0,0.0
Open Images,976649e55a61ced7,9,0,4,0,4,22,8,22,30,17,0,0,8,0.0191109800002777,0.0084777639999629,0.0,0.0084777639999629,0.0086536389999309,0.0278886140004033,Optimal,0,none,3.5440434913012373,0,13,100.0,100.0,100.0,2.0,0,4,0,0.0,0.0,0.0,0.0,0,4,0,0.0,0.0,0.0,0.0,0,4,0,0.0,0.0,0.0,0.0,0,4,0,0.0,0.0,0.0,0.0,9.773800002221832e-05,0,100.0,0,0,0,0.0,0.0,0.0,0,0,0,0.0,0.0,0.0,0,0,0,0.0,0.0,0.0,0,0,0,0.0,0.0,0.0
Open Images,9795c20f42516f05,13,0,4,0,1,0,2,0,2,1,0,0,2,0.0225182600001971,0.0069073159997969,0.0,0.0069073159997969,0.0069806340002287,0.029529795000144,Optimal,0,none,0.585890261332194,0,2,100.0,100.0,100.0,2.0,0,1,0,0.0,0.0,0.0,0.0,0,1,0,0.0,0.0,0.0,0.0,0,1,0,0.0,0.0,0.0,0.0,0,1,0,0.0,0.0,0.0,0.0,2.2606000129599124e-05,0,100.0,0,0,0,0.0,0.0,0.0,0,0,0,0.0,0.0,0.0,0,0,0,0.0,0.0,0.0,0,0,0,0.0,0.0,0.0
Open Images,97b57bf58e7b224d,20,1,1,0,3,10,6,10,16,10,0,0,6,0.0205560029999105,0.0073861259998011,0.0,0.0073861259998011,0.0075377749999461,0.0282400920000327,Optimal,0,none,2.596186239719392,0,10,100.0,100.0,100.0,2.0,1,2,0,0.3333333333333333,1.0,0.5,0.9792899599784916,1,2,0,0.3333333333333333,1.0,0.5,0.9792899599784916,1,2,0,0.3333333333333333,1.0,0.5,0.9792899599784916,1,2,0,0.3333333333333333,1.0,0.5,0.9792899599784916,6.646600013482384e-05,0,100.0,0,0,0,0.0,0.0,0.0,0,0,0,0.0,0.0,0.0,0,0,0,0.0,0.0,0.0,0,0,0,0.0,0.0,0.0
Open Images,988888b4794b2981,10,1,7,0,3,12,6,12,18,10,0,0,6,0.0198199569999815,0.0075157870001021,0.0,0.0075157870001021,0.0076769900001636,0.0275874150001982,Optimal,0,none,2.3341024589538577,0,10,100.0,100.0,100.0,2.0,0,3,1,0.0,0.0,0.0,0.0,0,3,1,0.0,0.0,0.0,0.0,0,3,1,0.0,0.0,0.0,0.0,0,3,1,0.0,0.0,0.0,0.0,6.841999993412173e-05,0,100.0,0,0,0,0.0,0.0,0.0,0,0,0,0.0,0.0,0.0,0,0,0,0.0,0.0,0.0,0,0,0,0.0,0.0,0.0
Open Images,98dd164dfd089339,45,2,1,0,15,332,30,332,362,226,0,0,30,0.0280378239999663,0.0218173150001348,0.0,0.0218173150001348,0.0224466390000088,0.0513618780000797,Optimal,0,none,12.446752595901492,0,46,100.0,100.0,100.0,2.0,2,13,0,0.1333333333333333,1.0,0.2352941176470588,0.6989853310331668,2,13,0,0.1333333333333333,1.0,0.2352941176470588,0.6989853310331668,2,13,0,0.1333333333333333,1.0,0.2352941176470588,0.6989853310331668,2,13,0,0.1333333333333333,1.0,0.2352941176470588,0.6989853310331668,0.0008116349999909,0,100.0,0,0,0,0.0,0.0,0.0,0,0,0,0.0,0.0,0.0,0,0,0,0.0,0.0,0.0,0,0,0,0.0,0.0,0.0
Open Images,9998b5a9eff9472b,30,2,1,0,2,3,4,3,7,5,0,0,4,0.0199258319998989,0.0070888970003579,0.0,0.0070888970003579,0.0071987559999797,0.0271815420001075,Optimal,0,none,1.351058164437612,0,5,100.0,100.0,100.0,2.0,0,2,2,0.0,0.0,0.0,0.0,0,2,2,0.0,0.0,0.0,0.0,0,2,2,0.0,0.0,0.0,0.0,0,2,2,0.0,0.0,0.0,0.0,4.12540002798778e-05,0,100.0,0,0,0,0.0,0.0,0.0,0,0,0,0.0,0.0,0.0,0,0,0,0.0,0.0,0.0,0,0,0,0.0,0.0,0.0
Open Images,99b2f15e3e4a9d13,11,0,3,0,1,0,2,0,2,1,0,0,2,0.024659815999712,0.0071130139999695,0.0,0.0071130139999695,0.0071982739996201,0.0318914899999072,Optimal,0,none,0.4483798662821452,0,2,100.0,100.0,100.0,2.0,0,1,0,0.0,0.0,0.0,0.0,0,1,0,0.0,0.0,0.0,0.0,0,1,0,0.0,0.0,0.0,0.0,0,1,0,0.0,0.0,0.0,0.0,2.4328999643330466e-05,0,100.0,0,0,0,0.0,0.0,0.0,0,0,0,0.0,0.0,0.0,0,0,0,0.0,0.0,0.0,0,0,0,0.0,0.0,0.0
Open Images,9aa42339174d4689,24,0,2,0,3,10,6,10,16,10,0,0,6,0.0213556799999423,0.0073747859996728,0.0,0.0073747859996728,0.0075249729998176,0.0289744060000884,Optimal,0,none,2.488413043022156,0,10,100.0,100.0,100.0,2.0,0,3,0,0.0,0.0,0.0,0.0,0,3,0,0.0,0.0,0.0,0.0,0,3,0,0.0,0.0,0.0,0.0,0,3,0,0.0,0.0,0.0,0.0,6.858899996586842e-05,0,100.0,0,0,0,0.0,0.0,0.0,0,0,0,0.0,0.0,0.0,0,0,0,0.0,0.0,0.0,0,0,0,0.0,0.0,0.0
Open Images,9abee97e903a6145,10,0,2,0,1,0,2,0,2,1,0,0,2,0.0221147199999904,0.0068502039998747,0.0,0.0068502039998747,0.0069475079999392,0.0290975520001666,Optimal,0,none,0.5132359425226847,0,2,100.0,100.0,100.0,2.0,0,1,0,0.0,0.0,0.0,0.0,0,1,0,0.0,0.0,0.0,0.0,0,1,0,0.0,0.0,0.0,0.0,0,1,0,0.0,0.0,0.0,0.0,2.5502999960735903e-05,0,100.0,0,0,0,0.0,0.0,0.0,0,0,0,0.0,0.0,0.0,0,0,0,0.0,0.0,0.0,0,0,0,0.0,0.0,0.0
Open Images,9c1ff16b1dd2125b,8,0,2,0,1,0,2,0,2,1,0,0,2,0.0237818619998506,0.0071790100000725,0.0,0.0071790100000725,0.0072612779999872,0.0310776309997891,Optimal,0,none,0.5796619335810343,0,2,100.0,100.0,100.0,2.0,0,1,0,0.0,0.0,0.0,0.0,0,1,0,0.0,0.0,0.0,0.0,0,1,0,0.0,0.0,0.0,0.0,0,1,0,0.0,0.0,0.0,0.0,2.4957999812613707e-05,0,100.0,0,0,0,0.0,0.0,0.0,0,0,0,0.0,0.0,0.0,0,0,0,0.0,0.0,0.0,0,0,0,0.0,0.0,0.0
Open Images,9d42af30c97b8e32,11,0,3,0,5,37,10,37,47,25,0,0,10,0.0220931280000513,0.0092665399997713,0.0,0.0092665399997713,0.0094758120003461,0.0318143220001729,Optimal,0,none,4.029426850953839,0,16,100.0,100.0,100.0,2.0,0,5,0,0.0,0.0,0.0,0.0,0,5,0,0.0,0.0,0.0,0.0,0,5,0,0.0,0.0,0.0,0.0,0,5,0,0.0,0.0,0.0,0.0,0.0001355720000901,0,100.0,0,0,0,0.0,0.0,0.0,0,0,0,0.0,0.0,0.0,0,0,0,0.0,0.0,0.0,0,0,0,0.0,0.0,0.0
Open Images,9db652b99ba0d220,28,0,1,0,2,2,4,2,6,5,0,0,4,0.0195841689996996,0.0070060210000519,0.0,0.0070060210000519,0.0071420619997297,0.0267860259996268,Optimal,0,none,1.4507993586858112,0,5,100.0,100.0,100.0,2.0,0,2,0,0.0,0.0,0.0,0.0,0,2,0,0.0,0.0,0.0,0.0,0,2,0,0.0,0.0,0.0,0.0,0,2,0,0.0,0.0,0.0,0.0,4.181599979347084e-05,0,100.0,0,0,0,0.0,0.0,0.0,0,0,0,0.0,0.0,0.0,0,0,0,0.0,0.0,0.0,0,0,0,0.0,0.0,0.0
Open Images,9e34df630c2d2301,10,0,1,0,1,0,2,0,2,1,0,0,2,0.0205418549999194,0.0070448159999614,0.0,0.0070448159999614,0.0071236769999813,0.0277000360001693,Optimal,0,none,0.5820258299509684,0,2,100.0,100.0,100.0,2.0,0,1,0,0.0,0.0,0.0,0.0,0,1,0,0.0,0.0,0.0,0.0,0,1,0,0.0,0.0,0.0,0.0,0,1,0,0.0,0.0,0.0,0.0,2.5260000256821517e-05,0,100.0,0,0,0,0.0,0.0,0.0,0,0,0,0.0,0.0,0.0,0,0,0,0.0,0.0,0.0,0,0,0,0.0,0.0,0.0
Open Images,9e525d25b1f5fca7,10,0,1,0,2,5,4,5,9,5,0,0,4,0.0273791609997715,0.0075396580000415,0.0,0.0075396580000415,0.0076639129997602,0.0351280219997534,Optimal,0,none,1.3592709024747212,0,5,100.0,100.0,100.0,2.0,0,2,0,0.0,0.0,0.0,0.0,0,2,0,0.0,0.0,0.0,0.0,0,2,0,0.0,0.0,0.0,0.0,0,2,0,0.0,0.0,0.0,0.0,6.708199998683995e-05,0,100.0,0,0,0,0.0,0.0,0.0,0,0,0,0.0,0.0,0.0,0,0,0,0.0,0.0,0.0,0,0,0,0.0,0.0,0.0
Open Images,9f791f1ac0364b02,16,0,7,0,3,13,6,13,19,10,0,0,6,0.0238903540002866,0.0090033980000043,0.0,0.0090033980000043,0.0091736800000035,0.033173736000208,Optimal,0,none,2.25735386133194,0,10,100.0,100.0,100.0,2.0,0,3,0,0.0,0.0,0.0,0.0,0,3,0,0.0,0.0,0.0,0.0,0,3,0,0.0,0.0,0.0,0.0,0,3,0,0.0,0.0,0.0,0.0,8.481700024276506e-05,0,100.0,0,0,0,0.0,0.0,0.0,0,0,0,0.0,0.0,0.0,0,0,0,0.0,0.0,0.0,0,0,0,0.0,0.0,0.0
Open Images,a03a6011b066cd73,16,2,2,0,11,174,22,174,196,122,0,0,22,0.0241522940000322,0.016040189999785,0.0,0.016040189999785,0.0165136489999895,0.0413121769997815,Optimal,0,none,8.562586143811547,0,34,100.0,100.0,100.0,2.0,1,10,1,0.0909090909090909,0.5,0.1538461538461538,0.9661368147589576,1,10,1,0.0909090909090909,0.5,0.1538461538461538,0.9661368147589576,1,10,1,0.0909090909090909,0.5,0.1538461538461538,0.9661368147589576,1,10,1,0.0909090909090909,0.5,0.1538461538461538,0.9661368147589576,0.0005895259996577,0,100.0,0,0,0,0.0,0.0,0.0,0,0,0,0.0,0.0,0.0,0,0,0,0.0,0.0,0.0,0,0,0,0.0,0.0,0.0
Open Images,a144cb066f688185,41,1,2,0,7,80,14,80,94,50,0,0,14,0.0205183320003925,0.0116524630002459,0.0,0.0116524630002459,0.0119498930002919,0.0327441800000087,Optimal,0,none,5.611793363691819,0,22,100.0,100.0,100.0,2.0,0,7,1,0.0,0.0,0.0,0.0,0,7,1,0.0,0.0,0.0,0.0,0,7,1,0.0,0.0,0.0,0.0,0,7,1,0.0,0.0,0.0,0.0,0.0002397770003881,0,100.0,0,0,0,0.0,0.0,0.0,0,0,0,0.0,0.0,0.0,0,0,0,0.0,0.0,0.0,0,0,0,0.0,0.0,0.0
Open Images,a221ec1d89638d96,8,0,1,0,2,4,4,4,8,5,0,0,4,0.021268186999805,0.0074565110003277,0.0,0.0074565110003277,0.0075725259998762,0.028903932999583,Optimal,0,none,1.2396826775868734,0,5,100.0,100.0,100.0,2.0,0,2,0,0.0,0.0,0.0,0.0,0,2,0,0.0,0.0,0.0,0.0,0,2,0,0.0,0.0,0.0,0.0,0,2,0,0.0,0.0,0.0,0.0,4.7076000100787496e-05,0,100.0,0,0,0,0.0,0.0,0.0,0,0,0,0.0,0.0,0.0,0,0,0,0.0,0.0,0.0,0,0,0,0.0,0.0,0.0
Open Images,a358a9eb26b043d3,5,0,2,0,4,27,8,27,35,17,0,0,8,0.0204561879995708,0.0088619419998394,0.0,0.0088619419998394,0.0091357539999989,0.0297645259997807,Optimal,0,none,3.2730471785676603,0,13,100.0,100.0,100.0,2.0,0,4,0,0.0,0.0,0.0,0.0,0,4,0,0.0,0.0,0.0,0.0,0,4,0,0.0,0.0,0.0,0.0,0,4,0,0.0,0.0,0.0,0.0,0.000142020000112,0,100.0,0,0,0,0.0,0.0,0.0,0,0,0,0.0,0.0,0.0,0,0,0,0.0,0.0,0.0,0,0,0,0.0,0.0,0.0
Open Images,a3e014e7509aba65,13,0,2,0,3,14,6,14,20,10,0,0,6,0.0209843190000356,0.0078084159999889,0.0,0.0078084159999889,0.0079585419998693,0.0290390980003394,Optimal,0,none,2.3304330801963813,0,10,100.0,100.0,100.0,2.0,0,3,0,0.0,0.0,0.0,0.0,0,3,0,0.0,0.0,0.0,0.0,0,3,0,0.0,0.0,0.0,0.0,0,3,0,0.0,0.0,0.0,0.0,7.426899992424296e-05,0,100.0,0,0,0,0.0,0.0,0.0,0,0,0,0.0,0.0,0.0,0,0,0,0.0,0.0,0.0,0,0,0,0.0,0.0,0.0
Open Images,a6a7dcf14dd9f0f1,13,0,1,0,1,0,2,0,2,1,0,0,2,0.0247713779999685,0.0070410460002676,0.0,0.0070410460002676,0.0071335510001517,0.0319406210001034,Optimal,0,none,0.6051945606867473,0,2,100.0,100.0,100.0,2.0,0,1,0,0.0,0.0,0.0,0.0,0,1,0,0.0,0.0,0.0,0.0,0,1,0,0.0,0.0,0.0,0.0,0,1,0,0.0,0.0,0.0,0.0,2.592900000308873e-05,0,100.0,0,0,0,0.0,0.0,0.0,0,0,0,0.0,0.0,0.0,0,0,0,0.0,0.0,0.0,0,0,0,0.0,0.0,0.0
Open Images,a6b74e491c688fbd,18,2,2,0,4,19,8,19,27,17,0,0,8,0.0228993000000627,0.0086071129999254,0.0,0.0086071129999254,0.0088121870003305,0.031837409000218,Optimal,0,none,3.2537753269923813,0,13,100.0,100.0,100.0,2.0,1,3,1,0.25,0.5,0.3333333333333333,0.9117000468218404,1,3,1,0.25,0.5,0.3333333333333333,0.9117000468218404,1,3,1,0.25,0.5,0.3333333333333333,0.9117000468218404,1,3,1,0.25,0.5,0.3333333333333333,0.9117000468218404,9.687900001154048e-05,0,100.0,0,0,0,0.0,0.0,0.0,0,0,0,0.0,0.0,0.0,0,0,0,0.0,0.0,0.0,0,0,0,0.0,0.0,0.0
Open Images,a7f4ab4e7b501e74,9,2,5,0,8,101,16,101,117,65,0,0,16,0.0254163379995588,0.0118924600001264,0.0,0.0118924600001264,0.0122539880003387,0.0380547069999011,Optimal,0,none,6.614215892155968,0,25,100.0,100.0,100.0,2.0,2,6,0,0.25,1.0,0.4,0.7212813663764861,2,6,0,0.25,1.0,0.4,0.7212813663764861,2,6,0,0.25,1.0,0.4,0.7212813663764861,2,6,0,0.25,1.0,0.4,0.7212813663764861,0.000341384999956,0,100.0,0,0,0,0.0,0.0,0.0,0,0,0,0.0,0.0,0.0,0,0,0,0.0,0.0,0.0,0,0,0,0.0,0.0,0.0
Open Images,a80e58d34f5a2233,10,1,1,0,2,4,4,4,8,5,0,0,4,0.0194597439999597,0.0072019669996734,0.0,0.0072019669996734,0.0073195830000258,0.0268457160000252,Optimal,0,none,1.5806558163960776,0,5,100.0,100.0,100.0,2.0,1,1,0,0.5,1.0,0.6666666666666666,0.9850947420870974,1,1,0,0.5,1.0,0.6666666666666666,0.9850947420870974,1,1,0,0.5,1.0,0.6666666666666666,0.9850947420870974,1,1,0,0.5,1.0,0.6666666666666666,0.9850947420870974,4.931800003760145e-05,0,100.0,0,0,0,0.0,0.0,0.0,0,0,0,0.0,0.0,0.0,0,0,0,0.0,0.0,0.0,0,0,0,0.0,0.0,0.0
Open Images,a83d31d69e28914b,10,1,2,0,11,205,22,205,227,122,0,0,22,0.0216323859999647,0.0171037269997214,0.0,0.0171037269997214,0.0177616999999372,0.0403946090000317,Optimal,0,none,9.480586336474117,0,34,100.0,100.0,100.0,2.0,1,10,0,0.0909090909090909,1.0,0.1666666666666666,0.9426847728673574,1,10,0,0.0909090909090909,1.0,0.1666666666666666,0.9426847728673574,1,10,0,0.0909090909090909,1.0,0.1666666666666666,0.9426847728673574,1,10,0,0.0909090909090909,1.0,0.1666666666666666,0.9426847728673574,0.0009365400001115,0,100.0,0,0,0,0.0,0.0,0.0,0,0,0,0.0,0.0,0.0,0,0,0,0.0,0.0,0.0,0,0,0,0.0,0.0,0.0
Open Images,a8b14d4a442bf4a8,5,0,2,0,3,12,6,12,18,10,0,0,6,0.0193186129999958,0.0075202489997536,0.0,0.0075202489997536,0.007674092000343,0.0270840950001911,Optimal,0,none,2.4438623499870307,0,10,100.0,100.0,100.0,2.0,0,3,0,0.0,0.0,0.0,0.0,0,3,0,0.0,0.0,0.0,0.0,0,3,0,0.0,0.0,0.0,0.0,0,3,0,0.0,0.0,0.0,0.0,6.912900016686763e-05,0,100.0,0,0,0,0.0,0.0,0.0,0,0,0,0.0,0.0,0.0,0,0,0,0.0,0.0,0.0,0,0,0,0.0,0.0,0.0
Open Images,aa6c7c9bf1188b05,14,4,1,0,5,42,10,42,52,26,0,0,10,0.0294591880001462,0.0100006680004298,0.0,0.0100006680004298,0.0102284659997167,0.0399753520000558,Optimal,0,none,3.88495486577352,0,16,100.0,100.0,100.0,2.0,1,4,3,0.2,0.25,0.2222222222222222,0.8859254064672858,1,4,3,0.2,0.25,0.2222222222222222,0.8859254064672858,1,4,3,0.2,0.25,0.2222222222222222,0.8859254064672858,1,4,3,0.2,0.25,0.2222222222222222,0.8859254064672858,0.000250982000125,0,100.0,0,0,0,0.0,0.0,0.0,0,0,0,0.0,0.0,0.0,0,0,0,0.0,0.0,0.0,0,0,0,0.0,0.0,0.0
Open Images,aacadd9f833b7c46,38,4,2,0,9,120,18,120,138,82,0,0,18,0.0239091720000033,0.0135641040001246,0.0,0.0135641040001246,0.0140263590001268,0.0383897179999621,Optimal,0,none,7.898010648438698,0,28,100.0,100.0,100.0,2.0,1,8,3,0.1111111111111111,0.25,0.1538461538461538,0.8917958816158086,1,8,3,0.1111111111111111,0.25,0.1538461538461538,0.8917958816158086,1,8,3,0.1111111111111111,0.25,0.1538461538461538,0.8917958816158086,1,8,3,0.1111111111111111,0.25,0.1538461538461538,0.8917958816158086,0.0004011630003333,0,100.0,0,0,0,0.0,0.0,0.0,0,0,0,0.0,0.0,0.0,0,0,0,0.0,0.0,0.0,0,0,0,0.0,0.0,0.0
Open Images,abf1d637ed2122e8,12,0,2,0,2,4,4,4,8,5,0,0,4,0.0252727590000176,0.0075063780000164,0.0,0.0075063780000164,0.0076440799998636,0.0329836369996883,Optimal,0,none,1.4380087407430016,0,5,100.0,100.0,100.0,2.0,0,2,0,0.0,0.0,0.0,0.0,0,2,0,0.0,0.0,0.0,0.0,0,2,0,0.0,0.0,0.0,0.0,0,2,0,0.0,0.0,0.0,0.0,4.880899996351218e-05,0,100.0,0,0,0,0.0,0.0,0.0,0,0,0,0.0,0.0,0.0,0,0,0,0.0,0.0,0.0,0,0,0,0.0,0.0,0.0
Open Images,ad20808830930976,8,0,1,0,0,0,0,0,0,0,0,0,1,0.0230324039998777,0.0056496189999961,0.0,0.0056496189999961,0.0056949410000015,0.0287455990001035,Optimal,0,none,,0,1,100.0,0.0,0.0,0.0,0,0,0,0.0,0.0,0.0,0.0,0,0,0,0.0,0.0,0.0,0.0,0,0,0,0.0,0.0,0.0,0.0,0,0,0,0.0,0.0,0.0,0.0,1.200499991682591e-05,0,100.0,0,0,0,0.0,0.0,0.0,0,0,0,0.0,0.0,0.0,0,0,0,0.0,0.0,0.0,0,0,0,0.0,0.0,0.0
Open Images,ad6aca201fa51896,45,2,2,0,17,480,34,480,514,290,0,0,34,0.0290346959995986,0.0319758489999912,0.0,0.0319758489999912,0.0328726410002673,0.0637713179999082,Optimal,0,none,13.58747021993002,0,52,100.0,100.0,100.0,2.0,1,16,1,0.0588235294117647,0.5,0.1052631578947368,0.6153343011269216,1,16,1,0.0588235294117647,0.5,0.1052631578947368,0.6153343011269216,1,16,1,0.0588235294117647,0.5,0.1052631578947368,0.6153343011269216,1,16,1,0.0588235294117647,0.5,0.1052631578947368,0.6153343011269216,0.0016811380000945,0,100.0,0,0,0,0.0,0.0,0.0,0,0,0,0.0,0.0,0.0,0,0,0,0.0,0.0,0.0,0,0,0,0.0,0.0,0.0
Open Images,ae3dd169da01729f,10,0,1,0,4,26,8,26,34,17,0,0,8,0.031383920999815,0.0103993269999591,0.0,0.0103993269999591,0.0105833319998964,0.0421023499998227,Optimal,0,none,3.200016209284465,0,13,100.0,100.0,100.0,2.0,0,4,0,0.0,0.0,0.0,0.0,0,4,0,0.0,0.0,0.0,0.0,0,4,0,0.0,0.0,0.0,0.0,0,4,0,0.0,0.0,0.0,0.0,0.0001094869999178,0,100.0,0,0,0,0.0,0.0,0.0,0,0,0,0.0,0.0,0.0,0,0,0,0.0,0.0,0.0,0,0,0,0.0,0.0,0.0
Open Images,aecc6fdf5a5f66b9,18,0,5,0,4,17,8,17,25,17,0,0,8,0.027985838999939,0.0106578780000745,0.0,0.0106578780000745,0.0108281799998621,0.0389272439997512,Optimal,0,none,3.5350899998346974,0,13,100.0,100.0,100.0,2.0,0,4,0,0.0,0.0,0.0,0.0,0,4,0,0.0,0.0,0.0,0.0,0,4,0,0.0,0.0,0.0,0.0,0,4,0,0.0,0.0,0.0,0.0,8.744299975660397e-05,0,100.0,0,0,0,0.0,0.0,0.0,0,0,0,0.0,0.0,0.0,0,0,0,0.0,0.0,0.0,0,0,0,0.0,0.0,0.0
Open Images,b1b9df89276a198b,10,1,3,0,3,12,6,12,18,10,0,0,6,0.0683433009999134,0.007505010999921,0.0,0.007505010999921,0.0076545840001926,0.0760886439998103,Optimal,0,none,2.4417875790596018,0,10,100.0,100.0,100.0,2.0,0,3,1,0.0,0.0,0.0,0.9315693441688652,0,3,1,0.0,0.0,0.0,0.9315693441688652,0,3,1,0.0,0.0,0.0,0.9315693441688652,0,3,1,0.0,0.0,0.0,0.9315693441688652,6.81699998494878e-05,0,100.0,0,0,0,0.0,0.0,0.0,0,0,0,0.0,0.0,0.0,0,0,0,0.0,0.0,0.0,0,0,0,0.0,0.0,0.0
Open Images,b379c09ba49595b4,20,0,1,0,9,129,18,129,147,82,0,0,18,0.033619759999965,0.0137896050000563,0.0,0.0137896050000563,0.0141460220002045,0.0482035879999784,Optimal,0,none,7.633874008655551,0,28,100.0,100.0,100.0,2.0,0,9,0,0.0,0.0,0.0,0.0,0,9,0,0.0,0.0,0.0,0.0,0,9,0,0.0,0.0,0.0,0.0,0,9,0,0.0,0.0,0.0,0.0,0.0003882660003,0,100.0,0,0,0,0.0,0.0,0.0,0,0,0,0.0,0.0,0.0,0,0,0,0.0,0.0,0.0,0,0,0,0.0,0.0,0.0
Open Images,b4068aa9b3b58fa8,16,0,1,0,3,10,6,10,16,10,0,0,6,0.0238325820000682,0.0074760059997061,0.0,0.0074760059997061,0.0076241259998823,0.0315463840001939,Optimal,0,none,2.5905633163452157,0,10,100.0,100.0,100.0,2.0,0,3,0,0.0,0.0,0.0,0.0,0,3,0,0.0,0.0,0.0,0.0,0,3,0,0.0,0.0,0.0,0.0,0,3,0,0.0,0.0,0.0,0.0,6.624199977522949e-05,0,100.0,0,0,0,0.0,0.0,0.0,0,0,0,0.0,0.0,0.0,0,0,0,0.0,0.0,0.0,0,0,0,0.0,0.0,0.0
Open Images,b432735a2d626bc2,21,0,6,0,3,10,6,10,16,10,0,0,6,0.0269525799999428,0.0075096880000273,0.0,0.0075096880000273,0.0076634700003523,0.0347850919997654,Optimal,0,none,2.3020499976835485,0,10,100.0,100.0,100.0,2.0,0,3,0,0.0,0.0,0.0,0.0,0,3,0,0.0,0.0,0.0,0.0,0,3,0,0.0,0.0,0.0,0.0,0,3,0,0.0,0.0,0.0,0.0,0.0001280899996345,0,100.0,0,0,0,0.0,0.0,0.0,0,0,0,0.0,0.0,0.0,0,0,0,0.0,0.0,0.0,0,0,0,0.0,0.0,0.0
Open Images,b4bf8713c7f34283,10,0,2,0,2,2,4,2,6,5,0,0,4,0.0219398179997369,0.0073423540002295,0.0,0.0073423540002295,0.0074542870002005,0.0294502809997538,Optimal,0,none,1.2221609719594315,0,5,100.0,100.0,100.0,2.0,0,2,0,0.0,0.0,0.0,0.0,0,2,0,0.0,0.0,0.0,0.0,0,2,0,0.0,0.0,0.0,0.0,0,2,0,0.0,0.0,0.0,0.0,3.931299988835235e-05,0,100.0,0,0,0,0.0,0.0,0.0,0,0,0,0.0,0.0,0.0,0,0,0,0.0,0.0,0.0,0,0,0,0.0,0.0,0.0
Open Images,b6d6e570eccdb5ec,10,0,3,0,1,0,2,0,2,1,0,0,2,0.0187436769997475,0.0070645539999532,0.0,0.0070645539999532,0.0071531459998368,0.0259297920001699,Optimal,0,none,0.6086383740107218,0,2,100.0,100.0,100.0,2.0,0,1,0,0.0,0.0,0.0,0.0,0,1,0,0.0,0.0,0.0,0.0,0,1,0,0.0,0.0,0.0,0.0,0,1,0,0.0,0.0,0.0,0.0,2.424799959044321e-05,0,100.0,0,0,0,0.0,0.0,0.0,0,0,0,0.0,0.0,0.0,0,0,0,0.0,0.0,0.0,0,0,0,0.0,0.0,0.0
Open Images,b6ebb2fdb29dc778,40,1,4,0,8,82,16,82,98,65,0,0,16,0.0229489880002802,0.0114090350002697,0.0,0.0114090350002697,0.0117351970002346,0.0350889800001823,Optimal,0,none,6.685861068566642,0,25,100.0,100.0,100.0,2.0,0,8,1,0.0,0.0,0.0,0.0,0,8,1,0.0,0.0,0.0,0.0,0,8,1,0.0,0.0,0.0,0.0,0,8,1,0.0,0.0,0.0,0.0,0.0003552509997462,0,100.0,0,0,0,0.0,0.0,0.0,0,0,0,0.0,0.0,0.0,0,0,0,0.0,0.0,0.0,0,0,0,0.0,0.0,0.0
Open Images,b7904a8837396983,19,3,10,0,5,40,10,40,50,26,0,0,10,0.0250804170000265,0.0090096650001214,0.0,0.0090096650001214,0.0092361050001272,0.034582028999921,Optimal,0,none,4.290394254525504,0,16,100.0,100.0,100.0,2.0,0,5,3,0.0,0.0,0.0,0.0,0,5,3,0.0,0.0,0.0,0.0,0,5,3,0.0,0.0,0.0,0.0,0,5,3,0.0,0.0,0.0,0.0,0.0002257329997519,0,100.0,0,0,0,0.0,0.0,0.0,0,0,0,0.0,0.0,0.0,0,0,0,0.0,0.0,0.0,0,0,0,0.0,0.0,0.0
Open Images,b793c3cd82e1b00e,7,1,3,0,3,11,6,11,17,10,0,0,6,0.0205470550004065,0.0075172490001023,0.0,0.0075172490001023,0.0076732460001949,0.0283178050003698,Optimal,0,none,2.6099674201011664,0,10,100.0,100.0,100.0,2.0,1,2,0,0.3333333333333333,1.0,0.5,0.6380185645318528,1,2,0,0.3333333333333333,1.0,0.5,0.6380185645318528,1,2,0,0.3333333333333333,1.0,0.5,0.6380185645318528,1,2,0,0.3333333333333333,1.0,0.5,0.6380185645318528,7.186299990280531e-05,0,100.0,0,0,0,0.0,0.0,0.0,0,0,0,0.0,0.0,0.0,0,0,0,0.0,0.0,0.0,0,0,0,0.0,0.0,0.0
Open Images,b7d604c0f497cecf,13,0,2,0,2,5,4,5,9,5,0,0,4,0.0244609310002488,0.0072606919998179,0.0,0.0072606919998179,0.0073798429998532,0.0319781900002453,Optimal,0,none,1.2768352301915489,0,5,100.0,100.0,100.0,2.0,0,2,0,0.0,0.0,0.0,0.0,0,2,0,0.0,0.0,0.0,0.0,0,2,0,0.0,0.0,0.0,0.0,0,2,0,0.0,0.0,0.0,0.0,0.0001065040000867,0,100.0,0,0,0,0.0,0.0,0.0,0,0,0,0.0,0.0,0.0,0,0,0,0.0,0.0,0.0,0,0,0,0.0,0.0,0.0
Open Images,b809013feee5805a,18,0,4,0,4,20,8,20,28,17,0,0,8,0.0229715370001031,0.008620983000128,0.0,0.008620983000128,0.0088132730002143,0.0319706159998531,Optimal,0,none,3.5978413550059014,0,13,100.0,100.0,100.0,2.0,0,4,0,0.0,0.0,0.0,0.0,0,4,0,0.0,0.0,0.0,0.0,0,4,0,0.0,0.0,0.0,0.0,0,4,0,0.0,0.0,0.0,0.0,0.0001524680001239,0,100.0,0,0,0,0.0,0.0,0.0,0,0,0,0.0,0.0,0.0,0,0,0,0.0,0.0,0.0,0,0,0,0.0,0.0,0.0
Open Images,b8d6dcbc1ee43a28,35,0,1,0,4,20,8,20,28,17,0,0,8,0.0265763460001835,0.0088246309996975,0.0,0.0088246309996975,0.0090084659996136,0.0357172250000985,Optimal,0,none,3.010934009043477,0,13,100.0,100.0,100.0,2.0,0,4,0,0.0,0.0,0.0,0.0,0,4,0,0.0,0.0,0.0,0.0,0,4,0,0.0,0.0,0.0,0.0,0,4,0,0.0,0.0,0.0,0.0,0.0001014919998851,0,100.0,0,0,0,0.0,0.0,0.0,0,0,0,0.0,0.0,0.0,0,0,0,0.0,0.0,0.0,0,0,0,0.0,0.0,0.0
Open Images,ba2ce56c4a558b46,22,2,6,0,6,56,12,56,68,37,0,0,12,0.0214425859999209,0.0103420169998571,0.0,0.0103420169998571,0.0106011299999408,0.0322906179999336,Optimal,0,none,5.0988620153743724,0,19,100.0,100.0,100.0,2.0,2,4,0,0.3333333333333333,1.0,0.5,0.957474996727662,2,4,0,0.3333333333333333,1.0,0.5,0.957474996727662,2,4,0,0.3333333333333333,1.0,0.5,0.957474996727662,2,4,0,0.3333333333333333,1.0,0.5,0.957474996727662,0.0002075049997074,0,100.0,0,0,0,0.0,0.0,0.0,0,0,0,0.0,0.0,0.0,0,0,0,0.0,0.0,0.0,0,0,0,0.0,0.0,0.0
Open Images,bb5aca7adfb2d415,21,2,2,0,3,12,6,12,18,10,0,0,6,0.0222972400001708,0.0077572970003529,0.0,0.0077572970003529,0.0079174409997904,0.0303264600001966,Optimal,0,none,2.6090494728088385,0,10,100.0,100.0,100.0,2.0,1,2,1,0.3333333333333333,0.5,0.4,0.9467081403821986,1,2,1,0.3333333333333333,0.5,0.4,0.9467081403821986,1,2,1,0.3333333333333333,0.5,0.4,0.9467081403821986,1,2,1,0.3333333333333333,0.5,0.4,0.9467081403821986,8.583999988331925e-05,0,100.0,0,0,0,0.0,0.0,0.0,0,0,0,0.0,0.0,0.0,0,0,0,0.0,0.0,0.0,0,0,0,0.0,0.0,0.0
Open Images,bb872dbf60de40a0,12,0,2,0,13,293,26,293,319,170,0,0,26,0.0233537579997573,0.0206814660000418,0.0,0.0206814660000418,0.0213564650002808,0.0456721410000682,Optimal,0,none,10.34525156498471,0,40,100.0,100.0,100.0,2.0,0,13,0,0.0,0.0,0.0,0.0,0,13,0,0.0,0.0,0.0,0.0,0,13,0,0.0,0.0,0.0,0.0,0,13,0,0.0,0.0,0.0,0.0,0.0008912470002542,0,100.0,0,0,0,0.0,0.0,0.0,0,0,0,0.0,0.0,0.0,0,0,0,0.0,0.0,0.0,0,0,0,0.0,0.0,0.0
Open Images,bd5c58974539e9ec,34,5,6,0,5,32,10,32,42,26,0,0,10,0.0244464890001836,0.0090637299999798,0.0,0.0090637299999798,0.0092869180002708,0.0338984990003154,Optimal,0,none,4.340569277604423,0,16,100.0,100.0,100.0,2.0,3,2,2,0.6,0.6,0.6,0.8084910203078083,3,2,2,0.6,0.6,0.6,0.8084910203078083,3,2,2,0.6,0.6,0.6,0.8084910203078083,3,2,2,0.6,0.6,0.6,0.8084910203078083,0.0001332230003754,0,100.0,0,0,0,0.0,0.0,0.0,0,0,0,0.0,0.0,0.0,0,0,0,0.0,0.0,0.0,0,0,0,0.0,0.0,0.0
Open Images,be836aa24cb54cb3,8,1,2,0,4,26,8,26,34,17,0,0,8,0.0230320040000151,0.0088500440001553,0.0,0.0088500440001553,0.0090470720001576,0.0322381860000859,Optimal,0,none,3.333680381081388,0,13,100.0,100.0,100.0,2.0,1,3,0,0.25,1.0,0.4,0.5329218691262599,1,3,0,0.25,1.0,0.4,0.5329218691262599,1,3,0,0.25,1.0,0.4,0.5329218691262599,1,3,0,0.25,1.0,0.4,0.5329218691262599,0.0001293339996664,0,100.0,0,0,0,0.0,0.0,0.0,0,0,0,0.0,0.0,0.0,0,0,0,0.0,0.0,0.0,0,0,0,0.0,0.0,0.0
Open Images,c09a331e62a12d04,47,1,40,0,2,6,4,6,10,5,0,0,4,0.0219816909998371,0.0077992460001041,0.0,0.0077992460001041,0.0079407969997191,0.0299968739996074,Optimal,0,none,1.3552859505017598,0,5,100.0,100.0,100.0,2.0,0,2,1,0.0,0.0,0.0,0.8344733905322658,0,2,1,0.0,0.0,0.0,0.8344733905322658,0,2,1,0.0,0.0,0.0,0.8344733905322658,0,2,1,0.0,0.0,0.0,0.8344733905322658,5.7112000376946526e-05,0,100.0,0,0,0,0.0,0.0,0.0,0,0,0,0.0,0.0,0.0,0,0,0,0.0,0.0,0.0,0,0,0,0.0,0.0,0.0
Open Images,c10217d15b7b93a5,28,0,2,0,4,18,8,18,26,17,0,0,8,0.0229241510000974,0.0087238870000874,0.0,0.0087238870000874,0.0088931690002027,0.0319309390001762,Optimal,0,none,3.6324670855204273,0,13,100.0,100.0,100.0,2.0,0,4,0,0.0,0.0,0.0,0.0,0,4,0,0.0,0.0,0.0,0.0,0,4,0,0.0,0.0,0.0,0.0,0,4,0,0.0,0.0,0.0,0.0,8.647399999972549e-05,0,100.0,0,0,0,0.0,0.0,0.0,0,0,0,0.0,0.0,0.0,0,0,0,0.0,0.0,0.0,0,0,0,0.0,0.0,0.0
Open Images,c160e483b6c16f12,11,0,1,0,2,4,4,4,8,5,0,0,4,0.0233977829998366,0.0087367860000995,0.0,0.0087367860000995,0.0088650050001888,0.0323314960000971,Optimal,0,none,1.49038582166036,0,5,100.0,100.0,100.0,2.0,0,2,0,0.0,0.0,0.0,0.0,0,2,0,0.0,0.0,0.0,0.0,0,2,0,0.0,0.0,0.0,0.0,0,2,0,0.0,0.0,0.0,0.0,5.0955999995494494e-05,0,100.0,0,0,0,0.0,0.0,0.0,0,0,0,0.0,0.0,0.0,0,0,0,0.0,0.0,0.0,0,0,0,0.0,0.0,0.0
Open Images,c479beacc67d4b7d,4,1,1,0,1,0,2,0,2,1,0,0,2,0.0224223169998367,0.0068277450000096,0.0,0.0068277450000096,0.0069097779996809,0.0293671350000295,Optimal,0,none,0.4569552103678385,0,2,100.0,100.0,100.0,2.0,1,0,0,1.0,1.0,1.0,0.8570284438472607,1,0,0,1.0,1.0,1.0,0.8570284438472607,1,0,0,1.0,1.0,1.0,0.8570284438472607,1,0,0,1.0,1.0,1.0,0.8570284438472607,2.5319000087620225e-05,0,100.0,0,0,0,0.0,0.0,0.0,0,0,0,0.0,0.0,0.0,0,0,0,0.0,0.0,0.0,0,0,0,0.0,0.0,0.0
Open Images,c4a79ad7987f24b9,22,4,7,0,5,34,10,34,44,26,0,0,10,0.0230167919999075,0.0089018539997596,0.0,0.0089018539997596,0.009105528999953,0.0322785480002494,Optimal,0,none,4.087061115105948,0,16,100.0,100.0,100.0,2.0,0,5,4,0.0,0.0,0.0,0.0,0,5,4,0.0,0.0,0.0,0.0,0,5,4,0.0,0.0,0.0,0.0,0,5,4,0.0,0.0,0.0,0.0,0.0001284159998249,0,100.0,0,0,0,0.0,0.0,0.0,0,0,0,0.0,0.0,0.0,0,0,0,0.0,0.0,0.0,0,0,0,0.0,0.0,0.0
Open Images,c506cdf48321ee2e,5,0,1,0,4,25,8,25,33,17,0,0,8,0.0208215170000585,0.0085115539995968,0.0,0.0085115539995968,0.0087134609998429,0.0296813459999611,Optimal,0,none,3.235593005816143,0,13,100.0,100.0,100.0,2.0,0,4,0,0.0,0.0,0.0,0.0,0,4,0,0.0,0.0,0.0,0.0,0,4,0,0.0,0.0,0.0,0.0,0,4,0,0.0,0.0,0.0,0.0,0.0001195439999719,0,100.0,0,0,0,0.0,0.0,0.0,0,0,0,0.0,0.0,0.0,0,0,0,0.0,0.0,0.0,0,0,0,0.0,0.0,0.0
Open Images,c5398214bb3f6dda,17,1,2,0,3,12,6,12,18,10,0,0,6,0.0279157420000046,0.0075031249998573,0.0,0.0075031249998573,0.0076504920002662,0.035668687999987,Optimal,0,none,2.273373742103577,0,10,100.0,100.0,100.0,2.0,0,3,1,0.0,0.0,0.0,0.0,0,3,1,0.0,0.0,0.0,0.0,0,3,1,0.0,0.0,0.0,0.0,0,3,1,0.0,0.0,0.0,0.0,7.998999990377342e-05,0,100.0,0,0,0,0.0,0.0,0.0,0,0,0,0.0,0.0,0.0,0,0,0,0.0,0.0,0.0,0,0,0,0.0,0.0,0.0
Open Images,c705061238b1fe30,34,0,1,0,20,691,40,691,731,401,0,0,40,0.024803212000279,0.0380151290000867,0.0,0.0380151290000867,0.0391438390001894,0.0659030080000775,Optimal,0,none,16.078878913351122,0,61,100.0,100.0,100.0,2.0,0,20,0,0.0,0.0,0.0,0.0,0,20,0,0.0,0.0,0.0,0.0,0,20,0,0.0,0.0,0.0,0.0,0,20,0,0.0,0.0,0.0,0.0,0.0018560789999355,0,100.0,0,0,0,0.0,0.0,0.0,0,0,0,0.0,0.0,0.0,0,0,0,0.0,0.0,0.0,0,0,0,0.0,0.0,0.0
Open Images,c7a6a5f2a8f674ce,24,0,1,0,10,155,20,155,175,101,0,0,20,0.0228881530001672,0.0151605159999235,0.0,0.0151605159999235,0.0155750819999411,0.0390119530002266,Optimal,0,none,8.8439592757571,0,31,100.0,100.0,100.0,2.0,0,10,0,0.0,0.0,0.0,0.0,0,10,0,0.0,0.0,0.0,0.0,0,10,0,0.0,0.0,0.0,0.0,0,10,0,0.0,0.0,0.0,0.0,0.000490923000143,0,100.0,0,0,0,0.0,0.0,0.0,0,0,0,0.0,0.0,0.0,0,0,0,0.0,0.0,0.0,0,0,0,0.0,0.0,0.0
Open Images,c7e7654a5c583b13,6,0,1,0,2,4,4,4,8,5,0,0,4,0.0247386290002395,0.0068881649999639,0.0,0.0068881649999639,0.0070023879998188,0.0318093250002675,Optimal,0,none,1.4377448590596518,0,5,100.0,100.0,100.0,2.0,0,2,0,0.0,0.0,0.0,0.0,0,2,0,0.0,0.0,0.0,0.0,0,2,0,0.0,0.0,0.0,0.0,0,2,0,0.0,0.0,0.0,0.0,5.405999991126009e-05,0,100.0,0,0,0,0.0,0.0,0.0,0,0,0,0.0,0.0,0.0,0,0,0,0.0,0.0,0.0,0,0,0,0.0,0.0,0.0
Open Images,c864c741b7fa44f4,8,2,1,0,6,53,12,53,65,37,0,0,12,0.022300541000277,0.0113306460002604,0.0,0.0113306460002604,0.0116111159995853,0.0341198830001303,Optimal,0,none,5.222564690113069,0,19,100.0,100.0,100.0,2.0,2,4,0,0.3333333333333333,1.0,0.5,0.939807743331588,2,4,0,0.3333333333333333,1.0,0.5,0.939807743331588,2,4,0,0.3333333333333333,1.0,0.5,0.939807743331588,2,4,0,0.3333333333333333,1.0,0.5,0.939807743331588,0.0001724669996292,0,100.0,0,0,0,0.0,0.0,0.0,0,0,0,0.0,0.0,0.0,0,0,0,0.0,0.0,0.0,0,0,0,0.0,0.0,0.0
Open Images,c8a4a4786eea0ec5,8,3,2,0,5,37,10,37,47,25,0,0,10,0.0267433669996535,0.009884564999993,0.0,0.009884564999993,0.0101060590000088,0.0370223780000742,Optimal,0,none,4.209316297372184,0,16,100.0,100.0,100.0,2.0,3,2,0,0.6,1.0,0.7499999999999999,0.9108217237091164,3,2,0,0.6,1.0,0.7499999999999999,0.9108217237091164,3,2,0,0.6,1.0,0.7499999999999999,0.9108217237091164,3,2,0,0.6,1.0,0.7499999999999999,0.9108217237091164,0.000142803000017,0,100.0,0,0,0,0.0,0.0,0.0,0,0,0,0.0,0.0,0.0,0,0,0,0.0,0.0,0.0,0,0,0,0.0,0.0,0.0
Open Images,c9beadfaec7b5043,21,1,1,0,3,14,6,14,20,10,0,0,6,0.029189838000093,0.007864409999911,0.0,0.007864409999911,0.0080323410002165,0.0373294890000579,Optimal,0,none,2.593978986740113,0,10,100.0,100.0,100.0,2.0,1,2,0,0.3333333333333333,1.0,0.5,0.9546786715586454,1,2,0,0.3333333333333333,1.0,0.5,0.9546786715586454,1,2,0,0.3333333333333333,1.0,0.5,0.9546786715586454,1,2,0,0.3333333333333333,1.0,0.5,0.9546786715586454,8.428399996773805e-05,0,100.0,0,0,0,0.0,0.0,0.0,0,0,0,0.0,0.0,0.0,0,0,0,0.0,0.0,0.0,0,0,0,0.0,0.0,0.0
Open Images,ca3ef34d7304dd6c,13,0,4,0,1,0,2,0,2,1,0,0,2,0.0292319200002566,0.0070350959999814,0.0,0.0070350959999814,0.0071306730001197,0.0363974690003487,Optimal,0,none,0.612282148996989,0,2,100.0,100.0,100.0,2.0,0,1,0,0.0,0.0,0.0,0.0,0,1,0,0.0,0.0,0.0,0.0,0,1,0,0.0,0.0,0.0,0.0,0,1,0,0.0,0.0,0.0,0.0,2.5539000034768836e-05,0,100.0,0,0,0,0.0,0.0,0.0,0,0,0,0.0,0.0,0.0,0,0,0,0.0,0.0,0.0,0,0,0,0.0,0.0,0.0
Open Images,cca11bfdbfa9f92f,11,0,8,0,0,0,0,0,0,0,0,0,1,0.0253933760000109,0.0054944749999776,0.0,0.0054944749999776,0.0055390669999724,0.0309497130001545,Optimal,0,none,,0,1,100.0,0.0,0.0,0.0,0,0,0,0.0,0.0,0.0,0.0,0,0,0,0.0,0.0,0.0,0.0,0,0,0,0.0,0.0,0.0,0.0,0,0,0,0.0,0.0,0.0,0.0,1.0877000022446737e-05,0,100.0,0,0,0,0.0,0.0,0.0,0,0,0,0.0,0.0,0.0,0,0,0,0.0,0.0,0.0,0,0,0,0.0,0.0,0.0
Open Images,cdb2b707ef94db2c,20,0,11,0,2,4,4,4,8,5,0,0,4,0.022492910999972,0.0072318010002163,0.0,0.0072318010002163,0.00735258099985,0.0299115989996607,Optimal,0,none,1.2779594691594445,0,5,100.0,100.0,100.0,2.0,0,2,0,0.0,0.0,0.0,0.0,0,2,0,0.0,0.0,0.0,0.0,0,2,0,0.0,0.0,0.0,0.0,0,2,0,0.0,0.0,0.0,0.0,4.838499990000855e-05,0,100.0,0,0,0,0.0,0.0,0.0,0,0,0,0.0,0.0,0.0,0,0,0,0.0,0.0,0.0,0,0,0,0.0,0.0,0.0
Open Images,cddd3bc1bdb5ccb8,55,2,2,0,7,68,14,68,82,50,0,0,14,0.0272579059997042,0.0112349930000164,0.0,0.0112349930000164,0.0115146190000814,0.0390666230000533,Optimal,0,none,5.9783631030718505,0,22,100.0,100.0,100.0,2.0,2,5,0,0.2857142857142857,1.0,0.4444444444444445,0.788107777537812,2,5,0,0.2857142857142857,1.0,0.4444444444444445,0.788107777537812,2,5,0,0.2857142857142857,1.0,0.4444444444444445,0.788107777537812,2,5,0,0.2857142857142857,1.0,0.4444444444444445,0.788107777537812,0.0002540580003369,0,100.0,0,0,0,0.0,0.0,0.0,0,0,0,0.0,0.0,0.0,0,0,0,0.0,0.0,0.0,0,0,0,0.0,0.0,0.0
Open Images,ce7aa02b052cb75a,27,0,1,0,9,115,18,115,133,82,0,0,18,0.0280196610001439,0.0127820420002535,0.0,0.0127820420002535,0.0131266869998398,0.0415919070001109,Optimal,0,none,7.13356492996216,0,28,100.0,100.0,100.0,2.0,0,9,0,0.0,0.0,0.0,0.0,0,9,0,0.0,0.0,0.0,0.0,0,9,0,0.0,0.0,0.0,0.0,0,9,0,0.0,0.0,0.0,0.0,0.0003975159997935,0,100.0,0,0,0,0.0,0.0,0.0,0,0,0,0.0,0.0,0.0,0,0,0,0.0,0.0,0.0,0,0,0,0.0,0.0,0.0
Open Images,cf97377cb331bb4d,12,0,1,0,1,0,2,0,2,1,0,0,2,0.0250656919997709,0.007099670000116,0.0,0.007099670000116,0.0072017530001176,0.0323038910000832,Optimal,0,none,0.6415885845820108,0,2,100.0,100.0,100.0,2.0,0,1,0,0.0,0.0,0.0,0.0,0,1,0,0.0,0.0,0.0,0.0,0,1,0,0.0,0.0,0.0,0.0,0,1,0,0.0,0.0,0.0,0.0,2.706200029933825e-05,0,100.0,0,0,0,0.0,0.0,0.0,0,0,0,0.0,0.0,0.0,0,0,0,0.0,0.0,0.0,0,0,0,0.0,0.0,0.0
Open Images,d0d5130bf995f3dd,11,0,1,0,5,36,10,36,46,26,0,0,10,0.0364272050001091,0.0099081280000064,0.0,0.0099081280000064,0.0101401050001186,0.0467464700000164,Optimal,0,none,4.463798445065818,0,16,100.0,100.0,100.0,2.0,0,5,0,0.0,0.0,0.0,0.0,0,5,0,0.0,0.0,0.0,0.0,0,5,0,0.0,0.0,0.0,0.0,0,5,0,0.0,0.0,0.0,0.0,0.0001459639997847,0,100.0,0,0,0,0.0,0.0,0.0,0,0,0,0.0,0.0,0.0,0,0,0,0.0,0.0,0.0,0,0,0,0.0,0.0,0.0
Open Images,d1a9733014ce4e89,22,9,1,0,6,56,12,56,68,37,0,0,12,0.0469419669998387,0.0095606519998909,0.0,0.0095606519998909,0.0098121320002064,0.0569636059999538,Optimal,0,none,5.330303592681886,0,19,100.0,100.0,100.0,2.0,5,1,4,0.8333333333333334,0.5555555555555556,0.6666666666666667,0.8579107723676322,5,1,4,0.8333333333333334,0.5555555555555556,0.6666666666666667,0.8579107723676322,5,1,4,0.8333333333333334,0.5555555555555556,0.6666666666666667,0.8579107723676322,5,1,4,0.8333333333333334,0.5555555555555556,0.6666666666666667,0.8579107723676322,0.0001775659998202,0,100.0,0,0,0,0.0,0.0,0.0,0,0,0,0.0,0.0,0.0,0,0,0,0.0,0.0,0.0,0,0,0,0.0,0.0,0.0
Open Images,d1ef645e3687eb31,21,0,9,0,6,56,12,56,68,37,0,0,12,0.0225495740000951,0.0097894329996961,0.0,0.0097894329996961,0.0100276070002109,0.0328973880000376,Optimal,0,none,4.975363973021352,0,19,100.0,100.0,100.0,2.0,0,6,0,0.0,0.0,0.0,0.0,0,6,0,0.0,0.0,0.0,0.0,0,6,0,0.0,0.0,0.0,0.0,0,6,0,0.0,0.0,0.0,0.0,0.0002840789998117,0,100.0,0,0,0,0.0,0.0,0.0,0,0,0,0.0,0.0,0.0,0,0,0,0.0,0.0,0.0,0,0,0,0.0,0.0,0.0
Open Images,d29f095f98aec84f,3,0,1,0,11,209,22,209,231,122,0,0,22,0.025894141000208,0.017181280999921,0.0,0.017181280999921,0.0176192650001212,0.0441433179998966,Optimal,0,none,8.690324049858011,0,34,100.0,100.0,100.0,2.0,0,11,0,0.0,0.0,0.0,0.0,0,11,0,0.0,0.0,0.0,0.0,0,11,0,0.0,0.0,0.0,0.0,0,11,0,0.0,0.0,0.0,0.0,0.0005245480001576,0,100.0,0,0,0,0.0,0.0,0.0,0,0,0,0.0,0.0,0.0,0,0,0,0.0,0.0,0.0,0,0,0,0.0,0.0,0.0
Open Images,d2d5e5cc2b420898,68,10,2,0,15,366,30,366,396,226,0,0,30,0.0213424290000148,0.0217892089999622,0.0,0.0217892089999622,0.0224266630002603,0.044756315000086,Optimal,0,none,12.13721514877925,0,46,100.0,100.0,100.0,2.0,6,9,4,0.4,0.6,0.48,0.7905923475353515,6,9,4,0.4,0.6,0.48,0.7905923475353515,6,9,4,0.4,0.6,0.48,0.7905923475353515,6,9,4,0.4,0.6,0.48,0.7905923475353515,0.0009194650001518,0,100.0,0,0,0,0.0,0.0,0.0,0,0,0,0.0,0.0,0.0,0,0,0,0.0,0.0,0.0,0,0,0,0.0,0.0,0.0
Open Images,d2fd5a5b75deb8e6,22,1,3,0,10,173,20,173,193,101,0,0,20,0.0238920830001916,0.0164983839999877,0.0,0.0164983839999877,0.0169007099998452,0.041392954999992,Optimal,0,none,9.00402994439661,0,31,100.0,100.0,100.0,2.0,1,9,0,0.1,1.0,0.1818181818181818,0.7266174791571047,1,9,0,0.1,1.0,0.1818181818181818,0.7266174791571047,1,9,0,0.1,1.0,0.1818181818181818,0.7266174791571047,1,9,0,0.1,1.0,0.1818181818181818,0.7266174791571047,0.0005441110001811,0,100.0,0,0,0,0.0,0.0,0.0,0,0,0,0.0,0.0,0.0,0,0,0,0.0,0.0,0.0,0,0,0,0.0,0.0,0.0
Open Images,d32f37b94e40e78a,39,1,3,0,4,19,8,19,27,17,0,0,8,0.0226299070000095,0.0086051419998511,0.0,0.0086051419998511,0.0088034199998219,0.0315606679996562,Optimal,0,none,3.561193591753643,0,13,100.0,100.0,100.0,2.0,1,3,0,0.25,1.0,0.4,0.9500045925959172,1,3,0,0.25,1.0,0.4,0.9500045925959172,1,3,0,0.25,1.0,0.4,0.9500045925959172,1,3,0,0.25,1.0,0.4,0.9500045925959172,9.90050002656062e-05,0,100.0,0,0,0,0.0,0.0,0.0,0,0,0,0.0,0.0,0.0,0,0,0,0.0,0.0,0.0,0,0,0,0.0,0.0,0.0
Open Images,d44801d0b7da712e,7,1,2,0,5,37,10,37,47,26,0,0,10,0.0270582820003255,0.0098408459998609,0.0,0.0098408459998609,0.0100537490002352,0.0373470940003244,Optimal,0,none,4.268776495540458,0,16,100.0,100.0,100.0,2.0,1,4,0,0.2,1.0,0.3333333333333333,0.9351238762362308,1,4,0,0.2,1.0,0.3333333333333333,0.9351238762362308,1,4,0,0.2,1.0,0.3333333333333333,0.9351238762362308,1,4,0,0.2,1.0,0.3333333333333333,0.9351238762362308,0.0001354949999949,0,100.0,0,0,0,0.0,0.0,0.0,0,0,0,0.0,0.0,0.0,0,0,0,0.0,0.0,0.0,0,0,0,0.0,0.0,0.0
Open Images,d4a83afb84b0f902,5,0,4,0,3,12,6,12,18,10,0,0,6,0.0200391150001451,0.0077259580002646,0.0,0.0077259580002646,0.0078785059999972,0.0280071180000049,Optimal,0,none,2.423783169772157,0,10,100.0,100.0,100.0,2.0,0,3,0,0.0,0.0,0.0,0.0,0,3,0,0.0,0.0,0.0,0.0,0,3,0,0.0,0.0,0.0,0.0,0,3,0,0.0,0.0,0.0,0.0,6.713399989166646e-05,0,100.0,0,0,0,0.0,0.0,0.0,0,0,0,0.0,0.0,0.0,0,0,0,0.0,0.0,0.0,0,0,0,0.0,0.0,0.0
Open Images,d4c9a417b5e7ba37,9,0,2,0,4,21,8,21,29,17,0,0,8,0.0250681329998769,0.0089625549999254,0.0,0.0089625549999254,0.0091770599997289,0.0343770610002138,Optimal,0,none,3.470560230414073,0,13,100.0,100.0,100.0,2.0,0,4,0,0.0,0.0,0.0,0.0,0,4,0,0.0,0.0,0.0,0.0,0,4,0,0.0,0.0,0.0,0.0,0,4,0,0.0,0.0,0.0,0.0,0.0001029629997901,0,100.0,0,0,0,0.0,0.0,0.0,0,0,0,0.0,0.0,0.0,0,0,0,0.0,0.0,0.0,0,0,0,0.0,0.0,0.0
Open Images,d5a1e51d937f330f,24,7,2,0,11,203,22,203,225,122,0,0,22,0.0217118680002386,0.01670163999961,0.0,0.01670163999961,0.017153793000034,0.0394582660001106,Optimal,0,none,8.549361068241328,0,34,100.0,100.0,100.0,2.0,3,8,4,0.2727272727272727,0.4285714285714285,0.3333333333333332,0.804982075650256,3,8,4,0.2727272727272727,0.4285714285714285,0.3333333333333332,0.804982075650256,3,8,4,0.2727272727272727,0.4285714285714285,0.3333333333333332,0.804982075650256,3,8,4,0.2727272727272727,0.4285714285714285,0.3333333333333332,0.804982075650256,0.0005309410003064,0,100.0,0,0,0,0.0,0.0,0.0,0,0,0,0.0,0.0,0.0,0,0,0,0.0,0.0,0.0,0,0,0,0.0,0.0,0.0
Open Images,d6bdc197b5645e29,4,0,2,0,4,20,8,20,28,17,0,0,8,0.0203573240000878,0.0093312869998953,0.0,0.0093312869998953,0.009516480000002,0.0300017909999041,Optimal,0,none,3.2561595952964195,0,13,100.0,100.0,100.0,2.0,0,4,0,0.0,0.0,0.0,0.0,0,4,0,0.0,0.0,0.0,0.0,0,4,0,0.0,0.0,0.0,0.0,0,4,0,0.0,0.0,0.0,0.0,9.204799971485043e-05,0,100.0,0,0,0,0.0,0.0,0.0,0,0,0,0.0,0.0,0.0,0,0,0,0.0,0.0,0.0,0,0,0,0.0,0.0,0.0
Open Images,d7f48eef89b429ff,9,1,3,0,3,9,6,9,15,10,0,0,6,0.0245115200000327,0.0096191789998556,0.0,0.0096191789998556,0.0097698370000216,0.0343704399997477,Optimal,0,none,2.621569908874614,0,10,100.0,100.0,100.0,2.0,1,2,0,0.3333333333333333,1.0,0.5,0.8676710375603031,1,2,0,0.3333333333333333,1.0,0.5,0.8676710375603031,1,2,0,0.3333333333333333,1.0,0.5,0.8676710375603031,1,2,0,0.3333333333333333,1.0,0.5,0.8676710375603031,6.426200025089202e-05,0,100.0,0,0,0,0.0,0.0,0.0,0,0,0,0.0,0.0,0.0,0,0,0,0.0,0.0,0.0,0,0,0,0.0,0.0,0.0
Open Images,d8241d4c97b7bdc7,5,0,2,0,1,0,2,0,2,1,0,0,2,0.020795179000288,0.0066496109998297,0.0,0.0066496109998297,0.006767913999738,0.0276116650002222,Optimal,0,none,0.5648168961207072,0,2,100.0,100.0,100.0,2.0,0,1,0,0.0,0.0,0.0,0.0,0,1,0,0.0,0.0,0.0,0.0,0,1,0,0.0,0.0,0.0,0.0,0,1,0,0.0,0.0,0.0,0.0,3.754799990929314e-05,0,100.0,0,0,0,0.0,0.0,0.0,0,0,0,0.0,0.0,0.0,0,0,0,0.0,0.0,0.0,0,0,0,0.0,0.0,0.0
Open Images,d92f7bdf1bfbcb31,9,1,1,0,2,2,4,2,6,5,0,0,4,0.020879012000023,0.0073608780003269,0.0,0.0073608780003269,0.0074733189999278,0.0284115569997993,Optimal,0,none,1.5245834477742513,0,5,100.0,100.0,100.0,2.0,1,1,0,0.5,1.0,0.6666666666666666,0.8427567838960937,1,1,0,0.5,1.0,0.6666666666666666,0.8427567838960937,1,1,0,0.5,1.0,0.6666666666666666,0.8427567838960937,1,1,0,0.5,1.0,0.6666666666666666,0.8427567838960937,4.2611000026226975e-05,0,100.0,0,0,0,0.0,0.0,0.0,0,0,0,0.0,0.0,0.0,0,0,0,0.0,0.0,0.0,0,0,0,0.0,0.0,0.0
Open Images,d9e9a8b9befb3f51,18,2,1,0,3,11,6,11,17,10,0,0,6,0.0241726029998972,0.0074507159997665,0.0,0.0074507159997665,0.0075900209999417,0.0318527339995853,Optimal,0,none,2.6418322638701945,0,10,100.0,100.0,100.0,2.0,1,2,1,0.3333333333333333,0.5,0.4,0.5861688015857311,1,2,1,0.3333333333333333,0.5,0.4,0.5861688015857311,1,2,1,0.3333333333333333,0.5,0.4,0.5861688015857311,1,2,1,0.3333333333333333,0.5,0.4,0.5861688015857311,6.668100013484946e-05,0,100.0,0,0,0,0.0,0.0,0.0,0,0,0,0.0,0.0,0.0,0,0,0,0.0,0.0,0.0,0,0,0,0.0,0.0,0.0
Open Images,dabd65b40c5f53fc,29,11,5,0,15,389,30,389,419,226,0,0,30,0.0260537679996559,0.0244942250001258,0.0,0.0244942250001258,0.025145889000214,0.052220541999759,Optimal,0,none,12.33690723152169,0,46,100.0,100.0,100.0,2.0,3,12,8,0.2,0.2727272727272727,0.2307692307692307,0.9381638459012694,3,12,8,0.2,0.2727272727272727,0.2307692307692307,0.9381638459012694,3,12,8,0.2,0.2727272727272727,0.2307692307692307,0.9381638459012694,3,12,8,0.2,0.2727272727272727,0.2307692307692307,0.9381638459012694,0.0009498439999333,0,100.0,0,0,0,0.0,0.0,0.0,0,0,0,0.0,0.0,0.0,0,0,0,0.0,0.0,0.0,0,0,0,0.0,0.0,0.0
Open Images,db73cb1e1bbecd08,3,1,2,0,0,0,0,0,0,0,0,0,1,0.0271411540002191,0.0054592259998571,0.0,0.0054592259998571,0.0055011509998621,0.0326598710003054,Optimal,0,none,,0,1,100.0,0.0,0.0,0.0,0,0,1,0.0,0.0,0.0,0.0,0,0,1,0.0,0.0,0.0,0.0,0,0,1,0.0,0.0,0.0,0.0,0,0,1,0.0,0.0,0.0,0.0,1.1125999662908724e-05,0,100.0,0,0,0,0.0,0.0,0.0,0,0,0,0.0,0.0,0.0,0,0,0,0.0,0.0,0.0,0,0,0,0.0,0.0,0.0
Open Images,db9455699be59212,26,0,2,0,2,4,4,4,8,5,0,0,4,0.0185979729999417,0.0071242410003833,0.0,0.0071242410003833,0.0072313840000788,0.0258854039998368,Optimal,0,none,1.4472813876469934,0,5,100.0,100.0,100.0,2.0,0,2,0,0.0,0.0,0.0,0.0,0,2,0,0.0,0.0,0.0,0.0,0,2,0,0.0,0.0,0.0,0.0,0,2,0,0.0,0.0,0.0,0.0,4.130399975110777e-05,0,100.0,0,0,0,0.0,0.0,0.0,0,0,0,0.0,0.0,0.0,0,0,0,0.0,0.0,0.0,0,0,0,0.0,0.0,0.0
Open Images,dd1160459778fdd6,14,1,1,0,1,0,2,0,2,1,0,0,2,0.0296809619999294,0.0069056370002726,0.0,0.0069056370002726,0.0069819710001866,0.0366934939997918,Optimal,0,none,0.5929556290308635,0,2,100.0,100.0,100.0,2.0,0,1,1,0.0,0.0,0.0,0.5421153439530689,0,1,1,0.0,0.0,0.0,0.5421153439530689,0,1,1,0.0,0.0,0.0,0.5421153439530689,0,1,1,0.0,0.0,0.0,0.5421153439530689,2.2522999643115327e-05,0,100.0,0,0,0,0.0,0.0,0.0,0,0,0,0.0,0.0,0.0,0,0,0,0.0,0.0,0.0,0,0,0,0.0,0.0,0.0
Open Images,dd424886ee4db1df,44,0,1,0,6,48,12,48,60,37,0,0,12,0.0320342479999453,0.0097917620000771,0.0,0.0097917620000771,0.0100442120001389,0.0422826230001192,Optimal,0,none,5.3407501411438005,0,19,100.0,100.0,100.0,2.0,0,6,0,0.0,0.0,0.0,0.0,0,6,0,0.0,0.0,0.0,0.0,0,6,0,0.0,0.0,0.0,0.0,0,6,0,0.0,0.0,0.0,0.0,0.0001718009998512,0,100.0,0,0,0,0.0,0.0,0.0,0,0,0,0.0,0.0,0.0,0,0,0,0.0,0.0,0.0,0,0,0,0.0,0.0,0.0
Open Images,dd5cce09d5f254cc,13,0,3,0,2,8,4,8,12,5,0,0,4,0.0242449080001279,0.0073409440001341,0.0,0.0073409440001341,0.0074799469998652,0.0318057189997489,Optimal,0,none,1.170320120652517,0,5,100.0,100.0,100.0,2.0,0,2,0,0.0,0.0,0.0,0.0,0,2,0,0.0,0.0,0.0,0.0,0,2,0,0.0,0.0,0.0,0.0,0,2,0,0.0,0.0,0.0,0.0,6.510799994430272e-05,0,100.0,0,0,0,0.0,0.0,0.0,0,0,0,0.0,0.0,0.0,0,0,0,0.0,0.0,0.0,0,0,0,0.0,0.0,0.0
Open Images,dd7c6dbfee84e796,25,1,1,0,13,286,26,286,312,170,0,0,26,0.0259289000000535,0.0199972810000872,0.0,0.0199972810000872,0.0205904829999781,0.0473652219998257,Optimal,0,none,11.169107383886978,0,40,100.0,100.0,100.0,2.0,1,12,0,0.0769230769230769,1.0,0.1428571428571428,0.5778950859962058,1,12,0,0.0769230769230769,1.0,0.1428571428571428,0.5778950859962058,1,12,0,0.0769230769230769,1.0,0.1428571428571428,0.5778950859962058,1,12,0,0.0769230769230769,1.0,0.1428571428571428,0.5778950859962058,0.0007824330000403,0,100.0,0,0,0,0.0,0.0,0.0,0,0,0,0.0,0.0,0.0,0,0,0,0.0,0.0,0.0,0,0,0,0.0,0.0,0.0
Open Images,ddebe5a86b2713c4,8,0,2,0,4,28,8,28,36,17,0,0,8,0.0239217069997721,0.0095253069998761,0.0,0.0095253069998761,0.0098063139998885,0.0338720449999527,Optimal,0,none,3.4527778355280567,0,13,100.0,100.0,100.0,2.0,0,4,0,0.0,0.0,0.0,0.0,0,4,0,0.0,0.0,0.0,0.0,0,4,0,0.0,0.0,0.0,0.0,0,4,0,0.0,0.0,0.0,0.0,0.0001153739999608,0,100.0,0,0,0,0.0,0.0,0.0,0,0,0,0.0,0.0,0.0,0,0,0,0.0,0.0,0.0,0,0,0,0.0,0.0,0.0
Open Images,de578e711d5d2712,8,0,8,0,3,10,6,10,16,10,0,0,6,0.0215565210000932,0.0073042470003201,0.0,0.0073042470003201,0.0074521110000205,0.0290994809997755,Optimal,0,none,2.647193374633789,0,10,100.0,100.0,100.0,2.0,0,3,0,0.0,0.0,0.0,0.0,0,3,0,0.0,0.0,0.0,0.0,0,3,0,0.0,0.0,0.0,0.0,0,3,0,0.0,0.0,0.0,0.0,6.724900003973744e-05,0,100.0,0,0,0,0.0,0.0,0.0,0,0,0,0.0,0.0,0.0,0,0,0,0.0,0.0,0.0,0,0,0,0.0,0.0,0.0
Open Images,df0179678dcd6762,23,3,2,0,14,365,28,365,393,197,0,0,28,0.0284606810000696,0.0230707269997765,0.0,0.0230707269997765,0.0237285309999606,0.0532962080001198,Optimal,0,none,11.70607043622562,0,43,100.0,100.0,100.0,2.0,2,12,1,0.1428571428571428,0.6666666666666666,0.2352941176470588,0.8114570350191226,2,12,1,0.1428571428571428,0.6666666666666666,0.2352941176470588,0.8114570350191226,2,12,1,0.1428571428571428,0.6666666666666666,0.2352941176470588,0.8114570350191226,2,12,1,0.1428571428571428,0.6666666666666666,0.2352941176470588,0.8114570350191226,0.001028473000133,0,100.0,0,0,0,0.0,0.0,0.0,0,0,0,0.0,0.0,0.0,0,0,0,0.0,0.0,0.0,0,0,0,0.0,0.0,0.0
Open Images,df01a6bc5ed9029e,38,0,2,0,15,392,30,392,422,226,0,0,30,0.0209816749998026,0.0251992580001569,0.0,0.0251992580001569,0.0258675390000462,0.0478956759998254,Optimal,0,none,12.729690272014626,0,46,100.0,100.0,100.0,2.0,0,15,0,0.0,0.0,0.0,0.0,0,15,0,0.0,0.0,0.0,0.0,0,15,0,0.0,0.0,0.0,0.0,0,15,0,0.0,0.0,0.0,0.0,0.0009733280003274,0,100.0,0,0,0,0.0,0.0,0.0,0,0,0,0.0,0.0,0.0,0,0,0,0.0,0.0,0.0,0,0,0,0.0,0.0,0.0
Open Images,e0aa41e2ede3de7d,13,0,4,0,2,6,4,6,10,5,0,0,4,0.0259982830002627,0.0074514739999358,0.0,0.0074514739999358,0.0076153810000505,0.0336825710000994,Optimal,0,none,1.3148277791341147,0,5,100.0,100.0,100.0,2.0,0,2,0,0.0,0.0,0.0,0.0,0,2,0,0.0,0.0,0.0,0.0,0,2,0,0.0,0.0,0.0,0.0,0,2,0,0.0,0.0,0.0,0.0,5.287900012262981e-05,0,100.0,0,0,0,0.0,0.0,0.0,0,0,0,0.0,0.0,0.0,0,0,0,0.0,0.0,0.0,0,0,0,0.0,0.0,0.0
Open Images,e12d3e0517297b73,5,0,1,0,1,0,2,0,2,1,0,0,2,0.0229522339996037,0.0068996649997643,0.0,0.0068996649997643,0.0069785289997525,0.0299628079997091,Optimal,0,none,0.4225497762362162,0,2,100.0,100.0,100.0,2.0,0,1,0,0.0,0.0,0.0,0.0,0,1,0,0.0,0.0,0.0,0.0,0,1,0,0.0,0.0,0.0,0.0,0,1,0,0.0,0.0,0.0,0.0,2.375800022491603e-05,0,100.0,0,0,0,0.0,0.0,0.0,0,0,0,0.0,0.0,0.0,0,0,0,0.0,0.0,0.0,0,0,0,0.0,0.0,0.0
Open Images,e216dd92c7f1e961,32,5,1,0,20,691,40,691,731,401,0,0,40,0.0260387739999714,0.036209036999935,0.0,0.036209036999935,0.0371844050000618,0.0650821350000114,Optimal,0,none,16.349251610986066,0,61,100.0,100.0,100.0,2.0,2,18,3,0.1,0.4,0.16,0.9043973216266096,2,18,3,0.1,0.4,0.16,0.9043973216266096,2,18,3,0.1,0.4,0.16,0.9043973216266096,2,18,3,0.1,0.4,0.16,0.9043973216266096,0.0017627520001042,0,100.0,0,0,0,0.0,0.0,0.0,0,0,0,0.0,0.0,0.0,0,0,0,0.0,0.0,0.0,0,0,0,0.0,0.0,0.0
Open Images,e3f5e554f66f6595,64,2,9,0,15,382,30,382,412,226,0,0,30,0.0327669640000749,0.0247451279997221,0.0,0.0247451279997221,0.0254820699997253,0.0593783550002626,Optimal,0,none,12.465464237635684,0,46,100.0,100.0,100.0,2.0,1,14,1,0.0666666666666666,0.5,0.1176470588235294,0.7141905851486812,1,14,1,0.0666666666666666,0.5,0.1176470588235294,0.7141905851486812,1,14,1,0.0666666666666666,0.5,0.1176470588235294,0.7141905851486812,1,14,1,0.0666666666666666,0.5,0.1176470588235294,0.7141905851486812,0.0010495390001779,0,100.0,0,0,0,0.0,0.0,0.0,0,0,0,0.0,0.0,0.0,0,0,0,0.0,0.0,0.0,0,0,0,0.0,0.0,0.0
Open Images,e6697a9f8ec12c82,7,0,1,0,2,2,4,2,6,5,0,0,4,0.0281844339997405,0.007014965000053,0.0,0.007014965000053,0.0071251040003517,0.0353695280000465,Optimal,0,none,1.2469763406117755,0,5,100.0,100.0,100.0,2.0,0,2,0,0.0,0.0,0.0,0.0,0,2,0,0.0,0.0,0.0,0.0,0,2,0,0.0,0.0,0.0,0.0,0,2,0,0.0,0.0,0.0,0.0,4.2363999909866834e-05,0,100.0,0,0,0,0.0,0.0,0.0,0,0,0,0.0,0.0,0.0,0,0,0,0.0,0.0,0.0,0,0,0,0.0,0.0,0.0
Open Images,e91b89ea86367570,13,0,3,0,2,2,4,2,6,5,0,0,4,0.0215035409996744,0.0070899420002206,0.0,0.0070899420002206,0.007201700999758,0.0287643149999894,Optimal,0,none,1.435548294385274,0,5,100.0,100.0,100.0,2.0,0,2,0,0.0,0.0,0.0,0.0,0,2,0,0.0,0.0,0.0,0.0,0,2,0,0.0,0.0,0.0,0.0,0,2,0,0.0,0.0,0.0,0.0,4.1603000227041775e-05,0,100.0,0,0,0,0.0,0.0,0.0,0,0,0,0.0,0.0,0.0,0,0,0,0.0,0.0,0.0,0,0,0,0.0,0.0,0.0
Open Images,e955e464ee18492a,17,1,1,0,2,4,4,4,8,5,0,0,4,0.0306521350003095,0.0074273889999858,0.0,0.0074273889999858,0.0075489529999686,0.0382667260000744,Optimal,0,none,1.398810246785482,0,5,100.0,100.0,100.0,2.0,1,1,0,0.5,1.0,0.6666666666666666,0.9008131454655446,1,1,0,0.5,1.0,0.6666666666666666,0.9008131454655446,1,1,0,0.5,1.0,0.6666666666666666,0.9008131454655446,1,1,0,0.5,1.0,0.6666666666666666,0.9008131454655446,4.8209999931714265e-05,0,100.0,0,0,0,0.0,0.0,0.0,0,0,0,0.0,0.0,0.0,0,0,0,0.0,0.0,0.0,0,0,0,0.0,0.0,0.0
Open Images,ea0cd65da3d17cb6,12,1,2,0,4,16,8,16,24,17,0,0,8,0.0185781229997701,0.0081411410001237,0.0,0.0081411410001237,0.0083171109999966,0.0270042600000124,Optimal,0,none,3.1796697227160147,0,13,100.0,100.0,100.0,2.0,1,3,0,0.25,1.0,0.4,0.9576826105842164,1,3,0,0.25,1.0,0.4,0.9576826105842164,1,3,0,0.25,1.0,0.4,0.9576826105842164,1,3,0,0.25,1.0,0.4,0.9576826105842164,8.287599985123961e-05,0,100.0,0,0,0,0.0,0.0,0.0,0,0,0,0.0,0.0,0.0,0,0,0,0.0,0.0,0.0,0,0,0,0.0,0.0,0.0
Open Images,ea2a84f5d29be501,8,0,2,0,3,14,6,14,20,10,0,0,6,0.0294920239998646,0.0077655779996348,0.0,0.0077655779996348,0.0079203880000022,0.0375083670001004,Optimal,0,none,2.3616968428460927,0,10,100.0,100.0,100.0,2.0,0,3,0,0.0,0.0,0.0,0.0,0,3,0,0.0,0.0,0.0,0.0,0,3,0,0.0,0.0,0.0,0.0,0,3,0,0.0,0.0,0.0,0.0,7.313099968087045e-05,0,100.0,0,0,0,0.0,0.0,0.0,0,0,0,0.0,0.0,0.0,0,0,0,0.0,0.0,0.0,0,0,0,0.0,0.0,0.0
Open Images,eadce84978423613,13,1,5,0,1,0,2,0,2,1,0,0,2,0.0313925119999112,0.0070731689997955,0.0,0.0070731689997955,0.0071579259997633,0.0385965450000185,Optimal,0,none,0.6263865629831951,0,2,100.0,100.0,100.0,2.0,0,1,1,0.0,0.0,0.0,0.0,0,1,1,0.0,0.0,0.0,0.0,0,1,1,0.0,0.0,0.0,0.0,0,1,1,0.0,0.0,0.0,0.0,3.59030000254279e-05,0,100.0,0,0,0,0.0,0.0,0.0,0,0,0,0.0,0.0,0.0,0,0,0,0.0,0.0,0.0,0,0,0,0.0,0.0,0.0
Open Images,ecbbb807ff44e14d,23,1,1,0,2,2,4,2,6,5,0,0,4,0.0219522839997807,0.0071450880000156,0.0,0.0071450880000156,0.0072821160001694,0.0292910079997454,Optimal,0,none,1.335732234319051,0,5,100.0,100.0,100.0,2.0,0,2,1,0.0,0.0,0.0,0.0,0,2,1,0.0,0.0,0.0,0.0,0,2,1,0.0,0.0,0.0,0.0,0,2,1,0.0,0.0,0.0,0.0,4.038599990963121e-05,0,100.0,0,0,0,0.0,0.0,0.0,0,0,0,0.0,0.0,0.0,0,0,0,0.0,0.0,0.0,0,0,0,0.0,0.0,0.0
Open Images,ed583cb7dc069691,40,1,1,0,2,4,4,4,8,5,0,0,4,0.0272399089999453,0.0073127380001096,0.0,0.0073127380001096,0.0074542940001265,0.0347604369999317,Optimal,0,none,1.498928033538598,0,5,100.0,100.0,100.0,2.0,0,2,1,0.0,0.0,0.0,0.0,0,2,1,0.0,0.0,0.0,0.0,0,2,1,0.0,0.0,0.0,0.0,0,2,1,0.0,0.0,0.0,0.0,4.859099999521277e-05,0,100.0,0,0,0,0.0,0.0,0.0,0,0,0,0.0,0.0,0.0,0,0,0,0.0,0.0,0.0,0,0,0,0.0,0.0,0.0
Open Images,f00d696f4d0663e1,20,0,2,0,1,0,2,0,2,1,0,0,2,0.0664936650000527,0.0075958239999636,0.0,0.0075958239999636,0.0076754459996664,0.0742049330001464,Optimal,0,none,0.6155933777491251,0,2,100.0,100.0,100.0,2.0,0,1,0,0.0,0.0,0.0,0.0,0,1,0,0.0,0.0,0.0,0.0,0,1,0,0.0,0.0,0.0,0.0,0,1,0,0.0,0.0,0.0,0.0,2.6542999876255635e-05,0,100.0,0,0,0,0.0,0.0,0.0,0,0,0,0.0,0.0,0.0,0,0,0,0.0,0.0,0.0,0,0,0,0.0,0.0,0.0
Open Images,f0ec9c4728c00172,8,5,5,0,3,10,6,10,16,10,0,0,6,0.0248690830003397,0.0076088939999863,0.0,0.0076088939999863,0.0077682700002696,0.0327334650000921,Optimal,0,none,2.2569396805763247,0,10,100.0,100.0,100.0,2.0,1,2,4,0.3333333333333333,0.2,0.25,0.9269897323880107,1,2,4,0.3333333333333333,0.2,0.25,0.9269897323880107,1,2,4,0.3333333333333333,0.2,0.25,0.9269897323880107,1,2,4,0.3333333333333333,0.2,0.25,0.9269897323880107,7.02659999660682e-05,0,100.0,0,0,0,0.0,0.0,0.0,0,0,0,0.0,0.0,0.0,0,0,0,0.0,0.0,0.0,0,0,0,0.0,0.0,0.0
Open Images,f185f8f2d67d0067,8,0,5,0,1,0,2,0,2,1,0,0,2,0.0215857190000861,0.006986173000314,0.0,0.006986173000314,0.0070664760000909,0.0286853470001915,Optimal,0,none,0.5953720013300579,0,2,100.0,100.0,100.0,2.0,0,1,0,0.0,0.0,0.0,0.0,0,1,0,0.0,0.0,0.0,0.0,0,1,0,0.0,0.0,0.0,0.0,0,1,0,0.0,0.0,0.0,0.0,2.4252000002888963e-05,0,100.0,0,0,0,0.0,0.0,0.0,0,0,0,0.0,0.0,0.0,0,0,0,0.0,0.0,0.0,0,0,0,0.0,0.0,0.0
Open Images,f339b1c5438b5b7c,58,2,7,0,7,66,14,66,80,50,0,0,14,0.0275652169998465,0.011260172999755,0.0,0.011260172999755,0.0115454089996092,0.039373919999889,Optimal,0,none,6.246626693407697,0,22,100.0,100.0,100.0,2.0,1,6,1,0.1428571428571428,0.5,0.2222222222222222,0.8079724323056396,1,6,1,0.1428571428571428,0.5,0.2222222222222222,0.8079724323056396,1,6,1,0.1428571428571428,0.5,0.2222222222222222,0.8079724323056396,1,6,1,0.1428571428571428,0.5,0.2222222222222222,0.8079724323056396,0.0002283020003233,0,100.0,0,0,0,0.0,0.0,0.0,0,0,0,0.0,0.0,0.0,0,0,0,0.0,0.0,0.0,0,0,0,0.0,0.0,0.0
Open Images,f3e7fed441e35ccd,23,0,1,0,4,27,8,27,35,17,0,0,8,0.0269019739998839,0.009164409999812,0.0,0.009164409999812,0.0093592779999198,0.0363970299999891,Optimal,0,none,3.2780411746215865,0,13,100.0,100.0,100.0,2.0,0,4,0,0.0,0.0,0.0,0.0,0,4,0,0.0,0.0,0.0,0.0,0,4,0,0.0,0.0,0.0,0.0,0,4,0,0.0,0.0,0.0,0.0,0.0001082490002772,0,100.0,0,0,0,0.0,0.0,0.0,0,0,0,0.0,0.0,0.0,0,0,0,0.0,0.0,0.0,0,0,0,0.0,0.0,0.0
Open Images,f54cecf49c0397f5,12,0,1,0,3,10,6,10,16,10,0,0,6,0.0250996780000605,0.0080737020002743,0.0,0.0080737020002743,0.0082955899997614,0.033567911999853,Optimal,0,none,2.3627036762237554,0,10,100.0,100.0,100.0,2.0,0,3,0,0.0,0.0,0.0,0.0,0,3,0,0.0,0.0,0.0,0.0,0,3,0,0.0,0.0,0.0,0.0,0,3,0,0.0,0.0,0.0,0.0,0.0001241629997821,0,100.0,0,0,0,0.0,0.0,0.0,0,0,0,0.0,0.0,0.0,0,0,0,0.0,0.0,0.0,0,0,0,0.0,0.0,0.0
Open Images,f88b1b035c47011b,12,3,3,0,7,74,14,74,88,50,0,0,14,0.0254775200000949,0.0105883439996432,0.0,0.0105883439996432,0.0109090800001467,0.0368249410003045,Optimal,0,none,5.71500975529353,0,22,100.0,100.0,100.0,2.0,2,5,1,0.2857142857142857,0.6666666666666666,0.4,0.7774606057760761,2,5,1,0.2857142857142857,0.6666666666666666,0.4,0.7774606057760761,2,5,1,0.2857142857142857,0.6666666666666666,0.4,0.7774606057760761,2,5,1,0.2857142857142857,0.6666666666666666,0.4,0.7774606057760761,0.0003028320002158,0,100.0,0,0,0,0.0,0.0,0.0,0,0,0,0.0,0.0,0.0,0,0,0,0.0,0.0,0.0,0,0,0,0.0,0.0,0.0
Open Images,f98e23895593ab01,23,0,3,0,5,40,10,40,50,26,0,0,10,0.0285872030003702,0.0093457190000663,0.0,0.0093457190000663,0.0095644080001875,0.0383313150000503,Optimal,0,none,3.98916116555532,0,16,100.0,100.0,100.0,2.0,0,5,0,0.0,0.0,0.0,0.0,0,5,0,0.0,0.0,0.0,0.0,0,5,0,0.0,0.0,0.0,0.0,0,5,0,0.0,0.0,0.0,0.0,0.0001489960000071,0,100.0,0,0,0,0.0,0.0,0.0,0,0,0,0.0,0.0,0.0,0,0,0,0.0,0.0,0.0,0,0,0,0.0,0.0,0.0
Open Images,f9d76673400715e9,12,0,1,0,1,0,2,0,2,1,0,0,2,0.0385637520003001,0.0070905859997765,0.0,0.0070905859997765,0.0071748440000192,0.0457838890001767,Optimal,0,none,0.6222742716471354,0,2,100.0,100.0,100.0,2.0,0,1,0,0.0,0.0,0.0,0.0,0,1,0,0.0,0.0,0.0,0.0,0,1,0,0.0,0.0,0.0,0.0,0,1,0,0.0,0.0,0.0,0.0,3.555900002538692e-05,0,100.0,0,0,0,0.0,0.0,0.0,0,0,0,0.0,0.0,0.0,0,0,0,0.0,0.0,0.0,0,0,0,0.0,0.0,0.0
Open Images,f9e161f84d07e4c0,15,0,1,0,1,0,2,0,2,1,0,0,2,0.0211338439999053,0.0064271609999195,0.0,0.0064271609999195,0.0065057550000346,0.0276737509998383,Optimal,0,none,0.6374839941660564,0,2,100.0,100.0,100.0,2.0,0,1,0,0.0,0.0,0.0,0.0,0,1,0,0.0,0.0,0.0,0.0,0,1,0,0.0,0.0,0.0,0.0,0,1,0,0.0,0.0,0.0,0.0,2.461500025674468e-05,0,100.0,0,0,0,0.0,0.0,0.0,0,0,0,0.0,0.0,0.0,0,0,0,0.0,0.0,0.0,0,0,0,0.0,0.0,0.0
Open Images,f9e68389f2422650,11,0,6,0,1,0,2,0,2,1,0,0,2,0.0242951809996156,0.0068088120001448,0.0,0.0068088120001448,0.0068902640000487,0.0312202049999541,Optimal,0,none,0.3856588880221049,0,2,100.0,100.0,100.0,2.0,0,1,0,0.0,0.0,0.0,0.0,0,1,0,0.0,0.0,0.0,0.0,0,1,0,0.0,0.0,0.0,0.0,0,1,0,0.0,0.0,0.0,0.0,2.549700002418831e-05,0,100.0,0,0,0,0.0,0.0,0.0,0,0,0,0.0,0.0,0.0,0,0,0,0.0,0.0,0.0,0,0,0,0.0,0.0,0.0
Open Images,fb29a634ec39a4c1,33,2,2,0,11,172,22,172,194,122,0,0,22,0.0221176289996947,0.0150611789999857,0.0,0.0150611789999857,0.0155375429999367,0.0381716369997775,Optimal,0,none,8.709015622933709,0,34,100.0,100.0,100.0,2.0,1,10,1,0.0909090909090909,0.5,0.1538461538461538,0.7893374152669147,1,10,1,0.0909090909090909,0.5,0.1538461538461538,0.7893374152669147,1,10,1,0.0909090909090909,0.5,0.1538461538461538,0.7893374152669147,1,10,1,0.0909090909090909,0.5,0.1538461538461538,0.7893374152669147,0.0004645619997063,0,100.0,0,0,0,0.0,0.0,0.0,0,0,0,0.0,0.0,0.0,0,0,0,0.0,0.0,0.0,0,0,0,0.0,0.0,0.0
Open Images,fc14f1cce131d551,28,0,3,0,4,20,8,20,28,17,0,0,8,0.0290001559997108,0.008363552999981,0.0,0.008363552999981,0.0085455550001825,0.0376594849999492,Optimal,0,none,3.5278924671808887,0,13,100.0,100.0,100.0,2.0,0,4,0,0.0,0.0,0.0,0.0,0,4,0,0.0,0.0,0.0,0.0,0,4,0,0.0,0.0,0.0,0.0,0,4,0,0.0,0.0,0.0,0.0,8.845299998938572e-05,0,100.0,0,0,0,0.0,0.0,0.0,0,0,0,0.0,0.0,0.0,0,0,0,0.0,0.0,0.0,0,0,0,0.0,0.0,0.0
Open Images,fcae2d2574521a1a,15,0,4,0,2,4,4,4,8,5,0,0,4,0.0277300340003421,0.0075186710000707,0.0,0.0075186710000707,0.0076545829997485,0.035449883000183,Optimal,0,none,1.3626738937695824,0,5,100.0,100.0,100.0,2.0,0,2,0,0.0,0.0,0.0,0.0,0,2,0,0.0,0.0,0.0,0.0,0,2,0,0.0,0.0,0.0,0.0,0,2,0,0.0,0.0,0.0,0.0,4.7214999995048856e-05,0,100.0,0,0,0,0.0,0.0,0.0,0,0,0,0.0,0.0,0.0,0,0,0,0.0,0.0,0.0,0,0,0,0.0,0.0,0.0
Open Images,fcfbd8e754fea64f,26,0,2,0,5,32,10,32,42,26,0,0,10,0.0255737340003179,0.0091291789999559,0.0,0.0091291789999559,0.0093537219995596,0.0350946630001089,Optimal,0,none,4.295860453446707,0,16,100.0,100.0,100.0,2.0,0,5,0,0.0,0.0,0.0,0.0,0,5,0,0.0,0.0,0.0,0.0,0,5,0,0.0,0.0,0.0,0.0,0,5,0,0.0,0.0,0.0,0.0,0.0001346550002381,0,100.0,0,0,0,0.0,0.0,0.0,0,0,0,0.0,0.0,0.0,0,0,0,0.0,0.0,0.0,0,0,0,0.0,0.0,0.0
Open Images,fd29da80d062d4df,18,0,1,0,3,10,6,10,16,10,0,0,6,0.0192327830000067,0.0074933599998985,0.0,0.0074933599998985,0.007650279000245,0.0269708389996594,Optimal,0,none,2.3869811558723453,0,10,100.0,100.0,100.0,2.0,0,3,0,0.0,0.0,0.0,0.0,0,3,0,0.0,0.0,0.0,0.0,0,3,0,0.0,0.0,0.0,0.0,0,3,0,0.0,0.0,0.0,0.0,6.437999991248944e-05,0,100.0,0,0,0,0.0,0.0,0.0,0,0,0,0.0,0.0,0.0,0,0,0,0.0,0.0,0.0,0,0,0,0.0,0.0,0.0
Open Images,fdef6eed1051dd32,12,0,1,0,2,6,4,6,10,5,0,0,4,0.0196106540001892,0.0072139409999181,0.0,0.0072139409999181,0.0073322510002071,0.0270092929999918,Optimal,0,none,1.2510389359792078,0,5,100.0,100.0,100.0,2.0,0,2,0,0.0,0.0,0.0,0.0,0,2,0,0.0,0.0,0.0,0.0,0,2,0,0.0,0.0,0.0,0.0,0,2,0,0.0,0.0,0.0,0.0,5.052200003774488e-05,0,100.0,0,0,0,0.0,0.0,0.0,0,0,0,0.0,0.0,0.0,0,0,0,0.0,0.0,0.0,0,0,0,0.0,0.0,0.0
Open Images,fdefeec421b9a4df,42,0,1,0,22,838,44,838,882,485,0,0,44,0.0341288280001208,0.048974693999753,0.0,0.048974693999753,0.0502676669998436,0.0867423200002122,Optimal,0,none,18.2079258910815,0,67,100.0,100.0,100.0,2.0,0,22,0,0.0,0.0,0.0,0.0,0,22,0,0.0,0.0,0.0,0.0,0,22,0,0.0,0.0,0.0,0.0,0,22,0,0.0,0.0,0.0,0.0,0.0022427149997383,0,100.0,0,0,0,0.0,0.0,0.0,0,0,0,0.0,0.0,0.0,0,0,0,0.0,0.0,0.0,0,0,0,0.0,0.0,0.0
Open Images,fe600639ac5f36c1,30,0,2,0,6,57,12,57,69,37,0,0,12,0.0184671609999895,0.0105470889998287,0.0,0.0105470889998287,0.0109160079996399,0.029630429000008,Optimal,0,none,5.31792480900768,0,19,100.0,100.0,100.0,2.0,0,6,0,0.0,0.0,0.0,0.0,0,6,0,0.0,0.0,0.0,0.0,0,6,0,0.0,0.0,0.0,0.0,0,6,0,0.0,0.0,0.0,0.0,0.0002089469999191,0,100.0,0,0,0,0.0,0.0,0.0,0,0,0,0.0,0.0,0.0,0,0,0,0.0,0.0,0.0,0,0,0,0.0,0.0,0.0
Open Images,fe67317504c74466,8,0,1,0,3,14,6,14,20,10,0,0,6,0.0239337359998899,0.0078382169999713,0.0,0.0078382169999713,0.0079959590002545,0.0320285039997543,Optimal,0,none,2.368731985092164,0,10,100.0,100.0,100.0,2.0,0,3,0,0.0,0.0,0.0,0.0,0,3,0,0.0,0.0,0.0,0.0,0,3,0,0.0,0.0,0.0,0.0,0,3,0,0.0,0.0,0.0,0.0,7.623900000908179e-05,0,100.0,0,0,0,0.0,0.0,0.0,0,0,0,0.0,0.0,0.0,0,0,0,0.0,0.0,0.0,0,0,0,0.0,0.0,0.0
Open Images,ff50b6fca1c1d54b,20,1,6,0,5,38,10,38,48,26,0,0,10,0.0209746119999181,0.0091450159998203,0.0,0.0091450159998203,0.0093452779997278,0.0304950639997514,Optimal,0,none,4.172469111283621,0,16,100.0,100.0,100.0,2.0,1,4,0,0.2,1.0,0.3333333333333333,0.6225518865899726,1,4,0,0.2,1.0,0.3333333333333333,0.6225518865899726,1,4,0,0.2,1.0,0.3333333333333333,0.6225518865899726,1,4,0,0.2,1.0,0.3333333333333333,0.6225518865899726,0.0001456659997529,0,100.0,0,0,0,0.0,0.0,0.0,0,0,0,0.0,0.0,0.0,0,0,0,0.0,0.0,0.0,0,0,0,0.0,0.0,0.0
Open Images,ffb2640fb0b5a865,20,1,6,0,2,4,4,4,8,5,0,0,4,0.0223099349996118,0.0067889389997617,0.0,0.0067889389997617,0.0068952409997109,0.0292743479999444,Optimal,0,none,1.356599574130295,0,5,100.0,100.0,100.0,2.0,0,2,1,0.0,0.0,0.0,0.0,0,2,1,0.0,0.0,0.0,0.0,0,2,1,0.0,0.0,0.0,0.0,0,2,1,0.0,0.0,0.0,0.0,5.337700031304848e-05,0,100.0,0,0,0,0.0,0.0,0.0,0,0,0,0.0,0.0,0.0,0,0,0,0.0,0.0,0.0,0,0,0,0.0,0.0,0.0
Open Images,ffddf3805faf3cbf,12,1,1,0,2,5,4,5,9,5,0,0,4,0.0189520610001636,0.0073369310002817,0.0,0.0073369310002817,0.0074559579998094,0.0264752120001503,Optimal,0,none,1.4386638641756797,0,5,100.0,100.0,100.0,2.0,0,2,1,0.0,0.0,0.0,0.0,0,2,1,0.0,0.0,0.0,0.0,0,2,1,0.0,0.0,0.0,0.0,0,2,1,0.0,0.0,0.0,0.0,5.024900019634515e-05,0,100.0,0,0,0,0.0,0.0,0.0,0,0,0,0.0,0.0,0.0,0,0,0,0.0,0.0,0.0,0,0,0,0.0,0.0,0.0
