dataset,image_id,raw_gt_boxes,eligible_gt_boxes,raw_gt_relations,eligible_gt_relations,n_objects,n_relation_candidates,n_label_variables,n_relation_variables,n_binary_variables,n_constraints,n_domain_constraints,n_range_constraints,relation_budget,candidate_build_time_s,solver_time_s,repair_time_s,solver_pipeline_time_s,solve_wrapper_time_s,end_to_end_time_s,solver_status,fallback,fallback_trigger,objective_value,violations,applicable_checks_Q,constraint_compliance_pct,traceability_rate_pct,explanation_completeness_pct,avg_evidence_items_per_assertion,detector_tp,detector_fp,detector_fn,detector_precision,detector_recall,detector_f1,detector_miou,local_tp,local_fp,local_fn,local_precision,local_recall,local_f1,local_miou,ocosl_tp,ocosl_fp,ocosl_fn,ocosl_precision,ocosl_recall,ocosl_f1,ocosl_miou,crf_tp,crf_fp,crf_fn,crf_precision,crf_recall,crf_f1,crf_miou,crf_time_s,crf_violations,crf_constraint_compliance_pct,rel_raw_tp,rel_raw_fp,rel_raw_fn,rel_raw_precision,rel_raw_recall,rel_raw_f1,rel_enrich_tp,rel_enrich_fp,rel_enrich_fn,rel_enrich_precision,rel_enrich_recall,rel_enrich_f1,crf_rel_raw_tp,crf_rel_raw_fp,crf_rel_raw_fn,crf_rel_raw_precision,crf_rel_raw_recall,crf_rel_raw_f1,crf_rel_enrich_tp,crf_rel_enrich_fp,crf_rel_enrich_fn,crf_rel_enrich_precision,crf_rel_enrich_recall,crf_rel_enrich_f1
COCO,397133,19,19,0,0,9,140,18,140,158,82,0,0,18,0.01607220599998982,0.01444472500043048,0.0,0.01444472500043048,0.014822062999883201,0.031327939000220795,Optimal,0,none,7.415990853309635,0,28,100.0,100.0,100.0,2.0,7,2,12,0.7777777777777778,0.3684210526315789,0.5,0.8169959153301155,7,2,12,0.7777777777777778,0.3684210526315789,0.5,0.8169959153301155,7,2,12,0.7777777777777778,0.3684210526315789,0.5,0.8169959153301155,7,2,12,0.7777777777777778,0.3684210526315789,0.5,0.8169959153301155,0.0003823379997811571,0,100.0,0,0,0,0.0,0.0,0.0,0,0,0,0.0,0.0,0.0,0,0,0,0.0,0.0,0.0,0,0,0,0.0,0.0,0.0
COCO,37777,14,14,0,0,10,206,20,206,226,101,0,0,20,0.01395302700029788,0.015252045000124781,0.0,0.015252045000124781,0.01567298000009032,0.030251487999976234,Optimal,0,none,7.993419081874307,0,31,100.0,100.0,100.0,2.0,8,2,6,0.8,0.5714285714285714,0.6666666666666666,0.8665902376234738,8,2,6,0.8,0.5714285714285714,0.6666666666666666,0.8665902376234738,8,2,6,0.8,0.5714285714285714,0.6666666666666666,0.8665902376234738,8,2,6,0.8,0.5714285714285714,0.6666666666666666,0.8665902376234738,0.0005754940002589137,0,100.0,0,0,0,0.0,0.0,0.0,0,0,0,0.0,0.0,0.0,0,0,0,0.0,0.0,0.0,0,0,0,0.0,0.0,0.0
COCO,252219,7,7,0,0,6,49,12,49,61,37,0,0,12,0.013715608999973483,0.008707537000191223,0.0,0.008707537000191223,0.008929659000386891,0.022813934000168956,Optimal,0,none,5.159939947814005,0,19,100.0,100.0,100.0,2.0,5,1,2,0.8333333333333334,0.7142857142857143,0.7692307692307692,0.9439183427943287,5,1,2,0.8333333333333334,0.7142857142857143,0.7692307692307692,0.9439183427943287,5,1,2,0.8333333333333334,0.7142857142857143,0.7692307692307692,0.9439183427943287,5,1,2,0.8333333333333334,0.7142857142857143,0.7692307692307692,0.9439183427943287,0.00013993799984746147,0,100.0,0,0,0,0.0,0.0,0.0,0,0,0,0.0,0.0,0.0,0,0,0,0.0,0.0,0.0,0,0,0,0.0,0.0,0.0
COCO,87038,17,17,0,0,14,287,28,287,315,197,0,0,28,0.017392928000390384,0.01869866800007003,0.0,0.01869866800007003,0.019182881999768142,0.037392928000372194,Optimal,0,none,10.95348351704188,0,43,100.0,100.0,100.0,2.0,8,6,9,0.5714285714285714,0.47058823529411764,0.5161290322580646,0.7713169576311789,8,6,9,0.5714285714285714,0.47058823529411764,0.5161290322580646,0.7713169576311789,8,6,9,0.5714285714285714,0.47058823529411764,0.5161290322580646,0.7713169576311789,8,6,9,0.5714285714285714,0.47058823529411764,0.5161290322580646,0.7713169576311789,0.0007590129998789052,0,100.0,0,0,0,0.0,0.0,0.0,0,0,0,0.0,0.0,0.0,0,0,0,0.0,0.0,0.0,0,0,0,0.0,0.0,0.0
COCO,174482,12,12,0,0,10,154,20,154,174,101,0,0,20,0.01598559500007468,0.012703032999979769,0.0,0.012703032999979769,0.013033902000188391,0.02944097599993256,Optimal,0,none,8.007033654212982,0,31,100.0,100.0,100.0,2.0,4,6,8,0.4,0.3333333333333333,0.3636363636363636,0.823688080298954,4,6,8,0.4,0.3333333333333333,0.3636363636363636,0.823688080298954,4,6,8,0.4,0.3333333333333333,0.3636363636363636,0.823688080298954,4,6,8,0.4,0.3333333333333333,0.3636363636363636,0.823688080298954,0.0003772439999920607,0,100.0,0,0,0,0.0,0.0,0.0,0,0,0,0.0,0.0,0.0,0,0,0,0.0,0.0,0.0,0,0,0,0.0,0.0,0.0
COCO,403385,2,2,0,0,3,10,6,10,16,10,0,0,6,0.014826056999936554,0.007312741000077949,0.0,0.007312741000077949,0.007452711000041745,0.02236125399986122,Optimal,0,none,2.399567849636078,0,10,100.0,100.0,100.0,2.0,2,1,0,0.6666666666666666,1.0,0.8,0.8313655951927312,2,1,0,0.6666666666666666,1.0,0.8,0.8313655951927312,2,1,0,0.6666666666666666,1.0,0.8,0.8313655951927312,2,1,0,0.6666666666666666,1.0,0.8,0.8313655951927312,6.105499960540328e-05,0,100.0,0,0,0,0.0,0.0,0.0,0,0,0,0.0,0.0,0.0,0,0,0,0.0,0.0,0.0,0,0,0,0.0,0.0,0.0
COCO,6818,1,1,0,0,1,0,2,0,2,1,0,0,2,0.01369413300017186,0.006652476999988721,0.0,0.006652476999988721,0.006726891999733198,0.02045316300018385,Optimal,0,none,0.40166943470637007,0,2,100.0,100.0,100.0,2.0,1,0,0,1.0,1.0,1.0,0.865488981028744,1,0,0,1.0,1.0,1.0,0.865488981028744,1,0,0,1.0,1.0,1.0,0.865488981028744,1,0,0,1.0,1.0,1.0,0.865488981028744,2.312600008735899e-05,0,100.0,0,0,0,0.0,0.0,0.0,0,0,0,0.0,0.0,0.0,0,0,0,0.0,0.0,0.0,0,0,0,0.0,0.0,0.0
COCO,480985,13,13,0,0,5,38,10,38,48,26,0,0,10,0.015090410000084375,0.008976030000212631,0.0,0.008976030000212631,0.009177404000183742,0.024423231000128,Optimal,0,none,4.010178490479788,0,16,100.0,100.0,100.0,2.0,4,1,9,0.8,0.3076923076923077,0.4444444444444444,0.8246246488940939,4,1,9,0.8,0.3076923076923077,0.4444444444444444,0.8246246488940939,4,1,9,0.8,0.3076923076923077,0.4444444444444444,0.8246246488940939,4,1,9,0.8,0.3076923076923077,0.4444444444444444,0.8246246488940939,0.00012821400014217943,0,100.0,0,0,0,0.0,0.0,0.0,0,0,0,0.0,0.0,0.0,0,0,0,0.0,0.0,0.0,0,0,0,0.0,0.0,0.0
COCO,458054,10,10,0,0,3,9,6,9,15,10,0,0,6,0.014222629999949277,0.007147276000068814,0.0,0.007147276000068814,0.007351068999923882,0.02166258499983087,Optimal,0,none,2.283347113132477,0,10,100.0,100.0,100.0,2.0,2,1,8,0.6666666666666666,0.2,0.30769230769230765,0.6486358711314193,2,1,8,0.6666666666666666,0.2,0.30769230769230765,0.6486358711314193,2,1,8,0.6666666666666666,0.2,0.30769230769230765,0.6486358711314193,2,1,8,0.6666666666666666,0.2,0.30769230769230765,0.6486358711314193,6.75440001032257e-05,0,100.0,0,0,0,0.0,0.0,0.0,0,0,0,0.0,0.0,0.0,0,0,0,0.0,0.0,0.0,0,0,0,0.0,0.0,0.0
COCO,331352,2,2,0,0,3,11,6,11,17,10,0,0,6,0.014280021999638848,0.007038232000013522,0.0,0.007038232000013522,0.007166391999817279,0.02152610899975116,Optimal,0,none,2.4495774768861396,0,10,100.0,100.0,100.0,2.0,1,2,1,0.3333333333333333,0.5,0.4,0.8180303677598093,1,2,1,0.3333333333333333,0.5,0.4,0.8180303677598093,1,2,1,0.3333333333333333,0.5,0.4,0.8180303677598093,1,2,1,0.3333333333333333,0.5,0.4,0.8180303677598093,5.94769999224809e-05,0,100.0,0,0,0,0.0,0.0,0.0,0,0,0,0.0,0.0,0.0,0,0,0,0.0,0.0,0.0,0,0,0,0.0,0.0,0.0
COCO,296649,26,26,0,0,18,549,36,549,585,325,0,0,36,0.018085310000060417,0.027112997000131145,0.0,0.027112997000131145,0.027939474000049813,0.04743655700031013,Optimal,0,none,14.705665836181993,0,55,100.0,100.0,100.0,2.0,12,6,14,0.6666666666666666,0.46153846153846156,0.5454545454545455,0.745083718096633,12,6,14,0.6666666666666666,0.46153846153846156,0.5454545454545455,0.745083718096633,12,6,14,0.6666666666666666,0.46153846153846156,0.5454545454545455,0.745083718096633,12,6,14,0.6666666666666666,0.46153846153846156,0.5454545454545455,0.745083718096633,0.0013239089998933196,0,100.0,0,0,0,0.0,0.0,0.0,0,0,0,0.0,0.0,0.0,0,0,0,0.0,0.0,0.0,0,0,0,0.0,0.0,0.0
COCO,386912,18,18,0,0,6,57,12,57,69,37,0,0,12,0.016504952000104822,0.00954322100005811,0.0,0.00954322100005811,0.009781186000054731,0.026478726000277675,Optimal,0,none,4.6811424123709715,0,19,100.0,100.0,100.0,2.0,1,5,17,0.16666666666666666,0.05555555555555555,0.08333333333333333,0.7858375823690464,1,5,17,0.16666666666666666,0.05555555555555555,0.08333333333333333,0.7858375823690464,1,5,17,0.16666666666666666,0.05555555555555555,0.08333333333333333,0.7858375823690464,1,5,17,0.16666666666666666,0.05555555555555555,0.08333333333333333,0.7858375823690464,0.00016064900000856142,0,100.0,0,0,0,0.0,0.0,0.0,0,0,0,0.0,0.0,0.0,0,0,0,0.0,0.0,0.0,0,0,0,0.0,0.0,0.0
COCO,502136,4,4,0,0,4,22,8,22,30,17,0,0,8,0.0697490289999223,0.008651221000036458,0.0,0.008651221000036458,0.00880207000000155,0.07867351699997016,Optimal,0,none,3.196127138564981,0,13,100.0,100.0,100.0,2.0,4,0,0,1.0,1.0,1.0,0.8149914915050892,4,0,0,1.0,1.0,1.0,0.8149914915050892,4,0,0,1.0,1.0,1.0,0.8149914915050892,4,0,0,1.0,1.0,1.0,0.8149914915050892,9.965899971575709e-05,0,100.0,0,0,0,0.0,0.0,0.0,0,0,0,0.0,0.0,0.0,0,0,0,0.0,0.0,0.0,0,0,0,0.0,0.0,0.0
COCO,491497,12,12,0,0,3,12,6,12,18,10,0,0,6,0.014118908999989799,0.00665340199975617,0.0,0.00665340199975617,0.006784514999708335,0.020998216999942088,Optimal,0,none,2.453831586837769,0,10,100.0,100.0,100.0,2.0,1,2,11,0.3333333333333333,0.08333333333333333,0.13333333333333333,0.95372730656882,1,2,11,0.3333333333333333,0.08333333333333333,0.13333333333333333,0.95372730656882,1,2,11,0.3333333333333333,0.08333333333333333,0.13333333333333333,0.95372730656882,1,2,11,0.3333333333333333,0.08333333333333333,0.13333333333333333,0.95372730656882,5.616999987978488e-05,0,100.0,0,0,0,0.0,0.0,0.0,0,0,0,0.0,0.0,0.0,0,0,0,0.0,0.0,0.0,0,0,0,0.0,0.0,0.0
COCO,184791,7,7,0,0,5,41,10,41,51,26,0,0,10,0.014761923999685678,0.008516388999851188,0.0,0.008516388999851188,0.008712665000075503,0.023640741999770398,Optimal,0,none,4.211628561801315,0,16,100.0,100.0,100.0,2.0,4,1,3,0.8,0.5714285714285714,0.6666666666666666,0.8904596346698382,4,1,3,0.8,0.5714285714285714,0.6666666666666666,0.8904596346698382,4,1,3,0.8,0.5714285714285714,0.6666666666666666,0.8904596346698382,4,1,3,0.8,0.5714285714285714,0.6666666666666666,0.8904596346698382,0.0001366320002489374,0,100.0,0,0,0,0.0,0.0,0.0,0,0,0,0.0,0.0,0.0,0,0,0,0.0,0.0,0.0,0,0,0,0.0,0.0,0.0
COCO,348881,5,5,0,0,4,22,8,22,30,17,0,0,8,0.014848514999812323,0.008045503000175813,0.0,0.008045503000175813,0.008195103999696585,0.023152439999648777,Optimal,0,none,3.1243673769632987,0,13,100.0,100.0,100.0,2.0,3,1,2,0.75,0.6,0.6666666666666665,0.9009330709441116,3,1,2,0.75,0.6,0.6666666666666665,0.9009330709441116,3,1,2,0.75,0.6,0.6666666666666665,0.9009330709441116,3,1,2,0.75,0.6,0.6666666666666665,0.9009330709441116,8.474199967167806e-05,0,100.0,0,0,0,0.0,0.0,0.0,0,0,0,0.0,0.0,0.0,0,0,0,0.0,0.0,0.0,0,0,0,0.0,0.0,0.0
COCO,289393,4,4,0,0,6,58,12,58,70,37,0,0,12,0.013294796999616665,0.009118762000071001,0.0,0.009118762000071001,0.00933069200027603,0.02282164799999009,Optimal,0,none,4.627753603458406,0,19,100.0,100.0,100.0,2.0,1,5,3,0.16666666666666666,0.25,0.2,0.9684531675177958,1,5,3,0.16666666666666666,0.25,0.2,0.9684531675177958,1,5,3,0.16666666666666666,0.25,0.2,0.9684531675177958,1,5,3,0.16666666666666666,0.25,0.2,0.9684531675177958,0.00016257900006166892,0,100.0,0,0,0,0.0,0.0,0.0,0,0,0,0.0,0.0,0.0,0,0,0,0.0,0.0,0.0,0,0,0,0.0,0.0,0.0
COCO,522713,13,13,0,0,3,12,6,12,18,10,0,0,6,0.013112858000113192,0.008537256000181515,0.0,0.008537256000181515,0.008668959999795334,0.02186791499980245,Optimal,0,none,2.365962276458741,0,10,100.0,100.0,100.0,2.0,2,1,11,0.6666666666666666,0.15384615384615385,0.25,0.899708122242201,2,1,11,0.6666666666666666,0.15384615384615385,0.25,0.899708122242201,2,1,11,0.6666666666666666,0.15384615384615385,0.25,0.899708122242201,2,1,11,0.6666666666666666,0.15384615384615385,0.25,0.899708122242201,6.456499977502972e-05,0,100.0,0,0,0,0.0,0.0,0.0,0,0,0,0.0,0.0,0.0,0,0,0,0.0,0.0,0.0,0,0,0,0.0,0.0,0.0
COCO,181666,16,16,0,0,11,173,22,173,195,122,0,0,22,0.01586238499976389,0.013804362999962905,0.0,0.013804362999962905,0.014183415999923454,0.03055541000003359,Optimal,0,none,9.067154248555504,0,34,100.0,100.0,100.0,2.0,9,2,7,0.8181818181818182,0.5625,0.6666666666666666,0.8543766217032819,9,2,7,0.8181818181818182,0.5625,0.6666666666666666,0.8543766217032819,9,2,7,0.8181818181818182,0.5625,0.6666666666666666,0.8543766217032819,9,2,7,0.8181818181818182,0.5625,0.6666666666666666,0.8543766217032819,0.00045821799994882895,0,100.0,0,0,0,0.0,0.0,0.0,0,0,0,0.0,0.0,0.0,0,0,0,0.0,0.0,0.0,0,0,0,0.0,0.0,0.0
COCO,17627,16,16,0,0,13,241,26,241,267,170,0,0,26,0.017647834999934275,0.01689766600020448,0.0,0.01689766600020448,0.017370937000123376,0.03563680799970825,Optimal,0,none,10.890786124865217,0,40,100.0,100.0,100.0,2.0,12,1,4,0.9230769230769231,0.75,0.8275862068965517,0.8698758425245191,12,1,4,0.9230769230769231,0.75,0.8275862068965517,0.8698758425245191,12,1,4,0.9230769230769231,0.75,0.8275862068965517,0.8698758425245191,12,1,4,0.9230769230769231,0.75,0.8275862068965517,0.8698758425245191,0.0005659349999405094,0,100.0,0,0,0,0.0,0.0,0.0,0,0,0,0.0,0.0,0.0,0,0,0,0.0,0.0,0.0,0,0,0,0.0,0.0,0.0
COCO,143931,2,2,0,0,3,12,6,12,18,10,0,0,6,0.01636886599999343,0.006967780000195489,0.0,0.006967780000195489,0.007110210000064399,0.023570867000216822,Optimal,0,none,2.2904903626441953,0,10,100.0,100.0,100.0,2.0,2,1,0,0.6666666666666666,1.0,0.8,0.9370136853511397,2,1,0,0.6666666666666666,1.0,0.8,0.9370136853511397,2,1,0,0.6666666666666666,1.0,0.8,0.9370136853511397,2,1,0,0.6666666666666666,1.0,0.8,0.9370136853511397,6.819500003985013e-05,0,100.0,0,0,0,0.0,0.0,0.0,0,0,0,0.0,0.0,0.0,0,0,0,0.0,0.0,0.0,0,0,0,0.0,0.0,0.0
COCO,303818,18,18,0,0,13,263,26,263,289,170,0,0,26,0.018335876000037388,0.01902903000018341,0.0,0.01902903000018341,0.01954553899986422,0.03856521099987731,Optimal,0,none,10.652203837937765,0,40,100.0,100.0,100.0,2.0,12,1,6,0.9230769230769231,0.6666666666666666,0.7741935483870968,0.8007256033868532,12,1,6,0.9230769230769231,0.6666666666666666,0.7741935483870968,0.8007256033868532,12,1,6,0.9230769230769231,0.6666666666666666,0.7741935483870968,0.8007256033868532,12,1,6,0.9230769230769231,0.6666666666666666,0.7741935483870968,0.8007256033868532,0.000628988000244135,0,100.0,0,0,0,0.0,0.0,0.0,0,0,0,0.0,0.0,0.0,0,0,0,0.0,0.0,0.0,0,0,0,0.0,0.0,0.0
COCO,463730,22,22,0,0,13,271,26,271,297,170,0,0,26,0.015990991999842663,0.01766673099973559,0.0,0.01766673099973559,0.018099992999850656,0.0348359919998984,Optimal,0,none,10.813683214014402,0,40,100.0,100.0,100.0,2.0,9,4,13,0.6923076923076923,0.4090909090909091,0.5142857142857142,0.8717693013268242,9,4,13,0.6923076923076923,0.4090909090909091,0.5142857142857142,0.8717693013268242,9,4,13,0.6923076923076923,0.4090909090909091,0.5142857142857142,0.8717693013268242,9,4,13,0.6923076923076923,0.4090909090909091,0.5142857142857142,0.8717693013268242,0.0006780030003028514,0,100.0,0,0,0,0.0,0.0,0.0,0,0,0,0.0,0.0,0.0,0,0,0,0.0,0.0,0.0,0,0,0,0.0,0.0,0.0
COCO,460347,7,7,0,0,6,53,12,53,65,37,0,0,12,0.016362838000077318,0.00997992400016301,0.0,0.00997992400016301,0.010223169000255439,0.02686142499987909,Optimal,0,none,5.201735758781434,0,19,100.0,100.0,100.0,2.0,6,0,1,1.0,0.8571428571428571,0.923076923076923,0.861551404788484,6,0,1,1.0,0.8571428571428571,0.923076923076923,0.861551404788484,6,0,1,1.0,0.8571428571428571,0.923076923076923,0.861551404788484,6,0,1,1.0,0.8571428571428571,0.923076923076923,0.861551404788484,0.00023839499999667169,0,100.0,0,0,0,0.0,0.0,0.0,0,0,0,0.0,0.0,0.0,0,0,0,0.0,0.0,0.0,0,0,0,0.0,0.0,0.0
COCO,322864,6,6,0,0,9,137,18,137,155,82,0,0,18,0.014534800000092218,0.012202261999846087,0.0,0.012202261999846087,0.012507034999998723,0.027484608000122535,Optimal,0,none,7.368748041309775,0,28,100.0,100.0,100.0,2.0,6,3,0,0.6666666666666666,1.0,0.8,0.8508833946923676,6,3,0,0.6666666666666666,1.0,0.8,0.8508833946923676,6,3,0,0.6666666666666666,1.0,0.8,0.8508833946923676,6,3,0,0.6666666666666666,1.0,0.8,0.8508833946923676,0.0003952209999624756,0,100.0,0,0,0,0.0,0.0,0.0,0,0,0,0.0,0.0,0.0,0,0,0,0.0,0.0,0.0,0,0,0,0.0,0.0,0.0
COCO,226111,0,0,0,0,0,0,0,0,0,0,0,0,1,0.012845375999859243,0.005324921999999788,0.0,0.005324921999999788,0.005363799999940966,0.018225903999791626,Optimal,0,none,,0,1,100.0,0.0,0.0,0.0,0,0,0,0.0,0.0,0.0,0.0,0,0,0,0.0,0.0,0.0,0.0,0,0,0,0.0,0.0,0.0,0.0,0,0,0,0.0,0.0,0.0,0.0,1.1044000075344229e-05,0,100.0,0,0,0,0.0,0.0,0.0,0,0,0,0.0,0.0,0.0,0,0,0,0.0,0.0,0.0,0,0,0,0.0,0.0,0.0
COCO,153299,2,2,0,0,2,4,4,4,8,5,0,0,4,0.01694451299999855,0.00690288000032524,0.0,0.00690288000032524,0.007004960999893228,0.024007793000237143,Optimal,0,none,1.4176609309514365,0,5,100.0,100.0,100.0,2.0,2,0,0,1.0,1.0,1.0,0.9488826382422703,2,0,0,1.0,1.0,1.0,0.9488826382422703,2,0,0,1.0,1.0,1.0,0.9488826382422703,2,0,0,1.0,1.0,1.0,0.9488826382422703,4.342299962445395e-05,0,100.0,0,0,0,0.0,0.0,0.0,0,0,0,0.0,0.0,0.0,0,0,0,0.0,0.0,0.0,0,0,0,0.0,0.0,0.0
COCO,308394,4,4,0,0,4,22,8,22,30,17,0,0,8,0.014704152999911457,0.007817995000095834,0.0,0.007817995000095834,0.00799876100018082,0.022813240999767004,Optimal,0,none,3.3673338977495844,0,13,100.0,100.0,100.0,2.0,2,2,2,0.5,0.5,0.5,0.7329136725544038,2,2,2,0.5,0.5,0.5,0.7329136725544038,2,2,2,0.5,0.5,0.5,0.7329136725544038,2,2,2,0.5,0.5,0.5,0.7329136725544038,8.738499991522986e-05,0,100.0,0,0,0,0.0,0.0,0.0,0,0,0,0.0,0.0,0.0,0,0,0,0.0,0.0,0.0,0,0,0,0.0,0.0,0.0
COCO,456496,5,5,0,0,4,23,8,23,31,17,0,0,8,0.014007073999891873,0.007913409000138927,0.0,0.007913409000138927,0.00806088900026225,0.022174678999817843,Optimal,0,none,3.474457414993191,0,13,100.0,100.0,100.0,2.0,4,0,1,1.0,0.8,0.888888888888889,0.8763608343842586,4,0,1,1.0,0.8,0.888888888888889,0.8763608343842586,4,0,1,1.0,0.8,0.888888888888889,0.8763608343842586,4,0,1,1.0,0.8,0.888888888888889,0.8763608343842586,8.319100015796721e-05,0,100.0,0,0,0,0.0,0.0,0.0,0,0,0,0.0,0.0,0.0,0,0,0,0.0,0.0,0.0,0,0,0,0.0,0.0,0.0
COCO,58636,0,0,0,0,0,0,0,0,0,0,0,0,1,0.015550781000001734,0.005153709000296658,0.0,0.005153709000296658,0.005212605999986408,0.02078048300018054,Optimal,0,none,,0,1,100.0,0.0,0.0,0.0,0,0,0,0.0,0.0,0.0,0.0,0,0,0,0.0,0.0,0.0,0.0,0,0,0,0.0,0.0,0.0,0.0,0,0,0,0.0,0.0,0.0,0.0,1.1729000107152387e-05,0,100.0,0,0,0,0.0,0.0,0.0,0,0,0,0.0,0.0,0.0,0,0,0,0.0,0.0,0.0,0,0,0,0.0,0.0,0.0
COCO,41888,3,3,0,0,4,24,8,24,32,17,0,0,8,0.017435958000078244,0.008477605999814841,0.0,0.008477605999814841,0.008666403999995964,0.026225086000067677,Optimal,0,none,3.5362014267167847,0,13,100.0,100.0,100.0,2.0,3,1,0,0.75,1.0,0.8571428571428571,0.8432422714140281,3,1,0,0.75,1.0,0.8571428571428571,0.8432422714140281,3,1,0,0.75,1.0,0.8571428571428571,0.8432422714140281,3,1,0,0.75,1.0,0.8571428571428571,0.8432422714140281,9.762399986357195e-05,0,100.0,0,0,0,0.0,0.0,0.0,0,0,0,0.0,0.0,0.0,0,0,0,0.0,0.0,0.0,0,0,0,0.0,0.0,0.0
COCO,184321,1,1,0,0,2,4,4,4,8,5,0,0,4,0.014858986000035657,0.00679067099963504,0.0,0.00679067099963504,0.006952648999686062,0.02188012200031153,Optimal,0,none,1.321432557900747,0,5,100.0,100.0,100.0,2.0,1,1,0,0.5,1.0,0.6666666666666666,0.8376666561543347,1,1,0,0.5,1.0,0.6666666666666666,0.8376666561543347,1,1,0,0.5,1.0,0.6666666666666666,0.8376666561543347,1,1,0,0.5,1.0,0.6666666666666666,0.8376666561543347,5.1060999794572126e-05,0,100.0,0,0,0,0.0,0.0,0.0,0,0,0,0.0,0.0,0.0,0,0,0,0.0,0.0,0.0,0,0,0,0.0,0.0,0.0
COCO,565778,7,7,0,0,6,62,12,62,74,37,0,0,12,0.015833567999834486,0.009279591999984405,0.0,0.009279591999984405,0.009519740999621717,0.02554650899992339,Optimal,0,none,4.765321777459583,0,19,100.0,100.0,100.0,2.0,2,4,5,0.3333333333333333,0.2857142857142857,0.30769230769230765,0.729957304856195,2,4,5,0.3333333333333333,0.2857142857142857,0.30769230769230765,0.729957304856195,2,4,5,0.3333333333333333,0.2857142857142857,0.30769230769230765,0.729957304856195,2,4,5,0.3333333333333333,0.2857142857142857,0.30769230769230765,0.729957304856195,0.00016577100041104131,0,100.0,0,0,0,0.0,0.0,0.0,0,0,0,0.0,0.0,0.0,0,0,0,0.0,0.0,0.0,0,0,0,0.0,0.0,0.0
COCO,297343,1,1,0,0,1,0,2,0,2,1,0,0,2,0.0139961449999646,0.006570042000021203,0.0,0.006570042000021203,0.006651406999935716,0.020677300999977888,Optimal,0,none,0.6271525780359903,0,2,100.0,100.0,100.0,2.0,1,0,0,1.0,1.0,1.0,0.9501271700910937,1,0,0,1.0,1.0,1.0,0.9501271700910937,1,0,0,1.0,1.0,1.0,0.9501271700910937,1,0,0,1.0,1.0,1.0,0.9501271700910937,2.1777999791083857e-05,0,100.0,0,0,0,0.0,0.0,0.0,0,0,0,0.0,0.0,0.0,0,0,0,0.0,0.0,0.0,0,0,0,0.0,0.0,0.0
COCO,336587,2,2,0,0,1,0,2,0,2,1,0,0,2,0.01491771000019071,0.0066699939998216,0.0,0.0066699939998216,0.006745743000010407,0.02169606000006752,Optimal,0,none,0.6377704779307047,0,2,100.0,100.0,100.0,2.0,1,0,1,1.0,0.5,0.6666666666666666,0.934051405058407,1,0,1,1.0,0.5,0.6666666666666666,0.934051405058407,1,0,1,1.0,0.5,0.6666666666666666,0.934051405058407,1,0,1,1.0,0.5,0.6666666666666666,0.934051405058407,2.3843999770178925e-05,0,100.0,0,0,0,0.0,0.0,0.0,0,0,0,0.0,0.0,0.0,0,0,0,0.0,0.0,0.0,0,0,0,0.0,0.0,0.0
COCO,122745,1,1,0,0,1,0,2,0,2,1,0,0,2,0.01278639399970416,0.006374268999934429,0.0,0.006374268999934429,0.006440817000111565,0.019255573999998887,Optimal,0,none,0.6431759516398112,0,2,100.0,100.0,100.0,2.0,1,0,0,1.0,1.0,1.0,0.9355064658926157,1,0,0,1.0,1.0,1.0,0.9355064658926157,1,0,0,1.0,1.0,1.0,0.9355064658926157,1,0,0,1.0,1.0,1.0,0.9355064658926157,2.1114999981364235e-05,0,100.0,0,0,0,0.0,0.0,0.0,0,0,0,0.0,0.0,0.0,0,0,0,0.0,0.0,0.0,0,0,0,0.0,0.0,0.0
COCO,219578,4,4,0,0,5,30,10,30,40,26,0,0,10,0.01660844600019118,0.008753251000143791,0.0,0.008753251000143791,0.00894222599981731,0.02572713300014584,Optimal,0,none,3.7787921230312054,0,16,100.0,100.0,100.0,2.0,2,3,2,0.4,0.5,0.4444444444444445,0.6966718592030589,2,3,2,0.4,0.5,0.4444444444444445,0.6966718592030589,2,3,2,0.4,0.5,0.4444444444444445,0.6966718592030589,2,3,2,0.4,0.5,0.4444444444444445,0.6966718592030589,0.0001297349999731523,0,100.0,0,0,0,0.0,0.0,0.0,0,0,0,0.0,0.0,0.0,0,0,0,0.0,0.0,0.0,0,0,0,0.0,0.0,0.0
COCO,555705,2,2,0,0,2,2,4,2,6,5,0,0,4,0.014671088000341115,0.006974059000185662,0.0,0.006974059000185662,0.0070794260000184295,0.02179978399999527,Optimal,0,none,1.4991598733266194,0,5,100.0,100.0,100.0,2.0,2,0,0,1.0,1.0,1.0,0.9626401196979626,2,0,0,1.0,1.0,1.0,0.9626401196979626,2,0,0,1.0,1.0,1.0,0.9626401196979626,2,0,0,1.0,1.0,1.0,0.9626401196979626,3.484700027911458e-05,0,100.0,0,0,0,0.0,0.0,0.0,0,0,0,0.0,0.0,0.0,0,0,0,0.0,0.0,0.0,0,0,0,0.0,0.0,0.0
COCO,443303,3,3,0,0,3,10,6,10,16,10,0,0,6,0.014725280999755341,0.0072876730000643875,0.0,0.0072876730000643875,0.007431374000134383,0.02224701599971013,Optimal,0,none,2.494533546663379,0,10,100.0,100.0,100.0,2.0,2,1,1,0.6666666666666666,0.6666666666666666,0.6666666666666666,0.9661025522115054,2,1,1,0.6666666666666666,0.6666666666666666,0.6666666666666666,0.9661025522115054,2,1,1,0.6666666666666666,0.6666666666666666,0.6666666666666666,0.9661025522115054,2,1,1,0.6666666666666666,0.6666666666666666,0.6666666666666666,0.9661025522115054,6.68429997858766e-05,0,100.0,0,0,0,0.0,0.0,0.0,0,0,0,0.0,0.0,0.0,0,0,0,0.0,0.0,0.0,0,0,0,0.0,0.0,0.0
COCO,500663,3,3,0,0,5,40,10,40,50,26,0,0,10,0.014250596999772824,0.00914424600023267,0.0,0.00914424600023267,0.009350712000014028,0.023766825000166136,Optimal,0,none,4.046127796967826,0,16,100.0,100.0,100.0,2.0,2,3,1,0.4,0.6666666666666666,0.5,0.8226944120386419,2,3,1,0.4,0.6666666666666666,0.5,0.8226944120386419,2,3,1,0.4,0.6666666666666666,0.5,0.8226944120386419,2,3,1,0.4,0.6666666666666666,0.5,0.8226944120386419,0.00013611599979412858,0,100.0,0,0,0,0.0,0.0,0.0,0,0,0,0.0,0.0,0.0,0,0,0,0.0,0.0,0.0,0,0,0,0.0,0.0,0.0
COCO,418281,2,2,0,0,2,2,4,2,6,5,0,0,4,0.017131314999915048,0.009951561999969272,0.0,0.009951561999969272,0.010089477999827068,0.02731899299988072,Optimal,0,none,1.4189747699101765,0,5,100.0,100.0,100.0,2.0,2,0,0,1.0,1.0,1.0,0.9271876557619712,2,0,0,1.0,1.0,1.0,0.9271876557619712,2,0,0,1.0,1.0,1.0,0.9271876557619712,2,0,0,1.0,1.0,1.0,0.9271876557619712,6.962599991311436e-05,0,100.0,0,0,0,0.0,0.0,0.0,0,0,0,0.0,0.0,0.0,0,0,0,0.0,0.0,0.0,0,0,0,0.0,0.0,0.0
COCO,25560,4,4,0,0,4,22,8,22,30,17,0,0,8,0.014813196999966749,0.008377121999728843,0.0,0.008377121999728843,0.008541861999674438,0.02349537700001747,Optimal,0,none,3.560311493078869,0,13,100.0,100.0,100.0,2.0,4,0,0,1.0,1.0,1.0,0.9373551420853694,4,0,0,1.0,1.0,1.0,0.9373551420853694,4,0,0,1.0,1.0,1.0,0.9373551420853694,4,0,0,1.0,1.0,1.0,0.9373551420853694,9.726000007503899e-05,0,100.0,0,0,0,0.0,0.0,0.0,0,0,0,0.0,0.0,0.0,0,0,0,0.0,0.0,0.0,0,0,0,0.0,0.0,0.0
COCO,403817,3,3,0,0,3,10,6,10,16,10,0,0,6,0.013538172000153281,0.00665345699962927,0.0,0.00665345699962927,0.006832068000221625,0.020480695000060223,Optimal,0,none,2.3131408429145814,0,10,100.0,100.0,100.0,2.0,1,2,2,0.3333333333333333,0.3333333333333333,0.3333333333333333,0.9051428101129361,1,2,2,0.3333333333333333,0.3333333333333333,0.3333333333333333,0.9051428101129361,1,2,2,0.3333333333333333,0.3333333333333333,0.3333333333333333,0.9051428101129361,1,2,2,0.3333333333333333,0.3333333333333333,0.3333333333333333,0.9051428101129361,7.387499999822467e-05,0,100.0,0,0,0,0.0,0.0,0.0,0,0,0,0.0,0.0,0.0,0,0,0,0.0,0.0,0.0,0,0,0,0.0,0.0,0.0
COCO,85329,2,2,0,0,2,5,4,5,9,5,0,0,4,0.013510342999779823,0.007441072999881726,0.0,0.007441072999881726,0.007561472999896068,0.021136220999778743,Optimal,0,none,1.3354805620511376,0,5,100.0,100.0,100.0,2.0,2,0,0,1.0,1.0,1.0,0.8781631361289199,2,0,0,1.0,1.0,1.0,0.8781631361289199,2,0,0,1.0,1.0,1.0,0.8781631361289199,2,0,0,1.0,1.0,1.0,0.8781631361289199,4.878900017502019e-05,0,100.0,0,0,0,0.0,0.0,0.0,0,0,0,0.0,0.0,0.0,0,0,0,0.0,0.0,0.0,0,0,0,0.0,0.0,0.0
COCO,329323,14,14,0,0,14,327,28,327,355,197,0,0,28,0.016486640000039188,0.020938866000051348,0.0,0.020938866000051348,0.021499195000160398,0.03887121700017815,Optimal,0,none,11.068013398633544,0,43,100.0,100.0,100.0,2.0,9,5,5,0.6428571428571429,0.6428571428571429,0.6428571428571429,0.7821009450737132,9,5,5,0.6428571428571429,0.6428571428571429,0.6428571428571429,0.7821009450737132,9,5,5,0.6428571428571429,0.6428571428571429,0.6428571428571429,0.7821009450737132,9,5,5,0.6428571428571429,0.6428571428571429,0.6428571428571429,0.7821009450737132,0.0008070990002124745,0,100.0,0,0,0,0.0,0.0,0.0,0,0,0,0.0,0.0,0.0,0,0,0,0.0,0.0,0.0,0,0,0,0.0,0.0,0.0
COCO,239274,14,14,0,0,9,138,18,138,156,82,0,0,18,0.01916348300028403,0.012218873000165331,0.0,0.012218873000165331,0.012506825999935245,0.032184513000174775,Optimal,0,none,6.873731297625851,0,28,100.0,100.0,100.0,2.0,7,2,7,0.7777777777777778,0.5,0.6086956521739131,0.7486403499161444,7,2,7,0.7777777777777778,0.5,0.6086956521739131,0.7486403499161444,7,2,7,0.7777777777777778,0.5,0.6086956521739131,0.7486403499161444,7,2,7,0.7777777777777778,0.5,0.6086956521739131,0.7486403499161444,0.0004651049998756207,0,100.0,0,0,0,0.0,0.0,0.0,0,0,0,0.0,0.0,0.0,0,0,0,0.0,0.0,0.0,0,0,0,0.0,0.0,0.0
COCO,286994,9,9,0,0,8,106,16,106,122,65,0,0,16,0.01816129799999544,0.011194182000053843,0.0,0.011194182000053843,0.011468880999927933,0.029937466999854223,Optimal,0,none,7.016174465020501,0,25,100.0,100.0,100.0,2.0,8,0,1,1.0,0.8888888888888888,0.9411764705882353,0.9035310451846059,8,0,1,1.0,0.8888888888888888,0.9411764705882353,0.9035310451846059,8,0,1,1.0,0.8888888888888888,0.9411764705882353,0.9035310451846059,8,0,1,1.0,0.8888888888888888,0.9411764705882353,0.9035310451846059,0.0002626850000524428,0,100.0,0,0,0,0.0,0.0,0.0,0,0,0,0.0,0.0,0.0,0,0,0,0.0,0.0,0.0,0,0,0,0.0,0.0,0.0
COCO,511321,4,4,0,0,2,4,4,4,8,5,0,0,4,0.01564531700023508,0.007263607999902888,0.0,0.007263607999902888,0.007383958999980678,0.023089301000254636,Optimal,0,none,1.49132621606191,0,5,100.0,100.0,100.0,2.0,2,0,2,1.0,0.5,0.6666666666666666,0.9047976793739541,2,0,2,1.0,0.5,0.6666666666666666,0.9047976793739541,2,0,2,1.0,0.5,0.6666666666666666,0.9047976793739541,2,0,2,1.0,0.5,0.6666666666666666,0.9047976793739541,4.450699998415075e-05,0,100.0,0,0,0,0.0,0.0,0.0,0,0,0,0.0,0.0,0.0,0,0,0,0.0,0.0,0.0,0,0,0,0.0,0.0,0.0
COCO,314294,2,2,0,0,1,0,2,0,2,1,0,0,2,0.01605155700008254,0.0066829500001404085,0.0,0.0066829500001404085,0.0067556589997366245,0.022836752000330307,Optimal,0,none,0.6317509333292644,0,2,100.0,100.0,100.0,2.0,1,0,1,1.0,0.5,0.6666666666666666,0.9550233309924421,1,0,1,1.0,0.5,0.6666666666666666,0.9550233309924421,1,0,1,1.0,0.5,0.6666666666666666,0.9550233309924421,1,0,1,1.0,0.5,0.6666666666666666,0.9550233309924421,2.2081000224716263e-05,0,100.0,0,0,0,0.0,0.0,0.0,0,0,0,0.0,0.0,0.0,0,0,0,0.0,0.0,0.0,0,0,0,0.0,0.0,0.0
COCO,233771,17,17,0,0,13,279,26,279,305,170,0,0,26,0.018749415000002045,0.018832881999969686,0.0,0.018832881999969686,0.019316660000185948,0.03893685999992158,Optimal,0,none,10.75404127390712,0,40,100.0,100.0,100.0,2.0,10,3,7,0.7692307692307693,0.5882352941176471,0.6666666666666667,0.8174450370727137,10,3,7,0.7692307692307693,0.5882352941176471,0.6666666666666667,0.8174450370727137,10,3,7,0.7692307692307693,0.5882352941176471,0.6666666666666667,0.8174450370727137,10,3,7,0.7692307692307693,0.5882352941176471,0.6666666666666667,0.8174450370727137,0.0008127729997795541,0,100.0,0,0,0,0.0,0.0,0.0,0,0,0,0.0,0.0,0.0,0,0,0,0.0,0.0,0.0,0,0,0,0.0,0.0,0.0
COCO,475779,1,1,0,0,1,0,2,0,2,1,0,0,2,0.016790535999916756,0.006539442000303097,0.0,0.006539442000303097,0.006610152000121161,0.02342984400002024,Optimal,0,none,0.633105484644572,0,2,100.0,100.0,100.0,2.0,1,0,0,1.0,1.0,1.0,0.9785257647243346,1,0,0,1.0,1.0,1.0,0.9785257647243346,1,0,0,1.0,1.0,1.0,0.9785257647243346,1,0,0,1.0,1.0,1.0,0.9785257647243346,2.1272000140015734e-05,0,100.0,0,0,0,0.0,0.0,0.0,0,0,0,0.0,0.0,0.0,0,0,0,0.0,0.0,0.0,0,0,0,0.0,0.0,0.0
COCO,301867,7,7,0,0,8,91,16,91,107,65,0,0,16,0.014975968000271678,0.011832570000024134,0.0,0.011832570000024134,0.012117898000269633,0.027381285000046773,Optimal,0,none,6.570626293651309,0,25,100.0,100.0,100.0,2.0,5,3,2,0.625,0.7142857142857143,0.6666666666666666,0.9144348199788158,5,3,2,0.625,0.7142857142857143,0.6666666666666666,0.9144348199788158,5,3,2,0.625,0.7142857142857143,0.6666666666666666,0.9144348199788158,5,3,2,0.625,0.7142857142857143,0.6666666666666666,0.9144348199788158,0.00024951600016720477,0,100.0,0,0,0,0.0,0.0,0.0,0,0,0,0.0,0.0,0.0,0,0,0,0.0,0.0,0.0,0,0,0,0.0,0.0,0.0
COCO,312421,12,12,0,0,6,56,12,56,68,37,0,0,12,0.014520416999857844,0.009279805999995006,0.0,0.009279805999995006,0.009487101000104303,0.024213392000092426,Optimal,0,none,4.820227384702566,0,19,100.0,100.0,100.0,2.0,6,0,6,1.0,0.5,0.6666666666666666,0.8189945394528281,6,0,6,1.0,0.5,0.6666666666666666,0.8189945394528281,6,0,6,1.0,0.5,0.6666666666666666,0.8189945394528281,6,0,6,1.0,0.5,0.6666666666666666,0.8189945394528281,0.00017475399999966612,0,100.0,0,0,0,0.0,0.0,0.0,0,0,0,0.0,0.0,0.0,0,0,0,0.0,0.0,0.0,0,0,0,0.0,0.0,0.0
COCO,185250,5,5,0,0,5,40,10,40,50,26,0,0,10,0.058666610999807745,0.009721351000280265,0.0,0.009721351000280265,0.009984462999909738,0.06884662299989941,Optimal,0,none,4.287565458615623,0,16,100.0,100.0,100.0,2.0,4,1,1,0.8,0.8,0.8000000000000002,0.8601055273216794,4,1,1,0.8,0.8,0.8000000000000002,0.8601055273216794,4,1,1,0.8,0.8,0.8000000000000002,0.8601055273216794,4,1,1,0.8,0.8,0.8000000000000002,0.8601055273216794,0.00016216500034715864,0,100.0,0,0,0,0.0,0.0,0.0,0,0,0,0.0,0.0,0.0,0,0,0,0.0,0.0,0.0,0,0,0,0.0,0.0,0.0
COCO,356427,8,8,0,0,5,37,10,37,47,26,0,0,10,0.016011315000014292,0.00912217800032522,0.0,0.00912217800032522,0.009308990000135964,0.02554719699992347,Optimal,0,none,4.017825134818338,0,16,100.0,100.0,100.0,2.0,2,3,6,0.4,0.25,0.3076923076923077,0.8099377506462,2,3,6,0.4,0.25,0.3076923076923077,0.8099377506462,2,3,6,0.4,0.25,0.3076923076923077,0.8099377506462,2,3,6,0.4,0.25,0.3076923076923077,0.8099377506462,0.0001957429999492888,0,100.0,0,0,0,0.0,0.0,0.0,0,0,0,0.0,0.0,0.0,0,0,0,0.0,0.0,0.0,0,0,0,0.0,0.0,0.0
COCO,572517,2,2,0,0,2,4,4,4,8,5,0,0,4,0.015682108999953925,0.006869512999855942,0.0,0.006869512999855942,0.006975918000080128,0.022716972999660356,Optimal,0,none,1.457701948483785,0,5,100.0,100.0,100.0,2.0,2,0,0,1.0,1.0,1.0,0.924342726378528,2,0,0,1.0,1.0,1.0,0.924342726378528,2,0,0,1.0,1.0,1.0,0.924342726378528,2,0,0,1.0,1.0,1.0,0.924342726378528,4.348499987827381e-05,0,100.0,0,0,0,0.0,0.0,0.0,0,0,0,0.0,0.0,0.0,0,0,0,0.0,0.0,0.0,0,0,0,0.0,0.0,0.0
COCO,270244,1,1,0,0,1,0,2,0,2,1,0,0,2,0.014181706000272243,0.006612654000036855,0.0,0.006612654000036855,0.006682112999897072,0.020914106000418542,Optimal,0,none,0.6308644215265911,0,2,100.0,100.0,100.0,2.0,1,0,0,1.0,1.0,1.0,0.840795439708816,1,0,0,1.0,1.0,1.0,0.840795439708816,1,0,0,1.0,1.0,1.0,0.840795439708816,1,0,0,1.0,1.0,1.0,0.840795439708816,4.1125000279862434e-05,0,100.0,0,0,0,0.0,0.0,0.0,0,0,0,0.0,0.0,0.0,0,0,0,0.0,0.0,0.0,0,0,0,0.0,0.0,0.0
COCO,516316,11,11,0,0,2,2,4,2,6,5,0,0,4,0.01713069200013706,0.007128496999939671,0.0,0.007128496999939671,0.007269521000125678,0.024454590999994252,Optimal,0,none,1.5535215266545612,0,5,100.0,100.0,100.0,2.0,2,0,9,1.0,0.18181818181818182,0.3076923076923077,0.9414513841583034,2,0,9,1.0,0.18181818181818182,0.3076923076923077,0.9414513841583034,2,0,9,1.0,0.18181818181818182,0.3076923076923077,0.9414513841583034,2,0,9,1.0,0.18181818181818182,0.3076923076923077,0.9414513841583034,3.8609000057476806e-05,0,100.0,0,0,0,0.0,0.0,0.0,0,0,0,0.0,0.0,0.0,0,0,0,0.0,0.0,0.0,0,0,0,0.0,0.0,0.0
COCO,125211,1,1,0,0,3,12,6,12,18,10,0,0,6,0.014810079000199039,0.006943014999706065,0.0,0.006943014999706065,0.007075514000007388,0.02197194100017441,Optimal,0,none,2.3649517011642462,0,10,100.0,100.0,100.0,2.0,1,2,0,0.3333333333333333,1.0,0.5,0.963569132583068,1,2,0,0.3333333333333333,1.0,0.5,0.963569132583068,1,2,0,0.3333333333333333,1.0,0.5,0.963569132583068,1,2,0,0.3333333333333333,1.0,0.5,0.963569132583068,6.509600007120753e-05,0,100.0,0,0,0,0.0,0.0,0.0,0,0,0,0.0,0.0,0.0,0,0,0,0.0,0.0,0.0,0,0,0,0.0,0.0,0.0
COCO,562121,3,3,0,0,3,10,6,10,16,10,0,0,6,0.014836121999906027,0.007245844999943074,0.0,0.007245844999943074,0.007371547000275314,0.022304463000182295,Optimal,0,none,2.351312787532806,0,10,100.0,100.0,100.0,2.0,2,1,1,0.6666666666666666,0.6666666666666666,0.6666666666666666,0.7561501258585839,2,1,1,0.6666666666666666,0.6666666666666666,0.6666666666666666,0.7561501258585839,2,1,1,0.6666666666666666,0.6666666666666666,0.6666666666666666,0.7561501258585839,2,1,1,0.6666666666666666,0.6666666666666666,0.6666666666666666,0.7561501258585839,7.507899999836809e-05,0,100.0,0,0,0,0.0,0.0,0.0,0,0,0,0.0,0.0,0.0,0,0,0,0.0,0.0,0.0,0,0,0,0.0,0.0,0.0
COCO,360661,7,7,0,0,9,129,18,129,147,82,0,0,18,0.014945857999919099,0.012010673000077077,0.0,0.012010673000077077,0.012348470999768324,0.02765921799982607,Optimal,0,none,7.685777737706435,0,28,100.0,100.0,100.0,2.0,7,2,0,0.7777777777777778,1.0,0.8750000000000001,0.9028823902591329,7,2,0,0.7777777777777778,1.0,0.8750000000000001,0.9028823902591329,7,2,0,0.7777777777777778,1.0,0.8750000000000001,0.9028823902591329,7,2,0,0.7777777777777778,1.0,0.8750000000000001,0.9028823902591329,0.00032382200015490525,0,100.0,0,0,0,0.0,0.0,0.0,0,0,0,0.0,0.0,0.0,0,0,0,0.0,0.0,0.0,0,0,0,0.0,0.0,0.0
COCO,16228,21,21,0,0,14,322,28,322,350,197,0,0,28,0.016910721999920497,0.019839796000269416,0.0,0.019839796000269416,0.020396993000304064,0.038081909000084124,Optimal,0,none,10.767858353235804,0,43,100.0,100.0,100.0,2.0,10,4,11,0.7142857142857143,0.47619047619047616,0.5714285714285714,0.7741838276736939,10,4,11,0.7142857142857143,0.47619047619047616,0.5714285714285714,0.7741838276736939,10,4,11,0.7142857142857143,0.47619047619047616,0.5714285714285714,0.7741838276736939,10,4,11,0.7142857142857143,0.47619047619047616,0.5714285714285714,0.7741838276736939,0.0007157669997468474,0,100.0,0,0,0,0.0,0.0,0.0,0,0,0,0.0,0.0,0.0,0,0,0,0.0,0.0,0.0,0,0,0,0.0,0.0,0.0
COCO,382088,1,1,0,0,1,0,2,0,2,1,0,0,2,0.014614540999900782,0.00694076399986443,0.0,0.00694076399986443,0.007020091999947908,0.021667667999736295,Optimal,0,none,0.6244161049524943,0,2,100.0,100.0,100.0,2.0,1,0,0,1.0,1.0,1.0,0.9699513852195896,1,0,0,1.0,1.0,1.0,0.9699513852195896,1,0,0,1.0,1.0,1.0,0.9699513852195896,1,0,0,1.0,1.0,1.0,0.9699513852195896,2.459799998177914e-05,0,100.0,0,0,0,0.0,0.0,0.0,0,0,0,0.0,0.0,0.0,0,0,0,0.0,0.0,0.0,0,0,0,0.0,0.0,0.0
COCO,266409,2,2,0,0,2,2,4,2,6,5,0,0,4,0.015356233000147768,0.007841121000183193,0.0,0.007841121000183193,0.00795883299997513,0.023419841000304586,Optimal,0,none,1.3411657842000326,0,5,100.0,100.0,100.0,2.0,2,0,0,1.0,1.0,1.0,0.7810603235767277,2,0,0,1.0,1.0,1.0,0.7810603235767277,2,0,0,1.0,1.0,1.0,0.7810603235767277,2,0,0,1.0,1.0,1.0,0.7810603235767277,7.197400009317789e-05,0,100.0,0,0,0,0.0,0.0,0.0,0,0,0,0.0,0.0,0.0,0,0,0,0.0,0.0,0.0,0,0,0,0.0,0.0,0.0
COCO,430961,4,4,0,0,5,40,10,40,50,26,0,0,10,0.013655913000093278,0.009014880999984598,0.0,0.009014880999984598,0.009229712999967887,0.023054889000377443,Optimal,0,none,3.9764236291249606,0,16,100.0,100.0,100.0,2.0,3,2,1,0.6,0.75,0.6666666666666665,0.7883610212908617,3,2,1,0.6,0.75,0.6666666666666665,0.7883610212908617,3,2,1,0.6,0.75,0.6666666666666665,0.7883610212908617,3,2,1,0.6,0.75,0.6666666666666665,0.7883610212908617,0.00014070699990043067,0,100.0,0,0,0,0.0,0.0,0.0,0,0,0,0.0,0.0,0.0,0,0,0,0.0,0.0,0.0,0,0,0,0.0,0.0,0.0
COCO,80671,2,2,0,0,2,5,4,5,9,5,0,0,4,0.01355584800012366,0.00708893299997726,0.0,0.00708893299997726,0.007190222999724938,0.020805837999887444,Optimal,0,none,1.3872120598958086,0,5,100.0,100.0,100.0,2.0,1,1,1,0.5,0.5,0.5,0.9670299623169736,1,1,1,0.5,0.5,0.5,0.9670299623169736,1,1,1,0.5,0.5,0.5,0.9670299623169736,1,1,1,0.5,0.5,0.5,0.9670299623169736,4.38100000792474e-05,0,100.0,0,0,0,0.0,0.0,0.0,0,0,0,0.0,0.0,0.0,0,0,0,0.0,0.0,0.0,0,0,0,0.0,0.0,0.0
COCO,577539,5,5,0,0,3,11,6,11,17,10,0,0,6,0.014155314000163344,0.007274383999629208,0.0,0.007274383999629208,0.007419158999709907,0.021661081000274862,Optimal,0,none,2.3271621799468996,0,10,100.0,100.0,100.0,2.0,1,2,4,0.3333333333333333,0.2,0.25,0.7554319873298312,1,2,4,0.3333333333333333,0.2,0.25,0.7554319873298312,1,2,4,0.3333333333333333,0.2,0.25,0.7554319873298312,1,2,4,0.3333333333333333,0.2,0.25,0.7554319873298312,6.41199999336095e-05,0,100.0,0,0,0,0.0,0.0,0.0,0,0,0,0.0,0.0,0.0,0,0,0,0.0,0.0,0.0,0,0,0,0.0,0.0,0.0
COCO,104612,12,12,0,0,9,146,18,146,164,82,0,0,18,0.015315937000195845,0.011780193000049621,0.0,0.011780193000049621,0.012089890999959607,0.02785723400029383,Optimal,0,none,6.58403827428818,0,28,100.0,100.0,100.0,2.0,1,8,11,0.1111111111111111,0.08333333333333333,0.09523809523809525,0.6917891383749859,1,8,11,0.1111111111111111,0.08333333333333333,0.09523809523809525,0.6917891383749859,1,8,11,0.1111111111111111,0.08333333333333333,0.09523809523809525,0.6917891383749859,1,8,11,0.1111111111111111,0.08333333333333333,0.09523809523809525,0.6917891383749859,0.0003589329999158508,0,100.0,0,0,0,0.0,0.0,0.0,0,0,0,0.0,0.0,0.0,0,0,0,0.0,0.0,0.0,0,0,0,0.0,0.0,0.0
COCO,476258,2,2,0,0,2,2,4,2,6,5,0,0,4,0.014022467000359029,0.006861367000055907,0.0,0.006861367000055907,0.006963499999983469,0.021038083000348706,Optimal,0,none,1.5752455743153893,0,5,100.0,100.0,100.0,2.0,2,0,0,1.0,1.0,1.0,0.9719793232564455,2,0,0,1.0,1.0,1.0,0.9719793232564455,2,0,0,1.0,1.0,1.0,0.9719793232564455,2,0,0,1.0,1.0,1.0,0.9719793232564455,3.6779999845748534e-05,0,100.0,0,0,0,0.0,0.0,0.0,0,0,0,0.0,0.0,0.0,0,0,0,0.0,0.0,0.0,0,0,0,0.0,0.0,0.0
COCO,448365,3,3,0,0,5,38,10,38,48,26,0,0,10,0.015222930000163615,0.009122597999976279,0.0,0.009122597999976279,0.009299198999997316,0.024682776000190643,Optimal,0,none,4.097281683043974,0,16,100.0,100.0,100.0,2.0,2,3,1,0.4,0.6666666666666666,0.5,0.9803119556281847,2,3,1,0.4,0.6666666666666666,0.5,0.9803119556281847,2,3,1,0.4,0.6666666666666666,0.5,0.9803119556281847,2,3,1,0.4,0.6666666666666666,0.5,0.9803119556281847,0.00013465799975165282,0,100.0,0,0,0,0.0,0.0,0.0,0,0,0,0.0,0.0,0.0,0,0,0,0.0,0.0,0.0,0,0,0,0.0,0.0,0.0
COCO,35197,3,3,0,0,4,24,8,24,32,17,0,0,8,0.014231506000214722,0.008067368999945757,0.0,0.008067368999945757,0.008229165000102512,0.022591289000047254,Optimal,0,none,3.3692140390874883,0,13,100.0,100.0,100.0,2.0,3,1,0,0.75,1.0,0.8571428571428571,0.8501119347283214,3,1,0,0.75,1.0,0.8571428571428571,0.8501119347283214,3,1,0,0.75,1.0,0.8571428571428571,0.8501119347283214,3,1,0,0.75,1.0,0.8571428571428571,0.8501119347283214,9.843599991654628e-05,0,100.0,0,0,0,0.0,0.0,0.0,0,0,0,0.0,0.0,0.0,0,0,0,0.0,0.0,0.0,0,0,0,0.0,0.0,0.0
COCO,349860,8,8,0,0,6,59,12,59,71,37,0,0,12,0.014588467000066885,0.00917682799990871,0.0,0.00917682799990871,0.009384944999965228,0.02417891100003544,Optimal,0,none,5.021963761231294,0,19,100.0,100.0,100.0,2.0,5,1,3,0.8333333333333334,0.625,0.7142857142857143,0.8328911358115139,5,1,3,0.8333333333333334,0.625,0.7142857142857143,0.8328911358115139,5,1,3,0.8333333333333334,0.625,0.7142857142857143,0.8328911358115139,5,1,3,0.8333333333333334,0.625,0.7142857142857143,0.8328911358115139,0.00017379900009473204,0,100.0,0,0,0,0.0,0.0,0.0,0,0,0,0.0,0.0,0.0,0,0,0,0.0,0.0,0.0,0,0,0,0.0,0.0,0.0
COCO,180135,2,2,0,0,3,6,6,6,12,10,0,0,6,0.014056759000141028,0.007073822000165819,0.0,0.007073822000165819,0.0072140759998546855,0.021341044000109832,Optimal,0,none,2.442384905815125,0,10,100.0,100.0,100.0,2.0,2,1,0,0.6666666666666666,1.0,0.8,0.859106905817538,2,1,0,0.6666666666666666,1.0,0.8,0.859106905817538,2,1,0,0.6666666666666666,1.0,0.8,0.859106905817538,2,1,0,0.6666666666666666,1.0,0.8,0.859106905817538,4.84639999740466e-05,0,100.0,0,0,0,0.0,0.0,0.0,0,0,0,0.0,0.0,0.0,0,0,0,0.0,0.0,0.0,0,0,0,0.0,0.0,0.0
COCO,486438,9,9,0,0,9,136,18,136,154,82,0,0,18,0.015632386999641312,0.012963299999682931,0.0,0.012963299999682931,0.01332756600004359,0.029380674999629264,Optimal,0,none,8.1662691773041,0,28,100.0,100.0,100.0,2.0,8,1,1,0.8888888888888888,0.8888888888888888,0.8888888888888888,0.9179751336663114,8,1,1,0.8888888888888888,0.8888888888888888,0.8888888888888888,0.9179751336663114,8,1,1,0.8888888888888888,0.8888888888888888,0.8888888888888888,0.9179751336663114,8,1,1,0.8888888888888888,0.8888888888888888,0.8888888888888888,0.9179751336663114,0.0003734860001713969,0,100.0,0,0,0,0.0,0.0,0.0,0,0,0,0.0,0.0,0.0,0,0,0,0.0,0.0,0.0,0,0,0,0.0,0.0,0.0
COCO,400573,5,5,0,0,3,12,6,12,18,10,0,0,6,0.016391449999900942,0.0073265770001853525,0.0,0.0073265770001853525,0.007487053000204469,0.023968245000105526,Optimal,0,none,2.548252449035645,0,10,100.0,100.0,100.0,2.0,2,1,3,0.6666666666666666,0.4,0.5,0.9757622704224952,2,1,3,0.6666666666666666,0.4,0.5,0.9757622704224952,2,1,3,0.6666666666666666,0.4,0.5,0.9757622704224952,2,1,3,0.6666666666666666,0.4,0.5,0.9757622704224952,6.708299997626455e-05,0,100.0,0,0,0,0.0,0.0,0.0,0,0,0,0.0,0.0,0.0,0,0,0,0.0,0.0,0.0,0,0,0,0.0,0.0,0.0
COCO,109798,4,4,0,0,4,21,8,21,29,17,0,0,8,0.01534960199978741,0.008355586000106996,0.0,0.008355586000106996,0.008519397999862122,0.02400260200010962,Optimal,0,none,3.662093499117686,0,13,100.0,100.0,100.0,2.0,3,1,1,0.75,0.75,0.75,0.9432513024400418,3,1,1,0.75,0.75,0.75,0.9432513024400418,3,1,1,0.75,0.75,0.75,0.9432513024400418,3,1,1,0.75,0.75,0.75,0.9432513024400418,0.00010790599981191917,0,100.0,0,0,0,0.0,0.0,0.0,0,0,0,0.0,0.0,0.0,0,0,0,0.0,0.0,0.0,0,0,0,0.0,0.0,0.0
COCO,370677,16,16,0,0,18,612,36,612,648,325,0,0,36,0.01778884699979244,0.030806738000137557,0.0,0.030806738000137557,0.031577968999954464,0.0508788099996309,Optimal,0,none,14.330208261189371,0,55,100.0,100.0,100.0,2.0,7,11,9,0.3888888888888889,0.4375,0.411764705882353,0.9057104317179973,7,11,9,0.3888888888888889,0.4375,0.411764705882353,0.9057104317179973,7,11,9,0.3888888888888889,0.4375,0.411764705882353,0.9057104317179973,7,11,9,0.3888888888888889,0.4375,0.411764705882353,0.9057104317179973,0.0014381159999174997,0,100.0,0,0,0,0.0,0.0,0.0,0,0,0,0.0,0.0,0.0,0,0,0,0.0,0.0,0.0,0,0,0,0.0,0.0,0.0
COCO,238866,12,12,0,0,30,1685,60,1685,1745,901,0,0,60,0.021362220000355592,0.07845852799982822,0.0,0.07845852799982822,0.08026466799992704,0.10584344200015039,Optimal,0,none,26.308433117634486,0,91,100.0,100.0,100.0,2.0,12,18,0,0.4,1.0,0.5714285714285715,0.9107780305779366,12,18,0,0.4,1.0,0.5714285714285715,0.9107780305779366,12,18,0,0.4,1.0,0.5714285714285715,0.9107780305779366,12,18,0,0.4,1.0,0.5714285714285715,0.9107780305779366,0.0040749469999354915,0,100.0,0,0,0,0.0,0.0,0.0,0,0,0,0.0,0.0,0.0,0,0,0,0.0,0.0,0.0,0,0,0,0.0,0.0,0.0
COCO,369370,7,7,0,0,5,40,10,40,50,26,0,0,10,0.015063757000007172,0.008344155000031606,0.0,0.008344155000031606,0.008527156000127434,0.02376724399982777,Optimal,0,none,4.072922168084817,0,16,100.0,100.0,100.0,2.0,4,1,3,0.8,0.5714285714285714,0.6666666666666666,0.8546483116348288,4,1,3,0.8,0.5714285714285714,0.6666666666666666,0.8546483116348288,4,1,3,0.8,0.5714285714285714,0.6666666666666666,0.8546483116348288,4,1,3,0.8,0.5714285714285714,0.6666666666666666,0.8546483116348288,0.0001485940001657582,0,100.0,0,0,0,0.0,0.0,0.0,0,0,0,0.0,0.0,0.0,0,0,0,0.0,0.0,0.0,0,0,0,0.0,0.0,0.0
COCO,502737,4,4,0,0,7,76,14,76,90,50,0,0,14,0.015657439999813505,0.010385216000031505,0.0,0.010385216000031505,0.01072186800001873,0.026648869999917224,Optimal,0,none,5.234530965487164,0,22,100.0,100.0,100.0,2.0,3,4,1,0.42857142857142855,0.75,0.5454545454545454,0.8566480928121809,3,4,1,0.42857142857142855,0.75,0.5454545454545454,0.8566480928121809,3,4,1,0.42857142857142855,0.75,0.5454545454545454,0.8566480928121809,3,4,1,0.42857142857142855,0.75,0.5454545454545454,0.8566480928121809,0.00022945599994272925,0,100.0,0,0,0,0.0,0.0,0.0,0,0,0,0.0,0.0,0.0,0,0,0,0.0,0.0,0.0,0,0,0,0.0,0.0,0.0
COCO,515579,7,7,0,0,2,4,4,4,8,5,0,0,4,0.013646925000102783,0.006651015999977972,0.0,0.006651015999977972,0.00675688799992713,0.020455097000194655,Optimal,0,none,1.4747676165898644,0,5,100.0,100.0,100.0,2.0,2,0,5,1.0,0.2857142857142857,0.4444444444444445,0.783969353238491,2,0,5,1.0,0.2857142857142857,0.4444444444444445,0.783969353238491,2,0,5,1.0,0.2857142857142857,0.4444444444444445,0.783969353238491,2,0,5,1.0,0.2857142857142857,0.4444444444444445,0.783969353238491,3.794900021603098e-05,0,100.0,0,0,0,0.0,0.0,0.0,0,0,0,0.0,0.0,0.0,0,0,0,0.0,0.0,0.0,0,0,0,0.0,0.0,0.0
COCO,515445,7,7,0,0,8,74,16,74,90,65,0,0,16,0.014845903000150429,0.010280365000198799,0.0,0.010280365000198799,0.010528594999868801,0.025600659000247106,Optimal,0,none,6.700858277339621,0,25,100.0,100.0,100.0,2.0,5,3,2,0.625,0.7142857142857143,0.6666666666666666,0.7938453662874281,5,3,2,0.625,0.7142857142857143,0.6666666666666666,0.7938453662874281,5,3,2,0.625,0.7142857142857143,0.6666666666666666,0.7938453662874281,5,3,2,0.625,0.7142857142857143,0.6666666666666666,0.7938453662874281,0.00019491800003379467,0,100.0,0,0,0,0.0,0.0,0.0,0,0,0,0.0,0.0,0.0,0,0,0,0.0,0.0,0.0,0,0,0,0.0,0.0,0.0
COCO,173383,4,4,0,0,3,12,6,12,18,10,0,0,6,0.01488442199979545,0.007186154000009992,0.0,0.007186154000009992,0.007313911999972333,0.022277864999978192,Optimal,0,none,2.245626947879792,0,10,100.0,100.0,100.0,2.0,1,2,3,0.3333333333333333,0.25,0.28571428571428575,0.9149517560863218,1,2,3,0.3333333333333333,0.25,0.28571428571428575,0.9149517560863218,1,2,3,0.3333333333333333,0.25,0.28571428571428575,0.9149517560863218,1,2,3,0.3333333333333333,0.25,0.28571428571428575,0.9149517560863218,6.082600020818063e-05,0,100.0,0,0,0,0.0,0.0,0.0,0,0,0,0.0,0.0,0.0,0,0,0,0.0,0.0,0.0,0,0,0,0.0,0.0,0.0
COCO,438862,10,10,0,0,6,51,12,51,63,37,0,0,12,0.015034889999697043,0.009156142999927397,0.0,0.009156142999927397,0.009365945999888936,0.024593248999735806,Optimal,0,none,5.493594141006471,0,19,100.0,100.0,100.0,2.0,6,0,4,1.0,0.6,0.7499999999999999,0.9175329006299647,6,0,4,1.0,0.6,0.7499999999999999,0.9175329006299647,6,0,4,1.0,0.6,0.7499999999999999,0.9175329006299647,6,0,4,1.0,0.6,0.7499999999999999,0.9175329006299647,0.00016375700033677276,0,100.0,0,0,0,0.0,0.0,0.0,0,0,0,0.0,0.0,0.0,0,0,0,0.0,0.0,0.0,0,0,0,0.0,0.0,0.0
COCO,180560,3,3,0,0,4,26,8,26,34,17,0,0,8,0.013495369999873219,0.00858279100020809,0.0,0.00858279100020809,0.008785406000242801,0.02242131499997413,Optimal,0,none,3.479647394816082,0,13,100.0,100.0,100.0,2.0,2,2,1,0.5,0.6666666666666666,0.5714285714285715,0.9246567324938604,2,2,1,0.5,0.6666666666666666,0.5714285714285715,0.9246567324938604,2,2,1,0.5,0.6666666666666666,0.5714285714285715,0.9246567324938604,2,2,1,0.5,0.6666666666666666,0.5714285714285715,0.9246567324938604,0.00011354300022503594,0,100.0,0,0,0,0.0,0.0,0.0,0,0,0,0.0,0.0,0.0,0,0,0,0.0,0.0,0.0,0,0,0,0.0,0.0,0.0
COCO,347693,2,2,0,0,1,0,2,0,2,1,0,0,2,0.013178106999930606,0.006669927000075404,0.0,0.006669927000075404,0.006761399999959394,0.019971925999925588,Optimal,0,none,0.4791198412577311,0,2,100.0,100.0,100.0,2.0,0,1,2,0.0,0.0,0.0,0.0,0,1,2,0.0,0.0,0.0,0.0,0,1,2,0.0,0.0,0.0,0.0,0,1,2,0.0,0.0,0.0,0.0,2.351200009798049e-05,0,100.0,0,0,0,0.0,0.0,0.0,0,0,0,0.0,0.0,0.0,0,0,0,0.0,0.0,0.0,0,0,0,0.0,0.0,0.0
COCO,39956,2,2,0,0,7,84,14,84,98,50,0,0,14,0.013778452999758883,0.011221041999760928,0.0,0.011221041999760928,0.01163323799983118,0.026227175999792962,Optimal,0,none,5.290322021017573,0,22,100.0,100.0,100.0,2.0,2,5,0,0.2857142857142857,1.0,0.4444444444444445,0.7466599717576614,2,5,0,0.2857142857142857,1.0,0.4444444444444445,0.7466599717576614,2,5,0,0.2857142857142857,1.0,0.4444444444444445,0.7466599717576614,2,5,0,0.2857142857142857,1.0,0.4444444444444445,0.7466599717576614,0.0007368999999926018,0,100.0,0,0,0,0.0,0.0,0.0,0,0,0,0.0,0.0,0.0,0,0,0,0.0,0.0,0.0,0,0,0,0.0,0.0,0.0
COCO,321214,3,3,0,0,2,4,4,4,8,5,0,0,4,0.01389118800034339,0.006740048000210663,0.0,0.006740048000210663,0.006840319999810163,0.02078525200022341,Optimal,0,none,1.4393056186040245,0,5,100.0,100.0,100.0,2.0,2,0,1,1.0,0.6666666666666666,0.8,0.9113459526438414,2,0,1,1.0,0.6666666666666666,0.8,0.9113459526438414,2,0,1,1.0,0.6666666666666666,0.8,0.9113459526438414,2,0,1,1.0,0.6666666666666666,0.8,0.9113459526438414,4.024300005767145e-05,0,100.0,0,0,0,0.0,0.0,0.0,0,0,0,0.0,0.0,0.0,0,0,0,0.0,0.0,0.0,0,0,0,0.0,0.0,0.0
COCO,474028,15,15,0,0,14,287,28,287,315,197,0,0,28,0.018353793999722257,0.019054077999953734,0.0,0.019054077999953734,0.019565011999929993,0.038674989999890386,Optimal,0,none,11.97839400570004,0,43,100.0,100.0,100.0,2.0,13,1,2,0.9285714285714286,0.8666666666666667,0.896551724137931,0.8798568280229836,13,1,2,0.9285714285714286,0.8666666666666667,0.896551724137931,0.8798568280229836,13,1,2,0.9285714285714286,0.8666666666666667,0.896551724137931,0.8798568280229836,13,1,2,0.9285714285714286,0.8666666666666667,0.896551724137931,0.8798568280229836,0.0006975839996812283,0,100.0,0,0,0,0.0,0.0,0.0,0,0,0,0.0,0.0,0.0,0,0,0,0.0,0.0,0.0,0,0,0,0.0,0.0,0.0
COCO,66523,1,1,0,0,1,0,2,0,2,1,0,0,2,0.01342605999980151,0.006137115000001359,0.0,0.006137115000001359,0.006202113000199461,0.019655889000205207,Optimal,0,none,0.6084539333979289,0,2,100.0,100.0,100.0,2.0,1,0,0,1.0,1.0,1.0,0.8785116209525657,1,0,0,1.0,1.0,1.0,0.8785116209525657,1,0,0,1.0,1.0,1.0,0.8785116209525657,1,0,0,1.0,1.0,1.0,0.8785116209525657,2.006700015044771e-05,0,100.0,0,0,0,0.0,0.0,0.0,0,0,0,0.0,0.0,0.0,0,0,0,0.0,0.0,0.0,0,0,0,0.0,0.0,0.0
COCO,355257,3,3,0,0,2,4,4,4,8,5,0,0,4,0.01598740400004317,0.007418357999995351,0.0,0.007418357999995351,0.0075628559998222045,0.023607684000126028,Optimal,0,none,1.2900133641560876,0,5,100.0,100.0,100.0,2.0,0,2,3,0.0,0.0,0.0,0.6923862629634103,0,2,3,0.0,0.0,0.0,0.6923862629634103,0,2,3,0.0,0.0,0.0,0.6923862629634103,0,2,3,0.0,0.0,0.0,0.6923862629634103,4.27279996983998e-05,0,100.0,0,0,0,0.0,0.0,0.0,0,0,0,0.0,0.0,0.0,0,0,0,0.0,0.0,0.0,0,0,0,0.0,0.0,0.0
COCO,142092,1,1,0,0,1,0,2,0,2,1,0,0,2,0.015253976000167313,0.006683623999833799,0.0,0.006683623999833799,0.006766981000055239,0.022052287999940745,Optimal,0,none,0.6015952269236247,0,2,100.0,100.0,100.0,2.0,1,0,0,1.0,1.0,1.0,0.9551595124292063,1,0,0,1.0,1.0,1.0,0.9551595124292063,1,0,0,1.0,1.0,1.0,0.9551595124292063,1,0,0,1.0,1.0,1.0,0.9551595124292063,2.2167000224726507e-05,0,100.0,0,0,0,0.0,0.0,0.0,0,0,0,0.0,0.0,0.0,0,0,0,0.0,0.0,0.0,0,0,0,0.0,0.0,0.0
COCO,63154,2,2,0,0,4,25,8,25,33,17,0,0,8,0.01556792100018356,0.00956134900025063,0.0,0.00956134900025063,0.009721802000058233,0.025411591000192857,Optimal,0,none,3.0467217984480124,0,13,100.0,100.0,100.0,2.0,2,2,0,0.5,1.0,0.6666666666666666,0.6822770266517785,2,2,0,0.5,1.0,0.6666666666666666,0.6822770266517785,2,2,0,0.5,1.0,0.6666666666666666,0.6822770266517785,2,2,0,0.5,1.0,0.6666666666666666,0.6822770266517785,9.11170000108541e-05,0,100.0,0,0,0,0.0,0.0,0.0,0,0,0,0.0,0.0,0.0,0,0,0,0.0,0.0,0.0,0,0,0,0.0,0.0,0.0
COCO,199551,2,2,0,0,2,3,4,3,7,5,0,0,4,0.013457366999773512,0.006536465000408498,0.0,0.006536465000408498,0.006632053999965137,0.02013907399987147,Optimal,0,none,1.3904587872823078,0,5,100.0,100.0,100.0,2.0,2,0,0,1.0,1.0,1.0,0.7729388578113188,2,0,0,1.0,1.0,1.0,0.7729388578113188,2,0,0,1.0,1.0,1.0,0.7729388578113188,2,0,0,1.0,1.0,1.0,0.7729388578113188,3.638900034275139e-05,0,100.0,0,0,0,0.0,0.0,0.0,0,0,0,0.0,0.0,0.0,0,0,0,0.0,0.0,0.0,0,0,0,0.0,0.0,0.0
COCO,239347,4,4,0,0,2,3,4,3,7,5,0,0,4,0.015411129999847617,0.006887352999910945,0.0,0.006887352999910945,0.006992877000357112,0.022460680999756732,Optimal,0,none,1.2263016613324487,0,5,100.0,100.0,100.0,2.0,0,2,4,0.0,0.0,0.0,0.0,0,2,4,0.0,0.0,0.0,0.0,0,2,4,0.0,0.0,0.0,0.0,0,2,4,0.0,0.0,0.0,0.0,4.1369999962626025e-05,0,100.0,0,0,0,0.0,0.0,0.0,0,0,0,0.0,0.0,0.0,0,0,0,0.0,0.0,0.0,0,0,0,0.0,0.0,0.0
COCO,514508,5,5,0,0,5,33,10,33,43,26,0,0,10,0.01411004099963975,0.007820184000138397,0.0,0.007820184000138397,0.008005626000340271,0.02227245199992467,Optimal,0,none,4.193400255044303,0,16,100.0,100.0,100.0,2.0,4,1,1,0.8,0.8,0.8000000000000002,0.8906448799261273,4,1,1,0.8,0.8,0.8000000000000002,0.8906448799261273,4,1,1,0.8,0.8,0.8000000000000002,0.8906448799261273,4,1,1,0.8,0.8,0.8000000000000002,0.8906448799261273,0.00013002500008951756,0,100.0,0,0,0,0.0,0.0,0.0,0,0,0,0.0,0.0,0.0,0,0,0,0.0,0.0,0.0,0,0,0,0.0,0.0,0.0
COCO,473237,3,3,0,0,2,6,4,6,10,5,0,0,4,0.014671424999960436,0.006938388999969902,0.0,0.006938388999969902,0.007045460999961506,0.02180161800015412,Optimal,0,none,1.507741359074911,0,5,100.0,100.0,100.0,2.0,2,0,1,1.0,0.6666666666666666,0.8,0.9471893976728669,2,0,1,1.0,0.6666666666666666,0.8,0.9471893976728669,2,0,1,1.0,0.6666666666666666,0.8,0.9471893976728669,2,0,1,1.0,0.6666666666666666,0.8,0.9471893976728669,4.4193000121595105e-05,0,100.0,0,0,0,0.0,0.0,0.0,0,0,0,0.0,0.0,0.0,0,0,0,0.0,0.0,0.0,0,0,0,0.0,0.0,0.0
COCO,228144,4,4,0,0,3,10,6,10,16,10,0,0,6,0.012979396999980963,0.007823033999557083,0.0,0.007823033999557083,0.007971338000061223,0.021101902999816957,Optimal,0,none,2.441006643772125,0,10,100.0,100.0,100.0,2.0,1,2,3,0.3333333333333333,0.25,0.28571428571428575,0.973989694078298,1,2,3,0.3333333333333333,0.25,0.28571428571428575,0.973989694078298,1,2,3,0.3333333333333333,0.25,0.28571428571428575,0.973989694078298,1,2,3,0.3333333333333333,0.25,0.28571428571428575,0.973989694078298,0.00012596200031111948,0,100.0,0,0,0,0.0,0.0,0.0,0,0,0,0.0,0.0,0.0,0,0,0,0.0,0.0,0.0,0,0,0,0.0,0.0,0.0
COCO,206027,6,6,0,0,6,49,12,49,61,37,0,0,12,0.016228223999860347,0.010725734000061493,0.0,0.010725734000061493,0.010953852999591618,0.027401596999879985,Optimal,0,none,5.0703329349178405,0,19,100.0,100.0,100.0,2.0,3,3,3,0.5,0.5,0.5,0.9307191306448191,3,3,3,0.5,0.5,0.5,0.9307191306448191,3,3,3,0.5,0.5,0.5,0.9307191306448191,3,3,3,0.5,0.5,0.5,0.9307191306448191,0.00018677199977901182,0,100.0,0,0,0,0.0,0.0,0.0,0,0,0,0.0,0.0,0.0,0,0,0,0.0,0.0,0.0,0,0,0,0.0,0.0,0.0
COCO,78915,12,12,0,0,17,501,34,501,535,290,0,0,34,0.019144892999975127,0.02753539000013916,0.0,0.02753539000013916,0.028304065000156697,0.048708831000112696,Optimal,0,none,13.633683885099378,0,52,100.0,100.0,100.0,2.0,10,7,2,0.5882352941176471,0.8333333333333334,0.6896551724137931,0.8138860551421191,10,7,2,0.5882352941176471,0.8333333333333334,0.6896551724137931,0.8138860551421191,10,7,2,0.5882352941176471,0.8333333333333334,0.6896551724137931,0.8138860551421191,10,7,2,0.5882352941176471,0.8333333333333334,0.6896551724137931,0.8138860551421191,0.0011838780001198757,0,100.0,0,0,0,0.0,0.0,0.0,0,0,0,0.0,0.0,0.0,0,0,0,0.0,0.0,0.0,0,0,0,0.0,0.0,0.0
COCO,551215,2,2,0,0,1,0,2,0,2,1,0,0,2,0.016180931000235432,0.006556976000410941,0.0,0.006556976000410941,0.006624241000281472,0.02283225900009711,Optimal,0,none,0.6119760672251384,0,2,100.0,100.0,100.0,2.0,1,0,1,1.0,0.5,0.6666666666666666,0.9628013329020721,1,0,1,1.0,0.5,0.6666666666666666,0.9628013329020721,1,0,1,1.0,0.5,0.6666666666666666,0.9628013329020721,1,0,1,1.0,0.5,0.6666666666666666,0.9628013329020721,2.0000999938929453e-05,0,100.0,0,0,0,0.0,0.0,0.0,0,0,0,0.0,0.0,0.0,0,0,0,0.0,0.0,0.0,0,0,0,0.0,0.0,0.0
COCO,544519,2,2,0,0,4,28,8,28,36,17,0,0,8,0.015205809999770281,0.00892847300019639,0.0,0.00892847300019639,0.009139856000274449,0.02447479900001781,Optimal,0,none,3.2761344877878833,0,13,100.0,100.0,100.0,2.0,2,2,0,0.5,1.0,0.6666666666666666,0.8814649871980861,2,2,0,0.5,1.0,0.6666666666666666,0.8814649871980861,2,2,0,0.5,1.0,0.6666666666666666,0.8814649871980861,2,2,0,0.5,1.0,0.6666666666666666,0.8814649871980861,0.00010589700013952097,0,100.0,0,0,0,0.0,0.0,0.0,0,0,0,0.0,0.0,0.0,0,0,0,0.0,0.0,0.0,0,0,0,0.0,0.0,0.0
COCO,96493,3,3,0,0,3,9,6,9,15,10,0,0,6,0.015035265999813419,0.007779505999678804,0.0,0.007779505999678804,0.007921239000097557,0.023041025000111404,Optimal,0,none,2.563533673286438,0,10,100.0,100.0,100.0,2.0,1,2,2,0.3333333333333333,0.3333333333333333,0.3333333333333333,0.8816909517133402,1,2,2,0.3333333333333333,0.3333333333333333,0.3333333333333333,0.8816909517133402,1,2,2,0.3333333333333333,0.3333333333333333,0.3333333333333333,0.8816909517133402,1,2,2,0.3333333333333333,0.3333333333333333,0.3333333333333333,0.8816909517133402,6.105600004957523e-05,0,100.0,0,0,0,0.0,0.0,0.0,0,0,0,0.0,0.0,0.0,0,0,0,0.0,0.0,0.0,0,0,0,0.0,0.0,0.0
COCO,23899,9,9,0,0,5,36,10,36,46,26,0,0,10,0.0144082920000983,0.008771456999966176,0.0,0.008771456999966176,0.008991540999886638,0.023550349000288406,Optimal,0,none,4.0786364421903345,0,16,100.0,100.0,100.0,2.0,2,3,7,0.4,0.2222222222222222,0.2857142857142857,0.6546844932699376,2,3,7,0.4,0.2222222222222222,0.2857142857142857,0.6546844932699376,2,3,7,0.4,0.2222222222222222,0.2857142857142857,0.6546844932699376,2,3,7,0.4,0.2222222222222222,0.2857142857142857,0.6546844932699376,0.00012519900019469787,0,100.0,0,0,0,0.0,0.0,0.0,0,0,0,0.0,0.0,0.0,0,0,0,0.0,0.0,0.0,0,0,0,0.0,0.0,0.0
COCO,340175,29,29,0,0,6,60,12,60,72,37,0,0,12,0.015222918999825197,0.009287179999773798,0.0,0.009287179999773798,0.009527415999855293,0.02493574499976603,Optimal,0,none,4.8587615485777,0,19,100.0,100.0,100.0,2.0,5,1,24,0.8333333333333334,0.1724137931034483,0.28571428571428575,0.841383098291866,5,1,24,0.8333333333333334,0.1724137931034483,0.28571428571428575,0.841383098291866,5,1,24,0.8333333333333334,0.1724137931034483,0.28571428571428575,0.841383098291866,5,1,24,0.8333333333333334,0.1724137931034483,0.28571428571428575,0.841383098291866,0.00015767900003993418,0,100.0,0,0,0,0.0,0.0,0.0,0,0,0,0.0,0.0,0.0,0,0,0,0.0,0.0,0.0,0,0,0,0.0,0.0,0.0
COCO,578500,14,14,0,0,12,247,24,247,271,145,0,0,24,0.05915307800023584,0.016777434999767138,0.0,0.016777434999767138,0.017438877999666147,0.07731057000000874,Optimal,0,none,9.197849225647559,0,37,100.0,100.0,100.0,2.0,5,7,9,0.4166666666666667,0.35714285714285715,0.3846153846153846,0.8384397394512377,5,7,9,0.4166666666666667,0.35714285714285715,0.3846153846153846,0.8384397394512377,5,7,9,0.4166666666666667,0.35714285714285715,0.3846153846153846,0.8384397394512377,5,7,9,0.4166666666666667,0.35714285714285715,0.3846153846153846,0.8384397394512377,0.0006580409999514814,0,100.0,0,0,0,0.0,0.0,0.0,0,0,0,0.0,0.0,0.0,0,0,0,0.0,0.0,0.0,0,0,0,0.0,0.0,0.0
COCO,366141,4,4,0,0,6,57,12,57,69,37,0,0,12,0.014920758999778627,0.009468333999848255,0.0,0.009468333999848255,0.009721264999825507,0.024836774000050355,Optimal,0,none,4.694483828544618,0,19,100.0,100.0,100.0,2.0,3,3,1,0.5,0.75,0.6,0.9002528195582031,3,3,1,0.5,0.75,0.6,0.9002528195582031,3,3,1,0.5,0.75,0.6,0.9002528195582031,3,3,1,0.5,0.75,0.6,0.9002528195582031,0.00016251499982899986,0,100.0,0,0,0,0.0,0.0,0.0,0,0,0,0.0,0.0,0.0,0,0,0,0.0,0.0,0.0,0,0,0,0.0,0.0,0.0
COCO,57597,33,33,0,0,22,884,44,884,928,485,0,0,44,0.021334632000161946,0.04234065099990403,0.0,0.04234065099990403,0.043423083999641676,0.066653727999892,Optimal,0,none,16.89726004294611,0,67,100.0,100.0,100.0,2.0,9,13,24,0.4090909090909091,0.2727272727272727,0.32727272727272727,0.7967535235225243,9,13,24,0.4090909090909091,0.2727272727272727,0.32727272727272727,0.7967535235225243,9,13,24,0.4090909090909091,0.2727272727272727,0.32727272727272727,0.7967535235225243,9,13,24,0.4090909090909091,0.2727272727272727,0.32727272727272727,0.7967535235225243,0.0018066309999085206,0,100.0,0,0,0,0.0,0.0,0.0,0,0,0,0.0,0.0,0.0,0,0,0,0.0,0.0,0.0,0,0,0,0.0,0.0,0.0
COCO,559842,18,18,0,0,18,506,36,506,542,325,0,0,36,0.019154533999881096,0.026756735999697412,0.0,0.026756735999697412,0.02754442300010851,0.04809818000012456,Optimal,0,none,15.531711472238971,0,55,100.0,100.0,100.0,2.0,13,5,5,0.7222222222222222,0.7222222222222222,0.7222222222222222,0.9029307827833747,13,5,5,0.7222222222222222,0.7222222222222222,0.7222222222222222,0.9029307827833747,13,5,5,0.7222222222222222,0.7222222222222222,0.7222222222222222,0.9029307827833747,13,5,5,0.7222222222222222,0.7222222222222222,0.7222222222222222,0.9029307827833747,0.0013236210002105508,0,100.0,0,0,0,0.0,0.0,0.0,0,0,0,0.0,0.0,0.0,0,0,0,0.0,0.0,0.0,0,0,0,0.0,0.0,0.0
COCO,434230,21,21,0,0,20,680,40,680,720,401,0,0,40,0.01888866599983885,0.036435097999856225,0.0,0.036435097999856225,0.03734552399964741,0.05787562799969237,Optimal,0,none,15.956580420303561,0,61,100.0,100.0,100.0,2.0,6,14,15,0.3,0.2857142857142857,0.2926829268292683,0.8120630893933579,6,14,15,0.3,0.2857142857142857,0.2926829268292683,0.8120630893933579,6,14,15,0.3,0.2857142857142857,0.2926829268292683,0.8120630893933579,6,14,15,0.3,0.2857142857142857,0.2926829268292683,0.8120630893933579,0.0015564199998152617,0,100.0,0,0,0,0.0,0.0,0.0,0,0,0,0.0,0.0,0.0,0,0,0,0.0,0.0,0.0,0,0,0,0.0,0.0,0.0
COCO,428454,5,5,0,0,4,26,8,26,34,17,0,0,8,0.016872432999662124,0.009668766999766376,0.0,0.009668766999766376,0.009840545000315615,0.02686490899986893,Optimal,0,none,3.4333464519182852,0,13,100.0,100.0,100.0,2.0,2,2,3,0.5,0.4,0.4444444444444445,0.8460609578628362,2,2,3,0.5,0.4,0.4444444444444445,0.8460609578628362,2,2,3,0.5,0.4,0.4444444444444445,0.8460609578628362,2,2,3,0.5,0.4,0.4444444444444445,0.8460609578628362,0.00010168000017074519,0,100.0,0,0,0,0.0,0.0,0.0,0,0,0,0.0,0.0,0.0,0,0,0,0.0,0.0,0.0,0,0,0,0.0,0.0,0.0
COCO,399462,4,4,0,0,4,20,8,20,28,17,0,0,8,0.014190329000030033,0.00820291099989845,0.0,0.00820291099989845,0.0083632050000233,0.02265054899999086,Optimal,0,none,3.763455197016399,0,13,100.0,100.0,100.0,2.0,4,0,0,1.0,1.0,1.0,0.9240872712801889,4,0,0,1.0,1.0,1.0,0.9240872712801889,4,0,0,1.0,1.0,1.0,0.9240872712801889,4,0,0,1.0,1.0,1.0,0.9240872712801889,7.62340000619588e-05,0,100.0,0,0,0,0.0,0.0,0.0,0,0,0,0.0,0.0,0.0,0,0,0,0.0,0.0,0.0,0,0,0,0.0,0.0,0.0
COCO,261061,5,5,0,0,2,4,4,4,8,5,0,0,4,0.014206731999820477,0.006562072999713564,0.0,0.006562072999713564,0.006670852999832277,0.020935235999786528,Optimal,0,none,1.5024348529179892,0,5,100.0,100.0,100.0,2.0,1,1,4,0.5,0.2,0.28571428571428575,0.9150726697509513,1,1,4,0.5,0.2,0.28571428571428575,0.9150726697509513,1,1,4,0.5,0.2,0.28571428571428575,0.9150726697509513,1,1,4,0.5,0.2,0.28571428571428575,0.9150726697509513,4.279100039639161e-05,0,100.0,0,0,0,0.0,0.0,0.0,0,0,0,0.0,0.0,0.0,0,0,0,0.0,0.0,0.0,0,0,0,0.0,0.0,0.0
COCO,168330,7,7,0,0,5,40,10,40,50,26,0,0,10,0.013803342999835877,0.007990758999767422,0.0,0.007990758999767422,0.00817794699969454,0.022143986000173754,Optimal,0,none,4.169969697793326,0,16,100.0,100.0,100.0,2.0,4,1,3,0.8,0.5714285714285714,0.6666666666666666,0.8105873746987209,4,1,3,0.8,0.5714285714285714,0.6666666666666666,0.8105873746987209,4,1,3,0.8,0.5714285714285714,0.6666666666666666,0.8105873746987209,4,1,3,0.8,0.5714285714285714,0.6666666666666666,0.8105873746987209,0.00013371899967751233,0,100.0,0,0,0,0.0,0.0,0.0,0,0,0,0.0,0.0,0.0,0,0,0,0.0,0.0,0.0,0,0,0,0.0,0.0,0.0
COCO,383384,12,12,0,0,6,54,12,54,66,37,0,0,12,0.01535709300014787,0.009297087000049942,0.0,0.009297087000049942,0.00951984099992842,0.02509000999998534,Optimal,0,none,5.345673401355745,0,19,100.0,100.0,100.0,2.0,5,1,7,0.8333333333333334,0.4166666666666667,0.5555555555555556,0.9283994286995034,5,1,7,0.8333333333333334,0.4166666666666667,0.5555555555555556,0.9283994286995034,5,1,7,0.8333333333333334,0.4166666666666667,0.5555555555555556,0.9283994286995034,5,1,7,0.8333333333333334,0.4166666666666667,0.5555555555555556,0.9283994286995034,0.00018421300001136842,0,100.0,0,0,0,0.0,0.0,0.0,0,0,0,0.0,0.0,0.0,0,0,0,0.0,0.0,0.0,0,0,0,0.0,0.0,0.0
COCO,342006,4,4,0,0,3,12,6,12,18,10,0,0,6,0.013971283000046242,0.006771059000129753,0.0,0.006771059000129753,0.006896000999859098,0.020942689000094106,Optimal,0,none,2.5537247037887583,0,10,100.0,100.0,100.0,2.0,2,1,2,0.6666666666666666,0.5,0.5714285714285715,0.8480281867912208,2,1,2,0.6666666666666666,0.5,0.5714285714285715,0.8480281867912208,2,1,2,0.6666666666666666,0.5,0.5714285714285715,0.8480281867912208,2,1,2,0.6666666666666666,0.5,0.5714285714285715,0.8480281867912208,5.715500037695165e-05,0,100.0,0,0,0,0.0,0.0,0.0,0,0,0,0.0,0.0,0.0,0,0,0,0.0,0.0,0.0,0,0,0,0.0,0.0,0.0
COCO,217285,25,25,0,0,14,333,28,333,361,197,0,0,28,0.018733791000158817,0.019466850999833696,0.0,0.019466850999833696,0.019978590999926382,0.039604057999895304,Optimal,0,none,11.004278970559442,0,43,100.0,100.0,100.0,2.0,7,7,18,0.5,0.28,0.358974358974359,0.9295412223728424,7,7,18,0.5,0.28,0.358974358974359,0.9295412223728424,7,7,18,0.5,0.28,0.358974358974359,0.9295412223728424,7,7,18,0.5,0.28,0.358974358974359,0.9295412223728424,0.0008360369997717498,0,100.0,0,0,0,0.0,0.0,0.0,0,0,0,0.0,0.0,0.0,0,0,0,0.0,0.0,0.0,0,0,0,0.0,0.0,0.0
COCO,236412,2,2,0,0,2,6,4,6,10,5,0,0,4,0.01399696699991182,0.006484297000042716,0.0,0.006484297000042716,0.006580004000170447,0.02063127799965514,Optimal,0,none,1.4322251151856136,0,5,100.0,100.0,100.0,2.0,1,1,1,0.5,0.5,0.5,0.8971391065323536,1,1,1,0.5,0.5,0.5,0.8971391065323536,1,1,1,0.5,0.5,0.5,0.8971391065323536,1,1,1,0.5,0.5,0.5,0.8971391065323536,4.160599974056822e-05,0,100.0,0,0,0,0.0,0.0,0.0,0,0,0,0.0,0.0,0.0,0,0,0,0.0,0.0,0.0,0,0,0,0.0,0.0,0.0
COCO,524456,6,6,0,0,3,12,6,12,18,10,0,0,6,0.014333103999888408,0.007488272000045981,0.0,0.007488272000045981,0.007631063999724574,0.02205347900007837,Optimal,0,none,2.458970556259156,0,10,100.0,100.0,100.0,2.0,2,1,4,0.6666666666666666,0.3333333333333333,0.4444444444444444,0.7738015083116703,2,1,4,0.6666666666666666,0.3333333333333333,0.4444444444444444,0.7738015083116703,2,1,4,0.6666666666666666,0.3333333333333333,0.4444444444444444,0.7738015083116703,2,1,4,0.6666666666666666,0.3333333333333333,0.4444444444444444,0.7738015083116703,6.686200003969134e-05,0,100.0,0,0,0,0.0,0.0,0.0,0,0,0,0.0,0.0,0.0,0,0,0,0.0,0.0,0.0,0,0,0,0.0,0.0,0.0
COCO,153343,2,2,0,0,2,2,4,2,6,5,0,0,4,0.01385237100021186,0.0063941889998204715,0.0,0.0063941889998204715,0.0065522049999344745,0.020454427000004216,Optimal,0,none,1.474818600018819,0,5,100.0,100.0,100.0,2.0,2,0,0,1.0,1.0,1.0,0.7295344181137527,2,0,0,1.0,1.0,1.0,0.7295344181137527,2,0,0,1.0,1.0,1.0,0.7295344181137527,2,0,0,1.0,1.0,1.0,0.7295344181137527,3.586000002542278e-05,0,100.0,0,0,0,0.0,0.0,0.0,0,0,0,0.0,0.0,0.0,0,0,0,0.0,0.0,0.0,0,0,0,0.0,0.0,0.0
COCO,95786,4,4,0,0,2,4,4,4,8,5,0,0,4,0.014735813999777747,0.008119572999930824,0.0,0.008119572999930824,0.008234524999807036,0.02303095699971891,Optimal,0,none,1.5401619466145835,0,5,100.0,100.0,100.0,2.0,1,1,3,0.5,0.25,0.3333333333333333,0.8905550079214837,1,1,3,0.5,0.25,0.3333333333333333,0.8905550079214837,1,1,3,0.5,0.25,0.3333333333333333,0.8905550079214837,1,1,3,0.5,0.25,0.3333333333333333,0.8905550079214837,4.49730000582349e-05,0,100.0,0,0,0,0.0,0.0,0.0,0,0,0,0.0,0.0,0.0,0,0,0,0.0,0.0,0.0,0,0,0,0.0,0.0,0.0
COCO,326541,9,9,0,0,4,14,8,14,22,17,0,0,8,0.01361486199994033,0.006896264999795676,0.0,0.006896264999795676,0.007042644000193832,0.020754434999616933,Optimal,0,none,3.3631644598642993,0,13,100.0,100.0,100.0,2.0,4,0,5,1.0,0.4444444444444444,0.6153846153846153,0.8007324131271225,4,0,5,1.0,0.4444444444444444,0.6153846153846153,0.8007324131271225,4,0,5,1.0,0.4444444444444444,0.6153846153846153,0.8007324131271225,4,0,5,1.0,0.4444444444444444,0.6153846153846153,0.8007324131271225,7.431000040014624e-05,0,100.0,0,0,0,0.0,0.0,0.0,0,0,0,0.0,0.0,0.0,0,0,0,0.0,0.0,0.0,0,0,0,0.0,0.0,0.0
COCO,213086,5,5,0,0,4,20,8,20,28,17,0,0,8,0.015925448999951186,0.008268763000160106,0.0,0.008268763000160106,0.008484353000312694,0.0245090559997152,Optimal,0,none,3.2020464197794607,0,13,100.0,100.0,100.0,2.0,2,2,3,0.5,0.4,0.4444444444444445,0.8394845192353907,2,2,3,0.5,0.4,0.4444444444444445,0.8394845192353907,2,2,3,0.5,0.4,0.4444444444444445,0.8394845192353907,2,2,3,0.5,0.4,0.4444444444444445,0.8394845192353907,7.638599981873995e-05,0,100.0,0,0,0,0.0,0.0,0.0,0,0,0,0.0,0.0,0.0,0,0,0,0.0,0.0,0.0,0,0,0,0.0,0.0,0.0
COCO,231339,3,3,0,0,4,27,8,27,35,17,0,0,8,0.014059599999654893,0.008427324999956909,0.0,0.008427324999956909,0.00860643300029551,0.022797142999934294,Optimal,0,none,3.3041406051317863,0,13,100.0,100.0,100.0,2.0,2,2,1,0.5,0.6666666666666666,0.5714285714285715,0.9008668480941948,2,2,1,0.5,0.6666666666666666,0.5714285714285715,0.9008668480941948,2,2,1,0.5,0.6666666666666666,0.5714285714285715,0.9008668480941948,2,2,1,0.5,0.6666666666666666,0.5714285714285715,0.9008668480941948,0.00010598400012895581,0,100.0,0,0,0,0.0,0.0,0.0,0,0,0,0.0,0.0,0.0,0,0,0,0.0,0.0,0.0,0,0,0,0.0,0.0,0.0
COCO,508730,6,6,0,0,3,8,6,8,14,10,0,0,6,0.016486815999996907,0.006643146999977034,0.0,0.006643146999977034,0.0068292449996079085,0.023398844999974244,Optimal,0,none,2.6933958005905154,0,10,100.0,100.0,100.0,2.0,2,1,4,0.6666666666666666,0.3333333333333333,0.4444444444444444,0.8823617082558394,2,1,4,0.6666666666666666,0.3333333333333333,0.4444444444444444,0.8823617082558394,2,1,4,0.6666666666666666,0.3333333333333333,0.4444444444444444,0.8823617082558394,2,1,4,0.6666666666666666,0.3333333333333333,0.4444444444444444,0.8823617082558394,5.998599999657017e-05,0,100.0,0,0,0,0.0,0.0,0.0,0,0,0,0.0,0.0,0.0,0,0,0,0.0,0.0,0.0,0,0,0,0.0,0.0,0.0
COCO,550426,1,1,0,0,2,2,4,2,6,5,0,0,4,0.016282054999919637,0.006909083999744325,0.0,0.006909083999744325,0.007054142000015418,0.023400681000111945,Optimal,0,none,1.290987649758657,0,5,100.0,100.0,100.0,2.0,1,1,0,0.5,1.0,0.6666666666666666,0.8545613377320646,1,1,0,0.5,1.0,0.6666666666666666,0.8545613377320646,1,1,0,0.5,1.0,0.6666666666666666,0.8545613377320646,1,1,0,0.5,1.0,0.6666666666666666,0.8545613377320646,4.789700005858322e-05,0,100.0,0,0,0,0.0,0.0,0.0,0,0,0,0.0,0.0,0.0,0,0,0,0.0,0.0,0.0,0,0,0,0.0,0.0,0.0
COCO,368294,2,2,0,0,1,0,2,0,2,1,0,0,2,0.014481764000265684,0.006468784999924537,0.0,0.006468784999924537,0.006538803999774245,0.021050670000022365,Optimal,0,none,0.620518938700358,0,2,100.0,100.0,100.0,2.0,1,0,1,1.0,0.5,0.6666666666666666,0.9240361720158045,1,0,1,1.0,0.5,0.6666666666666666,0.9240361720158045,1,0,1,1.0,0.5,0.6666666666666666,0.9240361720158045,1,0,1,1.0,0.5,0.6666666666666666,0.9240361720158045,2.189799988627783e-05,0,100.0,0,0,0,0.0,0.0,0.0,0,0,0,0.0,0.0,0.0,0,0,0,0.0,0.0,0.0,0,0,0,0.0,0.0,0.0
COCO,171190,38,38,0,0,23,929,46,929,975,530,0,0,46,0.019783499999903142,0.044947788000172295,0.0,0.044947788000172295,0.046486149999964255,0.06843677899996692,Optimal,0,none,19.098698714731817,0,70,100.0,100.0,100.0,2.0,18,5,20,0.782608695652174,0.47368421052631576,0.5901639344262294,0.8259623767500133,18,5,20,0.782608695652174,0.47368421052631576,0.5901639344262294,0.8259623767500133,18,5,20,0.782608695652174,0.47368421052631576,0.5901639344262294,0.8259623767500133,18,5,20,0.782608695652174,0.47368421052631576,0.5901639344262294,0.8259623767500133,0.002077506000205176,0,100.0,0,0,0,0.0,0.0,0.0,0,0,0,0.0,0.0,0.0,0,0,0,0.0,0.0,0.0,0,0,0,0.0,0.0,0.0
COCO,301135,23,23,0,0,17,514,34,514,548,290,0,0,34,0.018436869000197476,0.025187059000018053,0.0,0.025187059000018053,0.025912173000051553,0.04581876000020202,Optimal,0,none,14.156732579036278,0,52,100.0,100.0,100.0,2.0,15,2,8,0.8823529411764706,0.6521739130434783,0.75,0.8494667196107635,15,2,8,0.8823529411764706,0.6521739130434783,0.75,0.8494667196107635,15,2,8,0.8823529411764706,0.6521739130434783,0.75,0.8494667196107635,15,2,8,0.8823529411764706,0.6521739130434783,0.75,0.8494667196107635,0.0013403089997154893,0,100.0,0,0,0,0.0,0.0,0.0,0,0,0,0.0,0.0,0.0,0,0,0,0.0,0.0,0.0,0,0,0,0.0,0.0,0.0
COCO,580294,9,9,0,0,4,25,8,25,33,17,0,0,8,0.014115202999619214,0.0080168690001301,0.0,0.0080168690001301,0.008174153999789269,0.022401114999865968,Optimal,0,none,3.299091297785442,0,13,100.0,100.0,100.0,2.0,3,1,6,0.75,0.3333333333333333,0.46153846153846156,0.8151947127383519,3,1,6,0.75,0.3333333333333333,0.46153846153846156,0.8151947127383519,3,1,6,0.75,0.3333333333333333,0.46153846153846156,0.8151947127383519,3,1,6,0.75,0.3333333333333333,0.46153846153846156,0.8151947127383519,8.972399973572465e-05,0,100.0,0,0,0,0.0,0.0,0.0,0,0,0,0.0,0.0,0.0,0,0,0,0.0,0.0,0.0,0,0,0,0.0,0.0,0.0
COCO,494869,9,9,0,0,9,143,18,143,161,82,0,0,18,0.01611371400031203,0.012749468999572855,0.0,0.012749468999572855,0.013074884000161546,0.02959132900014083,Optimal,0,none,7.392263410515922,0,28,100.0,100.0,100.0,2.0,6,3,3,0.6666666666666666,0.6666666666666666,0.6666666666666666,0.805723434560441,6,3,3,0.6666666666666666,0.6666666666666666,0.6666666666666666,0.805723434560441,6,3,3,0.6666666666666666,0.6666666666666666,0.6666666666666666,0.805723434560441,6,3,3,0.6666666666666666,0.6666666666666666,0.6666666666666666,0.805723434560441,0.0003519450001476798,0,100.0,0,0,0,0.0,0.0,0.0,0,0,0,0.0,0.0,0.0,0,0,0,0.0,0.0,0.0,0,0,0,0.0,0.0,0.0
COCO,33638,8,8,0,0,8,108,16,108,124,65,0,0,16,0.013785038000150962,0.010813480999786407,0.0,0.010813480999786407,0.01107925799988152,0.02515436800013049,Optimal,0,none,6.140163729985557,0,25,100.0,100.0,100.0,2.0,1,7,7,0.125,0.125,0.125,0.947072650630515,1,7,7,0.125,0.125,0.125,0.947072650630515,1,7,7,0.125,0.125,0.125,0.947072650630515,1,7,7,0.125,0.125,0.125,0.947072650630515,0.0002567350002209423,0,100.0,0,0,0,0.0,0.0,0.0,0,0,0,0.0,0.0,0.0,0,0,0,0.0,0.0,0.0,0,0,0,0.0,0.0,0.0
COCO,329219,21,21,0,0,8,104,16,104,120,65,0,0,16,0.01626966200001334,0.012039317000017036,0.0,0.012039317000017036,0.012334200000168494,0.028924281999934465,Optimal,0,none,6.177796968464,0,25,100.0,100.0,100.0,2.0,4,4,17,0.5,0.19047619047619047,0.27586206896551724,0.8193827855367825,4,4,17,0.5,0.19047619047619047,0.27586206896551724,0.8193827855367825,4,4,17,0.5,0.19047619047619047,0.27586206896551724,0.8193827855367825,4,4,17,0.5,0.19047619047619047,0.27586206896551724,0.8193827855367825,0.00028258299971639644,0,100.0,0,0,0,0.0,0.0,0.0,0,0,0,0.0,0.0,0.0,0,0,0,0.0,0.0,0.0,0,0,0,0.0,0.0,0.0
COCO,34873,9,9,0,0,6,64,12,64,76,37,0,0,12,0.014632489999712561,0.009115254999869649,0.0,0.009115254999869649,0.009339303000160726,0.02422535899995637,Optimal,0,none,4.7728660903766835,0,19,100.0,100.0,100.0,2.0,3,3,6,0.5,0.3333333333333333,0.4,0.8713509323917258,3,3,6,0.5,0.3333333333333333,0.4,0.8713509323917258,3,3,6,0.5,0.3333333333333333,0.4,0.8713509323917258,3,3,6,0.5,0.3333333333333333,0.4,0.8713509323917258,0.0001768989995980519,0,100.0,0,0,0,0.0,0.0,0.0,0,0,0,0.0,0.0,0.0,0,0,0,0.0,0.0,0.0,0,0,0,0.0,0.0,0.0
COCO,186980,14,14,0,0,3,10,6,10,16,10,0,0,6,0.015844953999931022,0.007349799999701645,0.0,0.007349799999701645,0.007489134000024933,0.02342431899978692,Optimal,0,none,2.7286916685104377,0,10,100.0,100.0,100.0,2.0,3,0,11,1.0,0.21428571428571427,0.35294117647058826,0.8675551024719357,3,0,11,1.0,0.21428571428571427,0.35294117647058826,0.8675551024719357,3,0,11,1.0,0.21428571428571427,0.35294117647058826,0.8675551024719357,3,0,11,1.0,0.21428571428571427,0.35294117647058826,0.8675551024719357,6.18039998698805e-05,0,100.0,0,0,0,0.0,0.0,0.0,0,0,0,0.0,0.0,0.0,0,0,0,0.0,0.0,0.0,0,0,0,0.0,0.0,0.0
COCO,127182,10,10,0,0,7,81,14,81,95,50,0,0,14,0.015301760000056674,0.010485599999810802,0.0,0.010485599999810802,0.010743880000063655,0.026311126000109653,Optimal,0,none,5.5945286332827635,0,22,100.0,100.0,100.0,2.0,6,1,4,0.8571428571428571,0.6,0.7058823529411764,0.8335049108607965,6,1,4,0.8571428571428571,0.6,0.7058823529411764,0.8335049108607965,6,1,4,0.8571428571428571,0.6,0.7058823529411764,0.8335049108607965,6,1,4,0.8571428571428571,0.6,0.7058823529411764,0.8335049108607965,0.00023461499995391932,0,100.0,0,0,0,0.0,0.0,0.0,0,0,0,0.0,0.0,0.0,0,0,0,0.0,0.0,0.0,0,0,0,0.0,0.0,0.0
COCO,356387,21,21,0,0,12,249,24,249,273,145,0,0,24,0.017108269999880577,0.016282176000004256,0.0,0.016282176000004256,0.016754371999923023,0.034535355999651074,Optimal,0,none,9.422076648768822,0,37,100.0,100.0,100.0,2.0,12,0,9,1.0,0.5714285714285714,0.7272727272727273,0.8202640248528955,12,0,9,1.0,0.5714285714285714,0.7272727272727273,0.8202640248528955,12,0,9,1.0,0.5714285714285714,0.7272727272727273,0.8202640248528955,12,0,9,1.0,0.5714285714285714,0.7272727272727273,0.8202640248528955,0.0005848920000062208,0,100.0,0,0,0,0.0,0.0,0.0,0,0,0,0.0,0.0,0.0,0,0,0,0.0,0.0,0.0,0,0,0,0.0,0.0,0.0
COCO,367680,14,14,0,0,11,186,22,186,208,122,0,0,22,0.014726003000305354,0.015020760999959748,0.0,0.015020760999959748,0.015401345000100264,0.030659300000024814,Optimal,0,none,9.315687346634435,0,34,100.0,100.0,100.0,2.0,6,5,8,0.5454545454545454,0.42857142857142855,0.4799999999999999,0.9062309736226657,6,5,8,0.5454545454545454,0.42857142857142855,0.4799999999999999,0.9062309736226657,6,5,8,0.5454545454545454,0.42857142857142855,0.4799999999999999,0.9062309736226657,6,5,8,0.5454545454545454,0.42857142857142855,0.4799999999999999,0.9062309736226657,0.00048027799994088127,0,100.0,0,0,0,0.0,0.0,0.0,0,0,0,0.0,0.0,0.0,0,0,0,0.0,0.0,0.0,0,0,0,0.0,0.0,0.0
COCO,263796,1,1,0,0,1,0,2,0,2,1,0,0,2,0.015181758999915473,0.006361019999985729,0.0,0.006361019999985729,0.006431906999750936,0.021644173999902705,Optimal,0,none,0.39580103556315105,0,2,100.0,100.0,100.0,2.0,1,0,0,1.0,1.0,1.0,0.9143280734768966,1,0,0,1.0,1.0,1.0,0.9143280734768966,1,0,0,1.0,1.0,1.0,0.9143280734768966,1,0,0,1.0,1.0,1.0,0.9143280734768966,2.2763000288250623e-05,0,100.0,0,0,0,0.0,0.0,0.0,0,0,0,0.0,0.0,0.0,0,0,0,0.0,0.0,0.0,0,0,0,0.0,0.0,0.0
COCO,117425,7,7,0,0,5,40,10,40,50,26,0,0,10,0.014385549999587965,0.00874286700036464,0.0,0.00874286700036464,0.00893523600007029,0.02347088899978189,Optimal,0,none,4.201052006085715,0,16,100.0,100.0,100.0,2.0,4,1,3,0.8,0.5714285714285714,0.6666666666666666,0.8749520951070928,4,1,3,0.8,0.5714285714285714,0.6666666666666666,0.8749520951070928,4,1,3,0.8,0.5714285714285714,0.6666666666666666,0.8749520951070928,4,1,3,0.8,0.5714285714285714,0.6666666666666666,0.8749520951070928,0.00012479399993026163,0,100.0,0,0,0,0.0,0.0,0.0,0,0,0,0.0,0.0,0.0,0,0,0,0.0,0.0,0.0,0,0,0,0.0,0.0,0.0
COCO,365387,4,4,0,0,2,4,4,4,8,5,0,0,4,0.01338799699988158,0.00673231200016744,0.0,0.00673231200016744,0.006850648000181536,0.020290919999752077,Optimal,0,none,1.0890662105878195,0,5,100.0,100.0,100.0,2.0,0,2,4,0.0,0.0,0.0,0.9617112535954562,0,2,4,0.0,0.0,0.0,0.9617112535954562,0,2,4,0.0,0.0,0.0,0.9617112535954562,0,2,4,0.0,0.0,0.0,0.9617112535954562,3.830400009974255e-05,0,100.0,0,0,0,0.0,0.0,0.0,0,0,0,0.0,0.0,0.0,0,0,0,0.0,0.0,0.0,0,0,0,0.0,0.0,0.0
COCO,487583,2,2,0,0,3,12,6,12,18,10,0,0,6,0.01418787499960672,0.006878639000206022,0.0,0.006878639000206022,0.007014064000031794,0.021313746000032552,Optimal,0,none,2.518675441741944,0,10,100.0,100.0,100.0,2.0,2,1,0,0.6666666666666666,1.0,0.8,0.8109398257308542,2,1,0,0.6666666666666666,1.0,0.8,0.8109398257308542,2,1,0,0.6666666666666666,1.0,0.8,0.8109398257308542,2,1,0,0.6666666666666666,1.0,0.8,0.8109398257308542,8.822900008453871e-05,0,100.0,0,0,0,0.0,0.0,0.0,0,0,0,0.0,0.0,0.0,0,0,0,0.0,0.0,0.0,0,0,0,0.0,0.0,0.0
COCO,504711,2,2,0,0,3,9,6,9,15,10,0,0,6,0.014072415999635268,0.006455063999965205,0.0,0.006455063999965205,0.006581202000234043,0.020797743999992235,Optimal,0,none,2.5920395326614387,0,10,100.0,100.0,100.0,2.0,2,1,0,0.6666666666666666,1.0,0.8,0.9277282572955015,2,1,0,0.6666666666666666,1.0,0.8,0.9277282572955015,2,1,0,0.6666666666666666,1.0,0.8,0.9277282572955015,2,1,0,0.6666666666666666,1.0,0.8,0.9277282572955015,0.00011881699992954964,0,100.0,0,0,0,0.0,0.0,0.0,0,0,0,0.0,0.0,0.0,0,0,0,0.0,0.0,0.0,0,0,0,0.0,0.0,0.0
COCO,363840,12,12,0,0,8,103,16,103,119,65,0,0,16,0.01525421299993468,0.010373111999797402,0.0,0.010373111999797402,0.01067052500002319,0.026230412000131764,Optimal,0,none,7.0874570544560775,0,25,100.0,100.0,100.0,2.0,6,2,6,0.75,0.5,0.6,0.9368194119115727,6,2,6,0.75,0.5,0.6,0.9368194119115727,6,2,6,0.75,0.5,0.6,0.9368194119115727,6,2,6,0.75,0.5,0.6,0.9368194119115727,0.0002692750003916444,0,100.0,0,0,0,0.0,0.0,0.0,0,0,0,0.0,0.0,0.0,0,0,0,0.0,0.0,0.0,0,0,0,0.0,0.0,0.0
COCO,214720,11,11,0,0,8,100,16,100,116,65,0,0,16,0.01541315799977383,0.011184934000084468,0.0,0.011184934000084468,0.011468254000192246,0.02719143299964344,Optimal,0,none,6.636469152768455,0,25,100.0,100.0,100.0,2.0,7,1,4,0.875,0.6363636363636364,0.7368421052631579,0.8736428801976958,7,1,4,0.875,0.6363636363636364,0.7368421052631579,0.8736428801976958,7,1,4,0.875,0.6363636363636364,0.7368421052631579,0.8736428801976958,7,1,4,0.875,0.6363636363636364,0.7368421052631579,0.8736428801976958,0.00027192100014872267,0,100.0,0,0,0,0.0,0.0,0.0,0,0,0,0.0,0.0,0.0,0,0,0,0.0,0.0,0.0,0,0,0,0.0,0.0,0.0
COCO,379453,1,1,0,0,1,0,2,0,2,1,0,0,2,0.014187467000283505,0.006356771999890043,0.0,0.006356771999890043,0.006427303000236861,0.020645339000111562,Optimal,0,none,0.6391234556833902,0,2,100.0,100.0,100.0,2.0,1,0,0,1.0,1.0,1.0,0.9641252230743304,1,0,0,1.0,1.0,1.0,0.9641252230743304,1,0,0,1.0,1.0,1.0,0.9641252230743304,1,0,0,1.0,1.0,1.0,0.9641252230743304,2.1986999854561873e-05,0,100.0,0,0,0,0.0,0.0,0.0,0,0,0,0.0,0.0,0.0,0,0,0,0.0,0.0,0.0,0,0,0,0.0,0.0,0.0
COCO,311295,10,10,0,0,7,82,14,82,96,50,0,0,14,0.016430789999958506,0.010768453000309819,0.0,0.010768453000309819,0.01103237799998169,0.027754055000059452,Optimal,0,none,5.579569342205091,0,22,100.0,100.0,100.0,2.0,5,2,5,0.7142857142857143,0.5,0.588235294117647,0.7817154089438959,5,2,5,0.7142857142857143,0.5,0.588235294117647,0.7817154089438959,5,2,5,0.7142857142857143,0.5,0.588235294117647,0.7817154089438959,5,2,5,0.7142857142857143,0.5,0.588235294117647,0.7817154089438959,0.0002570230003584584,0,100.0,0,0,0,0.0,0.0,0.0,0,0,0,0.0,0.0,0.0,0,0,0,0.0,0.0,0.0,0,0,0,0.0,0.0,0.0
COCO,29393,4,4,0,0,2,4,4,4,8,5,0,0,4,0.014365858000019216,0.006827408000390278,0.0,0.006827408000390278,0.006941143999938504,0.021361037000133365,Optimal,0,none,1.3685655029614767,0,5,100.0,100.0,100.0,2.0,1,1,3,0.5,0.25,0.3333333333333333,0.87309864089106,1,1,3,0.5,0.25,0.3333333333333333,0.87309864089106,1,1,3,0.5,0.25,0.3333333333333333,0.87309864089106,1,1,3,0.5,0.25,0.3333333333333333,0.87309864089106,4.060299988850602e-05,0,100.0,0,0,0,0.0,0.0,0.0,0,0,0,0.0,0.0,0.0,0,0,0,0.0,0.0,0.0,0,0,0,0.0,0.0,0.0
COCO,278848,10,10,0,0,10,167,20,167,187,101,0,0,20,0.015378907000012987,0.01361514799964425,0.0,0.01361514799964425,0.01403442900027585,0.029927080999641476,Optimal,0,none,8.646239725730357,0,31,100.0,100.0,100.0,2.0,9,1,1,0.9,0.9,0.9,0.868706593797786,9,1,1,0.9,0.9,0.9,0.868706593797786,9,1,1,0.9,0.9,0.9,0.868706593797786,9,1,1,0.9,0.9,0.9,0.868706593797786,0.0004674229999181989,0,100.0,0,0,0,0.0,0.0,0.0,0,0,0,0.0,0.0,0.0,0,0,0,0.0,0.0,0.0,0,0,0,0.0,0.0,0.0
COCO,166391,28,28,0,0,20,666,40,666,706,401,0,0,40,0.01921955700026956,0.03399305599987201,0.0,0.03399305599987201,0.03489349100027539,0.05563620800012359,Optimal,0,none,16.8233684899748,0,61,100.0,100.0,100.0,2.0,16,4,12,0.8,0.5714285714285714,0.6666666666666666,0.805913071641147,16,4,12,0.8,0.5714285714285714,0.6666666666666666,0.805913071641147,16,4,12,0.8,0.5714285714285714,0.6666666666666666,0.805913071641147,16,4,12,0.8,0.5714285714285714,0.6666666666666666,0.805913071641147,0.001441612999769859,0,100.0,0,0,0,0.0,0.0,0.0,0,0,0,0.0,0.0,0.0,0,0,0,0.0,0.0,0.0,0,0,0,0.0,0.0,0.0
COCO,48153,2,2,0,0,1,0,2,0,2,1,0,0,2,0.015400454999962676,0.006515812000088772,0.0,0.006515812000088772,0.006589956999960123,0.02201879399990503,Optimal,0,none,0.5776742140452067,0,2,100.0,100.0,100.0,2.0,1,0,1,1.0,0.5,0.6666666666666666,0.8739167539511179,1,0,1,1.0,0.5,0.6666666666666666,0.8739167539511179,1,0,1,1.0,0.5,0.6666666666666666,0.8739167539511179,1,0,1,1.0,0.5,0.6666666666666666,0.8739167539511179,2.0838000182266114e-05,0,100.0,0,0,0,0.0,0.0,0.0,0,0,0,0.0,0.0,0.0,0,0,0,0.0,0.0,0.0,0,0,0,0.0,0.0,0.0
COCO,459153,4,4,0,0,4,28,8,28,36,17,0,0,8,0.016357454000171856,0.007689311999911297,0.0,0.007689311999911297,0.007897797000168794,0.024395560000357364,Optimal,0,none,3.388184097347622,0,13,100.0,100.0,100.0,2.0,3,1,1,0.75,0.75,0.75,0.9590179355313748,3,1,1,0.75,0.75,0.75,0.9590179355313748,3,1,1,0.75,0.75,0.75,0.9590179355313748,3,1,1,0.75,0.75,0.75,0.9590179355313748,9.827700023379293e-05,0,100.0,0,0,0,0.0,0.0,0.0,0,0,0,0.0,0.0,0.0,0,0,0,0.0,0.0,0.0,0,0,0,0.0,0.0,0.0
COCO,295713,12,12,0,0,11,211,22,211,233,121,0,0,22,0.01654506400018363,0.015172221999819158,0.0,0.015172221999819158,0.015643544999875303,0.03273934100025144,Optimal,0,none,8.794587906201683,0,34,100.0,100.0,100.0,2.0,9,2,3,0.8181818181818182,0.75,0.7826086956521738,0.8166307979200705,9,2,3,0.8181818181818182,0.75,0.7826086956521738,0.8166307979200705,9,2,3,0.8181818181818182,0.75,0.7826086956521738,0.8166307979200705,9,2,3,0.8181818181818182,0.75,0.7826086956521738,0.8166307979200705,0.0005020869998588751,0,100.0,0,0,0,0.0,0.0,0.0,0,0,0,0.0,0.0,0.0,0,0,0,0.0,0.0,0.0,0,0,0,0.0,0.0,0.0
COCO,223130,1,1,0,0,2,4,4,4,8,5,0,0,4,0.014682443999845418,0.006399977000000945,0.0,0.006399977000000945,0.006531085999995412,0.021278898999753437,Optimal,0,none,1.3061979087193807,0,5,100.0,100.0,100.0,2.0,1,1,0,0.5,1.0,0.6666666666666666,0.8941213096049604,1,1,0,0.5,1.0,0.6666666666666666,0.8941213096049604,1,1,0,0.5,1.0,0.6666666666666666,0.8941213096049604,1,1,0,0.5,1.0,0.6666666666666666,0.8941213096049604,4.9295000280835666e-05,0,100.0,0,0,0,0.0,0.0,0.0,0,0,0,0.0,0.0,0.0,0,0,0,0.0,0.0,0.0,0,0,0,0.0,0.0,0.0
COCO,273132,3,3,0,0,1,0,2,0,2,1,0,0,2,0.015887490999830334,0.006528586000058567,0.0,0.006528586000058567,0.006595176000246283,0.022551742999894486,Optimal,0,none,0.5810126225153605,0,2,100.0,100.0,100.0,2.0,1,0,2,1.0,0.3333333333333333,0.5,0.8559722795090394,1,0,2,1.0,0.3333333333333333,0.5,0.8559722795090394,1,0,2,1.0,0.3333333333333333,0.5,0.8559722795090394,1,0,2,1.0,0.3333333333333333,0.5,0.8559722795090394,2.0338000012998236e-05,0,100.0,0,0,0,0.0,0.0,0.0,0,0,0,0.0,0.0,0.0,0,0,0,0.0,0.0,0.0,0,0,0,0.0,0.0,0.0
COCO,198960,3,3,0,0,3,6,6,6,12,10,0,0,6,0.014751621999948838,0.006667343000117398,0.0,0.006667343000117398,0.006806835999668692,0.021626453999942896,Optimal,0,none,2.66976930141449,0,10,100.0,100.0,100.0,2.0,3,0,0,1.0,1.0,1.0,0.885688643360627,3,0,0,1.0,1.0,1.0,0.885688643360627,3,0,0,1.0,1.0,1.0,0.885688643360627,3,0,0,1.0,1.0,1.0,0.885688643360627,4.7929000174917746e-05,0,100.0,0,0,0,0.0,0.0,0.0,0,0,0,0.0,0.0,0.0,0,0,0,0.0,0.0,0.0,0,0,0,0.0,0.0,0.0
COCO,344059,2,2,0,0,2,2,4,2,6,5,0,0,4,0.01303079199988133,0.006780132999665511,0.0,0.006780132999665511,0.006875600000057602,0.01995214099997611,Optimal,0,none,1.5499256261189778,0,5,100.0,100.0,100.0,2.0,2,0,0,1.0,1.0,1.0,0.9077329161889663,2,0,0,1.0,1.0,1.0,0.9077329161889663,2,0,0,1.0,1.0,1.0,0.9077329161889663,2,0,0,1.0,1.0,1.0,0.9077329161889663,3.231799973946181e-05,0,100.0,0,0,0,0.0,0.0,0.0,0,0,0,0.0,0.0,0.0,0,0,0,0.0,0.0,0.0,0,0,0,0.0,0.0,0.0
COCO,410428,10,10,0,0,12,253,24,253,277,145,0,0,24,0.016563228999984858,0.01844512300021961,0.0,0.01844512300021961,0.018934588999854896,0.0361656669997501,Optimal,0,none,9.84469669410121,0,37,100.0,100.0,100.0,2.0,6,6,4,0.5,0.6,0.5454545454545454,0.7794459535846027,6,6,4,0.5,0.6,0.5454545454545454,0.7794459535846027,6,6,4,0.5,0.6,0.5454545454545454,0.7794459535846027,6,6,4,0.5,0.6,0.5454545454545454,0.7794459535846027,0.0006110399999670335,0,100.0,0,0,0,0.0,0.0,0.0,0,0,0,0.0,0.0,0.0,0,0,0,0.0,0.0,0.0,0,0,0,0.0,0.0,0.0
COCO,87875,1,1,0,0,1,0,2,0,2,1,0,0,2,0.015205639000214433,0.006563593999999284,0.0,0.006563593999999284,0.006633793000219157,0.021868266000183212,Optimal,0,none,0.6409365336100261,0,2,100.0,100.0,100.0,2.0,1,0,0,1.0,1.0,1.0,0.9144831905377924,1,0,0,1.0,1.0,1.0,0.9144831905377924,1,0,0,1.0,1.0,1.0,0.9144831905377924,1,0,0,1.0,1.0,1.0,0.9144831905377924,2.1132000256329775e-05,0,100.0,0,0,0,0.0,0.0,0.0,0,0,0,0.0,0.0,0.0,0,0,0,0.0,0.0,0.0,0,0,0,0.0,0.0,0.0
COCO,450758,7,7,0,0,7,46,14,46,60,50,0,0,14,0.015324349999900733,0.008585611999933462,0.0,0.008585611999933462,0.008819836999919062,0.024341679999906773,Optimal,0,none,6.204957968393959,0,22,100.0,100.0,100.0,2.0,7,0,0,1.0,1.0,1.0,0.8494010326745007,7,0,0,1.0,1.0,1.0,0.8494010326745007,7,0,0,1.0,1.0,1.0,0.8494010326745007,7,0,0,1.0,1.0,1.0,0.8494010326745007,0.00016089900009319535,0,100.0,0,0,0,0.0,0.0,0.0,0,0,0,0.0,0.0,0.0,0,0,0,0.0,0.0,0.0,0,0,0,0.0,0.0,0.0
COCO,458790,0,0,0,0,0,0,0,0,0,0,0,0,1,0.010200843999882636,0.004828124000141543,0.0,0.004828124000141543,0.004863033999754407,0.01507856099988203,Optimal,0,none,,0,1,100.0,0.0,0.0,0.0,0,0,0,0.0,0.0,0.0,0.0,0,0,0,0.0,0.0,0.0,0.0,0,0,0,0.0,0.0,0.0,0.0,0,0,0,0.0,0.0,0.0,0.0,9.70699966273969e-06,0,100.0,0,0,0,0.0,0.0,0.0,0,0,0,0.0,0.0,0.0,0,0,0,0.0,0.0,0.0,0,0,0,0.0,0.0,0.0
COCO,460160,1,1,0,0,2,4,4,4,8,5,0,0,4,0.015495161000217195,0.006745903000137332,0.0,0.006745903000137332,0.006889954999678594,0.022438713000155985,Optimal,0,none,1.2315901311238608,0,5,100.0,100.0,100.0,2.0,1,1,0,0.5,1.0,0.6666666666666666,0.5889659488370801,1,1,0,0.5,1.0,0.6666666666666666,0.5889659488370801,1,1,0,0.5,1.0,0.6666666666666666,0.5889659488370801,1,1,0,0.5,1.0,0.6666666666666666,0.5889659488370801,3.945499975088751e-05,0,100.0,0,0,0,0.0,0.0,0.0,0,0,0,0.0,0.0,0.0,0,0,0,0.0,0.0,0.0,0,0,0,0.0,0.0,0.0
COCO,458109,5,5,0,0,1,0,2,0,2,1,0,0,2,0.013854580999577593,0.006390889000158495,0.0,0.006390889000158495,0.006460232999870641,0.02040454600000885,Optimal,0,none,0.6125419775644938,0,2,100.0,100.0,100.0,2.0,1,0,4,1.0,0.2,0.33333333333333337,0.9784469930723705,1,0,4,1.0,0.2,0.33333333333333337,0.9784469930723705,1,0,4,1.0,0.2,0.33333333333333337,0.9784469930723705,1,0,4,1.0,0.2,0.33333333333333337,0.9784469930723705,7.89350001468847e-05,0,100.0,0,0,0,0.0,0.0,0.0,0,0,0,0.0,0.0,0.0,0,0,0,0.0,0.0,0.0,0,0,0,0.0,0.0,0.0
COCO,30675,1,1,0,0,1,0,2,0,2,1,0,0,2,0.014293322999947122,0.006311455000286514,0.0,0.006311455000286514,0.006419637999897532,0.02075186499996562,Optimal,0,none,0.6226968208948771,0,2,100.0,100.0,100.0,2.0,1,0,0,1.0,1.0,1.0,0.9684835372411207,1,0,0,1.0,1.0,1.0,0.9684835372411207,1,0,0,1.0,1.0,1.0,0.9684835372411207,1,0,0,1.0,1.0,1.0,0.9684835372411207,2.968199987662956e-05,0,100.0,0,0,0,0.0,0.0,0.0,0,0,0,0.0,0.0,0.0,0,0,0,0.0,0.0,0.0,0,0,0,0.0,0.0,0.0
COCO,566524,7,7,0,0,3,10,6,10,16,10,0,0,6,0.01698438099992927,0.007336904000112554,0.0,0.007336904000112554,0.007478127000013046,0.02454641399981483,Optimal,0,none,2.6965695095062263,0,10,100.0,100.0,100.0,2.0,3,0,4,1.0,0.42857142857142855,0.6,0.8854287480636353,3,0,4,1.0,0.42857142857142855,0.6,0.8854287480636353,3,0,4,1.0,0.42857142857142855,0.6,0.8854287480636353,3,0,4,1.0,0.42857142857142855,0.6,0.8854287480636353,6.197599986990099e-05,0,100.0,0,0,0,0.0,0.0,0.0,0,0,0,0.0,0.0,0.0,0,0,0,0.0,0.0,0.0,0,0,0,0.0,0.0,0.0
COCO,338428,4,4,0,0,3,8,6,8,14,10,0,0,6,0.01611123000020598,0.007330068000101164,0.0,0.007330068000101164,0.007460793999598536,0.023646239999834506,Optimal,0,none,2.4895193433761595,0,10,100.0,100.0,100.0,2.0,2,1,2,0.6666666666666666,0.5,0.5714285714285715,0.8747796106435475,2,1,2,0.6666666666666666,0.5,0.5714285714285715,0.8747796106435475,2,1,2,0.6666666666666666,0.5,0.5714285714285715,0.8747796106435475,2,1,2,0.6666666666666666,0.5,0.5714285714285715,0.8747796106435475,5.282199981593294e-05,0,100.0,0,0,0,0.0,0.0,0.0,0,0,0,0.0,0.0,0.0,0,0,0,0.0,0.0,0.0,0,0,0,0.0,0.0,0.0
COCO,545826,2,2,0,0,3,12,6,12,18,10,0,0,6,0.013937881999936508,0.007282190999831073,0.0,0.007282190999831073,0.007433004999711557,0.021454375999837794,Optimal,0,none,2.3310938776887795,0,10,100.0,100.0,100.0,2.0,1,2,1,0.3333333333333333,0.5,0.4,0.954978788802796,1,2,1,0.3333333333333333,0.5,0.4,0.954978788802796,1,2,1,0.3333333333333333,0.5,0.4,0.954978788802796,1,2,1,0.3333333333333333,0.5,0.4,0.954978788802796,6.271900019783061e-05,0,100.0,0,0,0,0.0,0.0,0.0,0,0,0,0.0,0.0,0.0,0,0,0,0.0,0.0,0.0,0,0,0,0.0,0.0,0.0
COCO,166277,4,4,0,0,1,0,2,0,2,1,0,0,2,0.014181932000155939,0.006427965000057156,0.0,0.006427965000057156,0.006498182000086672,0.020709474999875965,Optimal,0,none,0.5658264557520549,0,2,100.0,100.0,100.0,2.0,1,0,3,1.0,0.25,0.4,0.9247761700797819,1,0,3,1.0,0.25,0.4,0.9247761700797819,1,0,3,1.0,0.25,0.4,0.9247761700797819,1,0,3,1.0,0.25,0.4,0.9247761700797819,2.1351000214053784e-05,0,100.0,0,0,0,0.0,0.0,0.0,0,0,0,0.0,0.0,0.0,0,0,0,0.0,0.0,0.0,0,0,0,0.0,0.0,0.0
COCO,269314,2,2,0,0,1,0,2,0,2,1,0,0,2,0.014593832000173279,0.006498557000213623,0.0,0.006498557000213623,0.006568178999714291,0.021193089000007603,Optimal,0,none,0.5119006792704264,0,2,100.0,100.0,100.0,2.0,0,1,2,0.0,0.0,0.0,0.0,0,1,2,0.0,0.0,0.0,0.0,0,1,2,0.0,0.0,0.0,0.0,0,1,2,0.0,0.0,0.0,0.0,2.2306000118987868e-05,0,100.0,0,0,0,0.0,0.0,0.0,0,0,0,0.0,0.0,0.0,0,0,0,0.0,0.0,0.0,0,0,0,0.0,0.0,0.0
COCO,476415,2,2,0,0,2,3,4,3,7,5,0,0,4,0.013293759000134742,0.006610991999878024,0.0,0.006610991999878024,0.006742319999830215,0.020094054999844957,Optimal,0,none,1.4628771670659382,0,5,100.0,100.0,100.0,2.0,2,0,0,1.0,1.0,1.0,0.9567192318119859,2,0,0,1.0,1.0,1.0,0.9567192318119859,2,0,0,1.0,1.0,1.0,0.9567192318119859,2,0,0,1.0,1.0,1.0,0.9567192318119859,4.0812999941408634e-05,0,100.0,0,0,0,0.0,0.0,0.0,0,0,0,0.0,0.0,0.0,0,0,0,0.0,0.0,0.0,0,0,0,0.0,0.0,0.0
COCO,292082,5,5,0,0,7,86,14,86,100,50,0,0,14,0.01676149600007193,0.009776760000022477,0.0,0.009776760000022477,0.01001808599994547,0.027021191000130784,Optimal,0,none,5.477080315748853,0,22,100.0,100.0,100.0,2.0,4,3,1,0.5714285714285714,0.8,0.6666666666666666,0.7700369183662548,4,3,1,0.5714285714285714,0.8,0.6666666666666666,0.7700369183662548,4,3,1,0.5714285714285714,0.8,0.6666666666666666,0.7700369183662548,4,3,1,0.5714285714285714,0.8,0.6666666666666666,0.7700369183662548,0.00021189900007811957,0,100.0,0,0,0,0.0,0.0,0.0,0,0,0,0.0,0.0,0.0,0,0,0,0.0,0.0,0.0,0,0,0,0.0,0.0,0.0
COCO,360137,3,3,0,0,4,28,8,28,36,17,0,0,8,0.016973705000054906,0.008574659000259999,0.0,0.008574659000259999,0.008750813999995444,0.025858969000182697,Optimal,0,none,3.2203360788027453,0,13,100.0,100.0,100.0,2.0,3,1,0,0.75,1.0,0.8571428571428571,0.8118124155978078,3,1,0,0.75,1.0,0.8571428571428571,0.8118124155978078,3,1,0,0.75,1.0,0.8571428571428571,0.8118124155978078,3,1,0,0.75,1.0,0.8571428571428571,0.8118124155978078,0.0001078600002983876,0,100.0,0,0,0,0.0,0.0,0.0,0,0,0,0.0,0.0,0.0,0,0,0,0.0,0.0,0.0,0,0,0,0.0,0.0,0.0
COCO,122046,3,3,0,0,2,4,4,4,8,5,0,0,4,0.015556014999674517,0.007009005999861984,0.0,0.007009005999861984,0.007150289999572124,0.022765805999824806,Optimal,0,none,1.5632636578877768,0,5,100.0,100.0,100.0,2.0,2,0,1,1.0,0.6666666666666666,0.8,0.9588730851629108,2,0,1,1.0,0.6666666666666666,0.8,0.9588730851629108,2,0,1,1.0,0.6666666666666666,0.8,0.9588730851629108,2,0,1,1.0,0.6666666666666666,0.8,0.9588730851629108,4.408900031194207e-05,0,100.0,0,0,0,0.0,0.0,0.0,0,0,0,0.0,0.0,0.0,0,0,0,0.0,0.0,0.0,0,0,0,0.0,0.0,0.0
COCO,352684,10,10,0,0,10,120,20,120,140,101,0,0,20,0.01426289299979544,0.012039754999932484,0.0,0.012039754999932484,0.012356065999938437,0.027024191999771574,Optimal,0,none,8.484969572226209,0,31,100.0,100.0,100.0,2.0,10,0,0,1.0,1.0,1.0,0.8589419244279707,10,0,0,1.0,1.0,1.0,0.8589419244279707,10,0,0,1.0,1.0,1.0,0.8589419244279707,10,0,0,1.0,1.0,1.0,0.8589419244279707,0.00035962999982075416,0,100.0,0,0,0,0.0,0.0,0.0,0,0,0,0.0,0.0,0.0,0,0,0,0.0,0.0,0.0,0,0,0,0.0,0.0,0.0
COCO,512836,7,7,0,0,5,32,10,32,42,26,0,0,10,0.014744448000328703,0.008287907000067207,0.0,0.008287907000067207,0.008483192999847233,0.023365253000065422,Optimal,0,none,4.098112674554191,0,16,100.0,100.0,100.0,2.0,4,1,3,0.8,0.5714285714285714,0.6666666666666666,0.8559554579053819,4,1,3,0.8,0.5714285714285714,0.6666666666666666,0.8559554579053819,4,1,3,0.8,0.5714285714285714,0.6666666666666666,0.8559554579053819,4,1,3,0.8,0.5714285714285714,0.6666666666666666,0.8559554579053819,0.000108870000076422,0,100.0,0,0,0,0.0,0.0,0.0,0,0,0,0.0,0.0,0.0,0,0,0,0.0,0.0,0.0,0,0,0,0.0,0.0,0.0
COCO,8021,7,7,0,0,4,23,8,23,31,17,0,0,8,0.014940418000151112,0.00764697900012834,0.0,0.00764697900012834,0.007819800000106625,0.02286409700036529,Optimal,0,none,3.6632444111506155,0,13,100.0,100.0,100.0,2.0,4,0,3,1.0,0.5714285714285714,0.7272727272727273,0.9029937535561686,4,0,3,1.0,0.5714285714285714,0.7272727272727273,0.9029937535561686,4,0,3,1.0,0.5714285714285714,0.7272727272727273,0.9029937535561686,4,0,3,1.0,0.5714285714285714,0.7272727272727273,0.9029937535561686,8.28140000521671e-05,0,100.0,0,0,0,0.0,0.0,0.0,0,0,0,0.0,0.0,0.0,0,0,0,0.0,0.0,0.0,0,0,0,0.0,0.0,0.0
COCO,107226,18,18,0,0,12,244,24,244,268,145,0,0,24,0.01565374999972846,0.015912652000224625,0.0,0.015912652000224625,0.016367156999876897,0.032631665999815596,Optimal,0,none,9.868201695734408,0,37,100.0,100.0,100.0,2.0,9,3,9,0.75,0.5,0.6,0.7951350482885142,9,3,9,0.75,0.5,0.6,0.7951350482885142,9,3,9,0.75,0.5,0.6,0.7951350482885142,9,3,9,0.75,0.5,0.6,0.7951350482885142,0.0005630350001410989,0,100.0,0,0,0,0.0,0.0,0.0,0,0,0,0.0,0.0,0.0,0,0,0,0.0,0.0,0.0,0,0,0,0.0,0.0,0.0
COCO,84477,3,3,0,0,4,23,8,23,31,17,0,0,8,0.014141848000235768,0.007678680000026361,0.0,0.007678680000026361,0.007835955000246031,0.022083631999976205,Optimal,0,none,3.463819493452709,0,13,100.0,100.0,100.0,2.0,3,1,0,0.75,1.0,0.8571428571428571,0.8527785615047079,3,1,0,0.75,1.0,0.8571428571428571,0.8527785615047079,3,1,0,0.75,1.0,0.8571428571428571,0.8527785615047079,3,1,0,0.75,1.0,0.8571428571428571,0.8527785615047079,8.458199999950011e-05,0,100.0,0,0,0,0.0,0.0,0.0,0,0,0,0.0,0.0,0.0,0,0,0,0.0,0.0,0.0,0,0,0,0.0,0.0,0.0
COCO,562243,2,2,0,0,2,2,4,2,6,5,0,0,4,0.016331755000010162,0.007092965000083495,0.0,0.007092965000083495,0.007193856999947457,0.02359079899997596,Optimal,0,none,1.5538693221410118,0,5,100.0,100.0,100.0,2.0,2,0,0,1.0,1.0,1.0,0.9452499027375001,2,0,0,1.0,1.0,1.0,0.9452499027375001,2,0,0,1.0,1.0,1.0,0.9452499027375001,2,0,0,1.0,1.0,1.0,0.9452499027375001,3.4142000004067086e-05,0,100.0,0,0,0,0.0,0.0,0.0,0,0,0,0.0,0.0,0.0,0,0,0,0.0,0.0,0.0,0,0,0,0.0,0.0,0.0
COCO,181859,2,2,0,0,2,4,4,4,8,5,0,0,4,0.01409119300024031,0.007178938999913953,0.0,0.007178938999913953,0.007283885000106238,0.02143127799990907,Optimal,0,none,1.3300611766179404,0,5,100.0,100.0,100.0,2.0,1,1,1,0.5,0.5,0.5,0.9051673480356696,1,1,1,0.5,0.5,0.5,0.9051673480356696,1,1,1,0.5,0.5,0.5,0.9051673480356696,1,1,1,0.5,0.5,0.5,0.9051673480356696,4.082500026925118e-05,0,100.0,0,0,0,0.0,0.0,0.0,0,0,0,0.0,0.0,0.0,0,0,0,0.0,0.0,0.0,0,0,0,0.0,0.0,0.0
COCO,177015,6,6,0,0,4,22,8,22,30,17,0,0,8,0.015066752000166161,0.007897449000211054,0.0,0.007897449000211054,0.008137963000081072,0.02352723000012702,Optimal,0,none,3.3134823673083855,0,13,100.0,100.0,100.0,2.0,1,3,5,0.25,0.16666666666666666,0.2,0.7234368480178333,1,3,5,0.25,0.16666666666666666,0.2,0.7234368480178333,1,3,5,0.25,0.16666666666666666,0.2,0.7234368480178333,1,3,5,0.25,0.16666666666666666,0.2,0.7234368480178333,0.00026810199960891623,0,100.0,0,0,0,0.0,0.0,0.0,0,0,0,0.0,0.0,0.0,0,0,0,0.0,0.0,0.0,0,0,0,0.0,0.0,0.0
COCO,292236,7,7,0,0,7,78,14,78,92,50,0,0,14,0.020498681999924884,0.013304900000093767,0.0,0.013304900000093767,0.013846127999840974,0.03487343500000861,Optimal,0,none,5.76892561880565,0,22,100.0,100.0,100.0,2.0,6,1,1,0.8571428571428571,0.8571428571428571,0.8571428571428571,0.893688497863042,6,1,1,0.8571428571428571,0.8571428571428571,0.8571428571428571,0.893688497863042,6,1,1,0.8571428571428571,0.8571428571428571,0.8571428571428571,0.893688497863042,6,1,1,0.8571428571428571,0.8571428571428571,0.8571428571428571,0.893688497863042,0.0004277620000721072,0,100.0,0,0,0,0.0,0.0,0.0,0,0,0,0.0,0.0,0.0,0,0,0,0.0,0.0,0.0,0,0,0,0.0,0.0,0.0
COCO,121506,9,9,0,0,7,83,14,83,97,50,0,0,14,0.0176540570000725,0.011194455999884667,0.0,0.011194455999884667,0.011462095000297268,0.029399230999842985,Optimal,0,none,5.434988236570316,0,22,100.0,100.0,100.0,2.0,3,4,6,0.42857142857142855,0.3333333333333333,0.375,0.7181045446797039,3,4,6,0.42857142857142855,0.3333333333333333,0.375,0.7181045446797039,3,4,6,0.42857142857142855,0.3333333333333333,0.375,0.7181045446797039,3,4,6,0.42857142857142855,0.3333333333333333,0.375,0.7181045446797039,0.00024349900013476145,0,100.0,0,0,0,0.0,0.0,0.0,0,0,0,0.0,0.0,0.0,0,0,0,0.0,0.0,0.0,0,0,0,0.0,0.0,0.0
COCO,288042,3,3,0,0,3,11,6,11,17,10,0,0,6,0.016020532999846182,0.007571414000267396,0.0,0.007571414000267396,0.007731889999831765,0.02386105799996585,Optimal,0,none,2.5938087368011478,0,10,100.0,100.0,100.0,2.0,2,1,1,0.6666666666666666,0.6666666666666666,0.6666666666666666,0.7845448846188312,2,1,1,0.6666666666666666,0.6666666666666666,0.6666666666666666,0.7845448846188312,2,1,1,0.6666666666666666,0.6666666666666666,0.6666666666666666,0.7845448846188312,2,1,1,0.6666666666666666,0.6666666666666666,0.6666666666666666,0.7845448846188312,8.613299996795831e-05,0,100.0,0,0,0,0.0,0.0,0.0,0,0,0,0.0,0.0,0.0,0,0,0,0.0,0.0,0.0,0,0,0,0.0,0.0,0.0
COCO,453860,2,2,0,0,4,16,8,16,24,17,0,0,8,0.01346727199961606,0.007256284000050073,0.0,0.007256284000050073,0.0074377029995957855,0.021002087999931973,Optimal,0,none,3.300237430731457,0,13,100.0,100.0,100.0,2.0,1,3,1,0.25,0.5,0.3333333333333333,0.9661193704979427,1,3,1,0.25,0.5,0.3333333333333333,0.9661193704979427,1,3,1,0.25,0.5,0.3333333333333333,0.9661193704979427,1,3,1,0.25,0.5,0.3333333333333333,0.9661193704979427,7.391999997707899e-05,0,100.0,0,0,0,0.0,0.0,0.0,0,0,0,0.0,0.0,0.0,0,0,0,0.0,0.0,0.0,0,0,0,0.0,0.0,0.0
COCO,500257,31,31,0,0,7,78,14,78,92,50,0,0,14,0.01563114200007476,0.009395376999691507,0.0,0.009395376999691507,0.009648551999816846,0.025571907000085048,Optimal,0,none,5.449409801165265,0,22,100.0,100.0,100.0,2.0,5,2,26,0.7142857142857143,0.16129032258064516,0.2631578947368421,0.8847033910318329,5,2,26,0.7142857142857143,0.16129032258064516,0.2631578947368421,0.8847033910318329,5,2,26,0.7142857142857143,0.16129032258064516,0.2631578947368421,0.8847033910318329,5,2,26,0.7142857142857143,0.16129032258064516,0.2631578947368421,0.8847033910318329,0.00025472600009379676,0,100.0,0,0,0,0.0,0.0,0.0,0,0,0,0.0,0.0,0.0,0,0,0,0.0,0.0,0.0,0,0,0,0.0,0.0,0.0
COCO,113403,4,4,0,0,3,10,6,10,16,10,0,0,6,0.01418007399979615,0.006716623999636795,0.0,0.006716623999636795,0.006861365000077058,0.021127361999788263,Optimal,0,none,2.448276998996735,0,10,100.0,100.0,100.0,2.0,3,0,1,1.0,0.75,0.8571428571428571,0.7085657194290721,3,0,1,1.0,0.75,0.8571428571428571,0.7085657194290721,3,0,1,1.0,0.75,0.8571428571428571,0.7085657194290721,3,0,1,1.0,0.75,0.8571428571428571,0.7085657194290721,6.62309998915589e-05,0,100.0,0,0,0,0.0,0.0,0.0,0,0,0,0.0,0.0,0.0,0,0,0,0.0,0.0,0.0,0,0,0,0.0,0.0,0.0
COCO,125062,10,10,0,0,7,76,14,76,90,50,0,0,14,0.01401557799999864,0.009885954999845126,0.0,0.009885954999845126,0.010116149000168662,0.024357325000437413,Optimal,0,none,5.698517105190424,0,22,100.0,100.0,100.0,2.0,6,1,4,0.8571428571428571,0.6,0.7058823529411764,0.749772731848556,6,1,4,0.8571428571428571,0.6,0.7058823529411764,0.749772731848556,6,1,4,0.8571428571428571,0.6,0.7058823529411764,0.749772731848556,6,1,4,0.8571428571428571,0.6,0.7058823529411764,0.749772731848556,0.00019443100018179393,0,100.0,0,0,0,0.0,0.0,0.0,0,0,0,0.0,0.0,0.0,0,0,0,0.0,0.0,0.0,0,0,0,0.0,0.0,0.0
COCO,375015,1,1,0,0,1,0,2,0,2,1,0,0,2,0.01363786899992192,0.006412214999727439,0.0,0.006412214999727439,0.006481175000317307,0.02014948899977753,Optimal,0,none,0.6473310152689615,0,2,100.0,100.0,100.0,2.0,1,0,0,1.0,1.0,1.0,0.9733687616627542,1,0,0,1.0,1.0,1.0,0.9733687616627542,1,0,0,1.0,1.0,1.0,0.9733687616627542,1,0,0,1.0,1.0,1.0,0.9733687616627542,2.2107999939180445e-05,0,100.0,0,0,0,0.0,0.0,0.0,0,0,0,0.0,0.0,0.0,0,0,0,0.0,0.0,0.0,0,0,0,0.0,0.0,0.0
COCO,334719,9,9,0,0,6,54,12,54,66,37,0,0,12,0.013214005999998335,0.00878554599967174,0.0,0.00878554599967174,0.008997216999887314,0.0224046090002048,Optimal,0,none,5.420140023231508,0,19,100.0,100.0,100.0,2.0,6,0,3,1.0,0.6666666666666666,0.8,0.9254134516325113,6,0,3,1.0,0.6666666666666666,0.8,0.9254134516325113,6,0,3,1.0,0.6666666666666666,0.8,0.9254134516325113,6,0,3,1.0,0.6666666666666666,0.8,0.9254134516325113,0.00016611299997748574,0,100.0,0,0,0,0.0,0.0,0.0,0,0,0,0.0,0.0,0.0,0,0,0,0.0,0.0,0.0,0,0,0,0.0,0.0,0.0
COCO,134112,3,3,0,0,3,10,6,10,16,10,0,0,6,0.013901898999847617,0.006840036000085092,0.0,0.006840036000085092,0.006975074999900244,0.02095155100005286,Optimal,0,none,2.6540937897351085,0,10,100.0,100.0,100.0,2.0,3,0,0,1.0,1.0,1.0,0.9669496938836611,3,0,0,1.0,1.0,1.0,0.9669496938836611,3,0,0,1.0,1.0,1.0,0.9669496938836611,3,0,0,1.0,1.0,1.0,0.9669496938836611,5.414499992184574e-05,0,100.0,0,0,0,0.0,0.0,0.0,0,0,0,0.0,0.0,0.0,0,0,0,0.0,0.0,0.0,0,0,0,0.0,0.0,0.0
COCO,283520,4,4,0,0,3,12,6,12,18,10,0,0,6,0.015274983999916003,0.007030968999970355,0.0,0.007030968999970355,0.007173690999934479,0.022528988999965804,Optimal,0,none,2.6030131173133855,0,10,100.0,100.0,100.0,2.0,3,0,1,1.0,0.75,0.8571428571428571,0.7757243562538525,3,0,1,1.0,0.75,0.8571428571428571,0.7757243562538525,3,0,1,1.0,0.75,0.8571428571428571,0.7757243562538525,3,0,1,1.0,0.75,0.8571428571428571,0.7757243562538525,6.012399990140693e-05,0,100.0,0,0,0,0.0,0.0,0.0,0,0,0,0.0,0.0,0.0,0,0,0,0.0,0.0,0.0,0,0,0,0.0,0.0,0.0
COCO,31269,3,3,0,0,3,8,6,8,14,10,0,0,6,0.014429243999984465,0.00660710600004677,0.0,0.00660710600004677,0.0067353340000408934,0.021241744999770162,Optimal,0,none,2.757599000930787,0,10,100.0,100.0,100.0,2.0,3,0,0,1.0,1.0,1.0,0.9480385348789141,3,0,0,1.0,1.0,1.0,0.9480385348789141,3,0,0,1.0,1.0,1.0,0.9480385348789141,3,0,0,1.0,1.0,1.0,0.9480385348789141,5.76980000914773e-05,0,100.0,0,0,0,0.0,0.0,0.0,0,0,0,0.0,0.0,0.0,0,0,0,0.0,0.0,0.0,0,0,0,0.0,0.0,0.0
COCO,319721,4,4,0,0,4,24,8,24,32,17,0,0,8,0.015467448999970657,0.008234573999743589,0.0,0.008234573999743589,0.008415568999680545,0.023997526000130165,Optimal,0,none,3.464929092612628,0,13,100.0,100.0,100.0,2.0,3,1,1,0.75,0.75,0.75,0.8791372285688736,3,1,1,0.75,0.75,0.75,0.8791372285688736,3,1,1,0.75,0.75,0.75,0.8791372285688736,3,1,1,0.75,0.75,0.75,0.8791372285688736,8.992099992610747e-05,0,100.0,0,0,0,0.0,0.0,0.0,0,0,0,0.0,0.0,0.0,0,0,0,0.0,0.0,0.0,0,0,0,0.0,0.0,0.0
COCO,165351,6,6,0,0,0,0,0,0,0,0,0,0,1,0.016146446999755426,0.005952993999926548,0.0,0.005952993999926548,0.005991483999878255,0.022153210999931616,Optimal,0,none,,0,1,100.0,0.0,0.0,0.0,0,0,6,0.0,0.0,0.0,0.0,0,0,6,0.0,0.0,0.0,0.0,0,0,6,0.0,0.0,0.0,0.0,0,0,6,0.0,0.0,0.0,0.0,9.934999980032444e-06,0,100.0,0,0,0,0.0,0.0,0.0,0,0,0,0.0,0.0,0.0,0,0,0,0.0,0.0,0.0,0,0,0,0.0,0.0,0.0
COCO,347265,2,2,0,0,3,10,6,10,16,10,0,0,6,0.01580884699978924,0.006994365000082325,0.0,0.006994365000082325,0.007130312999834132,0.023036281999793573,Optimal,0,none,2.4012710530028687,0,10,100.0,100.0,100.0,2.0,2,1,0,0.6666666666666666,1.0,0.8,0.7293135248154516,2,1,0,0.6666666666666666,1.0,0.8,0.7293135248154516,2,1,0,0.6666666666666666,1.0,0.8,0.7293135248154516,2,1,0,0.6666666666666666,1.0,0.8,0.7293135248154516,5.94729999647825e-05,0,100.0,0,0,0,0.0,0.0,0.0,0,0,0,0.0,0.0,0.0,0,0,0,0.0,0.0,0.0,0,0,0,0.0,0.0,0.0
COCO,414170,7,7,0,0,5,39,10,39,49,26,0,0,10,0.014275000999987242,0.008740649000174017,0.0,0.008740649000174017,0.008922008000354253,0.023335936999956175,Optimal,0,none,4.353546453317008,0,16,100.0,100.0,100.0,2.0,5,0,2,1.0,0.7142857142857143,0.8333333333333333,0.8407176923240819,5,0,2,1.0,0.7142857142857143,0.8333333333333333,0.8407176923240819,5,0,2,1.0,0.7142857142857143,0.8333333333333333,0.8407176923240819,5,0,2,1.0,0.7142857142857143,0.8333333333333333,0.8407176923240819,0.0001135949996751151,0,100.0,0,0,0,0.0,0.0,0.0,0,0,0,0.0,0.0,0.0,0,0,0,0.0,0.0,0.0,0,0,0,0.0,0.0,0.0
COCO,231508,26,26,0,0,13,305,26,305,331,170,0,0,26,0.01509350300011647,0.018248832999688602,0.0,0.018248832999688602,0.018718718999934936,0.03450829000030353,Optimal,0,none,10.347715086035306,0,40,100.0,100.0,100.0,2.0,10,3,16,0.7692307692307693,0.38461538461538464,0.5128205128205128,0.8075357231501343,10,3,16,0.7692307692307693,0.38461538461538464,0.5128205128205128,0.8075357231501343,10,3,16,0.7692307692307693,0.38461538461538464,0.5128205128205128,0.8075357231501343,10,3,16,0.7692307692307693,0.38461538461538464,0.5128205128205128,0.8075357231501343,0.0006440520000978722,0,100.0,0,0,0,0.0,0.0,0.0,0,0,0,0.0,0.0,0.0,0,0,0,0.0,0.0,0.0,0,0,0,0.0,0.0,0.0
COCO,389381,6,6,0,0,8,117,16,117,133,65,0,0,16,0.025986561000081565,0.013753082000221184,0.0,0.013753082000221184,0.014052254000034736,0.040611966000142274,Optimal,0,none,6.399347625573479,0,25,100.0,100.0,100.0,2.0,5,3,1,0.625,0.8333333333333334,0.7142857142857143,0.9122096908810884,5,3,1,0.625,0.8333333333333334,0.7142857142857143,0.9122096908810884,5,3,1,0.625,0.8333333333333334,0.7142857142857143,0.9122096908810884,5,3,1,0.625,0.8333333333333334,0.7142857142857143,0.9122096908810884,0.0005229450002843805,0,100.0,0,0,0,0.0,0.0,0.0,0,0,0,0.0,0.0,0.0,0,0,0,0.0,0.0,0.0,0,0,0,0.0,0.0,0.0
COCO,118921,3,3,0,0,2,2,4,2,6,5,0,0,4,0.015583462999984476,0.006903804000103264,0.0,0.006903804000103264,0.007017029999587976,0.02264893400024448,Optimal,0,none,1.5745042594273886,0,5,100.0,100.0,100.0,2.0,2,0,1,1.0,0.6666666666666666,0.8,0.9614069036944757,2,0,1,1.0,0.6666666666666666,0.8,0.9614069036944757,2,0,1,1.0,0.6666666666666666,0.8,0.9614069036944757,2,0,1,1.0,0.6666666666666666,0.8,0.9614069036944757,3.4470000173314475e-05,0,100.0,0,0,0,0.0,0.0,0.0,0,0,0,0.0,0.0,0.0,0,0,0,0.0,0.0,0.0,0,0,0,0.0,0.0,0.0
COCO,21503,8,8,0,0,2,4,4,4,8,5,0,0,4,0.014161992000026657,0.00685826700009784,0.0,0.00685826700009784,0.006972403999952803,0.02118792700002814,Optimal,0,none,1.2043727548917138,0,5,100.0,100.0,100.0,2.0,0,2,8,0.0,0.0,0.0,0.9739677540679708,0,2,8,0.0,0.0,0.0,0.9739677540679708,0,2,8,0.0,0.0,0.0,0.9739677540679708,0,2,8,0.0,0.0,0.0,0.9739677540679708,3.9882999772089534e-05,0,100.0,0,0,0,0.0,0.0,0.0,0,0,0,0.0,0.0,0.0,0,0,0,0.0,0.0,0.0,0,0,0,0.0,0.0,0.0
COCO,785,2,2,0,0,2,3,4,3,7,5,0,0,4,0.013840712999808602,0.006241180999950302,0.0,0.006241180999950302,0.006338631000289752,0.02022952700008318,Optimal,0,none,1.4314353736241658,0,5,100.0,100.0,100.0,2.0,2,0,0,1.0,1.0,1.0,0.9388114439911143,2,0,0,1.0,1.0,1.0,0.9388114439911143,2,0,0,1.0,1.0,1.0,0.9388114439911143,2,0,0,1.0,1.0,1.0,0.9388114439911143,3.607500002544839e-05,0,100.0,0,0,0,0.0,0.0,0.0,0,0,0,0.0,0.0,0.0,0,0,0,0.0,0.0,0.0,0,0,0,0.0,0.0,0.0
COCO,300842,1,1,0,0,2,2,4,2,6,5,0,0,4,0.013422687999991467,0.006869457999982842,0.0,0.006869457999982842,0.0069793970001228445,0.020451647999834677,Optimal,0,none,1.2467365821202596,0,5,100.0,100.0,100.0,2.0,1,1,0,0.5,1.0,0.6666666666666666,0.6246241769296125,1,1,0,0.5,1.0,0.6666666666666666,0.6246241769296125,1,1,0,0.5,1.0,0.6666666666666666,0.6246241769296125,1,1,0,0.5,1.0,0.6666666666666666,0.6246241769296125,3.483000000414904e-05,0,100.0,0,0,0,0.0,0.0,0.0,0,0,0,0.0,0.0,0.0,0,0,0,0.0,0.0,0.0,0,0,0,0.0,0.0,0.0
COCO,105014,6,6,0,0,5,40,10,40,50,26,0,0,10,0.016076374000022042,0.008518694999565923,0.0,0.008518694999565923,0.00871323699993809,0.024973545000193553,Optimal,0,none,3.9853529446139406,0,16,100.0,100.0,100.0,2.0,3,2,3,0.6,0.5,0.5454545454545454,0.9140180107666487,3,2,3,0.6,0.5,0.5454545454545454,0.9140180107666487,3,2,3,0.6,0.5,0.5454545454545454,0.9140180107666487,3,2,3,0.6,0.5,0.5454545454545454,0.9140180107666487,0.0001531359998807602,0,100.0,0,0,0,0.0,0.0,0.0,0,0,0,0.0,0.0,0.0,0,0,0,0.0,0.0,0.0,0,0,0,0.0,0.0,0.0
COCO,261982,5,5,0,0,4,18,8,18,26,17,0,0,8,0.01398981600004845,0.00785137200000463,0.0,0.00785137200000463,0.00799797799982116,0.02208902999973361,Optimal,0,none,3.325381595293682,0,13,100.0,100.0,100.0,2.0,4,0,1,1.0,0.8,0.888888888888889,0.7870664888990492,4,0,1,1.0,0.8,0.888888888888889,0.7870664888990492,4,0,1,1.0,0.8,0.888888888888889,0.7870664888990492,4,0,1,1.0,0.8,0.888888888888889,0.7870664888990492,7.712599972364842e-05,0,100.0,0,0,0,0.0,0.0,0.0,0,0,0,0.0,0.0,0.0,0,0,0,0.0,0.0,0.0,0,0,0,0.0,0.0,0.0
COCO,34205,3,3,0,0,1,0,2,0,2,1,0,0,2,0.013917365999986941,0.00643132200002583,0.0,0.00643132200002583,0.006501239000044734,0.020448609000141005,Optimal,0,none,0.5027727524439494,0,2,100.0,100.0,100.0,2.0,0,1,3,0.0,0.0,0.0,0.0,0,1,3,0.0,0.0,0.0,0.0,0,1,3,0.0,0.0,0.0,0.0,0,1,3,0.0,0.0,0.0,0.0,2.168099990740302e-05,0,100.0,0,0,0,0.0,0.0,0.0,0,0,0,0.0,0.0,0.0,0,0,0,0.0,0.0,0.0,0,0,0,0.0,0.0,0.0
COCO,99242,2,2,0,0,2,4,4,4,8,5,0,0,4,0.012755854000261024,0.006945616999928461,0.0,0.006945616999928461,0.007054150000385562,0.019868637999934435,Optimal,0,none,1.5333660395940147,0,5,100.0,100.0,100.0,2.0,2,0,0,1.0,1.0,1.0,0.949831384565957,2,0,0,1.0,1.0,1.0,0.949831384565957,2,0,0,1.0,1.0,1.0,0.949831384565957,2,0,0,1.0,1.0,1.0,0.949831384565957,4.34300000051735e-05,0,100.0,0,0,0,0.0,0.0,0.0,0,0,0,0.0,0.0,0.0,0,0,0,0.0,0.0,0.0,0,0,0,0.0,0.0,0.0
COCO,314709,2,2,0,0,2,2,4,2,6,5,0,0,4,0.013251775000298949,0.007053708999592345,0.0,0.007053708999592345,0.007171399000071688,0.020469355000386713,Optimal,0,none,1.5055587323506674,0,5,100.0,100.0,100.0,2.0,2,0,0,1.0,1.0,1.0,0.8746377502706686,2,0,0,1.0,1.0,1.0,0.8746377502706686,2,0,0,1.0,1.0,1.0,0.8746377502706686,2,0,0,1.0,1.0,1.0,0.8746377502706686,3.293899999334826e-05,0,100.0,0,0,0,0.0,0.0,0.0,0,0,0,0.0,0.0,0.0,0,0,0,0.0,0.0,0.0,0,0,0,0.0,0.0,0.0
COCO,460494,9,9,0,0,8,115,16,115,131,65,0,0,16,0.01439463299993804,0.011686563000239403,0.0,0.011686563000239403,0.011979928000073414,0.0267108489997554,Optimal,0,none,6.748327959442735,0,25,100.0,100.0,100.0,2.0,4,4,5,0.5,0.4444444444444444,0.47058823529411764,0.9241129953891677,4,4,5,0.5,0.4444444444444444,0.47058823529411764,0.9241129953891677,4,4,5,0.5,0.4444444444444444,0.47058823529411764,0.9241129953891677,4,4,5,0.5,0.4444444444444444,0.47058823529411764,0.9241129953891677,0.0002977139997710765,0,100.0,0,0,0,0.0,0.0,0.0,0,0,0,0.0,0.0,0.0,0,0,0,0.0,0.0,0.0,0,0,0,0.0,0.0,0.0
COCO,339442,3,3,0,0,2,4,4,4,8,5,0,0,4,0.05548504799980947,0.006873413999983313,0.0,0.006873413999983313,0.006989830999827973,0.06253414100001464,Optimal,0,none,1.4258181126912435,0,5,100.0,100.0,100.0,2.0,2,0,1,1.0,0.6666666666666666,0.8,0.877672459733198,2,0,1,1.0,0.6666666666666666,0.8,0.877672459733198,2,0,1,1.0,0.6666666666666666,0.8,0.877672459733198,2,0,1,1.0,0.6666666666666666,0.8,0.877672459733198,4.3757999719673535e-05,0,100.0,0,0,0,0.0,0.0,0.0,0,0,0,0.0,0.0,0.0,0,0,0,0.0,0.0,0.0,0,0,0,0.0,0.0,0.0
COCO,541055,11,11,0,0,6,49,12,49,61,37,0,0,12,0.015928165999866906,0.009113751999848319,0.0,0.009113751999848319,0.009316732000115735,0.025419459999739047,Optimal,0,none,5.313911931514741,0,19,100.0,100.0,100.0,2.0,5,1,6,0.8333333333333334,0.45454545454545453,0.5882352941176471,0.8017291553517246,5,1,6,0.8333333333333334,0.45454545454545453,0.5882352941176471,0.8017291553517246,5,1,6,0.8333333333333334,0.45454545454545453,0.5882352941176471,0.8017291553517246,5,1,6,0.8333333333333334,0.45454545454545453,0.5882352941176471,0.8017291553517246,0.00014438999960475485,0,100.0,0,0,0,0.0,0.0,0.0,0,0,0,0.0,0.0,0.0,0,0,0,0.0,0.0,0.0,0,0,0,0.0,0.0,0.0
COCO,409475,2,2,0,0,2,2,4,2,6,5,0,0,4,0.015130885999951715,0.006414970000150788,0.0,0.006414970000150788,0.006520702000216261,0.021703237000110676,Optimal,0,none,1.5488450892766314,0,5,100.0,100.0,100.0,2.0,2,0,0,1.0,1.0,1.0,0.9648421775265601,2,0,0,1.0,1.0,1.0,0.9648421775265601,2,0,0,1.0,1.0,1.0,0.9648421775265601,2,0,0,1.0,1.0,1.0,0.9648421775265601,3.689200002554571e-05,0,100.0,0,0,0,0.0,0.0,0.0,0,0,0,0.0,0.0,0.0,0,0,0,0.0,0.0,0.0,0,0,0,0.0,0.0,0.0
COCO,464786,2,2,0,0,3,10,6,10,16,10,0,0,6,0.013226698999915243,0.006970076000015979,0.0,0.006970076000015979,0.007106483999905322,0.020411722000062582,Optimal,0,none,2.3684870223561396,0,10,100.0,100.0,100.0,2.0,2,1,0,0.6666666666666666,1.0,0.8,0.7201163091241565,2,1,0,0.6666666666666666,1.0,0.8,0.7201163091241565,2,1,0,0.6666666666666666,1.0,0.8,0.7201163091241565,2,1,0,0.6666666666666666,1.0,0.8,0.7201163091241565,5.745899989051395e-05,0,100.0,0,0,0,0.0,0.0,0.0,0,0,0,0.0,0.0,0.0,0,0,0,0.0,0.0,0.0,0,0,0,0.0,0.0,0.0
COCO,378605,4,4,0,0,2,4,4,4,8,5,0,0,4,0.013690040999790654,0.008039576000101079,0.0,0.008039576000101079,0.008188190000055329,0.021951727999748982,Optimal,0,none,1.61087344010671,0,5,100.0,100.0,100.0,2.0,2,0,2,1.0,0.5,0.6666666666666666,0.9233028275409204,2,0,2,1.0,0.5,0.6666666666666666,0.9233028275409204,2,0,2,1.0,0.5,0.6666666666666666,0.9233028275409204,2,0,2,1.0,0.5,0.6666666666666666,0.9233028275409204,5.730099974243785e-05,0,100.0,0,0,0,0.0,0.0,0.0,0,0,0,0.0,0.0,0.0,0,0,0,0.0,0.0,0.0,0,0,0,0.0,0.0,0.0
COCO,331817,17,17,0,0,10,175,20,175,195,101,0,0,20,0.017891636999593175,0.01666118399998595,0.0,0.01666118399998595,0.0171429890001491,0.03556906699986939,Optimal,0,none,8.268385901186024,0,31,100.0,100.0,100.0,2.0,7,3,10,0.7,0.4117647058823529,0.5185185185185185,0.8689029725122198,7,3,10,0.7,0.4117647058823529,0.5185185185185185,0.8689029725122198,7,3,10,0.7,0.4117647058823529,0.5185185185185185,0.8689029725122198,7,3,10,0.7,0.4117647058823529,0.5185185185185185,0.8689029725122198,0.0004851240000789403,0,100.0,0,0,0,0.0,0.0,0.0,0,0,0,0.0,0.0,0.0,0,0,0,0.0,0.0,0.0,0,0,0,0.0,0.0,0.0
COCO,218091,7,7,0,0,4,24,8,24,32,17,0,0,8,0.014621227999668918,0.007464237000021967,0.0,0.007464237000021967,0.007622342000104254,0.02239700499967512,Optimal,0,none,3.195138832728069,0,13,100.0,100.0,100.0,2.0,3,1,4,0.75,0.42857142857142855,0.5454545454545454,0.8603688495772271,3,1,4,0.75,0.42857142857142855,0.5454545454545454,0.8603688495772271,3,1,4,0.75,0.42857142857142855,0.5454545454545454,0.8603688495772271,3,1,4,0.75,0.42857142857142855,0.5454545454545454,0.8603688495772271,9.536000015941681e-05,0,100.0,0,0,0,0.0,0.0,0.0,0,0,0,0.0,0.0,0.0,0,0,0,0.0,0.0,0.0,0,0,0,0.0,0.0,0.0
COCO,578545,4,4,0,0,3,9,6,9,15,9,0,0,6,0.015657705000194255,0.007393390000288491,0.0,0.007393390000288491,0.00753224499976568,0.023270267000043532,Optimal,0,none,2.2166099095344545,0,9,100.0,100.0,100.0,2.0,2,1,2,0.6666666666666666,0.5,0.5714285714285715,0.9147801576368565,2,1,2,0.6666666666666666,0.5,0.5714285714285715,0.9147801576368565,2,1,2,0.6666666666666666,0.5,0.5714285714285715,0.9147801576368565,2,1,2,0.6666666666666666,0.5,0.5714285714285715,0.9147801576368565,5.977199998596916e-05,0,100.0,0,0,0,0.0,0.0,0.0,0,0,0,0.0,0.0,0.0,0,0,0,0.0,0.0,0.0,0,0,0,0.0,0.0,0.0
COCO,363207,14,14,0,0,11,207,22,207,229,122,0,0,22,0.015366305000043212,0.01471790300001885,0.0,0.01471790300001885,0.015115014000002702,0.031040776000281767,Optimal,0,none,8.854531272252403,0,34,100.0,100.0,100.0,2.0,8,3,6,0.7272727272727273,0.5714285714285714,0.64,0.804688324670919,8,3,6,0.7272727272727273,0.5714285714285714,0.64,0.804688324670919,8,3,6,0.7272727272727273,0.5714285714285714,0.64,0.804688324670919,8,3,6,0.7272727272727273,0.5714285714285714,0.64,0.804688324670919,0.0005142600002727704,0,100.0,0,0,0,0.0,0.0,0.0,0,0,0,0.0,0.0,0.0,0,0,0,0.0,0.0,0.0,0,0,0,0.0,0.0,0.0
COCO,372577,3,3,0,0,3,12,6,12,18,10,0,0,6,0.01561304899996685,0.007451026000126149,0.0,0.007451026000126149,0.007588123000004998,0.023287797999728355,Optimal,0,none,2.772107763290406,0,10,100.0,100.0,100.0,2.0,3,0,0,1.0,1.0,1.0,0.9097529512798928,3,0,0,1.0,1.0,1.0,0.9097529512798928,3,0,0,1.0,1.0,1.0,0.9097529512798928,3,0,0,1.0,1.0,1.0,0.9097529512798928,6.496100013464456e-05,0,100.0,0,0,0,0.0,0.0,0.0,0,0,0,0.0,0.0,0.0,0,0,0,0.0,0.0,0.0,0,0,0,0.0,0.0,0.0
COCO,212166,1,1,0,0,3,8,6,8,14,10,0,0,6,0.01725988199996209,0.006701229000100284,0.0,0.006701229000100284,0.006828029000189417,0.02415801699999065,Optimal,0,none,2.51949030984309,0,10,100.0,100.0,100.0,2.0,1,2,0,0.3333333333333333,1.0,0.5,0.9495531440125748,1,2,0,0.3333333333333333,1.0,0.5,0.9495531440125748,1,2,0,0.3333333333333333,1.0,0.5,0.9495531440125748,1,2,0,0.3333333333333333,1.0,0.5,0.9495531440125748,4.961700005878811e-05,0,100.0,0,0,0,0.0,0.0,0.0,0,0,0,0.0,0.0,0.0,0,0,0,0.0,0.0,0.0,0,0,0,0.0,0.0,0.0
COCO,172571,8,8,0,0,10,171,20,171,191,101,0,0,20,0.016334227999777795,0.014243893000184471,0.0,0.014243893000184471,0.014621206999891001,0.031480937999731395,Optimal,0,none,8.025326320116775,0,31,100.0,100.0,100.0,2.0,4,6,4,0.4,0.5,0.4444444444444445,0.8191420774494611,4,6,4,0.4,0.5,0.4444444444444445,0.8191420774494611,4,6,4,0.4,0.5,0.4444444444444445,0.8191420774494611,4,6,4,0.4,0.5,0.4444444444444445,0.8191420774494611,0.00045876800004407414,0,100.0,0,0,0,0.0,0.0,0.0,0,0,0,0.0,0.0,0.0,0,0,0,0.0,0.0,0.0,0,0,0,0.0,0.0,0.0
COCO,294831,5,5,0,0,5,39,10,39,49,26,0,0,10,0.0131134330003988,0.008327615999860427,0.0,0.008327615999860427,0.008517986000242672,0.0217722990000766,Optimal,0,none,4.140927814362831,0,16,100.0,100.0,100.0,2.0,4,1,1,0.8,0.8,0.8000000000000002,0.9224557852448582,4,1,1,0.8,0.8,0.8000000000000002,0.9224557852448582,4,1,1,0.8,0.8,0.8000000000000002,0.9224557852448582,4,1,1,0.8,0.8,0.8000000000000002,0.9224557852448582,0.00011626700006672763,0,100.0,0,0,0,0.0,0.0,0.0,0,0,0,0.0,0.0,0.0,0,0,0,0.0,0.0,0.0,0,0,0,0.0,0.0,0.0
COCO,84431,2,2,0,0,3,9,6,9,15,10,0,0,6,0.055446262000259594,0.007881299000018771,0.0,0.007881299000018771,0.008013921999918239,0.06354391500008205,Optimal,0,none,2.717042925022662,0,10,100.0,100.0,100.0,2.0,2,1,0,0.6666666666666666,1.0,0.8,0.9625921249870519,2,1,0,0.6666666666666666,1.0,0.8,0.9625921249870519,2,1,0,0.6666666666666666,1.0,0.8,0.9625921249870519,2,1,0,0.6666666666666666,1.0,0.8,0.9625921249870519,6.138399976407527e-05,0,100.0,0,0,0,0.0,0.0,0.0,0,0,0,0.0,0.0,0.0,0,0,0,0.0,0.0,0.0,0,0,0,0.0,0.0,0.0
COCO,323355,3,3,0,0,4,24,8,24,32,17,0,0,8,0.015735747999769956,0.007633890999841242,0.0,0.007633890999841242,0.007807303999925352,0.023670443999890267,Optimal,0,none,3.32408888022105,0,13,100.0,100.0,100.0,2.0,3,1,0,0.75,1.0,0.8571428571428571,0.8733983511998388,3,1,0,0.75,1.0,0.8571428571428571,0.8733983511998388,3,1,0,0.75,1.0,0.8571428571428571,0.8733983511998388,3,1,0,0.75,1.0,0.8571428571428571,0.8733983511998388,0.00010397000005468726,0,100.0,0,0,0,0.0,0.0,0.0,0,0,0,0.0,0.0,0.0,0,0,0,0.0,0.0,0.0,0,0,0,0.0,0.0,0.0
COCO,355325,11,11,0,0,6,50,12,50,62,37,0,0,12,0.014410088999738946,0.008864308999818604,0.0,0.008864308999818604,0.009074177999991662,0.023664735999773256,Optimal,0,none,5.202150576972225,0,19,100.0,100.0,100.0,2.0,6,0,5,1.0,0.5454545454545454,0.7058823529411764,0.850286302101436,6,0,5,1.0,0.5454545454545454,0.7058823529411764,0.850286302101436,6,0,5,1.0,0.5454545454545454,0.7058823529411764,0.850286302101436,6,0,5,1.0,0.5454545454545454,0.7058823529411764,0.850286302101436,0.00014796799996474874,0,100.0,0,0,0,0.0,0.0,0.0,0,0,0,0.0,0.0,0.0,0,0,0,0.0,0.0,0.0,0,0,0,0.0,0.0,0.0
COCO,100582,3,3,0,0,1,0,2,0,2,1,0,0,2,0.015153746999658324,0.006517316000099527,0.0,0.006517316000099527,0.00658746399994925,0.0217686229998435,Optimal,0,none,0.6329883495966593,0,2,100.0,100.0,100.0,2.0,1,0,2,1.0,0.3333333333333333,0.5,0.9753228332700247,1,0,2,1.0,0.3333333333333333,0.5,0.9753228332700247,1,0,2,1.0,0.3333333333333333,0.5,0.9753228332700247,1,0,2,1.0,0.3333333333333333,0.5,0.9753228332700247,2.0073000086995307e-05,0,100.0,0,0,0,0.0,0.0,0.0,0,0,0,0.0,0.0,0.0,0,0,0,0.0,0.0,0.0,0,0,0,0.0,0.0,0.0
COCO,555412,1,1,0,0,1,0,2,0,2,1,0,0,2,0.013930034999702912,0.006249927999760985,0.0,0.006249927999760985,0.006321629000012763,0.02028356199980408,Optimal,0,none,0.5891117493311564,0,2,100.0,100.0,100.0,2.0,1,0,0,1.0,1.0,1.0,0.9902382416618826,1,0,0,1.0,1.0,1.0,0.9902382416618826,1,0,0,1.0,1.0,1.0,0.9902382416618826,1,0,0,1.0,1.0,1.0,0.9902382416618826,2.3272000362339895e-05,0,100.0,0,0,0,0.0,0.0,0.0,0,0,0,0.0,0.0,0.0,0,0,0,0.0,0.0,0.0,0,0,0,0.0,0.0,0.0
COCO,4495,3,3,0,0,3,12,6,12,18,10,0,0,6,0.014505362999898352,0.007194669999989856,0.0,0.007194669999989856,0.007323674000417668,0.02190647399993395,Optimal,0,none,2.7774795150756844,0,10,100.0,100.0,100.0,2.0,3,0,0,1.0,1.0,1.0,0.971326657339338,3,0,0,1.0,1.0,1.0,0.971326657339338,3,0,0,1.0,1.0,1.0,0.971326657339338,3,0,0,1.0,1.0,1.0,0.971326657339338,5.8758000250236364e-05,0,100.0,0,0,0,0.0,0.0,0.0,0,0,0,0.0,0.0,0.0,0,0,0,0.0,0.0,0.0,0,0,0,0.0,0.0,0.0
COCO,9483,6,6,0,0,7,76,14,76,90,50,0,0,14,0.014618034999784868,0.009975856999972166,0.0,0.009975856999972166,0.010275622999870393,0.02516968200006886,Optimal,0,none,5.9575637690226255,0,22,100.0,100.0,100.0,2.0,4,3,2,0.5714285714285714,0.6666666666666666,0.6153846153846153,0.9271515675043239,4,3,2,0.5714285714285714,0.6666666666666666,0.6153846153846153,0.9271515675043239,4,3,2,0.5714285714285714,0.6666666666666666,0.6153846153846153,0.9271515675043239,4,3,2,0.5714285714285714,0.6666666666666666,0.6153846153846153,0.9271515675043239,0.00023903499959487817,0,100.0,0,0,0,0.0,0.0,0.0,0,0,0,0.0,0.0,0.0,0,0,0,0.0,0.0,0.0,0,0,0,0.0,0.0,0.0
COCO,326082,17,17,0,0,8,107,16,107,123,65,0,0,16,0.015079042999786907,0.011661263999940275,0.0,0.011661263999940275,0.011974561999977595,0.027435837999746582,Optimal,0,none,6.779224394285761,0,25,100.0,100.0,100.0,2.0,5,3,12,0.625,0.29411764705882354,0.4,0.8709069137313326,5,3,12,0.625,0.29411764705882354,0.4,0.8709069137313326,5,3,12,0.625,0.29411764705882354,0.4,0.8709069137313326,5,3,12,0.625,0.29411764705882354,0.4,0.8709069137313326,0.0002978870002152689,0,100.0,0,0,0,0.0,0.0,0.0,0,0,0,0.0,0.0,0.0,0,0,0,0.0,0.0,0.0,0,0,0,0.0,0.0,0.0
COCO,398237,5,5,0,0,4,20,8,20,28,17,0,0,8,0.01600125899994964,0.0072582750003675756,0.0,0.0072582750003675756,0.007415337000111322,0.023532875000000786,Optimal,0,none,3.2092069355646777,0,13,100.0,100.0,100.0,2.0,1,3,4,0.25,0.2,0.22222222222222224,0.9407520496306323,1,3,4,0.25,0.2,0.22222222222222224,0.9407520496306323,1,3,4,0.25,0.2,0.22222222222222224,0.9407520496306323,1,3,4,0.25,0.2,0.22222222222222224,0.9407520496306323,9.333899970442872e-05,0,100.0,0,0,0,0.0,0.0,0.0,0,0,0,0.0,0.0,0.0,0,0,0,0.0,0.0,0.0,0,0,0,0.0,0.0,0.0
COCO,507223,9,9,0,0,7,74,14,74,88,50,0,0,14,0.015254958999776136,0.011201644000266242,0.0,0.011201644000266242,0.011426120000123774,0.026961451999795827,Optimal,0,none,5.863958329359693,0,22,100.0,100.0,100.0,2.0,6,1,3,0.8571428571428571,0.6666666666666666,0.75,0.8383738314803787,6,1,3,0.8571428571428571,0.6666666666666666,0.75,0.8383738314803787,6,1,3,0.8571428571428571,0.6666666666666666,0.75,0.8383738314803787,6,1,3,0.8571428571428571,0.6666666666666666,0.75,0.8383738314803787,0.00019180800018148148,0,100.0,0,0,0,0.0,0.0,0.0,0,0,0,0.0,0.0,0.0,0,0,0,0.0,0.0,0.0,0,0,0,0.0,0.0,0.0
COCO,31050,1,1,0,0,3,10,6,10,16,10,0,0,6,0.015492979999635281,0.007130145999781234,0.0,0.007130145999781234,0.00725970600024084,0.022832852999727038,Optimal,0,none,2.2199258518218996,0,10,100.0,100.0,100.0,2.0,1,2,0,0.3333333333333333,1.0,0.5,0.8223771871650155,1,2,0,0.3333333333333333,1.0,0.5,0.8223771871650155,1,2,0,0.3333333333333333,1.0,0.5,0.8223771871650155,1,2,0,0.3333333333333333,1.0,0.5,0.8223771871650155,6.060900022930582e-05,0,100.0,0,0,0,0.0,0.0,0.0,0,0,0,0.0,0.0,0.0,0,0,0,0.0,0.0,0.0,0,0,0,0.0,0.0,0.0
COCO,239537,3,3,0,0,3,12,6,12,18,10,0,0,6,0.01591209299976981,0.007301433000066027,0.0,0.007301433000066027,0.0074465090001467615,0.023456972999611025,Optimal,0,none,2.7690569829940803,0,10,100.0,100.0,100.0,2.0,3,0,0,1.0,1.0,1.0,0.9293884688037761,3,0,0,1.0,1.0,1.0,0.9293884688037761,3,0,0,1.0,1.0,1.0,0.9293884688037761,3,0,0,1.0,1.0,1.0,0.9293884688037761,7.634000030520838e-05,0,100.0,0,0,0,0.0,0.0,0.0,0,0,0,0.0,0.0,0.0,0,0,0,0.0,0.0,0.0,0,0,0,0.0,0.0,0.0
COCO,340930,2,2,0,0,4,27,8,27,35,17,0,0,8,0.014322901000014099,0.0084660080001413,0.0,0.0084660080001413,0.008643338000183576,0.023085495000032097,Optimal,0,none,2.830129021072039,0,13,100.0,100.0,100.0,2.0,1,3,1,0.25,0.5,0.3333333333333333,0.9709569431307559,1,3,1,0.25,0.5,0.3333333333333333,0.9709569431307559,1,3,1,0.25,0.5,0.3333333333333333,0.9709569431307559,1,3,1,0.25,0.5,0.3333333333333333,0.9709569431307559,9.626000019125058e-05,0,100.0,0,0,0,0.0,0.0,0.0,0,0,0,0.0,0.0,0.0,0,0,0,0.0,0.0,0.0,0,0,0,0.0,0.0,0.0
COCO,11813,2,2,0,0,0,0,0,0,0,0,0,0,1,0.01208730899998045,0.005233068000052299,0.0,0.005233068000052299,0.005269387999760511,0.017371003999869572,Optimal,0,none,,0,1,100.0,0.0,0.0,0.0,0,0,2,0.0,0.0,0.0,0.0,0,0,2,0.0,0.0,0.0,0.0,0,0,2,0.0,0.0,0.0,0.0,0,0,2,0.0,0.0,0.0,0.0,9.309999768447597e-06,0,100.0,0,0,0,0.0,0.0,0.0,0,0,0,0.0,0.0,0.0,0,0,0,0.0,0.0,0.0,0,0,0,0.0,0.0,0.0
COCO,281414,3,3,0,0,2,5,4,5,9,5,0,0,4,0.014326420999623224,0.007730440000159433,0.0,0.007730440000159433,0.0078368340000452,0.02221992799968575,Optimal,0,none,1.4827946933110558,0,5,100.0,100.0,100.0,2.0,2,0,1,1.0,0.6666666666666666,0.8,0.7146498504646874,2,0,1,1.0,0.6666666666666666,0.8,0.7146498504646874,2,0,1,1.0,0.6666666666666666,0.8,0.7146498504646874,2,0,1,1.0,0.6666666666666666,0.8,0.7146498504646874,4.26500000685337e-05,0,100.0,0,0,0,0.0,0.0,0.0,0,0,0,0.0,0.0,0.0,0,0,0,0.0,0.0,0.0,0,0,0,0.0,0.0,0.0
COCO,537991,7,7,0,0,6,60,12,60,72,37,0,0,12,0.014517378000164172,0.008695396999883087,0.0,0.008695396999883087,0.008894639000118332,0.023620435999873735,Optimal,0,none,5.216246588230135,0,19,100.0,100.0,100.0,2.0,5,1,2,0.8333333333333334,0.7142857142857143,0.7692307692307692,0.8368452238771,5,1,2,0.8333333333333334,0.7142857142857143,0.7692307692307692,0.8368452238771,5,1,2,0.8333333333333334,0.7142857142857143,0.7692307692307692,0.8368452238771,5,1,2,0.8333333333333334,0.7142857142857143,0.7692307692307692,0.8368452238771,0.00017644499985181028,0,100.0,0,0,0,0.0,0.0,0.0,0,0,0,0.0,0.0,0.0,0,0,0,0.0,0.0,0.0,0,0,0,0.0,0.0,0.0
COCO,284282,1,1,0,0,1,0,2,0,2,1,0,0,2,0.013564090999807377,0.006279537999944296,0.0,0.006279537999944296,0.0063463330002377916,0.01993759700008013,Optimal,0,none,0.5388722817103069,0,2,100.0,100.0,100.0,2.0,0,1,1,0.0,0.0,0.0,0.0,0,1,1,0.0,0.0,0.0,0.0,0,1,1,0.0,0.0,0.0,0.0,0,1,1,0.0,0.0,0.0,0.0,1.977300007638405e-05,0,100.0,0,0,0,0.0,0.0,0.0,0,0,0,0.0,0.0,0.0,0,0,0,0.0,0.0,0.0,0,0,0,0.0,0.0,0.0
COCO,321333,3,3,0,0,3,10,6,10,16,10,0,0,6,0.014438694000091346,0.006776501000331336,0.0,0.006776501000331336,0.0069037439998282935,0.021422605000225303,Optimal,0,none,2.4210903239250183,0,10,100.0,100.0,100.0,2.0,3,0,0,1.0,1.0,1.0,0.7391343798694344,3,0,0,1.0,1.0,1.0,0.7391343798694344,3,0,0,1.0,1.0,1.0,0.7391343798694344,3,0,0,1.0,1.0,1.0,0.7391343798694344,5.832799979543779e-05,0,100.0,0,0,0,0.0,0.0,0.0,0,0,0,0.0,0.0,0.0,0,0,0,0.0,0.0,0.0,0,0,0,0.0,0.0,0.0
COCO,521282,1,1,0,0,1,0,2,0,2,1,0,0,2,0.015156313999796112,0.00674736299970391,0.0,0.00674736299970391,0.006822360999649391,0.022010741000030976,Optimal,0,none,0.6139049688975016,0,2,100.0,100.0,100.0,2.0,1,0,0,1.0,1.0,1.0,0.9352123608465425,1,0,0,1.0,1.0,1.0,0.9352123608465425,1,0,0,1.0,1.0,1.0,0.9352123608465425,1,0,0,1.0,1.0,1.0,0.9352123608465425,2.3363999844150385e-05,0,100.0,0,0,0,0.0,0.0,0.0,0,0,0,0.0,0.0,0.0,0,0,0,0.0,0.0,0.0,0,0,0,0.0,0.0,0.0
COCO,108026,3,3,0,0,3,12,6,12,18,10,0,0,6,0.014147922999654838,0.007540239000263682,0.0,0.007540239000263682,0.007734544999948412,0.02196838800000478,Optimal,0,none,2.333230709241781,0,10,100.0,100.0,100.0,2.0,2,1,1,0.6666666666666666,0.6666666666666666,0.6666666666666666,0.9760917511879516,2,1,1,0.6666666666666666,0.6666666666666666,0.6666666666666666,0.9760917511879516,2,1,1,0.6666666666666666,0.6666666666666666,0.6666666666666666,0.9760917511879516,2,1,1,0.6666666666666666,0.6666666666666666,0.6666666666666666,0.9760917511879516,6.414199970095069e-05,0,100.0,0,0,0,0.0,0.0,0.0,0,0,0,0.0,0.0,0.0,0,0,0,0.0,0.0,0.0,0,0,0,0.0,0.0,0.0
COCO,243204,4,4,0,0,1,0,2,0,2,1,0,0,2,0.013655268000093201,0.006174044999625039,0.0,0.006174044999625039,0.006242112000109046,0.019925458000216167,Optimal,0,none,0.528244177500407,0,2,100.0,100.0,100.0,2.0,1,0,3,1.0,0.25,0.4,0.5759383109687994,1,0,3,1.0,0.25,0.4,0.5759383109687994,1,0,3,1.0,0.25,0.4,0.5759383109687994,1,0,3,1.0,0.25,0.4,0.5759383109687994,2.0806000065931585e-05,0,100.0,0,0,0,0.0,0.0,0.0,0,0,0,0.0,0.0,0.0,0,0,0,0.0,0.0,0.0,0,0,0,0.0,0.0,0.0
COCO,177935,13,13,0,0,3,14,6,14,20,10,0,0,6,0.014578287999938766,0.007520479000049818,0.0,0.007520479000049818,0.007655412000076467,0.02232779499991011,Optimal,0,none,2.355235514640809,0,10,100.0,100.0,100.0,2.0,2,1,11,0.6666666666666666,0.15384615384615385,0.25,0.7666417897667601,2,1,11,0.6666666666666666,0.15384615384615385,0.25,0.7666417897667601,2,1,11,0.6666666666666666,0.15384615384615385,0.25,0.7666417897667601,2,1,11,0.6666666666666666,0.15384615384615385,0.25,0.7666417897667601,7.264000032591866e-05,0,100.0,0,0,0,0.0,0.0,0.0,0,0,0,0.0,0.0,0.0,0,0,0,0.0,0.0,0.0,0,0,0,0.0,0.0,0.0
COCO,38829,12,12,0,0,9,121,18,121,139,82,0,0,18,0.015463702000033663,0.011301304999960848,0.0,0.011301304999960848,0.011575379000078101,0.027364162000139913,Optimal,0,none,7.929462592601778,0,28,100.0,100.0,100.0,2.0,8,1,4,0.8888888888888888,0.6666666666666666,0.761904761904762,0.8345108026770066,8,1,4,0.8888888888888888,0.6666666666666666,0.761904761904762,0.8345108026770066,8,1,4,0.8888888888888888,0.6666666666666666,0.761904761904762,0.8345108026770066,8,1,4,0.8888888888888888,0.6666666666666666,0.761904761904762,0.8345108026770066,0.0002878589998545067,0,100.0,0,0,0,0.0,0.0,0.0,0,0,0,0.0,0.0,0.0,0,0,0,0.0,0.0,0.0,0,0,0,0.0,0.0,0.0
COCO,397327,2,2,0,0,2,4,4,4,8,5,0,0,4,0.01325889300005656,0.007024333000117622,0.0,0.007024333000117622,0.007143863999772293,0.020460366000406793,Optimal,0,none,1.4808430941899617,0,5,100.0,100.0,100.0,2.0,2,0,0,1.0,1.0,1.0,0.9013225225519692,2,0,0,1.0,1.0,1.0,0.9013225225519692,2,0,0,1.0,1.0,1.0,0.9013225225519692,2,0,0,1.0,1.0,1.0,0.9013225225519692,4.252500002621673e-05,0,100.0,0,0,0,0.0,0.0,0.0,0,0,0,0.0,0.0,0.0,0,0,0,0.0,0.0,0.0,0,0,0,0.0,0.0,0.0
COCO,501523,5,5,0,0,5,39,10,39,49,26,0,0,10,0.015278007000233629,0.009275627000079112,0.0,0.009275627000079112,0.009486890000061976,0.024930334000146104,Optimal,0,none,4.121529794534048,0,16,100.0,100.0,100.0,2.0,3,2,2,0.6,0.6,0.6,0.870832287083839,3,2,2,0.6,0.6,0.6,0.870832287083839,3,2,2,0.6,0.6,0.6,0.870832287083839,3,2,2,0.6,0.6,0.6,0.870832287083839,0.00013221999961388065,0,100.0,0,0,0,0.0,0.0,0.0,0,0,0,0.0,0.0,0.0,0,0,0,0.0,0.0,0.0,0,0,0,0.0,0.0,0.0
COCO,555050,18,18,0,0,10,175,20,175,195,101,0,0,20,0.015714172999651055,0.013149734000307944,0.0,0.013149734000307944,0.013502565999715443,0.02964978699992571,Optimal,0,none,8.357137347402904,0,31,100.0,100.0,100.0,2.0,6,4,12,0.6,0.3333333333333333,0.42857142857142855,0.7921844215907472,6,4,12,0.6,0.3333333333333333,0.42857142857142855,0.7921844215907472,6,4,12,0.6,0.3333333333333333,0.42857142857142855,0.7921844215907472,6,4,12,0.6,0.3333333333333333,0.42857142857142855,0.7921844215907472,0.00039096900036383886,0,100.0,0,0,0,0.0,0.0,0.0,0,0,0,0.0,0.0,0.0,0,0,0,0.0,0.0,0.0,0,0,0,0.0,0.0,0.0
COCO,376442,2,2,0,0,1,0,2,0,2,1,0,0,2,0.013811128999805078,0.006333597999855556,0.0,0.006333597999855556,0.006404393000138953,0.02024446399991575,Optimal,0,none,0.5885992924372355,0,2,100.0,100.0,100.0,2.0,1,0,1,1.0,0.5,0.6666666666666666,0.8722026700887596,1,0,1,1.0,0.5,0.6666666666666666,0.8722026700887596,1,0,1,1.0,0.5,0.6666666666666666,0.8722026700887596,1,0,1,1.0,0.5,0.6666666666666666,0.8722026700887596,2.10160001188342e-05,0,100.0,0,0,0,0.0,0.0,0.0,0,0,0,0.0,0.0,0.0,0,0,0,0.0,0.0,0.0,0,0,0,0.0,0.0,0.0
COCO,187243,3,3,0,0,2,4,4,4,8,5,0,0,4,0.013805843999762146,0.007132980999813299,0.0,0.007132980999813299,0.007240593999995326,0.021105740999701084,Optimal,0,none,1.5882376941045129,0,5,100.0,100.0,100.0,2.0,2,0,1,1.0,0.6666666666666666,0.8,0.9085969368180431,2,0,1,1.0,0.6666666666666666,0.8,0.9085969368180431,2,0,1,1.0,0.6666666666666666,0.8,0.9085969368180431,2,0,1,1.0,0.6666666666666666,0.8,0.9085969368180431,4.3774000005214475e-05,0,100.0,0,0,0,0.0,0.0,0.0,0,0,0,0.0,0.0,0.0,0,0,0,0.0,0.0,0.0,0,0,0,0.0,0.0,0.0
COCO,356347,3,3,0,0,1,0,2,0,2,1,0,0,2,0.014775420999740163,0.007404221999877336,0.0,0.007404221999877336,0.007478783000351541,0.022287685999799578,Optimal,0,none,0.48212229410807295,0,2,100.0,100.0,100.0,2.0,1,0,2,1.0,0.3333333333333333,0.5,0.7523007569186192,1,0,2,1.0,0.3333333333333333,0.5,0.7523007569186192,1,0,2,1.0,0.3333333333333333,0.5,0.7523007569186192,1,0,2,1.0,0.3333333333333333,0.5,0.7523007569186192,2.416300003460492e-05,0,100.0,0,0,0,0.0,0.0,0.0,0,0,0,0.0,0.0,0.0,0,0,0,0.0,0.0,0.0,0,0,0,0.0,0.0,0.0
COCO,293044,4,4,0,0,3,12,6,12,18,10,0,0,6,0.01205816700030482,0.006750400999862904,0.0,0.006750400999862904,0.006875948000015342,0.0190114239999275,Optimal,0,none,2.413514540195466,0,10,100.0,100.0,100.0,2.0,1,2,3,0.3333333333333333,0.25,0.28571428571428575,0.8496573051499077,1,2,3,0.3333333333333333,0.25,0.28571428571428575,0.8496573051499077,1,2,3,0.3333333333333333,0.25,0.28571428571428575,0.8496573051499077,1,2,3,0.3333333333333333,0.25,0.28571428571428575,0.8496573051499077,5.859099974259152e-05,0,100.0,0,0,0,0.0,0.0,0.0,0,0,0,0.0,0.0,0.0,0,0,0,0.0,0.0,0.0,0,0,0,0.0,0.0,0.0
COCO,560279,2,2,0,0,3,14,6,14,20,10,0,0,6,0.01659817399968233,0.0069551699998555705,0.0,0.0069551699998555705,0.007090409999818803,0.023776771999564517,Optimal,0,none,2.468518674373627,0,10,100.0,100.0,100.0,2.0,1,2,1,0.3333333333333333,0.5,0.4,0.850186984151144,1,2,1,0.3333333333333333,0.5,0.4,0.850186984151144,1,2,1,0.3333333333333333,0.5,0.4,0.850186984151144,1,2,1,0.3333333333333333,0.5,0.4,0.850186984151144,6.703100007143803e-05,0,100.0,0,0,0,0.0,0.0,0.0,0,0,0,0.0,0.0,0.0,0,0,0,0.0,0.0,0.0,0,0,0,0.0,0.0,0.0
COCO,42276,2,2,0,0,1,0,2,0,2,1,0,0,2,0.014753079999991314,0.0060918799999853945,0.0,0.0060918799999853945,0.0061720109997622785,0.020956355999715015,Optimal,0,none,0.6345086018244426,0,2,100.0,100.0,100.0,2.0,1,0,1,1.0,0.5,0.6666666666666666,0.9476919389631566,1,0,1,1.0,0.5,0.6666666666666666,0.9476919389631566,1,0,1,1.0,0.5,0.6666666666666666,0.9476919389631566,1,0,1,1.0,0.5,0.6666666666666666,0.9476919389631566,2.261300005557132e-05,0,100.0,0,0,0,0.0,0.0,0.0,0,0,0,0.0,0.0,0.0,0,0,0,0.0,0.0,0.0,0,0,0,0.0,0.0,0.0
COCO,534827,10,10,0,0,8,81,16,81,97,65,0,0,16,0.016937849999976606,0.010234894000404893,0.0,0.010234894000404893,0.010489227999642026,0.027699849999862636,Optimal,0,none,6.555357950528465,0,25,100.0,100.0,100.0,2.0,6,2,4,0.75,0.6,0.6666666666666665,0.8370812200739354,6,2,4,0.75,0.6,0.6666666666666665,0.8370812200739354,6,2,4,0.75,0.6,0.6666666666666665,0.8370812200739354,6,2,4,0.75,0.6,0.6666666666666665,0.8370812200739354,0.0002354870002818643,0,100.0,0,0,0,0.0,0.0,0.0,0,0,0,0.0,0.0,0.0,0,0,0,0.0,0.0,0.0,0,0,0,0.0,0.0,0.0
COCO,190756,2,2,0,0,2,3,4,3,7,5,0,0,4,0.014446950999627006,0.006660403999831033,0.0,0.006660403999831033,0.006769109999822831,0.021271701999921788,Optimal,0,none,1.5421497853597006,0,5,100.0,100.0,100.0,2.0,2,0,0,1.0,1.0,1.0,0.9656006896621732,2,0,0,1.0,1.0,1.0,0.9656006896621732,2,0,0,1.0,1.0,1.0,0.9656006896621732,2,0,0,1.0,1.0,1.0,0.9656006896621732,3.994600001533399e-05,0,100.0,0,0,0,0.0,0.0,0.0,0,0,0,0.0,0.0,0.0,0,0,0,0.0,0.0,0.0,0,0,0,0.0,0.0,0.0
COCO,482917,5,5,0,0,4,23,8,23,31,17,0,0,8,0.013100803999805066,0.00787659200022972,0.0,0.00787659200022972,0.008058998999786127,0.02128652500005046,Optimal,0,none,3.3321185366312673,0,13,100.0,100.0,100.0,2.0,1,3,4,0.25,0.2,0.22222222222222224,0.8798177063475012,1,3,4,0.25,0.2,0.22222222222222224,0.8798177063475012,1,3,4,0.25,0.2,0.22222222222222224,0.8798177063475012,1,3,4,0.25,0.2,0.22222222222222224,0.8798177063475012,0.00010294300000168732,0,100.0,0,0,0,0.0,0.0,0.0,0,0,0,0.0,0.0,0.0,0,0,0,0.0,0.0,0.0,0,0,0,0.0,0.0,0.0
COCO,300659,7,7,0,0,7,83,14,83,97,50,0,0,14,0.014676839000003383,0.010205028999735077,0.0,0.010205028999735077,0.010443598000165366,0.025355659000069863,Optimal,0,none,6.489902683526269,0,22,100.0,100.0,100.0,2.0,7,0,0,1.0,1.0,1.0,0.9330553422827632,7,0,0,1.0,1.0,1.0,0.9330553422827632,7,0,0,1.0,1.0,1.0,0.9330553422827632,7,0,0,1.0,1.0,1.0,0.9330553422827632,0.00020343800042610383,0,100.0,0,0,0,0.0,0.0,0.0,0,0,0,0.0,0.0,0.0,0,0,0,0.0,0.0,0.0,0,0,0,0.0,0.0,0.0
COCO,199977,1,1,0,0,1,0,2,0,2,1,0,0,2,0.014224345999991783,0.007300816000224586,0.0,0.007300816000224586,0.007374817999789229,0.021646592999786662,Optimal,0,none,0.5919734636942546,0,2,100.0,100.0,100.0,2.0,1,0,0,1.0,1.0,1.0,0.906019268830601,1,0,0,1.0,1.0,1.0,0.906019268830601,1,0,0,1.0,1.0,1.0,0.906019268830601,1,0,0,1.0,1.0,1.0,0.906019268830601,3.873700006806757e-05,0,100.0,0,0,0,0.0,0.0,0.0,0,0,0,0.0,0.0,0.0,0,0,0,0.0,0.0,0.0,0,0,0,0.0,0.0,0.0
COCO,442480,4,4,0,0,2,4,4,4,8,5,0,0,4,0.014520285000344302,0.006701126999814733,0.0,0.006701126999814733,0.006800785999985237,0.021391812000274513,Optimal,0,none,1.1449789555867513,0,5,100.0,100.0,100.0,2.0,2,0,2,1.0,0.5,0.6666666666666666,0.7615744520837746,2,0,2,1.0,0.5,0.6666666666666666,0.7615744520837746,2,0,2,1.0,0.5,0.6666666666666666,0.7615744520837746,2,0,2,1.0,0.5,0.6666666666666666,0.7615744520837746,5.5857000006653834e-05,0,100.0,0,0,0,0.0,0.0,0.0,0,0,0,0.0,0.0,0.0,0,0,0,0.0,0.0,0.0,0,0,0,0.0,0.0,0.0
COCO,384350,2,2,0,0,3,12,6,12,18,10,0,0,6,0.014990303999638854,0.008731693000299856,0.0,0.008731693000299856,0.008860760000061418,0.023930951999773242,Optimal,0,none,2.376871116161347,0,10,100.0,100.0,100.0,2.0,2,1,0,0.6666666666666666,1.0,0.8,0.7029141418425526,2,1,0,0.6666666666666666,1.0,0.8,0.7029141418425526,2,1,0,0.6666666666666666,1.0,0.8,0.7029141418425526,2,1,0,0.6666666666666666,1.0,0.8,0.7029141418425526,6.0650000250461744e-05,0,100.0,0,0,0,0.0,0.0,0.0,0,0,0,0.0,0.0,0.0,0,0,0,0.0,0.0,0.0,0,0,0,0.0,0.0,0.0
COCO,383621,1,1,0,0,1,0,2,0,2,1,0,0,2,0.01318095800024821,0.006836656000359653,0.0,0.006836656000359653,0.0069231990000844235,0.02013341100018806,Optimal,0,none,0.6118761936823527,0,2,100.0,100.0,100.0,2.0,1,0,0,1.0,1.0,1.0,0.959737782603842,1,0,0,1.0,1.0,1.0,0.959737782603842,1,0,0,1.0,1.0,1.0,0.959737782603842,1,0,0,1.0,1.0,1.0,0.959737782603842,2.129600034095347e-05,0,100.0,0,0,0,0.0,0.0,0.0,0,0,0,0.0,0.0,0.0,0,0,0,0.0,0.0,0.0,0,0,0,0.0,0.0,0.0
COCO,189828,1,1,0,0,1,0,2,0,2,1,0,0,2,0.015752822999729688,0.006438142000206426,0.0,0.006438142000206426,0.006518874999983382,0.022302197000044544,Optimal,0,none,0.56853875319163,0,2,100.0,100.0,100.0,2.0,1,0,0,1.0,1.0,1.0,0.954096068324599,1,0,0,1.0,1.0,1.0,0.954096068324599,1,0,0,1.0,1.0,1.0,0.954096068324599,1,0,0,1.0,1.0,1.0,0.954096068324599,2.2572000034415396e-05,0,100.0,0,0,0,0.0,0.0,0.0,0,0,0,0.0,0.0,0.0,0,0,0,0.0,0.0,0.0,0,0,0,0.0,0.0,0.0
COCO,412894,20,20,0,0,14,339,28,339,367,197,0,0,28,0.016121969999858266,0.019628042000022106,0.0,0.019628042000022106,0.02011176299993167,0.03705117999970753,Optimal,0,none,11.830044812109088,0,43,100.0,100.0,100.0,2.0,10,4,10,0.7142857142857143,0.5,0.588235294117647,0.8451901754369707,10,4,10,0.7142857142857143,0.5,0.588235294117647,0.8451901754369707,10,4,10,0.7142857142857143,0.5,0.588235294117647,0.8451901754369707,10,4,10,0.7142857142857143,0.5,0.588235294117647,0.8451901754369707,0.0007574350001959829,0,100.0,0,0,0,0.0,0.0,0.0,0,0,0,0.0,0.0,0.0,0,0,0,0.0,0.0,0.0,0,0,0,0.0,0.0,0.0
COCO,537153,3,3,0,0,1,0,2,0,2,1,0,0,2,0.013322487000095862,0.006366987000092195,0.0,0.006366987000092195,0.006437693000407307,0.019815617999938695,Optimal,0,none,0.48606926600138345,0,2,100.0,100.0,100.0,2.0,1,0,2,1.0,0.3333333333333333,0.5,0.6674573483461398,1,0,2,1.0,0.3333333333333333,0.5,0.6674573483461398,1,0,2,1.0,0.3333333333333333,0.5,0.6674573483461398,1,0,2,1.0,0.3333333333333333,0.5,0.6674573483461398,3.664799987745937e-05,0,100.0,0,0,0,0.0,0.0,0.0,0,0,0,0.0,0.0,0.0,0,0,0,0.0,0.0,0.0,0,0,0,0.0,0.0,0.0
COCO,361103,27,27,0,0,18,577,36,577,613,325,0,0,36,0.017503693999969983,0.02891169499980606,0.0,0.02891169499980606,0.029718878000039695,0.04850987300005727,Optimal,0,none,14.893393815139904,0,55,100.0,100.0,100.0,2.0,14,4,13,0.7777777777777778,0.5185185185185185,0.6222222222222222,0.8013939814934831,14,4,13,0.7777777777777778,0.5185185185185185,0.6222222222222222,0.8013939814934831,14,4,13,0.7777777777777778,0.5185185185185185,0.6222222222222222,0.8013939814934831,14,4,13,0.7777777777777778,0.5185185185185185,0.6222222222222222,0.8013939814934831,0.0011802989997704572,0,100.0,0,0,0,0.0,0.0,0.0,0,0,0,0.0,0.0,0.0,0,0,0,0.0,0.0,0.0,0,0,0,0.0,0.0,0.0
COCO,392722,15,15,0,0,11,199,22,199,221,122,0,0,22,0.01596149700026217,0.015294851000362542,0.0,0.015294851000362542,0.015695875999881537,0.032334183000330086,Optimal,0,none,9.36400282700857,0,34,100.0,100.0,100.0,2.0,10,1,5,0.9090909090909091,0.6666666666666666,0.7692307692307692,0.870452043526609,10,1,5,0.9090909090909091,0.6666666666666666,0.7692307692307692,0.870452043526609,10,1,5,0.9090909090909091,0.6666666666666666,0.7692307692307692,0.870452043526609,10,1,5,0.9090909090909091,0.6666666666666666,0.7692307692307692,0.870452043526609,0.0005592640000031679,0,100.0,0,0,0,0.0,0.0,0.0,0,0,0,0.0,0.0,0.0,0,0,0,0.0,0.0,0.0,0,0,0,0.0,0.0,0.0
COCO,338560,12,12,0,0,7,76,14,76,90,50,0,0,14,0.016975356999864744,0.010778050000226358,0.0,0.010778050000226358,0.011005619000115985,0.02820973000007143,Optimal,0,none,5.989969313434653,0,22,100.0,100.0,100.0,2.0,6,1,6,0.8571428571428571,0.5,0.631578947368421,0.8967999603750051,6,1,6,0.8571428571428571,0.5,0.631578947368421,0.8967999603750051,6,1,6,0.8571428571428571,0.5,0.631578947368421,0.8967999603750051,6,1,6,0.8571428571428571,0.5,0.631578947368421,0.8967999603750051,0.00019701900009749806,0,100.0,0,0,0,0.0,0.0,0.0,0,0,0,0.0,0.0,0.0,0,0,0,0.0,0.0,0.0,0,0,0,0.0,0.0,0.0
COCO,264535,5,5,0,0,3,12,6,12,18,10,0,0,6,0.018903328999840596,0.007176913999956014,0.0,0.007176913999956014,0.0073216470000261324,0.02630531999966479,Optimal,0,none,2.783860502243043,0,10,100.0,100.0,100.0,2.0,3,0,2,1.0,0.6,0.7499999999999999,0.8456928256938929,3,0,2,1.0,0.6,0.7499999999999999,0.8456928256938929,3,0,2,1.0,0.6,0.7499999999999999,0.8456928256938929,3,0,2,1.0,0.6,0.7499999999999999,0.8456928256938929,5.977599994366756e-05,0,100.0,0,0,0,0.0,0.0,0.0,0,0,0,0.0,0.0,0.0,0,0,0,0.0,0.0,0.0,0,0,0,0.0,0.0,0.0
COCO,295231,7,7,0,0,8,106,16,106,122,65,0,0,16,0.022142116999930295,0.01747932900025262,0.0,0.01747932900025262,0.017943414000001212,0.040503073999843764,Optimal,0,none,6.429612266146581,0,25,100.0,100.0,100.0,2.0,7,1,0,0.875,1.0,0.9333333333333333,0.8057929456487629,7,1,0,0.875,1.0,0.9333333333333333,0.8057929456487629,7,1,0,0.875,1.0,0.9333333333333333,0.8057929456487629,7,1,0,0.875,1.0,0.9333333333333333,0.8057929456487629,0.0003723999998328509,0,100.0,0,0,0,0.0,0.0,0.0,0,0,0,0.0,0.0,0.0,0,0,0,0.0,0.0,0.0,0,0,0,0.0,0.0,0.0
COCO,154947,1,1,0,0,1,0,2,0,2,1,0,0,2,0.016244911999820033,0.006811712999933661,0.0,0.006811712999933661,0.00688277500012191,0.02315754499977629,Optimal,0,none,0.6338650385538738,0,2,100.0,100.0,100.0,2.0,1,0,0,1.0,1.0,1.0,0.9573888654076245,1,0,0,1.0,1.0,1.0,0.9573888654076245,1,0,0,1.0,1.0,1.0,0.9573888654076245,1,0,0,1.0,1.0,1.0,0.9573888654076245,2.1730999833380338e-05,0,100.0,0,0,0,0.0,0.0,0.0,0,0,0,0.0,0.0,0.0,0,0,0,0.0,0.0,0.0,0,0,0,0.0,0.0,0.0
COCO,212559,10,10,0,0,8,107,16,107,123,65,0,0,16,0.01783574099999896,0.011334034000356041,0.0,0.011334034000356041,0.011594715999763139,0.029747938999662438,Optimal,0,none,7.31109883102946,0,25,100.0,100.0,100.0,2.0,8,0,2,1.0,0.8,0.888888888888889,0.9219433329514695,8,0,2,1.0,0.8,0.888888888888889,0.9219433329514695,8,0,2,1.0,0.8,0.888888888888889,0.9219433329514695,8,0,2,1.0,0.8,0.888888888888889,0.9219433329514695,0.00028158899976915563,0,100.0,0,0,0,0.0,0.0,0.0,0,0,0,0.0,0.0,0.0,0,0,0,0.0,0.0,0.0,0,0,0,0.0,0.0,0.0
COCO,458755,6,6,0,0,4,19,8,19,27,17,0,0,8,0.016261862999726873,0.007621633999860933,0.0,0.007621633999860933,0.007766069999888714,0.024130902999786485,Optimal,0,none,3.2947586862246205,0,13,100.0,100.0,100.0,2.0,3,1,3,0.75,0.5,0.6,0.7228997762852023,3,1,3,0.75,0.5,0.6,0.7228997762852023,3,1,3,0.75,0.5,0.6,0.7228997762852023,3,1,3,0.75,0.5,0.6,0.7228997762852023,8.024999988265336e-05,0,100.0,0,0,0,0.0,0.0,0.0,0,0,0,0.0,0.0,0.0,0,0,0,0.0,0.0,0.0,0,0,0,0.0,0.0,0.0
COCO,104782,1,1,0,0,1,0,2,0,2,1,0,0,2,0.014351580000038666,0.006989590999637585,0.0,0.006989590999637585,0.007067028999699687,0.02145211700008076,Optimal,0,none,0.5914383808771769,0,2,100.0,100.0,100.0,2.0,1,0,0,1.0,1.0,1.0,0.9155935193633817,1,0,0,1.0,1.0,1.0,0.9155935193633817,1,0,0,1.0,1.0,1.0,0.9155935193633817,1,0,0,1.0,1.0,1.0,0.9155935193633817,2.433300005577621e-05,0,100.0,0,0,0,0.0,0.0,0.0,0,0,0,0.0,0.0,0.0,0,0,0,0.0,0.0,0.0,0,0,0,0.0,0.0,0.0
COCO,315257,1,1,0,0,2,2,4,2,6,5,0,0,4,0.017236989000139147,0.006963334999909421,0.0,0.006963334999909421,0.0070659230000273965,0.024355399000342004,Optimal,0,none,1.381516316731771,0,5,100.0,100.0,100.0,2.0,1,1,0,0.5,1.0,0.6666666666666666,0.8913505017895305,1,1,0,0.5,1.0,0.6666666666666666,0.8913505017895305,1,1,0,0.5,1.0,0.6666666666666666,0.8913505017895305,1,1,0,0.5,1.0,0.6666666666666666,0.8913505017895305,3.7615000110235997e-05,0,100.0,0,0,0,0.0,0.0,0.0,0,0,0,0.0,0.0,0.0,0,0,0,0.0,0.0,0.0,0,0,0,0.0,0.0,0.0
COCO,130599,1,1,0,0,3,10,6,10,16,10,0,0,6,0.016271025000150985,0.006863659999908123,0.0,0.006863659999908123,0.007030868000128976,0.0233778510000775,Optimal,0,none,2.4428619217872622,0,10,100.0,100.0,100.0,2.0,1,2,0,0.3333333333333333,1.0,0.5,0.9767217599743299,1,2,0,0.3333333333333333,1.0,0.5,0.9767217599743299,1,2,0,0.3333333333333333,1.0,0.5,0.9767217599743299,1,2,0,0.3333333333333333,1.0,0.5,0.9767217599743299,5.654599999616039e-05,0,100.0,0,0,0,0.0,0.0,0.0,0,0,0,0.0,0.0,0.0,0,0,0,0.0,0.0,0.0,0,0,0,0.0,0.0,0.0
COCO,227187,11,11,0,0,4,25,8,25,33,17,0,0,8,0.015072265000071638,0.0073280270003124315,0.0,0.0073280270003124315,0.00747214900002291,0.02266793500029962,Optimal,0,none,3.1628965584437063,0,13,100.0,100.0,100.0,2.0,2,2,9,0.5,0.18181818181818182,0.26666666666666666,0.8859978381347082,2,2,9,0.5,0.18181818181818182,0.26666666666666666,0.8859978381347082,2,2,9,0.5,0.18181818181818182,0.26666666666666666,0.8859978381347082,2,2,9,0.5,0.18181818181818182,0.26666666666666666,0.8859978381347082,0.00010140799986402271,0,100.0,0,0,0,0.0,0.0,0.0,0,0,0,0.0,0.0,0.0,0,0,0,0.0,0.0,0.0,0,0,0,0.0,0.0,0.0
COCO,151662,2,2,0,0,2,4,4,4,8,5,0,0,4,0.013669130999915069,0.006644534999850293,0.0,0.006644534999850293,0.006743859999915003,0.020506442000169045,Optimal,0,none,1.3257102761550579,0,5,100.0,100.0,100.0,2.0,1,1,1,0.5,0.5,0.5,0.8553972986216068,1,1,1,0.5,0.5,0.5,0.8553972986216068,1,1,1,0.5,0.5,0.5,0.8553972986216068,1,1,1,0.5,0.5,0.5,0.8553972986216068,7.675599999856786e-05,0,100.0,0,0,0,0.0,0.0,0.0,0,0,0,0.0,0.0,0.0,0,0,0,0.0,0.0,0.0,0,0,0,0.0,0.0,0.0
COCO,461275,0,0,0,0,0,0,0,0,0,0,0,0,1,0.013737890999891533,0.0059050009999737085,0.0,0.0059050009999737085,0.005941542000073241,0.01969369500011453,Optimal,0,none,,0,1,100.0,0.0,0.0,0.0,0,0,0,0.0,0.0,0.0,0.0,0,0,0,0.0,0.0,0.0,0.0,0,0,0,0.0,0.0,0.0,0.0,0,0,0,0.0,0.0,0.0,0.0,8.833000265440205e-06,0,100.0,0,0,0,0.0,0.0,0.0,0,0,0,0.0,0.0,0.0,0,0,0,0.0,0.0,0.0,0,0,0,0.0,0.0,0.0
COCO,523811,1,1,0,0,2,4,4,4,8,5,0,0,4,0.014011268000103883,0.006752449000032357,0.0,0.006752449000032357,0.006852663999779907,0.020923319999837986,Optimal,0,none,1.4433604033788048,0,5,100.0,100.0,100.0,2.0,1,1,0,0.5,1.0,0.6666666666666666,0.9388730819667033,1,1,0,0.5,1.0,0.6666666666666666,0.9388730819667033,1,1,0,0.5,1.0,0.6666666666666666,0.9388730819667033,1,1,0,0.5,1.0,0.6666666666666666,0.9388730819667033,4.3336999624443706e-05,0,100.0,0,0,0,0.0,0.0,0.0,0,0,0,0.0,0.0,0.0,0,0,0,0.0,0.0,0.0,0,0,0,0.0,0.0,0.0
COCO,456559,2,2,0,0,1,0,2,0,2,1,0,0,2,0.012869440000031318,0.006218347999947582,0.0,0.006218347999947582,0.00628166800015606,0.019178143999852182,Optimal,0,none,0.620830504099528,0,2,100.0,100.0,100.0,2.0,1,0,1,1.0,0.5,0.6666666666666666,0.9928997269596213,1,0,1,1.0,0.5,0.6666666666666666,0.9928997269596213,1,0,1,1.0,0.5,0.6666666666666666,0.9928997269596213,1,0,1,1.0,0.5,0.6666666666666666,0.9928997269596213,1.9653999970614677e-05,0,100.0,0,0,0,0.0,0.0,0.0,0,0,0,0.0,0.0,0.0,0,0,0,0.0,0.0,0.0,0,0,0,0.0,0.0,0.0
COCO,101068,2,2,0,0,4,26,8,26,34,17,0,0,8,0.015264460000253166,0.008379798000078154,0.0,0.008379798000078154,0.008545782000055624,0.023955997000030038,Optimal,0,none,3.2073234764734915,0,13,100.0,100.0,100.0,2.0,2,2,0,0.5,1.0,0.6666666666666666,0.9739245447219691,2,2,0,0.5,1.0,0.6666666666666666,0.9739245447219691,2,2,0,0.5,1.0,0.6666666666666666,0.9739245447219691,2,2,0,0.5,1.0,0.6666666666666666,0.9739245447219691,0.00011983400008830358,0,100.0,0,0,0,0.0,0.0,0.0,0,0,0,0.0,0.0,0.0,0,0,0,0.0,0.0,0.0,0,0,0,0.0,0.0,0.0
COCO,140640,11,11,0,0,6,54,12,54,66,37,0,0,12,0.013686550999864266,0.00902614699998594,0.0,0.00902614699998594,0.009239626000180579,0.02314743399983854,Optimal,0,none,5.291047430461592,0,19,100.0,100.0,100.0,2.0,6,0,5,1.0,0.5454545454545454,0.7058823529411764,0.8211760837061045,6,0,5,1.0,0.5454545454545454,0.7058823529411764,0.8211760837061045,6,0,5,1.0,0.5454545454545454,0.7058823529411764,0.8211760837061045,6,0,5,1.0,0.5454545454545454,0.7058823529411764,0.8211760837061045,0.00019032199998036958,0,100.0,0,0,0,0.0,0.0,0.0,0,0,0,0.0,0.0,0.0,0,0,0,0.0,0.0,0.0,0,0,0,0.0,0.0,0.0
COCO,516708,1,1,0,0,1,0,2,0,2,1,0,0,2,0.016325498999776755,0.006766791999780253,0.0,0.006766791999780253,0.006835410000348929,0.0231915949998438,Optimal,0,none,0.5697134653727214,0,2,100.0,100.0,100.0,2.0,1,0,0,1.0,1.0,1.0,0.9373437313083126,1,0,0,1.0,1.0,1.0,0.9373437313083126,1,0,0,1.0,1.0,1.0,0.9373437313083126,1,0,0,1.0,1.0,1.0,0.9373437313083126,2.2708999949827557e-05,0,100.0,0,0,0,0.0,0.0,0.0,0,0,0,0.0,0.0,0.0,0,0,0,0.0,0.0,0.0,0,0,0,0.0,0.0,0.0
COCO,544605,1,1,0,0,0,0,0,0,0,0,0,0,1,0.012461872000130825,0.005612480999843683,0.0,0.005612480999843683,0.005662831999870832,0.018140146999940043,Optimal,0,none,,0,1,100.0,0.0,0.0,0.0,0,0,1,0.0,0.0,0.0,0.0,0,0,1,0.0,0.0,0.0,0.0,0,0,1,0.0,0.0,0.0,0.0,0,0,1,0.0,0.0,0.0,0.0,9.944999874278437e-06,0,100.0,0,0,0,0.0,0.0,0.0,0,0,0,0.0,0.0,0.0,0,0,0,0.0,0.0,0.0,0,0,0,0.0,0.0,0.0
COCO,385190,5,5,0,0,4,24,8,24,32,17,0,0,8,0.013515662999907363,0.008243279999987863,0.0,0.008243279999987863,0.008397577999858186,0.02202666599987424,Optimal,0,none,3.1116028277079275,0,13,100.0,100.0,100.0,2.0,2,2,3,0.5,0.4,0.4444444444444445,0.6815374104688454,2,2,3,0.5,0.4,0.4444444444444445,0.6815374104688454,2,2,3,0.5,0.4,0.4444444444444445,0.6815374104688454,2,2,3,0.5,0.4,0.4444444444444445,0.6815374104688454,8.962199990492081e-05,0,100.0,0,0,0,0.0,0.0,0.0,0,0,0,0.0,0.0,0.0,0,0,0,0.0,0.0,0.0,0,0,0,0.0,0.0,0.0
COCO,338986,4,4,0,0,3,10,6,10,16,10,0,0,6,0.016192195999792602,0.008239780999701907,0.0,0.008239780999701907,0.008423637999840139,0.024750261999997747,Optimal,0,none,2.3430193257331853,0,10,100.0,100.0,100.0,2.0,3,0,1,1.0,0.75,0.8571428571428571,0.8661425386053104,3,0,1,1.0,0.75,0.8571428571428571,0.8661425386053104,3,0,1,1.0,0.75,0.8571428571428571,0.8661425386053104,3,0,1,1.0,0.75,0.8571428571428571,0.8661425386053104,0.00010197200026595965,0,100.0,0,0,0,0.0,0.0,0.0,0,0,0,0.0,0.0,0.0,0,0,0,0.0,0.0,0.0,0,0,0,0.0,0.0,0.0
COCO,53994,4,4,0,0,2,4,4,4,8,5,0,0,4,0.01547323500017228,0.00700694899978771,0.0,0.00700694899978771,0.007124618000034388,0.022657545000129176,Optimal,0,none,1.4142155798276268,0,5,100.0,100.0,100.0,2.0,2,0,2,1.0,0.5,0.6666666666666666,0.6886766597182591,2,0,2,1.0,0.5,0.6666666666666666,0.6886766597182591,2,0,2,1.0,0.5,0.6666666666666666,0.6886766597182591,2,0,2,1.0,0.5,0.6666666666666666,0.6886766597182591,4.383199984658859e-05,0,100.0,0,0,0,0.0,0.0,0.0,0,0,0,0.0,0.0,0.0,0,0,0,0.0,0.0,0.0,0,0,0,0.0,0.0,0.0
COCO,61171,7,7,0,0,4,20,8,20,28,17,0,0,8,0.01725173300019378,0.00771873100029552,0.0,0.00771873100029552,0.007873120000112976,0.02524422800024695,Optimal,0,none,3.1100407568613697,0,13,100.0,100.0,100.0,2.0,2,2,5,0.5,0.2857142857142857,0.36363636363636365,0.9133102383944613,2,2,5,0.5,0.2857142857142857,0.36363636363636365,0.9133102383944613,2,2,5,0.5,0.2857142857142857,0.36363636363636365,0.9133102383944613,2,2,5,0.5,0.2857142857142857,0.36363636363636365,0.9133102383944613,9.379099992656847e-05,0,100.0,0,0,0,0.0,0.0,0.0,0,0,0,0.0,0.0,0.0,0,0,0,0.0,0.0,0.0,0,0,0,0.0,0.0,0.0
COCO,314034,26,26,0,0,16,415,32,415,447,257,0,0,32,0.0175058180002452,0.024881509999886475,0.0,0.024881509999886475,0.02551781400006803,0.044170084000143106,Optimal,0,none,13.069696878574291,0,49,100.0,100.0,100.0,2.0,14,2,12,0.875,0.5384615384615384,0.6666666666666667,0.8451227153287657,14,2,12,0.875,0.5384615384615384,0.6666666666666667,0.8451227153287657,14,2,12,0.875,0.5384615384615384,0.6666666666666667,0.8451227153287657,14,2,12,0.875,0.5384615384615384,0.6666666666666667,0.8451227153287657,0.001015227000152663,0,100.0,0,0,0,0.0,0.0,0.0,0,0,0,0.0,0.0,0.0,0,0,0,0.0,0.0,0.0,0,0,0,0.0,0.0,0.0
COCO,291490,2,2,0,0,2,4,4,4,8,5,0,0,4,0.01404991700019309,0.006508492000193655,0.0,0.006508492000193655,0.0066308260002188035,0.020731597000121837,Optimal,0,none,1.3668089040120441,0,5,100.0,100.0,100.0,2.0,2,0,0,1.0,1.0,1.0,0.9520920739969121,2,0,0,1.0,1.0,1.0,0.9520920739969121,2,0,0,1.0,1.0,1.0,0.9520920739969121,2,0,0,1.0,1.0,1.0,0.9520920739969121,3.741000000445638e-05,0,100.0,0,0,0,0.0,0.0,0.0,0,0,0,0.0,0.0,0.0,0,0,0,0.0,0.0,0.0,0,0,0,0.0,0.0,0.0
COCO,152740,15,15,0,0,18,587,36,587,623,325,0,0,36,0.0189252239997586,0.029828089000147884,0.0,0.029828089000147884,0.030644672000107676,0.051023338999584666,Optimal,0,none,14.829388851034258,0,55,100.0,100.0,100.0,2.0,13,5,2,0.7222222222222222,0.8666666666666667,0.7878787878787877,0.8934041850437908,13,5,2,0.7222222222222222,0.8666666666666667,0.7878787878787877,0.8934041850437908,13,5,2,0.7222222222222222,0.8666666666666667,0.7878787878787877,0.8934041850437908,13,5,2,0.7222222222222222,0.8666666666666667,0.7878787878787877,0.8934041850437908,0.0013643420002154016,0,100.0,0,0,0,0.0,0.0,0.0,0,0,0,0.0,0.0,0.0,0,0,0,0.0,0.0,0.0,0,0,0,0.0,0.0,0.0
COCO,24919,2,2,0,0,3,10,6,10,16,10,0,0,6,0.015387154000109149,0.007358279000072798,0.0,0.007358279000072798,0.00752868200015655,0.022998802000074647,Optimal,0,none,2.4726280999183654,0,10,100.0,100.0,100.0,2.0,2,1,0,0.6666666666666666,1.0,0.8,0.817789973409625,2,1,0,0.6666666666666666,1.0,0.8,0.817789973409625,2,1,0,0.6666666666666666,1.0,0.8,0.817789973409625,2,1,0,0.6666666666666666,1.0,0.8,0.817789973409625,6.103000032453565e-05,0,100.0,0,0,0,0.0,0.0,0.0,0,0,0,0.0,0.0,0.0,0,0,0,0.0,0.0,0.0,0,0,0,0.0,0.0,0.0
COCO,79837,8,8,0,0,6,50,12,50,62,37,0,0,12,0.01549859299984746,0.010431742999571725,0.0,0.010431742999571725,0.01064717200006271,0.026331904000016948,Optimal,0,none,4.447584612369539,0,19,100.0,100.0,100.0,2.0,3,3,5,0.5,0.375,0.42857142857142855,0.7948764565169627,3,3,5,0.5,0.375,0.42857142857142855,0.7948764565169627,3,3,5,0.5,0.375,0.42857142857142855,0.7948764565169627,3,3,5,0.5,0.375,0.42857142857142855,0.7948764565169627,0.00013916299985794467,0,100.0,0,0,0,0.0,0.0,0.0,0,0,0,0.0,0.0,0.0,0,0,0,0.0,0.0,0.0,0,0,0,0.0,0.0,0.0
COCO,21903,3,3,0,0,3,10,6,10,16,10,0,0,6,0.015122173000236216,0.00674156699960804,0.0,0.00674156699960804,0.006864411000151449,0.02206197199984672,Optimal,0,none,2.703339571952821,0,10,100.0,100.0,100.0,2.0,3,0,0,1.0,1.0,1.0,0.9374358062118082,3,0,0,1.0,1.0,1.0,0.9374358062118082,3,0,0,1.0,1.0,1.0,0.9374358062118082,3,0,0,1.0,1.0,1.0,0.9374358062118082,5.527799976334791e-05,0,100.0,0,0,0,0.0,0.0,0.0,0,0,0,0.0,0.0,0.0,0,0,0,0.0,0.0,0.0,0,0,0,0.0,0.0,0.0
COCO,564133,8,8,0,0,7,48,14,48,62,50,0,0,14,0.017767572000138898,0.009071861999927933,0.0,0.009071861999927933,0.009312522000072931,0.027292905000194878,Optimal,0,none,5.367093565730017,0,22,100.0,100.0,100.0,2.0,6,1,2,0.8571428571428571,0.75,0.7999999999999999,0.7694253703289595,6,1,2,0.8571428571428571,0.75,0.7999999999999999,0.7694253703289595,6,1,2,0.8571428571428571,0.75,0.7999999999999999,0.7694253703289595,6,1,2,0.8571428571428571,0.75,0.7999999999999999,0.7694253703289595,0.0001749220000419882,0,100.0,0,0,0,0.0,0.0,0.0,0,0,0,0.0,0.0,0.0,0,0,0,0.0,0.0,0.0,0,0,0,0.0,0.0,0.0
COCO,337055,2,2,0,0,2,4,4,4,8,5,0,0,4,0.013337974000023678,0.00634936899996319,0.0,0.00634936899996319,0.006447571000080643,0.019837153000025864,Optimal,0,none,1.3899355443318688,0,5,100.0,100.0,100.0,2.0,2,0,0,1.0,1.0,1.0,0.961586854787534,2,0,0,1.0,1.0,1.0,0.961586854787534,2,0,0,1.0,1.0,1.0,0.961586854787534,2,0,0,1.0,1.0,1.0,0.961586854787534,3.766800000448711e-05,0,100.0,0,0,0,0.0,0.0,0.0,0,0,0,0.0,0.0,0.0,0,0,0,0.0,0.0,0.0,0,0,0,0.0,0.0,0.0
COCO,110638,3,3,0,0,3,10,6,10,16,10,0,0,6,0.01490063699975508,0.007479570000214153,0.0,0.007479570000214153,0.007613247000335832,0.02259700000013254,Optimal,0,none,2.616460437774659,0,10,100.0,100.0,100.0,2.0,3,0,0,1.0,1.0,1.0,0.918255705597665,3,0,0,1.0,1.0,1.0,0.918255705597665,3,0,0,1.0,1.0,1.0,0.918255705597665,3,0,0,1.0,1.0,1.0,0.918255705597665,6.182000015542144e-05,0,100.0,0,0,0,0.0,0.0,0.0,0,0,0,0.0,0.0,0.0,0,0,0,0.0,0.0,0.0,0,0,0,0.0,0.0,0.0
COCO,34139,4,4,0,0,5,30,10,30,40,26,0,0,10,0.014672881000024063,0.008429611999872577,0.0,0.008429611999872577,0.00863108099974852,0.023446808999779023,Optimal,0,none,4.207070823510489,0,16,100.0,100.0,100.0,2.0,4,1,0,0.8,1.0,0.888888888888889,0.7450511570250864,4,1,0,0.8,1.0,0.888888888888889,0.7450511570250864,4,1,0,0.8,1.0,0.888888888888889,0.7450511570250864,4,1,0,0.8,1.0,0.888888888888889,0.7450511570250864,0.00011618600001384038,0,100.0,0,0,0,0.0,0.0,0.0,0,0,0,0.0,0.0,0.0,0,0,0,0.0,0.0,0.0,0,0,0,0.0,0.0,0.0
COCO,80340,20,20,0,0,13,279,26,279,305,170,0,0,26,0.01593574099979378,0.017747494999639457,0.0,0.017747494999639457,0.018327084999782528,0.0349323519999416,Optimal,0,none,11.09354555765788,0,40,100.0,100.0,100.0,2.0,10,3,10,0.7692307692307693,0.5,0.6060606060606061,0.8379906451862676,10,3,10,0.7692307692307693,0.5,0.6060606060606061,0.8379906451862676,10,3,10,0.7692307692307693,0.5,0.6060606060606061,0.8379906451862676,10,3,10,0.7692307692307693,0.5,0.6060606060606061,0.8379906451862676,0.0006137650002528972,0,100.0,0,0,0,0.0,0.0,0.0,0,0,0,0.0,0.0,0.0,0,0,0,0.0,0.0,0.0,0,0,0,0.0,0.0,0.0
COCO,83113,2,2,0,0,3,6,6,6,12,10,0,0,6,0.01607430599960935,0.0067367120000199066,0.0,0.0067367120000199066,0.0068546919997061195,0.02299308600004224,Optimal,0,none,2.2657118821144104,0,10,100.0,100.0,100.0,2.0,2,1,0,0.6666666666666666,1.0,0.8,0.9467498027636616,2,1,0,0.6666666666666666,1.0,0.8,0.9467498027636616,2,1,0,0.6666666666666666,1.0,0.8,0.9467498027636616,2,1,0,0.6666666666666666,1.0,0.8,0.9467498027636616,4.38889996985381e-05,0,100.0,0,0,0,0.0,0.0,0.0,0,0,0,0.0,0.0,0.0,0,0,0,0.0,0.0,0.0,0,0,0,0.0,0.0,0.0
COCO,173033,2,2,0,0,2,3,4,3,7,5,0,0,4,0.014885192999827268,0.007062468999720295,0.0,0.007062468999720295,0.007163817000218842,0.02210652999974627,Optimal,0,none,1.3625273497899375,0,5,100.0,100.0,100.0,2.0,1,1,1,0.5,0.5,0.5,0.8176949299712849,1,1,1,0.5,0.5,0.5,0.8176949299712849,1,1,1,0.5,0.5,0.5,0.8176949299712849,1,1,1,0.5,0.5,0.5,0.8176949299712849,4.20320002376684e-05,0,100.0,0,0,0,0.0,0.0,0.0,0,0,0,0.0,0.0,0.0,0,0,0,0.0,0.0,0.0,0,0,0,0.0,0.0,0.0
COCO,255664,2,2,0,0,2,4,4,4,8,5,0,0,4,0.01466492700001254,0.006741016999967542,0.0,0.006741016999967542,0.006840028000169696,0.02156001599996671,Optimal,0,none,1.6306509049733484,0,5,100.0,100.0,100.0,2.0,2,0,0,1.0,1.0,1.0,0.9557815193194596,2,0,0,1.0,1.0,1.0,0.9557815193194596,2,0,0,1.0,1.0,1.0,0.9557815193194596,2,0,0,1.0,1.0,1.0,0.9557815193194596,4.115999990972341e-05,0,100.0,0,0,0,0.0,0.0,0.0,0,0,0,0.0,0.0,0.0,0,0,0,0.0,0.0,0.0,0,0,0,0.0,0.0,0.0
COCO,72813,3,3,0,0,3,13,6,13,19,10,0,0,6,0.013705188000130875,0.0074810210003306565,0.0,0.0074810210003306565,0.007614672000272549,0.021404336000159674,Optimal,0,none,2.653773531913758,0,10,100.0,100.0,100.0,2.0,3,0,0,1.0,1.0,1.0,0.9378210184867952,3,0,0,1.0,1.0,1.0,0.9378210184867952,3,0,0,1.0,1.0,1.0,0.9378210184867952,3,0,0,1.0,1.0,1.0,0.9378210184867952,6.420699992304435e-05,0,100.0,0,0,0,0.0,0.0,0.0,0,0,0,0.0,0.0,0.0,0,0,0,0.0,0.0,0.0,0,0,0,0.0,0.0,0.0
COCO,545129,3,3,0,0,3,8,6,8,14,10,0,0,6,0.014358595999965473,0.007136723000257916,0.0,0.007136723000257916,0.007270673999755672,0.021708081000269885,Optimal,0,none,2.8120187234878546,0,10,100.0,100.0,100.0,2.0,3,0,0,1.0,1.0,1.0,0.946982214873196,3,0,0,1.0,1.0,1.0,0.946982214873196,3,0,0,1.0,1.0,1.0,0.946982214873196,3,0,0,1.0,1.0,1.0,0.946982214873196,5.694699984815088e-05,0,100.0,0,0,0,0.0,0.0,0.0,0,0,0,0.0,0.0,0.0,0,0,0,0.0,0.0,0.0,0,0,0,0.0,0.0,0.0
COCO,546011,3,3,0,0,3,8,6,8,14,10,0,0,6,0.014644913999745768,0.006716230000165524,0.0,0.006716230000165524,0.006848748999800591,0.021590631999970356,Optimal,0,none,2.773530540776517,0,10,100.0,100.0,100.0,2.0,3,0,0,1.0,1.0,1.0,0.9213547433582822,3,0,0,1.0,1.0,1.0,0.9213547433582822,3,0,0,1.0,1.0,1.0,0.9213547433582822,3,0,0,1.0,1.0,1.0,0.9213547433582822,5.7083000228885794e-05,0,100.0,0,0,0,0.0,0.0,0.0,0,0,0,0.0,0.0,0.0,0,0,0,0.0,0.0,0.0,0,0,0,0.0,0.0,0.0
COCO,121031,8,8,0,0,6,50,12,50,62,37,0,0,12,0.015610787999776221,0.009856032000243431,0.0,0.009856032000243431,0.010047805999874981,0.02586685200003558,Optimal,0,none,5.12528053045273,0,19,100.0,100.0,100.0,2.0,6,0,2,1.0,0.75,0.8571428571428571,0.8643620771062207,6,0,2,1.0,0.75,0.8571428571428571,0.8643620771062207,6,0,2,1.0,0.75,0.8571428571428571,0.8643620771062207,6,0,2,1.0,0.75,0.8571428571428571,0.8643620771062207,0.00017538099973535282,0,100.0,0,0,0,0.0,0.0,0.0,0,0,0,0.0,0.0,0.0,0,0,0,0.0,0.0,0.0,0,0,0,0.0,0.0,0.0
COCO,172547,7,7,0,0,3,8,6,8,14,10,0,0,6,0.014399977999801195,0.006799508999847603,0.0,0.006799508999847603,0.006918247000157862,0.02138697299960768,Optimal,0,none,2.2108576118023175,0,10,100.0,100.0,100.0,2.0,3,0,4,1.0,0.42857142857142855,0.6,0.7913030108529644,3,0,4,1.0,0.42857142857142855,0.6,0.7913030108529644,3,0,4,1.0,0.42857142857142855,0.6,0.7913030108529644,3,0,4,1.0,0.42857142857142855,0.6,0.7913030108529644,4.964300023857504e-05,0,100.0,0,0,0,0.0,0.0,0.0,0,0,0,0.0,0.0,0.0,0,0,0,0.0,0.0,0.0,0,0,0,0.0,0.0,0.0
COCO,369081,3,3,0,0,3,6,6,6,12,10,0,0,6,0.014573239999663201,0.007173176999913267,0.0,0.007173176999913267,0.007299851999960083,0.02194116500004384,Optimal,0,none,2.741981401443482,0,10,100.0,100.0,100.0,2.0,3,0,0,1.0,1.0,1.0,0.9459870538102654,3,0,0,1.0,1.0,1.0,0.9459870538102654,3,0,0,1.0,1.0,1.0,0.9459870538102654,3,0,0,1.0,1.0,1.0,0.9459870538102654,4.7605999952793354e-05,0,100.0,0,0,0,0.0,0.0,0.0,0,0,0,0.0,0.0,0.0,0,0,0,0.0,0.0,0.0,0,0,0,0.0,0.0,0.0
COCO,509131,9,9,0,0,8,110,16,110,126,65,0,0,16,0.01396833799981323,0.01229834400010077,0.0,0.01229834400010077,0.012600302000009833,0.02700120600002265,Optimal,0,none,5.9985495830552,0,25,100.0,100.0,100.0,2.0,3,5,6,0.375,0.3333333333333333,0.35294117647058826,0.8278254382474042,3,5,6,0.375,0.3333333333333333,0.35294117647058826,0.8278254382474042,3,5,6,0.375,0.3333333333333333,0.35294117647058826,0.8278254382474042,3,5,6,0.375,0.3333333333333333,0.35294117647058826,0.8278254382474042,0.00038574300015170593,0,100.0,0,0,0,0.0,0.0,0.0,0,0,0,0.0,0.0,0.0,0,0,0,0.0,0.0,0.0,0,0,0,0.0,0.0,0.0
COCO,578922,7,7,0,0,5,36,10,36,46,26,0,0,10,0.01668415299991466,0.00889986600031989,0.0,0.00889986600031989,0.009092767000311142,0.02593473399974755,Optimal,0,none,4.059174311955771,0,16,100.0,100.0,100.0,2.0,3,2,4,0.6,0.42857142857142855,0.5,0.8348349418003936,3,2,4,0.6,0.42857142857142855,0.5,0.8348349418003936,3,2,4,0.6,0.42857142857142855,0.5,0.8348349418003936,3,2,4,0.6,0.42857142857142855,0.5,0.8348349418003936,0.00012799799969798187,0,100.0,0,0,0,0.0,0.0,0.0,0,0,0,0.0,0.0,0.0,0,0,0,0.0,0.0,0.0,0,0,0,0.0,0.0,0.0
COCO,464089,14,14,0,0,11,207,22,207,229,122,0,0,22,0.01683250099995348,0.016197927000121126,0.0,0.016197927000121126,0.016603800000211777,0.03399504099979822,Optimal,0,none,9.394638279518427,0,34,100.0,100.0,100.0,2.0,7,4,7,0.6363636363636364,0.5,0.56,0.8442054314059344,7,4,7,0.6363636363636364,0.5,0.56,0.8442054314059344,7,4,7,0.6363636363636364,0.5,0.56,0.8442054314059344,7,4,7,0.6363636363636364,0.5,0.56,0.8442054314059344,0.0005094789999020577,0,100.0,0,0,0,0.0,0.0,0.0,0,0,0,0.0,0.0,0.0,0,0,0,0.0,0.0,0.0,0,0,0,0.0,0.0,0.0
COCO,453708,14,14,0,0,11,200,22,200,222,122,0,0,22,0.016127153000070393,0.01471501600008196,0.0,0.01471501600008196,0.01510326499965231,0.03173431999994136,Optimal,0,none,9.115890593694116,0,34,100.0,100.0,100.0,2.0,9,2,5,0.8181818181818182,0.6428571428571429,0.7200000000000001,0.9049084072869792,9,2,5,0.8181818181818182,0.6428571428571429,0.7200000000000001,0.9049084072869792,9,2,5,0.8181818181818182,0.6428571428571429,0.7200000000000001,0.9049084072869792,9,2,5,0.8181818181818182,0.6428571428571429,0.7200000000000001,0.9049084072869792,0.0004569600000650098,0,100.0,0,0,0,0.0,0.0,0.0,0,0,0,0.0,0.0,0.0,0,0,0,0.0,0.0,0.0,0,0,0,0.0,0.0,0.0
COCO,177714,11,11,0,0,6,62,12,62,74,37,0,0,12,0.014544224000019312,0.009500938000201131,0.0,0.009500938000201131,0.00971938200018485,0.024490888999935123,Optimal,0,none,4.475996549129487,0,19,100.0,100.0,100.0,2.0,5,1,6,0.8333333333333334,0.45454545454545453,0.5882352941176471,0.8431720114000063,5,1,6,0.8333333333333334,0.45454545454545453,0.5882352941176471,0.8431720114000063,5,1,6,0.8333333333333334,0.45454545454545453,0.5882352941176471,0.8431720114000063,5,1,6,0.8333333333333334,0.45454545454545453,0.5882352941176471,0.8431720114000063,0.00017995300004258752,0,100.0,0,0,0,0.0,0.0,0.0,0,0,0,0.0,0.0,0.0,0,0,0,0.0,0.0,0.0,0,0,0,0.0,0.0,0.0
COCO,459887,3,3,0,0,2,4,4,4,8,5,0,0,4,0.015161325999997644,0.006497150000086549,0.0,0.006497150000086549,0.006598024999675545,0.021811298000102397,Optimal,0,none,1.3839559314058143,0,5,100.0,100.0,100.0,2.0,1,1,2,0.5,0.3333333333333333,0.4,0.7531811884082626,1,1,2,0.5,0.3333333333333333,0.4,0.7531811884082626,1,1,2,0.5,0.3333333333333333,0.4,0.7531811884082626,1,1,2,0.5,0.3333333333333333,0.4,0.7531811884082626,3.819999983534217e-05,0,100.0,0,0,0,0.0,0.0,0.0,0,0,0,0.0,0.0,0.0,0,0,0,0.0,0.0,0.0,0,0,0,0.0,0.0,0.0
COCO,155179,2,2,0,0,1,0,2,0,2,1,0,0,2,0.014652826000201458,0.006302956999661546,0.0,0.006302956999661546,0.006378672000209917,0.021061857999939093,Optimal,0,none,0.6076735178629558,0,2,100.0,100.0,100.0,2.0,1,0,1,1.0,0.5,0.6666666666666666,0.9830019692150641,1,0,1,1.0,0.5,0.6666666666666666,0.9830019692150641,1,0,1,1.0,0.5,0.6666666666666666,0.9830019692150641,1,0,1,1.0,0.5,0.6666666666666666,0.9830019692150641,2.1819000266987132e-05,0,100.0,0,0,0,0.0,0.0,0.0,0,0,0,0.0,0.0,0.0,0,0,0,0.0,0.0,0.0,0,0,0,0.0,0.0,0.0
COCO,261116,11,11,0,0,5,37,10,37,47,26,0,0,10,0.01426965000018754,0.0088618309996491,0.0,0.0088618309996491,0.009055373999672156,0.02349841400018704,Optimal,0,none,4.121961081822714,0,16,100.0,100.0,100.0,2.0,4,1,7,0.8,0.36363636363636365,0.5000000000000001,0.9363489440426733,4,1,7,0.8,0.36363636363636365,0.5000000000000001,0.9363489440426733,4,1,7,0.8,0.36363636363636365,0.5000000000000001,0.9363489440426733,4,1,7,0.8,0.36363636363636365,0.5000000000000001,0.9363489440426733,0.00014310999995359452,0,100.0,0,0,0,0.0,0.0,0.0,0,0,0,0.0,0.0,0.0,0,0,0,0.0,0.0,0.0,0,0,0,0.0,0.0,0.0
COCO,396274,1,1,0,0,0,0,0,0,0,0,0,0,1,0.014070182000068598,0.005444524999802525,0.0,0.005444524999802525,0.005483584000103292,0.01956982300043819,Optimal,0,none,,0,1,100.0,0.0,0.0,0.0,0,0,1,0.0,0.0,0.0,0.0,0,0,1,0.0,0.0,0.0,0.0,0,0,1,0.0,0.0,0.0,0.0,0,0,1,0.0,0.0,0.0,0.0,1.0245999874314293e-05,0,100.0,0,0,0,0.0,0.0,0.0,0,0,0,0.0,0.0,0.0,0,0,0,0.0,0.0,0.0,0,0,0,0.0,0.0,0.0
COCO,29640,14,14,0,0,15,411,30,411,441,226,0,0,30,0.018089010000039707,0.022936291999940295,0.0,0.022936291999940295,0.023581791000196972,0.042686621000029845,Optimal,0,none,11.498164306005538,0,46,100.0,100.0,100.0,2.0,5,10,9,0.3333333333333333,0.35714285714285715,0.3448275862068965,0.8215166190605508,5,10,9,0.3333333333333333,0.35714285714285715,0.3448275862068965,0.8215166190605508,5,10,9,0.3333333333333333,0.35714285714285715,0.3448275862068965,0.8215166190605508,5,10,9,0.3333333333333333,0.35714285714285715,0.3448275862068965,0.8215166190605508,0.0009530359998279891,0,100.0,0,0,0,0.0,0.0,0.0,0,0,0,0.0,0.0,0.0,0,0,0,0.0,0.0,0.0,0,0,0,0.0,0.0,0.0
COCO,141328,16,16,0,0,7,79,14,79,93,50,0,0,14,0.016654662000291864,0.010887111000101868,0.0,0.010887111000101868,0.011223967999740125,0.0281551190000755,Optimal,0,none,5.49350486914317,0,22,100.0,100.0,100.0,2.0,6,1,10,0.8571428571428571,0.375,0.5217391304347825,0.7677965976554569,6,1,10,0.8571428571428571,0.375,0.5217391304347825,0.7677965976554569,6,1,10,0.8571428571428571,0.375,0.5217391304347825,0.7677965976554569,6,1,10,0.8571428571428571,0.375,0.5217391304347825,0.7677965976554569,0.00024072199994407129,0,100.0,0,0,0,0.0,0.0,0.0,0,0,0,0.0,0.0,0.0,0,0,0,0.0,0.0,0.0,0,0,0,0.0,0.0,0.0
COCO,308430,18,18,0,0,12,279,24,279,303,145,0,0,24,0.02059438100013722,0.01713237800004208,0.0,0.01713237800004208,0.01759409099986442,0.03886860100010381,Optimal,0,none,8.837160936042594,0,37,100.0,100.0,100.0,2.0,3,9,15,0.25,0.16666666666666666,0.2,0.7887787937480116,3,9,15,0.25,0.16666666666666666,0.2,0.7887787937480116,3,9,15,0.25,0.16666666666666666,0.2,0.7887787937480116,3,9,15,0.25,0.16666666666666666,0.2,0.7887787937480116,0.0006296000001384527,0,100.0,0,0,0,0.0,0.0,0.0,0,0,0,0.0,0.0,0.0,0,0,0,0.0,0.0,0.0,0,0,0,0.0,0.0,0.0
COCO,43314,5,5,0,0,5,41,10,41,51,26,0,0,10,0.015187748999778705,0.008628060999853915,0.0,0.008628060999853915,0.008815368999876227,0.024148254000010638,Optimal,0,none,3.8191679301031782,0,16,100.0,100.0,100.0,2.0,2,3,3,0.4,0.4,0.4000000000000001,0.6539924375406793,2,3,3,0.4,0.4,0.4000000000000001,0.6539924375406793,2,3,3,0.4,0.4,0.4000000000000001,0.6539924375406793,2,3,3,0.4,0.4,0.4000000000000001,0.6539924375406793,0.00012098699971829774,0,100.0,0,0,0,0.0,0.0,0.0,0,0,0,0.0,0.0,0.0,0,0,0,0.0,0.0,0.0,0,0,0,0.0,0.0,0.0
COCO,273715,5,5,0,0,7,84,14,84,98,50,0,0,14,0.01511591500002396,0.010153012000046147,0.0,0.010153012000046147,0.01045602299973325,0.02585756999997102,Optimal,0,none,5.948347015909567,0,22,100.0,100.0,100.0,2.0,4,3,1,0.5714285714285714,0.8,0.6666666666666666,0.8971839872764442,4,3,1,0.5714285714285714,0.8,0.6666666666666666,0.8971839872764442,4,3,1,0.5714285714285714,0.8,0.6666666666666666,0.8971839872764442,4,3,1,0.5714285714285714,0.8,0.6666666666666666,0.8971839872764442,0.00024989400026242947,0,100.0,0,0,0,0.0,0.0,0.0,0,0,0,0.0,0.0,0.0,0,0,0,0.0,0.0,0.0,0,0,0,0.0,0.0,0.0
COCO,456303,6,6,0,0,2,3,4,3,7,5,0,0,4,0.01459648299987748,0.006819573000029777,0.0,0.006819573000029777,0.006924848999915412,0.02159924699981275,Optimal,0,none,1.2773582728703818,0,5,100.0,100.0,100.0,2.0,2,0,4,1.0,0.3333333333333333,0.5,0.7619587032859825,2,0,4,1.0,0.3333333333333333,0.5,0.7619587032859825,2,0,4,1.0,0.3333333333333333,0.5,0.7619587032859825,2,0,4,1.0,0.3333333333333333,0.5,0.7619587032859825,5.406399986895849e-05,0,100.0,0,0,0,0.0,0.0,0.0,0,0,0,0.0,0.0,0.0,0,0,0,0.0,0.0,0.0,0,0,0,0.0,0.0,0.0
COCO,406611,25,25,0,0,15,409,30,409,439,226,0,0,30,0.016565678999995725,0.024586458999692695,0.0,0.024586458999692695,0.02514305000022432,0.04274458500003675,Optimal,0,none,11.391826596336841,0,46,100.0,100.0,100.0,2.0,5,10,20,0.3333333333333333,0.2,0.25,0.7943711777723046,5,10,20,0.3333333333333333,0.2,0.25,0.7943711777723046,5,10,20,0.3333333333333333,0.2,0.25,0.7943711777723046,5,10,20,0.3333333333333333,0.2,0.25,0.7943711777723046,0.0009725740001158556,0,100.0,0,0,0,0.0,0.0,0.0,0,0,0,0.0,0.0,0.0,0,0,0,0.0,0.0,0.0,0,0,0,0.0,0.0,0.0
COCO,475064,4,4,0,0,5,36,10,36,46,26,0,0,10,0.01470107300019663,0.0083249680001245,0.0,0.0083249680001245,0.008496860999912315,0.023333504000220273,Optimal,0,none,4.084845579465232,0,16,100.0,100.0,100.0,2.0,3,2,1,0.6,0.75,0.6666666666666665,0.7820017217719577,3,2,1,0.6,0.75,0.6666666666666665,0.7820017217719577,3,2,1,0.6,0.75,0.6666666666666665,0.7820017217719577,3,2,1,0.6,0.75,0.6666666666666665,0.7820017217719577,0.0001102609999179549,0,100.0,0,0,0,0.0,0.0,0.0,0,0,0,0.0,0.0,0.0,0,0,0,0.0,0.0,0.0,0,0,0,0.0,0.0,0.0
COCO,466567,1,1,0,0,2,4,4,4,8,5,0,0,4,0.015271311000105925,0.006649999999808642,0.0,0.006649999999808642,0.006745119000242994,0.02207220900027096,Optimal,0,none,1.480821665128072,0,5,100.0,100.0,100.0,2.0,0,2,1,0.0,0.0,0.0,0.9437410664196373,0,2,1,0.0,0.0,0.0,0.9437410664196373,0,2,1,0.0,0.0,0.0,0.9437410664196373,0,2,1,0.0,0.0,0.0,0.9437410664196373,4.080700000486104e-05,0,100.0,0,0,0,0.0,0.0,0.0,0,0,0,0.0,0.0,0.0,0,0,0,0.0,0.0,0.0,0,0,0,0.0,0.0,0.0
COCO,137246,17,17,0,0,9,141,18,141,159,82,0,0,18,0.0141858079996382,0.013874499999928958,0.0,0.013874499999928958,0.014210999000169977,0.028767994999725488,Optimal,0,none,7.599412100987382,0,28,100.0,100.0,100.0,2.0,4,5,13,0.4444444444444444,0.23529411764705882,0.30769230769230765,0.8518099227486928,4,5,13,0.4444444444444444,0.23529411764705882,0.30769230769230765,0.8518099227486928,4,5,13,0.4444444444444444,0.23529411764705882,0.30769230769230765,0.8518099227486928,4,5,13,0.4444444444444444,0.23529411764705882,0.30769230769230765,0.8518099227486928,0.00033140599998660036,0,100.0,0,0,0,0.0,0.0,0.0,0,0,0,0.0,0.0,0.0,0,0,0,0.0,0.0,0.0,0,0,0,0.0,0.0,0.0
COCO,15079,3,3,0,0,5,36,10,36,46,26,0,0,10,0.013152914999864151,0.008532659000138665,0.0,0.008532659000138665,0.008724910000182717,0.02203527599976951,Optimal,0,none,3.9852503784497593,0,16,100.0,100.0,100.0,2.0,2,3,1,0.4,0.6666666666666666,0.5,0.8469678215182074,2,3,1,0.4,0.6666666666666666,0.5,0.8469678215182074,2,3,1,0.4,0.6666666666666666,0.5,0.8469678215182074,2,3,1,0.4,0.6666666666666666,0.5,0.8469678215182074,0.0001287340000999393,0,100.0,0,0,0,0.0,0.0,0.0,0,0,0,0.0,0.0,0.0,0,0,0,0.0,0.0,0.0,0,0,0,0.0,0.0,0.0
COCO,296284,10,10,0,0,1,0,2,0,2,1,0,0,2,0.01278827599981014,0.006192082999859849,0.0,0.006192082999859849,0.006257979000110936,0.019073085999934847,Optimal,0,none,0.3820167104403178,0,2,100.0,100.0,100.0,2.0,0,1,10,0.0,0.0,0.0,0.0,0,1,10,0.0,0.0,0.0,0.0,0,1,10,0.0,0.0,0.0,0.0,0,1,10,0.0,0.0,0.0,0.0,1.9971000256191473e-05,0,100.0,0,0,0,0.0,0.0,0.0,0,0,0,0.0,0.0,0.0,0,0,0,0.0,0.0,0.0,0,0,0,0.0,0.0,0.0
COCO,226147,21,21,0,0,10,175,20,175,195,101,0,0,20,0.015134708000005048,0.013366716999826167,0.0,0.013366716999826167,0.01375193700005184,0.029440722999879654,Optimal,0,none,8.17452140728633,0,31,100.0,100.0,100.0,2.0,6,4,15,0.6,0.2857142857142857,0.3870967741935483,0.8543508731813249,6,4,15,0.6,0.2857142857142857,0.3870967741935483,0.8543508731813249,6,4,15,0.6,0.2857142857142857,0.3870967741935483,0.8543508731813249,6,4,15,0.6,0.2857142857142857,0.3870967741935483,0.8543508731813249,0.0005077419996268873,0,100.0,0,0,0,0.0,0.0,0.0,0,0,0,0.0,0.0,0.0,0,0,0,0.0,0.0,0.0,0,0,0,0.0,0.0,0.0
COCO,226903,22,22,0,0,10,170,20,170,190,101,0,0,20,0.015127928999845608,0.014140268999653927,0.0,0.014140268999653927,0.014488262000213581,0.0300906769998619,Optimal,0,none,7.474788217100894,0,31,100.0,100.0,100.0,2.0,3,7,19,0.3,0.13636363636363635,0.18749999999999997,0.7092654892231033,3,7,19,0.3,0.13636363636363635,0.18749999999999997,0.7092654892231033,3,7,19,0.3,0.13636363636363635,0.18749999999999997,0.7092654892231033,3,7,19,0.3,0.13636363636363635,0.18749999999999997,0.7092654892231033,0.0004278579999663634,0,100.0,0,0,0,0.0,0.0,0.0,0,0,0,0.0,0.0,0.0,0,0,0,0.0,0.0,0.0,0,0,0,0.0,0.0,0.0
COCO,127517,11,11,0,0,11,144,22,144,166,122,0,0,22,0.016900884000278893,0.01372760999993261,0.0,0.01372760999993261,0.014112307999766927,0.03142203800007337,Optimal,0,none,9.641150313283807,0,34,100.0,100.0,100.0,2.0,9,2,2,0.8181818181818182,0.8181818181818182,0.8181818181818182,0.8896725990326215,9,2,2,0.8181818181818182,0.8181818181818182,0.8181818181818182,0.8896725990326215,9,2,2,0.8181818181818182,0.8181818181818182,0.8181818181818182,0.8896725990326215,9,2,2,0.8181818181818182,0.8181818181818182,0.8181818181818182,0.8896725990326215,0.0003643159998318879,0,100.0,0,0,0,0.0,0.0,0.0,0,0,0,0.0,0.0,0.0,0,0,0,0.0,0.0,0.0,0,0,0,0.0,0.0,0.0
COCO,162092,16,16,0,0,10,162,20,162,182,101,0,0,20,0.0181223909999062,0.014074508000248898,0.0,0.014074508000248898,0.01442881100001614,0.0329838769998787,Optimal,0,none,8.390789677302045,0,31,100.0,100.0,100.0,2.0,9,1,7,0.9,0.5625,0.6923076923076923,0.8242647608165731,9,1,7,0.9,0.5625,0.6923076923076923,0.8242647608165731,9,1,7,0.9,0.5625,0.6923076923076923,0.8242647608165731,9,1,7,0.9,0.5625,0.6923076923076923,0.8242647608165731,0.0003908239996235352,0,100.0,0,0,0,0.0,0.0,0.0,0,0,0,0.0,0.0,0.0,0,0,0,0.0,0.0,0.0,0,0,0,0.0,0.0,0.0
COCO,131379,1,1,0,0,1,0,2,0,2,1,0,0,2,0.014416385000004084,0.006733258000167552,0.0,0.006733258000167552,0.006798873000207095,0.021243761999812705,Optimal,0,none,0.5487436930338542,0,2,100.0,100.0,100.0,2.0,0,1,1,0.0,0.0,0.0,0.9784078925009425,0,1,1,0.0,0.0,0.0,0.9784078925009425,0,1,1,0.0,0.0,0.0,0.9784078925009425,0,1,1,0.0,0.0,0.0,0.9784078925009425,2.0605000372597715e-05,0,100.0,0,0,0,0.0,0.0,0.0,0,0,0,0.0,0.0,0.0,0,0,0,0.0,0.0,0.0,0,0,0,0.0,0.0,0.0
COCO,366611,2,2,0,0,3,6,6,6,12,10,0,0,6,0.015184008999767684,0.006693434999760939,0.0,0.006693434999760939,0.00681889699990279,0.022070517999964068,Optimal,0,none,2.3861777567863465,0,10,100.0,100.0,100.0,2.0,2,1,0,0.6666666666666666,1.0,0.8,0.950684469994791,2,1,0,0.6666666666666666,1.0,0.8,0.950684469994791,2,1,0,0.6666666666666666,1.0,0.8,0.950684469994791,2,1,0,0.6666666666666666,1.0,0.8,0.950684469994791,4.700999988926924e-05,0,100.0,0,0,0,0.0,0.0,0.0,0,0,0,0.0,0.0,0.0,0,0,0,0.0,0.0,0.0,0,0,0,0.0,0.0,0.0
COCO,263969,5,5,0,0,4,24,8,24,32,17,0,0,8,0.017412431000138895,0.007728348999989976,0.0,0.007728348999989976,0.007884492999892245,0.025400369000180945,Optimal,0,none,3.46745726744334,0,13,100.0,100.0,100.0,2.0,4,0,1,1.0,0.8,0.888888888888889,0.8511010915734772,4,0,1,1.0,0.8,0.888888888888889,0.8511010915734772,4,0,1,1.0,0.8,0.888888888888889,0.8511010915734772,4,0,1,1.0,0.8,0.888888888888889,0.8511010915734772,8.259900005214149e-05,0,100.0,0,0,0,0.0,0.0,0.0,0,0,0,0.0,0.0,0.0,0,0,0,0.0,0.0,0.0,0,0,0,0.0,0.0,0.0
COCO,551439,3,3,0,0,1,0,2,0,2,1,0,0,2,0.01374174199963818,0.006857515999854513,0.0,0.006857515999854513,0.006923321000158467,0.02070714699993914,Optimal,0,none,0.5625510613123577,0,2,100.0,100.0,100.0,2.0,1,0,2,1.0,0.3333333333333333,0.5,0.9525406683108321,1,0,2,1.0,0.3333333333333333,0.5,0.9525406683108321,1,0,2,1.0,0.3333333333333333,0.5,0.9525406683108321,1,0,2,1.0,0.3333333333333333,0.5,0.9525406683108321,1.9506000171531923e-05,0,100.0,0,0,0,0.0,0.0,0.0,0,0,0,0.0,0.0,0.0,0,0,0,0.0,0.0,0.0,0,0,0,0.0,0.0,0.0
COCO,474167,9,9,0,0,7,82,14,82,96,50,0,0,14,0.0139323289999993,0.010148839999601478,0.0,0.010148839999601478,0.010388479000084772,0.02457656400019914,Optimal,0,none,6.020635795959162,0,22,100.0,100.0,100.0,2.0,5,2,4,0.7142857142857143,0.5555555555555556,0.6250000000000001,0.7855161787913876,5,2,4,0.7142857142857143,0.5555555555555556,0.6250000000000001,0.7855161787913876,5,2,4,0.7142857142857143,0.5555555555555556,0.6250000000000001,0.7855161787913876,5,2,4,0.7142857142857143,0.5555555555555556,0.6250000000000001,0.7855161787913876,0.000221310999677371,0,100.0,0,0,0,0.0,0.0,0.0,0,0,0,0.0,0.0,0.0,0,0,0,0.0,0.0,0.0,0,0,0,0.0,0.0,0.0
COCO,159458,3,3,0,0,5,40,10,40,50,26,0,0,10,0.017902466999657918,0.00929619399994408,0.0,0.00929619399994408,0.009495942999819817,0.027552227999876777,Optimal,0,none,3.891315825780234,0,16,100.0,100.0,100.0,2.0,2,3,1,0.4,0.6666666666666666,0.5,0.875507861241545,2,3,1,0.4,0.6666666666666666,0.5,0.875507861241545,2,3,1,0.4,0.6666666666666666,0.5,0.875507861241545,2,3,1,0.4,0.6666666666666666,0.5,0.875507861241545,0.00012610400017365464,0,100.0,0,0,0,0.0,0.0,0.0,0,0,0,0.0,0.0,0.0,0,0,0,0.0,0.0,0.0,0,0,0,0.0,0.0,0.0
COCO,554735,2,2,0,0,2,2,4,2,6,5,0,0,4,0.015063698000176373,0.007086297000114428,0.0,0.007086297000114428,0.007231148999835568,0.02234923500009245,Optimal,0,none,1.4365733750661211,0,5,100.0,100.0,100.0,2.0,2,0,0,1.0,1.0,1.0,0.9659736728320856,2,0,0,1.0,1.0,1.0,0.9659736728320856,2,0,0,1.0,1.0,1.0,0.9659736728320856,2,0,0,1.0,1.0,1.0,0.9659736728320856,3.829099978247541e-05,0,100.0,0,0,0,0.0,0.0,0.0,0,0,0,0.0,0.0,0.0,0,0,0,0.0,0.0,0.0,0,0,0,0.0,0.0,0.0
COCO,99428,5,5,0,0,1,0,2,0,2,1,0,0,2,0.014828495000074327,0.00732501799984675,0.0,0.00732501799984675,0.007398236999961227,0.022258688999954757,Optimal,0,none,0.37886478106180826,0,2,100.0,100.0,100.0,2.0,0,1,5,0.0,0.0,0.0,0.9617021736321146,0,1,5,0.0,0.0,0.0,0.9617021736321146,0,1,5,0.0,0.0,0.0,0.9617021736321146,0,1,5,0.0,0.0,0.0,0.9617021736321146,2.3562000023957808e-05,0,100.0,0,0,0,0.0,0.0,0.0,0,0,0,0.0,0.0,0.0,0,0,0,0.0,0.0,0.0,0,0,0,0.0,0.0,0.0
COCO,386352,13,13,0,0,11,183,22,183,205,122,0,0,22,0.015653122999992775,0.0139252439998927,0.0,0.0139252439998927,0.014332297999771981,0.030562899999949877,Optimal,0,none,9.212367263635002,0,34,100.0,100.0,100.0,2.0,11,0,2,1.0,0.8461538461538461,0.9166666666666666,0.8148399763994639,11,0,2,1.0,0.8461538461538461,0.9166666666666666,0.8148399763994639,11,0,2,1.0,0.8461538461538461,0.9166666666666666,0.8148399763994639,11,0,2,1.0,0.8461538461538461,0.9166666666666666,0.8148399763994639,0.0005284429998937412,0,100.0,0,0,0,0.0,0.0,0.0,0,0,0,0.0,0.0,0.0,0,0,0,0.0,0.0,0.0,0,0,0,0.0,0.0,0.0
COCO,173004,15,15,0,0,12,252,24,252,276,145,0,0,24,0.017769047999991017,0.016243228999883286,0.0,0.016243228999883286,0.016692167000201152,0.0350547349999033,Optimal,0,none,10.378828129533316,0,37,100.0,100.0,100.0,2.0,12,0,3,1.0,0.8,0.888888888888889,0.8719620944026424,12,0,3,1.0,0.8,0.888888888888889,0.8719620944026424,12,0,3,1.0,0.8,0.888888888888889,0.8719620944026424,12,0,3,1.0,0.8,0.888888888888889,0.8719620944026424,0.0005450389999168692,0,100.0,0,0,0,0.0,0.0,0.0,0,0,0,0.0,0.0,0.0,0,0,0,0.0,0.0,0.0,0,0,0,0.0,0.0,0.0
COCO,311394,2,2,0,0,2,4,4,4,8,5,0,0,4,0.01488750299995445,0.007040394999876298,0.0,0.007040394999876298,0.007146468999962963,0.022091354000167485,Optimal,0,none,1.4115528949101765,0,5,100.0,100.0,100.0,2.0,2,0,0,1.0,1.0,1.0,0.8887054292746652,2,0,0,1.0,1.0,1.0,0.8887054292746652,2,0,0,1.0,1.0,1.0,0.8887054292746652,2,0,0,1.0,1.0,1.0,0.8887054292746652,4.179899997325265e-05,0,100.0,0,0,0,0.0,0.0,0.0,0,0,0,0.0,0.0,0.0,0,0,0,0.0,0.0,0.0,0,0,0,0.0,0.0,0.0
COCO,578489,11,11,0,0,9,117,18,117,135,82,0,0,18,0.01626671600024565,0.011903460000212363,0.0,0.011903460000212363,0.012213172999963717,0.028930839000167907,Optimal,0,none,7.695079164505008,0,28,100.0,100.0,100.0,2.0,9,0,2,1.0,0.8181818181818182,0.9,0.8401052883585963,9,0,2,1.0,0.8181818181818182,0.9,0.8401052883585963,9,0,2,1.0,0.8181818181818182,0.9,0.8401052883585963,9,0,2,1.0,0.8181818181818182,0.9,0.8401052883585963,0.0004041499996674247,0,100.0,0,0,0,0.0,0.0,0.0,0,0,0,0.0,0.0,0.0,0,0,0,0.0,0.0,0.0,0,0,0,0.0,0.0,0.0
COCO,189310,1,1,0,0,5,32,10,32,42,26,0,0,10,0.01400874599994495,0.00835412800006452,0.0,0.00835412800006452,0.008539136000308645,0.022695378999742388,Optimal,0,none,4.065666061242423,0,16,100.0,100.0,100.0,2.0,1,4,0,0.2,1.0,0.33333333333333337,0.9522381368177906,1,4,0,0.2,1.0,0.33333333333333337,0.9522381368177906,1,4,0,0.2,1.0,0.33333333333333337,0.9522381368177906,1,4,0,0.2,1.0,0.33333333333333337,0.9522381368177906,0.00011754199977076496,0,100.0,0,0,0,0.0,0.0,0.0,0,0,0,0.0,0.0,0.0,0,0,0,0.0,0.0,0.0,0,0,0,0.0,0.0,0.0
COCO,491366,10,10,0,0,7,71,14,71,85,50,0,0,14,0.014248456000132137,0.009350677999918844,0.0,0.009350677999918844,0.009587037000073906,0.024078772999928333,Optimal,0,none,5.50492915954525,0,22,100.0,100.0,100.0,2.0,3,4,7,0.42857142857142855,0.3,0.3529411764705882,0.9401394255789028,3,4,7,0.42857142857142855,0.3,0.3529411764705882,0.9401394255789028,3,4,7,0.42857142857142855,0.3,0.3529411764705882,0.9401394255789028,3,4,7,0.42857142857142855,0.3,0.3529411764705882,0.9401394255789028,0.00020803300003535696,0,100.0,0,0,0,0.0,0.0,0.0,0,0,0,0.0,0.0,0.0,0,0,0,0.0,0.0,0.0,0,0,0,0.0,0.0,0.0
COCO,448076,17,17,0,0,10,150,20,150,170,101,0,0,20,0.01409509999984948,0.01224993200003155,0.0,0.01224993200003155,0.012597832999745151,0.027195401999961177,Optimal,0,none,8.539945046106975,0,31,100.0,100.0,100.0,2.0,7,3,10,0.7,0.4117647058823529,0.5185185185185185,0.8616559004543343,7,3,10,0.7,0.4117647058823529,0.5185185185185185,0.8616559004543343,7,3,10,0.7,0.4117647058823529,0.5185185185185185,0.8616559004543343,7,3,10,0.7,0.4117647058823529,0.5185185185185185,0.8616559004543343,0.00045410300026560435,0,100.0,0,0,0,0.0,0.0,0.0,0,0,0,0.0,0.0,0.0,0,0,0,0.0,0.0,0.0,0,0,0,0.0,0.0,0.0
COCO,293804,6,6,0,0,4,28,8,28,36,17,0,0,8,0.014167225000164763,0.008291973999803304,0.0,0.008291973999803304,0.008515947999967466,0.022808775000157766,Optimal,0,none,3.3905666807610446,0,13,100.0,100.0,100.0,2.0,3,1,3,0.75,0.5,0.6,0.8512038826351704,3,1,3,0.75,0.5,0.6,0.8512038826351704,3,1,3,0.75,0.5,0.6,0.8512038826351704,3,1,3,0.75,0.5,0.6,0.8512038826351704,0.00010043099973700009,0,100.0,0,0,0,0.0,0.0,0.0,0,0,0,0.0,0.0,0.0,0,0,0,0.0,0.0,0.0,0,0,0,0.0,0.0,0.0
COCO,312237,23,23,0,0,7,82,14,82,96,50,0,0,14,0.013604538999970828,0.010092928000176471,0.0,0.010092928000176471,0.010345384999709495,0.024284963000354765,Optimal,0,none,5.245245626885545,0,22,100.0,100.0,100.0,2.0,4,3,19,0.5714285714285714,0.17391304347826086,0.26666666666666666,0.8102681049403455,4,3,19,0.5714285714285714,0.17391304347826086,0.26666666666666666,0.8102681049403455,4,3,19,0.5714285714285714,0.17391304347826086,0.26666666666666666,0.8102681049403455,4,3,19,0.5714285714285714,0.17391304347826086,0.26666666666666666,0.8102681049403455,0.0002937640001619002,0,100.0,0,0,0,0.0,0.0,0.0,0,0,0,0.0,0.0,0.0,0,0,0,0.0,0.0,0.0,0,0,0,0.0,0.0,0.0
COCO,221291,2,2,0,0,2,4,4,4,8,5,0,0,4,0.01304420599990408,0.0074638670002968865,0.0,0.0074638670002968865,0.007564123000065592,0.02066162599976451,Optimal,0,none,1.5471529277165734,0,5,100.0,100.0,100.0,2.0,2,0,0,1.0,1.0,1.0,0.9415164979239002,2,0,0,1.0,1.0,1.0,0.9415164979239002,2,0,0,1.0,1.0,1.0,0.9415164979239002,2,0,0,1.0,1.0,1.0,0.9415164979239002,3.9181999909487786e-05,0,100.0,0,0,0,0.0,0.0,0.0,0,0,0,0.0,0.0,0.0,0,0,0,0.0,0.0,0.0,0,0,0,0.0,0.0,0.0
COCO,141821,5,5,0,0,10,180,20,180,200,101,0,0,20,0.01643484799978978,0.01384479599983024,0.0,0.01384479599983024,0.014206165999894438,0.03111444499973004,Optimal,0,none,8.159074856319647,0,31,100.0,100.0,100.0,2.0,4,6,1,0.4,0.8,0.5333333333333333,0.9440538381207947,4,6,1,0.4,0.8,0.5333333333333333,0.9440538381207947,4,6,1,0.4,0.8,0.5333333333333333,0.9440538381207947,4,6,1,0.4,0.8,0.5333333333333333,0.9440538381207947,0.0004281770002307894,0,100.0,0,0,0,0.0,0.0,0.0,0,0,0,0.0,0.0,0.0,0,0,0,0.0,0.0,0.0,0,0,0,0.0,0.0,0.0
COCO,410650,30,30,0,0,15,390,30,390,420,226,0,0,30,0.015811422999831848,0.023000814000170067,0.0,0.023000814000170067,0.023608232000242424,0.04042976399978215,Optimal,0,none,11.344305506559762,0,46,100.0,100.0,100.0,2.0,7,8,23,0.4666666666666667,0.23333333333333334,0.31111111111111117,0.8380368366024863,7,8,23,0.4666666666666667,0.23333333333333334,0.31111111111111117,0.8380368366024863,7,8,23,0.4666666666666667,0.23333333333333334,0.31111111111111117,0.8380368366024863,7,8,23,0.4666666666666667,0.23333333333333334,0.31111111111111117,0.8380368366024863,0.0009378879999530909,0,100.0,0,0,0,0.0,0.0,0.0,0,0,0,0.0,0.0,0.0,0,0,0,0.0,0.0,0.0,0,0,0,0.0,0.0,0.0
COCO,199310,2,2,0,0,2,4,4,4,8,5,0,0,4,0.015025933000288205,0.006998246999955882,0.0,0.006998246999955882,0.007109364999905665,0.022197792000042682,Optimal,0,none,1.5538481267293296,0,5,100.0,100.0,100.0,2.0,2,0,0,1.0,1.0,1.0,0.8020857371917955,2,0,0,1.0,1.0,1.0,0.8020857371917955,2,0,0,1.0,1.0,1.0,0.8020857371917955,2,0,0,1.0,1.0,1.0,0.8020857371917955,4.620299978341791e-05,0,100.0,0,0,0,0.0,0.0,0.0,0,0,0,0.0,0.0,0.0,0,0,0,0.0,0.0,0.0,0,0,0,0.0,0.0,0.0
COCO,323151,5,5,0,0,4,24,8,24,32,17,0,0,8,0.014530185999774403,0.008040522000101191,0.0,0.008040522000101191,0.008211013000163803,0.0228653280000799,Optimal,0,none,3.573608061472576,0,13,100.0,100.0,100.0,2.0,4,0,1,1.0,0.8,0.888888888888889,0.9038192642883328,4,0,1,1.0,0.8,0.888888888888889,0.9038192642883328,4,0,1,1.0,0.8,0.888888888888889,0.9038192642883328,4,0,1,1.0,0.8,0.888888888888889,0.9038192642883328,0.00010074200008602929,0,100.0,0,0,0,0.0,0.0,0.0,0,0,0,0.0,0.0,0.0,0,0,0,0.0,0.0,0.0,0,0,0,0.0,0.0,0.0
COCO,89648,38,38,0,0,20,715,40,715,755,401,0,0,40,0.018640819999745872,0.034146189999773924,0.0,0.034146189999773924,0.03502227599983598,0.05527624799969999,Optimal,0,none,16.95855826362027,0,61,100.0,100.0,100.0,2.0,11,9,27,0.55,0.2894736842105263,0.37931034482758624,0.8365582489686976,11,9,27,0.55,0.2894736842105263,0.37931034482758624,0.8365582489686976,11,9,27,0.55,0.2894736842105263,0.37931034482758624,0.8365582489686976,11,9,27,0.55,0.2894736842105263,0.37931034482758624,0.8365582489686976,0.00153820600007748,0,100.0,0,0,0,0.0,0.0,0.0,0,0,0,0.0,0.0,0.0,0,0,0,0.0,0.0,0.0,0,0,0,0.0,0.0,0.0
COCO,219283,5,5,0,0,1,0,2,0,2,1,0,0,2,0.015130947999750788,0.006656561999989208,0.0,0.006656561999989208,0.006756513000254927,0.021916637999765953,Optimal,0,none,0.5778266827265421,0,2,100.0,100.0,100.0,2.0,1,0,4,1.0,0.2,0.33333333333333337,0.9362874977913946,1,0,4,1.0,0.2,0.33333333333333337,0.9362874977913946,1,0,4,1.0,0.2,0.33333333333333337,0.9362874977913946,1,0,4,1.0,0.2,0.33333333333333337,0.9362874977913946,2.118400016115629e-05,0,100.0,0,0,0,0.0,0.0,0.0,0,0,0,0.0,0.0,0.0,0,0,0,0.0,0.0,0.0,0,0,0,0.0,0.0,0.0
COCO,471869,3,3,0,0,1,0,2,0,2,1,0,0,2,0.015758512999582308,0.006238280000161467,0.0,0.006238280000161467,0.006305191000137711,0.022091557999829092,Optimal,0,none,0.6188058296839396,0,2,100.0,100.0,100.0,2.0,1,0,2,1.0,0.3333333333333333,0.5,0.9591372547815642,1,0,2,1.0,0.3333333333333333,0.5,0.9591372547815642,1,0,2,1.0,0.3333333333333333,0.5,0.9591372547815642,1,0,2,1.0,0.3333333333333333,0.5,0.9591372547815642,2.056299990726984e-05,0,100.0,0,0,0,0.0,0.0,0.0,0,0,0,0.0,0.0,0.0,0,0,0,0.0,0.0,0.0,0,0,0,0.0,0.0,0.0
COCO,520264,18,18,0,0,11,195,22,195,217,122,0,0,22,0.016074408999884326,0.014359864999732963,0.0,0.014359864999732963,0.014792149000186328,0.03137333199993009,Optimal,0,none,8.835750249226892,0,34,100.0,100.0,100.0,2.0,7,4,11,0.6363636363636364,0.3888888888888889,0.4827586206896552,0.8092725182811518,7,4,11,0.6363636363636364,0.3888888888888889,0.4827586206896552,0.8092725182811518,7,4,11,0.6363636363636364,0.3888888888888889,0.4827586206896552,0.8092725182811518,7,4,11,0.6363636363636364,0.3888888888888889,0.4827586206896552,0.8092725182811518,0.0004623519998858683,0,100.0,0,0,0,0.0,0.0,0.0,0,0,0,0.0,0.0,0.0,0,0,0,0.0,0.0,0.0,0,0,0,0.0,0.0,0.0
COCO,111179,2,2,0,0,2,4,4,4,8,5,0,0,4,0.014638379999723838,0.007271317999766325,0.0,0.007271317999766325,0.007368224999936501,0.022057700999994267,Optimal,0,none,1.3732584389050806,0,5,100.0,100.0,100.0,2.0,2,0,0,1.0,1.0,1.0,0.880647537167424,2,0,0,1.0,1.0,1.0,0.880647537167424,2,0,0,1.0,1.0,1.0,0.880647537167424,2,0,0,1.0,1.0,1.0,0.880647537167424,3.795500015257858e-05,0,100.0,0,0,0,0.0,0.0,0.0,0,0,0,0.0,0.0,0.0,0,0,0,0.0,0.0,0.0,0,0,0,0.0,0.0,0.0
COCO,151000,13,13,0,0,6,57,12,57,69,37,0,0,12,0.014936096999917936,0.010169660999963526,0.0,0.010169660999963526,0.010397707999800332,0.025567224000042188,Optimal,0,none,5.035961239865577,0,19,100.0,100.0,100.0,2.0,4,2,9,0.6666666666666666,0.3076923076923077,0.42105263157894735,0.8179692093753292,4,2,9,0.6666666666666666,0.3076923076923077,0.42105263157894735,0.8179692093753292,4,2,9,0.6666666666666666,0.3076923076923077,0.42105263157894735,0.8179692093753292,4,2,9,0.6666666666666666,0.3076923076923077,0.42105263157894735,0.8179692093753292,0.0001999880000767007,0,100.0,0,0,0,0.0,0.0,0.0,0,0,0,0.0,0.0,0.0,0,0,0,0.0,0.0,0.0,0,0,0,0.0,0.0,0.0
COCO,100624,9,9,0,0,6,51,12,51,63,37,0,0,12,0.013354976999835344,0.009050381000179186,0.0,0.009050381000179186,0.009262851999665145,0.022818963999725383,Optimal,0,none,5.145978255271913,0,19,100.0,100.0,100.0,2.0,4,2,5,0.6666666666666666,0.4444444444444444,0.5333333333333333,0.7897308704780196,4,2,5,0.6666666666666666,0.4444444444444444,0.5333333333333333,0.7897308704780196,4,2,5,0.6666666666666666,0.4444444444444444,0.5333333333333333,0.7897308704780196,4,2,5,0.6666666666666666,0.4444444444444444,0.5333333333333333,0.7897308704780196,0.00014852100002826774,0,100.0,0,0,0,0.0,0.0,0.0,0,0,0,0.0,0.0,0.0,0,0,0,0.0,0.0,0.0,0,0,0,0.0,0.0,0.0
COCO,332570,2,2,0,0,3,11,6,11,17,10,0,0,6,0.014151646000300389,0.00709202500001993,0.0,0.00709202500001993,0.007219800999791914,0.02145100799998545,Optimal,0,none,2.6549591053832784,0,10,100.0,100.0,100.0,2.0,2,1,0,0.6666666666666666,1.0,0.8,0.9405366263391322,2,1,0,0.6666666666666666,1.0,0.8,0.9405366263391322,2,1,0,0.6666666666666666,1.0,0.8,0.9405366263391322,2,1,0,0.6666666666666666,1.0,0.8,0.9405366263391322,6.011400000716094e-05,0,100.0,0,0,0,0.0,0.0,0.0,0,0,0,0.0,0.0,0.0,0,0,0,0.0,0.0,0.0,0,0,0,0.0,0.0,0.0
COCO,57238,4,4,0,0,5,34,10,34,44,26,0,0,10,0.014377198000147473,0.008698198000274715,0.0,0.008698198000274715,0.008883970999704616,0.023444828999799938,Optimal,0,none,4.18976459334298,0,16,100.0,100.0,100.0,2.0,3,2,1,0.6,0.75,0.6666666666666665,0.8569450863852365,3,2,1,0.6,0.75,0.6666666666666665,0.8569450863852365,3,2,1,0.6,0.75,0.6666666666666665,0.8569450863852365,3,2,1,0.6,0.75,0.6666666666666665,0.8569450863852365,0.00015342000006057788,0,100.0,0,0,0,0.0,0.0,0.0,0,0,0,0.0,0.0,0.0,0,0,0,0.0,0.0,0.0,0,0,0,0.0,0.0,0.0
COCO,502732,1,1,0,0,1,0,2,0,2,1,0,0,2,0.012744942999688647,0.00615401799996107,0.0,0.00615401799996107,0.006235249000383192,0.01902144599989697,Optimal,0,none,0.576458470026652,0,2,100.0,100.0,100.0,2.0,1,0,0,1.0,1.0,1.0,0.8046445139912097,1,0,0,1.0,1.0,1.0,0.8046445139912097,1,0,0,1.0,1.0,1.0,0.8046445139912097,1,0,0,1.0,1.0,1.0,0.8046445139912097,2.8602999918803107e-05,0,100.0,0,0,0,0.0,0.0,0.0,0,0,0,0.0,0.0,0.0,0,0,0,0.0,0.0,0.0,0,0,0,0.0,0.0,0.0
COCO,135561,8,8,0,0,3,12,6,12,18,10,0,0,6,0.014497344000119483,0.007563216000107786,0.0,0.007563216000107786,0.007718114999988757,0.022302360000139743,Optimal,0,none,2.5509363269805916,0,10,100.0,100.0,100.0,2.0,2,1,6,0.6666666666666666,0.25,0.36363636363636365,0.8556293469627709,2,1,6,0.6666666666666666,0.25,0.36363636363636365,0.8556293469627709,2,1,6,0.6666666666666666,0.25,0.36363636363636365,0.8556293469627709,2,1,6,0.6666666666666666,0.25,0.36363636363636365,0.8556293469627709,6.540699996548938e-05,0,100.0,0,0,0,0.0,0.0,0.0,0,0,0,0.0,0.0,0.0,0,0,0,0.0,0.0,0.0,0,0,0,0.0,0.0,0.0
COCO,8277,13,13,0,0,5,37,10,37,47,26,0,0,10,0.017869755999981862,0.008408414999848901,0.0,0.008408414999848901,0.008597412000199256,0.026607630999933463,Optimal,0,none,3.6915473349889134,0,16,100.0,100.0,100.0,2.0,2,3,11,0.4,0.15384615384615385,0.2222222222222222,0.8945459471516676,2,3,11,0.4,0.15384615384615385,0.2222222222222222,0.8945459471516676,2,3,11,0.4,0.15384615384615385,0.2222222222222222,0.8945459471516676,2,3,11,0.4,0.15384615384615385,0.2222222222222222,0.8945459471516676,0.00011412200001359452,0,100.0,0,0,0,0.0,0.0,0.0,0,0,0,0.0,0.0,0.0,0,0,0,0.0,0.0,0.0,0,0,0,0.0,0.0,0.0
COCO,173044,1,1,0,0,1,0,2,0,2,1,0,0,2,0.01442376399973,0.006874629999856552,0.0,0.006874629999856552,0.006950011000299128,0.021406336999916675,Optimal,0,none,0.6063735882441204,0,2,100.0,100.0,100.0,2.0,1,0,0,1.0,1.0,1.0,0.9627509487217645,1,0,0,1.0,1.0,1.0,0.9627509487217645,1,0,0,1.0,1.0,1.0,0.9627509487217645,1,0,0,1.0,1.0,1.0,0.9627509487217645,2.422299985482823e-05,0,100.0,0,0,0,0.0,0.0,0.0,0,0,0,0.0,0.0,0.0,0,0,0,0.0,0.0,0.0,0,0,0,0.0,0.0,0.0
COCO,168458,1,1,0,0,4,24,8,24,32,17,0,0,8,0.014246300000195333,0.00738940300016111,0.0,0.00738940300016111,0.007545337000010477,0.021896776000176033,Optimal,0,none,3.3592671124140434,0,13,100.0,100.0,100.0,2.0,1,3,0,0.25,1.0,0.4,0.9299461285082627,1,3,0,0.25,1.0,0.4,0.9299461285082627,1,3,0,0.25,1.0,0.4,0.9299461285082627,1,3,0,0.25,1.0,0.4,0.9299461285082627,8.291400035886909e-05,0,100.0,0,0,0,0.0,0.0,0.0,0,0,0,0.0,0.0,0.0,0,0,0,0.0,0.0,0.0,0,0,0,0.0,0.0,0.0
COCO,512194,1,1,0,0,3,12,6,12,18,10,0,0,6,0.01526412800012622,0.007926487000077032,0.0,0.007926487000077032,0.008059090000188007,0.023399875999984943,Optimal,0,none,2.554426975250245,0,10,100.0,100.0,100.0,2.0,1,2,0,0.3333333333333333,1.0,0.5,0.9254353651847711,1,2,0,0.3333333333333333,1.0,0.5,0.9254353651847711,1,2,0,0.3333333333333333,1.0,0.5,0.9254353651847711,1,2,0,0.3333333333333333,1.0,0.5,0.9254353651847711,5.736700040870346e-05,0,100.0,0,0,0,0.0,0.0,0.0,0,0,0,0.0,0.0,0.0,0,0,0,0.0,0.0,0.0,0,0,0,0.0,0.0,0.0
COCO,370042,14,14,0,0,11,183,22,183,205,122,0,0,22,0.0152059309998549,0.013671383999735554,0.0,0.013671383999735554,0.014109117000316473,0.029862583999602066,Optimal,0,none,8.545925064881647,0,34,100.0,100.0,100.0,2.0,9,2,5,0.8181818181818182,0.6428571428571429,0.7200000000000001,0.8856384425637391,9,2,5,0.8181818181818182,0.6428571428571429,0.7200000000000001,0.8856384425637391,9,2,5,0.8181818181818182,0.6428571428571429,0.7200000000000001,0.8856384425637391,9,2,5,0.8181818181818182,0.6428571428571429,0.7200000000000001,0.8856384425637391,0.0004996590000700962,0,100.0,0,0,0,0.0,0.0,0.0,0,0,0,0.0,0.0,0.0,0,0,0,0.0,0.0,0.0,0,0,0,0.0,0.0,0.0
COCO,189436,5,5,0,0,1,0,2,0,2,1,0,0,2,0.016477425000175572,0.007199172000127874,0.0,0.007199172000127874,0.00728847800019139,0.023796902999947633,Optimal,0,none,0.6405987898508707,0,2,100.0,100.0,100.0,2.0,1,0,4,1.0,0.2,0.33333333333333337,0.9747679364583862,1,0,4,1.0,0.2,0.33333333333333337,0.9747679364583862,1,0,4,1.0,0.2,0.33333333333333337,0.9747679364583862,1,0,4,1.0,0.2,0.33333333333333337,0.9747679364583862,2.235000010841759e-05,0,100.0,0,0,0,0.0,0.0,0.0,0,0,0,0.0,0.0,0.0,0,0,0,0.0,0.0,0.0,0,0,0,0.0,0.0,0.0
COCO,533958,1,1,0,0,2,6,4,6,10,5,0,0,4,0.016544704999887472,0.0067957360001855704,0.0,0.0067957360001855704,0.00689741700034574,0.023517676999745163,Optimal,0,none,1.1342545541127524,0,5,100.0,100.0,100.0,2.0,0,2,1,0.0,0.0,0.0,0.0,0,2,1,0.0,0.0,0.0,0.0,0,2,1,0.0,0.0,0.0,0.0,0,2,1,0.0,0.0,0.0,0.0,6.098499989093398e-05,0,100.0,0,0,0,0.0,0.0,0.0,0,0,0,0.0,0.0,0.0,0,0,0,0.0,0.0,0.0,0,0,0,0.0,0.0,0.0
COCO,117645,2,2,0,0,1,0,2,0,2,1,0,0,2,0.012899167999876227,0.006493353999758256,0.0,0.006493353999758256,0.006571413000074244,0.01950267399979566,Optimal,0,none,0.5531428972880046,0,2,100.0,100.0,100.0,2.0,1,0,1,1.0,0.5,0.6666666666666666,0.8321714947103925,1,0,1,1.0,0.5,0.6666666666666666,0.8321714947103925,1,0,1,1.0,0.5,0.6666666666666666,0.8321714947103925,1,0,1,1.0,0.5,0.6666666666666666,0.8321714947103925,2.346300016142777e-05,0,100.0,0,0,0,0.0,0.0,0.0,0,0,0,0.0,0.0,0.0,0,0,0,0.0,0.0,0.0,0,0,0,0.0,0.0,0.0
COCO,221708,9,9,0,0,4,18,8,18,26,17,0,0,8,0.01588069799981895,0.007753624000088166,0.0,0.007753624000088166,0.007911075000265555,0.023919757999919966,Optimal,0,none,3.685858947436016,0,13,100.0,100.0,100.0,2.0,4,0,5,1.0,0.4444444444444444,0.6153846153846153,0.9337063477415561,4,0,5,1.0,0.4444444444444444,0.6153846153846153,0.9337063477415561,4,0,5,1.0,0.4444444444444444,0.6153846153846153,0.9337063477415561,4,0,5,1.0,0.4444444444444444,0.6153846153846153,0.9337063477415561,0.00010116600014953292,0,100.0,0,0,0,0.0,0.0,0.0,0,0,0,0.0,0.0,0.0,0,0,0,0.0,0.0,0.0,0,0,0,0.0,0.0,0.0
COCO,202228,1,1,0,0,2,3,4,3,7,5,0,0,4,0.012580242000240105,0.006514207000236638,0.0,0.006514207000236638,0.006651042000157759,0.01928848800025662,Optimal,0,none,1.3819415839513147,0,5,100.0,100.0,100.0,2.0,1,1,0,0.5,1.0,0.6666666666666666,0.960806719607414,1,1,0,0.5,1.0,0.6666666666666666,0.960806719607414,1,1,0,0.5,1.0,0.6666666666666666,0.960806719607414,1,1,0,0.5,1.0,0.6666666666666666,0.960806719607414,4.2207000205962686e-05,0,100.0,0,0,0,0.0,0.0,0.0,0,0,0,0.0,0.0,0.0,0,0,0,0.0,0.0,0.0,0,0,0,0.0,0.0,0.0
COCO,403565,3,3,0,0,2,4,4,4,8,5,0,0,4,0.015437275000294903,0.006493237000086083,0.0,0.006493237000086083,0.006597116999728314,0.02209793300016827,Optimal,0,none,1.5066656621297203,0,5,100.0,100.0,100.0,2.0,2,0,1,1.0,0.6666666666666666,0.8,0.9038158593467307,2,0,1,1.0,0.6666666666666666,0.8,0.9038158593467307,2,0,1,1.0,0.6666666666666666,0.8,0.9038158593467307,2,0,1,1.0,0.6666666666666666,0.8,0.9038158593467307,4.8467999931745e-05,0,100.0,0,0,0,0.0,0.0,0.0,0,0,0,0.0,0.0,0.0,0,0,0,0.0,0.0,0.0,0,0,0,0.0,0.0,0.0
COCO,211042,2,2,0,0,3,6,6,6,12,10,0,0,6,0.014218152000012196,0.006605863999993744,0.0,0.006605863999993744,0.006724367000060738,0.021005582000270806,Optimal,0,none,2.354026713371277,0,10,100.0,100.0,100.0,2.0,1,2,1,0.3333333333333333,0.5,0.4,0.7689845405847505,1,2,1,0.3333333333333333,0.5,0.4,0.7689845405847505,1,2,1,0.3333333333333333,0.5,0.4,0.7689845405847505,1,2,1,0.3333333333333333,0.5,0.4,0.7689845405847505,4.372500006866176e-05,0,100.0,0,0,0,0.0,0.0,0.0,0,0,0,0.0,0.0,0.0,0,0,0,0.0,0.0,0.0,0,0,0,0.0,0.0,0.0
COCO,492878,8,8,0,0,4,24,8,24,32,17,0,0,8,0.018526490000112972,0.00811435400009941,0.0,0.00811435400009941,0.00828231000014057,0.026929124999696796,Optimal,0,none,3.1841269699732475,0,13,100.0,100.0,100.0,2.0,2,2,6,0.5,0.25,0.3333333333333333,0.8753922143288593,2,2,6,0.5,0.25,0.3333333333333333,0.8753922143288593,2,2,6,0.5,0.25,0.3333333333333333,0.8753922143288593,2,2,6,0.5,0.25,0.3333333333333333,0.8753922143288593,9.601100009604124e-05,0,100.0,0,0,0,0.0,0.0,0.0,0,0,0,0.0,0.0,0.0,0,0,0,0.0,0.0,0.0,0,0,0,0.0,0.0,0.0
COCO,441586,10,10,0,0,9,129,18,129,147,82,0,0,18,0.016135530000155995,0.013697796000087692,0.0,0.013697796000087692,0.01400990100000854,0.03053674200009482,Optimal,0,none,7.31781027555466,0,28,100.0,100.0,100.0,2.0,5,4,5,0.5555555555555556,0.5,0.5263157894736842,0.8340208720239519,5,4,5,0.5555555555555556,0.5,0.5263157894736842,0.8340208720239519,5,4,5,0.5555555555555556,0.5,0.5263157894736842,0.8340208720239519,5,4,5,0.5555555555555556,0.5,0.5263157894736842,0.8340208720239519,0.0003462950003267906,0,100.0,0,0,0,0.0,0.0,0.0,0,0,0,0.0,0.0,0.0,0,0,0,0.0,0.0,0.0,0,0,0,0.0,0.0,0.0
COCO,547816,4,4,0,0,3,8,6,8,14,10,0,0,6,0.014496359000077064,0.00681134500018743,0.0,0.00681134500018743,0.006938921999790182,0.021518128000025172,Optimal,0,none,2.1966509866714476,0,10,100.0,100.0,100.0,2.0,1,2,3,0.3333333333333333,0.25,0.28571428571428575,0.9315770581189947,1,2,3,0.3333333333333333,0.25,0.28571428571428575,0.9315770581189947,1,2,3,0.3333333333333333,0.25,0.28571428571428575,0.9315770581189947,1,2,3,0.3333333333333333,0.25,0.28571428571428575,0.9315770581189947,5.09510000483715e-05,0,100.0,0,0,0,0.0,0.0,0.0,0,0,0,0.0,0.0,0.0,0,0,0,0.0,0.0,0.0,0,0,0,0.0,0.0,0.0
COCO,306733,7,7,0,0,3,12,6,12,18,10,0,0,6,0.014833022000402707,0.007168580000325164,0.0,0.007168580000325164,0.007313932000215573,0.022273329000199737,Optimal,0,none,2.354086131627997,0,10,100.0,100.0,100.0,2.0,1,2,6,0.3333333333333333,0.14285714285714285,0.2,0.8703744953506753,1,2,6,0.3333333333333333,0.14285714285714285,0.2,0.8703744953506753,1,2,6,0.3333333333333333,0.14285714285714285,0.2,0.8703744953506753,1,2,6,0.3333333333333333,0.14285714285714285,0.2,0.8703744953506753,6.082600020818063e-05,0,100.0,0,0,0,0.0,0.0,0.0,0,0,0,0.0,0.0,0.0,0,0,0,0.0,0.0,0.0,0,0,0,0.0,0.0,0.0
COCO,530099,2,2,0,0,2,2,4,2,6,5,0,0,4,0.013601054999980988,0.006645602999924449,0.0,0.006645602999924449,0.006750173999989784,0.02039833400021962,Optimal,0,none,1.2064426692326866,0,5,100.0,100.0,100.0,2.0,2,0,0,1.0,1.0,1.0,0.9004214645812172,2,0,0,1.0,1.0,1.0,0.9004214645812172,2,0,0,1.0,1.0,1.0,0.9004214645812172,2,0,0,1.0,1.0,1.0,0.9004214645812172,3.3970999993471196e-05,0,100.0,0,0,0,0.0,0.0,0.0,0,0,0,0.0,0.0,0.0,0,0,0,0.0,0.0,0.0,0,0,0,0.0,0.0,0.0
COCO,312278,2,2,0,0,0,0,0,0,0,0,0,0,1,0.012546421000024566,0.005072664000181248,0.0,0.005072664000181248,0.00511151399996379,0.017673147000095923,Optimal,0,none,,0,1,100.0,0.0,0.0,0.0,0,0,2,0.0,0.0,0.0,0.0,0,0,2,0.0,0.0,0.0,0.0,0,0,2,0.0,0.0,0.0,0.0,0,0,2,0.0,0.0,0.0,0.0,9.869000223261537e-06,0,100.0,0,0,0,0.0,0.0,0.0,0,0,0,0.0,0.0,0.0,0,0,0,0.0,0.0,0.0,0,0,0,0.0,0.0,0.0
COCO,97679,5,5,0,0,2,2,4,2,6,5,0,0,4,0.013982320000195614,0.006235694999759289,0.0,0.006235694999759289,0.0063289009999607515,0.02035745000011957,Optimal,0,none,1.5259603627522784,0,5,100.0,100.0,100.0,2.0,2,0,3,1.0,0.4,0.5714285714285715,0.8606319645786741,2,0,3,1.0,0.4,0.5714285714285715,0.8606319645786741,2,0,3,1.0,0.4,0.5714285714285715,0.8606319645786741,2,0,3,1.0,0.4,0.5714285714285715,0.8606319645786741,3.315799995107227e-05,0,100.0,0,0,0,0.0,0.0,0.0,0,0,0,0.0,0.0,0.0,0,0,0,0.0,0.0,0.0,0,0,0,0.0,0.0,0.0
COCO,564127,1,1,0,0,1,0,2,0,2,1,0,0,2,0.013832187999923917,0.006383831999755785,0.0,0.006383831999755785,0.006463178000103653,0.020349363000150333,Optimal,0,none,0.6202795902887981,0,2,100.0,100.0,100.0,2.0,1,0,0,1.0,1.0,1.0,0.9529408435692113,1,0,0,1.0,1.0,1.0,0.9529408435692113,1,0,0,1.0,1.0,1.0,0.9529408435692113,1,0,0,1.0,1.0,1.0,0.9529408435692113,4.390999993120204e-05,0,100.0,0,0,0,0.0,0.0,0.0,0,0,0,0.0,0.0,0.0,0,0,0,0.0,0.0,0.0,0,0,0,0.0,0.0,0.0
COCO,251065,1,1,0,0,1,0,2,0,2,1,0,0,2,0.014379591999841068,0.006325813999865204,0.0,0.006325813999865204,0.006395839999640884,0.020804219000183366,Optimal,0,none,0.5766080061594645,0,2,100.0,100.0,100.0,2.0,1,0,0,1.0,1.0,1.0,0.9377720493096505,1,0,0,1.0,1.0,1.0,0.9377720493096505,1,0,0,1.0,1.0,1.0,0.9377720493096505,1,0,0,1.0,1.0,1.0,0.9377720493096505,2.114000017172657e-05,0,100.0,0,0,0,0.0,0.0,0.0,0,0,0,0.0,0.0,0.0,0,0,0,0.0,0.0,0.0,0,0,0,0.0,0.0,0.0
COCO,3845,12,12,0,0,8,107,16,107,123,65,0,0,16,0.016790288999800396,0.012394853999921907,0.0,0.012394853999921907,0.012787481999566808,0.029936500000076194,Optimal,0,none,6.580070085384999,0,25,100.0,100.0,100.0,2.0,6,2,6,0.75,0.5,0.6,0.8806702712095187,6,2,6,0.75,0.5,0.6,0.8806702712095187,6,2,6,0.75,0.5,0.6,0.8806702712095187,6,2,6,0.75,0.5,0.6,0.8806702712095187,0.0003115230001640157,0,100.0,0,0,0,0.0,0.0,0.0,0,0,0,0.0,0.0,0.0,0,0,0,0.0,0.0,0.0,0,0,0,0.0,0.0,0.0
COCO,138819,2,2,0,0,3,12,6,12,18,10,0,0,6,0.01395948400022462,0.0074933539999619825,0.0,0.0074933539999619825,0.007634903000052873,0.02168272100016111,Optimal,0,none,2.4169951176643383,0,10,100.0,100.0,100.0,2.0,2,1,0,0.6666666666666666,1.0,0.8,0.9486534952132669,2,1,0,0.6666666666666666,1.0,0.8,0.9486534952132669,2,1,0,0.6666666666666666,1.0,0.8,0.9486534952132669,2,1,0,0.6666666666666666,1.0,0.8,0.9486534952132669,6.546100030391244e-05,0,100.0,0,0,0,0.0,0.0,0.0,0,0,0,0.0,0.0,0.0,0,0,0,0.0,0.0,0.0,0,0,0,0.0,0.0,0.0
COCO,205834,2,2,0,0,2,4,4,4,8,5,0,0,4,0.014401203000034002,0.007333793000270816,0.0,0.007333793000270816,0.007484021999971446,0.021943564000139304,Optimal,0,none,1.5794843705495198,0,5,100.0,100.0,100.0,2.0,2,0,0,1.0,1.0,1.0,0.9142704308732034,2,0,0,1.0,1.0,1.0,0.9142704308732034,2,0,0,1.0,1.0,1.0,0.9142704308732034,2,0,0,1.0,1.0,1.0,0.9142704308732034,4.233800018482725e-05,0,100.0,0,0,0,0.0,0.0,0.0,0,0,0,0.0,0.0,0.0,0,0,0,0.0,0.0,0.0,0,0,0,0.0,0.0,0.0
COCO,348708,3,3,0,0,4,20,8,20,28,17,0,0,8,0.014231626999844593,0.008096794000266527,0.0,0.008096794000266527,0.008259806999831198,0.02259750199982591,Optimal,0,none,3.461107236452205,0,13,100.0,100.0,100.0,2.0,3,1,0,0.75,1.0,0.8571428571428571,0.8643957860247777,3,1,0,0.75,1.0,0.8571428571428571,0.8643957860247777,3,1,0,0.75,1.0,0.8571428571428571,0.8643957860247777,3,1,0,0.75,1.0,0.8571428571428571,0.8643957860247777,8.315800005220808e-05,0,100.0,0,0,0,0.0,0.0,0.0,0,0,0,0.0,0.0,0.0,0,0,0,0.0,0.0,0.0,0,0,0,0.0,0.0,0.0
COCO,166521,16,16,0,0,3,12,6,12,18,10,0,0,6,0.013482687000305305,0.007096515000284853,0.0,0.007096515000284853,0.007219462000193744,0.020831254000313493,Optimal,0,none,2.585651943683625,0,10,100.0,100.0,100.0,2.0,3,0,13,1.0,0.1875,0.3157894736842105,0.8336324896513707,3,0,13,1.0,0.1875,0.3157894736842105,0.8336324896513707,3,0,13,1.0,0.1875,0.3157894736842105,0.8336324896513707,3,0,13,1.0,0.1875,0.3157894736842105,0.8336324896513707,0.00010622099989632261,0,100.0,0,0,0,0.0,0.0,0.0,0,0,0,0.0,0.0,0.0,0,0,0,0.0,0.0,0.0,0,0,0,0.0,0.0,0.0
COCO,485802,1,1,0,0,1,0,2,0,2,1,0,0,2,0.014004927999849315,0.006590800999674684,0.0,0.006590800999674684,0.0066604069997993065,0.020695124000212672,Optimal,0,none,0.39792163769404093,0,2,100.0,100.0,100.0,2.0,1,0,0,1.0,1.0,1.0,0.833891837254592,1,0,0,1.0,1.0,1.0,0.833891837254592,1,0,0,1.0,1.0,1.0,0.833891837254592,1,0,0,1.0,1.0,1.0,0.833891837254592,2.169700019294396e-05,0,100.0,0,0,0,0.0,0.0,0.0,0,0,0,0.0,0.0,0.0,0,0,0,0.0,0.0,0.0,0,0,0,0.0,0.0,0.0
COCO,99054,6,6,0,0,1,0,2,0,2,1,0,0,2,0.01281677299994044,0.0063851200002318365,0.0,0.0063851200002318365,0.006452663999880315,0.019297766999898158,Optimal,0,none,0.4902946631113688,0,2,100.0,100.0,100.0,2.0,1,0,5,1.0,0.16666666666666666,0.2857142857142857,0.9348492043479494,1,0,5,1.0,0.16666666666666666,0.2857142857142857,0.9348492043479494,1,0,5,1.0,0.16666666666666666,0.2857142857142857,0.9348492043479494,1,0,5,1.0,0.16666666666666666,0.2857142857142857,0.9348492043479494,2.0886000129394233e-05,0,100.0,0,0,0,0.0,0.0,0.0,0,0,0,0.0,0.0,0.0,0,0,0,0.0,0.0,0.0,0,0,0,0.0,0.0,0.0
COCO,22969,2,2,0,0,2,4,4,4,8,5,0,0,4,0.015003470000010566,0.006785045000015089,0.0,0.006785045000015089,0.006890878999911365,0.021954821999770502,Optimal,0,none,1.599253443082174,0,5,100.0,100.0,100.0,2.0,2,0,0,1.0,1.0,1.0,0.9693355611794725,2,0,0,1.0,1.0,1.0,0.9693355611794725,2,0,0,1.0,1.0,1.0,0.9693355611794725,2,0,0,1.0,1.0,1.0,0.9693355611794725,4.4101000185037265e-05,0,100.0,0,0,0,0.0,0.0,0.0,0,0,0,0.0,0.0,0.0,0,0,0,0.0,0.0,0.0,0,0,0,0.0,0.0,0.0
COCO,570539,8,8,0,0,7,84,14,84,98,50,0,0,14,0.014678200000162178,0.010079713999857631,0.0,0.010079713999857631,0.010331599000437564,0.025396748000275693,Optimal,0,none,5.8058100625914335,0,22,100.0,100.0,100.0,2.0,3,4,5,0.42857142857142855,0.375,0.39999999999999997,0.8811620433824916,3,4,5,0.42857142857142855,0.375,0.39999999999999997,0.8811620433824916,3,4,5,0.42857142857142855,0.375,0.39999999999999997,0.8811620433824916,3,4,5,0.42857142857142855,0.375,0.39999999999999997,0.8811620433824916,0.0003459130002738675,0,100.0,0,0,0,0.0,0.0,0.0,0,0,0,0.0,0.0,0.0,0,0,0,0.0,0.0,0.0,0,0,0,0.0,0.0,0.0
COCO,278353,1,1,0,0,1,0,2,0,2,1,0,0,2,0.018325290999655408,0.006191323999701126,0.0,0.006191323999701126,0.006278827000187448,0.024632612999994308,Optimal,0,none,0.578274170557658,0,2,100.0,100.0,100.0,2.0,1,0,0,1.0,1.0,1.0,0.9578346109403065,1,0,0,1.0,1.0,1.0,0.9578346109403065,1,0,0,1.0,1.0,1.0,0.9578346109403065,1,0,0,1.0,1.0,1.0,0.9578346109403065,2.0851000044785906e-05,0,100.0,0,0,0,0.0,0.0,0.0,0,0,0,0.0,0.0,0.0,0,0,0,0.0,0.0,0.0,0,0,0,0.0,0.0,0.0
COCO,158548,20,20,0,0,4,24,8,24,32,17,0,0,8,0.016135356000177126,0.007606660999954329,0.0,0.007606660999954329,0.007753676999982417,0.023998846000267804,Optimal,0,none,3.5290769783655813,0,13,100.0,100.0,100.0,2.0,3,1,17,0.75,0.15,0.24999999999999997,0.9017658603730687,3,1,17,0.75,0.15,0.24999999999999997,0.9017658603730687,3,1,17,0.75,0.15,0.24999999999999997,0.9017658603730687,3,1,17,0.75,0.15,0.24999999999999997,0.9017658603730687,8.71519996508141e-05,0,100.0,0,0,0,0.0,0.0,0.0,0,0,0,0.0,0.0,0.0,0,0,0,0.0,0.0,0.0,0,0,0,0.0,0.0,0.0
COCO,461405,12,12,0,0,14,288,28,288,316,197,0,0,28,0.01697251799987498,0.020138231000146334,0.0,0.020138231000146334,0.020692276999852766,0.038480202999835456,Optimal,0,none,11.92946359565219,0,43,100.0,100.0,100.0,2.0,12,2,0,0.8571428571428571,1.0,0.923076923076923,0.8390839775160623,12,2,0,0.8571428571428571,1.0,0.923076923076923,0.8390839775160623,12,2,0,0.8571428571428571,1.0,0.923076923076923,0.8390839775160623,12,2,0,0.8571428571428571,1.0,0.923076923076923,0.8390839775160623,0.0007379499998023675,0,100.0,0,0,0,0.0,0.0,0.0,0,0,0,0.0,0.0,0.0,0,0,0,0.0,0.0,0.0,0,0,0,0.0,0.0,0.0
COCO,176606,4,4,0,0,3,8,6,8,14,10,0,0,6,0.016317391000029602,0.006681433000267134,0.0,0.006681433000267134,0.006802328000048874,0.023196187999928952,Optimal,0,none,2.474139730930329,0,10,100.0,100.0,100.0,2.0,2,1,2,0.6666666666666666,0.5,0.5714285714285715,0.7990863592407426,2,1,2,0.6666666666666666,0.5,0.5714285714285715,0.7990863592407426,2,1,2,0.6666666666666666,0.5,0.5714285714285715,0.7990863592407426,2,1,2,0.6666666666666666,0.5,0.5714285714285715,0.7990863592407426,4.880799997408758e-05,0,100.0,0,0,0,0.0,0.0,0.0,0,0,0,0.0,0.0,0.0,0,0,0,0.0,0.0,0.0,0,0,0,0.0,0.0,0.0
COCO,44699,4,4,0,0,6,52,12,52,64,37,0,0,12,0.01572362799970506,0.008817915999770776,0.0,0.008817915999770776,0.009034884999891801,0.0249434869997458,Optimal,0,none,5.122725827693941,0,19,100.0,100.0,100.0,2.0,4,2,0,0.6666666666666666,1.0,0.8,0.8782082041418229,4,2,0,0.6666666666666666,1.0,0.8,0.8782082041418229,4,2,0,0.6666666666666666,1.0,0.8,0.8782082041418229,4,2,0,0.6666666666666666,1.0,0.8,0.8782082041418229,0.0001536340000711789,0,100.0,0,0,0,0.0,0.0,0.0,0,0,0,0.0,0.0,0.0,0,0,0,0.0,0.0,0.0,0,0,0,0.0,0.0,0.0
COCO,559956,9,9,0,0,7,77,14,77,91,50,0,0,14,0.01583237700015161,0.01016004500024792,0.0,0.01016004500024792,0.010388035000232776,0.02653304700015724,Optimal,0,none,6.324351786225668,0,22,100.0,100.0,100.0,2.0,7,0,2,1.0,0.7777777777777778,0.8750000000000001,0.9137481237394685,7,0,2,1.0,0.7777777777777778,0.8750000000000001,0.9137481237394685,7,0,2,1.0,0.7777777777777778,0.8750000000000001,0.9137481237394685,7,0,2,1.0,0.7777777777777778,0.8750000000000001,0.9137481237394685,0.0002774399999907473,0,100.0,0,0,0,0.0,0.0,0.0,0,0,0,0.0,0.0,0.0,0,0,0,0.0,0.0,0.0,0,0,0,0.0,0.0,0.0
COCO,268996,0,0,0,0,0,0,0,0,0,0,0,0,1,0.01276095000002897,0.005583285999819054,0.0,0.005583285999819054,0.005627463000109856,0.018405771999823628,Optimal,0,none,,0,1,100.0,0.0,0.0,0.0,0,0,0,0.0,0.0,0.0,0.0,0,0,0,0.0,0.0,0.0,0.0,0,0,0,0.0,0.0,0.0,0.0,0,0,0,0.0,0.0,0.0,0.0,1.1324999832140747e-05,0,100.0,0,0,0,0.0,0.0,0.0,0,0,0,0.0,0.0,0.0,0,0,0,0.0,0.0,0.0,0,0,0,0.0,0.0,0.0
COCO,11197,16,16,0,0,13,294,26,294,320,170,0,0,26,0.01696169699971506,0.019347202999597357,0.0,0.019347202999597357,0.019954259000314778,0.03773954899997989,Optimal,0,none,10.617609823154563,0,40,100.0,100.0,100.0,2.0,8,5,8,0.6153846153846154,0.5,0.5517241379310345,0.8137442761835367,8,5,8,0.6153846153846154,0.5,0.5517241379310345,0.8137442761835367,8,5,8,0.6153846153846154,0.5,0.5517241379310345,0.8137442761835367,8,5,8,0.6153846153846154,0.5,0.5517241379310345,0.8137442761835367,0.0007615270001224417,0,100.0,0,0,0,0.0,0.0,0.0,0,0,0,0.0,0.0,0.0,0,0,0,0.0,0.0,0.0,0,0,0,0.0,0.0,0.0
COCO,483667,3,3,0,0,2,5,4,5,9,5,0,0,4,0.014323205999971833,0.007298191000245424,0.0,0.007298191000245424,0.007412284000110958,0.02180043599992132,Optimal,0,none,1.564479068120321,0,5,100.0,100.0,100.0,2.0,2,0,1,1.0,0.6666666666666666,0.8,0.962524660460117,2,0,1,1.0,0.6666666666666666,0.8,0.962524660460117,2,0,1,1.0,0.6666666666666666,0.8,0.962524660460117,2,0,1,1.0,0.6666666666666666,0.8,0.962524660460117,4.868200039709336e-05,0,100.0,0,0,0,0.0,0.0,0.0,0,0,0,0.0,0.0,0.0,0,0,0,0.0,0.0,0.0,0,0,0,0.0,0.0,0.0
COCO,448810,1,1,0,0,1,0,2,0,2,1,0,0,2,0.014608016000238422,0.006861464999929012,0.0,0.006861464999929012,0.006933952000053978,0.02157178900006329,Optimal,0,none,0.5637685457865398,0,2,100.0,100.0,100.0,2.0,1,0,0,1.0,1.0,1.0,0.946043850042844,1,0,0,1.0,1.0,1.0,0.946043850042844,1,0,0,1.0,1.0,1.0,0.946043850042844,1,0,0,1.0,1.0,1.0,0.946043850042844,2.170000016121776e-05,0,100.0,0,0,0,0.0,0.0,0.0,0,0,0,0.0,0.0,0.0,0,0,0,0.0,0.0,0.0,0,0,0,0.0,0.0,0.0
COCO,724,4,4,0,0,3,12,6,12,18,10,0,0,6,0.015136874000290845,0.007324119999793766,0.0,0.007324119999793766,0.007489372999771149,0.022710375000315253,Optimal,0,none,2.4039040064811714,0,10,100.0,100.0,100.0,2.0,2,1,2,0.6666666666666666,0.5,0.5714285714285715,0.9076024874958515,2,1,2,0.6666666666666666,0.5,0.5714285714285715,0.9076024874958515,2,1,2,0.6666666666666666,0.5,0.5714285714285715,0.9076024874958515,2,1,2,0.6666666666666666,0.5,0.5714285714285715,0.9076024874958515,6.192099999680067e-05,0,100.0,0,0,0,0.0,0.0,0.0,0,0,0,0.0,0.0,0.0,0,0,0,0.0,0.0,0.0,0,0,0,0.0,0.0,0.0
COCO,51961,1,1,0,0,1,0,2,0,2,1,0,0,2,0.015086450000126206,0.007258716999785975,0.0,0.007258716999785975,0.007334363999689231,0.02245086099992477,Optimal,0,none,0.5840691248575847,0,2,100.0,100.0,100.0,2.0,1,0,0,1.0,1.0,1.0,0.9112041780244143,1,0,0,1.0,1.0,1.0,0.9112041780244143,1,0,0,1.0,1.0,1.0,0.9112041780244143,1,0,0,1.0,1.0,1.0,0.9112041780244143,2.216099983343156e-05,0,100.0,0,0,0,0.0,0.0,0.0,0,0,0,0.0,0.0,0.0,0,0,0,0.0,0.0,0.0,0,0,0,0.0,0.0,0.0
COCO,375278,6,6,0,0,4,24,8,24,32,17,0,0,8,0.013901121999879251,0.008438128999841865,0.0,0.008438128999841865,0.00860859199974584,0.02263633699976708,Optimal,0,none,3.243756438891094,0,13,100.0,100.0,100.0,2.0,2,2,4,0.5,0.3333333333333333,0.4,0.845115255983003,2,2,4,0.5,0.3333333333333333,0.4,0.845115255983003,2,2,4,0.5,0.3333333333333333,0.4,0.845115255983003,2,2,4,0.5,0.3333333333333333,0.4,0.845115255983003,0.00010043800011771964,0,100.0,0,0,0,0.0,0.0,0.0,0,0,0,0.0,0.0,0.0,0,0,0,0.0,0.0,0.0,0,0,0,0.0,0.0,0.0
COCO,302165,10,10,0,0,7,85,14,85,99,50,0,0,14,0.014993325999967055,0.009727199000280962,0.0,0.009727199000280962,0.010013508000156435,0.02529765100007353,Optimal,0,none,5.6888865471823475,0,22,100.0,100.0,100.0,2.0,5,2,5,0.7142857142857143,0.5,0.588235294117647,0.8284016556863125,5,2,5,0.7142857142857143,0.5,0.588235294117647,0.8284016556863125,5,2,5,0.7142857142857143,0.5,0.588235294117647,0.8284016556863125,5,2,5,0.7142857142857143,0.5,0.588235294117647,0.8284016556863125,0.0002536090000830882,0,100.0,0,0,0,0.0,0.0,0.0,0,0,0,0.0,0.0,0.0,0,0,0,0.0,0.0,0.0,0,0,0,0.0,0.0,0.0
COCO,131131,2,2,0,0,4,23,8,23,31,17,0,0,8,0.01401138599976548,0.007903617000010854,0.0,0.007903617000010854,0.00805371299975377,0.022170736999669316,Optimal,0,none,3.241240808169048,0,13,100.0,100.0,100.0,2.0,2,2,0,0.5,1.0,0.6666666666666666,0.7677164211841179,2,2,0,0.5,1.0,0.6666666666666666,0.7677164211841179,2,2,0,0.5,1.0,0.6666666666666666,0.7677164211841179,2,2,0,0.5,1.0,0.6666666666666666,0.7677164211841179,8.485100033794879e-05,0,100.0,0,0,0,0.0,0.0,0.0,0,0,0,0.0,0.0,0.0,0,0,0,0.0,0.0,0.0,0,0,0,0.0,0.0,0.0
COCO,98839,3,3,0,0,2,1,4,1,5,4,0,0,4,0.013989322999805154,0.006952398000066751,0.0,0.006952398000066751,0.007057695000185049,0.021090422999805014,Optimal,0,none,1.3252169593175251,0,4,100.0,100.0,100.0,2.0,2,0,1,1.0,0.6666666666666666,0.8,0.9296182221697726,2,0,1,1.0,0.6666666666666666,0.8,0.9296182221697726,2,0,1,1.0,0.6666666666666666,0.8,0.9296182221697726,2,0,1,1.0,0.6666666666666666,0.8,0.9296182221697726,3.1709000268165255e-05,0,100.0,0,0,0,0.0,0.0,0.0,0,0,0,0.0,0.0,0.0,0,0,0,0.0,0.0,0.0,0,0,0,0.0,0.0,0.0
COCO,402992,10,10,0,0,12,261,24,261,285,145,0,0,24,0.01791334499966979,0.017617769000025874,0.0,0.017617769000025874,0.018145634999655158,0.03676257000006444,Optimal,0,none,10.918785113424578,0,37,100.0,100.0,100.0,2.0,10,2,0,0.8333333333333334,1.0,0.9090909090909091,0.8337211851894555,10,2,0,0.8333333333333334,1.0,0.9090909090909091,0.8337211851894555,10,2,0,0.8333333333333334,1.0,0.9090909090909091,0.8337211851894555,10,2,0,0.8333333333333334,1.0,0.9090909090909091,0.8337211851894555,0.00064693400008764,0,100.0,0,0,0,0.0,0.0,0.0,0,0,0,0.0,0.0,0.0,0,0,0,0.0,0.0,0.0,0,0,0,0.0,0.0,0.0
COCO,465675,3,3,0,0,2,6,4,6,10,5,0,0,4,0.013829956999870774,0.006943729999875359,0.0,0.006943729999875359,0.007045271000151843,0.020968218999769306,Optimal,0,none,1.4207473357518512,0,5,100.0,100.0,100.0,2.0,0,2,3,0.0,0.0,0.0,0.0,0,2,3,0.0,0.0,0.0,0.0,0,2,3,0.0,0.0,0.0,0.0,0,2,3,0.0,0.0,0.0,0.0,6.468599985964829e-05,0,100.0,0,0,0,0.0,0.0,0.0,0,0,0,0.0,0.0,0.0,0,0,0,0.0,0.0,0.0,0,0,0,0.0,0.0,0.0
COCO,240754,3,3,0,0,2,2,4,2,6,5,0,0,4,0.014389117000064289,0.006389472000137175,0.0,0.006389472000137175,0.006504030999622046,0.020943872000316333,Optimal,0,none,1.5677824385960895,0,5,100.0,100.0,100.0,2.0,2,0,1,1.0,0.6666666666666666,0.8,0.9374972986259438,2,0,1,1.0,0.6666666666666666,0.8,0.9374972986259438,2,0,1,1.0,0.6666666666666666,0.8,0.9374972986259438,2,0,1,1.0,0.6666666666666666,0.8,0.9374972986259438,3.534000006766291e-05,0,100.0,0,0,0,0.0,0.0,0.0,0,0,0,0.0,0.0,0.0,0,0,0,0.0,0.0,0.0,0,0,0,0.0,0.0,0.0
COCO,21167,4,4,0,0,4,23,8,23,31,17,0,0,8,0.013844636000158062,0.007741430999885779,0.0,0.007741430999885779,0.007915161000255466,0.02187991399978273,Optimal,0,none,3.482257477561843,0,13,100.0,100.0,100.0,2.0,4,0,0,1.0,1.0,1.0,0.8290211230040816,4,0,0,1.0,1.0,1.0,0.8290211230040816,4,0,0,1.0,1.0,1.0,0.8290211230040816,4,0,0,1.0,1.0,1.0,0.8290211230040816,9.682699965196662e-05,0,100.0,0,0,0,0.0,0.0,0.0,0,0,0,0.0,0.0,0.0,0,0,0,0.0,0.0,0.0,0,0,0,0.0,0.0,0.0
COCO,148730,2,2,0,0,1,0,2,0,2,1,0,0,2,0.014127977000043757,0.008015547000013612,0.0,0.008015547000013612,0.008087348000117345,0.02224516800015408,Optimal,0,none,0.42415440479914346,0,2,100.0,100.0,100.0,2.0,0,1,2,0.0,0.0,0.0,0.0,0,1,2,0.0,0.0,0.0,0.0,0,1,2,0.0,0.0,0.0,0.0,0,1,2,0.0,0.0,0.0,0.0,2.1817000288137933e-05,0,100.0,0,0,0,0.0,0.0,0.0,0,0,0,0.0,0.0,0.0,0,0,0,0.0,0.0,0.0,0,0,0,0.0,0.0,0.0
COCO,384468,6,6,0,0,6,53,12,53,65,37,0,0,12,0.01620804100002715,0.009083307999844692,0.0,0.009083307999844692,0.009283196000069438,0.025666313999863632,Optimal,0,none,5.084173830501146,0,19,100.0,100.0,100.0,2.0,5,1,1,0.8333333333333334,0.8333333333333334,0.8333333333333334,0.8874762085439867,5,1,1,0.8333333333333334,0.8333333333333334,0.8333333333333334,0.8874762085439867,5,1,1,0.8333333333333334,0.8333333333333334,0.8333333333333334,0.8874762085439867,5,1,1,0.8333333333333334,0.8333333333333334,0.8333333333333334,0.8874762085439867,0.00014664699983768514,0,100.0,0,0,0,0.0,0.0,0.0,0,0,0,0.0,0.0,0.0,0,0,0,0.0,0.0,0.0,0,0,0,0.0,0.0,0.0
COCO,253742,29,29,0,0,30,1642,60,1642,1702,901,0,0,60,0.020528817000013078,0.07890045200019813,0.0,0.07890045200019813,0.08076930200013521,0.10505299099986587,Optimal,0,none,25.45593083452401,0,91,100.0,100.0,100.0,2.0,20,10,9,0.6666666666666666,0.6896551724137931,0.6779661016949153,0.8318561968380379,20,10,9,0.6666666666666666,0.6896551724137931,0.6779661016949153,0.8318561968380379,20,10,9,0.6666666666666666,0.6896551724137931,0.6779661016949153,0.8318561968380379,20,10,9,0.6666666666666666,0.6896551724137931,0.6779661016949153,0.8318561968380379,0.003624130999924091,0,100.0,0,0,0,0.0,0.0,0.0,0,0,0,0.0,0.0,0.0,0,0,0,0.0,0.0,0.0,0,0,0,0.0,0.0,0.0
COCO,186873,10,10,0,0,7,70,14,70,84,50,0,0,14,0.0175865609999164,0.010731405000115046,0.0,0.010731405000115046,0.0109900090001247,0.028818333999879542,Optimal,0,none,5.589182649728979,0,22,100.0,100.0,100.0,2.0,7,0,3,1.0,0.7,0.8235294117647058,0.7362334662283712,7,0,3,1.0,0.7,0.8235294117647058,0.7362334662283712,7,0,3,1.0,0.7,0.8235294117647058,0.7362334662283712,7,0,3,1.0,0.7,0.8235294117647058,0.7362334662283712,0.00020760699999300414,0,100.0,0,0,0,0.0,0.0,0.0,0,0,0,0.0,0.0,0.0,0,0,0,0.0,0.0,0.0,0,0,0,0.0,0.0,0.0
COCO,82180,3,3,0,0,3,11,6,11,17,10,0,0,6,0.014485941000202729,0.006575950000296871,0.0,0.006575950000296871,0.006698326999867277,0.02127130400003807,Optimal,0,none,2.609673460671819,0,10,100.0,100.0,100.0,2.0,2,1,1,0.6666666666666666,0.6666666666666666,0.6666666666666666,0.9278227407072488,2,1,1,0.6666666666666666,0.6666666666666666,0.6666666666666666,0.9278227407072488,2,1,1,0.6666666666666666,0.6666666666666666,0.6666666666666666,0.9278227407072488,2,1,1,0.6666666666666666,0.6666666666666666,0.6666666666666666,0.9278227407072488,6.841699996584794e-05,0,100.0,0,0,0,0.0,0.0,0.0,0,0,0,0.0,0.0,0.0,0,0,0,0.0,0.0,0.0,0,0,0,0.0,0.0,0.0
COCO,446522,4,4,0,0,3,12,6,12,18,10,0,0,6,0.014467201000115892,0.007037983999907738,0.0,0.007037983999907738,0.007175807999828976,0.02175343699991572,Optimal,0,none,2.608398331378624,0,10,100.0,100.0,100.0,2.0,3,0,1,1.0,0.75,0.8571428571428571,0.9152148149455698,3,0,1,1.0,0.75,0.8571428571428571,0.9152148149455698,3,0,1,1.0,0.75,0.8571428571428571,0.9152148149455698,3,0,1,1.0,0.75,0.8571428571428571,0.9152148149455698,8.842599982017418e-05,0,100.0,0,0,0,0.0,0.0,0.0,0,0,0,0.0,0.0,0.0,0,0,0,0.0,0.0,0.0,0,0,0,0.0,0.0,0.0
COCO,552902,1,1,0,0,1,0,2,0,2,1,0,0,2,0.015797202999692672,0.006337178000194399,0.0,0.006337178000194399,0.006404432000181259,0.022228076999908808,Optimal,0,none,0.637745992342631,0,2,100.0,100.0,100.0,2.0,1,0,0,1.0,1.0,1.0,0.9592138525269956,1,0,0,1.0,1.0,1.0,0.9592138525269956,1,0,0,1.0,1.0,1.0,0.9592138525269956,1,0,0,1.0,1.0,1.0,0.9592138525269956,1.95429997802421e-05,0,100.0,0,0,0,0.0,0.0,0.0,0,0,0,0.0,0.0,0.0,0,0,0,0.0,0.0,0.0,0,0,0,0.0,0.0,0.0
COCO,125405,3,3,0,0,2,4,4,4,8,5,0,0,4,0.01402975700011666,0.007254239999838319,0.0,0.007254239999838319,0.00736502300014763,0.021453966000080982,Optimal,0,none,1.5294100316365564,0,5,100.0,100.0,100.0,2.0,2,0,1,1.0,0.6666666666666666,0.8,0.9505019205392922,2,0,1,1.0,0.6666666666666666,0.8,0.9505019205392922,2,0,1,1.0,0.6666666666666666,0.8,0.9505019205392922,2,0,1,1.0,0.6666666666666666,0.8,0.9505019205392922,4.35860001744004e-05,0,100.0,0,0,0,0.0,0.0,0.0,0,0,0,0.0,0.0,0.0,0,0,0,0.0,0.0,0.0,0,0,0,0.0,0.0,0.0
COCO,110211,5,5,0,0,5,28,10,28,38,26,0,0,10,0.01819902999977785,0.008696587000031286,0.0,0.008696587000031286,0.008883116000106384,0.02722919300003923,Optimal,0,none,4.185179236274719,0,16,100.0,100.0,100.0,2.0,4,1,1,0.8,0.8,0.8000000000000002,0.9219506776090214,4,1,1,0.8,0.8,0.8000000000000002,0.9219506776090214,4,1,1,0.8,0.8,0.8000000000000002,0.9219506776090214,4,1,1,0.8,0.8,0.8000000000000002,0.9219506776090214,0.00011790000007749768,0,100.0,0,0,0,0.0,0.0,0.0,0,0,0,0.0,0.0,0.0,0,0,0,0.0,0.0,0.0,0,0,0,0.0,0.0,0.0
COCO,16010,5,5,0,0,5,38,10,38,48,26,0,0,10,0.014990083000157028,0.007904922999841801,0.0,0.007904922999841801,0.008096102999843424,0.0232265820000066,Optimal,0,none,4.135424955685934,0,16,100.0,100.0,100.0,2.0,1,4,4,0.2,0.2,0.20000000000000004,0.9162979671900963,1,4,4,0.2,0.2,0.20000000000000004,0.9162979671900963,1,4,4,0.2,0.2,0.20000000000000004,0.9162979671900963,1,4,4,0.2,0.2,0.20000000000000004,0.9162979671900963,0.00011695300008796039,0,100.0,0,0,0,0.0,0.0,0.0,0,0,0,0.0,0.0,0.0,0,0,0,0.0,0.0,0.0,0,0,0,0.0,0.0,0.0
COCO,64462,2,2,0,0,2,5,4,5,9,5,0,0,4,0.014483692000339943,0.007019700000000739,0.0,0.007019700000000739,0.007126578000224981,0.021670977000212588,Optimal,0,none,1.531265324756299,0,5,100.0,100.0,100.0,2.0,2,0,0,1.0,1.0,1.0,0.8549246898894727,2,0,0,1.0,1.0,1.0,0.8549246898894727,2,0,0,1.0,1.0,1.0,0.8549246898894727,2,0,0,1.0,1.0,1.0,0.8549246898894727,4.501200010054163e-05,0,100.0,0,0,0,0.0,0.0,0.0,0,0,0,0.0,0.0,0.0,0,0,0,0.0,0.0,0.0,0,0,0,0.0,0.0,0.0
COCO,314182,9,9,0,0,13,309,26,309,335,170,0,0,26,0.017002324999793927,0.018687516000227333,0.0,0.018687516000227333,0.019205415999749675,0.03695176199971684,Optimal,0,none,10.901547794043163,0,40,100.0,100.0,100.0,2.0,7,6,2,0.5384615384615384,0.7777777777777778,0.6363636363636364,0.8859952198689586,7,6,2,0.5384615384615384,0.7777777777777778,0.6363636363636364,0.8859952198689586,7,6,2,0.5384615384615384,0.7777777777777778,0.6363636363636364,0.8859952198689586,7,6,2,0.5384615384615384,0.7777777777777778,0.6363636363636364,0.8859952198689586,0.0006886399996801629,0,100.0,0,0,0,0.0,0.0,0.0,0,0,0,0.0,0.0,0.0,0,0,0,0.0,0.0,0.0,0,0,0,0.0,0.0,0.0
COCO,248980,10,10,0,0,6,66,12,66,78,37,0,0,12,0.01618562900011966,0.009151017000021966,0.0,0.009151017000021966,0.009371467999699234,0.025756921999800397,Optimal,0,none,4.682909436225893,0,19,100.0,100.0,100.0,2.0,3,3,7,0.5,0.3,0.37499999999999994,0.7380094049072886,3,3,7,0.5,0.3,0.37499999999999994,0.7380094049072886,3,3,7,0.5,0.3,0.37499999999999994,0.7380094049072886,3,3,7,0.5,0.3,0.37499999999999994,0.7380094049072886,0.00017183700038003735,0,100.0,0,0,0,0.0,0.0,0.0,0,0,0,0.0,0.0,0.0,0,0,0,0.0,0.0,0.0,0,0,0,0.0,0.0,0.0
COCO,68387,7,7,0,0,7,88,14,88,102,50,0,0,14,0.013801419000174064,0.010315727000033803,0.0,0.010315727000033803,0.010571882000022015,0.024745584000356757,Optimal,0,none,6.258003857548165,0,22,100.0,100.0,100.0,2.0,6,1,1,0.8571428571428571,0.8571428571428571,0.8571428571428571,0.8949391251719021,6,1,1,0.8571428571428571,0.8571428571428571,0.8571428571428571,0.8949391251719021,6,1,1,0.8571428571428571,0.8571428571428571,0.8571428571428571,0.8949391251719021,6,1,1,0.8571428571428571,0.8571428571428571,0.8571428571428571,0.8949391251719021,0.00033340799973302637,0,100.0,0,0,0,0.0,0.0,0.0,0,0,0,0.0,0.0,0.0,0,0,0,0.0,0.0,0.0,0,0,0,0.0,0.0,0.0
COCO,429281,18,18,0,0,6,55,12,55,67,37,0,0,12,0.01531573100010064,0.009028398999817,0.0,0.009028398999817,0.009254931999748806,0.02475615299999845,Optimal,0,none,4.668549571929456,0,19,100.0,100.0,100.0,2.0,1,5,17,0.16666666666666666,0.05555555555555555,0.08333333333333333,0.528257801081957,1,5,17,0.16666666666666666,0.05555555555555555,0.08333333333333333,0.528257801081957,1,5,17,0.16666666666666666,0.05555555555555555,0.08333333333333333,0.528257801081957,1,5,17,0.16666666666666666,0.05555555555555555,0.08333333333333333,0.528257801081957,0.00015589799977533403,0,100.0,0,0,0,0.0,0.0,0.0,0,0,0,0.0,0.0,0.0,0,0,0,0.0,0.0,0.0,0,0,0,0.0,0.0,0.0
COCO,345466,11,11,0,0,7,67,14,67,81,50,0,0,14,0.01574465700014116,0.010051405000012892,0.0,0.010051405000012892,0.010285171999839804,0.026286872000127914,Optimal,0,none,5.977377914587659,0,22,100.0,100.0,100.0,2.0,7,0,4,1.0,0.6363636363636364,0.7777777777777778,0.889455410055331,7,0,4,1.0,0.6363636363636364,0.7777777777777778,0.889455410055331,7,0,4,1.0,0.6363636363636364,0.7777777777777778,0.889455410055331,7,0,4,1.0,0.6363636363636364,0.7777777777777778,0.889455410055331,0.00022597099996346515,0,100.0,0,0,0,0.0,0.0,0.0,0,0,0,0.0,0.0,0.0,0,0,0,0.0,0.0,0.0,0,0,0,0.0,0.0,0.0
COCO,352900,9,9,0,0,9,145,18,145,163,82,0,0,18,0.014293052000084572,0.011925818999770854,0.0,0.011925818999770854,0.012322184000367997,0.027000943000075495,Optimal,0,none,7.066857199668887,0,28,100.0,100.0,100.0,2.0,5,4,4,0.5555555555555556,0.5555555555555556,0.5555555555555556,0.8726769413247352,5,4,4,0.5555555555555556,0.5555555555555556,0.5555555555555556,0.8726769413247352,5,4,4,0.5555555555555556,0.5555555555555556,0.5555555555555556,0.8726769413247352,5,4,4,0.5555555555555556,0.5555555555555556,0.5555555555555556,0.8726769413247352,0.0003468329996394459,0,100.0,0,0,0,0.0,0.0,0.0,0,0,0,0.0,0.0,0.0,0,0,0,0.0,0.0,0.0,0,0,0,0.0,0.0,0.0
COCO,118367,10,10,0,0,2,2,4,2,6,5,0,0,4,0.01490998299959756,0.0066607509997993475,0.0,0.0066607509997993475,0.006764939999811759,0.021726804999616434,Optimal,0,none,1.3970034011205037,0,5,100.0,100.0,100.0,2.0,1,1,9,0.5,0.1,0.16666666666666669,0.8229930160033092,1,1,9,0.5,0.1,0.16666666666666669,0.8229930160033092,1,1,9,0.5,0.1,0.16666666666666669,0.8229930160033092,1,1,9,0.5,0.1,0.16666666666666669,0.8229930160033092,3.622800022640149e-05,0,100.0,0,0,0,0.0,0.0,0.0,0,0,0,0.0,0.0,0.0,0,0,0,0.0,0.0,0.0,0,0,0,0.0,0.0,0.0
COCO,113235,4,4,0,0,3,12,6,12,18,10,0,0,6,0.015815773000213085,0.007952956999815797,0.0,0.007952956999815797,0.008091266000064934,0.02400105300012001,Optimal,0,none,2.6186755275726328,0,10,100.0,100.0,100.0,2.0,1,2,3,0.3333333333333333,0.25,0.28571428571428575,0.7350805785624357,1,2,3,0.3333333333333333,0.25,0.28571428571428575,0.7350805785624357,1,2,3,0.3333333333333333,0.25,0.28571428571428575,0.7350805785624357,1,2,3,0.3333333333333333,0.25,0.28571428571428575,0.7350805785624357,7.43549999242532e-05,0,100.0,0,0,0,0.0,0.0,0.0,0,0,0,0.0,0.0,0.0,0,0,0,0.0,0.0,0.0,0,0,0,0.0,0.0,0.0
COCO,311303,8,8,0,0,8,103,16,103,119,65,0,0,16,0.014615641000091273,0.010934679000001779,0.0,0.010934679000001779,0.011242141999900923,0.026189129000158573,Optimal,0,none,6.44436112212573,0,25,100.0,100.0,100.0,2.0,5,3,3,0.625,0.625,0.625,0.8335895742082647,5,3,3,0.625,0.625,0.625,0.8335895742082647,5,3,3,0.625,0.625,0.625,0.8335895742082647,5,3,3,0.625,0.625,0.625,0.8335895742082647,0.00029490699989764835,0,100.0,0,0,0,0.0,0.0,0.0,0,0,0,0.0,0.0,0.0,0,0,0,0.0,0.0,0.0,0,0,0,0.0,0.0,0.0
COCO,163640,6,6,0,0,5,32,10,32,42,26,0,0,10,0.015538053000000218,0.00817361700001129,0.0,0.00817361700001129,0.00835504899987427,0.024028730999816617,Optimal,0,none,4.387752697177589,0,16,100.0,100.0,100.0,2.0,4,1,2,0.8,0.6666666666666666,0.7272727272727272,0.8699263897107847,4,1,2,0.8,0.6666666666666666,0.7272727272727272,0.8699263897107847,4,1,2,0.8,0.6666666666666666,0.7272727272727272,0.8699263897107847,4,1,2,0.8,0.6666666666666666,0.7272727272727272,0.8699263897107847,0.00010961799989672727,0,100.0,0,0,0,0.0,0.0,0.0,0,0,0,0.0,0.0,0.0,0,0,0,0.0,0.0,0.0,0,0,0,0.0,0.0,0.0
COCO,370999,0,0,0,0,2,4,4,4,8,5,0,0,4,0.013180114000078902,0.006932760999916354,0.0,0.006932760999916354,0.007031450999875233,0.02027425400001448,Optimal,0,none,1.5789858849843346,0,5,100.0,100.0,100.0,2.0,0,2,0,0.0,0.0,0.0,0.0,0,2,0,0.0,0.0,0.0,0.0,0,2,0,0.0,0.0,0.0,0.0,0,2,0,0.0,0.0,0.0,0.0,4.8270000206684927e-05,0,100.0,0,0,0,0.0,0.0,0.0,0,0,0,0.0,0.0,0.0,0,0,0,0.0,0.0,0.0,0,0,0,0.0,0.0,0.0
COCO,1490,2,2,0,0,2,3,4,3,7,5,0,0,4,0.012970197999948141,0.006546470999637677,0.0,0.006546470999637677,0.00664315699987128,0.019661379999888595,Optimal,0,none,1.3066491158803304,0,5,100.0,100.0,100.0,2.0,2,0,0,1.0,1.0,1.0,0.9055431309203354,2,0,0,1.0,1.0,1.0,0.9055431309203354,2,0,0,1.0,1.0,1.0,0.9055431309203354,2,0,0,1.0,1.0,1.0,0.9055431309203354,3.472699972917326e-05,0,100.0,0,0,0,0.0,0.0,0.0,0,0,0,0.0,0.0,0.0,0,0,0,0.0,0.0,0.0,0,0,0,0.0,0.0,0.0
COCO,329456,9,9,0,0,7,65,14,65,79,49,0,0,14,0.014558305000264227,0.009259879000182991,0.0,0.009259879000182991,0.009475965000092401,0.02425880999999208,Optimal,0,none,6.087270522859307,0,22,100.0,100.0,100.0,2.0,5,2,4,0.7142857142857143,0.5555555555555556,0.6250000000000001,0.885890344537023,5,2,4,0.7142857142857143,0.5555555555555556,0.6250000000000001,0.885890344537023,5,2,4,0.7142857142857143,0.5555555555555556,0.6250000000000001,0.885890344537023,5,2,4,0.7142857142857143,0.5555555555555556,0.6250000000000001,0.885890344537023,0.0001734790002956288,0,100.0,0,0,0,0.0,0.0,0.0,0,0,0,0.0,0.0,0.0,0,0,0,0.0,0.0,0.0,0,0,0,0.0,0.0,0.0
COCO,570471,10,10,0,0,7,76,14,76,90,50,0,0,14,0.01693966899983934,0.010462859000199387,0.0,0.010462859000199387,0.010688102999665716,0.027873583999735274,Optimal,0,none,5.560146140257519,0,22,100.0,100.0,100.0,2.0,5,2,5,0.7142857142857143,0.5,0.588235294117647,0.9178980356973575,5,2,5,0.7142857142857143,0.5,0.588235294117647,0.9178980356973575,5,2,5,0.7142857142857143,0.5,0.588235294117647,0.9178980356973575,5,2,5,0.7142857142857143,0.5,0.588235294117647,0.9178980356973575,0.0002146599999832688,0,100.0,0,0,0,0.0,0.0,0.0,0,0,0,0.0,0.0,0.0,0,0,0,0.0,0.0,0.0,0,0,0,0.0,0.0,0.0
COCO,88269,4,4,0,0,4,27,8,27,35,17,0,0,8,0.014852118999897357,0.008076375000200642,0.0,0.008076375000200642,0.008247711999956664,0.023247843999797624,Optimal,0,none,3.3130655066172294,0,13,100.0,100.0,100.0,2.0,2,2,2,0.5,0.5,0.5,0.928593763192893,2,2,2,0.5,0.5,0.5,0.928593763192893,2,2,2,0.5,0.5,0.5,0.928593763192893,2,2,2,0.5,0.5,0.5,0.928593763192893,0.00011770899982366245,0,100.0,0,0,0,0.0,0.0,0.0,0,0,0,0.0,0.0,0.0,0,0,0,0.0,0.0,0.0,0,0,0,0.0,0.0,0.0
COCO,260470,23,23,0,0,16,465,32,465,497,257,0,0,32,0.017285884999637346,0.023743736000142235,0.0,0.023743736000142235,0.024360886000067694,0.04270052899983057,Optimal,0,none,12.784485183520337,0,49,100.0,100.0,100.0,2.0,9,7,14,0.5625,0.391304347826087,0.46153846153846156,0.8657233584295185,9,7,14,0.5625,0.391304347826087,0.46153846153846156,0.8657233584295185,9,7,14,0.5625,0.391304347826087,0.46153846153846156,0.8657233584295185,9,7,14,0.5625,0.391304347826087,0.46153846153846156,0.8657233584295185,0.0009871500001281674,0,100.0,0,0,0,0.0,0.0,0.0,0,0,0,0.0,0.0,0.0,0,0,0,0.0,0.0,0.0,0,0,0,0.0,0.0,0.0
COCO,193494,1,1,0,0,1,0,2,0,2,1,0,0,2,0.014903758999935235,0.008092585999747826,0.0,0.008092585999747826,0.008169556000211742,0.02310536699997101,Optimal,0,none,0.6154029051462809,0,2,100.0,100.0,100.0,2.0,1,0,0,1.0,1.0,1.0,0.9140857748794872,1,0,0,1.0,1.0,1.0,0.9140857748794872,1,0,0,1.0,1.0,1.0,0.9140857748794872,1,0,0,1.0,1.0,1.0,0.9140857748794872,2.3234999844135018e-05,0,100.0,0,0,0,0.0,0.0,0.0,0,0,0,0.0,0.0,0.0,0,0,0,0.0,0.0,0.0,0,0,0,0.0,0.0,0.0
COCO,252776,5,5,0,0,4,22,8,22,30,17,0,0,8,0.014650945000084903,0.008098850999886054,0.0,0.008098850999886054,0.008258918000137783,0.023025089999919146,Optimal,0,none,3.588173170975078,0,13,100.0,100.0,100.0,2.0,3,1,2,0.75,0.6,0.6666666666666665,0.9492642394328801,3,1,2,0.75,0.6,0.6666666666666665,0.9492642394328801,3,1,2,0.75,0.6,0.6666666666666665,0.9492642394328801,3,1,2,0.75,0.6,0.6666666666666665,0.9492642394328801,9.01130001693673e-05,0,100.0,0,0,0,0.0,0.0,0.0,0,0,0,0.0,0.0,0.0,0,0,0,0.0,0.0,0.0,0,0,0,0.0,0.0,0.0
COCO,201072,5,5,0,0,8,86,16,86,102,65,0,0,16,0.015229454999825975,0.00993849099995714,0.0,0.00993849099995714,0.010179222999795456,0.025711367999974755,Optimal,0,none,6.4304616779133195,0,25,100.0,100.0,100.0,2.0,5,3,0,0.625,1.0,0.7692307692307693,0.8203950224635678,5,3,0,0.625,1.0,0.7692307692307693,0.8203950224635678,5,3,0,0.625,1.0,0.7692307692307693,0.8203950224635678,5,3,0,0.625,1.0,0.7692307692307693,0.8203950224635678,0.00026202600020042155,0,100.0,0,0,0,0.0,0.0,0.0,0,0,0,0.0,0.0,0.0,0,0,0,0.0,0.0,0.0,0,0,0,0.0,0.0,0.0
COCO,18150,7,7,0,0,3,6,6,6,12,10,0,0,6,0.015392296999834798,0.006744181000158278,0.0,0.006744181000158278,0.00686145800000304,0.022316287999728956,Optimal,0,none,2.6142064237594607,0,10,100.0,100.0,100.0,2.0,3,0,4,1.0,0.42857142857142855,0.6,0.8995785349642255,3,0,4,1.0,0.42857142857142855,0.6,0.8995785349642255,3,0,4,1.0,0.42857142857142855,0.6,0.8995785349642255,3,0,4,1.0,0.42857142857142855,0.6,0.8995785349642255,4.36589998571435e-05,0,100.0,0,0,0,0.0,0.0,0.0,0,0,0,0.0,0.0,0.0,0,0,0,0.0,0.0,0.0,0,0,0,0.0,0.0,0.0
COCO,337498,6,6,0,0,5,44,10,44,54,26,0,0,10,0.015157518000251002,0.008801594999567897,0.0,0.008801594999567897,0.00898034000010739,0.0242891050002072,Optimal,0,none,4.320547805020395,0,16,100.0,100.0,100.0,2.0,4,1,2,0.8,0.6666666666666666,0.7272727272727272,0.9092122264347658,4,1,2,0.8,0.6666666666666666,0.7272727272727272,0.9092122264347658,4,1,2,0.8,0.6666666666666666,0.7272727272727272,0.9092122264347658,4,1,2,0.8,0.6666666666666666,0.7272727272727272,0.9092122264347658,0.00012572800005727913,0,100.0,0,0,0,0.0,0.0,0.0,0,0,0,0.0,0.0,0.0,0,0,0,0.0,0.0,0.0,0,0,0,0.0,0.0,0.0
COCO,521405,2,2,0,0,1,0,2,0,2,1,0,0,2,0.014114365999830625,0.006348260000322625,0.0,0.006348260000322625,0.006419738999738911,0.02056295600004887,Optimal,0,none,0.4171760479609172,0,2,100.0,100.0,100.0,2.0,1,0,1,1.0,0.5,0.6666666666666666,0.8180909534359526,1,0,1,1.0,0.5,0.6666666666666666,0.8180909534359526,1,0,1,1.0,0.5,0.6666666666666666,0.8180909534359526,1,0,1,1.0,0.5,0.6666666666666666,0.8180909534359526,2.102999997077859e-05,0,100.0,0,0,0,0.0,0.0,0.0,0,0,0,0.0,0.0,0.0,0,0,0,0.0,0.0,0.0,0,0,0,0.0,0.0,0.0
COCO,518770,22,22,0,0,13,285,26,285,311,170,0,0,26,0.015994428000340122,0.018244288000005326,0.0,0.018244288000005326,0.01869471700001668,0.035447750000003,Optimal,0,none,10.676603817145033,0,40,100.0,100.0,100.0,2.0,10,3,12,0.7692307692307693,0.45454545454545453,0.5714285714285714,0.831760543079157,10,3,12,0.7692307692307693,0.45454545454545453,0.5714285714285714,0.831760543079157,10,3,12,0.7692307692307693,0.45454545454545453,0.5714285714285714,0.831760543079157,10,3,12,0.7692307692307693,0.45454545454545453,0.5714285714285714,0.831760543079157,0.0006897499997648993,0,100.0,0,0,0,0.0,0.0,0.0,0,0,0,0.0,0.0,0.0,0,0,0,0.0,0.0,0.0,0,0,0,0.0,0.0,0.0
COCO,201646,4,4,0,0,2,4,4,4,8,5,0,0,4,0.013313023999671714,0.006837169999926118,0.0,0.006837169999926118,0.006933579999895301,0.020296461999805615,Optimal,0,none,1.41323134024938,0,5,100.0,100.0,100.0,2.0,1,1,3,0.5,0.25,0.3333333333333333,0.975574034698679,1,1,3,0.5,0.25,0.3333333333333333,0.975574034698679,1,1,3,0.5,0.25,0.3333333333333333,0.975574034698679,1,1,3,0.5,0.25,0.3333333333333333,0.975574034698679,3.6888000067847315e-05,0,100.0,0,0,0,0.0,0.0,0.0,0,0,0,0.0,0.0,0.0,0,0,0,0.0,0.0,0.0,0,0,0,0.0,0.0,0.0
COCO,36936,22,22,0,0,13,315,26,315,341,170,0,0,26,0.016090867999992042,0.01804285299976982,0.0,0.01804285299976982,0.018548011999882874,0.035427282999989984,Optimal,0,none,10.571782983995552,0,40,100.0,100.0,100.0,2.0,8,5,14,0.6153846153846154,0.36363636363636365,0.4571428571428572,0.7772250023568317,8,5,14,0.6153846153846154,0.36363636363636365,0.4571428571428572,0.7772250023568317,8,5,14,0.6153846153846154,0.36363636363636365,0.4571428571428572,0.7772250023568317,8,5,14,0.6153846153846154,0.36363636363636365,0.4571428571428572,0.7772250023568317,0.0007297429997379368,0,100.0,0,0,0,0.0,0.0,0.0,0,0,0,0.0,0.0,0.0,0,0,0,0.0,0.0,0.0,0,0,0,0.0,0.0,0.0
COCO,59044,20,20,0,0,13,273,26,273,299,170,0,0,26,0.015133035999951971,0.01728610000009212,0.0,0.01728610000009212,0.017764765999800147,0.033596207999835315,Optimal,0,none,10.206021036307021,0,40,100.0,100.0,100.0,2.0,9,4,11,0.6923076923076923,0.45,0.5454545454545455,0.8573211334930854,9,4,11,0.6923076923076923,0.45,0.5454545454545455,0.8573211334930854,9,4,11,0.6923076923076923,0.45,0.5454545454545455,0.8573211334930854,9,4,11,0.6923076923076923,0.45,0.5454545454545455,0.8573211334930854,0.0006443709999075509,0,100.0,0,0,0,0.0,0.0,0.0,0,0,0,0.0,0.0,0.0,0,0,0,0.0,0.0,0.0,0,0,0,0.0,0.0,0.0
COCO,172946,21,21,0,0,10,165,20,165,185,101,0,0,20,0.014342133999889484,0.01325986300025761,0.0,0.01325986300025761,0.01360050199991747,0.02839063300007183,Optimal,0,none,8.031106521562892,0,31,100.0,100.0,100.0,2.0,9,1,12,0.9,0.42857142857142855,0.5806451612903225,0.8217836488922646,9,1,12,0.9,0.42857142857142855,0.5806451612903225,0.8217836488922646,9,1,12,0.9,0.42857142857142855,0.5806451612903225,0.8217836488922646,9,1,12,0.9,0.42857142857142855,0.5806451612903225,0.8217836488922646,0.0004040819999318046,0,100.0,0,0,0,0.0,0.0,0.0,0,0,0,0.0,0.0,0.0,0,0,0,0.0,0.0,0.0,0,0,0,0.0,0.0,0.0
COCO,234607,5,5,0,0,4,24,8,24,32,17,0,0,8,0.014329631999771664,0.007561212999917188,0.0,0.007561212999917188,0.007728737999968871,0.02218153700005132,Optimal,0,none,3.0723637143424547,0,13,100.0,100.0,100.0,2.0,3,1,2,0.75,0.6,0.6666666666666665,0.6687653720416579,3,1,2,0.75,0.6,0.6666666666666665,0.6687653720416579,3,1,2,0.75,0.6,0.6666666666666665,0.6687653720416579,3,1,2,0.75,0.6,0.6666666666666665,0.6687653720416579,9.735499997987063e-05,0,100.0,0,0,0,0.0,0.0,0.0,0,0,0,0.0,0.0,0.0,0,0,0,0.0,0.0,0.0,0,0,0,0.0,0.0,0.0
COCO,532690,5,5,0,0,7,89,14,89,103,50,0,0,14,0.01653950599984455,0.011004302999936044,0.0,0.011004302999936044,0.011288956000043981,0.0281655089997912,Optimal,0,none,5.684211950707675,0,22,100.0,100.0,100.0,2.0,4,3,1,0.5714285714285714,0.8,0.6666666666666666,0.8177469461687633,4,3,1,0.5714285714285714,0.8,0.6666666666666666,0.8177469461687633,4,3,1,0.5714285714285714,0.8,0.6666666666666666,0.8177469461687633,4,3,1,0.5714285714285714,0.8,0.6666666666666666,0.8177469461687633,0.00028508199966381653,0,100.0,0,0,0,0.0,0.0,0.0,0,0,0,0.0,0.0,0.0,0,0,0,0.0,0.0,0.0,0,0,0,0.0,0.0,0.0
COCO,323895,3,3,0,0,2,4,4,4,8,5,0,0,4,0.015507468999658158,0.0069060339997122355,0.0,0.0069060339997122355,0.007014826999693469,0.022578097999939928,Optimal,0,none,1.4329256327946984,0,5,100.0,100.0,100.0,2.0,2,0,1,1.0,0.6666666666666666,0.8,0.8836660044692364,2,0,1,1.0,0.6666666666666666,0.8,0.8836660044692364,2,0,1,1.0,0.6666666666666666,0.8,0.8836660044692364,2,0,1,1.0,0.6666666666666666,0.8,0.8836660044692364,4.114400007892982e-05,0,100.0,0,0,0,0.0,0.0,0.0,0,0,0,0.0,0.0,0.0,0,0,0,0.0,0.0,0.0,0,0,0,0.0,0.0,0.0
COCO,384670,4,4,0,0,3,12,6,12,18,10,0,0,6,0.01405256800035204,0.007512199000302644,0.0,0.007512199000302644,0.007667570999728923,0.021809890999975323,Optimal,0,none,2.803930339813233,0,10,100.0,100.0,100.0,2.0,3,0,1,1.0,0.75,0.8571428571428571,0.9223083774477759,3,0,1,1.0,0.75,0.8571428571428571,0.9223083774477759,3,0,1,1.0,0.75,0.8571428571428571,0.9223083774477759,3,0,1,1.0,0.75,0.8571428571428571,0.9223083774477759,6.801000017730985e-05,0,100.0,0,0,0,0.0,0.0,0.0,0,0,0,0.0,0.0,0.0,0,0,0,0.0,0.0,0.0,0,0,0,0.0,0.0,0.0
COCO,50326,3,3,0,0,2,2,4,2,6,5,0,0,4,0.012574288999985583,0.006542436000017915,0.0,0.006542436000017915,0.006637956000304257,0.019268342000032135,Optimal,0,none,1.3042979367574055,0,5,100.0,100.0,100.0,2.0,1,1,2,0.5,0.3333333333333333,0.4,0.9334470440710452,1,1,2,0.5,0.3333333333333333,0.4,0.9334470440710452,1,1,2,0.5,0.3333333333333333,0.4,0.9334470440710452,1,1,2,0.5,0.3333333333333333,0.4,0.9334470440710452,3.3786000130930915e-05,0,100.0,0,0,0,0.0,0.0,0.0,0,0,0,0.0,0.0,0.0,0,0,0,0.0,0.0,0.0,0,0,0,0.0,0.0,0.0
COCO,205542,1,1,0,0,1,0,2,0,2,1,0,0,2,0.01426663499978531,0.0065951400001722504,0.0,0.0065951400001722504,0.006664654999894992,0.020961608000106935,Optimal,0,none,0.634652558962504,0,2,100.0,100.0,100.0,2.0,1,0,0,1.0,1.0,1.0,0.9489499488430384,1,0,0,1.0,1.0,1.0,0.9489499488430384,1,0,0,1.0,1.0,1.0,0.9489499488430384,1,0,0,1.0,1.0,1.0,0.9489499488430384,2.1858999843971105e-05,0,100.0,0,0,0,0.0,0.0,0.0,0,0,0,0.0,0.0,0.0,0,0,0,0.0,0.0,0.0,0,0,0,0.0,0.0,0.0
COCO,217957,1,1,0,0,1,0,2,0,2,1,0,0,2,0.015227108000090084,0.006460088000039832,0.0,0.006460088000039832,0.006532078000418551,0.021790964000047097,Optimal,0,none,0.5328731934229534,0,2,100.0,100.0,100.0,2.0,1,0,0,1.0,1.0,1.0,0.8487018978666845,1,0,0,1.0,1.0,1.0,0.8487018978666845,1,0,0,1.0,1.0,1.0,0.8487018978666845,1,0,0,1.0,1.0,1.0,0.8487018978666845,2.2740000076737488e-05,0,100.0,0,0,0,0.0,0.0,0.0,0,0,0,0.0,0.0,0.0,0,0,0,0.0,0.0,0.0,0,0,0,0.0,0.0,0.0
COCO,162035,5,5,0,0,4,24,8,24,32,17,0,0,8,0.014664557999822136,0.00734162099979585,0.0,0.00734162099979585,0.007486776999940048,0.022254197000165732,Optimal,0,none,3.1164757219950365,0,13,100.0,100.0,100.0,2.0,3,1,2,0.75,0.6,0.6666666666666665,0.9469053117589766,3,1,2,0.75,0.6,0.6666666666666665,0.9469053117589766,3,1,2,0.75,0.6,0.6666666666666665,0.9469053117589766,3,1,2,0.75,0.6,0.6666666666666665,0.9469053117589766,8.207200016840943e-05,0,100.0,0,0,0,0.0,0.0,0.0,0,0,0,0.0,0.0,0.0,0,0,0,0.0,0.0,0.0,0,0,0,0.0,0.0,0.0
COCO,415727,11,11,0,0,3,12,6,12,18,10,0,0,6,0.01420876300016971,0.008588861999669462,0.0,0.008588861999669462,0.00872294399960083,0.023016955999992206,Optimal,0,none,2.4658404207229623,0,10,100.0,100.0,100.0,2.0,3,0,8,1.0,0.2727272727272727,0.42857142857142855,0.8761020348685618,3,0,8,1.0,0.2727272727272727,0.42857142857142855,0.8761020348685618,3,0,8,1.0,0.2727272727272727,0.42857142857142855,0.8761020348685618,3,0,8,1.0,0.2727272727272727,0.42857142857142855,0.8761020348685618,6.40510002085648e-05,0,100.0,0,0,0,0.0,0.0,0.0,0,0,0,0.0,0.0,0.0,0,0,0,0.0,0.0,0.0,0,0,0,0.0,0.0,0.0
COCO,46252,5,5,0,0,6,47,12,47,59,37,0,0,12,0.016146754999681434,0.009390916000029392,0.0,0.009390916000029392,0.009592489999704412,0.025937624000107462,Optimal,0,none,5.155201878544343,0,19,100.0,100.0,100.0,2.0,5,1,0,0.8333333333333334,1.0,0.9090909090909091,0.8288402795774221,5,1,0,0.8333333333333334,1.0,0.9090909090909091,0.8288402795774221,5,1,0,0.8333333333333334,1.0,0.9090909090909091,0.8288402795774221,5,1,0,0.8333333333333334,1.0,0.9090909090909091,0.8288402795774221,0.00016847100005179527,0,100.0,0,0,0,0.0,0.0,0.0,0,0,0,0.0,0.0,0.0,0,0,0,0.0,0.0,0.0,0,0,0,0.0,0.0,0.0
COCO,182021,5,5,0,0,2,4,4,4,8,5,0,0,4,0.014119660999767802,0.007043462000183354,0.0,0.007043462000183354,0.007156355000006442,0.02133497900013026,Optimal,0,none,1.5236757787068687,0,5,100.0,100.0,100.0,2.0,2,0,3,1.0,0.4,0.5714285714285715,0.8738058947937053,2,0,3,1.0,0.4,0.5714285714285715,0.8738058947937053,2,0,3,1.0,0.4,0.5714285714285715,0.8738058947937053,2,0,3,1.0,0.4,0.5714285714285715,0.8738058947937053,4.371600016384036e-05,0,100.0,0,0,0,0.0,0.0,0.0,0,0,0,0.0,0.0,0.0,0,0,0,0.0,0.0,0.0,0,0,0,0.0,0.0,0.0
COCO,231747,15,15,0,0,3,10,6,10,16,10,0,0,6,0.015250688999913109,0.006887034000101266,0.0,0.006887034000101266,0.007022886999948241,0.022353944999849773,Optimal,0,none,2.5266716790199286,0,10,100.0,100.0,100.0,2.0,1,2,14,0.3333333333333333,0.06666666666666667,0.1111111111111111,0.9077236840081677,1,2,14,0.3333333333333333,0.06666666666666667,0.1111111111111111,0.9077236840081677,1,2,14,0.3333333333333333,0.06666666666666667,0.1111111111111111,0.9077236840081677,1,2,14,0.3333333333333333,0.06666666666666667,0.1111111111111111,0.9077236840081677,5.9481999869603897e-05,0,100.0,0,0,0,0.0,0.0,0.0,0,0,0,0.0,0.0,0.0,0,0,0,0.0,0.0,0.0,0,0,0,0.0,0.0,0.0
COCO,90284,2,2,0,0,2,4,4,4,8,5,0,0,4,0.015406045999952767,0.006819730000188429,0.0,0.006819730000188429,0.006922319000295829,0.0223800079998,Optimal,0,none,1.5094906218846638,0,5,100.0,100.0,100.0,2.0,2,0,0,1.0,1.0,1.0,0.9421793899846145,2,0,0,1.0,1.0,1.0,0.9421793899846145,2,0,0,1.0,1.0,1.0,0.9421793899846145,2,0,0,1.0,1.0,1.0,0.9421793899846145,3.796900000452297e-05,0,100.0,0,0,0,0.0,0.0,0.0,0,0,0,0.0,0.0,0.0,0,0,0,0.0,0.0,0.0,0,0,0,0.0,0.0,0.0
COCO,286553,18,18,0,0,10,169,20,169,189,101,0,0,20,0.015615739000168105,0.013944729999820993,0.0,0.013944729999820993,0.014323423999940132,0.03048724200016295,Optimal,0,none,8.37928347720032,0,31,100.0,100.0,100.0,2.0,8,2,10,0.8,0.4444444444444444,0.5714285714285714,0.8660496627138461,8,2,10,0.8,0.4444444444444444,0.5714285714285714,0.8660496627138461,8,2,10,0.8,0.4444444444444444,0.5714285714285714,0.8660496627138461,8,2,10,0.8,0.4444444444444444,0.5714285714285714,0.8660496627138461,0.0005000139999538078,0,100.0,0,0,0,0.0,0.0,0.0,0,0,0,0.0,0.0,0.0,0,0,0,0.0,0.0,0.0,0,0,0,0.0,0.0,0.0
COCO,488736,2,2,0,0,2,2,4,2,6,5,0,0,4,0.015878730999702384,0.007005103000210511,0.0,0.007005103000210511,0.007111790999715595,0.023043249999773252,Optimal,0,none,1.4840525992711382,0,5,100.0,100.0,100.0,2.0,2,0,0,1.0,1.0,1.0,0.9026703529625753,2,0,0,1.0,1.0,1.0,0.9026703529625753,2,0,0,1.0,1.0,1.0,0.9026703529625753,2,0,0,1.0,1.0,1.0,0.9026703529625753,3.728199999386561e-05,0,100.0,0,0,0,0.0,0.0,0.0,0,0,0,0.0,0.0,0.0,0,0,0,0.0,0.0,0.0,0,0,0,0.0,0.0,0.0
COCO,63602,8,8,0,0,2,2,4,2,6,5,0,0,4,0.013797072999750526,0.006575594999958412,0.0,0.006575594999958412,0.006677414000023418,0.020536271999844757,Optimal,0,none,1.532375825246175,0,5,100.0,100.0,100.0,2.0,2,0,6,1.0,0.25,0.4,0.8943323950655163,2,0,6,1.0,0.25,0.4,0.8943323950655163,2,0,6,1.0,0.25,0.4,0.8943323950655163,2,0,6,1.0,0.25,0.4,0.8943323950655163,4.7172999984468333e-05,0,100.0,0,0,0,0.0,0.0,0.0,0,0,0,0.0,0.0,0.0,0,0,0,0.0,0.0,0.0,0,0,0,0.0,0.0,0.0
COCO,383386,4,4,0,0,3,6,6,6,12,10,0,0,6,0.014426921999984188,0.0065816209998956765,0.0,0.0065816209998956765,0.006723665000208712,0.02121945599992614,Optimal,0,none,2.63794454574585,0,10,100.0,100.0,100.0,2.0,3,0,1,1.0,0.75,0.8571428571428571,0.9500904647182716,3,0,1,1.0,0.75,0.8571428571428571,0.9500904647182716,3,0,1,1.0,0.75,0.8571428571428571,0.9500904647182716,3,0,1,1.0,0.75,0.8571428571428571,0.9500904647182716,4.7757999709574506e-05,0,100.0,0,0,0,0.0,0.0,0.0,0,0,0,0.0,0.0,0.0,0,0,0,0.0,0.0,0.0,0,0,0,0.0,0.0,0.0
COCO,450686,2,2,0,0,2,4,4,4,8,5,0,0,4,0.013355412999771943,0.007866181000281358,0.0,0.007866181000281358,0.007978812000146718,0.021399154999926395,Optimal,0,none,1.4852408917744957,0,5,100.0,100.0,100.0,2.0,2,0,0,1.0,1.0,1.0,0.867341779930295,2,0,0,1.0,1.0,1.0,0.867341779930295,2,0,0,1.0,1.0,1.0,0.867341779930295,2,0,0,1.0,1.0,1.0,0.867341779930295,5.027999986850773e-05,0,100.0,0,0,0,0.0,0.0,0.0,0,0,0,0.0,0.0,0.0,0,0,0,0.0,0.0,0.0,0,0,0,0.0,0.0,0.0
COCO,5060,2,2,0,0,3,12,6,12,18,10,0,0,6,0.014556761999756418,0.007115907999832416,0.0,0.007115907999832416,0.007267061000220565,0.02190641199968013,Optimal,0,none,2.2991521692276007,0,10,100.0,100.0,100.0,2.0,1,2,1,0.3333333333333333,0.5,0.4,0.8270077823111914,1,2,1,0.3333333333333333,0.5,0.4,0.8270077823111914,1,2,1,0.3333333333333333,0.5,0.4,0.8270077823111914,1,2,1,0.3333333333333333,0.5,0.4,0.8270077823111914,6.280700017669005e-05,0,100.0,0,0,0,0.0,0.0,0.0,0,0,0,0.0,0.0,0.0,0,0,0,0.0,0.0,0.0,0,0,0,0.0,0.0,0.0
COCO,286523,2,2,0,0,5,42,10,42,52,26,0,0,10,0.015004891999979009,0.008174336000138283,0.0,0.008174336000138283,0.008372122999844578,0.023530813999968814,Optimal,0,none,3.804845770200095,0,16,100.0,100.0,100.0,2.0,2,3,0,0.4,1.0,0.5714285714285715,0.8822373870545746,2,3,0,0.4,1.0,0.5714285714285715,0.8822373870545746,2,3,0,0.4,1.0,0.5714285714285715,0.8822373870545746,2,3,0,0.4,1.0,0.5714285714285715,0.8822373870545746,0.00012737599990941817,0,100.0,0,0,0,0.0,0.0,0.0,0,0,0,0.0,0.0,0.0,0,0,0,0.0,0.0,0.0,0,0,0,0.0,0.0,0.0
COCO,120420,26,26,0,0,9,135,18,135,153,82,0,0,18,0.017097584000111965,0.01253208199977962,0.0,0.01253208199977962,0.01286559899972417,0.030382006000309048,Optimal,0,none,7.309163084030154,0,28,100.0,100.0,100.0,2.0,8,1,18,0.8888888888888888,0.3076923076923077,0.4571428571428572,0.8474267422969297,8,1,18,0.8888888888888888,0.3076923076923077,0.4571428571428572,0.8474267422969297,8,1,18,0.8888888888888888,0.3076923076923077,0.4571428571428572,0.8474267422969297,8,1,18,0.8888888888888888,0.3076923076923077,0.4571428571428572,0.8474267422969297,0.00037756299980173935,0,100.0,0,0,0,0.0,0.0,0.0,0,0,0,0.0,0.0,0.0,0,0,0,0.0,0.0,0.0,0,0,0,0.0,0.0,0.0
COCO,579655,16,16,0,0,2,6,4,6,10,5,0,0,4,0.012836498000069696,0.006658634999894275,0.0,0.006658634999894275,0.0067677970000659116,0.01966826600028071,Optimal,0,none,1.355353954633077,0,5,100.0,100.0,100.0,2.0,2,0,14,1.0,0.125,0.2222222222222222,0.7751295660964403,2,0,14,1.0,0.125,0.2222222222222222,0.7751295660964403,2,0,14,1.0,0.125,0.2222222222222222,0.7751295660964403,2,0,14,1.0,0.125,0.2222222222222222,0.7751295660964403,4.841999998461688e-05,0,100.0,0,0,0,0.0,0.0,0.0,0,0,0,0.0,0.0,0.0,0,0,0,0.0,0.0,0.0,0,0,0,0.0,0.0,0.0
COCO,117908,9,9,0,0,6,54,12,54,66,37,0,0,12,0.01393218600014734,0.009478882000166777,0.0,0.009478882000166777,0.00970463000021482,0.02386756499981857,Optimal,0,none,4.829058122634889,0,19,100.0,100.0,100.0,2.0,4,2,5,0.6666666666666666,0.4444444444444444,0.5333333333333333,0.8848111978268024,4,2,5,0.6666666666666666,0.4444444444444444,0.5333333333333333,0.8848111978268024,4,2,5,0.6666666666666666,0.4444444444444444,0.5333333333333333,0.8848111978268024,4,2,5,0.6666666666666666,0.4444444444444444,0.5333333333333333,0.8848111978268024,0.00019550399974832544,0,100.0,0,0,0,0.0,0.0,0.0,0,0,0,0.0,0.0,0.0,0,0,0,0.0,0.0,0.0,0,0,0,0.0,0.0,0.0
COCO,550322,6,6,0,0,5,34,10,34,44,26,0,0,10,0.014775968000321882,0.00789173600014692,0.0,0.00789173600014692,0.00807540899995729,0.022981815000093775,Optimal,0,none,3.979320617516837,0,16,100.0,100.0,100.0,2.0,2,3,4,0.4,0.3333333333333333,0.3636363636363636,0.7627840592800125,2,3,4,0.4,0.3333333333333333,0.3636363636363636,0.7627840592800125,2,3,4,0.4,0.3333333333333333,0.3636363636363636,0.7627840592800125,2,3,4,0.4,0.3333333333333333,0.3636363636363636,0.7627840592800125,0.00010562900024524424,0,100.0,0,0,0,0.0,0.0,0.0,0,0,0,0.0,0.0,0.0,0,0,0,0.0,0.0,0.0,0,0,0,0.0,0.0,0.0
COCO,322844,2,2,0,0,3,10,6,10,16,10,0,0,6,0.016882752000128676,0.007653738000044541,0.0,0.007653738000044541,0.007846670000162703,0.024860472999989724,Optimal,0,none,2.2986614060401918,0,10,100.0,100.0,100.0,2.0,2,1,0,0.6666666666666666,1.0,0.8,0.7131785703696225,2,1,0,0.6666666666666666,1.0,0.8,0.7131785703696225,2,1,0,0.6666666666666666,1.0,0.8,0.7131785703696225,2,1,0,0.6666666666666666,1.0,0.8,0.7131785703696225,9.69299999269424e-05,0,100.0,0,0,0,0.0,0.0,0.0,0,0,0,0.0,0.0,0.0,0,0,0,0.0,0.0,0.0,0,0,0,0.0,0.0,0.0
COCO,218362,8,8,0,0,4,24,8,24,32,17,0,0,8,0.015483969999877445,0.008456518999992113,0.0,0.008456518999992113,0.008627108000382577,0.024241763000190986,Optimal,0,none,2.9927268401781726,0,13,100.0,100.0,100.0,2.0,2,2,6,0.5,0.25,0.3333333333333333,0.937701447940108,2,2,6,0.5,0.25,0.3333333333333333,0.937701447940108,2,2,6,0.5,0.25,0.3333333333333333,0.937701447940108,2,2,6,0.5,0.25,0.3333333333333333,0.937701447940108,0.00010454400035087019,0,100.0,0,0,0,0.0,0.0,0.0,0,0,0,0.0,0.0,0.0,0,0,0,0.0,0.0,0.0,0,0,0,0.0,0.0,0.0
COCO,213224,6,6,0,0,10,166,20,166,186,101,0,0,20,0.01655429099992034,0.015026409999791213,0.0,0.015026409999791213,0.01537727899994934,0.03240443400000004,Optimal,0,none,7.997672268549604,0,31,100.0,100.0,100.0,2.0,4,6,2,0.4,0.6666666666666666,0.5,0.8979722434985224,4,6,2,0.4,0.6666666666666666,0.5,0.8979722434985224,4,6,2,0.4,0.6666666666666666,0.5,0.8979722434985224,4,6,2,0.4,0.6666666666666666,0.5,0.8979722434985224,0.00042639200000849087,0,100.0,0,0,0,0.0,0.0,0.0,0,0,0,0.0,0.0,0.0,0,0,0,0.0,0.0,0.0,0,0,0,0.0,0.0,0.0
COCO,223747,3,3,0,0,2,4,4,4,8,5,0,0,4,0.013187615000333608,0.006990074999976059,0.0,0.006990074999976059,0.007096298999840656,0.020336070000212203,Optimal,0,none,1.1082227381070455,0,5,100.0,100.0,100.0,2.0,0,2,3,0.0,0.0,0.0,0.6519603900993971,0,2,3,0.0,0.0,0.0,0.6519603900993971,0,2,3,0.0,0.0,0.0,0.6519603900993971,0,2,3,0.0,0.0,0.0,0.6519603900993971,3.810299995166133e-05,0,100.0,0,0,0,0.0,0.0,0.0,0,0,0,0.0,0.0,0.0,0,0,0,0.0,0.0,0.0,0,0,0,0.0,0.0,0.0
COCO,297578,10,10,0,0,5,34,10,34,44,26,0,0,10,0.013124730999606982,0.008829992999835667,0.0,0.008829992999835667,0.00900838899997325,0.022275224999702914,Optimal,0,none,4.281995297273001,0,16,100.0,100.0,100.0,2.0,5,0,5,1.0,0.5,0.6666666666666666,0.8123425380073479,5,0,5,1.0,0.5,0.6666666666666666,0.8123425380073479,5,0,5,1.0,0.5,0.6666666666666666,0.8123425380073479,5,0,5,1.0,0.5,0.6666666666666666,0.8123425380073479,0.00011654000036287471,0,100.0,0,0,0,0.0,0.0,0.0,0,0,0,0.0,0.0,0.0,0,0,0,0.0,0.0,0.0,0,0,0,0.0,0.0,0.0
COCO,458992,4,4,0,0,5,40,10,40,50,26,0,0,10,0.015374757000245154,0.009109507000175654,0.0,0.009109507000175654,0.009310246000040934,0.024860167000042566,Optimal,0,none,4.2977308853467315,0,16,100.0,100.0,100.0,2.0,2,3,2,0.4,0.5,0.4444444444444445,0.9689432985424111,2,3,2,0.4,0.5,0.4444444444444445,0.9689432985424111,2,3,2,0.4,0.5,0.4444444444444445,0.9689432985424111,2,3,2,0.4,0.5,0.4444444444444445,0.9689432985424111,0.0001471189998483169,0,100.0,0,0,0,0.0,0.0,0.0,0,0,0,0.0,0.0,0.0,0,0,0,0.0,0.0,0.0,0,0,0,0.0,0.0,0.0
COCO,78266,15,15,0,0,1,0,2,0,2,1,0,0,2,0.015366779000032693,0.006521645999782777,0.0,0.006521645999782777,0.006590200000118784,0.021985949999816512,Optimal,0,none,0.4805604616800944,0,2,100.0,100.0,100.0,2.0,0,1,15,0.0,0.0,0.0,0.0,0,1,15,0.0,0.0,0.0,0.0,0,1,15,0.0,0.0,0.0,0.0,0,1,15,0.0,0.0,0.0,0.0,2.111000003424124e-05,0,100.0,0,0,0,0.0,0.0,0.0,0,0,0,0.0,0.0,0.0,0,0,0,0.0,0.0,0.0,0,0,0,0.0,0.0,0.0
COCO,164602,6,6,0,0,3,8,6,8,14,10,0,0,6,0.015439174999755778,0.007092016000115109,0.0,0.007092016000115109,0.00723022200008927,0.022762021999824356,Optimal,0,none,2.420210387706757,0,10,100.0,100.0,100.0,2.0,2,1,4,0.6666666666666666,0.3333333333333333,0.4444444444444444,0.8206120707890363,2,1,4,0.6666666666666666,0.3333333333333333,0.4444444444444444,0.8206120707890363,2,1,4,0.6666666666666666,0.3333333333333333,0.4444444444444444,0.8206120707890363,2,1,4,0.6666666666666666,0.3333333333333333,0.4444444444444444,0.8206120707890363,7.12579999344598e-05,0,100.0,0,0,0,0.0,0.0,0.0,0,0,0,0.0,0.0,0.0,0,0,0,0.0,0.0,0.0,0,0,0,0.0,0.0,0.0
COCO,440475,26,26,0,0,8,107,16,107,123,65,0,0,16,0.014532137000060175,0.010819532000368781,0.0,0.010819532000368781,0.011122534000151063,0.026028663000033703,Optimal,0,none,6.461389677766753,0,25,100.0,100.0,100.0,2.0,5,3,21,0.625,0.19230769230769232,0.29411764705882354,0.7828076450952566,5,3,21,0.625,0.19230769230769232,0.29411764705882354,0.7828076450952566,5,3,21,0.625,0.19230769230769232,0.29411764705882354,0.7828076450952566,5,3,21,0.625,0.19230769230769232,0.29411764705882354,0.7828076450952566,0.00033292199987045024,0,100.0,0,0,0,0.0,0.0,0.0,0,0,0,0.0,0.0,0.0,0,0,0,0.0,0.0,0.0,0,0,0,0.0,0.0,0.0
COCO,101762,2,2,0,0,2,4,4,4,8,5,0,0,4,0.014030798000021605,0.006660962000296422,0.0,0.006660962000296422,0.00677032399971722,0.020854328000041278,Optimal,0,none,1.5245363744099936,0,5,100.0,100.0,100.0,2.0,2,0,0,1.0,1.0,1.0,0.8099170356554997,2,0,0,1.0,1.0,1.0,0.8099170356554997,2,0,0,1.0,1.0,1.0,0.8099170356554997,2,0,0,1.0,1.0,1.0,0.8099170356554997,3.903599963450688e-05,0,100.0,0,0,0,0.0,0.0,0.0,0,0,0,0.0,0.0,0.0,0,0,0,0.0,0.0,0.0,0,0,0,0.0,0.0,0.0
COCO,557501,2,2,0,0,2,2,4,2,6,5,0,0,4,0.013741374000346696,0.006385399000009784,0.0,0.006385399000009784,0.006484086000000389,0.02027194300035262,Optimal,0,none,1.425895155270894,0,5,100.0,100.0,100.0,2.0,2,0,0,1.0,1.0,1.0,0.901446982380051,2,0,0,1.0,1.0,1.0,0.901446982380051,2,0,0,1.0,1.0,1.0,0.901446982380051,2,0,0,1.0,1.0,1.0,0.901446982380051,3.2745999760663835e-05,0,100.0,0,0,0,0.0,0.0,0.0,0,0,0,0.0,0.0,0.0,0,0,0,0.0,0.0,0.0,0,0,0,0.0,0.0,0.0
COCO,203317,1,1,0,0,1,0,2,0,2,1,0,0,2,0.016257117000350263,0.006854447000023356,0.0,0.006854447000023356,0.006928302000233089,0.023217016000216972,Optimal,0,none,0.6421681801478067,0,2,100.0,100.0,100.0,2.0,1,0,0,1.0,1.0,1.0,0.9783740828404816,1,0,0,1.0,1.0,1.0,0.9783740828404816,1,0,0,1.0,1.0,1.0,0.9783740828404816,1,0,0,1.0,1.0,1.0,0.9783740828404816,2.270400000270456e-05,0,100.0,0,0,0,0.0,0.0,0.0,0,0,0,0.0,0.0,0.0,0,0,0,0.0,0.0,0.0,0,0,0,0.0,0.0,0.0
COCO,368940,1,1,0,0,2,4,4,4,8,5,0,0,4,0.014977409000039188,0.006928253999831213,0.0,0.006928253999831213,0.007026447000043845,0.022058554000068398,Optimal,0,none,1.2648962091064426,0,5,100.0,100.0,100.0,2.0,1,1,0,0.5,1.0,0.6666666666666666,0.7949256734460757,1,1,0,0.5,1.0,0.6666666666666666,0.7949256734460757,1,1,0,0.5,1.0,0.6666666666666666,0.7949256734460757,1,1,0,0.5,1.0,0.6666666666666666,0.7949256734460757,4.112800024813623e-05,0,100.0,0,0,0,0.0,0.0,0.0,0,0,0,0.0,0.0,0.0,0,0,0,0.0,0.0,0.0,0,0,0,0.0,0.0,0.0
COCO,569917,5,5,0,0,3,12,6,12,18,10,0,0,6,0.01565334899987647,0.00656516900016868,0.0,0.00656516900016868,0.006699008999930811,0.022444591999828845,Optimal,0,none,2.2413849163921387,0,10,100.0,100.0,100.0,2.0,2,1,3,0.6666666666666666,0.4,0.5,0.8701704476211356,2,1,3,0.6666666666666666,0.4,0.5,0.8701704476211356,2,1,3,0.6666666666666666,0.4,0.5,0.8701704476211356,2,1,3,0.6666666666666666,0.4,0.5,0.8701704476211356,6.848900011391379e-05,0,100.0,0,0,0,0.0,0.0,0.0,0,0,0,0.0,0.0,0.0,0,0,0,0.0,0.0,0.0,0,0,0,0.0,0.0,0.0
COCO,144798,4,4,0,0,2,4,4,4,8,5,0,0,4,0.014223604000108026,0.006788918999973248,0.0,0.006788918999973248,0.006918037999639637,0.02120028400031515,Optimal,0,none,1.5059102567036948,0,5,100.0,100.0,100.0,2.0,2,0,2,1.0,0.5,0.6666666666666666,0.9410266629148343,2,0,2,1.0,0.5,0.6666666666666666,0.9410266629148343,2,0,2,1.0,0.5,0.6666666666666666,0.9410266629148343,2,0,2,1.0,0.5,0.6666666666666666,0.9410266629148343,4.250599977240199e-05,0,100.0,0,0,0,0.0,0.0,0.0,0,0,0,0.0,0.0,0.0,0,0,0,0.0,0.0,0.0,0,0,0,0.0,0.0,0.0
COCO,284623,5,5,0,0,3,10,6,10,16,10,0,0,6,0.01504749300011099,0.007345962999806943,0.0,0.007345962999806943,0.007519190000039089,0.022658574000161025,Optimal,0,none,2.570961015224457,0,10,100.0,100.0,100.0,2.0,3,0,2,1.0,0.6,0.7499999999999999,0.948762621337833,3,0,2,1.0,0.6,0.7499999999999999,0.948762621337833,3,0,2,1.0,0.6,0.7499999999999999,0.948762621337833,3,0,2,1.0,0.6,0.7499999999999999,0.948762621337833,6.791200030420441e-05,0,100.0,0,0,0,0.0,0.0,0.0,0,0,0,0.0,0.0,0.0,0,0,0,0.0,0.0,0.0,0,0,0,0.0,0.0,0.0
COCO,520301,1,1,0,0,1,0,2,0,2,1,0,0,2,0.014188849000220216,0.006566437000401493,0.0,0.006566437000401493,0.006637308999870584,0.020855157000369218,Optimal,0,none,0.6055704275767009,0,2,100.0,100.0,100.0,2.0,1,0,0,1.0,1.0,1.0,0.9815471516032039,1,0,0,1.0,1.0,1.0,0.9815471516032039,1,0,0,1.0,1.0,1.0,0.9815471516032039,1,0,0,1.0,1.0,1.0,0.9815471516032039,2.140199967470835e-05,0,100.0,0,0,0,0.0,0.0,0.0,0,0,0,0.0,0.0,0.0,0,0,0,0.0,0.0,0.0,0,0,0,0.0,0.0,0.0
COCO,127987,3,3,0,0,3,13,6,13,19,10,0,0,6,0.01864586400006374,0.007326402000217058,0.0,0.007326402000217058,0.00751153599958343,0.026240805000270484,Optimal,0,none,2.6436856073879738,0,10,100.0,100.0,100.0,2.0,2,1,1,0.6666666666666666,0.6666666666666666,0.6666666666666666,0.9320577366590089,2,1,1,0.6666666666666666,0.6666666666666666,0.6666666666666666,0.9320577366590089,2,1,1,0.6666666666666666,0.6666666666666666,0.6666666666666666,0.9320577366590089,2,1,1,0.6666666666666666,0.6666666666666666,0.6666666666666666,0.9320577366590089,6.281600008151145e-05,0,100.0,0,0,0,0.0,0.0,0.0,0,0,0,0.0,0.0,0.0,0,0,0,0.0,0.0,0.0,0,0,0,0.0,0.0,0.0
COCO,63740,11,11,0,0,11,211,22,211,233,122,0,0,22,0.016253499999947962,0.01599671700023464,0.0,0.01599671700023464,0.016426871000021492,0.03326335899964761,Optimal,0,none,9.299833457071509,0,34,100.0,100.0,100.0,2.0,8,3,3,0.7272727272727273,0.7272727272727273,0.7272727272727273,0.8832138281943049,8,3,3,0.7272727272727273,0.7272727272727273,0.7272727272727273,0.8832138281943049,8,3,3,0.7272727272727273,0.7272727272727273,0.7272727272727273,0.8832138281943049,8,3,3,0.7272727272727273,0.7272727272727273,0.7272727272727273,0.8832138281943049,0.000530114999946818,0,100.0,0,0,0,0.0,0.0,0.0,0,0,0,0.0,0.0,0.0,0,0,0,0.0,0.0,0.0,0,0,0,0.0,0.0,0.0
COCO,36494,52,52,0,0,21,793,42,793,835,442,0,0,42,0.02001881600017441,0.03896695899993574,0.0,0.03896695899993574,0.03997806799998216,0.062000296999940474,Optimal,0,none,15.844737183488526,0,64,100.0,100.0,100.0,2.0,13,8,39,0.6190476190476191,0.25,0.3561643835616438,0.8157270056320051,13,8,39,0.6190476190476191,0.25,0.3561643835616438,0.8157270056320051,13,8,39,0.6190476190476191,0.25,0.3561643835616438,0.8157270056320051,13,8,39,0.6190476190476191,0.25,0.3561643835616438,0.8157270056320051,0.0019011469998986286,0,100.0,0,0,0,0.0,0.0,0.0,0,0,0,0.0,0.0,0.0,0,0,0,0.0,0.0,0.0,0,0,0,0.0,0.0,0.0
COCO,210032,15,15,0,0,5,38,10,38,48,26,0,0,10,0.013800583999909577,0.008117072000004555,0.0,0.008117072000004555,0.008302153999920847,0.02228434999960882,Optimal,0,none,4.08782260020574,0,16,100.0,100.0,100.0,2.0,3,2,12,0.6,0.2,0.3,0.7268895447074504,3,2,12,0.6,0.2,0.3,0.7268895447074504,3,2,12,0.6,0.2,0.3,0.7268895447074504,3,2,12,0.6,0.2,0.3,0.7268895447074504,0.00014736200000697863,0,100.0,0,0,0,0.0,0.0,0.0,0,0,0,0.0,0.0,0.0,0,0,0,0.0,0.0,0.0,0,0,0,0.0,0.0,0.0
Visual Genome,83,25,1,16,0,28,1429,56,1429,1485,785,0,0,56,0.019857610000144632,0.06292946799976562,0.0,0.06292946799976562,0.06431739700019534,0.08735074600008375,Optimal,0,none,22.699173180846394,0,85,100.0,100.0,100.0,2.0,0,28,1,0.0,0.0,0.0,0.0,0,28,1,0.0,0.0,0.0,0.0,0,28,1,0.0,0.0,0.0,0.0,0,28,1,0.0,0.0,0.0,0.0,0.0030674209997414437,0,100.0,0,0,0,0.0,0.0,0.0,0,0,0,0.0,0.0,0.0,0,0,0,0.0,0.0,0.0,0,0,0,0.0,0.0,0.0
Visual Genome,347,13,1,7,0,14,352,28,352,380,197,0,0,28,0.015473318000204017,0.0196600779995606,0.0,0.0196600779995606,0.020225775000199064,0.03666811799985226,Optimal,0,none,11.684041680073499,0,43,100.0,100.0,100.0,2.0,1,13,0,0.07142857142857142,1.0,0.13333333333333333,0.6088530700244924,1,13,0,0.07142857142857142,1.0,0.13333333333333333,0.6088530700244924,1,13,0,0.07142857142857142,1.0,0.13333333333333333,0.6088530700244924,1,13,0,0.07142857142857142,1.0,0.13333333333333333,0.6088530700244924,0.000890225000148348,0,100.0,0,0,0,0.0,0.0,0.0,0,0,0,0.0,0.0,0.0,0,0,0,0.0,0.0,0.0,0,0,0,0.0,0.0,0.0
Visual Genome,532,28,1,49,0,1,0,2,0,2,1,0,0,2,0.013681564999842522,0.006691416000194295,0.0,0.006691416000194295,0.006763944999875093,0.020475732999784668,Optimal,0,none,0.604728881518046,0,2,100.0,100.0,100.0,2.0,1,0,0,1.0,1.0,1.0,0.8996194252227986,1,0,0,1.0,1.0,1.0,0.8996194252227986,1,0,0,1.0,1.0,1.0,0.8996194252227986,1,0,0,1.0,1.0,1.0,0.8996194252227986,2.152799970644992e-05,0,100.0,0,0,0,0.0,0.0,0.0,0,0,0,0.0,0.0,0.0,0,0,0,0.0,0.0,0.0,0,0,0,0.0,0.0,0.0
Visual Genome,1045,35,1,22,0,28,1407,56,1407,1463,785,0,0,56,0.01971684699992693,0.06077658200001679,0.0,0.06077658200001679,0.06207400699986465,0.08483332800005883,Optimal,0,none,23.418768662192438,0,85,100.0,100.0,100.0,2.0,1,27,0,0.03571428571428571,1.0,0.0689655172413793,0.9619170594332537,1,27,0,0.03571428571428571,1.0,0.0689655172413793,0.9619170594332537,1,27,0,0.03571428571428571,1.0,0.0689655172413793,0.9619170594332537,1,27,0,0.03571428571428571,1.0,0.0689655172413793,0.9619170594332537,0.0029140130000087083,0,100.0,0,0,0,0.0,0.0,0.0,0,0,0,0.0,0.0,0.0,0,0,0,0.0,0.0,0.0,0,0,0,0.0,0.0,0.0
Visual Genome,1139,30,0,25,0,7,80,14,80,94,50,0,0,14,0.01434954900014418,0.0108529690000978,0.0,0.0108529690000978,0.01109381200012649,0.02569526700017377,Optimal,0,none,5.295514153955299,0,22,100.0,100.0,100.0,2.0,0,7,0,0.0,0.0,0.0,0.0,0,7,0,0.0,0.0,0.0,0.0,0,7,0,0.0,0.0,0.0,0.0,0,7,0,0.0,0.0,0.0,0.0,0.0002168070000152511,0,100.0,0,0,0,0.0,0.0,0.0,0,0,0,0.0,0.0,0.0,0,0,0,0.0,0.0,0.0,0,0,0,0.0,0.0,0.0
Visual Genome,1716,28,8,20,0,15,372,30,372,402,226,0,0,30,0.01740630299991608,0.021181486999921617,0.0,0.021181486999921617,0.021722114000112924,0.040120873999967444,Optimal,0,none,12.127404987812048,0,46,100.0,100.0,100.0,2.0,6,9,2,0.4,0.75,0.5217391304347827,0.8845121658533279,6,9,2,0.4,0.75,0.5217391304347827,0.8845121658533279,6,9,2,0.4,0.75,0.5217391304347827,0.8845121658533279,6,9,2,0.4,0.75,0.5217391304347827,0.8845121658533279,0.0009288769997510826,0,100.0,0,0,0,0.0,0.0,0.0,0,0,0,0.0,0.0,0.0,0,0,0,0.0,0.0,0.0,0,0,0,0.0,0.0,0.0
Visual Genome,2159,25,3,14,0,8,102,16,102,118,65,0,0,16,0.014367165000294335,0.011006403999999748,0.0,0.011006403999999748,0.011273379999693134,0.025915933000305813,Optimal,0,none,6.057708433470597,0,25,100.0,100.0,100.0,2.0,2,6,1,0.25,0.6666666666666666,0.36363636363636365,0.8814663573441348,2,6,1,0.25,0.6666666666666666,0.36363636363636365,0.8814663573441348,2,6,1,0.25,0.6666666666666666,0.36363636363636365,0.8814663573441348,2,6,1,0.25,0.6666666666666666,0.36363636363636365,0.8814663573441348,0.00024167100036720512,0,100.0,0,0,0,0.0,0.0,0.0,0,0,0,0.0,0.0,0.0,0,0,0,0.0,0.0,0.0,0,0,0,0.0,0.0,0.0
Visual Genome,2813,14,0,8,0,0,0,0,0,0,0,0,0,1,0.012543777999781014,0.005240263999894523,0.0,0.005240263999894523,0.005280426999888732,0.01783997999973508,Optimal,0,none,,0,1,100.0,0.0,0.0,0.0,0,0,0,0.0,0.0,0.0,0.0,0,0,0,0.0,0.0,0.0,0.0,0,0,0,0.0,0.0,0.0,0.0,0,0,0,0.0,0.0,0.0,0.0,1.0355000085837673e-05,0,100.0,0,0,0,0.0,0.0,0.0,0,0,0,0.0,0.0,0.0,0,0,0,0.0,0.0,0.0,0,0,0,0.0,0.0,0.0
Visual Genome,3040,18,2,15,0,3,12,6,12,18,10,0,0,6,0.015371303999927477,0.007484834999559098,0.0,0.007484834999559098,0.007621957000083057,0.02307561399993574,Optimal,0,none,2.577692975997926,0,10,100.0,100.0,100.0,2.0,1,2,1,0.3333333333333333,0.5,0.4,0.9134589780294818,1,2,1,0.3333333333333333,0.5,0.4,0.9134589780294818,1,2,1,0.3333333333333333,0.5,0.4,0.9134589780294818,1,2,1,0.3333333333333333,0.5,0.4,0.9134589780294818,6.165600007079775e-05,0,100.0,0,0,0,0.0,0.0,0.0,0,0,0,0.0,0.0,0.0,0,0,0,0.0,0.0,0.0,0,0,0,0.0,0.0,0.0
Visual Genome,3575,11,1,11,0,1,0,2,0,2,1,0,0,2,0.01443629499999588,0.006536796999625949,0.0,0.006536796999625949,0.006602380000003905,0.02106548300025679,Optimal,0,none,0.3771908680597941,0,2,100.0,100.0,100.0,2.0,0,1,1,0.0,0.0,0.0,0.0,0,1,1,0.0,0.0,0.0,0.0,0,1,1,0.0,0.0,0.0,0.0,0,1,1,0.0,0.0,0.0,0.0,1.9612999949458754e-05,0,100.0,0,0,0,0.0,0.0,0.0,0,0,0,0.0,0.0,0.0,0,0,0,0.0,0.0,0.0,0,0,0,0.0,0.0,0.0
Visual Genome,3781,62,16,62,0,9,114,18,114,132,82,0,0,18,0.01638233899984698,0.013444511000216153,0.0,0.013444511000216153,0.01380709700015359,0.030530131999967125,Optimal,0,none,6.64191254442561,0,28,100.0,100.0,100.0,2.0,5,4,11,0.5555555555555556,0.3125,0.39999999999999997,0.6661520308401749,5,4,11,0.5555555555555556,0.3125,0.39999999999999997,0.6661520308401749,5,4,11,0.5555555555555556,0.3125,0.39999999999999997,0.6661520308401749,5,4,11,0.5555555555555556,0.3125,0.39999999999999997,0.6661520308401749,0.00030043700007809093,0,100.0,0,0,0,0.0,0.0,0.0,0,0,0,0.0,0.0,0.0,0,0,0,0.0,0.0,0.0,0,0,0,0.0,0.0,0.0
Visual Genome,4218,5,0,3,0,0,0,0,0,0,0,0,0,1,0.012351931000011973,0.004928405999635288,0.0,0.004928405999635288,0.004983207000350376,0.017350017000353546,Optimal,0,none,,0,1,100.0,0.0,0.0,0.0,0,0,0,0.0,0.0,0.0,0.0,0,0,0,0.0,0.0,0.0,0.0,0,0,0,0.0,0.0,0.0,0.0,0,0,0,0.0,0.0,0.0,0.0,9.718000001157634e-06,0,100.0,0,0,0,0.0,0.0,0.0,0,0,0,0.0,0.0,0.0,0,0,0,0.0,0.0,0.0,0,0,0,0.0,0.0,0.0
Visual Genome,4434,8,1,15,0,2,4,4,4,8,5,0,0,4,0.013285183999869332,0.006951759999992646,0.0,0.006951759999992646,0.007048439000300277,0.020387251999636646,Optimal,0,none,1.285396679242452,0,5,100.0,100.0,100.0,2.0,0,2,1,0.0,0.0,0.0,0.7734870065833309,0,2,1,0.0,0.0,0.0,0.7734870065833309,0,2,1,0.0,0.0,0.0,0.7734870065833309,0,2,1,0.0,0.0,0.0,0.7734870065833309,3.9817000015318627e-05,0,100.0,0,0,0,0.0,0.0,0.0,0,0,0,0.0,0.0,0.0,0,0,0,0.0,0.0,0.0,0,0,0,0.0,0.0,0.0
Visual Genome,4483,24,2,13,0,4,18,8,18,26,17,0,0,8,0.05716027299968118,0.008881689000190818,0.0,0.008881689000190818,0.0090342389999023,0.06630306699980792,Optimal,0,none,3.4485973183314016,0,13,100.0,100.0,100.0,2.0,2,2,0,0.5,1.0,0.6666666666666666,0.9674957532201804,2,2,0,0.5,1.0,0.6666666666666666,0.9674957532201804,2,2,0,0.5,1.0,0.6666666666666666,0.9674957532201804,2,2,0,0.5,1.0,0.6666666666666666,0.9674957532201804,8.577700009482214e-05,0,100.0,0,0,0,0.0,0.0,0.0,0,0,0,0.0,0.0,0.0,0,0,0,0.0,0.0,0.0,0,0,0,0.0,0.0,0.0
Visual Genome,4525,23,1,13,0,0,0,0,0,0,0,0,0,1,0.012164893999852211,0.005313681000188808,0.0,0.005313681000188808,0.005353914999886911,0.017533305000142718,Optimal,0,none,,0,1,100.0,0.0,0.0,0.0,0,0,1,0.0,0.0,0.0,0.0,0,0,1,0.0,0.0,0.0,0.0,0,0,1,0.0,0.0,0.0,0.0,0,0,1,0.0,0.0,0.0,0.0,9.73999976849882e-06,0,100.0,0,0,0,0.0,0.0,0.0,0,0,0,0.0,0.0,0.0,0,0,0,0.0,0.0,0.0,0,0,0,0.0,0.0,0.0
Visual Genome,285666,4,0,1,0,3,10,6,10,16,10,0,0,6,0.022279689999777474,0.008269275999737147,0.0,0.008269275999737147,0.008405975000187027,0.03076607699995293,Optimal,0,none,2.4952497673034673,0,10,100.0,100.0,100.0,2.0,0,3,0,0.0,0.0,0.0,0.0,0,3,0,0.0,0.0,0.0,0.0,0,3,0,0.0,0.0,0.0,0.0,0,3,0,0.0,0.0,0.0,0.0,5.972899998596404e-05,0,100.0,0,0,0,0.0,0.0,0.0,0,0,0,0.0,0.0,0.0,0,0,0,0.0,0.0,0.0,0,0,0,0.0,0.0,0.0
Visual Genome,497981,32,1,14,0,4,24,8,24,32,17,0,0,8,0.018910401000084676,0.008363268000266544,0.0,0.008363268000266544,0.008540648999769473,0.02757302999998501,Optimal,0,none,2.9293096510569265,0,13,100.0,100.0,100.0,2.0,0,4,1,0.0,0.0,0.0,0.0,0,4,1,0.0,0.0,0.0,0.0,0,4,1,0.0,0.0,0.0,0.0,0,4,1,0.0,0.0,0.0,0.0,9.519800005364232e-05,0,100.0,0,0,0,0.0,0.0,0.0,0,0,0,0.0,0.0,0.0,0,0,0,0.0,0.0,0.0,0,0,0,0.0,0.0,0.0
Visual Genome,498311,27,4,18,0,3,12,6,12,18,10,0,0,6,0.021549956999933784,0.007143862999782868,0.0,0.007143862999782868,0.007282700999894587,0.028911259999858885,Optimal,0,none,2.450601445261082,0,10,100.0,100.0,100.0,2.0,3,0,1,1.0,0.75,0.8571428571428571,0.8355290348399967,3,0,1,1.0,0.75,0.8571428571428571,0.8355290348399967,3,0,1,1.0,0.75,0.8571428571428571,0.8355290348399967,3,0,1,1.0,0.75,0.8571428571428571,0.8355290348399967,5.9236999732092954e-05,0,100.0,0,0,0,0.0,0.0,0.0,0,0,0,0.0,0.0,0.0,0,0,0,0.0,0.0,0.0,0,0,0,0.0,0.0,0.0
Visual Genome,713027,8,1,2,0,5,42,10,42,52,26,0,0,10,0.02435253699968598,0.008354754999800207,0.0,0.008354754999800207,0.008572907999678137,0.033089520999965316,Optimal,0,none,3.6227026422818516,0,16,100.0,100.0,100.0,2.0,1,4,0,0.2,1.0,0.33333333333333337,0.7393753385839741,1,4,0,0.2,1.0,0.33333333333333337,0.7393753385839741,1,4,0,0.2,1.0,0.33333333333333337,0.7393753385839741,1,4,0,0.2,1.0,0.33333333333333337,0.7393753385839741,0.00013696799987883423,0,100.0,0,0,0,0.0,0.0,0.0,0,0,0,0.0,0.0,0.0,0,0,0,0.0,0.0,0.0,0,0,0,0.0,0.0,0.0
Visual Genome,713431,16,0,8,0,4,22,8,22,30,17,0,0,8,0.018433946000186552,0.007897602999946685,0.0,0.007897602999946685,0.008050591000028362,0.026592036000238295,Optimal,0,none,3.4191180245081596,0,13,100.0,100.0,100.0,2.0,0,4,0,0.0,0.0,0.0,0.0,0,4,0,0.0,0.0,0.0,0.0,0,4,0,0.0,0.0,0.0,0.0,0,4,0,0.0,0.0,0.0,0.0,8.3671999618673e-05,0,100.0,0,0,0,0.0,0.0,0.0,0,0,0,0.0,0.0,0.0,0,0,0,0.0,0.0,0.0,0,0,0,0.0,0.0,0.0
Visual Genome,713491,32,0,16,0,19,589,38,589,627,362,0,0,38,0.025070484000025317,0.03135540899984335,0.0,0.03135540899984335,0.032169277999855694,0.05864931899986914,Optimal,0,none,15.167105811505744,0,58,100.0,100.0,100.0,2.0,0,19,0,0.0,0.0,0.0,0.0,0,19,0,0.0,0.0,0.0,0.0,0,19,0,0.0,0.0,0.0,0.0,0,19,0,0.0,0.0,0.0,0.0,0.0013318400001480768,0,100.0,0,0,0,0.0,0.0,0.0,0,0,0,0.0,0.0,0.0,0,0,0,0.0,0.0,0.0,0,0,0,0.0,0.0,0.0
Visual Genome,1159279,36,5,23,0,17,525,34,525,559,290,0,0,34,0.023993473000246013,0.028048204999777226,0.0,0.028048204999777226,0.028838561999691592,0.05411105700022745,Optimal,0,none,14.325144956559711,0,52,100.0,100.0,100.0,2.0,4,13,1,0.23529411764705882,0.8,0.3636363636363636,0.8425969705101859,4,13,1,0.23529411764705882,0.8,0.3636363636363636,0.8425969705101859,4,13,1,0.23529411764705882,0.8,0.3636363636363636,0.8425969705101859,4,13,1,0.23529411764705882,0.8,0.3636363636363636,0.8425969705101859,0.0012042190001011477,0,100.0,0,0,0,0.0,0.0,0.0,0,0,0,0.0,0.0,0.0,0,0,0,0.0,0.0,0.0,0,0,0,0.0,0.0,0.0
Visual Genome,1159540,26,12,42,1,18,561,36,561,597,325,0,0,36,0.025029096000253048,0.027945916000135185,0.0,0.027945916000135185,0.028654918000029284,0.054930710999997245,Optimal,0,none,14.555710713719561,0,55,100.0,100.0,100.0,2.0,11,7,1,0.6111111111111112,0.9166666666666666,0.7333333333333334,0.8354765472541626,11,7,1,0.6111111111111112,0.9166666666666666,0.7333333333333334,0.8354765472541626,11,7,1,0.6111111111111112,0.9166666666666666,0.7333333333333334,0.8354765472541626,11,7,1,0.6111111111111112,0.9166666666666666,0.7333333333333334,0.8354765472541626,0.0011745820002033724,0,100.0,0,2,1,0.0,0.0,0.0,0,4,1,0.0,0.0,0.0,0,8,1,0.0,0.0,0.0,0,12,1,0.0,0.0,0.0
Visual Genome,1159694,18,4,10,0,13,311,26,311,337,170,0,0,26,0.022052388999782124,0.01908222400015802,0.0,0.01908222400015802,0.01955584299957991,0.042387316999793256,Optimal,0,none,11.235788588520888,0,40,100.0,100.0,100.0,2.0,3,10,1,0.23076923076923078,0.75,0.3529411764705882,0.8296596976299591,3,10,1,0.23076923076923078,0.75,0.3529411764705882,0.8296596976299591,3,10,1,0.23076923076923078,0.75,0.3529411764705882,0.8296596976299591,3,10,1,0.23076923076923078,0.75,0.3529411764705882,0.8296596976299591,0.0007165960000747873,0,100.0,0,0,0,0.0,0.0,0.0,0,0,0,0.0,0.0,0.0,0,0,0,0.0,0.0,0.0,0,0,0,0.0,0.0,0.0
Visual Genome,1159744,41,12,32,0,23,906,46,906,952,530,0,0,46,0.026848174999940966,0.04406251599993993,0.0,0.04406251599993993,0.045183525000084046,0.07413434000000052,Optimal,0,none,20.139875265898247,0,70,100.0,100.0,100.0,2.0,10,13,2,0.43478260869565216,0.8333333333333334,0.5714285714285714,0.8698763170042644,10,13,2,0.43478260869565216,0.8333333333333334,0.5714285714285714,0.8698763170042644,10,13,2,0.43478260869565216,0.8333333333333334,0.5714285714285714,0.8698763170042644,10,13,2,0.43478260869565216,0.8333333333333334,0.5714285714285714,0.8698763170042644,0.002005931999974564,0,100.0,0,0,0,0.0,0.0,0.0,0,0,0,0.0,0.0,0.0,0,0,0,0.0,0.0,0.0,0,0,0,0.0,0.0,0.0
Visual Genome,1159873,5,0,4,0,8,101,16,101,117,65,0,0,16,0.02221161600027699,0.011020456000096601,0.0,0.011020456000096601,0.011309765000078187,0.03383407100000113,Optimal,0,none,6.627297252019249,0,25,100.0,100.0,100.0,2.0,0,8,0,0.0,0.0,0.0,0.0,0,8,0,0.0,0.0,0.0,0.0,0,8,0,0.0,0.0,0.0,0.0,0,8,0,0.0,0.0,0.0,0.0,0.00027273499972579884,0,100.0,0,0,0,0.0,0.0,0.0,0,0,0,0.0,0.0,0.0,0,0,0,0.0,0.0,0.0,0,0,0,0.0,0.0,0.0
Visual Genome,1159972,34,2,29,0,9,114,18,114,132,82,0,0,18,0.022719891000178905,0.012145564000093145,0.0,0.012145564000093145,0.012462286000300082,0.03563453500009928,Optimal,0,none,7.451251595020297,0,28,100.0,100.0,100.0,2.0,0,9,2,0.0,0.0,0.0,0.0,0,9,2,0.0,0.0,0.0,0.0,0,9,2,0.0,0.0,0.0,0.0,0,9,2,0.0,0.0,0.0,0.0,0.0004048789996886626,0,100.0,0,0,0,0.0,0.0,0.0,0,0,0,0.0,0.0,0.0,0,0,0,0.0,0.0,0.0,0,0,0,0.0,0.0,0.0
Visual Genome,1159995,19,2,10,0,5,34,10,34,44,26,0,0,10,0.023411487999965175,0.008583086999806255,0.0,0.008583086999806255,0.00877591400012534,0.03239489299994602,Optimal,0,none,4.207706399758658,0,16,100.0,100.0,100.0,2.0,2,3,0,0.4,1.0,0.5714285714285715,0.6924770637989253,2,3,0,0.4,1.0,0.5714285714285715,0.6924770637989253,2,3,0,0.4,1.0,0.5714285714285715,0.6924770637989253,2,3,0,0.4,1.0,0.5714285714285715,0.6924770637989253,0.00012047400014125742,0,100.0,0,0,0,0.0,0.0,0.0,0,0,0,0.0,0.0,0.0,0,0,0,0.0,0.0,0.0,0,0,0,0.0,0.0,0.0
Visual Genome,1160034,11,9,16,0,11,163,22,163,185,120,0,0,22,0.02117262000001574,0.013747765000061918,0.0,0.013747765000061918,0.014092763000007835,0.03571782099970733,Optimal,0,none,8.819616551510263,0,34,100.0,100.0,100.0,2.0,6,5,3,0.5454545454545454,0.6666666666666666,0.6,0.89110472777296,6,5,3,0.5454545454545454,0.6666666666666666,0.6,0.89110472777296,6,5,3,0.5454545454545454,0.6666666666666666,0.6,0.89110472777296,6,5,3,0.5454545454545454,0.6666666666666666,0.6,0.89110472777296,0.0004023829997095163,0,100.0,0,0,0,0.0,0.0,0.0,0,0,0,0.0,0.0,0.0,0,0,0,0.0,0.0,0.0,0,0,0,0.0,0.0,0.0
Visual Genome,1591822,35,2,22,0,8,109,16,109,125,65,0,0,16,0.021108499000092706,0.010871893000057753,0.0,0.010871893000057753,0.011137319000226853,0.032636365000143996,Optimal,0,none,6.321787496147637,0,25,100.0,100.0,100.0,2.0,1,7,1,0.125,0.5,0.2,0.6235740313892145,1,7,1,0.125,0.5,0.2,0.6235740313892145,1,7,1,0.125,0.5,0.2,0.6235740313892145,1,7,1,0.125,0.5,0.2,0.6235740313892145,0.00035068499983026413,0,100.0,0,0,0,0.0,0.0,0.0,0,0,0,0.0,0.0,0.0,0,0,0,0.0,0.0,0.0,0,0,0,0.0,0.0,0.0
Visual Genome,1591881,31,3,25,0,12,242,24,242,266,145,0,0,24,0.030572108999876946,0.021032912999999098,0.0,0.021032912999999098,0.021658053999999538,0.05372964799971669,Optimal,0,none,10.021616909319018,0,37,100.0,100.0,100.0,2.0,1,11,2,0.08333333333333333,0.3333333333333333,0.13333333333333333,0.6787048330779393,1,11,2,0.08333333333333333,0.3333333333333333,0.13333333333333333,0.6787048330779393,1,11,2,0.08333333333333333,0.3333333333333333,0.13333333333333333,0.6787048330779393,1,11,2,0.08333333333333333,0.3333333333333333,0.13333333333333333,0.6787048330779393,0.0013701180000680324,0,100.0,0,0,0,0.0,0.0,0.0,0,0,0,0.0,0.0,0.0,0,0,0,0.0,0.0,0.0,0,0,0,0.0,0.0,0.0
Visual Genome,1592256,29,3,19,0,9,125,18,125,143,82,0,0,18,0.019426177999775973,0.0124061179999444,0.0,0.0124061179999444,0.012715248999938922,0.03256871099983982,Optimal,0,none,7.100584838390353,0,28,100.0,100.0,100.0,2.0,2,7,1,0.2222222222222222,0.6666666666666666,0.3333333333333333,0.8159010489979763,2,7,1,0.2222222222222222,0.6666666666666666,0.3333333333333333,0.8159010489979763,2,7,1,0.2222222222222222,0.6666666666666666,0.3333333333333333,0.8159010489979763,2,7,1,0.2222222222222222,0.6666666666666666,0.3333333333333333,0.8159010489979763,0.00032361300009142724,0,100.0,0,0,0,0.0,0.0,0.0,0,0,0,0.0,0.0,0.0,0,0,0,0.0,0.0,0.0,0,0,0,0.0,0.0,0.0
Visual Genome,1592323,51,1,63,0,9,123,18,123,141,82,0,0,18,0.01974701199969786,0.01114935300029174,0.0,0.01114935300029174,0.011494133999804035,0.031593865000104415,Optimal,0,none,7.7466627407074,0,28,100.0,100.0,100.0,2.0,1,8,0,0.1111111111111111,1.0,0.19999999999999998,0.776802185012198,1,8,0,0.1111111111111111,1.0,0.19999999999999998,0.776802185012198,1,8,0,0.1111111111111111,1.0,0.19999999999999998,0.776802185012198,1,8,0,0.1111111111111111,1.0,0.19999999999999998,0.776802185012198,0.00030995699989944114,0,100.0,0,0,0,0.0,0.0,0.0,0,0,0,0.0,0.0,0.0,0,0,0,0.0,0.0,0.0,0,0,0,0.0,0.0,0.0
Visual Genome,1592611,40,0,27,0,1,0,2,0,2,1,0,0,2,0.020206877999953576,0.006475760999819613,0.0,0.006475760999819613,0.006540293999933056,0.026774358000238863,Optimal,0,none,0.6021134773890178,0,2,100.0,100.0,100.0,2.0,0,1,0,0.0,0.0,0.0,0.0,0,1,0,0.0,0.0,0.0,0.0,0,1,0,0.0,0.0,0.0,0.0,0,1,0,0.0,0.0,0.0,0.0,1.9546000203263247e-05,0,100.0,0,0,0,0.0,0.0,0.0,0,0,0,0.0,0.0,0.0,0,0,0,0.0,0.0,0.0,0,0,0,0.0,0.0,0.0
Visual Genome,1592779,18,0,3,0,1,0,2,0,2,1,0,0,2,0.025391022999883717,0.006362016999901243,0.0,0.006362016999901243,0.00642915099979291,0.03185067499998695,Optimal,0,none,0.6368072907129924,0,2,100.0,100.0,100.0,2.0,0,1,0,0.0,0.0,0.0,0.0,0,1,0,0.0,0.0,0.0,0.0,0,1,0,0.0,0.0,0.0,0.0,0,1,0,0.0,0.0,0.0,0.0,2.2480000097857555e-05,0,100.0,0,0,0,0.0,0.0,0.0,0,0,0,0.0,0.0,0.0,0,0,0,0.0,0.0,0.0,0,0,0,0.0,0.0,0.0
Visual Genome,1592852,19,0,18,0,2,3,4,3,7,5,0,0,4,0.02160004100005608,0.006964433000121062,0.0,0.006964433000121062,0.00706773299998531,0.028722100999857503,Optimal,0,none,1.5564013036092126,0,5,100.0,100.0,100.0,2.0,0,2,0,0.0,0.0,0.0,0.0,0,2,0,0.0,0.0,0.0,0.0,0,2,0,0.0,0.0,0.0,0.0,0,2,0,0.0,0.0,0.0,0.0,3.973900038545253e-05,0,100.0,0,0,0,0.0,0.0,0.0,0,0,0,0.0,0.0,0.0,0,0,0,0.0,0.0,0.0,0,0,0,0.0,0.0,0.0
Visual Genome,1592930,31,5,25,0,13,310,26,310,336,170,0,0,26,0.022583502999623306,0.01964646599981279,0.0,0.01964646599981279,0.020115531000101328,0.043471085999954084,Optimal,0,none,10.16419013471176,0,40,100.0,100.0,100.0,2.0,2,11,3,0.15384615384615385,0.4,0.2222222222222222,0.6453768870996018,2,11,3,0.15384615384615385,0.4,0.2222222222222222,0.6453768870996018,2,11,3,0.15384615384615385,0.4,0.2222222222222222,0.6453768870996018,2,11,3,0.15384615384615385,0.4,0.2222222222222222,0.6453768870996018,0.0007203679997473955,0,100.0,0,0,0,0.0,0.0,0.0,0,0,0,0.0,0.0,0.0,0,0,0,0.0,0.0,0.0,0,0,0,0.0,0.0,0.0
Visual Genome,1593021,24,4,27,0,19,602,38,602,640,362,0,0,38,0.024735442999826773,0.031020052999792824,0.0,0.031020052999792824,0.031912650000322174,0.05819608599995263,Optimal,0,none,15.99663134711258,0,58,100.0,100.0,100.0,2.0,4,15,0,0.21052631578947367,1.0,0.34782608695652173,0.8217650179857863,4,15,0,0.21052631578947367,1.0,0.34782608695652173,0.8217650179857863,4,15,0,0.21052631578947367,1.0,0.34782608695652173,0.8217650179857863,4,15,0,0.21052631578947367,1.0,0.34782608695652173,0.8217650179857863,0.0014738800000486663,0,100.0,0,0,0,0.0,0.0,0.0,0,0,0,0.0,0.0,0.0,0,0,0,0.0,0.0,0.0,0,0,0,0.0,0.0,0.0
Visual Genome,1593068,19,1,14,0,11,200,22,200,222,122,0,0,22,0.02220236700031819,0.01644283500036181,0.0,0.01644283500036181,0.016879529999641818,0.0397386100003132,Optimal,0,none,8.579836629207195,0,34,100.0,100.0,100.0,2.0,1,10,0,0.09090909090909091,1.0,0.16666666666666669,0.8701733024820818,1,10,0,0.09090909090909091,1.0,0.16666666666666669,0.8701733024820818,1,10,0,0.09090909090909091,1.0,0.16666666666666669,0.8701733024820818,1,10,0,0.09090909090909091,1.0,0.16666666666666669,0.8701733024820818,0.000597016000028816,0,100.0,0,0,0,0.0,0.0,0.0,0,0,0,0.0,0.0,0.0,0,0,0,0.0,0.0,0.0,0,0,0,0.0,0.0,0.0
Visual Genome,1593241,43,3,36,0,3,10,6,10,16,10,0,0,6,0.023101825999674475,0.0076299510001263116,0.0,0.0076299510001263116,0.0077641679999942426,0.030947771999763063,Optimal,0,none,2.631452021598817,0,10,100.0,100.0,100.0,2.0,1,2,2,0.3333333333333333,0.3333333333333333,0.3333333333333333,0.8156696063298604,1,2,2,0.3333333333333333,0.3333333333333333,0.3333333333333333,0.8156696063298604,1,2,2,0.3333333333333333,0.3333333333333333,0.3333333333333333,0.8156696063298604,1,2,2,0.3333333333333333,0.3333333333333333,0.3333333333333333,0.8156696063298604,5.998899996484397e-05,0,100.0,0,0,0,0.0,0.0,0.0,0,0,0,0.0,0.0,0.0,0,0,0,0.0,0.0,0.0,0,0,0,0.0,0.0,0.0
Visual Genome,1593259,21,0,18,0,4,14,8,14,22,17,0,0,8,0.019897170999684022,0.0078531680001106,0.0,0.0078531680001106,0.008072670999808906,0.028073177999885957,Optimal,0,none,3.4349237934748342,0,13,100.0,100.0,100.0,2.0,0,4,0,0.0,0.0,0.0,0.0,0,4,0,0.0,0.0,0.0,0.0,0,4,0,0.0,0.0,0.0,0.0,0,4,0,0.0,0.0,0.0,0.0,7.572399999844492e-05,0,100.0,0,0,0,0.0,0.0,0.0,0,0,0,0.0,0.0,0.0,0,0,0,0.0,0.0,0.0,0,0,0,0.0,0.0,0.0
Visual Genome,2315399,12,2,7,0,5,30,10,30,40,26,0,0,10,0.012814747999982501,0.008617680000043038,0.0,0.008617680000043038,0.0088307280002482,0.021787808000226505,Optimal,0,none,3.8201230627756178,0,16,100.0,100.0,100.0,2.0,1,4,1,0.2,0.5,0.28571428571428575,0.5988938412361628,1,4,1,0.2,0.5,0.28571428571428575,0.5988938412361628,1,4,1,0.2,0.5,0.28571428571428575,0.5988938412361628,1,4,1,0.2,0.5,0.28571428571428575,0.5988938412361628,0.00011440299977039103,0,100.0,0,0,0,0.0,0.0,0.0,0,0,0,0.0,0.0,0.0,0,0,0,0.0,0.0,0.0,0,0,0,0.0,0.0,0.0
Visual Genome,2315969,22,2,16,0,2,5,4,5,9,5,0,0,4,0.013772138999684103,0.008186520000435848,0.0,0.008186520000435848,0.00829629300005763,0.02213034999977026,Optimal,0,none,1.3352857025464377,0,5,100.0,100.0,100.0,2.0,1,1,1,0.5,0.5,0.5,0.9220600539057656,1,1,1,0.5,0.5,0.5,0.9220600539057656,1,1,1,0.5,0.5,0.5,0.9220600539057656,1,1,1,0.5,0.5,0.5,0.9220600539057656,4.6443999963230453e-05,0,100.0,0,0,0,0.0,0.0,0.0,0,0,0,0.0,0.0,0.0,0,0,0,0.0,0.0,0.0,0,0,0,0.0,0.0,0.0
Visual Genome,2316439,33,2,27,0,3,14,6,14,20,10,0,0,6,0.01947678199985603,0.010472423999999592,0.0,0.010472423999999592,0.010727930000030028,0.030409241000143084,Optimal,0,none,2.681041651871797,0,10,100.0,100.0,100.0,2.0,2,1,0,0.6666666666666666,1.0,0.8,0.9267288609740352,2,1,0,0.6666666666666666,1.0,0.8,0.9267288609740352,2,1,0,0.6666666666666666,1.0,0.8,0.9267288609740352,2,1,0,0.6666666666666666,1.0,0.8,0.9267288609740352,0.00016031799987104023,0,100.0,0,0,0,0.0,0.0,0.0,0,0,0,0.0,0.0,0.0,0,0,0,0.0,0.0,0.0,0,0,0,0.0,0.0,0.0
Visual Genome,2316445,35,2,34,0,3,8,6,8,14,10,0,0,6,0.01568155500035573,0.007401982999908796,0.0,0.007401982999908796,0.007558022000011988,0.023321654000028502,Optimal,0,none,2.5079620409011847,0,10,100.0,100.0,100.0,2.0,1,2,1,0.3333333333333333,0.5,0.4,0.9618071904725842,1,2,1,0.3333333333333333,0.5,0.4,0.9618071904725842,1,2,1,0.3333333333333333,0.5,0.4,0.9618071904725842,1,2,1,0.3333333333333333,0.5,0.4,0.9618071904725842,5.8275999890611274e-05,0,100.0,0,0,0,0.0,0.0,0.0,0,0,0,0.0,0.0,0.0,0,0,0,0.0,0.0,0.0,0,0,0,0.0,0.0,0.0
Visual Genome,2316585,21,0,12,0,10,166,20,166,186,101,0,0,20,0.015213708000374027,0.013047606000327505,0.0,0.013047606000327505,0.013377256000239868,0.029093290000218985,Optimal,0,none,7.9500608182496375,0,31,100.0,100.0,100.0,2.0,0,10,0,0.0,0.0,0.0,0.0,0,10,0,0.0,0.0,0.0,0.0,0,10,0,0.0,0.0,0.0,0.0,0,10,0,0.0,0.0,0.0,0.0,0.0004557900001600501,0,100.0,0,0,0,0.0,0.0,0.0,0,0,0,0.0,0.0,0.0,0,0,0,0.0,0.0,0.0,0,0,0,0.0,0.0,0.0
Visual Genome,2316628,25,2,36,0,2,2,4,2,6,5,0,0,4,0.013546399999995629,0.006824580000284186,0.0,0.006824580000284186,0.006922220999967976,0.020537343000341934,Optimal,0,none,1.4710322650273642,0,5,100.0,100.0,100.0,2.0,1,1,1,0.5,0.5,0.5,0.8945761929588115,1,1,1,0.5,0.5,0.5,0.8945761929588115,1,1,1,0.5,0.5,0.5,0.8945761929588115,1,1,1,0.5,0.5,0.5,0.8945761929588115,3.622399981395574e-05,0,100.0,0,0,0,0.0,0.0,0.0,0,0,0,0.0,0.0,0.0,0,0,0,0.0,0.0,0.0,0,0,0,0.0,0.0,0.0
Visual Genome,2316897,15,1,21,0,1,0,2,0,2,1,0,0,2,0.014376280000305997,0.006540741000208072,0.0,0.006540741000208072,0.006608325999877707,0.021014290000039182,Optimal,0,none,0.5468794743220011,0,2,100.0,100.0,100.0,2.0,0,1,1,0.0,0.0,0.0,0.0,0,1,1,0.0,0.0,0.0,0.0,0,1,1,0.0,0.0,0.0,0.0,0,1,1,0.0,0.0,0.0,0.0,2.17119995795656e-05,0,100.0,0,0,0,0.0,0.0,0.0,0,0,0,0.0,0.0,0.0,0,0,0,0.0,0.0,0.0,0,0,0,0.0,0.0,0.0
Visual Genome,2317399,34,2,36,0,1,0,2,0,2,1,0,0,2,0.013691159000245534,0.00671018399998502,0.0,0.00671018399998502,0.006782364000173402,0.020505008999862184,Optimal,0,none,0.42590518395106,0,2,100.0,100.0,100.0,2.0,1,0,1,1.0,0.5,0.6666666666666666,0.653543668096767,1,0,1,1.0,0.5,0.6666666666666666,0.653543668096767,1,0,1,1.0,0.5,0.6666666666666666,0.653543668096767,1,0,1,1.0,0.5,0.6666666666666666,0.653543668096767,2.287799998157425e-05,0,100.0,0,0,0,0.0,0.0,0.0,0,0,0,0.0,0.0,0.0,0,0,0,0.0,0.0,0.0,0,0,0,0.0,0.0,0.0
Visual Genome,2317578,14,0,9,0,17,523,34,523,557,290,0,0,34,0.01808217000007062,0.027288324999972247,0.0,0.027288324999972247,0.027957828000126028,0.04727361400000518,Optimal,0,none,13.523255986012026,0,52,100.0,100.0,100.0,2.0,0,17,0,0.0,0.0,0.0,0.0,0,17,0,0.0,0.0,0.0,0.0,0,17,0,0.0,0.0,0.0,0.0,0,17,0,0.0,0.0,0.0,0.0,0.0011608669997258403,0,100.0,0,0,0,0.0,0.0,0.0,0,0,0,0.0,0.0,0.0,0,0,0,0.0,0.0,0.0,0,0,0,0.0,0.0,0.0
Visual Genome,2318115,26,3,22,0,2,4,4,4,8,5,0,0,4,0.013413147999926878,0.0066143849999207305,0.0,0.0066143849999207305,0.006715046999943297,0.020190791999993962,Optimal,0,none,1.1838766368230185,0,5,100.0,100.0,100.0,2.0,0,2,3,0.0,0.0,0.0,0.5385246586041468,0,2,3,0.0,0.0,0.0,0.5385246586041468,0,2,3,0.0,0.0,0.0,0.5385246586041468,0,2,3,0.0,0.0,0.0,0.5385246586041468,4.179899997325265e-05,0,100.0,0,0,0,0.0,0.0,0.0,0,0,0,0.0,0.0,0.0,0,0,0,0.0,0.0,0.0,0,0,0,0.0,0.0,0.0
Visual Genome,2318369,25,1,19,0,2,4,4,4,8,5,0,0,4,0.013667989000168745,0.006829962000210799,0.0,0.006829962000210799,0.00693709500001205,0.020661302999997133,Optimal,0,none,1.471520951588949,0,5,100.0,100.0,100.0,2.0,0,2,1,0.0,0.0,0.0,0.0,0,2,1,0.0,0.0,0.0,0.0,0,2,1,0.0,0.0,0.0,0.0,0,2,1,0.0,0.0,0.0,0.0,4.131700006837491e-05,0,100.0,0,0,0,0.0,0.0,0.0,0,0,0,0.0,0.0,0.0,0,0,0,0.0,0.0,0.0,0,0,0,0.0,0.0,0.0
Visual Genome,2318440,45,7,22,0,18,518,36,518,554,325,0,0,36,0.018129386000055092,0.027795785999842337,0.0,0.027795785999842337,0.028484847000072477,0.04776144800007387,Optimal,0,none,14.632175454657654,0,55,100.0,100.0,100.0,2.0,7,11,0,0.3888888888888889,1.0,0.56,0.8341131472950086,7,11,0,0.3888888888888889,1.0,0.56,0.8341131472950086,7,11,0,0.3888888888888889,1.0,0.56,0.8341131472950086,7,11,0,0.3888888888888889,1.0,0.56,0.8341131472950086,0.001077566999811097,0,100.0,0,0,0,0.0,0.0,0.0,0,0,0,0.0,0.0,0.0,0,0,0,0.0,0.0,0.0,0,0,0,0.0,0.0,0.0
Visual Genome,2318496,24,3,16,0,1,0,2,0,2,1,0,0,2,0.01353322599970852,0.006421914999918954,0.0,0.006421914999918954,0.006487227999969036,0.020047547000103805,Optimal,0,none,0.6368696371714274,0,2,100.0,100.0,100.0,2.0,1,0,2,1.0,0.3333333333333333,0.5,0.9727585314413646,1,0,2,1.0,0.3333333333333333,0.5,0.9727585314413646,1,0,2,1.0,0.3333333333333333,0.5,0.9727585314413646,1,0,2,1.0,0.3333333333333333,0.5,0.9727585314413646,2.0047999896632973e-05,0,100.0,0,0,0,0.0,0.0,0.0,0,0,0,0.0,0.0,0.0,0,0,0,0.0,0.0,0.0,0,0,0,0.0,0.0,0.0
Visual Genome,2318583,31,1,19,0,5,42,10,42,52,26,0,0,10,0.013749582999935228,0.009197326000048633,0.0,0.009197326000048633,0.009402437000062491,0.023340876000020216,Optimal,0,none,3.894055663233259,0,16,100.0,100.0,100.0,2.0,0,5,1,0.0,0.0,0.0,0.0,0,5,1,0.0,0.0,0.0,0.0,0,5,1,0.0,0.0,0.0,0.0,0,5,1,0.0,0.0,0.0,0.0,0.00014156099996398552,0,100.0,0,0,0,0.0,0.0,0.0,0,0,0,0.0,0.0,0.0,0,0,0,0.0,0.0,0.0,0,0,0,0.0,0.0,0.0
Visual Genome,2318913,20,1,22,0,4,21,8,21,29,17,0,0,8,0.012925887000164948,0.008207168999888381,0.0,0.008207168999888381,0.008368673999939347,0.021405680000043503,Optimal,0,none,3.2049075663031403,0,13,100.0,100.0,100.0,2.0,1,3,0,0.25,1.0,0.4,0.8794220349310278,1,3,0,0.25,1.0,0.4,0.8794220349310278,1,3,0,0.25,1.0,0.4,0.8794220349310278,1,3,0,0.25,1.0,0.4,0.8794220349310278,8.637400014777086e-05,0,100.0,0,0,0,0.0,0.0,0.0,0,0,0,0.0,0.0,0.0,0,0,0,0.0,0.0,0.0,0,0,0,0.0,0.0,0.0
Visual Genome,2318942,38,0,26,0,1,0,2,0,2,1,0,0,2,0.015158661999976175,0.006336557999929937,0.0,0.006336557999929937,0.006407596999906673,0.02159725499996057,Optimal,0,none,0.5936402241388956,0,2,100.0,100.0,100.0,2.0,0,1,0,0.0,0.0,0.0,0.0,0,1,0,0.0,0.0,0.0,0.0,0,1,0,0.0,0.0,0.0,0.0,0,1,0,0.0,0.0,0.0,0.0,2.2387000171875115e-05,0,100.0,0,0,0,0.0,0.0,0.0,0,0,0,0.0,0.0,0.0,0,0,0,0.0,0.0,0.0,0,0,0,0.0,0.0,0.0
Visual Genome,2319079,13,0,19,0,1,0,2,0,2,1,0,0,2,0.05761215800021091,0.006803353000123025,0.0,0.006803353000123025,0.006876068999645213,0.06451774000015575,Optimal,0,none,0.624840752283732,0,2,100.0,100.0,100.0,2.0,0,1,0,0.0,0.0,0.0,0.0,0,1,0,0.0,0.0,0.0,0.0,0,1,0,0.0,0.0,0.0,0.0,0,1,0,0.0,0.0,0.0,0.0,2.1134000235178974e-05,0,100.0,0,0,0,0.0,0.0,0.0,0,0,0,0.0,0.0,0.0,0,0,0,0.0,0.0,0.0,0,0,0,0.0,0.0,0.0
Visual Genome,2319149,15,0,9,0,1,0,2,0,2,1,0,0,2,0.016165453000212437,0.006919591000041692,0.0,0.006919591000041692,0.006985177000387921,0.02317839300030755,Optimal,0,none,0.5748338381449382,0,2,100.0,100.0,100.0,2.0,0,1,0,0.0,0.0,0.0,0.0,0,1,0,0.0,0.0,0.0,0.0,0,1,0,0.0,0.0,0.0,0.0,0,1,0,0.0,0.0,0.0,0.0,2.0212999970681267e-05,0,100.0,0,0,0,0.0,0.0,0.0,0,0,0,0.0,0.0,0.0,0,0,0,0.0,0.0,0.0,0,0,0,0.0,0.0,0.0
Visual Genome,2319501,35,0,32,0,3,8,6,8,14,10,0,0,6,0.014635872999861022,0.006288284000220301,0.0,0.006288284000220301,0.006411519999801385,0.021116954000262922,Optimal,0,none,2.293679914474488,0,10,100.0,100.0,100.0,2.0,0,3,0,0.0,0.0,0.0,0.0,0,3,0,0.0,0.0,0.0,0.0,0,3,0,0.0,0.0,0.0,0.0,0,3,0,0.0,0.0,0.0,0.0,5.052799997429247e-05,0,100.0,0,0,0,0.0,0.0,0.0,0,0,0,0.0,0.0,0.0,0,0,0,0.0,0.0,0.0,0,0,0,0.0,0.0,0.0
Visual Genome,2319669,46,6,56,0,9,131,18,131,149,82,0,0,18,0.016425066000010702,0.01277240499985055,0.0,0.01277240499985055,0.013073464000171953,0.029879646000154025,Optimal,0,none,7.2734933963700525,0,28,100.0,100.0,100.0,2.0,2,7,4,0.2222222222222222,0.3333333333333333,0.26666666666666666,0.9062500736351848,2,7,4,0.2222222222222222,0.3333333333333333,0.26666666666666666,0.9062500736351848,2,7,4,0.2222222222222222,0.3333333333333333,0.26666666666666666,0.9062500736351848,2,7,4,0.2222222222222222,0.3333333333333333,0.26666666666666666,0.9062500736351848,0.0003407629997127515,0,100.0,0,0,0,0.0,0.0,0.0,0,0,0,0.0,0.0,0.0,0,0,0,0.0,0.0,0.0,0,0,0,0.0,0.0,0.0
Visual Genome,2319710,18,0,37,0,1,0,2,0,2,1,0,0,2,0.012329800000316027,0.006803330999900936,0.0,0.006803330999900936,0.006876104000184569,0.01923824899995452,Optimal,0,none,0.6129119078318278,0,2,100.0,100.0,100.0,2.0,0,1,0,0.0,0.0,0.0,0.0,0,1,0,0.0,0.0,0.0,0.0,0,1,0,0.0,0.0,0.0,0.0,0,1,0,0.0,0.0,0.0,0.0,2.3159000193118118e-05,0,100.0,0,0,0,0.0,0.0,0.0,0,0,0,0.0,0.0,0.0,0,0,0,0.0,0.0,0.0,0,0,0,0.0,0.0,0.0
Visual Genome,2320251,17,3,15,0,6,52,12,52,64,37,0,0,12,0.015605065999807266,0.009713113000088924,0.0,0.009713113000088924,0.009916063999753533,0.02572207299999718,Optimal,0,none,5.107084100922951,0,19,100.0,100.0,100.0,2.0,3,3,0,0.5,1.0,0.6666666666666666,0.846949519283982,3,3,0,0.5,1.0,0.6666666666666666,0.846949519283982,3,3,0,0.5,1.0,0.6666666666666666,0.846949519283982,3,3,0,0.5,1.0,0.6666666666666666,0.846949519283982,0.0001697279999461898,0,100.0,0,0,0,0.0,0.0,0.0,0,0,0,0.0,0.0,0.0,0,0,0,0.0,0.0,0.0,0,0,0,0.0,0.0,0.0
Visual Genome,2320648,25,0,13,0,4,24,8,24,32,17,0,0,8,0.012979265000012674,0.007434836999891559,0.0,0.007434836999891559,0.007591419000164024,0.02069757000026584,Optimal,0,none,3.24318946282069,0,13,100.0,100.0,100.0,2.0,0,4,0,0.0,0.0,0.0,0.0,0,4,0,0.0,0.0,0.0,0.0,0,4,0,0.0,0.0,0.0,0.0,0,4,0,0.0,0.0,0.0,0.0,8.845000002111192e-05,0,100.0,0,0,0,0.0,0.0,0.0,0,0,0,0.0,0.0,0.0,0,0,0,0.0,0.0,0.0,0,0,0,0.0,0.0,0.0
Visual Genome,2320698,33,1,21,0,17,505,34,505,539,290,0,0,34,0.017081376000078308,0.02783336300035444,0.0,0.02783336300035444,0.028508151000096404,0.0466971190003278,Optimal,0,none,13.233295024012325,0,52,100.0,100.0,100.0,2.0,1,16,0,0.058823529411764705,1.0,0.1111111111111111,0.5606073482804698,1,16,0,0.058823529411764705,1.0,0.1111111111111111,0.5606073482804698,1,16,0,0.058823529411764705,1.0,0.1111111111111111,0.5606073482804698,1,16,0,0.058823529411764705,1.0,0.1111111111111111,0.5606073482804698,0.0010413959998913924,0,100.0,0,0,0,0.0,0.0,0.0,0,0,0,0.0,0.0,0.0,0,0,0,0.0,0.0,0.0,0,0,0,0.0,0.0,0.0
Visual Genome,2320927,8,0,3,0,1,0,2,0,2,1,0,0,2,0.013756231000115804,0.0063316760001725925,0.0,0.0063316760001725925,0.006399601999873994,0.02018409399988741,Optimal,0,none,0.6494154373804728,0,2,100.0,100.0,100.0,2.0,0,1,0,0.0,0.0,0.0,0.0,0,1,0,0.0,0.0,0.0,0.0,0,1,0,0.0,0.0,0.0,0.0,0,1,0,0.0,0.0,0.0,0.0,2.1144999664102215e-05,0,100.0,0,0,0,0.0,0.0,0.0,0,0,0,0.0,0.0,0.0,0,0,0,0.0,0.0,0.0,0,0,0,0.0,0.0,0.0
Visual Genome,2320957,46,2,28,0,18,567,36,567,603,325,0,0,36,0.016991646999940713,0.030162159000155953,0.0,0.030162159000155953,0.030928485999993427,0.04914417100007995,Optimal,0,none,14.865171803764241,0,55,100.0,100.0,100.0,2.0,2,16,0,0.1111111111111111,1.0,0.19999999999999998,0.7217771505586337,2,16,0,0.1111111111111111,1.0,0.19999999999999998,0.7217771505586337,2,16,0,0.1111111111111111,1.0,0.19999999999999998,0.7217771505586337,2,16,0,0.1111111111111111,1.0,0.19999999999999998,0.7217771505586337,0.0011239559999012272,0,100.0,0,0,0,0.0,0.0,0.0,0,0,0,0.0,0.0,0.0,0,0,0,0.0,0.0,0.0,0,0,0,0.0,0.0,0.0
Visual Genome,2321001,13,1,37,0,3,10,6,10,16,10,0,0,6,0.01453123399960532,0.006678117999854294,0.0,0.006678117999854294,0.00681207399975392,0.021428136999929848,Optimal,0,none,2.519432327747346,0,10,100.0,100.0,100.0,2.0,1,2,0,0.3333333333333333,1.0,0.5,0.9754633261690219,1,2,0,0.3333333333333333,1.0,0.5,0.9754633261690219,1,2,0,0.3333333333333333,1.0,0.5,0.9754633261690219,1,2,0,0.3333333333333333,1.0,0.5,0.9754633261690219,6.237200022951583e-05,0,100.0,0,0,0,0.0,0.0,0.0,0,0,0,0.0,0.0,0.0,0,0,0,0.0,0.0,0.0,0,0,0,0.0,0.0,0.0
Visual Genome,2321381,27,1,14,0,2,2,4,2,6,5,0,0,4,0.01295658499975616,0.006550950000018929,0.0,0.006550950000018929,0.0066579720000845555,0.019660782999835646,Optimal,0,none,1.414297712643941,0,5,100.0,100.0,100.0,2.0,0,2,1,0.0,0.0,0.0,0.0,0,2,1,0.0,0.0,0.0,0.0,0,2,1,0.0,0.0,0.0,0.0,0,2,1,0.0,0.0,0.0,0.0,3.2439000278827734e-05,0,100.0,0,0,0,0.0,0.0,0.0,0,0,0,0.0,0.0,0.0,0,0,0,0.0,0.0,0.0,0,0,0,0.0,0.0,0.0
Visual Genome,2322129,22,2,23,0,3,10,6,10,16,10,0,0,6,0.056296998000107124,0.007904881999820645,0.0,0.007904881999820645,0.008043447000090964,0.06441565100021762,Optimal,0,none,2.588338155746461,0,10,100.0,100.0,100.0,2.0,1,2,1,0.3333333333333333,0.5,0.4,0.9178453088764963,1,2,1,0.3333333333333333,0.5,0.4,0.9178453088764963,1,2,1,0.3333333333333333,0.5,0.4,0.9178453088764963,1,2,1,0.3333333333333333,0.5,0.4,0.9178453088764963,5.541400014408282e-05,0,100.0,0,0,0,0.0,0.0,0.0,0,0,0,0.0,0.0,0.0,0,0,0,0.0,0.0,0.0,0,0,0,0.0,0.0,0.0
Visual Genome,2322284,20,0,12,0,2,2,4,2,6,5,0,0,4,0.01507172499987064,0.0070653849998052465,0.0,0.0070653849998052465,0.00716340000008131,0.022283563000200957,Optimal,0,none,1.357858851750692,0,5,100.0,100.0,100.0,2.0,0,2,0,0.0,0.0,0.0,0.0,0,2,0,0.0,0.0,0.0,0.0,0,2,0,0.0,0.0,0.0,0.0,0,2,0,0.0,0.0,0.0,0.0,3.524800013110507e-05,0,100.0,0,0,0,0.0,0.0,0.0,0,0,0,0.0,0.0,0.0,0,0,0,0.0,0.0,0.0,0,0,0,0.0,0.0,0.0
Visual Genome,2322814,33,1,36,0,1,0,2,0,2,1,0,0,2,0.014814836999903491,0.006870819000141637,0.0,0.006870819000141637,0.0069447860000764194,0.02179136099994139,Optimal,0,none,0.5520261208216349,0,2,100.0,100.0,100.0,2.0,0,1,1,0.0,0.0,0.0,0.9343860740934696,0,1,1,0.0,0.0,0.0,0.9343860740934696,0,1,1,0.0,0.0,0.0,0.9343860740934696,0,1,1,0.0,0.0,0.0,0.9343860740934696,2.3368000256596133e-05,0,100.0,0,0,0,0.0,0.0,0.0,0,0,0,0.0,0.0,0.0,0,0,0,0.0,0.0,0.0,0,0,0,0.0,0.0,0.0
Visual Genome,2322943,13,0,18,0,3,12,6,12,18,10,0,0,6,0.014734122999925603,0.006796721999762667,0.0,0.006796721999762667,0.006925620999936655,0.021749267999894073,Optimal,0,none,2.5556212282180795,0,10,100.0,100.0,100.0,2.0,0,3,0,0.0,0.0,0.0,0.0,0,3,0,0.0,0.0,0.0,0.0,0,3,0,0.0,0.0,0.0,0.0,0,3,0,0.0,0.0,0.0,0.0,5.978299986963975e-05,0,100.0,0,0,0,0.0,0.0,0.0,0,0,0,0.0,0.0,0.0,0,0,0,0.0,0.0,0.0,0,0,0,0.0,0.0,0.0
Visual Genome,2323305,9,0,1,0,1,0,2,0,2,1,0,0,2,0.013114709000092262,0.00617485900011161,0.0,0.00617485900011161,0.006245418000162317,0.019387762999940605,Optimal,0,none,0.3908850351969401,0,2,100.0,100.0,100.0,2.0,0,1,0,0.0,0.0,0.0,0.0,0,1,0,0.0,0.0,0.0,0.0,0,1,0,0.0,0.0,0.0,0.0,0,1,0,0.0,0.0,0.0,0.0,1.9915999928343808e-05,0,100.0,0,0,0,0.0,0.0,0.0,0,0,0,0.0,0.0,0.0,0,0,0,0.0,0.0,0.0,0,0,0,0.0,0.0,0.0
Visual Genome,2323847,19,2,41,0,10,162,20,162,182,101,0,0,20,0.014079137999942759,0.013529214999834949,0.0,0.013529214999834949,0.01386421999995946,0.028443031999813684,Optimal,0,none,8.255503639079985,0,31,100.0,100.0,100.0,2.0,2,8,0,0.2,1.0,0.33333333333333337,0.9033838555081262,2,8,0,0.2,1.0,0.33333333333333337,0.9033838555081262,2,8,0,0.2,1.0,0.33333333333333337,0.9033838555081262,2,8,0,0.2,1.0,0.33333333333333337,0.9033838555081262,0.0004558579998956702,0,100.0,0,0,0,0.0,0.0,0.0,0,0,0,0.0,0.0,0.0,0,0,0,0.0,0.0,0.0,0,0,0,0.0,0.0,0.0
Visual Genome,2324675,12,1,12,0,6,58,12,58,70,37,0,0,12,0.013518135000140319,0.01000794500032498,0.0,0.01000794500032498,0.010231505000319885,0.023935919999985344,Optimal,0,none,4.852659482607508,0,19,100.0,100.0,100.0,2.0,1,5,0,0.16666666666666666,1.0,0.2857142857142857,0.9585482759962924,1,5,0,0.16666666666666666,1.0,0.2857142857142857,0.9585482759962924,1,5,0,0.16666666666666666,1.0,0.2857142857142857,0.9585482759962924,1,5,0,0.16666666666666666,1.0,0.2857142857142857,0.9585482759962924,0.0001584300002832606,0,100.0,0,0,0,0.0,0.0,0.0,0,0,0,0.0,0.0,0.0,0,0,0,0.0,0.0,0.0,0,0,0,0.0,0.0,0.0
Visual Genome,2324842,36,4,27,0,6,50,12,50,62,37,0,0,12,0.015709140000126354,0.008758334000049217,0.0,0.008758334000049217,0.008984942000097362,0.02488648100006685,Optimal,0,none,5.247487695217134,0,19,100.0,100.0,100.0,2.0,4,2,0,0.6666666666666666,1.0,0.8,0.9047986782062509,4,2,0,0.6666666666666666,1.0,0.8,0.9047986782062509,4,2,0,0.6666666666666666,1.0,0.8,0.9047986782062509,4,2,0,0.6666666666666666,1.0,0.8,0.9047986782062509,0.00015826199978619115,0,100.0,0,0,0,0.0,0.0,0.0,0,0,0,0.0,0.0,0.0,0,0,0,0.0,0.0,0.0,0,0,0,0.0,0.0,0.0
Visual Genome,2324854,17,1,24,0,6,57,12,57,69,37,0,0,12,0.014405607999833592,0.008990881000045192,0.0,0.008990881000045192,0.009192242000153783,0.023788092999893706,Optimal,0,none,4.7602282047271745,0,19,100.0,100.0,100.0,2.0,0,6,1,0.0,0.0,0.0,0.0,0,6,1,0.0,0.0,0.0,0.0,0,6,1,0.0,0.0,0.0,0.0,0,6,1,0.0,0.0,0.0,0.0,0.0001529990004200954,0,100.0,0,0,0,0.0,0.0,0.0,0,0,0,0.0,0.0,0.0,0,0,0,0.0,0.0,0.0,0,0,0,0.0,0.0,0.0
Visual Genome,2324932,34,2,27,0,18,574,36,574,610,325,0,0,36,0.01723350800011758,0.030473631999939244,0.0,0.030473631999939244,0.031242643000041426,0.0499382300004072,Optimal,0,none,13.937866180842018,0,55,100.0,100.0,100.0,2.0,1,17,1,0.05555555555555555,0.5,0.09999999999999999,0.6485480486290633,1,17,1,0.05555555555555555,0.5,0.09999999999999999,0.6485480486290633,1,17,1,0.05555555555555555,0.5,0.09999999999999999,0.6485480486290633,1,17,1,0.05555555555555555,0.5,0.09999999999999999,0.6485480486290633,0.0013350819999686792,0,100.0,0,0,0,0.0,0.0,0.0,0,0,0,0.0,0.0,0.0,0,0,0,0.0,0.0,0.0,0,0,0,0.0,0.0,0.0
Visual Genome,2325308,43,0,48,0,4,34,8,34,42,17,0,0,8,0.01536112600024353,0.008082772000307159,0.0,0.008082772000307159,0.008240679999744316,0.023727640000288375,Optimal,0,none,3.4854282394312923,0,13,100.0,100.0,100.0,2.0,0,4,0,0.0,0.0,0.0,0.0,0,4,0,0.0,0.0,0.0,0.0,0,4,0,0.0,0.0,0.0,0.0,0,4,0,0.0,0.0,0.0,0.0,0.00010415499991722754,0,100.0,0,0,0,0.0,0.0,0.0,0,0,0,0.0,0.0,0.0,0,0,0,0.0,0.0,0.0,0,0,0,0.0,0.0,0.0
Visual Genome,2326698,24,8,8,0,1,0,2,0,2,1,0,0,2,0.014424511000015627,0.007475242000055005,0.0,0.007475242000055005,0.007546185000137484,0.021999608999976772,Optimal,0,none,0.6206393639246623,0,2,100.0,100.0,100.0,2.0,0,1,8,0.0,0.0,0.0,0.0,0,1,8,0.0,0.0,0.0,0.0,0,1,8,0.0,0.0,0.0,0.0,0,1,8,0.0,0.0,0.0,0.0,2.120199997079908e-05,0,100.0,0,0,0,0.0,0.0,0.0,0,0,0,0.0,0.0,0.0,0,0,0,0.0,0.0,0.0,0,0,0,0.0,0.0,0.0
Visual Genome,2326699,20,6,7,0,2,4,4,4,8,5,0,0,4,0.014499164999961067,0.0070343340003091726,0.0,0.0070343340003091726,0.0071557260002919065,0.021720442000059847,Optimal,0,none,1.4001966150601706,0,5,100.0,100.0,100.0,2.0,2,0,4,1.0,0.3333333333333333,0.5,0.9313888542796381,2,0,4,1.0,0.3333333333333333,0.5,0.9313888542796381,2,0,4,1.0,0.3333333333333333,0.5,0.9313888542796381,2,0,4,1.0,0.3333333333333333,0.5,0.9313888542796381,4.281700012143119e-05,0,100.0,0,0,0,0.0,0.0,0.0,0,0,0,0.0,0.0,0.0,0,0,0,0.0,0.0,0.0,0,0,0,0.0,0.0,0.0
Visual Genome,2326969,30,2,26,0,2,2,4,2,6,5,0,0,4,0.014980375000050117,0.006553754999913508,0.0,0.006553754999913508,0.006647938000241993,0.02167682200024501,Optimal,0,none,1.2692853363355003,0,5,100.0,100.0,100.0,2.0,1,1,1,0.5,0.5,0.5,0.7977640374410985,1,1,1,0.5,0.5,0.5,0.7977640374410985,1,1,1,0.5,0.5,0.5,0.7977640374410985,1,1,1,0.5,0.5,0.5,0.7977640374410985,3.470799993010587e-05,0,100.0,0,0,0,0.0,0.0,0.0,0,0,0,0.0,0.0,0.0,0,0,0,0.0,0.0,0.0,0,0,0,0.0,0.0,0.0
Visual Genome,2327066,14,0,6,0,2,5,4,5,9,5,0,0,4,0.013625716999740689,0.006790557999920566,0.0,0.006790557999920566,0.006896495000091818,0.02058392599974468,Optimal,0,none,1.373117569287618,0,5,100.0,100.0,100.0,2.0,0,2,0,0.0,0.0,0.0,0.0,0,2,0,0.0,0.0,0.0,0.0,0,2,0,0.0,0.0,0.0,0.0,0,2,0,0.0,0.0,0.0,0.0,4.6008000026631635e-05,0,100.0,0,0,0,0.0,0.0,0.0,0,0,0,0.0,0.0,0.0,0,0,0,0.0,0.0,0.0,0,0,0,0.0,0.0,0.0
Visual Genome,2327344,19,2,11,0,4,23,8,23,31,17,0,0,8,0.01494766299992989,0.008858277999934216,0.0,0.008858277999934216,0.009036947999902623,0.02411026999971,Optimal,0,none,3.266570223967235,0,13,100.0,100.0,100.0,2.0,2,2,0,0.5,1.0,0.6666666666666666,0.8164031548649267,2,2,0,0.5,1.0,0.6666666666666666,0.8164031548649267,2,2,0,0.5,1.0,0.6666666666666666,0.8164031548649267,2,2,0,0.5,1.0,0.6666666666666666,0.8164031548649267,9.838400001171976e-05,0,100.0,0,0,0,0.0,0.0,0.0,0,0,0,0.0,0.0,0.0,0,0,0,0.0,0.0,0.0,0,0,0,0.0,0.0,0.0
Visual Genome,2327444,25,3,27,1,2,4,4,4,8,5,0,0,4,0.014910598999904323,0.006835260999650927,0.0,0.006835260999650927,0.0069567139998980565,0.02194143599990639,Optimal,0,none,1.2454339536031087,0,5,100.0,100.0,100.0,2.0,0,2,3,0.0,0.0,0.0,0.9245800110095818,0,2,3,0.0,0.0,0.0,0.9245800110095818,0,2,3,0.0,0.0,0.0,0.9245800110095818,0,2,3,0.0,0.0,0.0,0.9245800110095818,4.253900033290847e-05,0,100.0,0,0,1,0.0,0.0,0.0,0,0,1,0.0,0.0,0.0,0,0,1,0.0,0.0,0.0,0,0,1,0.0,0.0,0.0
Visual Genome,2327650,14,0,7,0,2,4,4,4,8,5,0,0,4,0.016717294000045513,0.006768761999865092,0.0,0.006768761999865092,0.0068688629999087425,0.023656644000311644,Optimal,0,none,1.5797962697347008,0,5,100.0,100.0,100.0,2.0,0,2,0,0.0,0.0,0.0,0.0,0,2,0,0.0,0.0,0.0,0.0,0,2,0,0.0,0.0,0.0,0.0,0,2,0,0.0,0.0,0.0,0.0,5.6199000027845614e-05,0,100.0,0,0,0,0.0,0.0,0.0,0,0,0,0.0,0.0,0.0,0,0,0,0.0,0.0,0.0,0,0,0,0.0,0.0,0.0
Visual Genome,2327696,9,1,38,0,4,23,8,23,31,17,0,0,8,0.016683056999681867,0.009444496000014624,0.0,0.009444496000014624,0.009620182000162458,0.02642667400004939,Optimal,0,none,3.4526605335871388,0,13,100.0,100.0,100.0,2.0,0,4,1,0.0,0.0,0.0,0.0,0,4,1,0.0,0.0,0.0,0.0,0,4,1,0.0,0.0,0.0,0.0,0,4,1,0.0,0.0,0.0,0.0,9.642599979997613e-05,0,100.0,0,0,0,0.0,0.0,0.0,0,0,0,0.0,0.0,0.0,0,0,0,0.0,0.0,0.0,0,0,0,0.0,0.0,0.0
Visual Genome,2327918,10,0,15,0,4,24,8,24,32,17,0,0,8,0.01540740399968854,0.008332407000125386,0.0,0.008332407000125386,0.00852055699988341,0.024045201999797428,Optimal,0,none,3.564690109888714,0,13,100.0,100.0,100.0,2.0,0,4,0,0.0,0.0,0.0,0.0,0,4,0,0.0,0.0,0.0,0.0,0,4,0,0.0,0.0,0.0,0.0,0,4,0,0.0,0.0,0.0,0.0,9.676399986346951e-05,0,100.0,0,0,0,0.0,0.0,0.0,0,0,0,0.0,0.0,0.0,0,0,0,0.0,0.0,0.0,0,0,0,0.0,0.0,0.0
Visual Genome,2328070,20,4,12,0,15,389,30,389,419,226,0,0,30,0.018264174000250932,0.022899140999925294,0.0,0.022899140999925294,0.02356317499970828,0.04285303999995449,Optimal,0,none,12.345642237180755,0,46,100.0,100.0,100.0,2.0,2,13,2,0.13333333333333333,0.5,0.2105263157894737,0.6292557789268508,2,13,2,0.13333333333333333,0.5,0.2105263157894737,0.6292557789268508,2,13,2,0.13333333333333333,0.5,0.2105263157894737,0.6292557789268508,2,13,2,0.13333333333333333,0.5,0.2105263157894737,0.6292557789268508,0.000943450000249868,0,100.0,0,0,0,0.0,0.0,0.0,0,0,0,0.0,0.0,0.0,0,0,0,0.0,0.0,0.0,0,0,0,0.0,0.0,0.0
Visual Genome,2328175,26,2,11,0,5,40,10,40,50,26,0,0,10,0.0160374730003241,0.00887131399986174,0.0,0.00887131399986174,0.009072532000118372,0.025275293000049714,Optimal,0,none,4.384150787194571,0,16,100.0,100.0,100.0,2.0,2,3,0,0.4,1.0,0.5714285714285715,0.9330003665863946,2,3,0,0.4,1.0,0.5714285714285715,0.9330003665863946,2,3,0,0.4,1.0,0.5714285714285715,0.9330003665863946,2,3,0,0.4,1.0,0.5714285714285715,0.9330003665863946,0.0001366980000057083,0,100.0,0,0,0,0.0,0.0,0.0,0,0,0,0.0,0.0,0.0,0,0,0,0.0,0.0,0.0,0,0,0,0.0,0.0,0.0
Visual Genome,2328345,9,0,23,0,5,32,10,32,42,26,0,0,10,0.01382414499994411,0.008046275000197056,0.0,0.008046275000197056,0.008226860999911878,0.022179509999659786,Optimal,0,none,3.966554582913718,0,16,100.0,100.0,100.0,2.0,0,5,0,0.0,0.0,0.0,0.0,0,5,0,0.0,0.0,0.0,0.0,0,5,0,0.0,0.0,0.0,0.0,0,5,0,0.0,0.0,0.0,0.0,0.00010404500017102691,0,100.0,0,0,0,0.0,0.0,0.0,0,0,0,0.0,0.0,0.0,0,0,0,0.0,0.0,0.0,0,0,0,0.0,0.0,0.0
Visual Genome,2328417,11,0,8,0,5,34,10,34,44,26,0,0,10,0.014880316000017046,0.008807232999970438,0.0,0.008807232999970438,0.008991909000087617,0.024027323999689543,Optimal,0,none,4.604679210980734,0,16,100.0,100.0,100.0,2.0,0,5,0,0.0,0.0,0.0,0.0,0,5,0,0.0,0.0,0.0,0.0,0,5,0,0.0,0.0,0.0,0.0,0,5,0,0.0,0.0,0.0,0.0,0.00012875699985670508,0,100.0,0,0,0,0.0,0.0,0.0,0,0,0,0.0,0.0,0.0,0,0,0,0.0,0.0,0.0,0,0,0,0.0,0.0,0.0
Visual Genome,2328583,12,0,5,0,6,47,12,47,59,37,0,0,12,0.015123274999950809,0.008852889999616309,0.0,0.008852889999616309,0.009132302000125492,0.02445093899996209,Optimal,0,none,5.461806821823121,0,19,100.0,100.0,100.0,2.0,0,6,0,0.0,0.0,0.0,0.0,0,6,0,0.0,0.0,0.0,0.0,0,6,0,0.0,0.0,0.0,0.0,0,6,0,0.0,0.0,0.0,0.0,0.00016036299984989455,0,100.0,0,0,0,0.0,0.0,0.0,0,0,0,0.0,0.0,0.0,0,0,0,0.0,0.0,0.0,0,0,0,0.0,0.0,0.0
Visual Genome,2329266,15,0,16,0,2,4,4,4,8,5,0,0,4,0.013736826000240399,0.006560785999681684,0.0,0.006560785999681684,0.006696522999845911,0.020486031000018556,Optimal,0,none,1.2472136114371772,0,5,100.0,100.0,100.0,2.0,0,2,0,0.0,0.0,0.0,0.0,0,2,0,0.0,0.0,0.0,0.0,0,2,0,0.0,0.0,0.0,0.0,0,2,0,0.0,0.0,0.0,0.0,3.933600009986549e-05,0,100.0,0,0,0,0.0,0.0,0.0,0,0,0,0.0,0.0,0.0,0,0,0,0.0,0.0,0.0,0,0,0,0.0,0.0,0.0
Visual Genome,2330342,23,0,22,0,2,4,4,4,8,5,0,0,4,0.013885476000268682,0.006627940000271337,0.0,0.006627940000271337,0.006765218000055029,0.02070520999996006,Optimal,0,none,1.528381470044454,0,5,100.0,100.0,100.0,2.0,0,2,0,0.0,0.0,0.0,0.0,0,2,0,0.0,0.0,0.0,0.0,0,2,0,0.0,0.0,0.0,0.0,0,2,0,0.0,0.0,0.0,0.0,4.059999992023222e-05,0,100.0,0,0,0,0.0,0.0,0.0,0,0,0,0.0,0.0,0.0,0,0,0,0.0,0.0,0.0,0,0,0,0.0,0.0,0.0
Visual Genome,2331047,31,2,28,0,6,48,12,48,60,37,0,0,12,0.013992379999763216,0.010071288999824901,0.0,0.010071288999824901,0.01029320900033781,0.02445869799976208,Optimal,0,none,5.138137443065645,0,19,100.0,100.0,100.0,2.0,1,5,1,0.16666666666666666,0.5,0.25,0.838841774528702,1,5,1,0.16666666666666666,0.5,0.25,0.838841774528702,1,5,1,0.16666666666666666,0.5,0.25,0.838841774528702,1,5,1,0.16666666666666666,0.5,0.25,0.838841774528702,0.0001440619998902548,0,100.0,0,0,0,0.0,0.0,0.0,0,0,0,0.0,0.0,0.0,0,0,0,0.0,0.0,0.0,0,0,0,0.0,0.0,0.0
Visual Genome,2331383,18,1,10,0,3,13,6,13,19,10,0,0,6,0.015234980000059295,0.0076702260003003175,0.0,0.0076702260003003175,0.007842576999792072,0.023172330999841506,Optimal,0,none,2.5029084345184582,0,10,100.0,100.0,100.0,2.0,1,2,0,0.3333333333333333,1.0,0.5,0.8839755286819685,1,2,0,0.3333333333333333,1.0,0.5,0.8839755286819685,1,2,0,0.3333333333333333,1.0,0.5,0.8839755286819685,1,2,0,0.3333333333333333,1.0,0.5,0.8839755286819685,7.236800001919619e-05,0,100.0,0,0,0,0.0,0.0,0.0,0,0,0,0.0,0.0,0.0,0,0,0,0.0,0.0,0.0,0,0,0,0.0,0.0,0.0
Visual Genome,2331993,36,13,21,0,4,20,8,20,28,17,0,0,8,0.014129152999885264,0.00770807800017792,0.0,0.00770807800017792,0.007878853999955027,0.02212678500018228,Optimal,0,none,3.095568733216313,0,13,100.0,100.0,100.0,2.0,4,0,9,1.0,0.3076923076923077,0.47058823529411764,0.831566404058143,4,0,9,1.0,0.3076923076923077,0.47058823529411764,0.831566404058143,4,0,9,1.0,0.3076923076923077,0.47058823529411764,0.831566404058143,4,0,9,1.0,0.3076923076923077,0.47058823529411764,0.831566404058143,9.47660000747419e-05,0,100.0,0,0,0,0.0,0.0,0.0,0,0,0,0.0,0.0,0.0,0,0,0,0.0,0.0,0.0,0,0,0,0.0,0.0,0.0
Visual Genome,2332038,22,2,10,0,6,53,12,53,65,37,0,0,12,0.014306583000234241,0.009502389999852312,0.0,0.009502389999852312,0.009702522999759822,0.02425786399999197,Optimal,0,none,4.845242469310762,0,19,100.0,100.0,100.0,2.0,0,6,2,0.0,0.0,0.0,0.0,0,6,2,0.0,0.0,0.0,0.0,0,6,2,0.0,0.0,0.0,0.0,0,6,2,0.0,0.0,0.0,0.0,0.00021733499988840776,0,100.0,0,0,0,0.0,0.0,0.0,0,0,0,0.0,0.0,0.0,0,0,0,0.0,0.0,0.0,0,0,0,0.0,0.0,0.0
Visual Genome,2332066,17,1,16,0,2,2,4,2,6,5,0,0,4,0.013566722000177833,0.0071729050000612915,0.0,0.0071729050000612915,0.007282169000063732,0.02092838499993377,Optimal,0,none,1.5453911574681602,0,5,100.0,100.0,100.0,2.0,1,1,0,0.5,1.0,0.6666666666666666,0.9820808154422621,1,1,0,0.5,1.0,0.6666666666666666,0.9820808154422621,1,1,0,0.5,1.0,0.6666666666666666,0.9820808154422621,1,1,0,0.5,1.0,0.6666666666666666,0.9820808154422621,5.5666999742243206e-05,0,100.0,0,0,0,0.0,0.0,0.0,0,0,0,0.0,0.0,0.0,0,0,0,0.0,0.0,0.0,0,0,0,0.0,0.0,0.0
Visual Genome,2332239,14,0,11,0,5,38,10,38,48,26,0,0,10,0.015425798000251234,0.009098800000174379,0.0,0.009098800000174379,0.00932294099993669,0.024914192000323965,Optimal,0,none,4.265603197613315,0,16,100.0,100.0,100.0,2.0,0,5,0,0.0,0.0,0.0,0.0,0,5,0,0.0,0.0,0.0,0.0,0,5,0,0.0,0.0,0.0,0.0,0,5,0,0.0,0.0,0.0,0.0,0.00013491099980456056,0,100.0,0,0,0,0.0,0.0,0.0,0,0,0,0.0,0.0,0.0,0,0,0,0.0,0.0,0.0,0,0,0,0.0,0.0,0.0
Visual Genome,2332341,13,2,13,0,2,4,4,4,8,5,0,0,4,0.014587380000193662,0.007000052999956097,0.0,0.007000052999956097,0.0071182609999596025,0.02176560900034019,Optimal,0,none,1.5730290921529138,0,5,100.0,100.0,100.0,2.0,2,0,0,1.0,1.0,1.0,0.7473577807689658,2,0,0,1.0,1.0,1.0,0.7473577807689658,2,0,0,1.0,1.0,1.0,0.7473577807689658,2,0,0,1.0,1.0,1.0,0.7473577807689658,4.403000002639601e-05,0,100.0,0,0,0,0.0,0.0,0.0,0,0,0,0.0,0.0,0.0,0,0,0,0.0,0.0,0.0,0,0,0,0.0,0.0,0.0
Visual Genome,2333282,20,1,19,0,1,0,2,0,2,1,0,0,2,0.015965775000040594,0.006697418999920046,0.0,0.006697418999920046,0.00677823099977104,0.02277161000029082,Optimal,0,none,0.6318252484003704,0,2,100.0,100.0,100.0,2.0,1,0,0,1.0,1.0,1.0,0.8701625090428022,1,0,0,1.0,1.0,1.0,0.8701625090428022,1,0,0,1.0,1.0,1.0,0.8701625090428022,1,0,0,1.0,1.0,1.0,0.8701625090428022,2.034599992839503e-05,0,100.0,0,0,0,0.0,0.0,0.0,0,0,0,0.0,0.0,0.0,0,0,0,0.0,0.0,0.0,0,0,0,0.0,0.0,0.0
Visual Genome,2333291,25,1,44,0,2,2,4,2,6,5,0,0,4,0.015090130000317004,0.007185193999703188,0.0,0.007185193999703188,0.007295366000107606,0.022438761000103113,Optimal,0,none,1.4427630456288658,0,5,100.0,100.0,100.0,2.0,1,1,0,0.5,1.0,0.6666666666666666,0.9275117816895031,1,1,0,0.5,1.0,0.6666666666666666,0.9275117816895031,1,1,0,0.5,1.0,0.6666666666666666,0.9275117816895031,1,1,0,0.5,1.0,0.6666666666666666,0.9275117816895031,3.754299996217014e-05,0,100.0,0,0,0,0.0,0.0,0.0,0,0,0,0.0,0.0,0.0,0,0,0,0.0,0.0,0.0,0,0,0,0.0,0.0,0.0
Visual Genome,2333601,16,0,12,0,1,0,2,0,2,1,0,0,2,0.013708418000078382,0.0074300950000179,0.0,0.0074300950000179,0.007500062999952206,0.02123817700021391,Optimal,0,none,0.6201555411020915,0,2,100.0,100.0,100.0,2.0,0,1,0,0.0,0.0,0.0,0.0,0,1,0,0.0,0.0,0.0,0.0,0,1,0,0.0,0.0,0.0,0.0,0,1,0,0.0,0.0,0.0,0.0,2.1684999865101418e-05,0,100.0,0,0,0,0.0,0.0,0.0,0,0,0,0.0,0.0,0.0,0,0,0,0.0,0.0,0.0,0,0,0,0.0,0.0,0.0
Visual Genome,2334041,25,4,23,1,7,64,14,64,78,50,0,0,14,0.013903113999731431,0.009872882999843569,0.0,0.009872882999843569,0.010101272000156314,0.024220843999955832,Optimal,0,none,5.351978484789533,0,22,100.0,100.0,100.0,2.0,3,4,1,0.42857142857142855,0.75,0.5454545454545454,0.9094720186826395,3,4,1,0.42857142857142855,0.75,0.5454545454545454,0.9094720186826395,3,4,1,0.42857142857142855,0.75,0.5454545454545454,0.9094720186826395,3,4,1,0.42857142857142855,0.75,0.5454545454545454,0.9094720186826395,0.0001822280000851606,0,100.0,0,0,1,0.0,0.0,0.0,0,0,1,0.0,0.0,0.0,0,4,1,0.0,0.0,0.0,0,4,1,0.0,0.0,0.0
Visual Genome,2334757,27,1,25,0,4,22,8,22,30,17,0,0,8,0.014147478999802843,0.008144632999574242,0.0,0.008144632999574242,0.008295763000205625,0.022552354999788804,Optimal,0,none,3.3480413166681937,0,13,100.0,100.0,100.0,2.0,0,4,1,0.0,0.0,0.0,0.0,0,4,1,0.0,0.0,0.0,0.0,0,4,1,0.0,0.0,0.0,0.0,0,4,1,0.0,0.0,0.0,0.0,8.557599994674092e-05,0,100.0,0,0,0,0.0,0.0,0.0,0,0,0,0.0,0.0,0.0,0,0,0,0.0,0.0,0.0,0,0,0,0.0,0.0,0.0
Visual Genome,2334959,32,5,36,0,8,91,16,91,107,65,0,0,16,0.015819231000023137,0.011273162000179582,0.0,0.011273162000179582,0.011558695000076114,0.02767165599971122,Optimal,0,none,6.405201225855164,0,25,100.0,100.0,100.0,2.0,1,7,4,0.125,0.2,0.15384615384615385,0.8183981938881679,1,7,4,0.125,0.2,0.15384615384615385,0.8183981938881679,1,7,4,0.125,0.2,0.15384615384615385,0.8183981938881679,1,7,4,0.125,0.2,0.15384615384615385,0.8183981938881679,0.00025604200027373736,0,100.0,0,0,0,0.0,0.0,0.0,0,0,0,0.0,0.0,0.0,0,0,0,0.0,0.0,0.0,0,0,0,0.0,0.0,0.0
Visual Genome,2335066,33,0,31,0,1,0,2,0,2,1,0,0,2,0.015949144000387605,0.007126168000013422,0.0,0.007126168000013422,0.007209605999833002,0.023206482000205142,Optimal,0,none,0.6264131943384806,0,2,100.0,100.0,100.0,2.0,0,1,0,0.0,0.0,0.0,0.0,0,1,0,0.0,0.0,0.0,0.0,0,1,0,0.0,0.0,0.0,0.0,0,1,0,0.0,0.0,0.0,0.0,3.8781000057497295e-05,0,100.0,0,0,0,0.0,0.0,0.0,0,0,0,0.0,0.0,0.0,0,0,0,0.0,0.0,0.0,0,0,0,0.0,0.0,0.0
Visual Genome,2335180,14,1,9,0,2,4,4,4,8,5,0,0,4,0.016589083999861032,0.007895163999819488,0.0,0.007895163999819488,0.008057020999785891,0.02470320099973833,Optimal,0,none,1.4899323495229089,0,5,100.0,100.0,100.0,2.0,1,1,0,0.5,1.0,0.6666666666666666,0.9823313923353587,1,1,0,0.5,1.0,0.6666666666666666,0.9823313923353587,1,1,0,0.5,1.0,0.6666666666666666,0.9823313923353587,1,1,0,0.5,1.0,0.6666666666666666,0.9823313923353587,4.188899993096129e-05,0,100.0,0,0,0,0.0,0.0,0.0,0,0,0,0.0,0.0,0.0,0,0,0,0.0,0.0,0.0,0,0,0,0.0,0.0,0.0
Visual Genome,2335341,24,0,16,0,1,0,2,0,2,1,0,0,2,0.013673324000137654,0.006848603999969782,0.0,0.006848603999969782,0.006934412000191514,0.020641916999920795,Optimal,0,none,0.6377031485239665,0,2,100.0,100.0,100.0,2.0,0,1,0,0.0,0.0,0.0,0.0,0,1,0,0.0,0.0,0.0,0.0,0,1,0,0.0,0.0,0.0,0.0,0,1,0,0.0,0.0,0.0,0.0,2.560800021456089e-05,0,100.0,0,0,0,0.0,0.0,0.0,0,0,0,0.0,0.0,0.0,0,0,0,0.0,0.0,0.0,0,0,0,0.0,0.0,0.0
Visual Genome,2335407,28,0,47,0,3,16,6,16,22,10,0,0,6,0.014465065000422328,0.0066221990000485675,0.0,0.0066221990000485675,0.006755035999958636,0.021304703000168956,Optimal,0,none,2.642981991767884,0,10,100.0,100.0,100.0,2.0,0,3,0,0.0,0.0,0.0,0.0,0,3,0,0.0,0.0,0.0,0.0,0,3,0,0.0,0.0,0.0,0.0,0,3,0,0.0,0.0,0.0,0.0,6.650699970123242e-05,0,100.0,0,0,0,0.0,0.0,0.0,0,0,0,0.0,0.0,0.0,0,0,0,0.0,0.0,0.0,0,0,0,0.0,0.0,0.0
Visual Genome,2335564,40,0,29,0,0,0,0,0,0,0,0,0,1,0.014367830000082904,0.005452744000194798,0.0,0.005452744000194798,0.005490937000104168,0.019874193999839918,Optimal,0,none,,0,1,100.0,0.0,0.0,0.0,0,0,0,0.0,0.0,0.0,0.0,0,0,0,0.0,0.0,0.0,0.0,0,0,0,0.0,0.0,0.0,0.0,0,0,0,0.0,0.0,0.0,0.0,9.779999800230144e-06,0,100.0,0,0,0,0.0,0.0,0.0,0,0,0,0.0,0.0,0.0,0,0,0,0.0,0.0,0.0,0,0,0,0.0,0.0,0.0
Visual Genome,2335895,29,0,7,0,4,18,8,18,26,17,0,0,8,0.014122061999842117,0.008169823000116594,0.0,0.008169823000116594,0.0083173960001659,0.02254083299976628,Optimal,0,none,3.4925775973002127,0,13,100.0,100.0,100.0,2.0,0,4,0,0.0,0.0,0.0,0.0,0,4,0,0.0,0.0,0.0,0.0,0,4,0,0.0,0.0,0.0,0.0,0,4,0,0.0,0.0,0.0,0.0,7.797100033712923e-05,0,100.0,0,0,0,0.0,0.0,0.0,0,0,0,0.0,0.0,0.0,0,0,0,0.0,0.0,0.0,0,0,0,0.0,0.0,0.0
Visual Genome,2336031,19,1,12,0,2,2,4,2,6,5,0,0,4,0.014586641999812855,0.006814704000134952,0.0,0.006814704000134952,0.006924555999830773,0.021559273999628203,Optimal,0,none,1.434942425092061,0,5,100.0,100.0,100.0,2.0,0,2,1,0.0,0.0,0.0,0.0,0,2,1,0.0,0.0,0.0,0.0,0,2,1,0.0,0.0,0.0,0.0,0,2,1,0.0,0.0,0.0,0.0,3.4235000384796876e-05,0,100.0,0,0,0,0.0,0.0,0.0,0,0,0,0.0,0.0,0.0,0,0,0,0.0,0.0,0.0,0,0,0,0.0,0.0,0.0
Visual Genome,2336123,31,1,22,0,2,5,4,5,9,5,0,0,4,0.01341681800022343,0.006872584000120696,0.0,0.006872584000120696,0.006973931000175071,0.020444797999971343,Optimal,0,none,1.2801354130071574,0,5,100.0,100.0,100.0,2.0,1,1,0,0.5,1.0,0.6666666666666666,0.6670337835386154,1,1,0,0.5,1.0,0.6666666666666666,0.6670337835386154,1,1,0,0.5,1.0,0.6666666666666666,0.6670337835386154,1,1,0,0.5,1.0,0.6666666666666666,0.6670337835386154,4.089999993084348e-05,0,100.0,0,0,0,0.0,0.0,0.0,0,0,0,0.0,0.0,0.0,0,0,0,0.0,0.0,0.0,0,0,0,0.0,0.0,0.0
Visual Genome,2336165,9,0,5,0,1,0,2,0,2,1,0,0,2,0.0160918730002777,0.00797634599985031,0.0,0.00797634599985031,0.008083810999778507,0.024227222000263282,Optimal,0,none,0.6070181528727214,0,2,100.0,100.0,100.0,2.0,0,1,0,0.0,0.0,0.0,0.0,0,1,0,0.0,0.0,0.0,0.0,0,1,0,0.0,0.0,0.0,0.0,0,1,0,0.0,0.0,0.0,0.0,3.3027999961632304e-05,0,100.0,0,0,0,0.0,0.0,0.0,0,0,0,0.0,0.0,0.0,0,0,0,0.0,0.0,0.0,0,0,0,0.0,0.0,0.0
Visual Genome,2336245,28,10,26,3,15,407,30,407,437,226,0,0,30,0.015248482000060903,0.02099438499999451,0.0,0.02099438499999451,0.021670019999874057,0.0379593049997311,Optimal,0,none,12.165529659913716,0,46,100.0,100.0,100.0,2.0,8,7,2,0.5333333333333333,0.8,0.64,0.9039653201663661,8,7,2,0.5333333333333333,0.8,0.64,0.9039653201663661,8,7,2,0.5333333333333333,0.8,0.64,0.9039653201663661,8,7,2,0.5333333333333333,0.8,0.64,0.9039653201663661,0.0009769539997250831,0,100.0,0,5,3,0.0,0.0,0.0,0,8,3,0.0,0.0,0.0,0,12,3,0.0,0.0,0.0,0,12,3,0.0,0.0,0.0
Visual Genome,2336275,17,3,8,0,2,2,4,2,6,5,0,0,4,0.01337015400031305,0.0066069690001313575,0.0,0.0066069690001313575,0.006704046000322705,0.020131269000103202,Optimal,0,none,1.282959378560384,0,5,100.0,100.0,100.0,2.0,2,0,1,1.0,0.6666666666666666,0.8,0.8327867288425702,2,0,1,1.0,0.6666666666666666,0.8,0.8327867288425702,2,0,1,1.0,0.6666666666666666,0.8,0.8327867288425702,2,0,1,1.0,0.6666666666666666,0.8,0.8327867288425702,4.416799993123277e-05,0,100.0,0,0,0,0.0,0.0,0.0,0,0,0,0.0,0.0,0.0,0,0,0,0.0,0.0,0.0,0,0,0,0.0,0.0,0.0
Visual Genome,2336668,22,3,23,0,5,37,10,37,47,26,0,0,10,0.015140516999963438,0.008822591999887663,0.0,0.008822591999887663,0.00902638100023978,0.024331527999947866,Optimal,0,none,4.162935133775076,0,16,100.0,100.0,100.0,2.0,1,4,2,0.2,0.3333333333333333,0.25,0.8586068584520259,1,4,2,0.2,0.3333333333333333,0.25,0.8586068584520259,1,4,2,0.2,0.3333333333333333,0.25,0.8586068584520259,1,4,2,0.2,0.3333333333333333,0.25,0.8586068584520259,0.00013371800014283508,0,100.0,0,0,0,0.0,0.0,0.0,0,0,0,0.0,0.0,0.0,0,0,0,0.0,0.0,0.0,0,0,0,0.0,0.0,0.0
Visual Genome,2336871,17,0,15,0,5,38,10,38,48,26,0,0,10,0.016186928000024636,0.009327675999884377,0.0,0.009327675999884377,0.009603013999821997,0.025977086999773746,Optimal,0,none,4.320259292920432,0,16,100.0,100.0,100.0,2.0,0,5,0,0.0,0.0,0.0,0.0,0,5,0,0.0,0.0,0.0,0.0,0,5,0,0.0,0.0,0.0,0.0,0,5,0,0.0,0.0,0.0,0.0,0.00014474999989033677,0,100.0,0,0,0,0.0,0.0,0.0,0,0,0,0.0,0.0,0.0,0,0,0,0.0,0.0,0.0,0,0,0,0.0,0.0,0.0
Visual Genome,2337319,19,2,18,0,4,18,8,18,26,17,0,0,8,0.015153453000039008,0.007858290000058332,0.0,0.007858290000058332,0.008010478999949555,0.023264027000095666,Optimal,0,none,3.4377489034334827,0,13,100.0,100.0,100.0,2.0,1,3,1,0.25,0.5,0.3333333333333333,0.810913491422817,1,3,1,0.25,0.5,0.3333333333333333,0.810913491422817,1,3,1,0.25,0.5,0.3333333333333333,0.810913491422817,1,3,1,0.25,0.5,0.3333333333333333,0.810913491422817,7.565299983980367e-05,0,100.0,0,0,0,0.0,0.0,0.0,0,0,0,0.0,0.0,0.0,0,0,0,0.0,0.0,0.0,0,0,0,0.0,0.0,0.0
Visual Genome,2337466,9,1,8,0,3,13,6,13,19,10,0,0,6,0.017851910999979737,0.0071015710000210674,0.0,0.0071015710000210674,0.0072444679999534856,0.02518903300006059,Optimal,0,none,2.5324604264771735,0,10,100.0,100.0,100.0,2.0,0,3,1,0.0,0.0,0.0,0.0,0,3,1,0.0,0.0,0.0,0.0,0,3,1,0.0,0.0,0.0,0.0,0,3,1,0.0,0.0,0.0,0.0,6.970000004002941e-05,0,100.0,0,0,0,0.0,0.0,0.0,0,0,0,0.0,0.0,0.0,0,0,0,0.0,0.0,0.0,0,0,0,0.0,0.0,0.0
Visual Genome,2337482,27,0,2,0,9,136,18,136,154,82,0,0,18,0.0164460579999286,0.012586869999722694,0.0,0.012586869999722694,0.012937002999933611,0.02984659899993858,Optimal,0,none,6.924873476573905,0,28,100.0,100.0,100.0,2.0,0,9,0,0.0,0.0,0.0,0.0,0,9,0,0.0,0.0,0.0,0.0,0,9,0,0.0,0.0,0.0,0.0,0,9,0,0.0,0.0,0.0,0.0,0.00041666900006021024,0,100.0,0,0,0,0.0,0.0,0.0,0,0,0,0.0,0.0,0.0,0,0,0,0.0,0.0,0.0,0,0,0,0.0,0.0,0.0
Visual Genome,2337637,15,2,4,0,6,62,12,62,74,37,0,0,12,0.015172752999660588,0.010942233000150736,0.0,0.010942233000150736,0.011173128999871551,0.026565015999949537,Optimal,0,none,5.06196233034134,0,19,100.0,100.0,100.0,2.0,2,4,0,0.3333333333333333,1.0,0.5,0.9674484975568464,2,4,0,0.3333333333333333,1.0,0.5,0.9674484975568464,2,4,0,0.3333333333333333,1.0,0.5,0.9674484975568464,2,4,0,0.3333333333333333,1.0,0.5,0.9674484975568464,0.0001854930001172761,0,100.0,0,0,0,0.0,0.0,0.0,0,0,0,0.0,0.0,0.0,0,0,0,0.0,0.0,0.0,0,0,0,0.0,0.0,0.0
Visual Genome,2338009,25,1,34,0,1,0,2,0,2,1,0,0,2,0.01315402099999119,0.0066638190000958275,0.0,0.0066638190000958275,0.006732376999934786,0.019915096000204358,Optimal,0,none,0.5479696194330852,0,2,100.0,100.0,100.0,2.0,1,0,0,1.0,1.0,1.0,0.8753635533747561,1,0,0,1.0,1.0,1.0,0.8753635533747561,1,0,0,1.0,1.0,1.0,0.8753635533747561,1,0,0,1.0,1.0,1.0,0.8753635533747561,2.0786000277439598e-05,0,100.0,0,0,0,0.0,0.0,0.0,0,0,0,0.0,0.0,0.0,0,0,0,0.0,0.0,0.0,0,0,0,0.0,0.0,0.0
Visual Genome,2338027,44,1,20,0,12,238,24,238,262,145,0,0,24,0.01517559900003107,0.017874330999802623,0.0,0.017874330999802623,0.01832106499978181,0.03411406799978067,Optimal,0,none,9.813193308979137,0,37,100.0,100.0,100.0,2.0,1,11,0,0.08333333333333333,1.0,0.15384615384615385,0.5402556754337245,1,11,0,0.08333333333333333,1.0,0.15384615384615385,0.5402556754337245,1,11,0,0.08333333333333333,1.0,0.15384615384615385,0.5402556754337245,1,11,0,0.08333333333333333,1.0,0.15384615384615385,0.5402556754337245,0.0005680389999724866,0,100.0,0,0,0,0.0,0.0,0.0,0,0,0,0.0,0.0,0.0,0,0,0,0.0,0.0,0.0,0,0,0,0.0,0.0,0.0
Visual Genome,2338369,28,4,33,0,4,20,8,20,28,17,0,0,8,0.014584993999960716,0.007967261999965558,0.0,0.007967261999965558,0.008118080999793165,0.022801278999850183,Optimal,0,none,3.4021742669741326,0,13,100.0,100.0,100.0,2.0,2,2,2,0.5,0.5,0.5,0.747684714291541,2,2,2,0.5,0.5,0.5,0.747684714291541,2,2,2,0.5,0.5,0.5,0.747684714291541,2,2,2,0.5,0.5,0.5,0.747684714291541,7.681300030526472e-05,0,100.0,0,0,0,0.0,0.0,0.0,0,0,0,0.0,0.0,0.0,0,0,0,0.0,0.0,0.0,0,0,0,0.0,0.0,0.0
Visual Genome,2338540,31,0,8,0,3,8,6,8,14,10,0,0,6,0.01395301999991716,0.006936971999948582,0.0,0.006936971999948582,0.007069670999953814,0.021102651999626687,Optimal,0,none,2.4333437032949745,0,10,100.0,100.0,100.0,2.0,0,3,0,0.0,0.0,0.0,0.0,0,3,0,0.0,0.0,0.0,0.0,0,3,0,0.0,0.0,0.0,0.0,0,3,0,0.0,0.0,0.0,0.0,5.713100017601391e-05,0,100.0,0,0,0,0.0,0.0,0.0,0,0,0,0.0,0.0,0.0,0,0,0,0.0,0.0,0.0,0,0,0,0.0,0.0,0.0
Visual Genome,2338778,12,0,3,0,1,0,2,0,2,1,0,0,2,0.014515391999793792,0.0068375290002222755,0.0,0.0068375290002222755,0.00691236900001968,0.021459346000028745,Optimal,0,none,0.6171351353327433,0,2,100.0,100.0,100.0,2.0,0,1,0,0.0,0.0,0.0,0.0,0,1,0,0.0,0.0,0.0,0.0,0,1,0,0.0,0.0,0.0,0.0,0,1,0,0.0,0.0,0.0,0.0,2.3395999960484914e-05,0,100.0,0,0,0,0.0,0.0,0.0,0,0,0,0.0,0.0,0.0,0,0,0,0.0,0.0,0.0,0,0,0,0.0,0.0,0.0
Visual Genome,2338877,9,1,3,0,6,63,12,63,75,37,0,0,12,0.014742204999947717,0.009677185999862559,0.0,0.009677185999862559,0.009901219000312267,0.024836981000134983,Optimal,0,none,4.798184540190274,0,19,100.0,100.0,100.0,2.0,1,5,0,0.16666666666666666,1.0,0.2857142857142857,0.7929333296172959,1,5,0,0.16666666666666666,1.0,0.2857142857142857,0.7929333296172959,1,5,0,0.16666666666666666,1.0,0.2857142857142857,0.7929333296172959,1,5,0,0.16666666666666666,1.0,0.2857142857142857,0.7929333296172959,0.00016344699997716816,0,100.0,0,0,0,0.0,0.0,0.0,0,0,0,0.0,0.0,0.0,0,0,0,0.0,0.0,0.0,0,0,0,0.0,0.0,0.0
Visual Genome,2338982,17,1,4,0,1,0,2,0,2,1,0,0,2,0.013870295000288024,0.0061564070001622895,0.0,0.0061564070001622895,0.0062276509997900575,0.020129581000219332,Optimal,0,none,0.5656678835550943,0,2,100.0,100.0,100.0,2.0,1,0,0,1.0,1.0,1.0,0.9703044428613877,1,0,0,1.0,1.0,1.0,0.9703044428613877,1,0,0,1.0,1.0,1.0,0.9703044428613877,1,0,0,1.0,1.0,1.0,0.9703044428613877,2.331300038349582e-05,0,100.0,0,0,0,0.0,0.0,0.0,0,0,0,0.0,0.0,0.0,0,0,0,0.0,0.0,0.0,0,0,0,0.0,0.0,0.0
Visual Genome,2339184,17,1,10,0,2,2,4,2,6,5,0,0,4,0.014561152000169386,0.00913295600003039,0.0,0.00913295600003039,0.00924019900003259,0.02385406800021883,Optimal,0,none,1.5247127023425682,0,5,100.0,100.0,100.0,2.0,1,1,0,0.5,1.0,0.6666666666666666,0.8004205914712496,1,1,0,0.5,1.0,0.6666666666666666,0.8004205914712496,1,1,0,0.5,1.0,0.6666666666666666,0.8004205914712496,1,1,0,0.5,1.0,0.6666666666666666,0.8004205914712496,3.68310002158978e-05,0,100.0,0,0,0,0.0,0.0,0.0,0,0,0,0.0,0.0,0.0,0,0,0,0.0,0.0,0.0,0,0,0,0.0,0.0,0.0
Visual Genome,2339493,13,1,8,0,2,4,4,4,8,5,0,0,4,0.01265820300022824,0.0062554439996347355,0.0,0.0062554439996347355,0.006351686000016343,0.01906113799986997,Optimal,0,none,1.3665192874272667,0,5,100.0,100.0,100.0,2.0,1,1,0,0.5,1.0,0.6666666666666666,0.516079914019872,1,1,0,0.5,1.0,0.6666666666666666,0.516079914019872,1,1,0,0.5,1.0,0.6666666666666666,0.516079914019872,1,1,0,0.5,1.0,0.6666666666666666,0.516079914019872,3.8163000226631993e-05,0,100.0,0,0,0,0.0,0.0,0.0,0,0,0,0.0,0.0,0.0,0,0,0,0.0,0.0,0.0,0,0,0,0.0,0.0,0.0
Visual Genome,2339752,24,0,33,0,5,36,10,36,46,26,0,0,10,0.015894176000074367,0.00890337000009822,0.0,0.00890337000009822,0.00910084299994196,0.02515258699986589,Optimal,0,none,4.276814194520316,0,16,100.0,100.0,100.0,2.0,0,5,0,0.0,0.0,0.0,0.0,0,5,0,0.0,0.0,0.0,0.0,0,5,0,0.0,0.0,0.0,0.0,0,5,0,0.0,0.0,0.0,0.0,0.0001292830002057599,0,100.0,0,0,0,0.0,0.0,0.0,0,0,0,0.0,0.0,0.0,0,0,0,0.0,0.0,0.0,0,0,0,0.0,0.0,0.0
Visual Genome,2339763,23,0,13,0,4,22,8,22,30,17,0,0,8,0.014338683999994828,0.008502615999987029,0.0,0.008502615999987029,0.008671577999848523,0.02313998099998571,Optimal,0,none,2.9583155930501297,0,13,100.0,100.0,100.0,2.0,0,4,0,0.0,0.0,0.0,0.0,0,4,0,0.0,0.0,0.0,0.0,0,4,0,0.0,0.0,0.0,0.0,0,4,0,0.0,0.0,0.0,0.0,0.00010318200020265067,0,100.0,0,0,0,0.0,0.0,0.0,0,0,0,0.0,0.0,0.0,0,0,0,0.0,0.0,0.0,0,0,0,0.0,0.0,0.0
Visual Genome,2339984,18,1,16,0,1,0,2,0,2,1,0,0,2,0.015657978000035655,0.00835318899999038,0.0,0.00835318899999038,0.008427294999819424,0.024181125999803044,Optimal,0,none,0.5435446421305339,0,2,100.0,100.0,100.0,2.0,1,0,0,1.0,1.0,1.0,0.9472556535413281,1,0,0,1.0,1.0,1.0,0.9472556535413281,1,0,0,1.0,1.0,1.0,0.9472556535413281,1,0,0,1.0,1.0,1.0,0.9472556535413281,7.810499982952024e-05,0,100.0,0,0,0,0.0,0.0,0.0,0,0,0,0.0,0.0,0.0,0,0,0,0.0,0.0,0.0,0,0,0,0.0,0.0,0.0
Visual Genome,2340059,7,0,4,0,7,78,14,78,92,50,0,0,14,0.014690035000057833,0.010070651999740221,0.0,0.010070651999740221,0.010348358000101143,0.025307432999852608,Optimal,0,none,5.326742750803631,0,22,100.0,100.0,100.0,2.0,0,7,0,0.0,0.0,0.0,0.0,0,7,0,0.0,0.0,0.0,0.0,0,7,0,0.0,0.0,0.0,0.0,0,7,0,0.0,0.0,0.0,0.0,0.0002324709998902108,0,100.0,0,0,0,0.0,0.0,0.0,0,0,0,0.0,0.0,0.0,0,0,0,0.0,0.0,0.0,0,0,0,0.0,0.0,0.0
Visual Genome,2340282,34,0,26,0,9,138,18,138,156,82,0,0,18,0.015435389000231226,0.011365929000021424,0.0,0.011365929000021424,0.01168908299996474,0.027594972000315465,Optimal,0,none,7.477294688224795,0,28,100.0,100.0,100.0,2.0,0,9,0,0.0,0.0,0.0,0.0,0,9,0,0.0,0.0,0.0,0.0,0,9,0,0.0,0.0,0.0,0.0,0,9,0,0.0,0.0,0.0,0.0,0.0004236680001667992,0,100.0,0,0,0,0.0,0.0,0.0,0,0,0,0.0,0.0,0.0,0,0,0,0.0,0.0,0.0,0,0,0,0.0,0.0,0.0
Visual Genome,2340394,25,1,21,0,4,22,8,22,30,17,0,0,8,0.014326080000046204,0.007586689999698137,0.0,0.007586689999698137,0.007745137999791041,0.022180246000061743,Optimal,0,none,3.2869599714570743,0,13,100.0,100.0,100.0,2.0,1,3,0,0.25,1.0,0.4,0.7827116794435219,1,3,0,0.25,1.0,0.4,0.7827116794435219,1,3,0,0.25,1.0,0.4,0.7827116794435219,1,3,0,0.25,1.0,0.4,0.7827116794435219,8.524599979864433e-05,0,100.0,0,0,0,0.0,0.0,0.0,0,0,0,0.0,0.0,0.0,0,0,0,0.0,0.0,0.0,0,0,0,0.0,0.0,0.0
Visual Genome,2340552,33,3,29,0,5,48,10,48,58,26,0,0,10,0.01595887599978596,0.008989490999738337,0.0,0.008989490999738337,0.009187667000333022,0.025314344999969762,Optimal,0,none,4.148454303939888,0,16,100.0,100.0,100.0,2.0,1,4,2,0.2,0.3333333333333333,0.25,0.8667102324559143,1,4,2,0.2,0.3333333333333333,0.25,0.8667102324559143,1,4,2,0.2,0.3333333333333333,0.25,0.8667102324559143,1,4,2,0.2,0.3333333333333333,0.25,0.8667102324559143,0.00014116000011199503,0,100.0,0,0,0,0.0,0.0,0.0,0,0,0,0.0,0.0,0.0,0,0,0,0.0,0.0,0.0,0,0,0,0.0,0.0,0.0
Visual Genome,2340775,14,0,4,0,3,10,6,10,16,10,0,0,6,0.01586751099966932,0.006790722000005189,0.0,0.006790722000005189,0.0069415170000866055,0.022892286999649514,Optimal,0,none,2.3654817533493047,0,10,100.0,100.0,100.0,2.0,0,3,0,0.0,0.0,0.0,0.0,0,3,0,0.0,0.0,0.0,0.0,0,3,0,0.0,0.0,0.0,0.0,0,3,0,0.0,0.0,0.0,0.0,6.153999993330217e-05,0,100.0,0,0,0,0.0,0.0,0.0,0,0,0,0.0,0.0,0.0,0,0,0,0.0,0.0,0.0,0,0,0,0.0,0.0,0.0
Visual Genome,2342080,23,3,19,0,1,0,2,0,2,1,0,0,2,0.01457629700007601,0.006746763000137435,0.0,0.006746763000137435,0.006827784000051906,0.021432144999835145,Optimal,0,none,0.6186350981394451,0,2,100.0,100.0,100.0,2.0,1,0,2,1.0,0.3333333333333333,0.5,0.9031484571685277,1,0,2,1.0,0.3333333333333333,0.5,0.9031484571685277,1,0,2,1.0,0.3333333333333333,0.5,0.9031484571685277,1,0,2,1.0,0.3333333333333333,0.5,0.9031484571685277,2.0585000129358377e-05,0,100.0,0,0,0,0.0,0.0,0.0,0,0,0,0.0,0.0,0.0,0,0,0,0.0,0.0,0.0,0,0,0,0.0,0.0,0.0
Visual Genome,2342353,40,2,37,0,9,135,18,135,153,82,0,0,18,0.015129083999909199,0.012435350000032486,0.0,0.012435350000032486,0.012740291999762121,0.028221984999618144,Optimal,0,none,7.290401929207334,0,28,100.0,100.0,100.0,2.0,2,7,0,0.2222222222222222,1.0,0.3636363636363636,0.8107248583425581,2,7,0,0.2222222222222222,1.0,0.3636363636363636,0.8107248583425581,2,7,0,0.2222222222222222,1.0,0.3636363636363636,0.8107248583425581,2,7,0,0.2222222222222222,1.0,0.3636363636363636,0.8107248583425581,0.00031557800002701697,0,100.0,0,0,0,0.0,0.0,0.0,0,0,0,0.0,0.0,0.0,0,0,0,0.0,0.0,0.0,0,0,0,0.0,0.0,0.0
Visual Genome,2342444,38,0,35,0,2,2,4,2,6,5,0,0,4,0.01417418999972142,0.006842666000011377,0.0,0.006842666000011377,0.006939856999906624,0.021163677999993524,Optimal,0,none,1.5248310454686482,0,5,100.0,100.0,100.0,2.0,0,2,0,0.0,0.0,0.0,0.0,0,2,0,0.0,0.0,0.0,0.0,0,2,0,0.0,0.0,0.0,0.0,0,2,0,0.0,0.0,0.0,0.0,3.505299991957145e-05,0,100.0,0,0,0,0.0,0.0,0.0,0,0,0,0.0,0.0,0.0,0,0,0,0.0,0.0,0.0,0,0,0,0.0,0.0,0.0
Visual Genome,2342599,22,0,24,0,2,2,4,2,6,5,0,0,4,0.0149339540002984,0.007049517999803356,0.0,0.007049517999803356,0.007170209000378236,0.022156000999984826,Optimal,0,none,1.345328009923299,0,5,100.0,100.0,100.0,2.0,0,2,0,0.0,0.0,0.0,0.0,0,2,0,0.0,0.0,0.0,0.0,0,2,0,0.0,0.0,0.0,0.0,0,2,0,0.0,0.0,0.0,0.0,3.658400009953766e-05,0,100.0,0,0,0,0.0,0.0,0.0,0,0,0,0.0,0.0,0.0,0,0,0,0.0,0.0,0.0,0,0,0,0.0,0.0,0.0
Visual Genome,2342650,35,0,42,0,1,0,2,0,2,1,0,0,2,0.013800986999740417,0.008065004000400222,0.0,0.008065004000400222,0.00813560000005964,0.021968835999814473,Optimal,0,none,0.6137698809305827,0,2,100.0,100.0,100.0,2.0,0,1,0,0.0,0.0,0.0,0.0,0,1,0,0.0,0.0,0.0,0.0,0,1,0,0.0,0.0,0.0,0.0,0,1,0,0.0,0.0,0.0,0.0,2.3405999854730908e-05,0,100.0,0,0,0,0.0,0.0,0.0,0,0,0,0.0,0.0,0.0,0,0,0,0.0,0.0,0.0,0,0,0,0.0,0.0,0.0
Visual Genome,2342674,23,1,17,0,1,0,2,0,2,1,0,0,2,0.014565200000106415,0.006483469000158948,0.0,0.006483469000158948,0.006552102000114246,0.021145724000234623,Optimal,0,none,0.6285443941752116,0,2,100.0,100.0,100.0,2.0,1,0,0,1.0,1.0,1.0,0.968972368181047,1,0,0,1.0,1.0,1.0,0.968972368181047,1,0,0,1.0,1.0,1.0,0.968972368181047,1,0,0,1.0,1.0,1.0,0.968972368181047,2.079700016111019e-05,0,100.0,0,0,0,0.0,0.0,0.0,0,0,0,0.0,0.0,0.0,0,0,0,0.0,0.0,0.0,0,0,0,0.0,0.0,0.0
Visual Genome,2342695,17,2,5,0,12,265,24,265,289,145,0,0,24,0.016202591999899596,0.016542087999823707,0.0,0.016542087999823707,0.017026940000050672,0.033868065000206116,Optimal,0,none,9.474125340977922,0,37,100.0,100.0,100.0,2.0,1,11,1,0.08333333333333333,0.5,0.14285714285714285,0.8078739044843859,1,11,1,0.08333333333333333,0.5,0.14285714285714285,0.8078739044843859,1,11,1,0.08333333333333333,0.5,0.14285714285714285,0.8078739044843859,1,11,1,0.08333333333333333,0.5,0.14285714285714285,0.8078739044843859,0.0005874560001757345,0,100.0,0,0,0,0.0,0.0,0.0,0,0,0,0.0,0.0,0.0,0,0,0,0.0,0.0,0.0,0,0,0,0.0,0.0,0.0
Visual Genome,2342749,19,0,19,0,2,2,4,2,6,5,0,0,4,0.013842590999956883,0.006600833999982569,0.0,0.006600833999982569,0.006699209999624145,0.020590047000041523,Optimal,0,none,1.546809304555257,0,5,100.0,100.0,100.0,2.0,0,2,0,0.0,0.0,0.0,0.0,0,2,0,0.0,0.0,0.0,0.0,0,2,0,0.0,0.0,0.0,0.0,0,2,0,0.0,0.0,0.0,0.0,3.3708000046317466e-05,0,100.0,0,0,0,0.0,0.0,0.0,0,0,0,0.0,0.0,0.0,0,0,0,0.0,0.0,0.0,0,0,0,0.0,0.0,0.0
Visual Genome,2342915,37,2,32,0,7,80,14,80,94,50,0,0,14,0.01724669500026721,0.011366797999926348,0.0,0.011366797999926348,0.011633241000254202,0.029172398000355315,Optimal,0,none,5.697611613943611,0,22,100.0,100.0,100.0,2.0,2,5,0,0.2857142857142857,1.0,0.4444444444444445,0.8324771512511024,2,5,0,0.2857142857142857,1.0,0.4444444444444445,0.8324771512511024,2,5,0,0.2857142857142857,1.0,0.4444444444444445,0.8324771512511024,2,5,0,0.2857142857142857,1.0,0.4444444444444445,0.8324771512511024,0.0002586519999567827,0,100.0,0,0,0,0.0,0.0,0.0,0,0,0,0.0,0.0,0.0,0,0,0,0.0,0.0,0.0,0,0,0,0.0,0.0,0.0
Visual Genome,2342937,37,4,47,0,4,22,8,22,30,17,0,0,8,0.015422480999859545,0.008263227000043116,0.0,0.008263227000043116,0.008478170999751455,0.024017699000069115,Optimal,0,none,3.7311427084604913,0,13,100.0,100.0,100.0,2.0,3,1,1,0.75,0.75,0.75,0.9587044871139351,3,1,1,0.75,0.75,0.75,0.9587044871139351,3,1,1,0.75,0.75,0.75,0.9587044871139351,3,1,1,0.75,0.75,0.75,0.9587044871139351,9.125799988396466e-05,0,100.0,0,0,0,0.0,0.0,0.0,0,0,0,0.0,0.0,0.0,0,0,0,0.0,0.0,0.0,0,0,0,0.0,0.0,0.0
Visual Genome,2343037,23,1,38,0,2,6,4,6,10,5,0,0,4,0.013119743000061135,0.006796699000005901,0.0,0.006796699000005901,0.006902417999754107,0.02010198500011029,Optimal,0,none,1.3340007336934412,0,5,100.0,100.0,100.0,2.0,1,1,0,0.5,1.0,0.6666666666666666,0.9573980174507343,1,1,0,0.5,1.0,0.6666666666666666,0.9573980174507343,1,1,0,0.5,1.0,0.6666666666666666,0.9573980174507343,1,1,0,0.5,1.0,0.6666666666666666,0.9573980174507343,6.52999997328152e-05,0,100.0,0,0,0,0.0,0.0,0.0,0,0,0,0.0,0.0,0.0,0,0,0,0.0,0.0,0.0,0,0,0,0.0,0.0,0.0
Visual Genome,2343345,32,0,28,0,1,0,2,0,2,1,0,0,2,0.013783938999949896,0.007718145000126242,0.0,0.007718145000126242,0.007828953000171168,0.021645423999871127,Optimal,0,none,0.6534347454706828,0,2,100.0,100.0,100.0,2.0,0,1,0,0.0,0.0,0.0,0.0,0,1,0,0.0,0.0,0.0,0.0,0,1,0,0.0,0.0,0.0,0.0,0,1,0,0.0,0.0,0.0,0.0,2.371099981246516e-05,0,100.0,0,0,0,0.0,0.0,0.0,0,0,0,0.0,0.0,0.0,0,0,0,0.0,0.0,0.0,0,0,0,0.0,0.0,0.0
Visual Genome,2344045,18,1,38,0,7,78,14,78,92,50,0,0,14,0.01470775699999649,0.01083367699993687,0.0,0.01083367699993687,0.011092884999925445,0.026068034000218177,Optimal,0,none,5.805049487875044,0,22,100.0,100.0,100.0,2.0,1,6,0,0.14285714285714285,1.0,0.25,0.5152751961663408,1,6,0,0.14285714285714285,1.0,0.25,0.5152751961663408,1,6,0,0.14285714285714285,1.0,0.25,0.5152751961663408,1,6,0,0.14285714285714285,1.0,0.25,0.5152751961663408,0.00023000600003797445,0,100.0,0,0,0,0.0,0.0,0.0,0,0,0,0.0,0.0,0.0,0,0,0,0.0,0.0,0.0,0,0,0,0.0,0.0,0.0
Visual Genome,2344446,13,0,20,0,2,4,4,4,8,5,0,0,4,0.015615766000337317,0.006593770000108634,0.0,0.006593770000108634,0.0066988100002163264,0.022365544000422233,Optimal,0,none,1.2336417229970298,0,5,100.0,100.0,100.0,2.0,0,2,0,0.0,0.0,0.0,0.0,0,2,0,0.0,0.0,0.0,0.0,0,2,0,0.0,0.0,0.0,0.0,0,2,0,0.0,0.0,0.0,0.0,3.781000032176962e-05,0,100.0,0,0,0,0.0,0.0,0.0,0,0,0,0.0,0.0,0.0,0,0,0,0.0,0.0,0.0,0,0,0,0.0,0.0,0.0
Visual Genome,2344459,28,2,19,1,3,8,6,8,14,10,0,0,6,0.014566159999958472,0.007144468000205961,0.0,0.007144468000205961,0.007280755000010686,0.021926902999894082,Optimal,0,none,2.5786836671829225,0,10,100.0,100.0,100.0,2.0,2,1,0,0.6666666666666666,1.0,0.8,0.9320963410150773,2,1,0,0.6666666666666666,1.0,0.8,0.9320963410150773,2,1,0,0.6666666666666666,1.0,0.8,0.9320963410150773,2,1,0,0.6666666666666666,1.0,0.8,0.9320963410150773,5.7113999901048373e-05,0,100.0,0,2,1,0.0,0.0,0.0,0,2,1,0.0,0.0,0.0,0,2,1,0.0,0.0,0.0,0,2,1,0.0,0.0,0.0
Visual Genome,2344493,68,4,38,0,27,1283,54,1283,1337,730,0,0,54,0.020276215999729175,0.05880581600013102,0.0,0.05880581600013102,0.060224127000310546,0.08356608799977039,Optimal,0,none,21.96378865685794,0,82,100.0,100.0,100.0,2.0,2,25,2,0.07407407407407407,0.5,0.12903225806451613,0.689328930829678,2,25,2,0.07407407407407407,0.5,0.12903225806451613,0.689328930829678,2,25,2,0.07407407407407407,0.5,0.12903225806451613,0.689328930829678,2,25,2,0.07407407407407407,0.5,0.12903225806451613,0.689328930829678,0.0029469370001606876,0,100.0,0,0,0,0.0,0.0,0.0,0,0,0,0.0,0.0,0.0,0,0,0,0.0,0.0,0.0,0,0,0,0.0,0.0,0.0
Visual Genome,2344534,19,1,22,0,12,257,24,257,281,145,0,0,24,0.01639442300029259,0.015301222000289272,0.0,0.015301222000289272,0.015742941000098654,0.03275130600013654,Optimal,0,none,9.884197642803194,0,37,100.0,100.0,100.0,2.0,0,12,1,0.0,0.0,0.0,0.0,0,12,1,0.0,0.0,0.0,0.0,0,12,1,0.0,0.0,0.0,0.0,0,12,1,0.0,0.0,0.0,0.0,0.0005659379999087832,0,100.0,0,0,0,0.0,0.0,0.0,0,0,0,0.0,0.0,0.0,0,0,0,0.0,0.0,0.0,0,0,0,0.0,0.0,0.0
Visual Genome,2344546,36,1,40,0,16,390,32,390,422,257,0,0,32,0.01916415000005145,0.022332168000048114,0.0,0.022332168000048114,0.022874632999901223,0.042951928000093176,Optimal,0,none,12.74389316526016,0,49,100.0,100.0,100.0,2.0,1,15,0,0.0625,1.0,0.11764705882352941,0.7702196377690929,1,15,0,0.0625,1.0,0.11764705882352941,0.7702196377690929,1,15,0,0.0625,1.0,0.11764705882352941,0.7702196377690929,1,15,0,0.0625,1.0,0.11764705882352941,0.7702196377690929,0.0008469550002700998,0,100.0,0,0,0,0.0,0.0,0.0,0,0,0,0.0,0.0,0.0,0,0,0,0.0,0.0,0.0,0,0,0,0.0,0.0,0.0
Visual Genome,2345476,28,1,39,0,1,0,2,0,2,1,0,0,2,0.014320522000161873,0.00656159399977696,0.0,0.00656159399977696,0.006634591999954864,0.02099214000008942,Optimal,0,none,0.5926706711451213,0,2,100.0,100.0,100.0,2.0,1,0,0,1.0,1.0,1.0,0.9605248428469926,1,0,0,1.0,1.0,1.0,0.9605248428469926,1,0,0,1.0,1.0,1.0,0.9605248428469926,1,0,0,1.0,1.0,1.0,0.9605248428469926,2.859599999283091e-05,0,100.0,0,0,0,0.0,0.0,0.0,0,0,0,0.0,0.0,0.0,0,0,0,0.0,0.0,0.0,0,0,0,0.0,0.0,0.0
Visual Genome,2346047,22,1,17,0,2,6,4,6,10,5,0,0,4,0.01421178400005374,0.00711888000023464,0.0,0.00711888000023464,0.007291193999662937,0.02164260400013518,Optimal,0,none,1.3343206675847372,0,5,100.0,100.0,100.0,2.0,0,2,1,0.0,0.0,0.0,0.9701094345180722,0,2,1,0.0,0.0,0.0,0.9701094345180722,0,2,1,0.0,0.0,0.0,0.9701094345180722,0,2,1,0.0,0.0,0.0,0.9701094345180722,0.00010116900011780672,0,100.0,0,0,0,0.0,0.0,0.0,0,0,0,0.0,0.0,0.0,0,0,0,0.0,0.0,0.0,0,0,0,0.0,0.0,0.0
Visual Genome,2346565,39,2,36,0,2,2,4,2,6,5,0,0,4,0.014837625999916781,0.006718550000186951,0.0,0.006718550000186951,0.006816191999860166,0.02170484899988878,Optimal,0,none,1.3152058696583697,0,5,100.0,100.0,100.0,2.0,2,0,0,1.0,1.0,1.0,0.8120305679694171,2,0,0,1.0,1.0,1.0,0.8120305679694171,2,0,0,1.0,1.0,1.0,0.8120305679694171,2,0,0,1.0,1.0,1.0,0.8120305679694171,3.66799999937939e-05,0,100.0,0,0,0,0.0,0.0,0.0,0,0,0,0.0,0.0,0.0,0,0,0,0.0,0.0,0.0,0,0,0,0.0,0.0,0.0
Visual Genome,2346611,14,1,5,0,4,16,8,16,24,17,0,0,8,0.014320304000193573,0.008042938000016875,0.0,0.008042938000016875,0.008190701999865269,0.022613113000261365,Optimal,0,none,3.25665333340208,0,13,100.0,100.0,100.0,2.0,0,4,1,0.0,0.0,0.0,0.0,0,4,1,0.0,0.0,0.0,0.0,0,4,1,0.0,0.0,0.0,0.0,0,4,1,0.0,0.0,0.0,0.0,7.771099990350194e-05,0,100.0,0,0,0,0.0,0.0,0.0,0,0,0,0.0,0.0,0.0,0,0,0,0.0,0.0,0.0,0,0,0,0.0,0.0,0.0
Visual Genome,2347057,27,1,10,0,4,22,8,22,30,17,0,0,8,0.013760193000052823,0.007606111000313831,0.0,0.007606111000313831,0.007775827999921603,0.021653436000178772,Optimal,0,none,3.323413345019024,0,13,100.0,100.0,100.0,2.0,1,3,0,0.25,1.0,0.4,0.6270888103891472,1,3,0,0.25,1.0,0.4,0.6270888103891472,1,3,0,0.25,1.0,0.4,0.6270888103891472,1,3,0,0.25,1.0,0.4,0.6270888103891472,9.211199994751951e-05,0,100.0,0,0,0,0.0,0.0,0.0,0,0,0,0.0,0.0,0.0,0,0,0,0.0,0.0,0.0,0,0,0,0.0,0.0,0.0
Visual Genome,2347297,25,3,18,0,4,27,8,27,35,17,0,0,8,0.014411262000066927,0.00831880399982765,0.0,0.00831880399982765,0.008515351999903942,0.02306338100015637,Optimal,0,none,3.137699573347967,0,13,100.0,100.0,100.0,2.0,2,2,1,0.5,0.6666666666666666,0.5714285714285715,0.6612533720916604,2,2,1,0.5,0.6666666666666666,0.5714285714285715,0.6612533720916604,2,2,1,0.5,0.6666666666666666,0.5714285714285715,0.6612533720916604,2,2,1,0.5,0.6666666666666666,0.5714285714285715,0.6612533720916604,9.531600016998709e-05,0,100.0,0,0,0,0.0,0.0,0.0,0,0,0,0.0,0.0,0.0,0,0,0,0.0,0.0,0.0,0,0,0,0.0,0.0,0.0
Visual Genome,2348575,26,0,42,0,14,353,28,353,381,197,0,0,28,0.016921535000165022,0.02113641899995855,0.0,0.02113641899995855,0.021667647999947803,0.039428626999779226,Optimal,0,none,10.8414885369033,0,43,100.0,100.0,100.0,2.0,0,14,0,0.0,0.0,0.0,0.0,0,14,0,0.0,0.0,0.0,0.0,0,14,0,0.0,0.0,0.0,0.0,0,14,0,0.0,0.0,0.0,0.0,0.0007825419997971039,0,100.0,0,0,0,0.0,0.0,0.0,0,0,0,0.0,0.0,0.0,0,0,0,0.0,0.0,0.0,0,0,0,0.0,0.0,0.0
Visual Genome,2349159,19,3,4,0,8,97,16,97,113,65,0,0,16,0.015575317999719118,0.011493261999930837,0.0,0.011493261999930837,0.01182574900030886,0.027745903999857546,Optimal,0,none,6.575716036160789,0,25,100.0,100.0,100.0,2.0,1,7,2,0.125,0.3333333333333333,0.18181818181818182,0.9748456928993501,1,7,2,0.125,0.3333333333333333,0.18181818181818182,0.9748456928993501,1,7,2,0.125,0.3333333333333333,0.18181818181818182,0.9748456928993501,1,7,2,0.125,0.3333333333333333,0.18181818181818182,0.9748456928993501,0.0002477299999554816,0,100.0,0,0,0,0.0,0.0,0.0,0,0,0,0.0,0.0,0.0,0,0,0,0.0,0.0,0.0,0,0,0,0.0,0.0,0.0
Visual Genome,2349416,30,0,21,0,4,18,8,18,26,17,0,0,8,0.015218075000120734,0.007988527000179602,0.0,0.007988527000179602,0.008186662999833061,0.023515651000252547,Optimal,0,none,3.2431768303453072,0,13,100.0,100.0,100.0,2.0,0,4,0,0.0,0.0,0.0,0.0,0,4,0,0.0,0.0,0.0,0.0,0,4,0,0.0,0.0,0.0,0.0,0,4,0,0.0,0.0,0.0,0.0,8.495900010530022e-05,0,100.0,0,0,0,0.0,0.0,0.0,0,0,0,0.0,0.0,0.0,0,0,0,0.0,0.0,0.0,0,0,0,0.0,0.0,0.0
Visual Genome,2349496,38,2,21,0,3,12,6,12,18,10,0,0,6,0.015077261999977054,0.007532913999966695,0.0,0.007532913999966695,0.007698575000176788,0.02288507999992362,Optimal,0,none,2.385477123260499,0,10,100.0,100.0,100.0,2.0,1,2,1,0.3333333333333333,0.5,0.4,0.8453084160795524,1,2,1,0.3333333333333333,0.5,0.4,0.8453084160795524,1,2,1,0.3333333333333333,0.5,0.4,0.8453084160795524,1,2,1,0.3333333333333333,0.5,0.4,0.8453084160795524,8.898499982024077e-05,0,100.0,0,0,0,0.0,0.0,0.0,0,0,0,0.0,0.0,0.0,0,0,0,0.0,0.0,0.0,0,0,0,0.0,0.0,0.0
Visual Genome,2349564,47,7,45,0,18,595,36,595,631,325,0,0,36,0.018546631999925012,0.031101747000320756,0.0,0.031101747000320756,0.031998246000057406,0.05200468600014574,Optimal,0,none,15.333186883500492,0,55,100.0,100.0,100.0,2.0,5,13,2,0.2777777777777778,0.7142857142857143,0.4,0.8832104850714688,5,13,2,0.2777777777777778,0.7142857142857143,0.4,0.8832104850714688,5,13,2,0.2777777777777778,0.7142857142857143,0.4,0.8832104850714688,5,13,2,0.2777777777777778,0.7142857142857143,0.4,0.8832104850714688,0.0013812970000799396,0,100.0,0,0,0,0.0,0.0,0.0,0,0,0,0.0,0.0,0.0,0,0,0,0.0,0.0,0.0,0,0,0,0.0,0.0,0.0
Visual Genome,2349670,23,1,46,0,4,26,8,26,34,17,0,0,8,0.013416352000149345,0.008109398999749828,0.0,0.008109398999749828,0.008270321000054537,0.021822810000230675,Optimal,0,none,3.472537037531536,0,13,100.0,100.0,100.0,2.0,1,3,0,0.25,1.0,0.4,0.6313864828938006,1,3,0,0.25,1.0,0.4,0.6313864828938006,1,3,0,0.25,1.0,0.4,0.6313864828938006,1,3,0,0.25,1.0,0.4,0.6313864828938006,0.00011260800010859384,0,100.0,0,0,0,0.0,0.0,0.0,0,0,0,0.0,0.0,0.0,0,0,0,0.0,0.0,0.0,0,0,0,0.0,0.0,0.0
Visual Genome,2349796,36,3,25,0,7,90,14,90,104,50,0,0,14,0.01580442500016943,0.011063242000091122,0.0,0.011063242000091122,0.011343742000008206,0.027432573000169214,Optimal,0,none,5.870909550347391,0,22,100.0,100.0,100.0,2.0,1,6,2,0.14285714285714285,0.3333333333333333,0.2,0.9895138790696053,1,6,2,0.14285714285714285,0.3333333333333333,0.2,0.9895138790696053,1,6,2,0.14285714285714285,0.3333333333333333,0.2,0.9895138790696053,1,6,2,0.14285714285714285,0.3333333333333333,0.2,0.9895138790696053,0.0002480510001987568,0,100.0,0,0,0,0.0,0.0,0.0,0,0,0,0.0,0.0,0.0,0,0,0,0.0,0.0,0.0,0,0,0,0.0,0.0,0.0
Visual Genome,2350875,18,0,3,0,7,62,14,62,76,50,0,0,14,0.01456680499995855,0.010511545000099431,0.0,0.010511545000099431,0.010785540000142646,0.02560894099997313,Optimal,0,none,5.481209510966578,0,22,100.0,100.0,100.0,2.0,0,7,0,0.0,0.0,0.0,0.0,0,7,0,0.0,0.0,0.0,0.0,0,7,0,0.0,0.0,0.0,0.0,0,7,0,0.0,0.0,0.0,0.0,0.0001957180002136738,0,100.0,0,0,0,0.0,0.0,0.0,0,0,0,0.0,0.0,0.0,0,0,0,0.0,0.0,0.0,0,0,0,0.0,0.0,0.0
Visual Genome,2350894,28,0,7,0,2,4,4,4,8,5,0,0,4,0.015298424000320665,0.006838425999831088,0.0,0.006838425999831088,0.006939649999821995,0.022290925000106654,Optimal,0,none,1.4929046885620867,0,5,100.0,100.0,100.0,2.0,0,2,0,0.0,0.0,0.0,0.0,0,2,0,0.0,0.0,0.0,0.0,0,2,0,0.0,0.0,0.0,0.0,0,2,0,0.0,0.0,0.0,0.0,3.928800015273737e-05,0,100.0,0,0,0,0.0,0.0,0.0,0,0,0,0.0,0.0,0.0,0,0,0,0.0,0.0,0.0,0,0,0,0.0,0.0,0.0
Visual Genome,2351741,28,5,13,1,12,238,24,238,262,145,0,0,24,0.016672554000251694,0.01756826699966041,0.0,0.01756826699966041,0.018025459999989835,0.035373766000248,Optimal,0,none,10.129025617192534,0,37,100.0,100.0,100.0,2.0,2,10,3,0.16666666666666666,0.4,0.23529411764705882,0.880661507688992,2,10,3,0.16666666666666666,0.4,0.23529411764705882,0.880661507688992,2,10,3,0.16666666666666666,0.4,0.23529411764705882,0.880661507688992,2,10,3,0.16666666666666666,0.4,0.23529411764705882,0.880661507688992,0.0006099960000938154,0,100.0,0,0,1,0.0,0.0,0.0,0,0,1,0.0,0.0,0.0,0,2,1,0.0,0.0,0.0,0,2,1,0.0,0.0,0.0
Visual Genome,2352582,16,1,9,0,1,0,2,0,2,1,0,0,2,0.014698471000428981,0.006864283999675536,0.0,0.006864283999675536,0.006935565999810933,0.021682667000277434,Optimal,0,none,0.6032750288645427,0,2,100.0,100.0,100.0,2.0,1,0,0,1.0,1.0,1.0,0.9880095467083457,1,0,0,1.0,1.0,1.0,0.9880095467083457,1,0,0,1.0,1.0,1.0,0.9880095467083457,1,0,0,1.0,1.0,1.0,0.9880095467083457,3.950400014218758e-05,0,100.0,0,0,0,0.0,0.0,0.0,0,0,0,0.0,0.0,0.0,0,0,0,0.0,0.0,0.0,0,0,0,0.0,0.0,0.0
Visual Genome,2352788,20,0,11,0,3,9,6,9,15,10,0,0,6,0.014560626999809756,0.006809774999965157,0.0,0.006809774999965157,0.006932963999588537,0.021633125999869662,Optimal,0,none,2.720702370384963,0,10,100.0,100.0,100.0,2.0,0,3,0,0.0,0.0,0.0,0.0,0,3,0,0.0,0.0,0.0,0.0,0,3,0,0.0,0.0,0.0,0.0,0,3,0,0.0,0.0,0.0,0.0,0.00011609200009843335,0,100.0,0,0,0,0.0,0.0,0.0,0,0,0,0.0,0.0,0.0,0,0,0,0.0,0.0,0.0,0,0,0,0.0,0.0,0.0
Visual Genome,2352954,18,1,17,0,2,2,4,2,6,5,0,0,4,0.01516349200028344,0.00639414300030694,0.0,0.00639414300030694,0.006486570999641117,0.02169467000021541,Optimal,0,none,1.3637756617863976,0,5,100.0,100.0,100.0,2.0,1,1,0,0.5,1.0,0.6666666666666666,0.8303920705541995,1,1,0,0.5,1.0,0.6666666666666666,0.8303920705541995,1,1,0,0.5,1.0,0.6666666666666666,0.8303920705541995,1,1,0,0.5,1.0,0.6666666666666666,0.8303920705541995,3.1752999802847626e-05,0,100.0,0,0,0,0.0,0.0,0.0,0,0,0,0.0,0.0,0.0,0,0,0,0.0,0.0,0.0,0,0,0,0.0,0.0,0.0
Visual Genome,2353074,21,0,14,0,5,40,10,40,50,26,0,0,10,0.014021487000263733,0.00876390800021909,0.0,0.00876390800021909,0.008954686000379297,0.023119560000395722,Optimal,0,none,4.255656292721313,0,16,100.0,100.0,100.0,2.0,0,5,0,0.0,0.0,0.0,0.0,0,5,0,0.0,0.0,0.0,0.0,0,5,0,0.0,0.0,0.0,0.0,0,5,0,0.0,0.0,0.0,0.0,0.00011842300000353134,0,100.0,0,0,0,0.0,0.0,0.0,0,0,0,0.0,0.0,0.0,0,0,0,0.0,0.0,0.0,0,0,0,0.0,0.0,0.0
Visual Genome,2353084,27,1,20,0,2,4,4,4,8,5,0,0,4,0.01420793799979947,0.006799510000291775,0.0,0.006799510000291775,0.0069138839999141055,0.021186137999848142,Optimal,0,none,1.4144437583287561,0,5,100.0,100.0,100.0,2.0,1,1,0,0.5,1.0,0.6666666666666666,0.8977589025099135,1,1,0,0.5,1.0,0.6666666666666666,0.8977589025099135,1,1,0,0.5,1.0,0.6666666666666666,0.8977589025099135,1,1,0,0.5,1.0,0.6666666666666666,0.8977589025099135,5.032399985793745e-05,0,100.0,0,0,0,0.0,0.0,0.0,0,0,0,0.0,0.0,0.0,0,0,0,0.0,0.0,0.0,0,0,0,0.0,0.0,0.0
Visual Genome,2353616,21,0,40,0,1,0,2,0,2,1,0,0,2,0.014558867999767244,0.006717690999721526,0.0,0.006717690999721526,0.006789602000026207,0.021391399999629357,Optimal,0,none,0.6433757940928142,0,2,100.0,100.0,100.0,2.0,0,1,0,0.0,0.0,0.0,0.0,0,1,0,0.0,0.0,0.0,0.0,0,1,0,0.0,0.0,0.0,0.0,0,1,0,0.0,0.0,0.0,0.0,3.5045000004174653e-05,0,100.0,0,0,0,0.0,0.0,0.0,0,0,0,0.0,0.0,0.0,0,0,0,0.0,0.0,0.0,0,0,0,0.0,0.0,0.0
Visual Genome,2355068,14,0,11,0,2,4,4,4,8,5,0,0,4,0.01499184200019954,0.006753959999969084,0.0,0.006753959999969084,0.006856032000086998,0.02190330500025084,Optimal,0,none,1.293736151059469,0,5,100.0,100.0,100.0,2.0,0,2,0,0.0,0.0,0.0,0.0,0,2,0,0.0,0.0,0.0,0.0,0,2,0,0.0,0.0,0.0,0.0,0,2,0,0.0,0.0,0.0,0.0,4.0705000174057204e-05,0,100.0,0,0,0,0.0,0.0,0.0,0,0,0,0.0,0.0,0.0,0,0,0,0.0,0.0,0.0,0,0,0,0.0,0.0,0.0
Visual Genome,2355207,11,0,18,0,2,5,4,5,9,5,0,0,4,0.01501553000025524,0.00841467600002943,0.0,0.00841467600002943,0.008589196999764681,0.023667518000365817,Optimal,0,none,1.6089363397015841,0,5,100.0,100.0,100.0,2.0,0,2,0,0.0,0.0,0.0,0.0,0,2,0,0.0,0.0,0.0,0.0,0,2,0,0.0,0.0,0.0,0.0,0,2,0,0.0,0.0,0.0,0.0,4.654400026993244e-05,0,100.0,0,0,0,0.0,0.0,0.0,0,0,0,0.0,0.0,0.0,0,0,0,0.0,0.0,0.0,0,0,0,0.0,0.0,0.0
Visual Genome,2355714,27,2,17,0,5,32,10,32,42,26,0,0,10,0.015398771000036504,0.009267267999803153,0.0,0.009267267999803153,0.009449503000269033,0.024993294000069,Optimal,0,none,3.8716555436452245,0,16,100.0,100.0,100.0,2.0,0,5,2,0.0,0.0,0.0,0.0,0,5,2,0.0,0.0,0.0,0.0,0,5,2,0.0,0.0,0.0,0.0,0,5,2,0.0,0.0,0.0,0.0,0.00011589899986574892,0,100.0,0,0,0,0.0,0.0,0.0,0,0,0,0.0,0.0,0.0,0,0,0,0.0,0.0,0.0,0,0,0,0.0,0.0,0.0
Visual Genome,2356074,32,0,32,0,8,91,16,91,107,65,0,0,16,0.015082101999723818,0.01143183499971201,0.0,0.01143183499971201,0.011753512999803206,0.027187744000002567,Optimal,0,none,6.720395796189789,0,25,100.0,100.0,100.0,2.0,0,8,0,0.0,0.0,0.0,0.0,0,8,0,0.0,0.0,0.0,0.0,0,8,0,0.0,0.0,0.0,0.0,0,8,0,0.0,0.0,0.0,0.0,0.00030489900018437766,0,100.0,0,0,0,0.0,0.0,0.0,0,0,0,0.0,0.0,0.0,0,0,0,0.0,0.0,0.0,0,0,0,0.0,0.0,0.0
Visual Genome,2356121,24,2,12,0,1,0,2,0,2,1,0,0,2,0.013965707999886945,0.006510977999823808,0.0,0.006510977999823808,0.006583099000181392,0.020578910000040196,Optimal,0,none,0.5930221954981486,0,2,100.0,100.0,100.0,2.0,0,1,2,0.0,0.0,0.0,0.0,0,1,2,0.0,0.0,0.0,0.0,0,1,2,0.0,0.0,0.0,0.0,0,1,2,0.0,0.0,0.0,0.0,2.169799972762121e-05,0,100.0,0,0,0,0.0,0.0,0.0,0,0,0,0.0,0.0,0.0,0,0,0,0.0,0.0,0.0,0,0,0,0.0,0.0,0.0
Visual Genome,2356259,25,3,37,0,3,10,6,10,16,10,0,0,6,0.014213062000180798,0.007106885999746737,0.0,0.007106885999746737,0.007241051000164589,0.021542449000207853,Optimal,0,none,2.605460638999939,0,10,100.0,100.0,100.0,2.0,1,2,2,0.3333333333333333,0.3333333333333333,0.3333333333333333,0.7299104519327438,1,2,2,0.3333333333333333,0.3333333333333333,0.3333333333333333,0.7299104519327438,1,2,2,0.3333333333333333,0.3333333333333333,0.3333333333333333,0.7299104519327438,1,2,2,0.3333333333333333,0.3333333333333333,0.3333333333333333,0.7299104519327438,6.648600037806318e-05,0,100.0,0,0,0,0.0,0.0,0.0,0,0,0,0.0,0.0,0.0,0,0,0,0.0,0.0,0.0,0,0,0,0.0,0.0,0.0
Visual Genome,2356511,42,0,25,0,6,63,12,63,75,37,0,0,12,0.01753652100023828,0.00911843600033535,0.0,0.00911843600033535,0.0093219489999683,0.027051964000293083,Optimal,0,none,4.851154155731203,0,19,100.0,100.0,100.0,2.0,0,6,0,0.0,0.0,0.0,0.0,0,6,0,0.0,0.0,0.0,0.0,0,6,0,0.0,0.0,0.0,0.0,0,6,0,0.0,0.0,0.0,0.0,0.0001667910000833217,0,100.0,0,0,0,0.0,0.0,0.0,0,0,0,0.0,0.0,0.0,0,0,0,0.0,0.0,0.0,0,0,0,0.0,0.0,0.0
Visual Genome,2357259,15,0,15,0,3,6,6,6,12,10,0,0,6,0.015385987000172463,0.006982071000038559,0.0,0.006982071000038559,0.007108813999820995,0.022579731999940122,Optimal,0,none,2.5489200258255007,0,10,100.0,100.0,100.0,2.0,0,3,0,0.0,0.0,0.0,0.0,0,3,0,0.0,0.0,0.0,0.0,0,3,0,0.0,0.0,0.0,0.0,0,3,0,0.0,0.0,0.0,0.0,5.5668999721092405e-05,0,100.0,0,0,0,0.0,0.0,0.0,0,0,0,0.0,0.0,0.0,0,0,0,0.0,0.0,0.0,0,0,0,0.0,0.0,0.0
Visual Genome,2357707,19,1,26,0,1,0,2,0,2,1,0,0,2,0.013710286999867094,0.006828516000041418,0.0,0.006828516000041418,0.006895523999901343,0.02063398900008906,Optimal,0,none,0.6133577267328898,0,2,100.0,100.0,100.0,2.0,1,0,0,1.0,1.0,1.0,0.638578106695172,1,0,0,1.0,1.0,1.0,0.638578106695172,1,0,0,1.0,1.0,1.0,0.638578106695172,1,0,0,1.0,1.0,1.0,0.638578106695172,2.0545000097627053e-05,0,100.0,0,0,0,0.0,0.0,0.0,0,0,0,0.0,0.0,0.0,0,0,0,0.0,0.0,0.0,0,0,0,0.0,0.0,0.0
Visual Genome,2357774,26,1,24,0,4,24,8,24,32,17,0,0,8,0.015432561000125133,0.007920184999875346,0.0,0.007920184999875346,0.008103635999759717,0.023658292000163783,Optimal,0,none,3.591665658156078,0,13,100.0,100.0,100.0,2.0,1,3,0,0.25,1.0,0.4,0.9447582551175747,1,3,0,0.25,1.0,0.4,0.9447582551175747,1,3,0,0.25,1.0,0.4,0.9447582551175747,1,3,0,0.25,1.0,0.4,0.9447582551175747,9.668600023360341e-05,0,100.0,0,0,0,0.0,0.0,0.0,0,0,0,0.0,0.0,0.0,0,0,0,0.0,0.0,0.0,0,0,0,0.0,0.0,0.0
Visual Genome,2358408,24,2,39,0,4,26,8,26,34,17,0,0,8,0.014099401999828842,0.007841740000003483,0.0,0.007841740000003483,0.007998802999736654,0.022282536999682634,Optimal,0,none,3.5820098129908255,0,13,100.0,100.0,100.0,2.0,0,4,2,0.0,0.0,0.0,0.9248231811054941,0,4,2,0.0,0.0,0.0,0.9248231811054941,0,4,2,0.0,0.0,0.0,0.9248231811054941,0,4,2,0.0,0.0,0.0,0.9248231811054941,0.00014762999990125536,0,100.0,0,0,0,0.0,0.0,0.0,0,0,0,0.0,0.0,0.0,0,0,0,0.0,0.0,0.0,0,0,0,0.0,0.0,0.0
Visual Genome,2358470,27,0,12,0,3,12,6,12,18,10,0,0,6,0.014002566999806731,0.007403393000004144,0.0,0.007403393000004144,0.007565302999864798,0.021657403000062914,Optimal,0,none,2.279298279285432,0,10,100.0,100.0,100.0,2.0,0,3,0,0.0,0.0,0.0,0.0,0,3,0,0.0,0.0,0.0,0.0,0,3,0,0.0,0.0,0.0,0.0,0,3,0,0.0,0.0,0.0,0.0,6.726899982822943e-05,0,100.0,0,0,0,0.0,0.0,0.0,0,0,0,0.0,0.0,0.0,0,0,0,0.0,0.0,0.0,0,0,0,0.0,0.0,0.0
Visual Genome,2358536,26,1,21,0,1,0,2,0,2,1,0,0,2,0.01424695299965606,0.00795272000004843,0.0,0.00795272000004843,0.008021987000120134,0.02229825599988544,Optimal,0,none,0.6223483959833781,0,2,100.0,100.0,100.0,2.0,1,0,0,1.0,1.0,1.0,0.9557403787202033,1,0,0,1.0,1.0,1.0,0.9557403787202033,1,0,0,1.0,1.0,1.0,0.9557403787202033,1,0,0,1.0,1.0,1.0,0.9557403787202033,2.1177999769861344e-05,0,100.0,0,0,0,0.0,0.0,0.0,0,0,0,0.0,0.0,0.0,0,0,0,0.0,0.0,0.0,0,0,0,0.0,0.0,0.0
Visual Genome,2358600,33,2,14,0,2,4,4,4,8,5,0,0,4,0.014013742000315688,0.00658017799969457,0.0,0.00658017799969457,0.006701483000142616,0.020765408999977808,Optimal,0,none,1.2167913111050925,0,5,100.0,100.0,100.0,2.0,1,1,1,0.5,0.5,0.5,0.872075471213656,1,1,1,0.5,0.5,0.5,0.872075471213656,1,1,1,0.5,0.5,0.5,0.872075471213656,1,1,1,0.5,0.5,0.5,0.872075471213656,3.729600030055735e-05,0,100.0,0,0,0,0.0,0.0,0.0,0,0,0,0.0,0.0,0.0,0,0,0,0.0,0.0,0.0,0,0,0,0.0,0.0,0.0
Visual Genome,2358626,23,1,33,0,4,26,8,26,34,17,0,0,8,0.015257711999765888,0.00810698199984472,0.0,0.00810698199984472,0.008263220000117144,0.023638243999812403,Optimal,0,none,3.475986110984657,0,13,100.0,100.0,100.0,2.0,0,4,1,0.0,0.0,0.0,0.0,0,4,1,0.0,0.0,0.0,0.0,0,4,1,0.0,0.0,0.0,0.0,0,4,1,0.0,0.0,0.0,0.0,9.24300002225209e-05,0,100.0,0,0,0,0.0,0.0,0.0,0,0,0,0.0,0.0,0.0,0,0,0,0.0,0.0,0.0,0,0,0,0.0,0.0,0.0
Visual Genome,2358828,30,3,36,0,3,10,6,10,16,10,0,0,6,0.015152339999985998,0.007491144000141503,0.0,0.007491144000141503,0.007674452000173915,0.022903809999661462,Optimal,0,none,2.6762144947052007,0,10,100.0,100.0,100.0,2.0,1,2,2,0.3333333333333333,0.3333333333333333,0.3333333333333333,0.9341066085431622,1,2,2,0.3333333333333333,0.3333333333333333,0.3333333333333333,0.9341066085431622,1,2,2,0.3333333333333333,0.3333333333333333,0.3333333333333333,0.9341066085431622,1,2,2,0.3333333333333333,0.3333333333333333,0.3333333333333333,0.9341066085431622,5.740099959439249e-05,0,100.0,0,0,0,0.0,0.0,0.0,0,0,0,0.0,0.0,0.0,0,0,0,0.0,0.0,0.0,0,0,0,0.0,0.0,0.0
Visual Genome,2359262,25,0,23,0,2,4,4,4,8,5,0,0,4,0.01310913299994354,0.006818395999744098,0.0,0.006818395999744098,0.0069197259999782545,0.020079969000107667,Optimal,0,none,1.34353283961614,0,5,100.0,100.0,100.0,2.0,0,2,0,0.0,0.0,0.0,0.0,0,2,0,0.0,0.0,0.0,0.0,0,2,0,0.0,0.0,0.0,0.0,0,2,0,0.0,0.0,0.0,0.0,3.795399970840663e-05,0,100.0,0,0,0,0.0,0.0,0.0,0,0,0,0.0,0.0,0.0,0,0,0,0.0,0.0,0.0,0,0,0,0.0,0.0,0.0
Visual Genome,2360042,33,0,22,0,5,38,10,38,48,26,0,0,10,0.014694499999677646,0.008926466000048094,0.0,0.008926466000048094,0.009124647999669833,0.023976547000074788,Optimal,0,none,4.489323024344206,0,16,100.0,100.0,100.0,2.0,0,5,0,0.0,0.0,0.0,0.0,0,5,0,0.0,0.0,0.0,0.0,0,5,0,0.0,0.0,0.0,0.0,0,5,0,0.0,0.0,0.0,0.0,0.00012887499997304985,0,100.0,0,0,0,0.0,0.0,0.0,0,0,0,0.0,0.0,0.0,0,0,0,0.0,0.0,0.0,0,0,0,0.0,0.0,0.0
Visual Genome,2360765,33,2,41,0,20,713,40,713,753,401,0,0,40,0.01773112000000765,0.03531850400031544,0.0,0.03531850400031544,0.03618433800011189,0.05564172200001849,Optimal,0,none,15.616051626611386,0,61,100.0,100.0,100.0,2.0,2,18,0,0.1,1.0,0.18181818181818182,0.8501164900843361,2,18,0,0.1,1.0,0.18181818181818182,0.8501164900843361,2,18,0,0.1,1.0,0.18181818181818182,0.8501164900843361,2,18,0,0.1,1.0,0.18181818181818182,0.8501164900843361,0.0016223200000240467,0,100.0,0,0,0,0.0,0.0,0.0,0,0,0,0.0,0.0,0.0,0,0,0,0.0,0.0,0.0,0,0,0,0.0,0.0,0.0
Visual Genome,2361228,17,2,12,0,5,32,10,32,42,26,0,0,10,0.01459996100038552,0.00822457200001736,0.0,0.00822457200001736,0.008404450999933033,0.02314183300040895,Optimal,0,none,4.064250794504228,0,16,100.0,100.0,100.0,2.0,1,4,1,0.2,0.5,0.28571428571428575,0.951037535995869,1,4,1,0.2,0.5,0.28571428571428575,0.951037535995869,1,4,1,0.2,0.5,0.28571428571428575,0.951037535995869,1,4,1,0.2,0.5,0.28571428571428575,0.951037535995869,0.0001110369998968963,0,100.0,0,0,0,0.0,0.0,0.0,0,0,0,0.0,0.0,0.0,0,0,0,0.0,0.0,0.0,0,0,0,0.0,0.0,0.0
Visual Genome,2361287,28,2,44,0,5,38,10,38,48,26,0,0,10,0.01645252900016203,0.010368716999892058,0.0,0.010368716999892058,0.010576221000064834,0.027257045000169455,Optimal,0,none,4.271388741334281,0,16,100.0,100.0,100.0,2.0,0,5,2,0.0,0.0,0.0,0.0,0,5,2,0.0,0.0,0.0,0.0,0,5,2,0.0,0.0,0.0,0.0,0,5,2,0.0,0.0,0.0,0.0,0.00019640800019260496,0,100.0,0,0,0,0.0,0.0,0.0,0,0,0,0.0,0.0,0.0,0,0,0,0.0,0.0,0.0,0,0,0,0.0,0.0,0.0
Visual Genome,2361514,32,0,45,0,4,16,8,16,24,17,0,0,8,0.015061776000038662,0.00871443799996996,0.0,0.00871443799996996,0.00886784100021032,0.02402826100023958,Optimal,0,none,3.24284409985279,0,13,100.0,100.0,100.0,2.0,0,4,0,0.0,0.0,0.0,0.0,0,4,0,0.0,0.0,0.0,0.0,0,4,0,0.0,0.0,0.0,0.0,0,4,0,0.0,0.0,0.0,0.0,7.469100000889739e-05,0,100.0,0,0,0,0.0,0.0,0.0,0,0,0,0.0,0.0,0.0,0,0,0,0.0,0.0,0.0,0,0,0,0.0,0.0,0.0
Visual Genome,2361531,24,0,21,0,4,20,8,20,28,17,0,0,8,0.014359725999838702,0.007698764999986452,0.0,0.007698764999986452,0.00785517600024832,0.022347088999595144,Optimal,0,none,3.7361606804529837,0,13,100.0,100.0,100.0,2.0,0,4,0,0.0,0.0,0.0,0.0,0,4,0,0.0,0.0,0.0,0.0,0,4,0,0.0,0.0,0.0,0.0,0,4,0,0.0,0.0,0.0,0.0,0.00010635199987518718,0,100.0,0,0,0,0.0,0.0,0.0,0,0,0,0.0,0.0,0.0,0,0,0,0.0,0.0,0.0,0,0,0,0.0,0.0,0.0
Visual Genome,2361736,27,0,23,0,1,0,2,0,2,1,0,0,2,0.015654248999908305,0.00675325200018051,0.0,0.00675325200018051,0.006830308999724366,0.022517332999996142,Optimal,0,none,0.6106069723765055,0,2,100.0,100.0,100.0,2.0,0,1,0,0.0,0.0,0.0,0.0,0,1,0,0.0,0.0,0.0,0.0,0,1,0,0.0,0.0,0.0,0.0,0,1,0,0.0,0.0,0.0,0.0,2.402200016149436e-05,0,100.0,0,0,0,0.0,0.0,0.0,0,0,0,0.0,0.0,0.0,0,0,0,0.0,0.0,0.0,0,0,0,0.0,0.0,0.0
Visual Genome,2361898,28,1,29,0,10,166,20,166,186,101,0,0,20,0.01625212500039197,0.015364955000222835,0.0,0.015364955000222835,0.01573833200018271,0.03250470000011774,Optimal,0,none,8.540040923178573,0,31,100.0,100.0,100.0,2.0,1,9,0,0.1,1.0,0.18181818181818182,0.921030833356819,1,9,0,0.1,1.0,0.18181818181818182,0.921030833356819,1,9,0,0.1,1.0,0.18181818181818182,0.921030833356819,1,9,0,0.1,1.0,0.18181818181818182,0.921030833356819,0.0004668080000556074,0,100.0,0,0,0,0.0,0.0,0.0,0,0,0,0.0,0.0,0.0,0,0,0,0.0,0.0,0.0,0,0,0,0.0,0.0,0.0
Visual Genome,2362268,20,1,17,0,4,30,8,30,38,17,0,0,8,0.013325939999958791,0.008149211000272771,0.0,0.008149211000272771,0.008304369000143197,0.02182115799996609,Optimal,0,none,3.175383214606634,0,13,100.0,100.0,100.0,2.0,0,4,1,0.0,0.0,0.0,0.0,0,4,1,0.0,0.0,0.0,0.0,0,4,1,0.0,0.0,0.0,0.0,0,4,1,0.0,0.0,0.0,0.0,0.00010275200020259945,0,100.0,0,0,0,0.0,0.0,0.0,0,0,0,0.0,0.0,0.0,0,0,0,0.0,0.0,0.0,0,0,0,0.0,0.0,0.0
Visual Genome,2362364,41,5,20,0,5,32,10,32,42,26,0,0,10,0.0163695290002579,0.008841653000217775,0.0,0.008841653000217775,0.009045912999681605,0.025558389000252646,Optimal,0,none,4.283994360764823,0,16,100.0,100.0,100.0,2.0,4,1,1,0.8,0.8,0.8000000000000002,0.8427719660986777,4,1,1,0.8,0.8,0.8000000000000002,0.8427719660986777,4,1,1,0.8,0.8,0.8000000000000002,0.8427719660986777,4,1,1,0.8,0.8,0.8000000000000002,0.8427719660986777,0.00011485799996080459,0,100.0,0,0,0,0.0,0.0,0.0,0,0,0,0.0,0.0,0.0,0,0,0,0.0,0.0,0.0,0,0,0,0.0,0.0,0.0
Visual Genome,2362923,24,2,19,0,9,123,18,123,141,82,0,0,18,0.01578596799981824,0.013765301000148611,0.0,0.013765301000148611,0.01408274999994319,0.030216767999718286,Optimal,0,none,7.751429519342881,0,28,100.0,100.0,100.0,2.0,1,8,1,0.1111111111111111,0.5,0.1818181818181818,0.9711507730753784,1,8,1,0.1111111111111111,0.5,0.1818181818181818,0.9711507730753784,1,8,1,0.1111111111111111,0.5,0.1818181818181818,0.9711507730753784,1,8,1,0.1111111111111111,0.5,0.1818181818181818,0.9711507730753784,0.0003042670000468206,0,100.0,0,0,0,0.0,0.0,0.0,0,0,0,0.0,0.0,0.0,0,0,0,0.0,0.0,0.0,0,0,0,0.0,0.0,0.0
Visual Genome,2364039,19,0,29,0,2,6,4,6,10,5,0,0,4,0.013062072000138869,0.006659708000370301,0.0,0.006659708000370301,0.006784296000205359,0.01990712299993902,Optimal,0,none,1.2099407300410099,0,5,100.0,100.0,100.0,2.0,0,2,0,0.0,0.0,0.0,0.0,0,2,0,0.0,0.0,0.0,0.0,0,2,0,0.0,0.0,0.0,0.0,0,2,0,0.0,0.0,0.0,0.0,4.654099984691129e-05,0,100.0,0,0,0,0.0,0.0,0.0,0,0,0,0.0,0.0,0.0,0,0,0,0.0,0.0,0.0,0,0,0,0.0,0.0,0.0
Visual Genome,2364080,11,0,23,0,0,0,0,0,0,0,0,0,1,0.014868463999846426,0.005071923999821593,0.0,0.005071923999821593,0.005109715999878972,0.019994124999811902,Optimal,0,none,,0,1,100.0,0.0,0.0,0.0,0,0,0,0.0,0.0,0.0,0.0,0,0,0,0.0,0.0,0.0,0.0,0,0,0,0.0,0.0,0.0,0.0,0,0,0,0.0,0.0,0.0,0.0,1.043800011757412e-05,0,100.0,0,0,0,0.0,0.0,0.0,0,0,0,0.0,0.0,0.0,0,0,0,0.0,0.0,0.0,0,0,0,0.0,0.0,0.0
Visual Genome,2364407,54,1,26,0,14,354,28,354,382,197,0,0,28,0.016369579000183876,0.02131788199994844,0.0,0.02131788199994844,0.021878084000036324,0.03913595499989242,Optimal,0,none,11.20202954820653,0,43,100.0,100.0,100.0,2.0,1,13,0,0.07142857142857142,1.0,0.13333333333333333,0.827231921761312,1,13,0,0.07142857142857142,1.0,0.13333333333333333,0.827231921761312,1,13,0,0.07142857142857142,1.0,0.13333333333333333,0.827231921761312,1,13,0,0.07142857142857142,1.0,0.13333333333333333,0.827231921761312,0.0008180330000868707,0,100.0,0,0,0,0.0,0.0,0.0,0,0,0,0.0,0.0,0.0,0,0,0,0.0,0.0,0.0,0,0,0,0.0,0.0,0.0
Visual Genome,2364413,48,3,19,0,6,60,12,60,72,37,0,0,12,0.01353044300003603,0.008889447999990807,0.0,0.008889447999990807,0.00918407799963461,0.022933547999855364,Optimal,0,none,4.9161148738861105,0,19,100.0,100.0,100.0,2.0,1,5,2,0.16666666666666666,0.3333333333333333,0.2222222222222222,0.6691042257540837,1,5,2,0.16666666666666666,0.3333333333333333,0.2222222222222222,0.6691042257540837,1,5,2,0.16666666666666666,0.3333333333333333,0.2222222222222222,0.6691042257540837,1,5,2,0.16666666666666666,0.3333333333333333,0.2222222222222222,0.6691042257540837,0.00018468400003257557,0,100.0,0,0,0,0.0,0.0,0.0,0,0,0,0.0,0.0,0.0,0,0,0,0.0,0.0,0.0,0,0,0,0.0,0.0,0.0
Visual Genome,2364445,31,0,20,0,3,13,6,13,19,10,0,0,6,0.015011324999704811,0.0070320790000550915,0.0,0.0070320790000550915,0.007166635999965365,0.022286256999905163,Optimal,0,none,2.4721711182594306,0,10,100.0,100.0,100.0,2.0,0,3,0,0.0,0.0,0.0,0.0,0,3,0,0.0,0.0,0.0,0.0,0,3,0,0.0,0.0,0.0,0.0,0,3,0,0.0,0.0,0.0,0.0,8.425299984082812e-05,0,100.0,0,0,0,0.0,0.0,0.0,0,0,0,0.0,0.0,0.0,0,0,0,0.0,0.0,0.0,0,0,0,0.0,0.0,0.0
Visual Genome,2364508,34,1,33,0,20,523,40,523,563,401,0,0,40,0.01869038599988926,0.030402896999930817,0.0,0.030402896999930817,0.031183078000140085,0.05123012600006405,Optimal,0,none,16.292738792384938,0,61,100.0,100.0,100.0,2.0,1,19,0,0.05,1.0,0.09523809523809523,0.934127149600834,1,19,0,0.05,1.0,0.09523809523809523,0.934127149600834,1,19,0,0.05,1.0,0.09523809523809523,0.934127149600834,1,19,0,0.05,1.0,0.09523809523809523,0.934127149600834,0.0012633689998438058,0,100.0,0,0,0,0.0,0.0,0.0,0,0,0,0.0,0.0,0.0,0,0,0,0.0,0.0,0.0,0,0,0,0.0,0.0,0.0
Visual Genome,2364565,33,1,21,0,2,2,4,2,6,5,0,0,4,0.013923446999797306,0.006433849000131886,0.0,0.006433849000131886,0.006552205999923899,0.02051943600008599,Optimal,0,none,1.4906586201985679,0,5,100.0,100.0,100.0,2.0,1,1,0,0.5,1.0,0.6666666666666666,0.9268419942121483,1,1,0,0.5,1.0,0.6666666666666666,0.9268419942121483,1,1,0,0.5,1.0,0.6666666666666666,0.9268419942121483,1,1,0,0.5,1.0,0.6666666666666666,0.9268419942121483,3.129399965473567e-05,0,100.0,0,0,0,0.0,0.0,0.0,0,0,0,0.0,0.0,0.0,0,0,0,0.0,0.0,0.0,0,0,0,0.0,0.0,0.0
Visual Genome,2364584,31,2,20,0,6,45,12,45,57,37,0,0,12,0.015479236999908608,0.009775923999768565,0.0,0.009775923999768565,0.00998708599991005,0.025640537000072072,Optimal,0,none,5.145696325302126,0,19,100.0,100.0,100.0,2.0,2,4,0,0.3333333333333333,1.0,0.5,0.9149688689237434,2,4,0,0.3333333333333333,1.0,0.5,0.9149688689237434,2,4,0,0.3333333333333333,1.0,0.5,0.9149688689237434,2,4,0,0.3333333333333333,1.0,0.5,0.9149688689237434,0.0001434549999430601,0,100.0,0,0,0,0.0,0.0,0.0,0,0,0,0.0,0.0,0.0,0,0,0,0.0,0.0,0.0,0,0,0,0.0,0.0,0.0
Visual Genome,2364645,23,0,19,0,1,0,2,0,2,1,0,0,2,0.012630838999939442,0.006170203999772639,0.0,0.006170203999772639,0.006238027000108559,0.01891761500019129,Optimal,0,none,0.36685041586558026,0,2,100.0,100.0,100.0,2.0,0,1,0,0.0,0.0,0.0,0.0,0,1,0,0.0,0.0,0.0,0.0,0,1,0,0.0,0.0,0.0,0.0,0,1,0,0.0,0.0,0.0,0.0,1.9041000086872373e-05,0,100.0,0,0,0,0.0,0.0,0.0,0,0,0,0.0,0.0,0.0,0,0,0,0.0,0.0,0.0,0,0,0,0.0,0.0,0.0
Visual Genome,2365315,24,0,25,0,2,4,4,4,8,5,0,0,4,0.014766986000267934,0.0069448829999601,0.0,0.0069448829999601,0.0070875100000193925,0.02190822600005049,Optimal,0,none,1.3058474334081014,0,5,100.0,100.0,100.0,2.0,0,2,0,0.0,0.0,0.0,0.0,0,2,0,0.0,0.0,0.0,0.0,0,2,0,0.0,0.0,0.0,0.0,0,2,0,0.0,0.0,0.0,0.0,3.947100003642845e-05,0,100.0,0,0,0,0.0,0.0,0.0,0,0,0,0.0,0.0,0.0,0,0,0,0.0,0.0,0.0,0,0,0,0.0,0.0,0.0
Visual Genome,2365681,41,1,21,0,2,6,4,6,10,5,0,0,4,0.016041095999753452,0.0080798210001376,0.0,0.0080798210001376,0.008231269000134489,0.024350858999696356,Optimal,0,none,1.357275870641073,0,5,100.0,100.0,100.0,2.0,1,1,0,0.5,1.0,0.6666666666666666,0.8027307780303025,1,1,0,0.5,1.0,0.6666666666666666,0.8027307780303025,1,1,0,0.5,1.0,0.6666666666666666,0.8027307780303025,1,1,0,0.5,1.0,0.6666666666666666,0.8027307780303025,6.0338000366755296e-05,0,100.0,0,0,0,0.0,0.0,0.0,0,0,0,0.0,0.0,0.0,0,0,0,0.0,0.0,0.0,0,0,0,0.0,0.0,0.0
Visual Genome,2366193,24,5,17,0,9,121,18,121,139,82,0,0,18,0.014009797999733564,0.011677842999688437,0.0,0.011677842999688437,0.011964909000198531,0.026302986999780842,Optimal,0,none,7.0208332382398435,0,28,100.0,100.0,100.0,2.0,2,7,3,0.2222222222222222,0.4,0.2857142857142857,0.8017267949135661,2,7,3,0.2222222222222222,0.4,0.2857142857142857,0.8017267949135661,2,7,3,0.2222222222222222,0.4,0.2857142857142857,0.8017267949135661,2,7,3,0.2222222222222222,0.4,0.2857142857142857,0.8017267949135661,0.00029180699993958115,0,100.0,0,0,0,0.0,0.0,0.0,0,0,0,0.0,0.0,0.0,0,0,0,0.0,0.0,0.0,0,0,0,0.0,0.0,0.0
Visual Genome,2366660,23,3,7,0,3,14,6,14,20,10,0,0,6,0.014452552999955515,0.006760430000213091,0.0,0.006760430000213091,0.0069443810002667306,0.021495813999990787,Optimal,0,none,2.6713639162164773,0,10,100.0,100.0,100.0,2.0,1,2,2,0.3333333333333333,0.3333333333333333,0.3333333333333333,0.944537047709943,1,2,2,0.3333333333333333,0.3333333333333333,0.3333333333333333,0.944537047709943,1,2,2,0.3333333333333333,0.3333333333333333,0.3333333333333333,0.944537047709943,1,2,2,0.3333333333333333,0.3333333333333333,0.3333333333333333,0.944537047709943,7.125299998733681e-05,0,100.0,0,0,0,0.0,0.0,0.0,0,0,0,0.0,0.0,0.0,0,0,0,0.0,0.0,0.0,0,0,0,0.0,0.0,0.0
Visual Genome,2367354,37,2,17,0,9,142,18,142,160,82,0,0,18,0.014464795999629132,0.012270397000065714,0.0,0.012270397000065714,0.012584865000007994,0.027430525999989186,Optimal,0,none,7.42840755939484,0,28,100.0,100.0,100.0,2.0,2,7,0,0.2222222222222222,1.0,0.3636363636363636,0.804161880835255,2,7,0,0.2222222222222222,1.0,0.3636363636363636,0.804161880835255,2,7,0,0.2222222222222222,1.0,0.3636363636363636,0.804161880835255,2,7,0,0.2222222222222222,1.0,0.3636363636363636,0.804161880835255,0.0003409109999665816,0,100.0,0,0,0,0.0,0.0,0.0,0,0,0,0.0,0.0,0.0,0,0,0,0.0,0.0,0.0,0,0,0,0.0,0.0,0.0
Visual Genome,2368110,37,1,24,0,16,348,32,348,380,257,0,0,32,0.017056638000212843,0.02079599499984397,0.0,0.02079599499984397,0.02132905700000265,0.03930414500018742,Optimal,0,none,12.253336573449815,0,49,100.0,100.0,100.0,2.0,0,16,1,0.0,0.0,0.0,0.0,0,16,1,0.0,0.0,0.0,0.0,0,16,1,0.0,0.0,0.0,0.0,0,16,1,0.0,0.0,0.0,0.0,0.0008533790000910813,0,100.0,0,0,0,0.0,0.0,0.0,0,0,0,0.0,0.0,0.0,0,0,0,0.0,0.0,0.0,0,0,0,0.0,0.0,0.0
Visual Genome,2368192,33,0,37,0,4,20,8,20,28,17,0,0,8,0.014241848999972717,0.009853763000137405,0.0,0.009853763000137405,0.010024787000020297,0.02438477999976385,Optimal,0,none,3.3233218876520803,0,13,100.0,100.0,100.0,2.0,0,4,0,0.0,0.0,0.0,0.0,0,4,0,0.0,0.0,0.0,0.0,0,4,0,0.0,0.0,0.0,0.0,0,4,0,0.0,0.0,0.0,0.0,9.192899960908107e-05,0,100.0,0,0,0,0.0,0.0,0.0,0,0,0,0.0,0.0,0.0,0,0,0,0.0,0.0,0.0,0,0,0,0.0,0.0,0.0
Visual Genome,2368508,29,2,10,0,12,239,24,239,263,145,0,0,24,0.016414903000168124,0.01810956500003158,0.0,0.01810956500003158,0.01860103299986804,0.03567658600013601,Optimal,0,none,9.66932037084198,0,37,100.0,100.0,100.0,2.0,0,12,2,0.0,0.0,0.0,0.0,0,12,2,0.0,0.0,0.0,0.0,0,12,2,0.0,0.0,0.0,0.0,0,12,2,0.0,0.0,0.0,0.0,0.0006074810003156017,0,100.0,0,0,0,0.0,0.0,0.0,0,0,0,0.0,0.0,0.0,0,0,0,0.0,0.0,0.0,0,0,0,0.0,0.0,0.0
Visual Genome,2368774,9,1,34,0,1,0,2,0,2,1,0,0,2,0.013660799000263069,0.006072477000088838,0.0,0.006072477000088838,0.0061454390001927095,0.019837215000279684,Optimal,0,none,0.6369913736979167,0,2,100.0,100.0,100.0,2.0,1,0,0,1.0,1.0,1.0,0.9735759765124221,1,0,0,1.0,1.0,1.0,0.9735759765124221,1,0,0,1.0,1.0,1.0,0.9735759765124221,1,0,0,1.0,1.0,1.0,0.9735759765124221,2.2665999949822435e-05,0,100.0,0,0,0,0.0,0.0,0.0,0,0,0,0.0,0.0,0.0,0,0,0,0.0,0.0,0.0,0,0,0,0.0,0.0,0.0
Visual Genome,2368817,18,0,10,0,1,0,2,0,2,1,0,0,2,0.01461029599977337,0.0074558340002113255,0.0,0.0074558340002113255,0.007527180999659322,0.022165199000028224,Optimal,0,none,0.5963319937388103,0,2,100.0,100.0,100.0,2.0,0,1,0,0.0,0.0,0.0,0.0,0,1,0,0.0,0.0,0.0,0.0,0,1,0,0.0,0.0,0.0,0.0,0,1,0,0.0,0.0,0.0,0.0,2.0402999780344544e-05,0,100.0,0,0,0,0.0,0.0,0.0,0,0,0,0.0,0.0,0.0,0,0,0,0.0,0.0,0.0,0,0,0,0.0,0.0,0.0
Visual Genome,2368996,26,0,17,0,4,21,8,21,29,17,0,0,8,0.014990443999977288,0.008313596999869333,0.0,0.008313596999869333,0.008477255000343575,0.023599598000146216,Optimal,0,none,3.0947903362909965,0,13,100.0,100.0,100.0,2.0,0,4,0,0.0,0.0,0.0,0.0,0,4,0,0.0,0.0,0.0,0.0,0,4,0,0.0,0.0,0.0,0.0,0,4,0,0.0,0.0,0.0,0.0,0.00010641500011843164,0,100.0,0,0,0,0.0,0.0,0.0,0,0,0,0.0,0.0,0.0,0,0,0,0.0,0.0,0.0,0,0,0,0.0,0.0,0.0
Visual Genome,2369534,20,0,23,0,1,0,2,0,2,1,0,0,2,0.01305419600021196,0.006800545000260172,0.0,0.006800545000260172,0.006874728000184405,0.019960179999998218,Optimal,0,none,0.5949761311213175,0,2,100.0,100.0,100.0,2.0,0,1,0,0.0,0.0,0.0,0.0,0,1,0,0.0,0.0,0.0,0.0,0,1,0,0.0,0.0,0.0,0.0,0,1,0,0.0,0.0,0.0,0.0,2.2170999727677554e-05,0,100.0,0,0,0,0.0,0.0,0.0,0,0,0,0.0,0.0,0.0,0,0,0,0.0,0.0,0.0,0,0,0,0.0,0.0,0.0
Visual Genome,2369615,25,9,17,0,13,313,26,313,339,170,0,0,26,0.016280177000226104,0.01898873200025264,0.0,0.01898873200025264,0.019545663999906537,0.03665603099989312,Optimal,0,none,10.386930720482404,0,40,100.0,100.0,100.0,2.0,7,6,2,0.5384615384615384,0.7777777777777778,0.6363636363636364,0.7874401110891681,7,6,2,0.5384615384615384,0.7777777777777778,0.6363636363636364,0.7874401110891681,7,6,2,0.5384615384615384,0.7777777777777778,0.6363636363636364,0.7874401110891681,7,6,2,0.5384615384615384,0.7777777777777778,0.6363636363636364,0.7874401110891681,0.000775180000346154,0,100.0,0,0,0,0.0,0.0,0.0,0,0,0,0.0,0.0,0.0,0,0,0,0.0,0.0,0.0,0,0,0,0.0,0.0,0.0
Visual Genome,2370016,32,1,14,0,5,40,10,40,50,26,0,0,10,0.013806742000269878,0.00900498000009975,0.0,0.00900498000009975,0.009222173000125622,0.02318154800013872,Optimal,0,none,4.067109812239957,0,16,100.0,100.0,100.0,2.0,0,5,1,0.0,0.0,0.0,0.7943040579683818,0,5,1,0.0,0.0,0.0,0.7943040579683818,0,5,1,0.0,0.0,0.0,0.7943040579683818,0,5,1,0.0,0.0,0.0,0.7943040579683818,0.0001250870000149007,0,100.0,0,0,0,0.0,0.0,0.0,0,0,0,0.0,0.0,0.0,0,0,0,0.0,0.0,0.0,0,0,0,0.0,0.0,0.0
Visual Genome,2370071,58,0,40,0,1,0,2,0,2,1,0,0,2,0.014706906999890634,0.006766726000023482,0.0,0.006766726000023482,0.0068405120000534225,0.021578902999863203,Optimal,0,none,0.6200937191645304,0,2,100.0,100.0,100.0,2.0,0,1,0,0.0,0.0,0.0,0.0,0,1,0,0.0,0.0,0.0,0.0,0,1,0,0.0,0.0,0.0,0.0,0,1,0,0.0,0.0,0.0,0.0,2.2638000245933654e-05,0,100.0,0,0,0,0.0,0.0,0.0,0,0,0,0.0,0.0,0.0,0,0,0,0.0,0.0,0.0,0,0,0,0.0,0.0,0.0
Visual Genome,2370681,26,0,16,0,5,43,10,43,53,26,0,0,10,0.013962452000214398,0.00897621900003287,0.0,0.00897621900003287,0.009158773999843106,0.02327755000032994,Optimal,0,none,4.309359520276389,0,16,100.0,100.0,100.0,2.0,0,5,0,0.0,0.0,0.0,0.0,0,5,0,0.0,0.0,0.0,0.0,0,5,0,0.0,0.0,0.0,0.0,0,5,0,0.0,0.0,0.0,0.0,0.00013004199990973575,0,100.0,0,0,0,0.0,0.0,0.0,0,0,0,0.0,0.0,0.0,0,0,0,0.0,0.0,0.0,0,0,0,0.0,0.0,0.0
Visual Genome,2370826,42,6,15,0,3,11,6,11,17,10,0,0,6,0.014145385000119859,0.008479364999857353,0.0,0.008479364999857353,0.008617308999873785,0.022843901000214828,Optimal,0,none,2.489775135252162,0,10,100.0,100.0,100.0,2.0,1,2,5,0.3333333333333333,0.16666666666666666,0.2222222222222222,0.8514258980387372,1,2,5,0.3333333333333333,0.16666666666666666,0.2222222222222222,0.8514258980387372,1,2,5,0.3333333333333333,0.16666666666666666,0.2222222222222222,0.8514258980387372,1,2,5,0.3333333333333333,0.16666666666666666,0.2222222222222222,0.8514258980387372,5.9361000239732675e-05,0,100.0,0,0,0,0.0,0.0,0.0,0,0,0,0.0,0.0,0.0,0,0,0,0.0,0.0,0.0,0,0,0,0.0,0.0,0.0
Visual Genome,2371479,8,0,18,0,2,5,4,5,9,5,0,0,4,0.013904801000080624,0.006807011000091734,0.0,0.006807011000091734,0.0069100139999136445,0.020873246000064682,Optimal,0,none,1.511533610855454,0,5,100.0,100.0,100.0,2.0,0,2,0,0.0,0.0,0.0,0.0,0,2,0,0.0,0.0,0.0,0.0,0,2,0,0.0,0.0,0.0,0.0,0,2,0,0.0,0.0,0.0,0.0,4.42020000264165e-05,0,100.0,0,0,0,0.0,0.0,0.0,0,0,0,0.0,0.0,0.0,0,0,0,0.0,0.0,0.0,0,0,0,0.0,0.0,0.0
Visual Genome,2371520,16,1,14,0,2,6,4,6,10,5,0,0,4,0.014659127000413719,0.007447588999639265,0.0,0.007447588999639265,0.007564708000245446,0.022290544000043155,Optimal,0,none,1.5521272691090906,0,5,100.0,100.0,100.0,2.0,1,1,0,0.5,1.0,0.6666666666666666,0.9722370321974267,1,1,0,0.5,1.0,0.6666666666666666,0.9722370321974267,1,1,0,0.5,1.0,0.6666666666666666,0.9722370321974267,1,1,0,0.5,1.0,0.6666666666666666,0.9722370321974267,5.120000014358084e-05,0,100.0,0,0,0,0.0,0.0,0.0,0,0,0,0.0,0.0,0.0,0,0,0,0.0,0.0,0.0,0,0,0,0.0,0.0,0.0
Visual Genome,2371844,32,0,20,0,1,0,2,0,2,1,0,0,2,0.015361852999831171,0.008687047999956121,0.0,0.008687047999956121,0.00877991099969222,0.02417188499975964,Optimal,0,none,0.6153026501337687,0,2,100.0,100.0,100.0,2.0,0,1,0,0.0,0.0,0.0,0.0,0,1,0,0.0,0.0,0.0,0.0,0,1,0,0.0,0.0,0.0,0.0,0,1,0,0.0,0.0,0.0,0.0,2.1996000214130618e-05,0,100.0,0,0,0,0.0,0.0,0.0,0,0,0,0.0,0.0,0.0,0,0,0,0.0,0.0,0.0,0,0,0,0.0,0.0,0.0
Visual Genome,2372054,15,0,7,0,9,131,18,131,149,82,0,0,18,0.014102266000008967,0.011821652999969956,0.0,0.011821652999969956,0.01219420600000376,0.026652962999833107,Optimal,0,none,6.933813493251803,0,28,100.0,100.0,100.0,2.0,0,9,0,0.0,0.0,0.0,0.0,0,9,0,0.0,0.0,0.0,0.0,0,9,0,0.0,0.0,0.0,0.0,0,9,0,0.0,0.0,0.0,0.0,0.0003179559998898185,0,100.0,0,0,0,0.0,0.0,0.0,0,0,0,0.0,0.0,0.0,0,0,0,0.0,0.0,0.0,0,0,0,0.0,0.0,0.0
Visual Genome,2372677,18,0,25,0,1,0,2,0,2,1,0,0,2,0.013797318999877461,0.006316785999842978,0.0,0.006316785999842978,0.006389031999788131,0.020217882999986614,Optimal,0,none,0.6191528956095378,0,2,100.0,100.0,100.0,2.0,0,1,0,0.0,0.0,0.0,0.0,0,1,0,0.0,0.0,0.0,0.0,0,1,0,0.0,0.0,0.0,0.0,0,1,0,0.0,0.0,0.0,0.0,2.266000001327484e-05,0,100.0,0,0,0,0.0,0.0,0.0,0,0,0,0.0,0.0,0.0,0,0,0,0.0,0.0,0.0,0,0,0,0.0,0.0,0.0
Visual Genome,2373246,29,2,10,0,7,74,14,74,88,50,0,0,14,0.017852236999715387,0.011566476000098191,0.0,0.011566476000098191,0.01189695799985202,0.03000868899971465,Optimal,0,none,6.141801326631531,0,22,100.0,100.0,100.0,2.0,2,5,0,0.2857142857142857,1.0,0.4444444444444445,0.9666060664790499,2,5,0,0.2857142857142857,1.0,0.4444444444444445,0.9666060664790499,2,5,0,0.2857142857142857,1.0,0.4444444444444445,0.9666060664790499,2,5,0,0.2857142857142857,1.0,0.4444444444444445,0.9666060664790499,0.00022353299982569297,0,100.0,0,0,0,0.0,0.0,0.0,0,0,0,0.0,0.0,0.0,0,0,0,0.0,0.0,0.0,0,0,0,0.0,0.0,0.0
Visual Genome,2373277,16,0,14,0,3,10,6,10,16,10,0,0,6,0.013625677000163705,0.007250741999996535,0.0,0.007250741999996535,0.007383201000266126,0.021091197000259854,Optimal,0,none,2.518497653007508,0,10,100.0,100.0,100.0,2.0,0,3,0,0.0,0.0,0.0,0.0,0,3,0,0.0,0.0,0.0,0.0,0,3,0,0.0,0.0,0.0,0.0,0,3,0,0.0,0.0,0.0,0.0,6.129000030341558e-05,0,100.0,0,0,0,0.0,0.0,0.0,0,0,0,0.0,0.0,0.0,0,0,0,0.0,0.0,0.0,0,0,0,0.0,0.0,0.0
Visual Genome,2373324,28,3,12,0,7,73,14,73,87,50,0,0,14,0.015021167999748286,0.009061709999969025,0.0,0.009061709999969025,0.009311789000093995,0.024594801000148436,Optimal,0,none,5.9798932003557494,0,22,100.0,100.0,100.0,2.0,3,4,0,0.42857142857142855,1.0,0.6,0.9028823782123999,3,4,0,0.42857142857142855,1.0,0.6,0.9028823782123999,3,4,0,0.42857142857142855,1.0,0.6,0.9028823782123999,3,4,0,0.42857142857142855,1.0,0.6,0.9028823782123999,0.00021734099982495536,0,100.0,0,0,0,0.0,0.0,0.0,0,0,0,0.0,0.0,0.0,0,0,0,0.0,0.0,0.0,0,0,0,0.0,0.0,0.0
Visual Genome,2373416,26,3,17,0,8,102,16,102,118,65,0,0,16,0.017054763000032835,0.010249940999983664,0.0,0.010249940999983664,0.010569223999937094,0.0279509130000406,Optimal,0,none,6.916693251927696,0,25,100.0,100.0,100.0,2.0,1,7,2,0.125,0.3333333333333333,0.18181818181818182,0.7743484016201378,1,7,2,0.125,0.3333333333333333,0.18181818181818182,0.7743484016201378,1,7,2,0.125,0.3333333333333333,0.18181818181818182,0.7743484016201378,1,7,2,0.125,0.3333333333333333,0.18181818181818182,0.7743484016201378,0.00028798799985452206,0,100.0,0,0,0,0.0,0.0,0.0,0,0,0,0.0,0.0,0.0,0,0,0,0.0,0.0,0.0,0,0,0,0.0,0.0,0.0
Visual Genome,2373675,33,1,19,0,0,0,0,0,0,0,0,0,1,0.013369244999921648,0.0052374970000528265,0.0,0.0052374970000528265,0.005277670999930706,0.018662800999663887,Optimal,0,none,,0,1,100.0,0.0,0.0,0.0,0,0,1,0.0,0.0,0.0,0.0,0,0,1,0.0,0.0,0.0,0.0,0,0,1,0.0,0.0,0.0,0.0,0,0,1,0.0,0.0,0.0,0.0,1.0578999990684679e-05,0,100.0,0,0,0,0.0,0.0,0.0,0,0,0,0.0,0.0,0.0,0,0,0,0.0,0.0,0.0,0,0,0,0.0,0.0,0.0
Visual Genome,2374347,30,1,32,0,3,13,6,13,19,10,0,0,6,0.016354561999833095,0.007171300999743835,0.0,0.007171300999743835,0.007298770000033983,0.023735688999749982,Optimal,0,none,2.51635895729065,0,10,100.0,100.0,100.0,2.0,0,3,1,0.0,0.0,0.0,0.0,0,3,1,0.0,0.0,0.0,0.0,0,3,1,0.0,0.0,0.0,0.0,0,3,1,0.0,0.0,0.0,0.0,6.270400035646162e-05,0,100.0,0,0,0,0.0,0.0,0.0,0,0,0,0.0,0.0,0.0,0,0,0,0.0,0.0,0.0,0,0,0,0.0,0.0,0.0
Visual Genome,2375149,18,1,23,0,4,26,8,26,34,17,0,0,8,0.012844445999689924,0.009121409999806929,0.0,0.009121409999806929,0.00927166200017382,0.022333655999773327,Optimal,0,none,3.8129729620842916,0,13,100.0,100.0,100.0,2.0,1,3,0,0.25,1.0,0.4,0.9557630451098762,1,3,0,0.25,1.0,0.4,0.9557630451098762,1,3,0,0.25,1.0,0.4,0.9557630451098762,1,3,0,0.25,1.0,0.4,0.9557630451098762,0.0001468690002184303,0,100.0,0,0,0,0.0,0.0,0.0,0,0,0,0.0,0.0,0.0,0,0,0,0.0,0.0,0.0,0,0,0,0.0,0.0,0.0
Visual Genome,2375342,30,0,34,0,13,273,26,273,299,170,0,0,26,0.019358963000286167,0.017565368999839848,0.0,0.017565368999839848,0.018112384999767528,0.03822530000024926,Optimal,0,none,11.023785773721304,0,40,100.0,100.0,100.0,2.0,0,13,0,0.0,0.0,0.0,0.0,0,13,0,0.0,0.0,0.0,0.0,0,13,0,0.0,0.0,0.0,0.0,0,13,0,0.0,0.0,0.0,0.0,0.0006909419998919475,0,100.0,0,0,0,0.0,0.0,0.0,0,0,0,0.0,0.0,0.0,0,0,0,0.0,0.0,0.0,0,0,0,0.0,0.0,0.0
Visual Genome,2375655,25,1,17,0,1,0,2,0,2,1,0,0,2,0.013157818999843585,0.006147910999970918,0.0,0.006147910999970918,0.0062329970000973844,0.01941845499959527,Optimal,0,none,0.6020429293314615,0,2,100.0,100.0,100.0,2.0,1,0,0,1.0,1.0,1.0,0.8105545949681806,1,0,0,1.0,1.0,1.0,0.8105545949681806,1,0,0,1.0,1.0,1.0,0.8105545949681806,1,0,0,1.0,1.0,1.0,0.8105545949681806,2.0259999928384786e-05,0,100.0,0,0,0,0.0,0.0,0.0,0,0,0,0.0,0.0,0.0,0,0,0,0.0,0.0,0.0,0,0,0,0.0,0.0,0.0
Visual Genome,2375995,6,2,16,0,4,24,8,24,32,17,0,0,8,0.01764133699998638,0.008100221999939095,0.0,0.008100221999939095,0.008255060999999841,0.02601180800002112,Optimal,0,none,3.2314864508310963,0,13,100.0,100.0,100.0,2.0,2,2,0,0.5,1.0,0.6666666666666666,0.8676748654298814,2,2,0,0.5,1.0,0.6666666666666666,0.8676748654298814,2,2,0,0.5,1.0,0.6666666666666666,0.8676748654298814,2,2,0,0.5,1.0,0.6666666666666666,0.8676748654298814,9.184300006381818e-05,0,100.0,0,0,0,0.0,0.0,0.0,0,0,0,0.0,0.0,0.0,0,0,0,0.0,0.0,0.0,0,0,0,0.0,0.0,0.0
Visual Genome,2376311,28,2,20,0,4,17,8,17,25,17,0,0,8,0.013874053000108688,0.007898551999915071,0.0,0.007898551999915071,0.008056571999986772,0.022049913000046217,Optimal,0,none,3.5896782700220755,0,13,100.0,100.0,100.0,2.0,2,2,0,0.5,1.0,0.6666666666666666,0.8921250120923783,2,2,0,0.5,1.0,0.6666666666666666,0.8921250120923783,2,2,0,0.5,1.0,0.6666666666666666,0.8921250120923783,2,2,0,0.5,1.0,0.6666666666666666,0.8921250120923783,9.346199976789649e-05,0,100.0,0,0,0,0.0,0.0,0.0,0,0,0,0.0,0.0,0.0,0,0,0,0.0,0.0,0.0,0,0,0,0.0,0.0,0.0
Visual Genome,2376313,22,0,11,0,2,2,4,2,6,5,0,0,4,0.014350606999869342,0.006497598999885668,0.0,0.006497598999885668,0.006597152999802347,0.02100104100009048,Optimal,0,none,1.5211857446034747,0,5,100.0,100.0,100.0,2.0,0,2,0,0.0,0.0,0.0,0.0,0,2,0,0.0,0.0,0.0,0.0,0,2,0,0.0,0.0,0.0,0.0,0,2,0,0.0,0.0,0.0,0.0,3.7853000321774743e-05,0,100.0,0,0,0,0.0,0.0,0.0,0,0,0,0.0,0.0,0.0,0,0,0,0.0,0.0,0.0,0,0,0,0.0,0.0,0.0
Visual Genome,2376333,24,2,44,0,3,12,6,12,18,10,0,0,6,0.013877067999601422,0.008277621000161162,0.0,0.008277621000161162,0.008411931000409822,0.022370938999756618,Optimal,0,none,2.5628041958808905,0,10,100.0,100.0,100.0,2.0,2,1,0,0.6666666666666666,1.0,0.8,0.6420651687523234,2,1,0,0.6666666666666666,1.0,0.8,0.6420651687523234,2,1,0,0.6666666666666666,1.0,0.8,0.6420651687523234,2,1,0,0.6666666666666666,1.0,0.8,0.6420651687523234,6.207099977473263e-05,0,100.0,0,0,0,0.0,0.0,0.0,0,0,0,0.0,0.0,0.0,0,0,0,0.0,0.0,0.0,0,0,0,0.0,0.0,0.0
Visual Genome,2376562,25,3,26,0,7,77,14,77,91,50,0,0,14,0.014947035000204778,0.01017489400010163,0.0,0.01017489400010163,0.0104419079998479,0.025641957000061666,Optimal,0,none,5.833025721837033,0,22,100.0,100.0,100.0,2.0,2,5,1,0.2857142857142857,0.6666666666666666,0.4,0.827644078393735,2,5,1,0.2857142857142857,0.6666666666666666,0.4,0.827644078393735,2,5,1,0.2857142857142857,0.6666666666666666,0.4,0.827644078393735,2,5,1,0.2857142857142857,0.6666666666666666,0.4,0.827644078393735,0.0002173679999941669,0,100.0,0,0,0,0.0,0.0,0.0,0,0,0,0.0,0.0,0.0,0,0,0,0.0,0.0,0.0,0,0,0,0.0,0.0,0.0
Visual Genome,2377208,28,1,25,0,3,11,6,11,17,10,0,0,6,0.016271796000182803,0.007666885000162438,0.0,0.007666885000162438,0.007796339999913471,0.024162424000223837,Optimal,0,none,2.5409275436401373,0,10,100.0,100.0,100.0,2.0,1,2,0,0.3333333333333333,1.0,0.5,0.6587808123042451,1,2,0,0.3333333333333333,1.0,0.5,0.6587808123042451,1,2,0,0.3333333333333333,1.0,0.5,0.6587808123042451,1,2,0,0.3333333333333333,1.0,0.5,0.6587808123042451,5.7624999953986844e-05,0,100.0,0,0,0,0.0,0.0,0.0,0,0,0,0.0,0.0,0.0,0,0,0,0.0,0.0,0.0,0,0,0,0.0,0.0,0.0
Visual Genome,2377681,24,1,21,0,8,109,16,109,125,65,0,0,16,0.015832203999707417,0.011308360999919387,0.0,0.011308360999919387,0.011586644000090018,0.02775864199975331,Optimal,0,none,6.891861604060166,0,25,100.0,100.0,100.0,2.0,0,8,1,0.0,0.0,0.0,0.0,0,8,1,0.0,0.0,0.0,0.0,0,8,1,0.0,0.0,0.0,0.0,0,8,1,0.0,0.0,0.0,0.0,0.00030052900001464877,0,100.0,0,0,0,0.0,0.0,0.0,0,0,0,0.0,0.0,0.0,0,0,0,0.0,0.0,0.0,0,0,0,0.0,0.0,0.0
Visual Genome,2378406,44,6,37,0,6,34,12,34,46,37,0,0,12,0.01507734500000879,0.00854869199974928,0.0,0.00854869199974928,0.008759352999732073,0.023986457000319206,Optimal,0,none,4.241435096263886,0,19,100.0,100.0,100.0,2.0,3,3,3,0.5,0.5,0.5,0.8166123155257042,3,3,3,0.5,0.5,0.5,0.8166123155257042,3,3,3,0.5,0.5,0.5,0.8166123155257042,3,3,3,0.5,0.5,0.5,0.8166123155257042,0.00012060000017299899,0,100.0,0,0,0,0.0,0.0,0.0,0,0,0,0.0,0.0,0.0,0,0,0,0.0,0.0,0.0,0,0,0,0.0,0.0,0.0
Visual Genome,2379084,18,0,28,0,3,12,6,12,18,10,0,0,6,0.014725140999871655,0.007361282999681862,0.0,0.007361282999681862,0.00750581800002692,0.022311913000066852,Optimal,0,none,2.5618163204193123,0,10,100.0,100.0,100.0,2.0,0,3,0,0.0,0.0,0.0,0.0,0,3,0,0.0,0.0,0.0,0.0,0,3,0,0.0,0.0,0.0,0.0,0,3,0,0.0,0.0,0.0,0.0,5.832800025018514e-05,0,100.0,0,0,0,0.0,0.0,0.0,0,0,0,0.0,0.0,0.0,0,0,0,0.0,0.0,0.0,0,0,0,0.0,0.0,0.0
Visual Genome,2379285,20,0,7,0,4,18,8,18,26,17,0,0,8,0.014652294000370603,0.007898409000063111,0.0,0.007898409000063111,0.00807339899984072,0.022836029000245617,Optimal,0,none,3.670406014124554,0,13,100.0,100.0,100.0,2.0,0,4,0,0.0,0.0,0.0,0.0,0,4,0,0.0,0.0,0.0,0.0,0,4,0,0.0,0.0,0.0,0.0,0,4,0,0.0,0.0,0.0,0.0,8.449000006294227e-05,0,100.0,0,0,0,0.0,0.0,0.0,0,0,0,0.0,0.0,0.0,0,0,0,0.0,0.0,0.0,0,0,0,0.0,0.0,0.0
Visual Genome,2379457,18,2,15,1,1,0,2,0,2,1,0,0,2,0.014227766000203701,0.007915061999938189,0.0,0.007915061999938189,0.007988627000031556,0.022247416000027442,Optimal,0,none,0.6069845596949259,0,2,100.0,100.0,100.0,2.0,1,0,1,1.0,0.5,0.6666666666666666,0.9644248297935641,1,0,1,1.0,0.5,0.6666666666666666,0.9644248297935641,1,0,1,1.0,0.5,0.6666666666666666,0.9644248297935641,1,0,1,1.0,0.5,0.6666666666666666,0.9644248297935641,2.2686000193061773e-05,0,100.0,0,0,1,0.0,0.0,0.0,0,0,1,0.0,0.0,0.0,0,0,1,0.0,0.0,0.0,0,0,1,0.0,0.0,0.0
Visual Genome,2379567,26,1,21,0,4,16,8,16,24,17,0,0,8,0.014459156000157236,0.007926605000193376,0.0,0.007926605000193376,0.008077185000274767,0.022639488000095298,Optimal,0,none,3.4470169703165703,0,13,100.0,100.0,100.0,2.0,1,3,0,0.25,1.0,0.4,0.9819032603496385,1,3,0,0.25,1.0,0.4,0.9819032603496385,1,3,0,0.25,1.0,0.4,0.9819032603496385,1,3,0,0.25,1.0,0.4,0.9819032603496385,7.679300006202538e-05,0,100.0,0,0,0,0.0,0.0,0.0,0,0,0,0.0,0.0,0.0,0,0,0,0.0,0.0,0.0,0,0,0,0.0,0.0,0.0
Visual Genome,2379786,22,2,23,1,2,4,4,4,8,5,0,0,4,0.015315569999984291,0.0069473889998334926,0.0,0.0069473889998334926,0.0070522999999411695,0.022426250000080472,Optimal,0,none,1.5785281451543174,0,5,100.0,100.0,100.0,2.0,2,0,0,1.0,1.0,1.0,0.9618426506064761,2,0,0,1.0,1.0,1.0,0.9618426506064761,2,0,0,1.0,1.0,1.0,0.9618426506064761,2,0,0,1.0,1.0,1.0,0.9618426506064761,4.263099981471896e-05,0,100.0,0,2,1,0.0,0.0,0.0,0,2,1,0.0,0.0,0.0,0,2,1,0.0,0.0,0.0,0,2,1,0.0,0.0,0.0
Visual Genome,2379993,19,0,20,0,5,36,10,36,46,26,0,0,10,0.015500271000291832,0.008333390000188956,0.0,0.008333390000188956,0.008517833000041719,0.024177796999993006,Optimal,0,none,4.259810038407645,0,16,100.0,100.0,100.0,2.0,0,5,0,0.0,0.0,0.0,0.0,0,5,0,0.0,0.0,0.0,0.0,0,5,0,0.0,0.0,0.0,0.0,0,5,0,0.0,0.0,0.0,0.0,0.00013297199984663166,0,100.0,0,0,0,0.0,0.0,0.0,0,0,0,0.0,0.0,0.0,0,0,0,0.0,0.0,0.0,0,0,0,0.0,0.0,0.0
Visual Genome,2380286,21,1,25,0,3,10,6,10,16,10,0,0,6,0.013903057999868906,0.006822854999882111,0.0,0.006822854999882111,0.006948299999748997,0.02092891799975405,Optimal,0,none,2.67391161441803,0,10,100.0,100.0,100.0,2.0,1,2,0,0.3333333333333333,1.0,0.5,0.7216540727958111,1,2,0,0.3333333333333333,1.0,0.5,0.7216540727958111,1,2,0,0.3333333333333333,1.0,0.5,0.7216540727958111,1,2,0,0.3333333333333333,1.0,0.5,0.7216540727958111,5.7713999922270887e-05,0,100.0,0,0,0,0.0,0.0,0.0,0,0,0,0.0,0.0,0.0,0,0,0,0.0,0.0,0.0,0,0,0,0.0,0.0,0.0
Visual Genome,2380294,28,5,44,0,10,162,20,162,182,101,0,0,20,0.015031013000225357,0.013435824000225693,0.0,0.013435824000225693,0.013753367000390426,0.029283749000114767,Optimal,0,none,8.070404768516756,0,31,100.0,100.0,100.0,2.0,5,5,0,0.5,1.0,0.6666666666666666,0.8381764773874426,5,5,0,0.5,1.0,0.6666666666666666,0.8381764773874426,5,5,0,0.5,1.0,0.6666666666666666,0.8381764773874426,5,5,0,0.5,1.0,0.6666666666666666,0.8381764773874426,0.0004515079999691807,0,100.0,0,0,0,0.0,0.0,0.0,0,0,0,0.0,0.0,0.0,0,0,0,0.0,0.0,0.0,0,0,0,0.0,0.0,0.0
Visual Genome,2380388,21,0,20,0,6,66,12,66,78,37,0,0,12,0.014634377000220411,0.009453431000110868,0.0,0.009453431000110868,0.009678248999989592,0.02451280900004349,Optimal,0,none,4.699310761813714,0,19,100.0,100.0,100.0,2.0,0,6,0,0.0,0.0,0.0,0.0,0,6,0,0.0,0.0,0.0,0.0,0,6,0,0.0,0.0,0.0,0.0,0,6,0,0.0,0.0,0.0,0.0,0.00017176099981952575,0,100.0,0,0,0,0.0,0.0,0.0,0,0,0,0.0,0.0,0.0,0,0,0,0.0,0.0,0.0,0,0,0,0.0,0.0,0.0
Visual Genome,2380673,22,0,5,0,0,0,0,0,0,0,0,0,1,0.013114968999616394,0.005069993999768485,0.0,0.005069993999768485,0.005105920000005426,0.018236099999739963,Optimal,0,none,,0,1,100.0,0.0,0.0,0.0,0,0,0,0.0,0.0,0.0,0.0,0,0,0,0.0,0.0,0.0,0.0,0,0,0,0.0,0.0,0.0,0.0,0,0,0,0.0,0.0,0.0,0.0,9.601999863662058e-06,0,100.0,0,0,0,0.0,0.0,0.0,0,0,0,0.0,0.0,0.0,0,0,0,0.0,0.0,0.0,0,0,0,0.0,0.0,0.0
Visual Genome,2380711,17,1,26,0,2,4,4,4,8,5,0,0,4,0.014220770000065386,0.006654422999872622,0.0,0.006654422999872622,0.006755919000170252,0.021030181999776687,Optimal,0,none,1.4079134376843774,0,5,100.0,100.0,100.0,2.0,1,1,0,0.5,1.0,0.6666666666666666,0.9592121428860978,1,1,0,0.5,1.0,0.6666666666666666,0.9592121428860978,1,1,0,0.5,1.0,0.6666666666666666,0.9592121428860978,1,1,0,0.5,1.0,0.6666666666666666,0.9592121428860978,3.9494000247941585e-05,0,100.0,0,0,0,0.0,0.0,0.0,0,0,0,0.0,0.0,0.0,0,0,0,0.0,0.0,0.0,0,0,0,0.0,0.0,0.0
Visual Genome,2380719,27,6,19,0,11,207,22,207,229,122,0,0,22,0.015626393999809807,0.015161656999680417,0.0,0.015161656999680417,0.015590646999953606,0.03183004399988931,Optimal,0,none,9.36569820171251,0,34,100.0,100.0,100.0,2.0,4,7,2,0.36363636363636365,0.6666666666666666,0.4705882352941177,0.7910234209233572,4,7,2,0.36363636363636365,0.6666666666666666,0.4705882352941177,0.7910234209233572,4,7,2,0.36363636363636365,0.6666666666666666,0.4705882352941177,0.7910234209233572,4,7,2,0.36363636363636365,0.6666666666666666,0.4705882352941177,0.7910234209233572,0.0005587119999290735,0,100.0,0,0,0,0.0,0.0,0.0,0,0,0,0.0,0.0,0.0,0,0,0,0.0,0.0,0.0,0,0,0,0.0,0.0,0.0
Visual Genome,2380732,32,5,39,3,9,127,18,127,145,82,0,0,18,0.016286727000078827,0.013441638999665884,0.0,0.013441638999665884,0.01384429200015802,0.030529765000210318,Optimal,0,none,7.780353612206532,0,28,100.0,100.0,100.0,2.0,3,6,2,0.3333333333333333,0.6,0.42857142857142855,0.8815305159523931,3,6,2,0.3333333333333333,0.6,0.42857142857142855,0.8815305159523931,3,6,2,0.3333333333333333,0.6,0.42857142857142855,0.8815305159523931,3,6,2,0.3333333333333333,0.6,0.42857142857142855,0.8815305159523931,0.0003543370003171731,0,100.0,0,0,3,0.0,0.0,0.0,0,0,3,0.0,0.0,0.0,0,3,3,0.0,0.0,0.0,0,3,3,0.0,0.0,0.0
Visual Genome,2380910,17,1,26,0,3,11,6,11,17,10,0,0,6,0.013578259000041726,0.007212135999907332,0.0,0.007212135999907332,0.007363883999914833,0.02101764999997613,Optimal,0,none,2.3983079515878174,0,10,100.0,100.0,100.0,2.0,1,2,0,0.3333333333333333,1.0,0.5,0.9155847540428212,1,2,0,0.3333333333333333,1.0,0.5,0.9155847540428212,1,2,0,0.3333333333333333,1.0,0.5,0.9155847540428212,1,2,0,0.3333333333333333,1.0,0.5,0.9155847540428212,5.569700033447589e-05,0,100.0,0,0,0,0.0,0.0,0.0,0,0,0,0.0,0.0,0.0,0,0,0,0.0,0.0,0.0,0,0,0,0.0,0.0,0.0
Visual Genome,2381146,24,1,34,0,4,23,8,23,31,17,0,0,8,0.016417004000231827,0.010484398000244255,0.0,0.010484398000244255,0.010725914999966335,0.02726337100011733,Optimal,0,none,3.453788248527146,0,13,100.0,100.0,100.0,2.0,1,3,0,0.25,1.0,0.4,0.94221015579727,1,3,0,0.25,1.0,0.4,0.94221015579727,1,3,0,0.25,1.0,0.4,0.94221015579727,1,3,0,0.25,1.0,0.4,0.94221015579727,9.346800015919143e-05,0,100.0,0,0,0,0.0,0.0,0.0,0,0,0,0.0,0.0,0.0,0,0,0,0.0,0.0,0.0,0,0,0,0.0,0.0,0.0
Visual Genome,2381575,10,0,27,0,1,0,2,0,2,1,0,0,2,0.014026853000359552,0.0069311530000959465,0.0,0.0069311530000959465,0.007000322999829223,0.021056481999949028,Optimal,0,none,0.5924026886622111,0,2,100.0,100.0,100.0,2.0,0,1,0,0.0,0.0,0.0,0.0,0,1,0,0.0,0.0,0.0,0.0,0,1,0,0.0,0.0,0.0,0.0,0,1,0,0.0,0.0,0.0,0.0,2.137000001312117e-05,0,100.0,0,0,0,0.0,0.0,0.0,0,0,0,0.0,0.0,0.0,0,0,0,0.0,0.0,0.0,0,0,0,0.0,0.0,0.0
Visual Genome,2381641,13,4,21,0,13,277,26,277,303,170,0,0,26,0.0160744650002016,0.018832816000212915,0.0,0.018832816000212915,0.01937729599967497,0.03621815399992556,Optimal,0,none,10.680733380244915,0,40,100.0,100.0,100.0,2.0,3,10,1,0.23076923076923078,0.75,0.3529411764705882,0.7687616785956773,3,10,1,0.23076923076923078,0.75,0.3529411764705882,0.7687616785956773,3,10,1,0.23076923076923078,0.75,0.3529411764705882,0.7687616785956773,3,10,1,0.23076923076923078,0.75,0.3529411764705882,0.7687616785956773,0.0007086359996719693,0,100.0,0,0,0,0.0,0.0,0.0,0,0,0,0.0,0.0,0.0,0,0,0,0.0,0.0,0.0,0,0,0,0.0,0.0,0.0
Visual Genome,2382289,16,0,28,0,2,2,4,2,6,5,0,0,4,0.0154819510003108,0.0073607849999461905,0.0,0.0073607849999461905,0.007471242000065104,0.02300605100026587,Optimal,0,none,1.3788528831799827,0,5,100.0,100.0,100.0,2.0,0,2,0,0.0,0.0,0.0,0.0,0,2,0,0.0,0.0,0.0,0.0,0,2,0,0.0,0.0,0.0,0.0,0,2,0,0.0,0.0,0.0,0.0,3.723700001501129e-05,0,100.0,0,0,0,0.0,0.0,0.0,0,0,0,0.0,0.0,0.0,0,0,0,0.0,0.0,0.0,0,0,0,0.0,0.0,0.0
Visual Genome,2382368,24,2,6,0,6,52,12,52,64,37,0,0,12,0.015339692999987165,0.00970465399996101,0.0,0.00970465399996101,0.009934375999819167,0.02547702299989396,Optimal,0,none,4.961906766891481,0,19,100.0,100.0,100.0,2.0,1,5,1,0.16666666666666666,0.5,0.25,0.5900527047356758,1,5,1,0.16666666666666666,0.5,0.25,0.5900527047356758,1,5,1,0.16666666666666666,0.5,0.25,0.5900527047356758,1,5,1,0.16666666666666666,0.5,0.25,0.5900527047356758,0.00016970099977697828,0,100.0,0,0,0,0.0,0.0,0.0,0,0,0,0.0,0.0,0.0,0,0,0,0.0,0.0,0.0,0,0,0,0.0,0.0,0.0
Visual Genome,2382609,23,2,36,0,13,283,26,283,309,170,0,0,26,0.017723511999975017,0.020348730000023352,0.0,0.020348730000023352,0.020912716999646364,0.03941034399986165,Optimal,0,none,10.90836806493476,0,40,100.0,100.0,100.0,2.0,1,12,1,0.07692307692307693,0.5,0.13333333333333336,0.9362432005506065,1,12,1,0.07692307692307693,0.5,0.13333333333333336,0.9362432005506065,1,12,1,0.07692307692307693,0.5,0.13333333333333336,0.9362432005506065,1,12,1,0.07692307692307693,0.5,0.13333333333333336,0.9362432005506065,0.0007104300002538366,0,100.0,0,0,0,0.0,0.0,0.0,0,0,0,0.0,0.0,0.0,0,0,0,0.0,0.0,0.0,0,0,0,0.0,0.0,0.0
Visual Genome,2382779,23,1,32,0,1,0,2,0,2,1,0,0,2,0.01505156099983651,0.006366090000028635,0.0,0.006366090000028635,0.006455615000049875,0.021550137999838626,Optimal,0,none,0.621933929125468,0,2,100.0,100.0,100.0,2.0,1,0,0,1.0,1.0,1.0,0.9366134492685653,1,0,0,1.0,1.0,1.0,0.9366134492685653,1,0,0,1.0,1.0,1.0,0.9366134492685653,1,0,0,1.0,1.0,1.0,0.9366134492685653,3.467400028966949e-05,0,100.0,0,0,0,0.0,0.0,0.0,0,0,0,0.0,0.0,0.0,0,0,0,0.0,0.0,0.0,0,0,0,0.0,0.0,0.0
Visual Genome,2382880,22,2,34,1,2,2,4,2,6,5,0,0,4,0.015470278000066173,0.007641488999979629,0.0,0.007641488999979629,0.0077423819998330146,0.02327576500010764,Optimal,0,none,1.5364444382985432,0,5,100.0,100.0,100.0,2.0,2,0,0,1.0,1.0,1.0,0.9644299972906968,2,0,0,1.0,1.0,1.0,0.9644299972906968,2,0,0,1.0,1.0,1.0,0.9644299972906968,2,0,0,1.0,1.0,1.0,0.9644299972906968,3.5104999824397964e-05,0,100.0,0,2,1,0.0,0.0,0.0,0,2,1,0.0,0.0,0.0,0,2,1,0.0,0.0,0.0,0,2,1,0.0,0.0,0.0
Visual Genome,2383143,46,3,17,1,2,2,4,2,6,5,0,0,4,0.015506262999679166,0.0068378569999367755,0.0,0.0068378569999367755,0.006939438000244991,0.022497565999856306,Optimal,0,none,1.2676314123471577,0,5,100.0,100.0,100.0,2.0,1,1,2,0.5,0.3333333333333333,0.4,0.8967788408006196,1,1,2,0.5,0.3333333333333333,0.4,0.8967788408006196,1,1,2,0.5,0.3333333333333333,0.4,0.8967788408006196,1,1,2,0.5,0.3333333333333333,0.4,0.8967788408006196,3.662599965537083e-05,0,100.0,0,0,1,0.0,0.0,0.0,0,0,1,0.0,0.0,0.0,0,0,1,0.0,0.0,0.0,0,0,1,0.0,0.0,0.0
Visual Genome,2383321,16,1,8,0,4,26,8,26,34,17,0,0,8,0.015614766999988205,0.008485050999752275,0.0,0.008485050999752275,0.008652368000184651,0.024392374999933963,Optimal,0,none,3.5203962794939687,0,13,100.0,100.0,100.0,2.0,1,3,0,0.25,1.0,0.4,0.9453517630809188,1,3,0,0.25,1.0,0.4,0.9453517630809188,1,3,0,0.25,1.0,0.4,0.9453517630809188,1,3,0,0.25,1.0,0.4,0.9453517630809188,9.938999983205576e-05,0,100.0,0,0,0,0.0,0.0,0.0,0,0,0,0.0,0.0,0.0,0,0,0,0.0,0.0,0.0,0,0,0,0.0,0.0,0.0
Visual Genome,2383979,18,2,12,0,4,22,8,22,30,17,0,0,8,0.015776832000028662,0.007372374000169657,0.0,0.007372374000169657,0.0075178829997639696,0.02353237200031799,Optimal,0,none,3.2284246293703727,0,13,100.0,100.0,100.0,2.0,1,3,1,0.25,0.5,0.3333333333333333,0.5570951727689705,1,3,1,0.25,0.5,0.3333333333333333,0.5570951727689705,1,3,1,0.25,0.5,0.3333333333333333,0.5570951727689705,1,3,1,0.25,0.5,0.3333333333333333,0.5570951727689705,0.0002074980002362281,0,100.0,0,0,0,0.0,0.0,0.0,0,0,0,0.0,0.0,0.0,0,0,0,0.0,0.0,0.0,0,0,0,0.0,0.0,0.0
Visual Genome,2383998,26,0,31,0,2,2,4,2,6,5,0,0,4,0.013662632999967173,0.007279435000327794,0.0,0.007279435000327794,0.007379707999916718,0.021091282999805117,Optimal,0,none,1.525738433202108,0,5,100.0,100.0,100.0,2.0,0,2,0,0.0,0.0,0.0,0.0,0,2,0,0.0,0.0,0.0,0.0,0,2,0,0.0,0.0,0.0,0.0,0,2,0,0.0,0.0,0.0,0.0,3.516999959174427e-05,0,100.0,0,0,0,0.0,0.0,0.0,0,0,0,0.0,0.0,0.0,0,0,0,0.0,0.0,0.0,0,0,0,0.0,0.0,0.0
Visual Genome,2384583,18,0,12,0,1,0,2,0,2,1,0,0,2,0.013540912999815191,0.006630150000091817,0.0,0.006630150000091817,0.006700281000121322,0.02027034000002459,Optimal,0,none,0.6069163719813029,0,2,100.0,100.0,100.0,2.0,0,1,0,0.0,0.0,0.0,0.0,0,1,0,0.0,0.0,0.0,0.0,0,1,0,0.0,0.0,0.0,0.0,0,1,0,0.0,0.0,0.0,0.0,2.134099986506044e-05,0,100.0,0,0,0,0.0,0.0,0.0,0,0,0,0.0,0.0,0.0,0,0,0,0.0,0.0,0.0,0,0,0,0.0,0.0,0.0
Visual Genome,2384873,21,2,29,0,3,12,6,12,18,10,0,0,6,0.014399526000033802,0.007393626000066433,0.0,0.007393626000066433,0.007542820999788091,0.022031964999769116,Optimal,0,none,2.293894689431352,0,10,100.0,100.0,100.0,2.0,0,3,2,0.0,0.0,0.0,0.6239795399151861,0,3,2,0.0,0.0,0.0,0.6239795399151861,0,3,2,0.0,0.0,0.0,0.6239795399151861,0,3,2,0.0,0.0,0.0,0.6239795399151861,6.666399985988392e-05,0,100.0,0,0,0,0.0,0.0,0.0,0,0,0,0.0,0.0,0.0,0,0,0,0.0,0.0,0.0,0,0,0,0.0,0.0,0.0
Visual Genome,2384897,18,0,22,0,4,24,8,24,32,17,0,0,8,0.014595901999655325,0.007993285999873478,0.0,0.007993285999873478,0.00815182599990294,0.022864587999720243,Optimal,0,none,3.808010106481235,0,13,100.0,100.0,100.0,2.0,0,4,0,0.0,0.0,0.0,0.0,0,4,0,0.0,0.0,0.0,0.0,0,4,0,0.0,0.0,0.0,0.0,0,4,0,0.0,0.0,0.0,0.0,9.362499986309558e-05,0,100.0,0,0,0,0.0,0.0,0.0,0,0,0,0.0,0.0,0.0,0,0,0,0.0,0.0,0.0,0,0,0,0.0,0.0,0.0
Visual Genome,2385235,25,0,33,0,0,0,0,0,0,0,0,0,1,0.013361204000375437,0.00545744700002615,0.0,0.00545744700002615,0.005496071000379743,0.01887440400014384,Optimal,0,none,,0,1,100.0,0.0,0.0,0.0,0,0,0,0.0,0.0,0.0,0.0,0,0,0,0.0,0.0,0.0,0.0,0,0,0,0.0,0.0,0.0,0.0,0,0,0,0.0,0.0,0.0,0.0,1.118199998018099e-05,0,100.0,0,0,0,0.0,0.0,0.0,0,0,0,0.0,0.0,0.0,0,0,0,0.0,0.0,0.0,0,0,0,0.0,0.0,0.0
Visual Genome,2385443,5,0,12,0,3,12,6,12,18,10,0,0,6,0.01481367299993508,0.0071541279999109975,0.0,0.0071541279999109975,0.007295429999885528,0.02219848299955629,Optimal,0,none,2.750568981170655,0,10,100.0,100.0,100.0,2.0,0,3,0,0.0,0.0,0.0,0.0,0,3,0,0.0,0.0,0.0,0.0,0,3,0,0.0,0.0,0.0,0.0,0,3,0,0.0,0.0,0.0,0.0,6.591999999727705e-05,0,100.0,0,0,0,0.0,0.0,0.0,0,0,0,0.0,0.0,0.0,0,0,0,0.0,0.0,0.0,0,0,0,0.0,0.0,0.0
Visual Genome,2386236,9,0,26,0,3,8,6,8,14,10,0,0,6,0.015609988999585767,0.009237983000275563,0.0,0.009237983000275563,0.009373673000027338,0.02506097299965404,Optimal,0,none,2.203212458743578,0,10,100.0,100.0,100.0,2.0,0,3,0,0.0,0.0,0.0,0.0,0,3,0,0.0,0.0,0.0,0.0,0,3,0,0.0,0.0,0.0,0.0,0,3,0,0.0,0.0,0.0,0.0,5.44360000276356e-05,0,100.0,0,0,0,0.0,0.0,0.0,0,0,0,0.0,0.0,0.0,0,0,0,0.0,0.0,0.0,0,0,0,0.0,0.0,0.0
Visual Genome,2386409,21,0,18,0,1,0,2,0,2,1,0,0,2,0.014810260000103881,0.006376638999881834,0.0,0.006376638999881834,0.006446744999720977,0.0212861680001879,Optimal,0,none,0.621640960375468,0,2,100.0,100.0,100.0,2.0,0,1,0,0.0,0.0,0.0,0.0,0,1,0,0.0,0.0,0.0,0.0,0,1,0,0.0,0.0,0.0,0.0,0,1,0,0.0,0.0,0.0,0.0,2.1117999949638033e-05,0,100.0,0,0,0,0.0,0.0,0.0,0,0,0,0.0,0.0,0.0,0,0,0,0.0,0.0,0.0,0,0,0,0.0,0.0,0.0
Visual Genome,2386658,24,0,18,0,1,0,2,0,2,1,0,0,2,0.013325825999800145,0.0061804930001017055,0.0,0.0061804930001017055,0.006250426999940828,0.01960490499959633,Optimal,0,none,0.6265020291010539,0,2,100.0,100.0,100.0,2.0,0,1,0,0.0,0.0,0.0,0.0,0,1,0,0.0,0.0,0.0,0.0,0,1,0,0.0,0.0,0.0,0.0,0,1,0,0.0,0.0,0.0,0.0,2.0961000245733885e-05,0,100.0,0,0,0,0.0,0.0,0.0,0,0,0,0.0,0.0,0.0,0,0,0,0.0,0.0,0.0,0,0,0,0.0,0.0,0.0
Visual Genome,2386697,22,0,37,0,1,0,2,0,2,1,0,0,2,0.013396313000157534,0.007574526000098558,0.0,0.007574526000098558,0.007652781999695435,0.021081118999973114,Optimal,0,none,0.6049474636713663,0,2,100.0,100.0,100.0,2.0,0,1,0,0.0,0.0,0.0,0.0,0,1,0,0.0,0.0,0.0,0.0,0,1,0,0.0,0.0,0.0,0.0,0,1,0,0.0,0.0,0.0,0.0,2.3121000140235992e-05,0,100.0,0,0,0,0.0,0.0,0.0,0,0,0,0.0,0.0,0.0,0,0,0,0.0,0.0,0.0,0,0,0,0.0,0.0,0.0
Visual Genome,2387359,44,0,38,0,8,110,16,110,126,65,0,0,16,0.014874797000175022,0.011374030000297353,0.0,0.011374030000297353,0.01167443300028026,0.02689184100017883,Optimal,0,none,6.594341915448509,0,25,100.0,100.0,100.0,2.0,0,8,0,0.0,0.0,0.0,0.0,0,8,0,0.0,0.0,0.0,0.0,0,8,0,0.0,0.0,0.0,0.0,0,8,0,0.0,0.0,0.0,0.0,0.0003034880000996054,0,100.0,0,0,0,0.0,0.0,0.0,0,0,0,0.0,0.0,0.0,0,0,0,0.0,0.0,0.0,0,0,0,0.0,0.0,0.0
Visual Genome,2387380,30,0,36,0,1,0,2,0,2,1,0,0,2,0.013411145000191027,0.006353310000122292,0.0,0.006353310000122292,0.006421148999834259,0.01986036000016611,Optimal,0,none,0.6316531340281168,0,2,100.0,100.0,100.0,2.0,0,1,0,0.0,0.0,0.0,0.0,0,1,0,0.0,0.0,0.0,0.0,0,1,0,0.0,0.0,0.0,0.0,0,1,0,0.0,0.0,0.0,0.0,2.0542000129353255e-05,0,100.0,0,0,0,0.0,0.0,0.0,0,0,0,0.0,0.0,0.0,0,0,0,0.0,0.0,0.0,0,0,0,0.0,0.0,0.0
Visual Genome,2387453,11,1,4,0,10,170,20,170,190,101,0,0,20,0.016157586999725027,0.015630688999863196,0.0,0.015630688999863196,0.01604970600010347,0.03278705100001389,Optimal,0,none,8.792570515245602,0,31,100.0,100.0,100.0,2.0,1,9,0,0.1,1.0,0.18181818181818182,0.9271578025397303,1,9,0,0.1,1.0,0.18181818181818182,0.9271578025397303,1,9,0,0.1,1.0,0.18181818181818182,0.9271578025397303,1,9,0,0.1,1.0,0.18181818181818182,0.9271578025397303,0.0005178730002626253,0,100.0,0,0,0,0.0,0.0,0.0,0,0,0,0.0,0.0,0.0,0,0,0,0.0,0.0,0.0,0,0,0,0.0,0.0,0.0
Visual Genome,2387511,27,2,13,0,1,0,2,0,2,1,0,0,2,0.013806152000142902,0.006706010000016249,0.0,0.006706010000016249,0.006779987999834702,0.020616163999875425,Optimal,0,none,0.6414102474848429,0,2,100.0,100.0,100.0,2.0,1,0,1,1.0,0.5,0.6666666666666666,0.9480294866598885,1,0,1,1.0,0.5,0.6666666666666666,0.9480294866598885,1,0,1,1.0,0.5,0.6666666666666666,0.9480294866598885,1,0,1,1.0,0.5,0.6666666666666666,0.9480294866598885,2.2104999970906647e-05,0,100.0,0,0,0,0.0,0.0,0.0,0,0,0,0.0,0.0,0.0,0,0,0,0.0,0.0,0.0,0,0,0,0.0,0.0,0.0
Visual Genome,2388051,21,2,14,0,3,8,6,8,14,10,0,0,6,0.015214356999877054,0.007206199999927776,0.0,0.007206199999927776,0.0073364820000279,0.022639532999619405,Optimal,0,none,2.4113866223118774,0,10,100.0,100.0,100.0,2.0,2,1,0,0.6666666666666666,1.0,0.8,0.6772746660054639,2,1,0,0.6666666666666666,1.0,0.8,0.6772746660054639,2,1,0,0.6666666666666666,1.0,0.8,0.6772746660054639,2,1,0,0.6666666666666666,1.0,0.8,0.6772746660054639,5.3997000122762984e-05,0,100.0,0,0,0,0.0,0.0,0.0,0,0,0,0.0,0.0,0.0,0,0,0,0.0,0.0,0.0,0,0,0,0.0,0.0,0.0
Visual Genome,2388069,25,1,27,0,3,10,6,10,16,10,0,0,6,0.0125439120001829,0.006820965000315482,0.0,0.006820965000315482,0.006951460999971459,0.01957847199992102,Optimal,0,none,2.4880364966392525,0,10,100.0,100.0,100.0,2.0,0,3,1,0.0,0.0,0.0,0.0,0,3,1,0.0,0.0,0.0,0.0,0,3,1,0.0,0.0,0.0,0.0,0,3,1,0.0,0.0,0.0,0.0,6.142900019767694e-05,0,100.0,0,0,0,0.0,0.0,0.0,0,0,0,0.0,0.0,0.0,0,0,0,0.0,0.0,0.0,0,0,0,0.0,0.0,0.0
Visual Genome,2388190,11,2,9,0,5,38,10,38,48,26,0,0,10,0.01447587199982081,0.008968489000380941,0.0,0.008968489000380941,0.009152733000064472,0.023776390999955765,Optimal,0,none,4.101579666932425,0,16,100.0,100.0,100.0,2.0,1,4,1,0.2,0.5,0.28571428571428575,0.9104290135329718,1,4,1,0.2,0.5,0.28571428571428575,0.9104290135329718,1,4,1,0.2,0.5,0.28571428571428575,0.9104290135329718,1,4,1,0.2,0.5,0.28571428571428575,0.9104290135329718,0.00012071599985574721,0,100.0,0,0,0,0.0,0.0,0.0,0,0,0,0.0,0.0,0.0,0,0,0,0.0,0.0,0.0,0,0,0,0.0,0.0,0.0
Visual Genome,2388367,19,1,11,0,5,43,10,43,53,26,0,0,10,0.016709733999960008,0.009521251000023767,0.0,0.009521251000023767,0.009732869999879767,0.026618221999797242,Optimal,0,none,4.118728143534977,0,16,100.0,100.0,100.0,2.0,1,4,0,0.2,1.0,0.33333333333333337,0.8776213506291872,1,4,0,0.2,1.0,0.33333333333333337,0.8776213506291872,1,4,0,0.2,1.0,0.33333333333333337,0.8776213506291872,1,4,0,0.2,1.0,0.33333333333333337,0.8776213506291872,0.0001457829998798843,0,100.0,0,0,0,0.0,0.0,0.0,0,0,0,0.0,0.0,0.0,0,0,0,0.0,0.0,0.0,0,0,0,0.0,0.0,0.0
Visual Genome,2388946,18,2,13,0,4,21,8,21,29,17,0,0,8,0.014567283000360476,0.007707357000072079,0.0,0.007707357000072079,0.007869563999975071,0.022553206000338832,Optimal,0,none,3.3315881101290397,0,13,100.0,100.0,100.0,2.0,2,2,0,0.5,1.0,0.6666666666666666,0.6703326216018306,2,2,0,0.5,1.0,0.6666666666666666,0.6703326216018306,2,2,0,0.5,1.0,0.6666666666666666,0.6703326216018306,2,2,0,0.5,1.0,0.6666666666666666,0.6703326216018306,9.051799997905619e-05,0,100.0,0,0,0,0.0,0.0,0.0,0,0,0,0.0,0.0,0.0,0,0,0,0.0,0.0,0.0,0,0,0,0.0,0.0,0.0
Visual Genome,2389025,2,0,1,0,30,1671,60,1671,1731,901,0,0,60,0.023790861999714252,0.07263915700013968,0.0,0.07263915700013968,0.0743365499997708,0.10182790099997874,Optimal,0,none,24.157793785745238,0,91,100.0,100.0,100.0,2.0,0,30,0,0.0,0.0,0.0,0.0,0,30,0,0.0,0.0,0.0,0.0,0,30,0,0.0,0.0,0.0,0.0,0,30,0,0.0,0.0,0.0,0.0,0.0035733969998545945,0,100.0,0,0,0,0.0,0.0,0.0,0,0,0,0.0,0.0,0.0,0,0,0,0.0,0.0,0.0,0,0,0,0.0,0.0,0.0
Visual Genome,2389145,36,6,38,1,8,108,16,108,124,65,0,0,16,0.015317762999984552,0.011277975000211882,0.0,0.011277975000211882,0.011533541000062542,0.027131256000302528,Optimal,0,none,6.644140249093375,0,25,100.0,100.0,100.0,2.0,4,4,2,0.5,0.6666666666666666,0.5714285714285715,0.7307540873696319,4,4,2,0.5,0.6666666666666666,0.5714285714285715,0.7307540873696319,4,4,2,0.5,0.6666666666666666,0.5714285714285715,0.7307540873696319,4,4,2,0.5,0.6666666666666666,0.5714285714285715,0.7307540873696319,0.00024768800039964844,0,100.0,0,1,1,0.0,0.0,0.0,0,2,1,0.0,0.0,0.0,0,3,1,0.0,0.0,0.0,0,3,1,0.0,0.0,0.0
Visual Genome,2389222,14,0,6,0,2,4,4,4,8,5,0,0,4,0.014313552000203345,0.006955875000130618,0.0,0.006955875000130618,0.007053678999909607,0.021416907999991963,Optimal,0,none,1.5069041045506797,0,5,100.0,100.0,100.0,2.0,0,2,0,0.0,0.0,0.0,0.0,0,2,0,0.0,0.0,0.0,0.0,0,2,0,0.0,0.0,0.0,0.0,0,2,0,0.0,0.0,0.0,0.0,3.725099986695568e-05,0,100.0,0,0,0,0.0,0.0,0.0,0,0,0,0.0,0.0,0.0,0,0,0,0.0,0.0,0.0,0,0,0,0.0,0.0,0.0
Visual Genome,2389596,21,0,26,0,2,6,4,6,10,5,0,0,4,0.015677159000006213,0.008096418000150152,0.0,0.008096418000150152,0.008214708999730647,0.02396091799982969,Optimal,0,none,1.5683644088109339,0,5,100.0,100.0,100.0,2.0,0,2,0,0.0,0.0,0.0,0.0,0,2,0,0.0,0.0,0.0,0.0,0,2,0,0.0,0.0,0.0,0.0,0,2,0,0.0,0.0,0.0,0.0,5.356400015443796e-05,0,100.0,0,0,0,0.0,0.0,0.0,0,0,0,0.0,0.0,0.0,0,0,0,0.0,0.0,0.0,0,0,0,0.0,0.0,0.0
Visual Genome,2390045,12,1,7,0,4,23,8,23,31,17,0,0,8,0.014448593000452092,0.010061618000236194,0.0,0.010061618000236194,0.010219688000233873,0.024788601000182098,Optimal,0,none,3.42941322485606,0,13,100.0,100.0,100.0,2.0,1,3,0,0.25,1.0,0.4,0.9443840321725907,1,3,0,0.25,1.0,0.4,0.9443840321725907,1,3,0,0.25,1.0,0.4,0.9443840321725907,1,3,0,0.25,1.0,0.4,0.9443840321725907,9.480199969402747e-05,0,100.0,0,0,0,0.0,0.0,0.0,0,0,0,0.0,0.0,0.0,0,0,0,0.0,0.0,0.0,0,0,0,0.0,0.0,0.0
Visual Genome,2390293,23,1,14,0,2,4,4,4,8,5,0,0,4,0.014034388999789371,0.006934119000106875,0.0,0.006934119000106875,0.0070382190001510025,0.021131112999682955,Optimal,0,none,1.5290918620427454,0,5,100.0,100.0,100.0,2.0,1,1,0,0.5,1.0,0.6666666666666666,0.9538427338742848,1,1,0,0.5,1.0,0.6666666666666666,0.9538427338742848,1,1,0,0.5,1.0,0.6666666666666666,0.9538427338742848,1,1,0,0.5,1.0,0.6666666666666666,0.9538427338742848,4.3369000195525587e-05,0,100.0,0,0,0,0.0,0.0,0.0,0,0,0,0.0,0.0,0.0,0,0,0,0.0,0.0,0.0,0,0,0,0.0,0.0,0.0
Visual Genome,2390699,27,2,2,0,8,102,16,102,118,65,0,0,16,0.01343483800019385,0.010409044999960315,0.0,0.010409044999960315,0.010660557999926823,0.02438065500018638,Optimal,0,none,7.278147247246076,0,25,100.0,100.0,100.0,2.0,2,6,0,0.25,1.0,0.4,0.9170420031123248,2,6,0,0.25,1.0,0.4,0.9170420031123248,2,6,0,0.25,1.0,0.4,0.9170420031123248,2,6,0,0.25,1.0,0.4,0.9170420031123248,0.0002495400003681425,0,100.0,0,0,0,0.0,0.0,0.0,0,0,0,0.0,0.0,0.0,0,0,0,0.0,0.0,0.0,0,0,0,0.0,0.0,0.0
Visual Genome,2391028,29,0,16,0,3,14,6,14,20,10,0,0,6,0.015071573000113858,0.007157563999953709,0.0,0.007157563999953709,0.00729531999968458,0.02246910600024421,Optimal,0,none,2.417169711589814,0,10,100.0,100.0,100.0,2.0,0,3,0,0.0,0.0,0.0,0.0,0,3,0,0.0,0.0,0.0,0.0,0,3,0,0.0,0.0,0.0,0.0,0,3,0,0.0,0.0,0.0,0.0,8.189899972421699e-05,0,100.0,0,0,0,0.0,0.0,0.0,0,0,0,0.0,0.0,0.0,0,0,0,0.0,0.0,0.0,0,0,0,0.0,0.0,0.0
Visual Genome,2391050,12,1,2,0,14,306,28,306,334,197,0,0,28,0.016371790999983205,0.018249679999826185,0.0,0.018249679999826185,0.018736757999704423,0.03586881000001085,Optimal,0,none,11.533840050951403,0,43,100.0,100.0,100.0,2.0,1,13,0,0.07142857142857142,1.0,0.13333333333333333,0.7493429973622909,1,13,0,0.07142857142857142,1.0,0.13333333333333333,0.7493429973622909,1,13,0,0.07142857142857142,1.0,0.13333333333333333,0.7493429973622909,1,13,0,0.07142857142857142,1.0,0.13333333333333333,0.7493429973622909,0.000701304999893182,0,100.0,0,0,0,0.0,0.0,0.0,0,0,0,0.0,0.0,0.0,0,0,0,0.0,0.0,0.0,0,0,0,0.0,0.0,0.0
Visual Genome,2392484,4,0,13,0,4,20,8,20,28,17,0,0,8,0.013685892000012245,0.0077580820002367545,0.0,0.0077580820002367545,0.007910502999948221,0.021698947999993834,Optimal,0,none,3.5964749112637744,0,13,100.0,100.0,100.0,2.0,0,4,0,0.0,0.0,0.0,0.0,0,4,0,0.0,0.0,0.0,0.0,0,4,0,0.0,0.0,0.0,0.0,0,4,0,0.0,0.0,0.0,0.0,8.023100008358597e-05,0,100.0,0,0,0,0.0,0.0,0.0,0,0,0,0.0,0.0,0.0,0,0,0,0.0,0.0,0.0,0,0,0,0.0,0.0,0.0
Visual Genome,2392623,14,0,20,0,2,2,4,2,6,5,0,0,4,0.013396061999628728,0.006710112999826379,0.0,0.006710112999826379,0.006822210000336781,0.020263717999569053,Optimal,0,none,1.3860303290685017,0,5,100.0,100.0,100.0,2.0,0,2,0,0.0,0.0,0.0,0.0,0,2,0,0.0,0.0,0.0,0.0,0,2,0,0.0,0.0,0.0,0.0,0,2,0,0.0,0.0,0.0,0.0,3.233799998270115e-05,0,100.0,0,0,0,0.0,0.0,0.0,0,0,0,0.0,0.0,0.0,0,0,0,0.0,0.0,0.0,0,0,0,0.0,0.0,0.0
Visual Genome,2393640,14,0,27,0,1,0,2,0,2,1,0,0,2,0.013131725999755872,0.006849733999843011,0.0,0.006849733999843011,0.006921455000338028,0.020083736999822577,Optimal,0,none,0.5941985766092936,0,2,100.0,100.0,100.0,2.0,0,1,0,0.0,0.0,0.0,0.0,0,1,0,0.0,0.0,0.0,0.0,0,1,0,0.0,0.0,0.0,0.0,0,1,0,0.0,0.0,0.0,0.0,2.261300005557132e-05,0,100.0,0,0,0,0.0,0.0,0.0,0,0,0,0.0,0.0,0.0,0,0,0,0.0,0.0,0.0,0,0,0,0.0,0.0,0.0
Visual Genome,2393968,39,1,79,0,1,0,2,0,2,1,0,0,2,0.015586588000132906,0.006384780999724171,0.0,0.006384780999724171,0.006454007000229467,0.022068836000016745,Optimal,0,none,0.45129539171854655,0,2,100.0,100.0,100.0,2.0,0,1,1,0.0,0.0,0.0,0.0,0,1,1,0.0,0.0,0.0,0.0,0,1,1,0.0,0.0,0.0,0.0,0,1,1,0.0,0.0,0.0,0.0,2.0778000362042803e-05,0,100.0,0,0,0,0.0,0.0,0.0,0,0,0,0.0,0.0,0.0,0,0,0,0.0,0.0,0.0,0,0,0,0.0,0.0,0.0
Visual Genome,2394145,40,1,44,0,2,4,4,4,8,5,0,0,4,0.014152534999993804,0.0064340099997934885,0.0,0.0064340099997934885,0.006538707999879989,0.020756780999818147,Optimal,0,none,1.4575288565953577,0,5,100.0,100.0,100.0,2.0,0,2,1,0.0,0.0,0.0,0.0,0,2,1,0.0,0.0,0.0,0.0,0,2,1,0.0,0.0,0.0,0.0,0,2,1,0.0,0.0,0.0,0.0,5.073500005892129e-05,0,100.0,0,0,0,0.0,0.0,0.0,0,0,0,0.0,0.0,0.0,0,0,0,0.0,0.0,0.0,0,0,0,0.0,0.0,0.0
Visual Genome,2394523,16,0,28,0,1,0,2,0,2,1,0,0,2,0.013880016000257456,0.007355126999755157,0.0,0.007355126999755157,0.00743712899975435,0.021345440999994025,Optimal,0,none,0.6502946535746257,0,2,100.0,100.0,100.0,2.0,0,1,0,0.0,0.0,0.0,0.0,0,1,0,0.0,0.0,0.0,0.0,0,1,0,0.0,0.0,0.0,0.0,0,1,0,0.0,0.0,0.0,0.0,2.0769999991898658e-05,0,100.0,0,0,0,0.0,0.0,0.0,0,0,0,0.0,0.0,0.0,0,0,0,0.0,0.0,0.0,0,0,0,0.0,0.0,0.0
Visual Genome,2395092,29,3,48,0,8,100,16,100,116,65,0,0,16,0.015872680000029504,0.011908041999959096,0.0,0.011908041999959096,0.01226104800025496,0.028455536999899778,Optimal,0,none,6.918275621732079,0,25,100.0,100.0,100.0,2.0,2,6,1,0.25,0.6666666666666666,0.36363636363636365,0.7754447371587372,2,6,1,0.25,0.6666666666666666,0.36363636363636365,0.7754447371587372,2,6,1,0.25,0.6666666666666666,0.36363636363636365,0.7754447371587372,2,6,1,0.25,0.6666666666666666,0.36363636363636365,0.7754447371587372,0.0002788159999909112,0,100.0,0,0,0,0.0,0.0,0.0,0,0,0,0.0,0.0,0.0,0,0,0,0.0,0.0,0.0,0,0,0,0.0,0.0,0.0
Visual Genome,2395198,10,0,20,0,0,0,0,0,0,0,0,0,1,0.0119591429997854,0.0054435120000562165,0.0,0.0054435120000562165,0.005480327999975998,0.01745407399994292,Optimal,0,none,,0,1,100.0,0.0,0.0,0.0,0,0,0,0.0,0.0,0.0,0.0,0,0,0,0.0,0.0,0.0,0.0,0,0,0,0.0,0.0,0.0,0.0,0,0,0,0.0,0.0,0.0,0.0,9.683000371296657e-06,0,100.0,0,0,0,0.0,0.0,0.0,0,0,0,0.0,0.0,0.0,0,0,0,0.0,0.0,0.0,0,0,0,0.0,0.0,0.0
Visual Genome,2395697,6,0,4,0,4,21,8,21,29,17,0,0,8,0.014452701999744022,0.007833845000277506,0.0,0.007833845000277506,0.007978792000358226,0.022530061999987083,Optimal,0,none,3.6482866921911943,0,13,100.0,100.0,100.0,2.0,0,4,0,0.0,0.0,0.0,0.0,0,4,0,0.0,0.0,0.0,0.0,0,4,0,0.0,0.0,0.0,0.0,0,4,0,0.0,0.0,0.0,0.0,7.638299985046615e-05,0,100.0,0,0,0,0.0,0.0,0.0,0,0,0,0.0,0.0,0.0,0,0,0,0.0,0.0,0.0,0,0,0,0.0,0.0,0.0
Visual Genome,2395770,16,0,8,0,2,4,4,4,8,5,0,0,4,0.01528833600013968,0.006482602000232873,0.0,0.006482602000232873,0.00659840800017264,0.021940095999980258,Optimal,0,none,1.370866456826528,0,5,100.0,100.0,100.0,2.0,0,2,0,0.0,0.0,0.0,0.0,0,2,0,0.0,0.0,0.0,0.0,0,2,0,0.0,0.0,0.0,0.0,0,2,0,0.0,0.0,0.0,0.0,3.958200022680103e-05,0,100.0,0,0,0,0.0,0.0,0.0,0,0,0,0.0,0.0,0.0,0,0,0,0.0,0.0,0.0,0,0,0,0.0,0.0,0.0
Visual Genome,2395864,23,0,15,0,3,10,6,10,16,10,0,0,6,0.013817292000112502,0.007159914999647299,0.0,0.007159914999647299,0.0072836220001590846,0.021204344000125275,Optimal,0,none,2.708591074943543,0,10,100.0,100.0,100.0,2.0,0,3,0,0.0,0.0,0.0,0.0,0,3,0,0.0,0.0,0.0,0.0,0,3,0,0.0,0.0,0.0,0.0,0,3,0,0.0,0.0,0.0,0.0,8.254200020019198e-05,0,100.0,0,0,0,0.0,0.0,0.0,0,0,0,0.0,0.0,0.0,0,0,0,0.0,0.0,0.0,0,0,0,0.0,0.0,0.0
Visual Genome,2396008,21,0,21,0,3,10,6,10,16,10,0,0,6,0.016496717000336503,0.007705702999828645,0.0,0.007705702999828645,0.007855951999772515,0.024441154000214738,Optimal,0,none,2.278009399491381,0,10,100.0,100.0,100.0,2.0,0,3,0,0.0,0.0,0.0,0.0,0,3,0,0.0,0.0,0.0,0.0,0,3,0,0.0,0.0,0.0,0.0,0,3,0,0.0,0.0,0.0,0.0,6.834299983893288e-05,0,100.0,0,0,0,0.0,0.0,0.0,0,0,0,0.0,0.0,0.0,0,0,0,0.0,0.0,0.0,0,0,0,0.0,0.0,0.0
Visual Genome,2396300,49,2,59,1,2,4,4,4,8,5,0,0,4,0.013647814000250946,0.0067064189997836365,0.0,0.0067064189997836365,0.006802583000080631,0.02051994100020238,Optimal,0,none,1.3467780621846517,0,5,100.0,100.0,100.0,2.0,1,1,1,0.5,0.5,0.5,0.9101042150971752,1,1,1,0.5,0.5,0.5,0.9101042150971752,1,1,1,0.5,0.5,0.5,0.9101042150971752,1,1,1,0.5,0.5,0.5,0.9101042150971752,5.5759999668225646e-05,0,100.0,0,0,1,0.0,0.0,0.0,0,0,1,0.0,0.0,0.0,0,0,1,0.0,0.0,0.0,0,0,1,0.0,0.0,0.0
Visual Genome,2396794,12,0,17,0,0,0,0,0,0,0,0,0,1,0.011316637999698287,0.005147458000010374,0.0,0.005147458000010374,0.005186259999845788,0.016517554000074597,Optimal,0,none,,0,1,100.0,0.0,0.0,0.0,0,0,0,0.0,0.0,0.0,0.0,0,0,0,0.0,0.0,0.0,0.0,0,0,0,0.0,0.0,0.0,0.0,0,0,0,0.0,0.0,0.0,0.0,9.536000106891152e-06,0,100.0,0,0,0,0.0,0.0,0.0,0,0,0,0.0,0.0,0.0,0,0,0,0.0,0.0,0.0,0,0,0,0.0,0.0,0.0
Visual Genome,2397054,31,0,58,0,11,204,22,204,226,122,0,0,22,0.015603885000018636,0.014811919999829115,0.0,0.014811919999829115,0.015270633999989514,0.03144417399971644,Optimal,0,none,9.240498074039678,0,34,100.0,100.0,100.0,2.0,0,11,0,0.0,0.0,0.0,0.0,0,11,0,0.0,0.0,0.0,0.0,0,11,0,0.0,0.0,0.0,0.0,0,11,0,0.0,0.0,0.0,0.0,0.0005154089999450662,0,100.0,0,0,0,0.0,0.0,0.0,0,0,0,0.0,0.0,0.0,0,0,0,0.0,0.0,0.0,0,0,0,0.0,0.0,0.0
Visual Genome,2397354,5,2,1,0,2,2,4,2,6,5,0,0,4,0.0146691780000765,0.007662916000299447,0.0,0.007662916000299447,0.007802203000210284,0.022541933999946195,Optimal,0,none,1.4537658103307087,0,5,100.0,100.0,100.0,2.0,1,1,1,0.5,0.5,0.5,0.875618698865749,1,1,1,0.5,0.5,0.5,0.875618698865749,1,1,1,0.5,0.5,0.5,0.875618698865749,1,1,1,0.5,0.5,0.5,0.875618698865749,5.1280999741720734e-05,0,100.0,0,0,0,0.0,0.0,0.0,0,0,0,0.0,0.0,0.0,0,0,0,0.0,0.0,0.0,0,0,0,0.0,0.0,0.0
Visual Genome,2397355,26,1,34,0,2,4,4,4,8,5,0,0,4,0.014383884999915608,0.006694342999708169,0.0,0.006694342999708169,0.006797213000027114,0.021287947000018903,Optimal,0,none,1.4436279328664146,0,5,100.0,100.0,100.0,2.0,0,2,1,0.0,0.0,0.0,0.0,0,2,1,0.0,0.0,0.0,0.0,0,2,1,0.0,0.0,0.0,0.0,0,2,1,0.0,0.0,0.0,0.0,8.132299990393221e-05,0,100.0,0,0,0,0.0,0.0,0.0,0,0,0,0.0,0.0,0.0,0,0,0,0.0,0.0,0.0,0,0,0,0.0,0.0,0.0
Visual Genome,2397722,20,0,14,0,2,4,4,4,8,5,0,0,4,0.013476583000283426,0.006865077999918867,0.0,0.006865077999918867,0.00696410900036426,0.02049273800002993,Optimal,0,none,1.4130027087529502,0,5,100.0,100.0,100.0,2.0,0,2,0,0.0,0.0,0.0,0.0,0,2,0,0.0,0.0,0.0,0.0,0,2,0,0.0,0.0,0.0,0.0,0,2,0,0.0,0.0,0.0,0.0,3.819399989879457e-05,0,100.0,0,0,0,0.0,0.0,0.0,0,0,0,0.0,0.0,0.0,0,0,0,0.0,0.0,0.0,0,0,0,0.0,0.0,0.0
Visual Genome,2397905,27,2,24,0,7,73,14,73,87,50,0,0,14,0.014669810000214056,0.009970697999960976,0.0,0.009970697999960976,0.010216013999979623,0.02514429300026677,Optimal,0,none,5.3801194016138725,0,22,100.0,100.0,100.0,2.0,1,6,1,0.14285714285714285,0.5,0.22222222222222224,0.7842495849588886,1,6,1,0.14285714285714285,0.5,0.22222222222222224,0.7842495849588886,1,6,1,0.14285714285714285,0.5,0.22222222222222224,0.7842495849588886,1,6,1,0.14285714285714285,0.5,0.22222222222222224,0.7842495849588886,0.00022639399958279682,0,100.0,0,0,0,0.0,0.0,0.0,0,0,0,0.0,0.0,0.0,0,0,0,0.0,0.0,0.0,0,0,0,0.0,0.0,0.0
Visual Genome,2398185,19,0,20,0,1,0,2,0,2,1,0,0,2,0.01239629400015474,0.006021454999881826,0.0,0.006021454999881826,0.006091868999646977,0.01851667399978396,Optimal,0,none,0.5982215801874797,0,2,100.0,100.0,100.0,2.0,0,1,0,0.0,0.0,0.0,0.0,0,1,0,0.0,0.0,0.0,0.0,0,1,0,0.0,0.0,0.0,0.0,0,1,0,0.0,0.0,0.0,0.0,2.0824999864998972e-05,0,100.0,0,0,0,0.0,0.0,0.0,0,0,0,0.0,0.0,0.0,0,0,0,0.0,0.0,0.0,0,0,0,0.0,0.0,0.0
Visual Genome,2398459,23,0,37,0,2,2,4,2,6,5,0,0,4,0.013710913000068103,0.006342034999761381,0.0,0.006342034999761381,0.006448547999752918,0.020212233000165725,Optimal,0,none,1.493108738263448,0,5,100.0,100.0,100.0,2.0,0,2,0,0.0,0.0,0.0,0.0,0,2,0,0.0,0.0,0.0,0.0,0,2,0,0.0,0.0,0.0,0.0,0,2,0,0.0,0.0,0.0,0.0,3.725800024767523e-05,0,100.0,0,0,0,0.0,0.0,0.0,0,0,0,0.0,0.0,0.0,0,0,0,0.0,0.0,0.0,0,0,0,0.0,0.0,0.0
Visual Genome,2398695,17,1,41,1,1,0,2,0,2,1,0,0,2,0.016635414000120363,0.006557747999977437,0.0,0.006557747999977437,0.006627823000144417,0.023293878999993467,Optimal,0,none,0.5396812121073404,0,2,100.0,100.0,100.0,2.0,1,0,0,1.0,1.0,1.0,0.7770374389683273,1,0,0,1.0,1.0,1.0,0.7770374389683273,1,0,0,1.0,1.0,1.0,0.7770374389683273,1,0,0,1.0,1.0,1.0,0.7770374389683273,2.1965000087220687e-05,0,100.0,0,0,1,0.0,0.0,0.0,0,0,1,0.0,0.0,0.0,0,0,1,0.0,0.0,0.0,0,0,1,0.0,0.0,0.0
Visual Genome,2398805,15,0,23,0,8,102,16,102,118,65,0,0,16,0.014993617000072845,0.011287604999779433,0.0,0.011287604999779433,0.01155834600012895,0.026858633999836456,Optimal,0,none,7.0613372262318945,0,25,100.0,100.0,100.0,2.0,0,8,0,0.0,0.0,0.0,0.0,0,8,0,0.0,0.0,0.0,0.0,0,8,0,0.0,0.0,0.0,0.0,0,8,0,0.0,0.0,0.0,0.0,0.0002579429997240368,0,100.0,0,0,0,0.0,0.0,0.0,0,0,0,0.0,0.0,0.0,0,0,0,0.0,0.0,0.0,0,0,0,0.0,0.0,0.0
Visual Genome,2399024,26,1,17,0,22,831,44,831,875,485,0,0,44,0.01740020999977787,0.038727828999981284,0.0,0.038727828999981284,0.0397127759997602,0.05907565199959208,Optimal,0,none,18.274394483947958,0,67,100.0,100.0,100.0,2.0,1,21,0,0.045454545454545456,1.0,0.08695652173913045,0.8973843619759786,1,21,0,0.045454545454545456,1.0,0.08695652173913045,0.8973843619759786,1,21,0,0.045454545454545456,1.0,0.08695652173913045,0.8973843619759786,1,21,0,0.045454545454545456,1.0,0.08695652173913045,0.8973843619759786,0.0018735839998953452,0,100.0,0,0,0,0.0,0.0,0.0,0,0,0,0.0,0.0,0.0,0,0,0,0.0,0.0,0.0,0,0,0,0.0,0.0,0.0
Visual Genome,2399108,20,0,7,0,1,0,2,0,2,1,0,0,2,0.014807780999944953,0.00688611600025979,0.0,0.00688611600025979,0.006961572999898635,0.021800967000217497,Optimal,0,none,0.6203032414118449,0,2,100.0,100.0,100.0,2.0,0,1,0,0.0,0.0,0.0,0.0,0,1,0,0.0,0.0,0.0,0.0,0,1,0,0.0,0.0,0.0,0.0,0,1,0,0.0,0.0,0.0,0.0,2.346400015085237e-05,0,100.0,0,0,0,0.0,0.0,0.0,0,0,0,0.0,0.0,0.0,0,0,0,0.0,0.0,0.0,0,0,0,0.0,0.0,0.0
Visual Genome,2400148,20,0,8,0,9,125,18,125,143,82,0,0,18,0.015062198999657994,0.013013927999963926,0.0,0.013013927999963926,0.013303673999871535,0.02869888799978071,Optimal,0,none,8.294997451252923,0,28,100.0,100.0,100.0,2.0,0,9,0,0.0,0.0,0.0,0.0,0,9,0,0.0,0.0,0.0,0.0,0,9,0,0.0,0.0,0.0,0.0,0,9,0,0.0,0.0,0.0,0.0,0.0002940039998975408,0,100.0,0,0,0,0.0,0.0,0.0,0,0,0,0.0,0.0,0.0,0,0,0,0.0,0.0,0.0,0,0,0,0.0,0.0,0.0
Visual Genome,2400255,4,1,19,0,4,28,8,28,36,17,0,0,8,0.01780784099992161,0.009331990999726258,0.0,0.009331990999726258,0.009562018999986321,0.0276981350002643,Optimal,0,none,3.3058908272256318,0,13,100.0,100.0,100.0,2.0,1,3,0,0.25,1.0,0.4,0.6457312321875482,1,3,0,0.25,1.0,0.4,0.6457312321875482,1,3,0,0.25,1.0,0.4,0.6457312321875482,1,3,0,0.25,1.0,0.4,0.6457312321875482,0.0002539039996918291,0,100.0,0,0,0,0.0,0.0,0.0,0,0,0,0.0,0.0,0.0,0,0,0,0.0,0.0,0.0,0,0,0,0.0,0.0,0.0
Visual Genome,2400322,31,0,22,0,22,865,44,865,909,485,0,0,44,0.01886616799993135,0.0394815199997538,0.0,0.0394815199997538,0.040560084999924584,0.06138602700002593,Optimal,0,none,18.59547027588406,0,67,100.0,100.0,100.0,2.0,0,22,0,0.0,0.0,0.0,0.0,0,22,0,0.0,0.0,0.0,0.0,0,22,0,0.0,0.0,0.0,0.0,0,22,0,0.0,0.0,0.0,0.0,0.0018649929997991421,0,100.0,0,0,0,0.0,0.0,0.0,0,0,0,0.0,0.0,0.0,0,0,0,0.0,0.0,0.0,0,0,0,0.0,0.0,0.0
Visual Genome,2400544,21,3,20,0,5,32,10,32,42,26,0,0,10,0.01342533499973797,0.007545651999862457,0.0,0.007545651999862457,0.007750089999717602,0.02131737299987435,Optimal,0,none,4.470992966492972,0,16,100.0,100.0,100.0,2.0,2,3,1,0.4,0.6666666666666666,0.5,0.8723738729911115,2,3,1,0.4,0.6666666666666666,0.5,0.8723738729911115,2,3,1,0.4,0.6666666666666666,0.5,0.8723738729911115,2,3,1,0.4,0.6666666666666666,0.5,0.8723738729911115,0.0001157720002993301,0,100.0,0,0,0,0.0,0.0,0.0,0,0,0,0.0,0.0,0.0,0,0,0,0.0,0.0,0.0,0,0,0,0.0,0.0,0.0
Visual Genome,2400777,5,1,12,0,1,0,2,0,2,1,0,0,2,0.01330612400033715,0.006765284999801224,0.0,0.006765284999801224,0.006833723999989161,0.020170864000192523,Optimal,0,none,0.6353842417399089,0,2,100.0,100.0,100.0,2.0,0,1,1,0.0,0.0,0.0,0.0,0,1,1,0.0,0.0,0.0,0.0,0,1,1,0.0,0.0,0.0,0.0,0,1,1,0.0,0.0,0.0,0.0,2.2908999653736828e-05,0,100.0,0,0,0,0.0,0.0,0.0,0,0,0,0.0,0.0,0.0,0,0,0,0.0,0.0,0.0,0,0,0,0.0,0.0,0.0
Visual Genome,2401046,46,2,42,0,18,548,36,548,584,325,0,0,36,0.019195845000012923,0.029164488000333222,0.0,0.029164488000333222,0.029939434999960213,0.05052810999995927,Optimal,0,none,13.874926178956422,0,55,100.0,100.0,100.0,2.0,1,17,1,0.05555555555555555,0.5,0.09999999999999999,0.9239373094023102,1,17,1,0.05555555555555555,0.5,0.09999999999999999,0.9239373094023102,1,17,1,0.05555555555555555,0.5,0.09999999999999999,0.9239373094023102,1,17,1,0.05555555555555555,0.5,0.09999999999999999,0.9239373094023102,0.0013170910001463199,0,100.0,0,0,0,0.0,0.0,0.0,0,0,0,0.0,0.0,0.0,0,0,0,0.0,0.0,0.0,0,0,0,0.0,0.0,0.0
Visual Genome,2401262,22,1,22,0,9,138,18,138,156,82,0,0,18,0.014647088999936386,0.01206385900013629,0.0,0.01206385900013629,0.012384966999889002,0.02744085599988466,Optimal,0,none,7.668294130928528,0,28,100.0,100.0,100.0,2.0,1,8,0,0.1111111111111111,1.0,0.19999999999999998,0.942720337968296,1,8,0,0.1111111111111111,1.0,0.19999999999999998,0.942720337968296,1,8,0,0.1111111111111111,1.0,0.19999999999999998,0.942720337968296,1,8,0,0.1111111111111111,1.0,0.19999999999999998,0.942720337968296,0.0003644580001491704,0,100.0,0,0,0,0.0,0.0,0.0,0,0,0,0.0,0.0,0.0,0,0,0,0.0,0.0,0.0,0,0,0,0.0,0.0,0.0
Visual Genome,2401768,9,0,23,0,2,4,4,4,8,5,0,0,4,0.01389478600003713,0.006761016999917047,0.0,0.006761016999917047,0.0068707000000358676,0.02083680799978538,Optimal,0,none,1.3502222569783533,0,5,100.0,100.0,100.0,2.0,0,2,0,0.0,0.0,0.0,0.0,0,2,0,0.0,0.0,0.0,0.0,0,2,0,0.0,0.0,0.0,0.0,0,2,0,0.0,0.0,0.0,0.0,5.4878999890206615e-05,0,100.0,0,0,0,0.0,0.0,0.0,0,0,0,0.0,0.0,0.0,0,0,0,0.0,0.0,0.0,0,0,0,0.0,0.0,0.0
Visual Genome,2401798,34,2,4,0,3,10,6,10,16,10,0,0,6,0.013592352999694413,0.00760335400036638,0.0,0.00760335400036638,0.007745664999674773,0.0214215860000877,Optimal,0,none,2.583794279098511,0,10,100.0,100.0,100.0,2.0,2,1,0,0.6666666666666666,1.0,0.8,0.8678119118329747,2,1,0,0.6666666666666666,1.0,0.8,0.8678119118329747,2,1,0,0.6666666666666666,1.0,0.8,0.8678119118329747,2,1,0,0.6666666666666666,1.0,0.8,0.8678119118329747,6.148800002847565e-05,0,100.0,0,0,0,0.0,0.0,0.0,0,0,0,0.0,0.0,0.0,0,0,0,0.0,0.0,0.0,0,0,0,0.0,0.0,0.0
Visual Genome,2401971,32,4,45,0,6,56,12,56,68,37,0,0,12,0.017010650999964128,0.010755624000012176,0.0,0.010755624000012176,0.011015998999937437,0.0282372189999478,Optimal,0,none,5.115656957626344,0,19,100.0,100.0,100.0,2.0,4,2,0,0.6666666666666666,1.0,0.8,0.8601086458341748,4,2,0,0.6666666666666666,1.0,0.8,0.8601086458341748,4,2,0,0.6666666666666666,1.0,0.8,0.8601086458341748,4,2,0,0.6666666666666666,1.0,0.8,0.8601086458341748,0.00017727900012687314,0,100.0,0,0,0,0.0,0.0,0.0,0,0,0,0.0,0.0,0.0,0,0,0,0.0,0.0,0.0,0,0,0,0.0,0.0,0.0
Visual Genome,2402222,27,1,38,0,2,4,4,4,8,5,0,0,4,0.014701606000016909,0.007766959000036877,0.0,0.007766959000036877,0.007865773000048648,0.022621492999860493,Optimal,0,none,1.5336725505193076,0,5,100.0,100.0,100.0,2.0,1,1,0,0.5,1.0,0.6666666666666666,0.9359897706916649,1,1,0,0.5,1.0,0.6666666666666666,0.9359897706916649,1,1,0,0.5,1.0,0.6666666666666666,0.9359897706916649,1,1,0,0.5,1.0,0.6666666666666666,0.9359897706916649,3.993399968749145e-05,0,100.0,0,0,0,0.0,0.0,0.0,0,0,0,0.0,0.0,0.0,0,0,0,0.0,0.0,0.0,0,0,0,0.0,0.0,0.0
Visual Genome,2402373,7,0,29,0,1,0,2,0,2,1,0,0,2,0.015118279000034818,0.006766312999843649,0.0,0.006766312999843649,0.006839270999989822,0.021988901999975496,Optimal,0,none,0.489576784769694,0,2,100.0,100.0,100.0,2.0,0,1,0,0.0,0.0,0.0,0.0,0,1,0,0.0,0.0,0.0,0.0,0,1,0,0.0,0.0,0.0,0.0,0,1,0,0.0,0.0,0.0,0.0,2.2438000087277032e-05,0,100.0,0,0,0,0.0,0.0,0.0,0,0,0,0.0,0.0,0.0,0,0,0,0.0,0.0,0.0,0,0,0,0.0,0.0,0.0
Visual Genome,2402873,39,3,25,0,11,215,22,215,237,122,0,0,22,0.017113434999828314,0.01669722999986334,0.0,0.01669722999986334,0.017185092000090663,0.0351060640000469,Optimal,0,none,8.464797582427636,0,34,100.0,100.0,100.0,2.0,0,11,3,0.0,0.0,0.0,0.9558202062645343,0,11,3,0.0,0.0,0.0,0.9558202062645343,0,11,3,0.0,0.0,0.0,0.9558202062645343,0,11,3,0.0,0.0,0.0,0.9558202062645343,0.0007479959999727726,0,100.0,0,0,0,0.0,0.0,0.0,0,0,0,0.0,0.0,0.0,0,0,0,0.0,0.0,0.0,0,0,0,0.0,0.0,0.0
Visual Genome,2403106,23,0,13,0,3,10,6,10,16,10,0,0,6,0.014190687999871443,0.007002078000368783,0.0,0.007002078000368783,0.007139351999740029,0.02140737999980047,Optimal,0,none,2.818073363304139,0,10,100.0,100.0,100.0,2.0,0,3,0,0.0,0.0,0.0,0.0,0,3,0,0.0,0.0,0.0,0.0,0,3,0,0.0,0.0,0.0,0.0,0,3,0,0.0,0.0,0.0,0.0,5.7314000059704995e-05,0,100.0,0,0,0,0.0,0.0,0.0,0,0,0,0.0,0.0,0.0,0,0,0,0.0,0.0,0.0,0,0,0,0.0,0.0,0.0
Visual Genome,2404039,4,0,5,0,2,2,4,2,6,5,0,0,4,0.01325312299968573,0.006527167000058398,0.0,0.006527167000058398,0.00662836099991182,0.019929686000068614,Optimal,0,none,1.4613645442326861,0,5,100.0,100.0,100.0,2.0,0,2,0,0.0,0.0,0.0,0.0,0,2,0,0.0,0.0,0.0,0.0,0,2,0,0.0,0.0,0.0,0.0,0,2,0,0.0,0.0,0.0,0.0,3.3958000130951405e-05,0,100.0,0,0,0,0.0,0.0,0.0,0,0,0,0.0,0.0,0.0,0,0,0,0.0,0.0,0.0,0,0,0,0.0,0.0,0.0
Visual Genome,2404251,28,0,20,0,1,0,2,0,2,1,0,0,2,0.014899412999966444,0.006575882000106503,0.0,0.006575882000106503,0.006646375999935117,0.021574847000010777,Optimal,0,none,0.5107000748316447,0,2,100.0,100.0,100.0,2.0,0,1,0,0.0,0.0,0.0,0.0,0,1,0,0.0,0.0,0.0,0.0,0,1,0,0.0,0.0,0.0,0.0,0,1,0,0.0,0.0,0.0,0.0,2.1646000277542043e-05,0,100.0,0,0,0,0.0,0.0,0.0,0,0,0,0.0,0.0,0.0,0,0,0,0.0,0.0,0.0,0,0,0,0.0,0.0,0.0
Visual Genome,2404690,31,3,38,0,16,489,32,489,521,257,0,0,32,0.01664497699994172,0.02569740200033266,0.0,0.02569740200033266,0.026361648999682075,0.04410231099973316,Optimal,0,none,13.258814948663101,0,49,100.0,100.0,100.0,2.0,2,14,1,0.125,0.6666666666666666,0.21052631578947367,0.9338007442961843,2,14,1,0.125,0.6666666666666666,0.21052631578947367,0.9338007442961843,2,14,1,0.125,0.6666666666666666,0.21052631578947367,0.9338007442961843,2,14,1,0.125,0.6666666666666666,0.21052631578947367,0.9338007442961843,0.0010284250001859618,0,100.0,0,0,0,0.0,0.0,0.0,0,0,0,0.0,0.0,0.0,0,0,0,0.0,0.0,0.0,0,0,0,0.0,0.0,0.0
Visual Genome,2404756,29,1,47,0,3,11,6,11,17,10,0,0,6,0.014612116000080277,0.007065993000196613,0.0,0.007065993000196613,0.007219528999939939,0.02190964100009296,Optimal,0,none,2.4425706495024295,0,10,100.0,100.0,100.0,2.0,1,2,0,0.3333333333333333,1.0,0.5,0.7481921766613737,1,2,0,0.3333333333333333,1.0,0.5,0.7481921766613737,1,2,0,0.3333333333333333,1.0,0.5,0.7481921766613737,1,2,0,0.3333333333333333,1.0,0.5,0.7481921766613737,5.8088999594474444e-05,0,100.0,0,0,0,0.0,0.0,0.0,0,0,0,0.0,0.0,0.0,0,0,0,0.0,0.0,0.0,0,0,0,0.0,0.0,0.0
Visual Genome,2405144,21,2,11,0,2,4,4,4,8,5,0,0,4,0.016035368000302697,0.006608255000173813,0.0,0.006608255000173813,0.0067130889997315535,0.0228133020000314,Optimal,0,none,1.3742481861103837,0,5,100.0,100.0,100.0,2.0,2,0,0,1.0,1.0,1.0,0.8773534433126005,2,0,0,1.0,1.0,1.0,0.8773534433126005,2,0,0,1.0,1.0,1.0,0.8773534433126005,2,0,0,1.0,1.0,1.0,0.8773534433126005,5.175400019652443e-05,0,100.0,0,0,0,0.0,0.0,0.0,0,0,0,0.0,0.0,0.0,0,0,0,0.0,0.0,0.0,0,0,0,0.0,0.0,0.0
Visual Genome,2405594,30,1,23,0,2,5,4,5,9,5,0,0,4,0.013941040000190696,0.007085541999913403,0.0,0.007085541999913403,0.007210095000118599,0.021209499000178766,Optimal,0,none,1.4896100412836293,0,5,100.0,100.0,100.0,2.0,1,1,0,0.5,1.0,0.6666666666666666,0.7742761072596874,1,1,0,0.5,1.0,0.6666666666666666,0.7742761072596874,1,1,0,0.5,1.0,0.6666666666666666,0.7742761072596874,1,1,0,0.5,1.0,0.6666666666666666,0.7742761072596874,4.369999987829942e-05,0,100.0,0,0,0,0.0,0.0,0.0,0,0,0,0.0,0.0,0.0,0,0,0,0.0,0.0,0.0,0,0,0,0.0,0.0,0.0
Visual Genome,2406302,25,0,35,0,2,4,4,4,8,5,0,0,4,0.013830150999638136,0.0070065970003270195,0.0,0.0070065970003270195,0.007110691999969276,0.020992101000047114,Optimal,0,none,1.4831474097569783,0,5,100.0,100.0,100.0,2.0,0,2,0,0.0,0.0,0.0,0.0,0,2,0,0.0,0.0,0.0,0.0,0,2,0,0.0,0.0,0.0,0.0,0,2,0,0.0,0.0,0.0,0.0,3.8223000046855304e-05,0,100.0,0,0,0,0.0,0.0,0.0,0,0,0,0.0,0.0,0.0,0,0,0,0.0,0.0,0.0,0,0,0,0.0,0.0,0.0
Visual Genome,2406726,20,2,24,0,4,22,8,22,30,17,0,0,8,0.014770410999972228,0.007966892000240478,0.0,0.007966892000240478,0.008115259000078368,0.022989401999893744,Optimal,0,none,3.156122263206112,0,13,100.0,100.0,100.0,2.0,2,2,0,0.5,1.0,0.6666666666666666,0.9023003408029155,2,2,0,0.5,1.0,0.6666666666666666,0.9023003408029155,2,2,0,0.5,1.0,0.6666666666666666,0.9023003408029155,2,2,0,0.5,1.0,0.6666666666666666,0.9023003408029155,8.120999973471044e-05,0,100.0,0,0,0,0.0,0.0,0.0,0,0,0,0.0,0.0,0.0,0,0,0,0.0,0.0,0.0,0,0,0,0.0,0.0,0.0
Visual Genome,2406748,30,2,44,0,14,366,28,366,394,197,0,0,28,0.0175576319998072,0.021847291000085534,0.0,0.021847291000085534,0.02241431399988869,0.040914881999924546,Optimal,0,none,11.514042719842495,0,43,100.0,100.0,100.0,2.0,1,13,1,0.07142857142857142,0.5,0.125,0.8133780807099547,1,13,1,0.07142857142857142,0.5,0.125,0.8133780807099547,1,13,1,0.07142857142857142,0.5,0.125,0.8133780807099547,1,13,1,0.07142857142857142,0.5,0.125,0.8133780807099547,0.0008795509997980844,0,100.0,0,0,0,0.0,0.0,0.0,0,0,0,0.0,0.0,0.0,0,0,0,0.0,0.0,0.0,0,0,0,0.0,0.0,0.0
Visual Genome,2406990,31,1,35,0,5,36,10,36,46,26,0,0,10,0.015902177000043594,0.009209671999997227,0.0,0.009209671999997227,0.009409387999767205,0.02546833099995638,Optimal,0,none,4.745133100102756,0,16,100.0,100.0,100.0,2.0,1,4,0,0.2,1.0,0.33333333333333337,0.9024504293007054,1,4,0,0.2,1.0,0.33333333333333337,0.9024504293007054,1,4,0,0.2,1.0,0.33333333333333337,0.9024504293007054,1,4,0,0.2,1.0,0.33333333333333337,0.9024504293007054,0.00012763400036419625,0,100.0,0,0,0,0.0,0.0,0.0,0,0,0,0.0,0.0,0.0,0,0,0,0.0,0.0,0.0,0,0,0,0.0,0.0,0.0
Visual Genome,2407062,30,1,32,0,23,916,46,916,962,530,0,0,46,0.018110477999925934,0.044776733000162494,0.0,0.044776733000162494,0.04591573800007609,0.06635641899993061,Optimal,0,none,18.025241370405674,0,70,100.0,100.0,100.0,2.0,1,22,0,0.043478260869565216,1.0,0.08333333333333333,0.8661688244416784,1,22,0,0.043478260869565216,1.0,0.08333333333333333,0.8661688244416784,1,22,0,0.043478260869565216,1.0,0.08333333333333333,0.8661688244416784,1,22,0,0.043478260869565216,1.0,0.08333333333333333,0.8661688244416784,0.0022293390002232627,0,100.0,0,0,0,0.0,0.0,0.0,0,0,0,0.0,0.0,0.0,0,0,0,0.0,0.0,0.0,0,0,0,0.0,0.0,0.0
Visual Genome,2407236,16,2,12,0,2,4,4,4,8,5,0,0,4,0.014164796999921236,0.006670450999990862,0.0,0.006670450999990862,0.006798635999984981,0.02101682800002891,Optimal,0,none,1.5551517041524252,0,5,100.0,100.0,100.0,2.0,2,0,0,1.0,1.0,1.0,0.9494661353579216,2,0,0,1.0,1.0,1.0,0.9494661353579216,2,0,0,1.0,1.0,1.0,0.9494661353579216,2,0,0,1.0,1.0,1.0,0.9494661353579216,3.9400000332534546e-05,0,100.0,0,0,0,0.0,0.0,0.0,0,0,0,0.0,0.0,0.0,0,0,0,0.0,0.0,0.0,0,0,0,0.0,0.0,0.0
Visual Genome,2407380,11,0,26,0,3,7,6,7,13,10,0,0,6,0.015060985000218352,0.008711766000033094,0.0,0.008711766000033094,0.008848239000144531,0.02398605899998074,Optimal,0,none,2.508938230782152,0,10,100.0,100.0,100.0,2.0,0,3,0,0.0,0.0,0.0,0.0,0,3,0,0.0,0.0,0.0,0.0,0,3,0,0.0,0.0,0.0,0.0,0,3,0,0.0,0.0,0.0,0.0,5.5778999922040384e-05,0,100.0,0,0,0,0.0,0.0,0.0,0,0,0,0.0,0.0,0.0,0,0,0,0.0,0.0,0.0,0,0,0,0.0,0.0,0.0
Visual Genome,2407567,19,0,14,0,1,0,2,0,2,1,0,0,2,0.013956715000404074,0.008244652000030328,0.0,0.008244652000030328,0.008312278999710543,0.02229594000027646,Optimal,0,none,0.6292114655176799,0,2,100.0,100.0,100.0,2.0,0,1,0,0.0,0.0,0.0,0.0,0,1,0,0.0,0.0,0.0,0.0,0,1,0,0.0,0.0,0.0,0.0,0,1,0,0.0,0.0,0.0,0.0,1.9995999991806457e-05,0,100.0,0,0,0,0.0,0.0,0.0,0,0,0,0.0,0.0,0.0,0,0,0,0.0,0.0,0.0,0,0,0,0.0,0.0,0.0
Visual Genome,2407743,27,2,33,0,3,8,6,8,14,10,0,0,6,0.012098697000055836,0.006655485999999655,0.0,0.006655485999999655,0.006795372999931715,0.01898838200031605,Optimal,0,none,2.4423657274246215,0,10,100.0,100.0,100.0,2.0,0,3,2,0.0,0.0,0.0,0.0,0,3,2,0.0,0.0,0.0,0.0,0,3,2,0.0,0.0,0.0,0.0,0,3,2,0.0,0.0,0.0,0.0,6.368200001816149e-05,0,100.0,0,0,0,0.0,0.0,0.0,0,0,0,0.0,0.0,0.0,0,0,0,0.0,0.0,0.0,0,0,0,0.0,0.0,0.0
Visual Genome,2408419,27,1,19,0,5,39,10,39,49,26,0,0,10,0.01672168499999316,0.009198815999752696,0.0,0.009198815999752696,0.009410731000116357,0.026302056000076846,Optimal,0,none,4.040960276921591,0,16,100.0,100.0,100.0,2.0,1,4,0,0.2,1.0,0.33333333333333337,0.9704579380797779,1,4,0,0.2,1.0,0.33333333333333337,0.9704579380797779,1,4,0,0.2,1.0,0.33333333333333337,0.9704579380797779,1,4,0,0.2,1.0,0.33333333333333337,0.9704579380797779,0.00014078399999561952,0,100.0,0,0,0,0.0,0.0,0.0,0,0,0,0.0,0.0,0.0,0,0,0,0.0,0.0,0.0,0,0,0,0.0,0.0,0.0
Visual Genome,2408537,35,1,21,0,15,394,30,394,424,226,0,0,30,0.016516497999873536,0.021712333999857947,0.0,0.021712333999857947,0.02230722500007687,0.039861650000148074,Optimal,0,none,12.888601599974466,0,46,100.0,100.0,100.0,2.0,0,15,1,0.0,0.0,0.0,0.0,0,15,1,0.0,0.0,0.0,0.0,0,15,1,0.0,0.0,0.0,0.0,0,15,1,0.0,0.0,0.0,0.0,0.0009723729999677744,0,100.0,0,0,0,0.0,0.0,0.0,0,0,0,0.0,0.0,0.0,0,0,0,0.0,0.0,0.0,0,0,0,0.0,0.0,0.0
Visual Genome,2408545,16,0,25,0,1,0,2,0,2,1,0,0,2,0.01457360599988533,0.006427586999961932,0.0,0.006427586999961932,0.006504713999675005,0.021109612000145717,Optimal,0,none,0.6002487579981486,0,2,100.0,100.0,100.0,2.0,0,1,0,0.0,0.0,0.0,0.0,0,1,0,0.0,0.0,0.0,0.0,0,1,0,0.0,0.0,0.0,0.0,0,1,0,0.0,0.0,0.0,0.0,2.3642000087420456e-05,0,100.0,0,0,0,0.0,0.0,0.0,0,0,0,0.0,0.0,0.0,0,0,0,0.0,0.0,0.0,0,0,0,0.0,0.0,0.0
Visual Genome,2408628,31,1,50,0,6,60,12,60,72,37,0,0,12,0.014310771000054956,0.008859656999902654,0.0,0.008859656999902654,0.009087904999887542,0.02359862699995574,Optimal,0,none,4.897065429911257,0,19,100.0,100.0,100.0,2.0,0,6,1,0.0,0.0,0.0,0.0,0,6,1,0.0,0.0,0.0,0.0,0,6,1,0.0,0.0,0.0,0.0,0,6,1,0.0,0.0,0.0,0.0,0.000171059999956924,0,100.0,0,0,0,0.0,0.0,0.0,0,0,0,0.0,0.0,0.0,0,0,0,0.0,0.0,0.0,0,0,0,0.0,0.0,0.0
Visual Genome,2408655,20,1,6,0,7,85,14,85,99,50,0,0,14,0.013772182000138855,0.010279309999987163,0.0,0.010279309999987163,0.010504871000193816,0.02452220000031957,Optimal,0,none,5.8004335387897585,0,22,100.0,100.0,100.0,2.0,0,7,1,0.0,0.0,0.0,0.0,0,7,1,0.0,0.0,0.0,0.0,0,7,1,0.0,0.0,0.0,0.0,0,7,1,0.0,0.0,0.0,0.0,0.0002116389996444923,0,100.0,0,0,0,0.0,0.0,0.0,0,0,0,0.0,0.0,0.0,0,0,0,0.0,0.0,0.0,0,0,0,0.0,0.0,0.0
Visual Genome,2408732,19,1,44,0,2,4,4,4,8,5,0,0,4,0.013735494000229664,0.006834955000158516,0.0,0.006834955000158516,0.006945109999833221,0.020731328000238136,Optimal,0,none,1.419661405881246,0,5,100.0,100.0,100.0,2.0,1,1,0,0.5,1.0,0.6666666666666666,0.8821846285887227,1,1,0,0.5,1.0,0.6666666666666666,0.8821846285887227,1,1,0,0.5,1.0,0.6666666666666666,0.8821846285887227,1,1,0,0.5,1.0,0.6666666666666666,0.8821846285887227,3.818800041699433e-05,0,100.0,0,0,0,0.0,0.0,0.0,0,0,0,0.0,0.0,0.0,0,0,0,0.0,0.0,0.0,0,0,0,0.0,0.0,0.0
Visual Genome,2408931,39,1,59,0,1,0,2,0,2,1,0,0,2,0.015419285999996646,0.007048235000183922,0.0,0.007048235000183922,0.0071252950001508,0.022576719999960915,Optimal,0,none,0.6423979679743449,0,2,100.0,100.0,100.0,2.0,0,1,1,0.0,0.0,0.0,0.0,0,1,1,0.0,0.0,0.0,0.0,0,1,1,0.0,0.0,0.0,0.0,0,1,1,0.0,0.0,0.0,0.0,2.313999993930338e-05,0,100.0,0,0,0,0.0,0.0,0.0,0,0,0,0.0,0.0,0.0,0,0,0,0.0,0.0,0.0,0,0,0,0.0,0.0,0.0
Visual Genome,2409452,26,0,24,0,10,136,20,136,156,101,0,0,20,0.015641283000149997,0.013709457000004477,0.0,0.013709457000004477,0.014221588000054908,0.030486371000279178,Optimal,0,none,8.047873969281305,0,31,100.0,100.0,100.0,2.0,0,10,0,0.0,0.0,0.0,0.0,0,10,0,0.0,0.0,0.0,0.0,0,10,0,0.0,0.0,0.0,0.0,0,10,0,0.0,0.0,0.0,0.0,0.0005710360001103254,0,100.0,0,0,0,0.0,0.0,0.0,0,0,0,0.0,0.0,0.0,0,0,0,0.0,0.0,0.0,0,0,0,0.0,0.0,0.0
Visual Genome,2409552,27,5,17,0,7,76,14,76,90,50,0,0,14,0.014290057999915007,0.010294445999988966,0.0,0.010294445999988966,0.010585748000266904,0.025131574000170076,Optimal,0,none,5.931086124706074,0,22,100.0,100.0,100.0,2.0,3,4,2,0.42857142857142855,0.6,0.5,0.7082774649445575,3,4,2,0.42857142857142855,0.6,0.5,0.7082774649445575,3,4,2,0.42857142857142855,0.6,0.5,0.7082774649445575,3,4,2,0.42857142857142855,0.6,0.5,0.7082774649445575,0.00022188200000528013,0,100.0,0,0,0,0.0,0.0,0.0,0,0,0,0.0,0.0,0.0,0,0,0,0.0,0.0,0.0,0,0,0,0.0,0.0,0.0
Visual Genome,2410121,31,0,40,0,2,4,4,4,8,5,0,0,4,0.012874616999852151,0.006582472999980382,0.0,0.006582472999980382,0.006679634000192891,0.01966638999965653,Optimal,0,none,1.3871429642041524,0,5,100.0,100.0,100.0,2.0,0,2,0,0.0,0.0,0.0,0.0,0,2,0,0.0,0.0,0.0,0.0,0,2,0,0.0,0.0,0.0,0.0,0,2,0,0.0,0.0,0.0,0.0,9.481999995841761e-05,0,100.0,0,0,0,0.0,0.0,0.0,0,0,0,0.0,0.0,0.0,0,0,0,0.0,0.0,0.0,0,0,0,0.0,0.0,0.0
Visual Genome,2410242,39,4,40,0,7,80,14,80,94,50,0,0,14,0.014209097000275506,0.009694074999970326,0.0,0.009694074999970326,0.010044070000276406,0.024506343000211928,Optimal,0,none,6.262166463534039,0,22,100.0,100.0,100.0,2.0,3,4,1,0.42857142857142855,0.75,0.5454545454545454,0.839101703017035,3,4,1,0.42857142857142855,0.75,0.5454545454545454,0.839101703017035,3,4,1,0.42857142857142855,0.75,0.5454545454545454,0.839101703017035,3,4,1,0.42857142857142855,0.75,0.5454545454545454,0.839101703017035,0.00021822700000484474,0,100.0,0,0,0,0.0,0.0,0.0,0,0,0,0.0,0.0,0.0,0,0,0,0.0,0.0,0.0,0,0,0,0.0,0.0,0.0
Visual Genome,2410715,5,1,16,0,4,22,8,22,30,17,0,0,8,0.015793385000051785,0.008213180999973702,0.0,0.008213180999973702,0.008426783999766485,0.024324739999883604,Optimal,0,none,3.731633731524151,0,13,100.0,100.0,100.0,2.0,1,3,0,0.25,1.0,0.4,0.9671789551050197,1,3,0,0.25,1.0,0.4,0.9671789551050197,1,3,0,0.25,1.0,0.4,0.9671789551050197,1,3,0,0.25,1.0,0.4,0.9671789551050197,8.254500016846578e-05,0,100.0,0,0,0,0.0,0.0,0.0,0,0,0,0.0,0.0,0.0,0,0,0,0.0,0.0,0.0,0,0,0,0.0,0.0,0.0
Visual Genome,2410992,28,0,35,0,2,2,4,2,6,5,0,0,4,0.014110419000189722,0.006324901999960275,0.0,0.006324901999960275,0.006430596000427613,0.020592959000168776,Optimal,0,none,1.5153093942006426,0,5,100.0,100.0,100.0,2.0,0,2,0,0.0,0.0,0.0,0.0,0,2,0,0.0,0.0,0.0,0.0,0,2,0,0.0,0.0,0.0,0.0,0,2,0,0.0,0.0,0.0,0.0,3.693000007842784e-05,0,100.0,0,0,0,0.0,0.0,0.0,0,0,0,0.0,0.0,0.0,0,0,0,0.0,0.0,0.0,0,0,0,0.0,0.0,0.0
Visual Genome,2411122,34,2,56,0,1,0,2,0,2,1,0,0,2,0.01363345100025981,0.00645616500014512,0.0,0.00645616500014512,0.006526816000132385,0.020199972000227717,Optimal,0,none,0.5525416294733683,0,2,100.0,100.0,100.0,2.0,1,0,1,1.0,0.5,0.6666666666666666,0.630330861091809,1,0,1,1.0,0.5,0.6666666666666666,0.630330861091809,1,0,1,1.0,0.5,0.6666666666666666,0.630330861091809,1,0,1,1.0,0.5,0.6666666666666666,0.630330861091809,3.173300001435564e-05,0,100.0,0,0,0,0.0,0.0,0.0,0,0,0,0.0,0.0,0.0,0,0,0,0.0,0.0,0.0,0,0,0,0.0,0.0,0.0
Visual Genome,2411532,8,0,29,0,9,122,18,122,140,82,0,0,18,0.01574983299997257,0.011923558000034973,0.0,0.011923558000034973,0.012237001999892527,0.02833797500034052,Optimal,0,none,7.504488491633528,0,28,100.0,100.0,100.0,2.0,0,9,0,0.0,0.0,0.0,0.0,0,9,0,0.0,0.0,0.0,0.0,0,9,0,0.0,0.0,0.0,0.0,0,9,0,0.0,0.0,0.0,0.0,0.0003104080001321563,0,100.0,0,0,0,0.0,0.0,0.0,0,0,0,0.0,0.0,0.0,0,0,0,0.0,0.0,0.0,0,0,0,0.0,0.0,0.0
Visual Genome,2411908,15,1,27,0,1,0,2,0,2,1,0,0,2,0.015042121000078623,0.006737183000041114,0.0,0.006737183000041114,0.006818650000241178,0.021891968000090856,Optimal,0,none,0.642204229036967,0,2,100.0,100.0,100.0,2.0,1,0,0,1.0,1.0,1.0,0.9608458973954536,1,0,0,1.0,1.0,1.0,0.9608458973954536,1,0,0,1.0,1.0,1.0,0.9608458973954536,1,0,0,1.0,1.0,1.0,0.9608458973954536,2.2971999896981288e-05,0,100.0,0,0,0,0.0,0.0,0.0,0,0,0,0.0,0.0,0.0,0,0,0,0.0,0.0,0.0,0,0,0,0.0,0.0,0.0
Visual Genome,2412143,55,2,43,0,4,24,8,24,32,17,0,0,8,0.014727005000167992,0.008079487000031804,0.0,0.008079487000031804,0.008258503999968525,0.023102918999938993,Optimal,0,none,3.356655975977581,0,13,100.0,100.0,100.0,2.0,2,2,0,0.5,1.0,0.6666666666666666,0.8469842025893768,2,2,0,0.5,1.0,0.6666666666666666,0.8469842025893768,2,2,0,0.5,1.0,0.6666666666666666,0.8469842025893768,2,2,0,0.5,1.0,0.6666666666666666,0.8469842025893768,9.356100008517387e-05,0,100.0,0,0,0,0.0,0.0,0.0,0,0,0,0.0,0.0,0.0,0,0,0,0.0,0.0,0.0,0,0,0,0.0,0.0,0.0
Visual Genome,2412219,34,1,33,0,5,30,10,30,40,26,0,0,10,0.014741251000032207,0.007954956000048696,0.0,0.007954956000048696,0.008122895999804314,0.02298790500026371,Optimal,0,none,4.405107673009238,0,16,100.0,100.0,100.0,2.0,1,4,0,0.2,1.0,0.33333333333333337,0.8820503150859047,1,4,0,0.2,1.0,0.33333333333333337,0.8820503150859047,1,4,0,0.2,1.0,0.33333333333333337,0.8820503150859047,1,4,0,0.2,1.0,0.33333333333333337,0.8820503150859047,9.98079999590118e-05,0,100.0,0,0,0,0.0,0.0,0.0,0,0,0,0.0,0.0,0.0,0,0,0,0.0,0.0,0.0,0,0,0,0.0,0.0,0.0
Visual Genome,2412631,29,3,30,0,5,37,10,37,47,26,0,0,10,0.014719113999944966,0.008809108999685122,0.0,0.008809108999685122,0.00901966600031301,0.023893476000012015,Optimal,0,none,4.503901959260306,0,16,100.0,100.0,100.0,2.0,2,3,1,0.4,0.6666666666666666,0.5,0.912155100869197,2,3,1,0.4,0.6666666666666666,0.5,0.912155100869197,2,3,1,0.4,0.6666666666666666,0.5,0.912155100869197,2,3,1,0.4,0.6666666666666666,0.5,0.912155100869197,0.00012825700014218455,0,100.0,0,0,0,0.0,0.0,0.0,0,0,0,0.0,0.0,0.0,0,0,0,0.0,0.0,0.0,0,0,0,0.0,0.0,0.0
Visual Genome,2412879,25,0,25,0,2,3,4,3,7,5,0,0,4,0.012829104000047664,0.006509253999865905,0.0,0.006509253999865905,0.006605789999866829,0.019483781999952043,Optimal,0,none,1.4947562774022418,0,5,100.0,100.0,100.0,2.0,0,2,0,0.0,0.0,0.0,0.0,0,2,0,0.0,0.0,0.0,0.0,0,2,0,0.0,0.0,0.0,0.0,0,2,0,0.0,0.0,0.0,0.0,3.5148999813827686e-05,0,100.0,0,0,0,0.0,0.0,0.0,0,0,0,0.0,0.0,0.0,0,0,0,0.0,0.0,0.0,0,0,0,0.0,0.0,0.0
Visual Genome,2413066,37,0,31,0,2,5,4,5,9,5,0,0,4,0.01467629799981296,0.007146282000121573,0.0,0.007146282000121573,0.00727320400028475,0.022016780999820185,Optimal,0,none,1.3560215871992018,0,5,100.0,100.0,100.0,2.0,0,2,0,0.0,0.0,0.0,0.0,0,2,0,0.0,0.0,0.0,0.0,0,2,0,0.0,0.0,0.0,0.0,0,2,0,0.0,0.0,0.0,0.0,5.204999979468994e-05,0,100.0,0,0,0,0.0,0.0,0.0,0,0,0,0.0,0.0,0.0,0,0,0,0.0,0.0,0.0,0,0,0,0.0,0.0,0.0
Visual Genome,2413140,13,1,14,0,2,4,4,4,8,5,0,0,4,0.01454977699995652,0.006995556999754626,0.0,0.006995556999754626,0.007102826999926037,0.021708850999857532,Optimal,0,none,1.4593737157185873,0,5,100.0,100.0,100.0,2.0,1,1,0,0.5,1.0,0.6666666666666666,0.8901616155326365,1,1,0,0.5,1.0,0.6666666666666666,0.8901616155326365,1,1,0,0.5,1.0,0.6666666666666666,0.8901616155326365,1,1,0,0.5,1.0,0.6666666666666666,0.8901616155326365,4.150299992033979e-05,0,100.0,0,0,0,0.0,0.0,0.0,0,0,0,0.0,0.0,0.0,0,0,0,0.0,0.0,0.0,0,0,0,0.0,0.0,0.0
Visual Genome,2413274,34,1,28,0,4,22,8,22,30,17,0,0,8,0.014784211999995023,0.008580765000260726,0.0,0.008580765000260726,0.008760390000134066,0.023673726000197348,Optimal,0,none,3.3211542812983206,0,13,100.0,100.0,100.0,2.0,1,3,0,0.25,1.0,0.4,0.8967022095641637,1,3,0,0.25,1.0,0.4,0.8967022095641637,1,3,0,0.25,1.0,0.4,0.8967022095641637,1,3,0,0.25,1.0,0.4,0.8967022095641637,0.00010568300012891996,0,100.0,0,0,0,0.0,0.0,0.0,0,0,0,0.0,0.0,0.0,0,0,0,0.0,0.0,0.0,0,0,0,0.0,0.0,0.0
Visual Genome,2413603,16,1,16,0,5,38,10,38,48,26,0,0,10,0.016685805000179244,0.00934616399990773,0.0,0.00934616399990773,0.009607438999864826,0.02647575399987545,Optimal,0,none,4.397551484902701,0,16,100.0,100.0,100.0,2.0,0,5,1,0.0,0.0,0.0,0.0,0,5,1,0.0,0.0,0.0,0.0,0,5,1,0.0,0.0,0.0,0.0,0,5,1,0.0,0.0,0.0,0.0,0.00014901900021868641,0,100.0,0,0,0,0.0,0.0,0.0,0,0,0,0.0,0.0,0.0,0,0,0,0.0,0.0,0.0,0,0,0,0.0,0.0,0.0
Visual Genome,2413953,7,4,8,0,7,66,14,66,80,50,0,0,14,0.014912730000105512,0.009979577000194695,0.0,0.009979577000194695,0.010210513999936666,0.0253448200001003,Optimal,0,none,5.266627854506177,0,22,100.0,100.0,100.0,2.0,4,3,0,0.5714285714285714,1.0,0.7272727272727273,0.8085047412779596,4,3,0,0.5714285714285714,1.0,0.7272727272727273,0.8085047412779596,4,3,0,0.5714285714285714,1.0,0.7272727272727273,0.8085047412779596,4,3,0,0.5714285714285714,1.0,0.7272727272727273,0.8085047412779596,0.0001895410000543052,0,100.0,0,0,0,0.0,0.0,0.0,0,0,0,0.0,0.0,0.0,0,0,0,0.0,0.0,0.0,0,0,0,0.0,0.0,0.0
Visual Genome,2413992,26,0,6,0,1,0,2,0,2,1,0,0,2,0.013850963000095362,0.007990179999978864,0.0,0.007990179999978864,0.008068723999713256,0.021964564999962022,Optimal,0,none,0.543680230776469,0,2,100.0,100.0,100.0,2.0,0,1,0,0.0,0.0,0.0,0.0,0,1,0,0.0,0.0,0.0,0.0,0,1,0,0.0,0.0,0.0,0.0,0,1,0,0.0,0.0,0.0,0.0,2.4233000203821575e-05,0,100.0,0,0,0,0.0,0.0,0.0,0,0,0,0.0,0.0,0.0,0,0,0,0.0,0.0,0.0,0,0,0,0.0,0.0,0.0
Visual Genome,2414643,14,0,7,0,2,4,4,4,8,5,0,0,4,0.014699311999720521,0.006937668999853486,0.0,0.006937668999853486,0.007043616999908409,0.0218027460000485,Optimal,0,none,1.532726958592733,0,5,100.0,100.0,100.0,2.0,0,2,0,0.0,0.0,0.0,0.0,0,2,0,0.0,0.0,0.0,0.0,0,2,0,0.0,0.0,0.0,0.0,0,2,0,0.0,0.0,0.0,0.0,4.418799971972476e-05,0,100.0,0,0,0,0.0,0.0,0.0,0,0,0,0.0,0.0,0.0,0,0,0,0.0,0.0,0.0,0,0,0,0.0,0.0,0.0
Visual Genome,2415055,46,2,43,0,8,98,16,98,114,65,0,0,16,0.015523726000083116,0.012378535000152624,0.0,0.012378535000152624,0.012734955999803788,0.02869567800007644,Optimal,0,none,6.279128987901172,0,25,100.0,100.0,100.0,2.0,1,7,1,0.125,0.5,0.2,0.557149229280185,1,7,1,0.125,0.5,0.2,0.557149229280185,1,7,1,0.125,0.5,0.2,0.557149229280185,1,7,1,0.125,0.5,0.2,0.557149229280185,0.0003808870001194009,0,100.0,0,0,0,0.0,0.0,0.0,0,0,0,0.0,0.0,0.0,0,0,0,0.0,0.0,0.0,0,0,0,0.0,0.0,0.0
Visual Genome,2415419,15,0,5,0,9,140,18,140,158,82,0,0,18,0.018489254000087385,0.014301009000064369,0.0,0.014301009000064369,0.014640803000020242,0.03355934899991553,Optimal,0,none,7.450962399538001,0,28,100.0,100.0,100.0,2.0,0,9,0,0.0,0.0,0.0,0.0,0,9,0,0.0,0.0,0.0,0.0,0,9,0,0.0,0.0,0.0,0.0,0,9,0,0.0,0.0,0.0,0.0,0.0003841070001726621,0,100.0,0,0,0,0.0,0.0,0.0,0,0,0,0.0,0.0,0.0,0,0,0,0.0,0.0,0.0,0,0,0,0.0,0.0,0.0
Visual Genome,2416071,9,1,5,0,5,39,10,39,49,26,0,0,10,0.015059945000302832,0.0077976050001780095,0.0,0.0077976050001780095,0.008015927000087686,0.023253414999999222,Optimal,0,none,4.012446459134421,0,16,100.0,100.0,100.0,2.0,1,4,0,0.2,1.0,0.33333333333333337,0.7982703011336538,1,4,0,0.2,1.0,0.33333333333333337,0.7982703011336538,1,4,0,0.2,1.0,0.33333333333333337,0.7982703011336538,1,4,0,0.2,1.0,0.33333333333333337,0.7982703011336538,0.00014932400017642067,0,100.0,0,0,0,0.0,0.0,0.0,0,0,0,0.0,0.0,0.0,0,0,0,0.0,0.0,0.0,0,0,0,0.0,0.0,0.0
Visual Genome,2416171,17,1,15,0,4,23,8,23,31,17,0,0,8,0.017651687000125094,0.00929992300007143,0.0,0.00929992300007143,0.00949940800001059,0.02727741100034109,Optimal,0,none,3.09087217728297,0,13,100.0,100.0,100.0,2.0,1,3,0,0.25,1.0,0.4,0.8929215026214226,1,3,0,0.25,1.0,0.4,0.8929215026214226,1,3,0,0.25,1.0,0.4,0.8929215026214226,1,3,0,0.25,1.0,0.4,0.8929215026214226,0.00010107400021297508,0,100.0,0,0,0,0.0,0.0,0.0,0,0,0,0.0,0.0,0.0,0,0,0,0.0,0.0,0.0,0,0,0,0.0,0.0,0.0
Visual Genome,2416250,19,0,8,0,6,63,12,63,75,37,0,0,12,0.015137783999762178,0.01004239600024448,0.0,0.01004239600024448,0.0103038310003285,0.02565084099978776,Optimal,0,none,4.70527717224619,0,19,100.0,100.0,100.0,2.0,0,6,0,0.0,0.0,0.0,0.0,0,6,0,0.0,0.0,0.0,0.0,0,6,0,0.0,0.0,0.0,0.0,0,6,0,0.0,0.0,0.0,0.0,0.00017885299985209713,0,100.0,0,0,0,0.0,0.0,0.0,0,0,0,0.0,0.0,0.0,0,0,0,0.0,0.0,0.0,0,0,0,0.0,0.0,0.0
Visual Genome,2416319,10,0,4,0,7,83,14,83,97,50,0,0,14,0.01449030000003404,0.010372003000156838,0.0,0.010372003000156838,0.010629576000155794,0.025375275000442343,Optimal,0,none,6.0701398436228455,0,22,100.0,100.0,100.0,2.0,0,7,0,0.0,0.0,0.0,0.0,0,7,0,0.0,0.0,0.0,0.0,0,7,0,0.0,0.0,0.0,0.0,0,7,0,0.0,0.0,0.0,0.0,0.00022159400032251142,0,100.0,0,0,0,0.0,0.0,0.0,0,0,0,0.0,0.0,0.0,0,0,0,0.0,0.0,0.0,0,0,0,0.0,0.0,0.0
Visual Genome,2417304,16,0,20,0,6,62,12,62,74,37,0,0,12,0.015918356999918615,0.009195387000090705,0.0,0.009195387000090705,0.009416022999630513,0.025549358999796823,Optimal,0,none,5.0823016708423605,0,19,100.0,100.0,100.0,2.0,0,6,0,0.0,0.0,0.0,0.0,0,6,0,0.0,0.0,0.0,0.0,0,6,0,0.0,0.0,0.0,0.0,0,6,0,0.0,0.0,0.0,0.0,0.00018250499988425872,0,100.0,0,0,0,0.0,0.0,0.0,0,0,0,0.0,0.0,0.0,0,0,0,0.0,0.0,0.0,0,0,0,0.0,0.0,0.0
Open Images,0071f62f5d703904,10,0,5,0,8,116,16,116,132,65,0,0,16,0.02971482700013439,0.011973763000241888,0.0,0.011973763000241888,0.012269106999610813,0.04238156200017329,Optimal,0,none,7.365867845222358,0,25,100.0,100.0,100.0,2.0,0,8,0,0.0,0.0,0.0,0.0,0,8,0,0.0,0.0,0.0,0.0,0,8,0,0.0,0.0,0.0,0.0,0,8,0,0.0,0.0,0.0,0.0,0.00035641800013763714,0,100.0,0,0,0,0.0,0.0,0.0,0,0,0,0.0,0.0,0.0,0,0,0,0.0,0.0,0.0,0,0,0,0.0,0.0,0.0
Open Images,00e0a53e14bf2447,8,0,2,0,5,39,10,39,49,26,0,0,10,0.02027069699988715,0.00828844299985576,0.0,0.00828844299985576,0.00847618199986755,0.02891221499976382,Optimal,0,none,4.249485548337302,0,16,100.0,100.0,100.0,2.0,0,5,0,0.0,0.0,0.0,0.0,0,5,0,0.0,0.0,0.0,0.0,0,5,0,0.0,0.0,0.0,0.0,0,5,0,0.0,0.0,0.0,0.0,0.00013639500002682325,0,100.0,0,0,0,0.0,0.0,0.0,0,0,0,0.0,0.0,0.0,0,0,0,0.0,0.0,0.0,0,0,0,0.0,0.0,0.0
Open Images,01bf00da5f94e942,37,3,25,0,6,30,12,30,42,37,0,0,12,0.024262176000320324,0.008674960000007559,0.0,0.008674960000007559,0.008910276000278827,0.03334594099987953,Optimal,0,none,5.236993865966794,0,19,100.0,100.0,100.0,2.0,0,6,3,0.0,0.0,0.0,0.0,0,6,3,0.0,0.0,0.0,0.0,0,6,3,0.0,0.0,0.0,0.0,0,6,3,0.0,0.0,0.0,0.0,0.00012228600007802015,0,100.0,0,0,0,0.0,0.0,0.0,0,0,0,0.0,0.0,0.0,0,0,0,0.0,0.0,0.0,0,0,0,0.0,0.0,0.0
Open Images,020c7b8e6d605069,12,0,1,0,0,0,0,0,0,0,0,0,1,0.017447593999804667,0.0051234120001026895,0.0,0.0051234120001026895,0.005162295999980415,0.02262536399985038,Optimal,0,none,,0,1,100.0,0.0,0.0,0.0,0,0,0,0.0,0.0,0.0,0.0,0,0,0,0.0,0.0,0.0,0.0,0,0,0,0.0,0.0,0.0,0.0,0,0,0,0.0,0.0,0.0,0.0,9.78600019152509e-06,0,100.0,0,0,0,0.0,0.0,0.0,0,0,0,0.0,0.0,0.0,0,0,0,0.0,0.0,0.0,0,0,0,0.0,0.0,0.0
Open Images,0319faa662ff5d06,34,0,2,0,3,6,6,6,12,10,0,0,6,0.022525673000018287,0.007002354000178457,0.0,0.007002354000178457,0.007161914999869623,0.029762481000034313,Optimal,0,none,2.498656966686249,0,10,100.0,100.0,100.0,2.0,0,3,0,0.0,0.0,0.0,0.0,0,3,0,0.0,0.0,0.0,0.0,0,3,0,0.0,0.0,0.0,0.0,0,3,0,0.0,0.0,0.0,0.0,5.237499999566353e-05,0,100.0,0,0,0,0.0,0.0,0.0,0,0,0,0.0,0.0,0.0,0,0,0,0.0,0.0,0.0,0,0,0,0.0,0.0,0.0
Open Images,060091417ccafbcf,5,0,1,0,2,4,4,4,8,5,0,0,4,0.01939202599987766,0.007087220999892452,0.0,0.007087220999892452,0.007185197999660886,0.026630761999967945,Optimal,0,none,1.1579282434781393,0,5,100.0,100.0,100.0,2.0,0,2,0,0.0,0.0,0.0,0.0,0,2,0,0.0,0.0,0.0,0.0,0,2,0,0.0,0.0,0.0,0.0,0,2,0,0.0,0.0,0.0,0.0,3.973100001530838e-05,0,100.0,0,0,0,0.0,0.0,0.0,0,0,0,0.0,0.0,0.0,0,0,0,0.0,0.0,0.0,0,0,0,0.0,0.0,0.0
Open Images,0649557c211985bd,23,3,2,0,7,79,14,79,93,50,0,0,14,0.017738806000124896,0.00972364600011133,0.0,0.00972364600011133,0.009982744999888382,0.028025952000007237,Optimal,0,none,5.687061622041179,0,22,100.0,100.0,100.0,2.0,3,4,0,0.42857142857142855,1.0,0.6,0.8290115739859113,3,4,0,0.42857142857142855,1.0,0.6,0.8290115739859113,3,4,0,0.42857142857142855,1.0,0.6,0.8290115739859113,3,4,0,0.42857142857142855,1.0,0.6,0.8290115739859113,0.0002692440002647345,0,100.0,0,0,0,0.0,0.0,0.0,0,0,0,0.0,0.0,0.0,0,0,0,0.0,0.0,0.0,0,0,0,0.0,0.0,0.0
Open Images,078fd57f81047cf3,28,2,4,0,8,98,16,98,114,65,0,0,16,0.020695899999736866,0.009837549999701878,0.0,0.009837549999701878,0.010128924999662559,0.03114114599975437,Optimal,0,none,6.81192744334539,0,25,100.0,100.0,100.0,2.0,2,6,0,0.25,1.0,0.4,0.8740967205181647,2,6,0,0.25,1.0,0.4,0.8740967205181647,2,6,0,0.25,1.0,0.4,0.8740967205181647,2,6,0,0.25,1.0,0.4,0.8740967205181647,0.00027650200036077877,0,100.0,0,0,0,0.0,0.0,0.0,0,0,0,0.0,0.0,0.0,0,0,0,0.0,0.0,0.0,0,0,0,0.0,0.0,0.0
Open Images,07c216b2baad22e7,24,0,10,0,7,70,14,70,84,50,0,0,14,0.019244442999934108,0.01055824000013672,0.0,0.01055824000013672,0.010830352999619208,0.030340849999902275,Optimal,0,none,5.55357746521632,0,22,100.0,100.0,100.0,2.0,0,7,0,0.0,0.0,0.0,0.0,0,7,0,0.0,0.0,0.0,0.0,0,7,0,0.0,0.0,0.0,0.0,0,7,0,0.0,0.0,0.0,0.0,0.00021015799984525074,0,100.0,0,0,0,0.0,0.0,0.0,0,0,0,0.0,0.0,0.0,0,0,0,0.0,0.0,0.0,0,0,0,0.0,0.0,0.0
Open Images,09625dc24eb205b4,41,0,1,0,11,180,22,180,202,122,0,0,22,0.022294068000064726,0.01399450299959426,0.0,0.01399450299959426,0.014393168999959016,0.0372134190001816,Optimal,0,none,8.504947454137442,0,34,100.0,100.0,100.0,2.0,0,11,0,0.0,0.0,0.0,0.0,0,11,0,0.0,0.0,0.0,0.0,0,11,0,0.0,0.0,0.0,0.0,0,11,0,0.0,0.0,0.0,0.0,0.000475460999950883,0,100.0,0,0,0,0.0,0.0,0.0,0,0,0,0.0,0.0,0.0,0,0,0,0.0,0.0,0.0,0,0,0,0.0,0.0,0.0
Open Images,09e617d9d3120b32,15,1,2,0,3,11,6,11,17,10,0,0,6,0.02318274899971584,0.006710591999762983,0.0,0.006710591999762983,0.00683842199987339,0.03010575999996945,Optimal,0,none,2.5558987957018116,0,10,100.0,100.0,100.0,2.0,0,3,1,0.0,0.0,0.0,0.0,0,3,1,0.0,0.0,0.0,0.0,0,3,1,0.0,0.0,0.0,0.0,0,3,1,0.0,0.0,0.0,0.0,6.242000017664395e-05,0,100.0,0,0,0,0.0,0.0,0.0,0,0,0,0.0,0.0,0.0,0,0,0,0.0,0.0,0.0,0,0,0,0.0,0.0,0.0
Open Images,0a02c648d24f39fb,12,0,1,0,1,0,2,0,2,1,0,0,2,0.01890089899961822,0.006073070999718766,0.0,0.006073070999718766,0.006144335000044521,0.025090988999636465,Optimal,0,none,0.5674958149592082,0,2,100.0,100.0,100.0,2.0,0,1,0,0.0,0.0,0.0,0.0,0,1,0,0.0,0.0,0.0,0.0,0,1,0,0.0,0.0,0.0,0.0,0,1,0,0.0,0.0,0.0,0.0,3.723899999386049e-05,0,100.0,0,0,0,0.0,0.0,0.0,0,0,0,0.0,0.0,0.0,0,0,0,0.0,0.0,0.0,0,0,0,0.0,0.0,0.0
Open Images,0d16c88ec322340f,19,0,1,0,4,24,8,24,32,17,0,0,8,0.0224327389996688,0.007381016000181262,0.0,0.007381016000181262,0.007524314999955095,0.030068093999943812,Optimal,0,none,3.3592860428492237,0,13,100.0,100.0,100.0,2.0,0,4,0,0.0,0.0,0.0,0.0,0,4,0,0.0,0.0,0.0,0.0,0,4,0,0.0,0.0,0.0,0.0,0,4,0,0.0,0.0,0.0,0.0,8.765400025367853e-05,0,100.0,0,0,0,0.0,0.0,0.0,0,0,0,0.0,0.0,0.0,0,0,0,0.0,0.0,0.0,0,0,0,0.0,0.0,0.0
Open Images,0dce9e80f546efc6,19,1,1,0,3,12,6,12,18,10,0,0,6,0.01876973700018425,0.006956993999665428,0.0,0.006956993999665428,0.007087047999903007,0.025934099000096467,Optimal,0,none,2.530522892475129,0,10,100.0,100.0,100.0,2.0,1,2,0,0.3333333333333333,1.0,0.5,0.7046153732685831,1,2,0,0.3333333333333333,1.0,0.5,0.7046153732685831,1,2,0,0.3333333333333333,1.0,0.5,0.7046153732685831,1,2,0,0.3333333333333333,1.0,0.5,0.7046153732685831,5.814799988002051e-05,0,100.0,0,0,0,0.0,0.0,0.0,0,0,0,0.0,0.0,0.0,0,0,0,0.0,0.0,0.0,0,0,0,0.0,0.0,0.0
Open Images,0e481ee0c6655eb1,3,0,2,0,2,4,4,4,8,5,0,0,4,0.017241639000076248,0.006745372999830579,0.0,0.006745372999830579,0.006863172000066697,0.024158527000054164,Optimal,0,none,1.449170013173388,0,5,100.0,100.0,100.0,2.0,0,2,0,0.0,0.0,0.0,0.0,0,2,0,0.0,0.0,0.0,0.0,0,2,0,0.0,0.0,0.0,0.0,0,2,0,0.0,0.0,0.0,0.0,4.0037999951891834e-05,0,100.0,0,0,0,0.0,0.0,0.0,0,0,0,0.0,0.0,0.0,0,0,0,0.0,0.0,0.0,0,0,0,0.0,0.0,0.0
Open Images,0ff8dd7e1d0f6010,4,1,3,0,2,2,4,2,6,5,0,0,4,0.017489083999862487,0.006073157999708201,0.0,0.006073157999708201,0.006159788999866578,0.023693536999871867,Optimal,0,none,1.4677614720662437,0,5,100.0,100.0,100.0,2.0,1,1,0,0.5,1.0,0.6666666666666666,0.9869070773309073,1,1,0,0.5,1.0,0.6666666666666666,0.9869070773309073,1,1,0,0.5,1.0,0.6666666666666666,0.9869070773309073,1,1,0,0.5,1.0,0.6666666666666666,0.9869070773309073,3.1601000046066474e-05,0,100.0,0,0,0,0.0,0.0,0.0,0,0,0,0.0,0.0,0.0,0,0,0,0.0,0.0,0.0,0,0,0,0.0,0.0,0.0
Open Images,106c8de22ed8d1d4,18,7,8,0,10,175,20,175,195,101,0,0,20,0.02294791600024837,0.01459418700005699,0.0,0.01459418700005699,0.01497978699990199,0.0384631720003199,Optimal,0,none,8.362076700452132,0,31,100.0,100.0,100.0,2.0,5,5,2,0.5,0.7142857142857143,0.588235294117647,0.8323545091694653,5,5,2,0.5,0.7142857142857143,0.588235294117647,0.8323545091694653,5,5,2,0.5,0.7142857142857143,0.588235294117647,0.8323545091694653,5,5,2,0.5,0.7142857142857143,0.588235294117647,0.8323545091694653,0.00048654200008968473,0,100.0,0,0,0,0.0,0.0,0.0,0,0,0,0.0,0.0,0.0,0,0,0,0.0,0.0,0.0,0,0,0,0.0,0.0,0.0
Open Images,10cae64b8b77b511,13,0,2,0,2,2,4,2,6,5,0,0,4,0.023143956999774673,0.006740002999777062,0.0,0.006740002999777062,0.006871382000099402,0.030069624000134354,Optimal,0,none,1.3695692308743794,0,5,100.0,100.0,100.0,2.0,0,2,0,0.0,0.0,0.0,0.0,0,2,0,0.0,0.0,0.0,0.0,0,2,0,0.0,0.0,0.0,0.0,0,2,0,0.0,0.0,0.0,0.0,3.8549000237253495e-05,0,100.0,0,0,0,0.0,0.0,0.0,0,0,0,0.0,0.0,0.0,0,0,0,0.0,0.0,0.0,0,0,0,0.0,0.0,0.0
Open Images,115150a6ba4eb0ca,16,1,3,0,1,0,2,0,2,1,0,0,2,0.018409560000236525,0.006429519999983313,0.0,0.006429519999983313,0.006514968999908888,0.024958712000170635,Optimal,0,none,0.6326337973276774,0,2,100.0,100.0,100.0,2.0,0,1,1,0.0,0.0,0.0,0.0,0,1,1,0.0,0.0,0.0,0.0,0,1,1,0.0,0.0,0.0,0.0,0,1,1,0.0,0.0,0.0,0.0,2.4368000140384538e-05,0,100.0,0,0,0,0.0,0.0,0.0,0,0,0,0.0,0.0,0.0,0,0,0,0.0,0.0,0.0,0,0,0,0.0,0.0,0.0
Open Images,116cb9c709ca88e7,4,0,1,0,2,4,4,4,8,5,0,0,4,0.01843502299971078,0.0064154530000450904,0.0,0.0064154530000450904,0.006518680999761273,0.025013162000050215,Optimal,0,none,1.1918768471474044,0,5,100.0,100.0,100.0,2.0,0,2,0,0.0,0.0,0.0,0.0,0,2,0,0.0,0.0,0.0,0.0,0,2,0,0.0,0.0,0.0,0.0,0,2,0,0.0,0.0,0.0,0.0,4.4380999952409184e-05,0,100.0,0,0,0,0.0,0.0,0.0,0,0,0,0.0,0.0,0.0,0,0,0,0.0,0.0,0.0,0,0,0,0.0,0.0,0.0
Open Images,1220e474e709cdf1,2,1,1,0,2,6,4,6,10,5,0,0,4,0.018922245999874576,0.006387384999925416,0.0,0.006387384999925416,0.0064868019999266835,0.025482362999809993,Optimal,0,none,1.1392493923359799,0,5,100.0,100.0,100.0,2.0,0,2,1,0.0,0.0,0.0,0.5293717936907415,0,2,1,0.0,0.0,0.0,0.5293717936907415,0,2,1,0.0,0.0,0.0,0.5293717936907415,0,2,1,0.0,0.0,0.0,0.5293717936907415,5.936900015512947e-05,0,100.0,0,0,0,0.0,0.0,0.0,0,0,0,0.0,0.0,0.0,0,0,0,0.0,0.0,0.0,0,0,0,0.0,0.0,0.0
Open Images,122259cbb3d91b12,13,0,3,0,2,6,4,6,10,5,0,0,4,0.02188988700027039,0.006394604999968578,0.0,0.006394604999968578,0.006493228999715939,0.02844090500002494,Optimal,0,none,1.409488442738851,0,5,100.0,100.0,100.0,2.0,0,2,0,0.0,0.0,0.0,0.0,0,2,0,0.0,0.0,0.0,0.0,0,2,0,0.0,0.0,0.0,0.0,0,2,0,0.0,0.0,0.0,0.0,4.391599986774963e-05,0,100.0,0,0,0,0.0,0.0,0.0,0,0,0,0.0,0.0,0.0,0,0,0,0.0,0.0,0.0,0,0,0,0.0,0.0,0.0
Open Images,1313a4add388424c,12,1,2,0,1,0,2,0,2,1,0,0,2,0.02724981699975615,0.00648971700002221,0.0,0.00648971700002221,0.0065520899997864035,0.033830851999937295,Optimal,0,none,0.5470439116160075,0,2,100.0,100.0,100.0,2.0,0,1,1,0.0,0.0,0.0,0.0,0,1,1,0.0,0.0,0.0,0.0,0,1,1,0.0,0.0,0.0,0.0,0,1,1,0.0,0.0,0.0,0.0,2.113699974870542e-05,0,100.0,0,0,0,0.0,0.0,0.0,0,0,0,0.0,0.0,0.0,0,0,0,0.0,0.0,0.0,0,0,0,0.0,0.0,0.0
Open Images,135deaa5afb21894,13,0,1,0,0,0,0,0,0,0,0,0,1,0.01783747899980881,0.004605004999575613,0.0,0.004605004999575613,0.004641477999939525,0.022495798999898398,Optimal,0,none,,0,1,100.0,0.0,0.0,0.0,0,0,0,0.0,0.0,0.0,0.0,0,0,0,0.0,0.0,0.0,0.0,0,0,0,0.0,0.0,0.0,0.0,0,0,0,0.0,0.0,0.0,0.0,1.0574000043561682e-05,0,100.0,0,0,0,0.0,0.0,0.0,0,0,0,0.0,0.0,0.0,0,0,0,0.0,0.0,0.0,0,0,0,0.0,0.0,0.0
Open Images,13d93884b48bc28c,15,1,2,0,2,4,4,4,8,5,0,0,4,0.019350948999999673,0.0064537050002400065,0.0,0.0064537050002400065,0.006553341000198998,0.02596077799989871,Optimal,0,none,1.5140567334493005,0,5,100.0,100.0,100.0,2.0,1,1,0,0.5,1.0,0.6666666666666666,0.9686775280588595,1,1,0,0.5,1.0,0.6666666666666666,0.9686775280588595,1,1,0,0.5,1.0,0.6666666666666666,0.9686775280588595,1,1,0,0.5,1.0,0.6666666666666666,0.9686775280588595,4.147300023760181e-05,0,100.0,0,0,0,0.0,0.0,0.0,0,0,0,0.0,0.0,0.0,0,0,0,0.0,0.0,0.0,0,0,0,0.0,0.0,0.0
Open Images,13ffeb4fec0d2c49,14,1,3,0,2,3,4,3,7,5,0,0,4,0.025091018000239274,0.007064731999889773,0.0,0.007064731999889773,0.007173864999913349,0.03232098200032851,Optimal,0,none,1.539178613026937,0,5,100.0,100.0,100.0,2.0,1,1,0,0.5,1.0,0.6666666666666666,0.6660247313233517,1,1,0,0.5,1.0,0.6666666666666666,0.6660247313233517,1,1,0,0.5,1.0,0.6666666666666666,0.6660247313233517,1,1,0,0.5,1.0,0.6666666666666666,0.6660247313233517,4.053799966641236e-05,0,100.0,0,0,0,0.0,0.0,0.0,0,0,0,0.0,0.0,0.0,0,0,0,0.0,0.0,0.0,0,0,0,0.0,0.0,0.0
Open Images,141d8961e111ead7,60,0,9,0,21,783,42,783,825,442,0,0,42,0.025297269000020606,0.03962178399979166,0.0,0.03962178399979166,0.04067762600016067,0.06800028199995722,Optimal,0,none,17.93371315256689,0,64,100.0,100.0,100.0,2.0,0,21,0,0.0,0.0,0.0,0.0,0,21,0,0.0,0.0,0.0,0.0,0,21,0,0.0,0.0,0.0,0.0,0,21,0,0.0,0.0,0.0,0.0,0.0019266929998593696,0,100.0,0,0,0,0.0,0.0,0.0,0,0,0,0.0,0.0,0.0,0,0,0,0.0,0.0,0.0,0,0,0,0.0,0.0,0.0
Open Images,146316cdeb2aef2a,38,2,4,0,15,407,30,407,437,226,0,0,30,0.02705265500026144,0.02383397999983572,0.0,0.02383397999983572,0.024481121000007988,0.05259579599987774,Optimal,0,none,12.385170756350687,0,46,100.0,100.0,100.0,2.0,2,13,0,0.13333333333333333,1.0,0.23529411764705882,0.9291522064053678,2,13,0,0.13333333333333333,1.0,0.23529411764705882,0.9291522064053678,2,13,0,0.13333333333333333,1.0,0.23529411764705882,0.9291522064053678,2,13,0,0.13333333333333333,1.0,0.23529411764705882,0.9291522064053678,0.0009943730001396034,0,100.0,0,0,0,0.0,0.0,0.0,0,0,0,0.0,0.0,0.0,0,0,0,0.0,0.0,0.0,0,0,0,0.0,0.0,0.0
Open Images,1654c86093ada840,9,1,2,0,8,109,16,109,125,65,0,0,16,0.018861091999951896,0.012742517999868141,0.0,0.012742517999868141,0.013137232000190124,0.03235614999994141,Optimal,0,none,6.3666421351983065,0,25,100.0,100.0,100.0,2.0,1,7,0,0.125,1.0,0.2222222222222222,0.8307949200990739,1,7,0,0.125,1.0,0.2222222222222222,0.8307949200990739,1,7,0,0.125,1.0,0.2222222222222222,0.8307949200990739,1,7,0,0.125,1.0,0.2222222222222222,0.8307949200990739,0.00031558299997413997,0,100.0,0,0,0,0.0,0.0,0.0,0,0,0,0.0,0.0,0.0,0,0,0,0.0,0.0,0.0,0,0,0,0.0,0.0,0.0
Open Images,169795b5dffa3dc6,45,4,2,0,10,173,20,173,193,101,0,0,20,0.02297684199993455,0.015456962999905954,0.0,0.015456962999905954,0.015916247999939515,0.03945283799976096,Optimal,0,none,8.755984160049106,0,31,100.0,100.0,100.0,2.0,2,8,2,0.2,0.5,0.28571428571428575,0.958175805994731,2,8,2,0.2,0.5,0.28571428571428575,0.958175805994731,2,8,2,0.2,0.5,0.28571428571428575,0.958175805994731,2,8,2,0.2,0.5,0.28571428571428575,0.958175805994731,0.0005084700001134479,0,100.0,0,0,0,0.0,0.0,0.0,0,0,0,0.0,0.0,0.0,0,0,0,0.0,0.0,0.0,0,0,0,0.0,0.0,0.0
Open Images,18f5b21c06c6f3d1,15,1,8,0,4,27,8,27,35,17,0,0,8,0.02541815700033112,0.00877239900000859,0.0,0.00877239900000859,0.00896269500026392,0.03453908300025432,Optimal,0,none,3.282915440410872,0,13,100.0,100.0,100.0,2.0,0,4,1,0.0,0.0,0.0,0.6140335437478744,0,4,1,0.0,0.0,0.0,0.6140335437478744,0,4,1,0.0,0.0,0.0,0.6140335437478744,0,4,1,0.0,0.0,0.0,0.6140335437478744,0.0001307210000049963,0,100.0,0,0,0,0.0,0.0,0.0,0,0,0,0.0,0.0,0.0,0,0,0,0.0,0.0,0.0,0,0,0,0.0,0.0,0.0
Open Images,19aa926f2f7d9782,7,1,1,0,4,25,8,25,33,17,0,0,8,0.02617673799977638,0.008654824999666744,0.0,0.008654824999666744,0.008844127999964257,0.035162599999694066,Optimal,0,none,3.4991718260447193,0,13,100.0,100.0,100.0,2.0,1,3,0,0.25,1.0,0.4,0.9191967725615501,1,3,0,0.25,1.0,0.4,0.9191967725615501,1,3,0,0.25,1.0,0.4,0.9191967725615501,1,3,0,0.25,1.0,0.4,0.9191967725615501,0.00011353899981259019,0,100.0,0,0,0,0.0,0.0,0.0,0,0,0,0.0,0.0,0.0,0,0,0,0.0,0.0,0.0,0,0,0,0.0,0.0,0.0
Open Images,1ad1b75ba69177b3,2,0,1,0,0,0,0,0,0,0,0,0,1,0.021644241000103648,0.005984045999866794,0.0,0.005984045999866794,0.006027162000009412,0.02768987300032677,Optimal,0,none,,0,1,100.0,0.0,0.0,0.0,0,0,0,0.0,0.0,0.0,0.0,0,0,0,0.0,0.0,0.0,0.0,0,0,0,0.0,0.0,0.0,0.0,0,0,0,0.0,0.0,0.0,0.0,1.1677000202325871e-05,0,100.0,0,0,0,0.0,0.0,0.0,0,0,0,0.0,0.0,0.0,0,0,0,0.0,0.0,0.0,0,0,0,0.0,0.0,0.0
Open Images,1b02d463464d45f3,5,1,1,0,3,10,6,10,16,10,0,0,6,0.017529619000015373,0.006422718000067107,0.0,0.006422718000067107,0.006561962999967363,0.02417448100004549,Optimal,0,none,2.492304286956788,0,10,100.0,100.0,100.0,2.0,0,3,1,0.0,0.0,0.0,0.0,0,3,1,0.0,0.0,0.0,0.0,0,3,1,0.0,0.0,0.0,0.0,0,3,1,0.0,0.0,0.0,0.0,6.111800030339509e-05,0,100.0,0,0,0,0.0,0.0,0.0,0,0,0,0.0,0.0,0.0,0,0,0,0.0,0.0,0.0,0,0,0,0.0,0.0,0.0
Open Images,1b75ec99a2b81fa6,6,2,2,0,2,4,4,4,8,5,0,0,4,0.01823471600027915,0.006378827999924397,0.0,0.006378827999924397,0.006500316999790812,0.0247999550001623,Optimal,0,none,1.2707750829060873,0,5,100.0,100.0,100.0,2.0,1,1,1,0.5,0.5,0.5,0.9420698098033362,1,1,1,0.5,0.5,0.5,0.9420698098033362,1,1,1,0.5,0.5,0.5,0.9420698098033362,1,1,1,0.5,0.5,0.5,0.9420698098033362,4.969200017512776e-05,0,100.0,0,0,0,0.0,0.0,0.0,0,0,0,0.0,0.0,0.0,0,0,0,0.0,0.0,0.0,0,0,0,0.0,0.0,0.0
Open Images,1b8c4e46421a0a9f,13,1,1,0,2,2,4,2,6,5,0,0,4,0.017758855000010954,0.006395483000233071,0.0,0.006395483000233071,0.00650789800010898,0.024318934999882913,Optimal,0,none,1.530704811414083,0,5,100.0,100.0,100.0,2.0,0,2,1,0.0,0.0,0.0,0.0,0,2,1,0.0,0.0,0.0,0.0,0,2,1,0.0,0.0,0.0,0.0,0,2,1,0.0,0.0,0.0,0.0,3.6889000057271915e-05,0,100.0,0,0,0,0.0,0.0,0.0,0,0,0,0.0,0.0,0.0,0,0,0,0.0,0.0,0.0,0,0,0,0.0,0.0,0.0
Open Images,1bde6aa77c1a45fb,29,25,4,0,20,693,40,693,733,401,0,0,40,0.023017470000013418,0.03645025200012242,0.0,0.03645025200012242,0.03746941500003231,0.062149912000222685,Optimal,0,none,16.502481374196076,0,61,100.0,100.0,100.0,2.0,13,7,12,0.65,0.52,0.5777777777777778,0.8325844373758025,13,7,12,0.65,0.52,0.5777777777777778,0.8325844373758025,13,7,12,0.65,0.52,0.5777777777777778,0.8325844373758025,13,7,12,0.65,0.52,0.5777777777777778,0.8325844373758025,0.0015757879996272095,0,100.0,0,0,0,0.0,0.0,0.0,0,0,0,0.0,0.0,0.0,0,0,0,0.0,0.0,0.0,0,0,0,0.0,0.0,0.0
Open Images,1c1a752a8b9553f7,21,0,1,0,5,40,10,40,50,26,0,0,10,0.026685565000207134,0.007409668000036618,0.0,0.007409668000036618,0.007593893999910506,0.03444020699998873,Optimal,0,none,4.330292781194053,0,16,100.0,100.0,100.0,2.0,0,5,0,0.0,0.0,0.0,0.0,0,5,0,0.0,0.0,0.0,0.0,0,5,0,0.0,0.0,0.0,0.0,0,5,0,0.0,0.0,0.0,0.0,0.00013285500017445884,0,100.0,0,0,0,0.0,0.0,0.0,0,0,0,0.0,0.0,0.0,0,0,0,0.0,0.0,0.0,0,0,0,0.0,0.0,0.0
Open Images,1d6468e90f600660,5,0,2,0,1,0,2,0,2,1,0,0,2,0.01948519799998394,0.006151503000182856,0.0,0.006151503000182856,0.006213678999756667,0.02572788799989212,Optimal,0,none,0.48808366457621255,0,2,100.0,100.0,100.0,2.0,0,1,0,0.0,0.0,0.0,0.0,0,1,0,0.0,0.0,0.0,0.0,0,1,0,0.0,0.0,0.0,0.0,0,1,0,0.0,0.0,0.0,0.0,2.0821999896725174e-05,0,100.0,0,0,0,0.0,0.0,0.0,0,0,0,0.0,0.0,0.0,0,0,0,0.0,0.0,0.0,0,0,0,0.0,0.0,0.0
Open Images,1d8766876ad7362a,6,1,1,0,1,0,2,0,2,1,0,0,2,0.01871984799981874,0.006185565000123461,0.0,0.006185565000123461,0.0062463999997817155,0.02499631299997418,Optimal,0,none,0.5012473980585734,0,2,100.0,100.0,100.0,2.0,1,0,0,1.0,1.0,1.0,0.9733708221357734,1,0,0,1.0,1.0,1.0,0.9733708221357734,1,0,0,1.0,1.0,1.0,0.9733708221357734,1,0,0,1.0,1.0,1.0,0.9733708221357734,2.2278999949776335e-05,0,100.0,0,0,0,0.0,0.0,0.0,0,0,0,0.0,0.0,0.0,0,0,0,0.0,0.0,0.0,0,0,0,0.0,0.0,0.0
Open Images,1e7b2a58768e328c,10,0,2,0,1,0,2,0,2,1,0,0,2,0.01394961300002251,0.006292046999988088,0.0,0.006292046999988088,0.00634972000034395,0.020326156999999512,Optimal,0,none,0.6336860577265422,0,2,100.0,100.0,100.0,2.0,0,1,0,0.0,0.0,0.0,0.0,0,1,0,0.0,0.0,0.0,0.0,0,1,0,0.0,0.0,0.0,0.0,0,1,0,0.0,0.0,0.0,0.0,1.9721000171557534e-05,0,100.0,0,0,0,0.0,0.0,0.0,0,0,0,0.0,0.0,0.0,0,0,0,0.0,0.0,0.0,0,0,0,0.0,0.0,0.0
Open Images,1f05d514448663fc,7,0,1,0,4,28,8,28,36,17,0,0,8,0.018212099999800557,0.007485586999791849,0.0,0.007485586999791849,0.007670185000279162,0.026014230999862775,Optimal,0,none,3.275505005518596,0,13,100.0,100.0,100.0,2.0,0,4,0,0.0,0.0,0.0,0.0,0,4,0,0.0,0.0,0.0,0.0,0,4,0,0.0,0.0,0.0,0.0,0,4,0,0.0,0.0,0.0,0.0,0.00010440999994898448,0,100.0,0,0,0,0.0,0.0,0.0,0,0,0,0.0,0.0,0.0,0,0,0,0.0,0.0,0.0,0,0,0,0.0,0.0,0.0
Open Images,1f6c156f2cb2d4f2,9,0,2,0,1,0,2,0,2,1,0,0,2,0.02226446999975451,0.0068551160002243705,0.0,0.0068551160002243705,0.006929650999609294,0.029227107999759028,Optimal,0,none,0.4944753090540568,0,2,100.0,100.0,100.0,2.0,0,1,0,0.0,0.0,0.0,0.0,0,1,0,0.0,0.0,0.0,0.0,0,1,0,0.0,0.0,0.0,0.0,0,1,0,0.0,0.0,0.0,0.0,2.4059000224951888e-05,0,100.0,0,0,0,0.0,0.0,0.0,0,0,0,0.0,0.0,0.0,0,0,0,0.0,0.0,0.0,0,0,0,0.0,0.0,0.0
Open Images,1f7c30f0c24fda91,15,0,4,0,4,20,8,20,28,17,0,0,8,0.020475669000006747,0.008163683000020683,0.0,0.008163683000020683,0.008346981999693526,0.028968479000013758,Optimal,0,none,3.398326382584655,0,13,100.0,100.0,100.0,2.0,0,4,0,0.0,0.0,0.0,0.0,0,4,0,0.0,0.0,0.0,0.0,0,4,0,0.0,0.0,0.0,0.0,0,4,0,0.0,0.0,0.0,0.0,0.00011781400007748744,0,100.0,0,0,0,0.0,0.0,0.0,0,0,0,0.0,0.0,0.0,0,0,0,0.0,0.0,0.0,0,0,0,0.0,0.0,0.0
Open Images,1fe277f5abfc7d74,14,0,4,0,1,0,2,0,2,1,0,0,2,0.016082905999610375,0.0062056259998826135,0.0,0.0062056259998826135,0.006276869999965129,0.022392660999685177,Optimal,0,none,0.5522892634073893,0,2,100.0,100.0,100.0,2.0,0,1,0,0.0,0.0,0.0,0.0,0,1,0,0.0,0.0,0.0,0.0,0,1,0,0.0,0.0,0.0,0.0,0,1,0,0.0,0.0,0.0,0.0,2.3867000436439412e-05,0,100.0,0,0,0,0.0,0.0,0.0,0,0,0,0.0,0.0,0.0,0,0,0,0.0,0.0,0.0,0,0,0,0.0,0.0,0.0
Open Images,2198847783e240e7,3,0,2,0,1,0,2,0,2,1,0,0,2,0.02204571099991881,0.005985262999729457,0.0,0.005985262999729457,0.006052081000234466,0.028125811999871075,Optimal,0,none,0.6498980919520061,0,2,100.0,100.0,100.0,2.0,0,1,0,0.0,0.0,0.0,0.0,0,1,0,0.0,0.0,0.0,0.0,0,1,0,0.0,0.0,0.0,0.0,0,1,0,0.0,0.0,0.0,0.0,2.0785999822692247e-05,0,100.0,0,0,0,0.0,0.0,0.0,0,0,0,0.0,0.0,0.0,0,0,0,0.0,0.0,0.0,0,0,0,0.0,0.0,0.0
Open Images,231a40bf7aa6ddb9,24,0,3,0,2,2,4,2,6,5,0,0,4,0.02221653599963247,0.006340879000163113,0.0,0.006340879000163113,0.0065054740002779,0.02877565799963122,Optimal,0,none,1.5168820269902545,0,5,100.0,100.0,100.0,2.0,0,2,0,0.0,0.0,0.0,0.0,0,2,0,0.0,0.0,0.0,0.0,0,2,0,0.0,0.0,0.0,0.0,0,2,0,0.0,0.0,0.0,0.0,3.8516000131494366e-05,0,100.0,0,0,0,0.0,0.0,0.0,0,0,0,0.0,0.0,0.0,0,0,0,0.0,0.0,0.0,0,0,0,0.0,0.0,0.0
Open Images,23282811e70b4df7,14,0,4,0,2,4,4,4,8,5,0,0,4,0.018018776000189973,0.006516795000152342,0.0,0.006516795000152342,0.006612357999983942,0.02468637900028625,Optimal,0,none,1.2759353407224017,0,5,100.0,100.0,100.0,2.0,0,2,0,0.0,0.0,0.0,0.0,0,2,0,0.0,0.0,0.0,0.0,0,2,0,0.0,0.0,0.0,0.0,0,2,0,0.0,0.0,0.0,0.0,4.067999998369487e-05,0,100.0,0,0,0,0.0,0.0,0.0,0,0,0,0.0,0.0,0.0,0,0,0,0.0,0.0,0.0,0,0,0,0.0,0.0,0.0
Open Images,24ecee17e7b53fab,21,0,2,0,4,22,8,22,30,17,0,0,8,0.02013019300011365,0.0075504739997995785,0.0,0.0075504739997995785,0.007695666000017809,0.027952087000358006,Optimal,0,none,3.7260514465967827,0,13,100.0,100.0,100.0,2.0,0,4,0,0.0,0.0,0.0,0.0,0,4,0,0.0,0.0,0.0,0.0,0,4,0,0.0,0.0,0.0,0.0,0,4,0,0.0,0.0,0.0,0.0,8.606999972471385e-05,0,100.0,0,0,0,0.0,0.0,0.0,0,0,0,0.0,0.0,0.0,0,0,0,0.0,0.0,0.0,0,0,0,0.0,0.0,0.0
Open Images,25ce96bd10afe1b0,46,1,9,0,8,101,16,101,117,65,0,0,16,0.01886716700028046,0.011538837000443891,0.0,0.011538837000443891,0.011830812999960472,0.03101039100010894,Optimal,0,none,6.805458134015404,0,25,100.0,100.0,100.0,2.0,1,7,0,0.125,1.0,0.2222222222222222,0.7878359443574888,1,7,0,0.125,1.0,0.2222222222222222,0.7878359443574888,1,7,0,0.125,1.0,0.2222222222222222,0.7878359443574888,1,7,0,0.125,1.0,0.2222222222222222,0.7878359443574888,0.0002757090001068718,0,100.0,0,0,0,0.0,0.0,0.0,0,0,0,0.0,0.0,0.0,0,0,0,0.0,0.0,0.0,0,0,0,0.0,0.0,0.0
Open Images,26d3e6efda2035c0,20,0,2,0,1,0,2,0,2,1,0,0,2,0.016762425000251824,0.006668465999609907,0.0,0.006668465999609907,0.006739294999988488,0.023531889999958366,Optimal,0,none,0.6185739676157633,0,2,100.0,100.0,100.0,2.0,0,1,0,0.0,0.0,0.0,0.0,0,1,0,0.0,0.0,0.0,0.0,0,1,0,0.0,0.0,0.0,0.0,0,1,0,0.0,0.0,0.0,0.0,2.2140000055514975e-05,0,100.0,0,0,0,0.0,0.0,0.0,0,0,0,0.0,0.0,0.0,0,0,0,0.0,0.0,0.0,0,0,0,0.0,0.0,0.0
Open Images,2722015316635d05,15,1,1,0,2,4,4,4,8,5,0,0,4,0.025034617000073922,0.007019799000318017,0.0,0.007019799000318017,0.007132786000056512,0.032226827000158664,Optimal,0,none,1.5091525204976397,0,5,100.0,100.0,100.0,2.0,1,1,0,0.5,1.0,0.6666666666666666,0.9277365489355252,1,1,0,0.5,1.0,0.6666666666666666,0.9277365489355252,1,1,0,0.5,1.0,0.6666666666666666,0.9277365489355252,1,1,0,0.5,1.0,0.6666666666666666,0.9277365489355252,4.4175999846629566e-05,0,100.0,0,0,0,0.0,0.0,0.0,0,0,0,0.0,0.0,0.0,0,0,0,0.0,0.0,0.0,0,0,0,0.0,0.0,0.0
Open Images,286de7c921469cec,6,0,2,0,6,61,12,61,73,37,0,0,12,0.020426589000180684,0.008947422999881383,0.0,0.008947422999881383,0.009185151999645313,0.029842862999885256,Optimal,0,none,4.841648862885429,0,19,100.0,100.0,100.0,2.0,0,6,0,0.0,0.0,0.0,0.0,0,6,0,0.0,0.0,0.0,0.0,0,6,0,0.0,0.0,0.0,0.0,0,6,0,0.0,0.0,0.0,0.0,0.00019652800028779893,0,100.0,0,0,0,0.0,0.0,0.0,0,0,0,0.0,0.0,0.0,0,0,0,0.0,0.0,0.0,0,0,0,0.0,0.0,0.0
Open Images,2bded1f9cb587843,6,0,1,0,2,3,4,3,7,5,0,0,4,0.023619783999947686,0.006350316999942152,0.0,0.006350316999942152,0.0064580119997117436,0.03013877900002626,Optimal,0,none,1.4189045079549152,0,5,100.0,100.0,100.0,2.0,0,2,0,0.0,0.0,0.0,0.0,0,2,0,0.0,0.0,0.0,0.0,0,2,0,0.0,0.0,0.0,0.0,0,2,0,0.0,0.0,0.0,0.0,4.41990000581427e-05,0,100.0,0,0,0,0.0,0.0,0.0,0,0,0,0.0,0.0,0.0,0,0,0,0.0,0.0,0.0,0,0,0,0.0,0.0,0.0
Open Images,2ce0d48f1957670e,3,0,1,0,2,2,4,2,6,5,0,0,4,0.01718703100004859,0.006837225999788643,0.0,0.006837225999788643,0.006967508999878191,0.024233719000221754,Optimal,0,none,1.112633851369222,0,5,100.0,100.0,100.0,2.0,0,2,0,0.0,0.0,0.0,0.0,0,2,0,0.0,0.0,0.0,0.0,0,2,0,0.0,0.0,0.0,0.0,0,2,0,0.0,0.0,0.0,0.0,6.109000014475896e-05,0,100.0,0,0,0,0.0,0.0,0.0,0,0,0,0.0,0.0,0.0,0,0,0,0.0,0.0,0.0,0,0,0,0.0,0.0,0.0
Open Images,2dab4bf641b91d2a,20,1,2,0,4,18,8,18,26,17,0,0,8,0.019942715000070166,0.008489132999784488,0.0,0.008489132999784488,0.008704557999863027,0.02877625800010719,Optimal,0,none,3.3153839008013417,0,13,100.0,100.0,100.0,2.0,1,3,0,0.25,1.0,0.4,0.9404980766693047,1,3,0,0.25,1.0,0.4,0.9404980766693047,1,3,0,0.25,1.0,0.4,0.9404980766693047,1,3,0,0.25,1.0,0.4,0.9404980766693047,9.897700010697008e-05,0,100.0,0,0,0,0.0,0.0,0.0,0,0,0,0.0,0.0,0.0,0,0,0,0.0,0.0,0.0,0,0,0,0.0,0.0,0.0
Open Images,2e08a3701ae74310,14,3,1,0,4,18,8,18,26,17,0,0,8,0.021928315999957704,0.00812141899996277,0.0,0.00812141899996277,0.008312710000154766,0.030359611999756453,Optimal,0,none,3.572542351881664,0,13,100.0,100.0,100.0,2.0,3,1,0,0.75,1.0,0.8571428571428571,0.8311407638447051,3,1,0,0.75,1.0,0.8571428571428571,0.8311407638447051,3,1,0,0.75,1.0,0.8571428571428571,0.8311407638447051,3,1,0,0.75,1.0,0.8571428571428571,0.8311407638447051,9.108199992624577e-05,0,100.0,0,0,0,0.0,0.0,0.0,0,0,0,0.0,0.0,0.0,0,0,0,0.0,0.0,0.0,0,0,0,0.0,0.0,0.0
Open Images,2e1b6b5c14f7d522,58,0,1,0,22,878,44,878,922,485,0,0,44,0.029323396000108914,0.044240694000109215,0.0,0.044240694000109215,0.045517662999827735,0.07701317400005792,Optimal,0,none,17.432239037946722,0,67,100.0,100.0,100.0,2.0,0,22,0,0.0,0.0,0.0,0.0,0,22,0,0.0,0.0,0.0,0.0,0,22,0,0.0,0.0,0.0,0.0,0,22,0,0.0,0.0,0.0,0.0,0.002065942000172072,0,100.0,0,0,0,0.0,0.0,0.0,0,0,0,0.0,0.0,0.0,0,0,0,0.0,0.0,0.0,0,0,0,0.0,0.0,0.0
Open Images,2e6ed3de36f341f7,27,0,4,0,8,105,16,105,121,65,0,0,16,0.022394378999706532,0.011641245000191702,0.0,0.011641245000191702,0.011932523000268702,0.03464871699998184,Optimal,0,none,6.868904681746895,0,25,100.0,100.0,100.0,2.0,0,8,0,0.0,0.0,0.0,0.0,0,8,0,0.0,0.0,0.0,0.0,0,8,0,0.0,0.0,0.0,0.0,0,8,0,0.0,0.0,0.0,0.0,0.0002831870001500647,0,100.0,0,0,0,0.0,0.0,0.0,0,0,0,0.0,0.0,0.0,0,0,0,0.0,0.0,0.0,0,0,0,0.0,0.0,0.0
Open Images,2ed000d799794d71,9,3,2,2,4,22,8,22,30,17,0,0,8,0.02504086799990546,0.00859460499987108,0.0,0.00859460499987108,0.008773466000093322,0.033957835999899544,Optimal,0,none,3.2402165584205767,0,13,100.0,100.0,100.0,2.0,2,2,1,0.5,0.6666666666666666,0.5714285714285715,0.8809923565849919,2,2,1,0.5,0.6666666666666666,0.5714285714285715,0.8809923565849919,2,2,1,0.5,0.6666666666666666,0.5714285714285715,0.8809923565849919,2,2,1,0.5,0.6666666666666666,0.5714285714285715,0.8809923565849919,0.0001145339997492556,0,100.0,0,1,2,0.0,0.0,0.0,0,2,2,0.0,0.0,0.0,0,1,2,0.0,0.0,0.0,0,1,2,0.0,0.0,0.0
Open Images,2eeec709f51ecd0d,7,3,1,0,3,13,6,13,19,10,0,0,6,0.021369394999965152,0.007401166999898123,0.0,0.007401166999898123,0.007541087999925367,0.02900080600011279,Optimal,0,none,2.507648972026066,0,10,100.0,100.0,100.0,2.0,1,2,2,0.3333333333333333,0.3333333333333333,0.3333333333333333,0.7083609059484535,1,2,2,0.3333333333333333,0.3333333333333333,0.3333333333333333,0.7083609059484535,1,2,2,0.3333333333333333,0.3333333333333333,0.3333333333333333,0.7083609059484535,1,2,2,0.3333333333333333,0.3333333333333333,0.3333333333333333,0.7083609059484535,6.853100012449431e-05,0,100.0,0,0,0,0.0,0.0,0.0,0,0,0,0.0,0.0,0.0,0,0,0,0.0,0.0,0.0,0,0,0,0.0,0.0,0.0
Open Images,2f8ff99a443af1df,12,1,1,0,6,41,12,41,53,37,0,0,12,0.020100877999993827,0.009609162999822729,0.0,0.009609162999822729,0.009842925999691943,0.030151431999911438,Optimal,0,none,5.252360770702363,0,19,100.0,100.0,100.0,2.0,0,6,1,0.0,0.0,0.0,0.9657239857995885,0,6,1,0.0,0.0,0.0,0.9657239857995885,0,6,1,0.0,0.0,0.0,0.9657239857995885,0,6,1,0.0,0.0,0.0,0.9657239857995885,0.00017133200026364648,0,100.0,0,0,0,0.0,0.0,0.0,0,0,0,0.0,0.0,0.0,0,0,0,0.0,0.0,0.0,0,0,0,0.0,0.0,0.0
Open Images,30ace30967aca271,17,0,4,0,2,2,4,2,6,5,0,0,4,0.019291757000246434,0.006888084999900457,0.0,0.006888084999900457,0.006991183999616624,0.026336047000313556,Optimal,0,none,1.4289038785298664,0,5,100.0,100.0,100.0,2.0,0,2,0,0.0,0.0,0.0,0.0,0,2,0,0.0,0.0,0.0,0.0,0,2,0,0.0,0.0,0.0,0.0,0,2,0,0.0,0.0,0.0,0.0,3.801599996222649e-05,0,100.0,0,0,0,0.0,0.0,0.0,0,0,0,0.0,0.0,0.0,0,0,0,0.0,0.0,0.0,0,0,0,0.0,0.0,0.0
Open Images,333452abf04d1b2b,25,4,3,0,14,348,28,348,376,197,0,0,28,0.026031107000108022,0.02305706499964799,0.0,0.02305706499964799,0.023701501000232383,0.05081701000017347,Optimal,0,none,10.56008641423607,0,43,100.0,100.0,100.0,2.0,1,13,3,0.07142857142857142,0.25,0.11111111111111112,0.9417375249681935,1,13,3,0.07142857142857142,0.25,0.11111111111111112,0.9417375249681935,1,13,3,0.07142857142857142,0.25,0.11111111111111112,0.9417375249681935,1,13,3,0.07142857142857142,0.25,0.11111111111111112,0.9417375249681935,0.000998602999970899,0,100.0,0,0,0,0.0,0.0,0.0,0,0,0,0.0,0.0,0.0,0,0,0,0.0,0.0,0.0,0,0,0,0.0,0.0,0.0
Open Images,366209cb2cfa7f73,15,1,3,0,2,5,4,5,9,5,0,0,4,0.037332845000037196,0.007432883000092261,0.0,0.007432883000092261,0.007553049999842187,0.04495586400025786,Optimal,0,none,1.5667322905858359,0,5,100.0,100.0,100.0,2.0,1,1,0,0.5,1.0,0.6666666666666666,0.9763294847710651,1,1,0,0.5,1.0,0.6666666666666666,0.9763294847710651,1,1,0,0.5,1.0,0.6666666666666666,0.9763294847710651,1,1,0,0.5,1.0,0.6666666666666666,0.9763294847710651,5.280400000629015e-05,0,100.0,0,0,0,0.0,0.0,0.0,0,0,0,0.0,0.0,0.0,0,0,0,0.0,0.0,0.0,0,0,0,0.0,0.0,0.0
Open Images,36a1f2f6d9539824,4,0,2,0,3,12,6,12,18,10,0,0,6,0.018572198000128992,0.007718369000031089,0.0,0.007718369000031089,0.007856926999920688,0.02651698599993324,Optimal,0,none,2.4158232116699225,0,10,100.0,100.0,100.0,2.0,0,3,0,0.0,0.0,0.0,0.0,0,3,0,0.0,0.0,0.0,0.0,0,3,0,0.0,0.0,0.0,0.0,0,3,0,0.0,0.0,0.0,0.0,6.555100026162108e-05,0,100.0,0,0,0,0.0,0.0,0.0,0,0,0,0.0,0.0,0.0,0,0,0,0.0,0.0,0.0,0,0,0,0.0,0.0,0.0
Open Images,3881457cb3a6585e,8,0,7,0,0,0,0,0,0,0,0,0,1,0.019802113999958237,0.0062442120001833246,0.0,0.0062442120001833246,0.006315285000255244,0.02613443600012033,Optimal,0,none,,0,1,100.0,0.0,0.0,0.0,0,0,0,0.0,0.0,0.0,0.0,0,0,0,0.0,0.0,0.0,0.0,0,0,0,0.0,0.0,0.0,0.0,0,0,0,0.0,0.0,0.0,0.0,1.0993000159942312e-05,0,100.0,0,0,0,0.0,0.0,0.0,0,0,0,0.0,0.0,0.0,0,0,0,0.0,0.0,0.0,0,0,0,0.0,0.0,0.0
Open Images,38dde2b71edf6611,17,0,7,0,1,0,2,0,2,1,0,0,2,0.01934762699966086,0.007173292999596015,0.0,0.007173292999596015,0.007252889000028517,0.026633710999703908,Optimal,0,none,0.6259068648020427,0,2,100.0,100.0,100.0,2.0,0,1,0,0.0,0.0,0.0,0.0,0,1,0,0.0,0.0,0.0,0.0,0,1,0,0.0,0.0,0.0,0.0,0,1,0,0.0,0.0,0.0,0.0,2.4001000383577775e-05,0,100.0,0,0,0,0.0,0.0,0.0,0,0,0,0.0,0.0,0.0,0,0,0,0.0,0.0,0.0,0,0,0,0.0,0.0,0.0
Open Images,3b2444d13b3b30e1,14,2,1,0,4,27,8,27,35,17,0,0,8,0.027210647000174504,0.008575199999995675,0.0,0.008575199999995675,0.00888104800014844,0.03623999499995989,Optimal,0,none,3.62683763186137,0,13,100.0,100.0,100.0,2.0,2,2,0,0.5,1.0,0.6666666666666666,0.7416443980189081,2,2,0,0.5,1.0,0.6666666666666666,0.7416443980189081,2,2,0,0.5,1.0,0.6666666666666666,0.7416443980189081,2,2,0,0.5,1.0,0.6666666666666666,0.7416443980189081,0.00011922100020456128,0,100.0,0,0,0,0.0,0.0,0.0,0,0,0,0.0,0.0,0.0,0,0,0,0.0,0.0,0.0,0,0,0,0.0,0.0,0.0
Open Images,3b78e75f33d9b90a,10,2,5,0,2,4,4,4,8,5,0,0,4,0.019815379999727156,0.007257604999722389,0.0,0.007257604999722389,0.007370244999947317,0.027247482999882777,Optimal,0,none,1.472061498959859,0,5,100.0,100.0,100.0,2.0,0,2,2,0.0,0.0,0.0,0.0,0,2,2,0.0,0.0,0.0,0.0,0,2,2,0.0,0.0,0.0,0.0,0,2,2,0.0,0.0,0.0,0.0,4.6256000132416375e-05,0,100.0,0,0,0,0.0,0.0,0.0,0,0,0,0.0,0.0,0.0,0,0,0,0.0,0.0,0.0,0,0,0,0.0,0.0,0.0
Open Images,3ba112bd2a75b755,11,0,2,0,2,2,4,2,6,5,0,0,4,0.026065271999868855,0.0070188950003284845,0.0,0.0070188950003284845,0.007130361000236007,0.03325481000001673,Optimal,0,none,1.0605557449658711,0,5,100.0,100.0,100.0,2.0,0,2,0,0.0,0.0,0.0,0.0,0,2,0,0.0,0.0,0.0,0.0,0,2,0,0.0,0.0,0.0,0.0,0,2,0,0.0,0.0,0.0,0.0,4.201399997327826e-05,0,100.0,0,0,0,0.0,0.0,0.0,0,0,0,0.0,0.0,0.0,0,0,0,0.0,0.0,0.0,0,0,0,0.0,0.0,0.0
Open Images,3bbedd517e851024,28,4,4,0,4,24,8,24,32,17,0,0,8,0.0241623960000652,0.008398692999890045,0.0,0.008398692999890045,0.008568475000174658,0.03286418700008653,Optimal,0,none,3.477640065352123,0,13,100.0,100.0,100.0,2.0,0,4,4,0.0,0.0,0.0,0.0,0,4,4,0.0,0.0,0.0,0.0,0,4,4,0.0,0.0,0.0,0.0,0,4,4,0.0,0.0,0.0,0.0,0.0001056119999702787,0,100.0,0,0,0,0.0,0.0,0.0,0,0,0,0.0,0.0,0.0,0,0,0,0.0,0.0,0.0,0,0,0,0.0,0.0,0.0
Open Images,3be189900a496924,18,2,5,0,2,4,4,4,8,5,0,0,4,0.018055265999919357,0.007006166999872221,0.0,0.007006166999872221,0.007114905999969778,0.02522882799985382,Optimal,0,none,1.5276188643773398,0,5,100.0,100.0,100.0,2.0,0,2,2,0.0,0.0,0.0,0.0,0,2,2,0.0,0.0,0.0,0.0,0,2,2,0.0,0.0,0.0,0.0,0,2,2,0.0,0.0,0.0,0.0,4.334300001573865e-05,0,100.0,0,0,0,0.0,0.0,0.0,0,0,0,0.0,0.0,0.0,0,0,0,0.0,0.0,0.0,0,0,0,0.0,0.0,0.0
Open Images,3c134d48cbb1e25c,15,0,1,0,7,78,14,78,92,50,0,0,14,0.02293302899988703,0.012219247999837535,0.0,0.012219247999837535,0.01254279900012989,0.03585049999992407,Optimal,0,none,5.354841416781365,0,22,100.0,100.0,100.0,2.0,0,7,0,0.0,0.0,0.0,0.0,0,7,0,0.0,0.0,0.0,0.0,0,7,0,0.0,0.0,0.0,0.0,0,7,0,0.0,0.0,0.0,0.0,0.0003286719997959153,0,100.0,0,0,0,0.0,0.0,0.0,0,0,0,0.0,0.0,0.0,0,0,0,0.0,0.0,0.0,0,0,0,0.0,0.0,0.0
Open Images,3ce9353aae8238b1,34,1,1,0,9,122,18,122,140,82,0,0,18,0.02719522000006691,0.012094855000214011,0.0,0.012094855000214011,0.012403215999711392,0.04005993300006594,Optimal,0,none,6.994173042774204,0,28,100.0,100.0,100.0,2.0,1,8,0,0.1111111111111111,1.0,0.19999999999999998,0.8952752120231794,1,8,0,0.1111111111111111,1.0,0.19999999999999998,0.8952752120231794,1,8,0,0.1111111111111111,1.0,0.19999999999999998,0.8952752120231794,1,8,0,0.1111111111111111,1.0,0.19999999999999998,0.8952752120231794,0.0004164369997852191,0,100.0,0,0,0,0.0,0.0,0.0,0,0,0,0.0,0.0,0.0,0,0,0,0.0,0.0,0.0,0,0,0,0.0,0.0,0.0
Open Images,3d1275028c1dcd88,41,8,3,0,8,103,16,103,119,65,0,0,16,0.02952896699980556,0.011559711000245443,0.0,0.011559711000245443,0.011936941999920236,0.04187256299974251,Optimal,0,none,6.733682657918186,0,25,100.0,100.0,100.0,2.0,3,5,5,0.375,0.375,0.375,0.8094657921470095,3,5,5,0.375,0.375,0.375,0.8094657921470095,3,5,5,0.375,0.375,0.375,0.8094657921470095,3,5,5,0.375,0.375,0.375,0.8094657921470095,0.00035952700000052573,0,100.0,0,0,0,0.0,0.0,0.0,0,0,0,0.0,0.0,0.0,0,0,0,0.0,0.0,0.0,0,0,0,0.0,0.0,0.0
Open Images,3d42dd0fca5505cf,8,0,4,0,3,8,6,8,14,10,0,0,6,0.025702512999941973,0.007016178999947442,0.0,0.007016178999947442,0.007146212999941781,0.032925821999924665,Optimal,0,none,2.358098704814911,0,10,100.0,100.0,100.0,2.0,0,3,0,0.0,0.0,0.0,0.0,0,3,0,0.0,0.0,0.0,0.0,0,3,0,0.0,0.0,0.0,0.0,0,3,0,0.0,0.0,0.0,0.0,5.632700003843638e-05,0,100.0,0,0,0,0.0,0.0,0.0,0,0,0,0.0,0.0,0.0,0,0,0,0.0,0.0,0.0,0,0,0,0.0,0.0,0.0
Open Images,3e3f45d51c4a049e,22,0,2,0,3,10,6,10,16,10,0,0,6,0.028109517999837408,0.00710003600033815,0.0,0.00710003600033815,0.007265202999860776,0.03546113799984596,Optimal,0,none,2.1814411330223082,0,10,100.0,100.0,100.0,2.0,0,3,0,0.0,0.0,0.0,0.0,0,3,0,0.0,0.0,0.0,0.0,0,3,0,0.0,0.0,0.0,0.0,0,3,0,0.0,0.0,0.0,0.0,6.482099979621125e-05,0,100.0,0,0,0,0.0,0.0,0.0,0,0,0,0.0,0.0,0.0,0,0,0,0.0,0.0,0.0,0,0,0,0.0,0.0,0.0
Open Images,3e6029e1509f1dd1,12,1,1,0,2,4,4,4,8,5,0,0,4,0.02045401400027913,0.006915551000020059,0.0,0.006915551000020059,0.007024608999927295,0.027538636999906885,Optimal,0,none,1.3039254983266195,0,5,100.0,100.0,100.0,2.0,0,2,1,0.0,0.0,0.0,0.0,0,2,1,0.0,0.0,0.0,0.0,0,2,1,0.0,0.0,0.0,0.0,0,2,1,0.0,0.0,0.0,0.0,4.474399975151755e-05,0,100.0,0,0,0,0.0,0.0,0.0,0,0,0,0.0,0.0,0.0,0,0,0,0.0,0.0,0.0,0,0,0,0.0,0.0,0.0
Open Images,3efce935d21b765a,33,1,1,0,4,20,8,20,28,17,0,0,8,0.03545903799977168,0.00848313300002701,0.0,0.00848313300002701,0.008655819000068732,0.04423716899964347,Optimal,0,none,3.581880542437237,0,13,100.0,100.0,100.0,2.0,1,3,0,0.25,1.0,0.4,0.9834501803810545,1,3,0,0.25,1.0,0.4,0.9834501803810545,1,3,0,0.25,1.0,0.4,0.9834501803810545,1,3,0,0.25,1.0,0.4,0.9834501803810545,9.718899991639773e-05,0,100.0,0,0,0,0.0,0.0,0.0,0,0,0,0.0,0.0,0.0,0,0,0,0.0,0.0,0.0,0,0,0,0.0,0.0,0.0
Open Images,3f2cc085cfc23975,26,2,1,0,2,2,4,2,6,5,0,0,4,0.018166003999795066,0.007026876000054472,0.0,0.007026876000054472,0.0071985909999057185,0.025421962000109488,Optimal,0,none,1.5358788855870564,0,5,100.0,100.0,100.0,2.0,0,2,2,0.0,0.0,0.0,0.0,0,2,2,0.0,0.0,0.0,0.0,0,2,2,0.0,0.0,0.0,0.0,0,2,2,0.0,0.0,0.0,0.0,4.020000005766633e-05,0,100.0,0,0,0,0.0,0.0,0.0,0,0,0,0.0,0.0,0.0,0,0,0,0.0,0.0,0.0,0,0,0,0.0,0.0,0.0
Open Images,3f67ddce3448e74c,19,1,1,0,2,4,4,4,8,5,0,0,4,0.028869490000033693,0.0071851370003059856,0.0,0.0071851370003059856,0.00730527300038375,0.03627448999986882,Optimal,0,none,1.4666102202733362,0,5,100.0,100.0,100.0,2.0,1,1,0,0.5,1.0,0.6666666666666666,0.8218840960745321,1,1,0,0.5,1.0,0.6666666666666666,0.8218840960745321,1,1,0,0.5,1.0,0.6666666666666666,0.8218840960745321,1,1,0,0.5,1.0,0.6666666666666666,0.8218840960745321,7.252000023072469e-05,0,100.0,0,0,0,0.0,0.0,0.0,0,0,0,0.0,0.0,0.0,0,0,0,0.0,0.0,0.0,0,0,0,0.0,0.0,0.0
Open Images,3f7d5b7ffa990565,27,8,12,0,7,80,14,80,94,49,0,0,14,0.02195620400016196,0.010828982000020915,0.0,0.010828982000020915,0.011082773999987694,0.03339637799990669,Optimal,0,none,5.580904852549238,0,22,100.0,100.0,100.0,2.0,2,5,6,0.2857142857142857,0.25,0.26666666666666666,0.7044107466659228,2,5,6,0.2857142857142857,0.25,0.26666666666666666,0.7044107466659228,2,5,6,0.2857142857142857,0.25,0.26666666666666666,0.7044107466659228,2,5,6,0.2857142857142857,0.25,0.26666666666666666,0.7044107466659228,0.00031076499999471707,0,100.0,0,0,0,0.0,0.0,0.0,0,0,0,0.0,0.0,0.0,0,0,0,0.0,0.0,0.0,0,0,0,0.0,0.0,0.0
Open Images,408209a5977369e8,14,0,6,0,1,0,2,0,2,1,0,0,2,0.020058827999946516,0.006860013999812509,0.0,0.006860013999812509,0.006940106000001833,0.02703540599986809,Optimal,0,none,0.6049686829249064,0,2,100.0,100.0,100.0,2.0,0,1,0,0.0,0.0,0.0,0.0,0,1,0,0.0,0.0,0.0,0.0,0,1,0,0.0,0.0,0.0,0.0,0,1,0,0.0,0.0,0.0,0.0,2.6077000256918836e-05,0,100.0,0,0,0,0.0,0.0,0.0,0,0,0,0.0,0.0,0.0,0,0,0,0.0,0.0,0.0,0,0,0,0.0,0.0,0.0
Open Images,41a362d2cf8dd3f8,12,0,2,0,1,0,2,0,2,1,0,0,2,0.026403455000036047,0.00688951799975257,0.0,0.00688951799975257,0.006985101999816834,0.0334204740001951,Optimal,0,none,0.6249683300654094,0,2,100.0,100.0,100.0,2.0,0,1,0,0.0,0.0,0.0,0.0,0,1,0,0.0,0.0,0.0,0.0,0,1,0,0.0,0.0,0.0,0.0,0,1,0,0.0,0.0,0.0,0.0,2.329199969608453e-05,0,100.0,0,0,0,0.0,0.0,0.0,0,0,0,0.0,0.0,0.0,0,0,0,0.0,0.0,0.0,0,0,0,0.0,0.0,0.0
Open Images,422d4210cdcdb6a5,22,1,2,0,2,2,4,2,6,5,0,0,4,0.019396479000079125,0.007080748000134918,0.0,0.007080748000134918,0.00718833699966126,0.02663771200013798,Optimal,0,none,1.47836102326711,0,5,100.0,100.0,100.0,2.0,1,1,0,0.5,1.0,0.6666666666666666,0.6905396309462108,1,1,0,0.5,1.0,0.6666666666666666,0.6905396309462108,1,1,0,0.5,1.0,0.6666666666666666,0.6905396309462108,1,1,0,0.5,1.0,0.6666666666666666,0.6905396309462108,3.6684999940916896e-05,0,100.0,0,0,0,0.0,0.0,0.0,0,0,0,0.0,0.0,0.0,0,0,0,0.0,0.0,0.0,0,0,0,0.0,0.0,0.0
Open Images,4287fb387a363c94,11,0,6,0,3,10,6,10,16,10,0,0,6,0.031002488000012818,0.0072853409997151175,0.0,0.0072853409997151175,0.007468182000138768,0.03856443399990894,Optimal,0,none,2.331888611316681,0,10,100.0,100.0,100.0,2.0,0,3,0,0.0,0.0,0.0,0.0,0,3,0,0.0,0.0,0.0,0.0,0,3,0,0.0,0.0,0.0,0.0,0,3,0,0.0,0.0,0.0,0.0,6.85549998706847e-05,0,100.0,0,0,0,0.0,0.0,0.0,0,0,0,0.0,0.0,0.0,0,0,0,0.0,0.0,0.0,0,0,0,0.0,0.0,0.0
Open Images,42cdf62be2cd206c,23,9,2,0,17,470,34,470,504,290,0,0,34,0.028720630000407255,0.028604793000340578,0.0,0.028604793000340578,0.02934837700013304,0.05938428500030568,Optimal,0,none,14.20764364479021,0,52,100.0,100.0,100.0,2.0,6,11,3,0.35294117647058826,0.6666666666666666,0.46153846153846156,0.8482710950057251,6,11,3,0.35294117647058826,0.6666666666666666,0.46153846153846156,0.8482710950057251,6,11,3,0.35294117647058826,0.6666666666666666,0.46153846153846156,0.8482710950057251,6,11,3,0.35294117647058826,0.6666666666666666,0.46153846153846156,0.8482710950057251,0.0012358419999145553,0,100.0,0,0,0,0.0,0.0,0.0,0,0,0,0.0,0.0,0.0,0,0,0,0.0,0.0,0.0,0,0,0,0.0,0.0,0.0
Open Images,43c19287631911c6,29,1,1,0,1,0,2,0,2,1,0,0,2,0.026536501000009594,0.006835020000380609,0.0,0.006835020000380609,0.006920719000390818,0.0334886710002138,Optimal,0,none,0.5776530663172403,0,2,100.0,100.0,100.0,2.0,0,1,1,0.0,0.0,0.0,0.0,0,1,1,0.0,0.0,0.0,0.0,0,1,1,0.0,0.0,0.0,0.0,0,1,1,0.0,0.0,0.0,0.0,2.2832000013295328e-05,0,100.0,0,0,0,0.0,0.0,0.0,0,0,0,0.0,0.0,0.0,0,0,0,0.0,0.0,0.0,0,0,0,0.0,0.0,0.0
Open Images,43f2a4b7197637ff,3,1,2,0,1,0,2,0,2,1,0,0,2,0.02268123099975128,0.0068532330001289665,0.0,0.0068532330001289665,0.006935713999610016,0.02967130399974849,Optimal,0,none,0.6429742733637491,0,2,100.0,100.0,100.0,2.0,1,0,0,1.0,1.0,1.0,0.9540948588703974,1,0,0,1.0,1.0,1.0,0.9540948588703974,1,0,0,1.0,1.0,1.0,0.9540948588703974,1,0,0,1.0,1.0,1.0,0.9540948588703974,4.3555000047490466e-05,0,100.0,0,0,0,0.0,0.0,0.0,0,0,0,0.0,0.0,0.0,0,0,0,0.0,0.0,0.0,0,0,0,0.0,0.0,0.0
Open Images,4420025f6d6ab706,23,1,2,0,7,66,14,66,80,50,0,0,14,0.034878397999818844,0.01141592900012256,0.0,0.01141592900012256,0.01170347600009336,0.046946590000061406,Optimal,0,none,5.750148694876083,0,22,100.0,100.0,100.0,2.0,1,6,0,0.14285714285714285,1.0,0.25,0.9471912386236794,1,6,0,0.14285714285714285,1.0,0.25,0.9471912386236794,1,6,0,0.14285714285714285,1.0,0.25,0.9471912386236794,1,6,0,0.14285714285714285,1.0,0.25,0.9471912386236794,0.0003181259999109898,0,100.0,0,0,0,0.0,0.0,0.0,0,0,0,0.0,0.0,0.0,0,0,0,0.0,0.0,0.0,0,0,0,0.0,0.0,0.0
Open Images,450dc8db3bfee2c9,25,0,1,0,3,9,6,9,15,10,0,0,6,0.022224268000172742,0.007582887999888044,0.0,0.007582887999888044,0.007727835999958188,0.03004420100023708,Optimal,0,none,2.5320233511924743,0,10,100.0,100.0,100.0,2.0,0,3,0,0.0,0.0,0.0,0.0,0,3,0,0.0,0.0,0.0,0.0,0,3,0,0.0,0.0,0.0,0.0,0,3,0,0.0,0.0,0.0,0.0,6.805699968026602e-05,0,100.0,0,0,0,0.0,0.0,0.0,0,0,0,0.0,0.0,0.0,0,0,0,0.0,0.0,0.0,0,0,0,0.0,0.0,0.0
Open Images,489b8628e0f419a5,23,1,1,0,2,6,4,6,10,5,0,0,4,0.025671089999832475,0.007705101000283321,0.0,0.007705101000283321,0.00785623100000521,0.03359444599982453,Optimal,0,none,1.4132146628697715,0,5,100.0,100.0,100.0,2.0,1,1,0,0.5,1.0,0.6666666666666666,0.9412092352338386,1,1,0,0.5,1.0,0.6666666666666666,0.9412092352338386,1,1,0,0.5,1.0,0.6666666666666666,0.9412092352338386,1,1,0,0.5,1.0,0.6666666666666666,0.9412092352338386,5.136600020705373e-05,0,100.0,0,0,0,0.0,0.0,0.0,0,0,0,0.0,0.0,0.0,0,0,0,0.0,0.0,0.0,0,0,0,0.0,0.0,0.0
Open Images,48abd1db27d7de96,32,2,1,0,7,77,14,77,91,50,0,0,14,0.0205218490000334,0.010944365999876027,0.0,0.010944365999876027,0.011225060000015219,0.032020045000081154,Optimal,0,none,5.730502754847211,0,22,100.0,100.0,100.0,2.0,2,5,0,0.2857142857142857,1.0,0.4444444444444445,0.8365104225501365,2,5,0,0.2857142857142857,1.0,0.4444444444444445,0.8365104225501365,2,5,0,0.2857142857142857,1.0,0.4444444444444445,0.8365104225501365,2,5,0,0.2857142857142857,1.0,0.4444444444444445,0.8365104225501365,0.00023353500000666827,0,100.0,0,0,0,0.0,0.0,0.0,0,0,0,0.0,0.0,0.0,0,0,0,0.0,0.0,0.0,0,0,0,0.0,0.0,0.0
Open Images,48cd906fad6004bf,3,0,2,0,3,6,6,6,12,10,0,0,6,0.02458246100013639,0.007690747000197007,0.0,0.007690747000197007,0.007839323000098375,0.03256871800022054,Optimal,0,none,2.636022543907166,0,10,100.0,100.0,100.0,2.0,0,3,0,0.0,0.0,0.0,0.0,0,3,0,0.0,0.0,0.0,0.0,0,3,0,0.0,0.0,0.0,0.0,0,3,0,0.0,0.0,0.0,0.0,0.0001189579998026602,0,100.0,0,0,0,0.0,0.0,0.0,0,0,0,0.0,0.0,0.0,0,0,0,0.0,0.0,0.0,0,0,0,0.0,0.0,0.0
Open Images,48d7e9892a1653e3,7,0,2,0,2,4,4,4,8,5,0,0,4,0.02160615200000393,0.0073963390000244544,0.0,0.0073963390000244544,0.007546861999799148,0.02921281499993711,Optimal,0,none,1.3847689302762354,0,5,100.0,100.0,100.0,2.0,0,2,0,0.0,0.0,0.0,0.0,0,2,0,0.0,0.0,0.0,0.0,0,2,0,0.0,0.0,0.0,0.0,0,2,0,0.0,0.0,0.0,0.0,4.38130000475212e-05,0,100.0,0,0,0,0.0,0.0,0.0,0,0,0,0.0,0.0,0.0,0,0,0,0.0,0.0,0.0,0,0,0,0.0,0.0,0.0
Open Images,494c1c49e967eb79,33,1,5,0,6,46,12,46,58,37,0,0,12,0.030398701000194706,0.010523593000016263,0.0,0.010523593000016263,0.010816322000209766,0.04140873200003625,Optimal,0,none,5.051163768978144,0,19,100.0,100.0,100.0,2.0,1,5,0,0.16666666666666666,1.0,0.2857142857142857,0.6880547856875847,1,5,0,0.16666666666666666,1.0,0.2857142857142857,0.6880547856875847,1,5,0,0.16666666666666666,1.0,0.2857142857142857,0.6880547856875847,1,5,0,0.16666666666666666,1.0,0.2857142857142857,0.6880547856875847,0.0001587349997862475,0,100.0,0,0,0,0.0,0.0,0.0,0,0,0,0.0,0.0,0.0,0,0,0,0.0,0.0,0.0,0,0,0,0.0,0.0,0.0
Open Images,49cc9e3699b6a53e,43,0,7,0,12,250,24,250,274,145,0,0,24,0.02431983799988302,0.020037113999933354,0.0,0.020037113999933354,0.020569732999774715,0.04560255300020799,Optimal,0,none,10.374908093047237,0,37,100.0,100.0,100.0,2.0,0,12,0,0.0,0.0,0.0,0.0,0,12,0,0.0,0.0,0.0,0.0,0,12,0,0.0,0.0,0.0,0.0,0,12,0,0.0,0.0,0.0,0.0,0.0006542420001096616,0,100.0,0,0,0,0.0,0.0,0.0,0,0,0,0.0,0.0,0.0,0,0,0,0.0,0.0,0.0,0,0,0,0.0,0.0,0.0
Open Images,4a197f10b93d99d8,28,0,1,0,11,181,22,181,203,122,0,0,22,0.029093963999912376,0.01632544099993538,0.0,0.01632544099993538,0.016747000999657757,0.04642716699981975,Optimal,0,none,9.698943167888052,0,34,100.0,100.0,100.0,2.0,0,11,0,0.0,0.0,0.0,0.0,0,11,0,0.0,0.0,0.0,0.0,0,11,0,0.0,0.0,0.0,0.0,0,11,0,0.0,0.0,0.0,0.0,0.0005076020001979487,0,100.0,0,0,0,0.0,0.0,0.0,0,0,0,0.0,0.0,0.0,0,0,0,0.0,0.0,0.0,0,0,0,0.0,0.0,0.0
Open Images,4c9154ccd94191ff,8,1,1,0,2,2,4,2,6,5,0,0,4,0.021517358999972203,0.007115437999800633,0.0,0.007115437999800633,0.007256710000092426,0.02883310499964864,Optimal,0,none,1.5633806975682578,0,5,100.0,100.0,100.0,2.0,1,1,0,0.5,1.0,0.6666666666666666,0.9346366901550183,1,1,0,0.5,1.0,0.6666666666666666,0.9346366901550183,1,1,0,0.5,1.0,0.6666666666666666,0.9346366901550183,1,1,0,0.5,1.0,0.6666666666666666,0.9346366901550183,4.193099994154181e-05,0,100.0,0,0,0,0.0,0.0,0.0,0,0,0,0.0,0.0,0.0,0,0,0,0.0,0.0,0.0,0,0,0,0.0,0.0,0.0
Open Images,4dd4010e95454176,38,17,4,0,12,263,24,263,287,145,0,0,24,0.028054505000000063,0.018772607000300923,0.0,0.018772607000300923,0.019269874000201526,0.04806632300005731,Optimal,0,none,9.235264398003041,0,37,100.0,100.0,100.0,2.0,5,7,12,0.4166666666666667,0.29411764705882354,0.3448275862068966,0.8339316048579433,5,7,12,0.4166666666666667,0.29411764705882354,0.3448275862068966,0.8339316048579433,5,7,12,0.4166666666666667,0.29411764705882354,0.3448275862068966,0.8339316048579433,5,7,12,0.4166666666666667,0.29411764705882354,0.3448275862068966,0.8339316048579433,0.0006667940001534589,0,100.0,0,0,0,0.0,0.0,0.0,0,0,0,0.0,0.0,0.0,0,0,0,0.0,0.0,0.0,0,0,0,0.0,0.0,0.0
Open Images,4e409a31ed9b18e3,13,0,2,0,1,0,2,0,2,1,0,0,2,0.01877559900003689,0.0071196899998540175,0.0,0.0071196899998540175,0.007194134000201302,0.02600050699993517,Optimal,0,none,0.5883642594019571,0,2,100.0,100.0,100.0,2.0,0,1,0,0.0,0.0,0.0,0.0,0,1,0,0.0,0.0,0.0,0.0,0,1,0,0.0,0.0,0.0,0.0,0,1,0,0.0,0.0,0.0,0.0,2.24099999286409e-05,0,100.0,0,0,0,0.0,0.0,0.0,0,0,0,0.0,0.0,0.0,0,0,0,0.0,0.0,0.0,0,0,0,0.0,0.0,0.0
Open Images,515d392264b903b5,2,0,1,0,2,3,4,3,7,5,0,0,4,0.024455259000205842,0.007228565999866987,0.0,0.007228565999866987,0.0073499680001987144,0.03186844500032748,Optimal,0,none,1.4269418032964074,0,5,100.0,100.0,100.0,2.0,0,2,0,0.0,0.0,0.0,0.0,0,2,0,0.0,0.0,0.0,0.0,0,2,0,0.0,0.0,0.0,0.0,0,2,0,0.0,0.0,0.0,0.0,4.545899992081104e-05,0,100.0,0,0,0,0.0,0.0,0.0,0,0,0,0.0,0.0,0.0,0,0,0,0.0,0.0,0.0,0,0,0,0.0,0.0,0.0
Open Images,52072b5c865a4f30,4,0,2,0,2,5,4,5,9,5,0,0,4,0.017758466000032058,0.00750690199993187,0.0,0.00750690199993187,0.007638101000338793,0.025462696999966283,Optimal,0,none,1.3527065957355815,0,5,100.0,100.0,100.0,2.0,0,2,0,0.0,0.0,0.0,0.0,0,2,0,0.0,0.0,0.0,0.0,0,2,0,0.0,0.0,0.0,0.0,0,2,0,0.0,0.0,0.0,0.0,5.085099974166951e-05,0,100.0,0,0,0,0.0,0.0,0.0,0,0,0,0.0,0.0,0.0,0,0,0,0.0,0.0,0.0,0,0,0,0.0,0.0,0.0
Open Images,52371c64db9ee3f2,34,2,13,0,23,850,46,850,896,530,0,0,46,0.03769650200001706,0.04734687599966492,0.0,0.04734687599966492,0.048557605000041804,0.08849171600013506,Optimal,0,none,18.856492051964665,0,70,100.0,100.0,100.0,2.0,1,22,1,0.043478260869565216,0.5,0.08,0.7475729044820907,1,22,1,0.043478260869565216,0.5,0.08,0.7475729044820907,1,22,1,0.043478260869565216,0.5,0.08,0.7475729044820907,1,22,1,0.043478260869565216,0.5,0.08,0.7475729044820907,0.0020866410000053293,0,100.0,0,0,0,0.0,0.0,0.0,0,0,0,0.0,0.0,0.0,0,0,0,0.0,0.0,0.0,0,0,0,0.0,0.0,0.0
Open Images,537fcd028b47bc5f,11,0,1,0,2,2,4,2,6,5,0,0,4,0.0224798419999388,0.00727505899976677,0.0,0.00727505899976677,0.007382090999726643,0.02991542399968239,Optimal,0,none,1.1408699162801106,0,5,100.0,100.0,100.0,2.0,0,2,0,0.0,0.0,0.0,0.0,0,2,0,0.0,0.0,0.0,0.0,0,2,0,0.0,0.0,0.0,0.0,0,2,0,0.0,0.0,0.0,0.0,3.841499983536778e-05,0,100.0,0,0,0,0.0,0.0,0.0,0,0,0,0.0,0.0,0.0,0,0,0,0.0,0.0,0.0,0,0,0,0.0,0.0,0.0
Open Images,561fe7f628410a18,12,1,1,0,1,0,2,0,2,1,0,0,2,0.025203276999945956,0.006961276000311045,0.0,0.006961276000311045,0.00704502999997203,0.032301402000030066,Optimal,0,none,0.6247866074244182,0,2,100.0,100.0,100.0,2.0,0,1,1,0.0,0.0,0.0,0.0,0,1,1,0.0,0.0,0.0,0.0,0,1,1,0.0,0.0,0.0,0.0,0,1,1,0.0,0.0,0.0,0.0,4.348900029071956e-05,0,100.0,0,0,0,0.0,0.0,0.0,0,0,0,0.0,0.0,0.0,0,0,0,0.0,0.0,0.0,0,0,0,0.0,0.0,0.0
Open Images,571e87b93aecab33,7,1,1,0,4,22,8,22,30,17,0,0,8,0.0196413520002352,0.008389171000089846,0.0,0.008389171000089846,0.008580329999858805,0.0283407269998861,Optimal,0,none,2.904967137972515,0,13,100.0,100.0,100.0,2.0,0,4,1,0.0,0.0,0.0,0.9646173330990332,0,4,1,0.0,0.0,0.0,0.9646173330990332,0,4,1,0.0,0.0,0.0,0.9646173330990332,0,4,1,0.0,0.0,0.0,0.9646173330990332,9.34449999476783e-05,0,100.0,0,0,0,0.0,0.0,0.0,0,0,0,0.0,0.0,0.0,0,0,0,0.0,0.0,0.0,0,0,0,0.0,0.0,0.0
Open Images,582be29db5b1a39d,14,0,6,0,1,0,2,0,2,1,0,0,2,0.020928989000367437,0.006817667999712285,0.0,0.006817667999712285,0.006893583999953989,0.0278543780000291,Optimal,0,none,0.6219467560450236,0,2,100.0,100.0,100.0,2.0,0,1,0,0.0,0.0,0.0,0.0,0,1,0,0.0,0.0,0.0,0.0,0,1,0,0.0,0.0,0.0,0.0,0,1,0,0.0,0.0,0.0,0.0,2.3508000140282093e-05,0,100.0,0,0,0,0.0,0.0,0.0,0,0,0,0.0,0.0,0.0,0,0,0,0.0,0.0,0.0,0,0,0,0.0,0.0,0.0
Open Images,5847ef17fa137eea,5,2,3,0,2,2,4,2,6,5,0,0,4,0.021426731000246946,0.007051190999845858,0.0,0.007051190999845858,0.007160118000228977,0.028637984999932087,Optimal,0,none,1.3325619848569237,0,5,100.0,100.0,100.0,2.0,1,1,1,0.5,0.5,0.5,0.9670630448871077,1,1,1,0.5,0.5,0.5,0.9670630448871077,1,1,1,0.5,0.5,0.5,0.9670630448871077,1,1,1,0.5,0.5,0.5,0.9670630448871077,3.673900027933996e-05,0,100.0,0,0,0,0.0,0.0,0.0,0,0,0,0.0,0.0,0.0,0,0,0,0.0,0.0,0.0,0,0,0,0.0,0.0,0.0
Open Images,5a1600c71cb5d944,13,0,1,0,1,0,2,0,2,1,0,0,2,0.026793163000093045,0.006610837000152969,0.0,0.006610837000152969,0.006683787999918422,0.03350875799969799,Optimal,0,none,0.6453392903010051,0,2,100.0,100.0,100.0,2.0,0,1,0,0.0,0.0,0.0,0.0,0,1,0,0.0,0.0,0.0,0.0,0,1,0,0.0,0.0,0.0,0.0,0,1,0,0.0,0.0,0.0,0.0,2.3067000256560277e-05,0,100.0,0,0,0,0.0,0.0,0.0,0,0,0,0.0,0.0,0.0,0,0,0,0.0,0.0,0.0,0,0,0,0.0,0.0,0.0
Open Images,5a63bb568d149c2e,21,4,3,0,15,392,30,392,422,226,0,0,30,0.024129792000167072,0.02424497900028655,0.0,0.02424497900028655,0.024900767999952222,0.05011689799994201,Optimal,0,none,12.64078607160561,0,46,100.0,100.0,100.0,2.0,2,13,2,0.13333333333333333,0.5,0.2105263157894737,0.6949107165891328,2,13,2,0.13333333333333333,0.5,0.2105263157894737,0.6949107165891328,2,13,2,0.13333333333333333,0.5,0.2105263157894737,0.6949107165891328,2,13,2,0.13333333333333333,0.5,0.2105263157894737,0.6949107165891328,0.001010222999866528,0,100.0,0,0,0,0.0,0.0,0.0,0,0,0,0.0,0.0,0.0,0,0,0,0.0,0.0,0.0,0,0,0,0.0,0.0,0.0
Open Images,5b906e188aac9f24,12,5,1,0,4,23,8,23,31,17,0,0,8,0.027342449000116176,0.008324298999923485,0.0,0.008324298999923485,0.008494733000134147,0.035976248999759264,Optimal,0,none,3.1859926597277335,0,13,100.0,100.0,100.0,2.0,1,3,4,0.25,0.2,0.22222222222222224,0.9499007163455746,1,3,4,0.25,0.2,0.22222222222222224,0.9499007163455746,1,3,4,0.25,0.2,0.22222222222222224,0.9499007163455746,1,3,4,0.25,0.2,0.22222222222222224,0.9499007163455746,9.552899973641615e-05,0,100.0,0,0,0,0.0,0.0,0.0,0,0,0,0.0,0.0,0.0,0,0,0,0.0,0.0,0.0,0,0,0,0.0,0.0,0.0
Open Images,5e59e5dc357f93f4,41,0,6,0,9,112,18,112,130,82,0,0,18,0.028054457999587612,0.012823185000343074,0.0,0.012823185000343074,0.013172057999781828,0.04164477399990574,Optimal,0,none,7.89253281593323,0,28,100.0,100.0,100.0,2.0,0,9,0,0.0,0.0,0.0,0.0,0,9,0,0.0,0.0,0.0,0.0,0,9,0,0.0,0.0,0.0,0.0,0,9,0,0.0,0.0,0.0,0.0,0.0003635369998846727,0,100.0,0,0,0,0.0,0.0,0.0,0,0,0,0.0,0.0,0.0,0,0,0,0.0,0.0,0.0,0,0,0,0.0,0.0,0.0
Open Images,5ee03b187a08d7a4,13,1,2,0,4,20,8,20,28,17,0,0,8,0.020832471000176156,0.00897254499977862,0.0,0.00897254499977862,0.009168443999897136,0.030117215999780456,Optimal,0,none,3.2745697228113824,0,13,100.0,100.0,100.0,2.0,1,3,0,0.25,1.0,0.4,0.9109989097616362,1,3,0,0.25,1.0,0.4,0.9109989097616362,1,3,0,0.25,1.0,0.4,0.9109989097616362,1,3,0,0.25,1.0,0.4,0.9109989097616362,9.093800008486141e-05,0,100.0,0,0,0,0.0,0.0,0.0,0,0,0,0.0,0.0,0.0,0,0,0,0.0,0.0,0.0,0,0,0,0.0,0.0,0.0
Open Images,6022a450df278025,24,4,5,0,7,84,14,84,98,50,0,0,14,0.03027560300006371,0.01147341800015056,0.0,0.01147341800015056,0.011776683000334742,0.04238869099981457,Optimal,0,none,6.004609479793197,0,22,100.0,100.0,100.0,2.0,1,6,3,0.14285714285714285,0.25,0.18181818181818182,0.8704567639419242,1,6,3,0.14285714285714285,0.25,0.18181818181818182,0.8704567639419242,1,6,3,0.14285714285714285,0.25,0.18181818181818182,0.8704567639419242,1,6,3,0.14285714285714285,0.25,0.18181818181818182,0.8704567639419242,0.00029761799987682025,0,100.0,0,0,0,0.0,0.0,0.0,0,0,0,0.0,0.0,0.0,0,0,0,0.0,0.0,0.0,0,0,0,0.0,0.0,0.0
Open Images,60fdb7fd333eaf74,13,1,1,0,3,12,6,12,18,10,0,0,6,0.025483656000233168,0.007602951000080793,0.0,0.007602951000080793,0.007744504000129382,0.033317287000045326,Optimal,0,none,2.3895003780851005,0,10,100.0,100.0,100.0,2.0,0,3,1,0.0,0.0,0.0,0.6358215290280492,0,3,1,0.0,0.0,0.0,0.6358215290280492,0,3,1,0.0,0.0,0.0,0.6358215290280492,0,3,1,0.0,0.0,0.0,0.6358215290280492,6.601900031455443e-05,0,100.0,0,0,0,0.0,0.0,0.0,0,0,0,0.0,0.0,0.0,0,0,0,0.0,0.0,0.0,0,0,0,0.0,0.0,0.0
Open Images,656abc78a9534c08,23,0,3,0,3,10,6,10,16,10,0,0,6,0.023926436000238027,0.0073148630003743165,0.0,0.0073148630003743165,0.0075126720003027,0.03152566900007514,Optimal,0,none,2.487022240161896,0,10,100.0,100.0,100.0,2.0,0,3,0,0.0,0.0,0.0,0.0,0,3,0,0.0,0.0,0.0,0.0,0,3,0,0.0,0.0,0.0,0.0,0,3,0,0.0,0.0,0.0,0.0,6.405099975381745e-05,0,100.0,0,0,0,0.0,0.0,0.0,0,0,0,0.0,0.0,0.0,0,0,0,0.0,0.0,0.0,0,0,0,0.0,0.0,0.0
Open Images,659fc7394df83f02,5,0,2,0,1,0,2,0,2,1,0,0,2,0.026647925000361283,0.0069633640000574815,0.0,0.0069633640000574815,0.007036640000023908,0.033715483999912976,Optimal,0,none,0.5737250010172525,0,2,100.0,100.0,100.0,2.0,0,1,0,0.0,0.0,0.0,0.0,0,1,0,0.0,0.0,0.0,0.0,0,1,0,0.0,0.0,0.0,0.0,0,1,0,0.0,0.0,0.0,0.0,2.2433999674831284e-05,0,100.0,0,0,0,0.0,0.0,0.0,0,0,0,0.0,0.0,0.0,0,0,0,0.0,0.0,0.0,0,0,0,0.0,0.0,0.0
Open Images,66628a0eee9deb75,7,0,3,0,1,0,2,0,2,1,0,0,2,0.02124170300021433,0.006788666999909765,0.0,0.006788666999909765,0.006866490999982489,0.02814050799997858,Optimal,0,none,0.4622777024904887,0,2,100.0,100.0,100.0,2.0,0,1,0,0.0,0.0,0.0,0.0,0,1,0,0.0,0.0,0.0,0.0,0,1,0,0.0,0.0,0.0,0.0,0,1,0,0.0,0.0,0.0,0.0,2.3405999854730908e-05,0,100.0,0,0,0,0.0,0.0,0.0,0,0,0,0.0,0.0,0.0,0,0,0,0.0,0.0,0.0,0,0,0,0.0,0.0,0.0
Open Images,66a048ed7d6aabcc,5,1,3,0,3,11,6,11,17,10,0,0,6,0.030960300999595347,0.007615985000029468,0.0,0.007615985000029468,0.007760542999676545,0.03880768099998022,Optimal,0,none,2.542080674171449,0,10,100.0,100.0,100.0,2.0,1,2,0,0.3333333333333333,1.0,0.5,0.9586946835108086,1,2,0,0.3333333333333333,1.0,0.5,0.9586946835108086,1,2,0,0.3333333333333333,1.0,0.5,0.9586946835108086,1,2,0,0.3333333333333333,1.0,0.5,0.9586946835108086,6.468799983849749e-05,0,100.0,0,0,0,0.0,0.0,0.0,0,0,0,0.0,0.0,0.0,0,0,0,0.0,0.0,0.0,0,0,0,0.0,0.0,0.0
Open Images,66ef4a8a4a84b9b3,74,8,14,0,10,160,20,160,180,101,0,0,20,0.02492085899984886,0.01466110999990633,0.0,0.01466110999990633,0.015084591999766417,0.04060097100000348,Optimal,0,none,8.574917933146162,0,31,100.0,100.0,100.0,2.0,2,8,6,0.2,0.25,0.22222222222222224,0.7288007563651839,2,8,6,0.2,0.25,0.22222222222222224,0.7288007563651839,2,8,6,0.2,0.25,0.22222222222222224,0.7288007563651839,2,8,6,0.2,0.25,0.22222222222222224,0.7288007563651839,0.0005403959999057406,0,100.0,0,0,0,0.0,0.0,0.0,0,0,0,0.0,0.0,0.0,0,0,0,0.0,0.0,0.0,0,0,0,0.0,0.0,0.0
Open Images,671dce6fe4eb944d,15,2,3,0,2,3,4,3,7,5,0,0,4,0.023057406000134506,0.0075894880001214915,0.0,0.0075894880001214915,0.007719636000274477,0.030856756000048335,Optimal,0,none,1.304874447186788,0,5,100.0,100.0,100.0,2.0,0,2,2,0.0,0.0,0.0,0.0,0,2,2,0.0,0.0,0.0,0.0,0,2,2,0.0,0.0,0.0,0.0,0,2,2,0.0,0.0,0.0,0.0,6.214299992279848e-05,0,100.0,0,0,0,0.0,0.0,0.0,0,0,0,0.0,0.0,0.0,0,0,0,0.0,0.0,0.0,0,0,0,0.0,0.0,0.0
Open Images,67bb81df42352db9,7,2,2,0,2,4,4,4,8,5,0,0,4,0.023755016999984946,0.007528289999754634,0.0,0.007528289999754634,0.007672188000015012,0.031501388999913615,Optimal,0,none,1.566270235379537,0,5,100.0,100.0,100.0,2.0,1,1,1,0.5,0.5,0.5,0.9841614515656683,1,1,1,0.5,0.5,0.5,0.9841614515656683,1,1,1,0.5,0.5,0.5,0.9841614515656683,1,1,1,0.5,0.5,0.5,0.9841614515656683,5.115999965710216e-05,0,100.0,0,0,0,0.0,0.0,0.0,0,0,0,0.0,0.0,0.0,0,0,0,0.0,0.0,0.0,0,0,0,0.0,0.0,0.0
Open Images,69788246df023ddf,8,0,1,0,1,0,2,0,2,1,0,0,2,0.03153058599991709,0.00714623500016387,0.0,0.00714623500016387,0.0072315839997827425,0.03879770399998961,Optimal,0,none,0.46928664843241374,0,2,100.0,100.0,100.0,2.0,0,1,0,0.0,0.0,0.0,0.0,0,1,0,0.0,0.0,0.0,0.0,0,1,0,0.0,0.0,0.0,0.0,0,1,0,0.0,0.0,0.0,0.0,2.606799989735009e-05,0,100.0,0,0,0,0.0,0.0,0.0,0,0,0,0.0,0.0,0.0,0,0,0,0.0,0.0,0.0,0,0,0,0.0,0.0,0.0
Open Images,6a316f2b341bdc0b,16,1,2,0,3,11,6,11,17,10,0,0,6,0.027008771000055276,0.007677673999751278,0.0,0.007677673999751278,0.007838419000108843,0.03494370099997468,Optimal,0,none,2.5405811452865605,0,10,100.0,100.0,100.0,2.0,1,2,0,0.3333333333333333,1.0,0.5,0.804613527607876,1,2,0,0.3333333333333333,1.0,0.5,0.804613527607876,1,2,0,0.3333333333333333,1.0,0.5,0.804613527607876,1,2,0,0.3333333333333333,1.0,0.5,0.804613527607876,7.213399976535584e-05,0,100.0,0,0,0,0.0,0.0,0.0,0,0,0,0.0,0.0,0.0,0,0,0,0.0,0.0,0.0,0,0,0,0.0,0.0,0.0
Open Images,6a6881aefff9ad58,26,5,2,0,19,648,38,648,686,362,0,0,38,0.025906418999966263,0.03902573499999562,0.0,0.03902573499999562,0.04006237299972781,0.06767218300001332,Optimal,0,none,15.390914436256612,0,58,100.0,100.0,100.0,2.0,5,14,0,0.2631578947368421,1.0,0.4166666666666667,0.8007397270473495,5,14,0,0.2631578947368421,1.0,0.4166666666666667,0.8007397270473495,5,14,0,0.2631578947368421,1.0,0.4166666666666667,0.8007397270473495,5,14,0,0.2631578947368421,1.0,0.4166666666666667,0.8007397270473495,0.0016083979999166331,0,100.0,0,0,0,0.0,0.0,0.0,0,0,0,0.0,0.0,0.0,0,0,0,0.0,0.0,0.0,0,0,0,0.0,0.0,0.0
Open Images,6bff678ea2346ac5,23,0,2,0,3,10,6,10,16,10,0,0,6,0.030765191999762465,0.007648178999716038,0.0,0.007648178999716038,0.007801503999871784,0.03865410799971869,Optimal,0,none,2.4265388894081115,0,10,100.0,100.0,100.0,2.0,0,3,0,0.0,0.0,0.0,0.0,0,3,0,0.0,0.0,0.0,0.0,0,3,0,0.0,0.0,0.0,0.0,0,3,0,0.0,0.0,0.0,0.0,6.383199979609344e-05,0,100.0,0,0,0,0.0,0.0,0.0,0,0,0,0.0,0.0,0.0,0,0,0,0.0,0.0,0.0,0,0,0,0.0,0.0,0.0
Open Images,6c1cd7fdc967c0d5,11,0,1,0,1,0,2,0,2,1,0,0,2,0.021917351999945822,0.007135548999940511,0.0,0.007135548999940511,0.007215607000034652,0.029177440999774262,Optimal,0,none,0.5347943226496379,0,2,100.0,100.0,100.0,2.0,0,1,0,0.0,0.0,0.0,0.0,0,1,0,0.0,0.0,0.0,0.0,0,1,0,0.0,0.0,0.0,0.0,0,1,0,0.0,0.0,0.0,0.0,2.3052999949868536e-05,0,100.0,0,0,0,0.0,0.0,0.0,0,0,0,0.0,0.0,0.0,0,0,0,0.0,0.0,0.0,0,0,0,0.0,0.0,0.0
Open Images,6c2aa294019ac91a,32,1,7,0,9,122,18,122,140,82,0,0,18,0.021907987000304274,0.012940710999828298,0.0,0.012940710999828298,0.013296406000335992,0.03560434900009568,Optimal,0,none,7.642404734442259,0,28,100.0,100.0,100.0,2.0,0,9,1,0.0,0.0,0.0,0.886632223321397,0,9,1,0.0,0.0,0.0,0.886632223321397,0,9,1,0.0,0.0,0.0,0.886632223321397,0,9,1,0.0,0.0,0.0,0.886632223321397,0.00035225800002081087,0,100.0,0,0,0,0.0,0.0,0.0,0,0,0,0.0,0.0,0.0,0,0,0,0.0,0.0,0.0,0,0,0,0.0,0.0,0.0
Open Images,6c8dafac9ee9d86e,35,2,1,0,29,1557,58,1557,1615,842,0,0,58,0.025273697000102402,0.07722206700009338,0.0,0.07722206700009338,0.07900142400012555,0.10798794699985592,Optimal,0,none,23.76828590882201,0,88,100.0,100.0,100.0,2.0,2,27,0,0.06896551724137931,1.0,0.12903225806451613,0.854136576486664,2,27,0,0.06896551724137931,1.0,0.12903225806451613,0.854136576486664,2,27,0,0.06896551724137931,1.0,0.12903225806451613,0.854136576486664,2,27,0,0.06896551724137931,1.0,0.12903225806451613,0.854136576486664,0.0035812010000881855,0,100.0,0,0,0,0.0,0.0,0.0,0,0,0,0.0,0.0,0.0,0,0,0,0.0,0.0,0.0,0,0,0,0.0,0.0,0.0
Open Images,6d83767827cba4a3,16,0,2,0,1,0,2,0,2,1,0,0,2,0.023996885000087786,0.007041276000109065,0.0,0.007041276000109065,0.00711731499995949,0.03114626499973383,Optimal,0,none,0.5746572653452555,0,2,100.0,100.0,100.0,2.0,0,1,0,0.0,0.0,0.0,0.0,0,1,0,0.0,0.0,0.0,0.0,0,1,0,0.0,0.0,0.0,0.0,0,1,0,0.0,0.0,0.0,0.0,2.352699993934948e-05,0,100.0,0,0,0,0.0,0.0,0.0,0,0,0,0.0,0.0,0.0,0,0,0,0.0,0.0,0.0,0,0,0,0.0,0.0,0.0
Open Images,6fc0ad531ee4c66e,6,1,1,0,1,0,2,0,2,1,0,0,2,0.023189509000076214,0.006831562999650487,0.0,0.006831562999650487,0.006904130000293662,0.030124633000014,Optimal,0,none,0.5821491400400798,0,2,100.0,100.0,100.0,2.0,0,1,1,0.0,0.0,0.0,0.5415314737915627,0,1,1,0.0,0.0,0.0,0.5415314737915627,0,1,1,0.0,0.0,0.0,0.5415314737915627,0,1,1,0.0,0.0,0.0,0.5415314737915627,2.312300011908519e-05,0,100.0,0,0,0,0.0,0.0,0.0,0,0,0,0.0,0.0,0.0,0,0,0,0.0,0.0,0.0,0,0,0,0.0,0.0,0.0
Open Images,71631731c0d63e45,10,0,2,0,2,6,4,6,10,5,0,0,4,0.023685977999775787,0.007343376000335411,0.0,0.007343376000335411,0.0074600619996090245,0.031210636999730923,Optimal,0,none,1.55122828801473,0,5,100.0,100.0,100.0,2.0,0,2,0,0.0,0.0,0.0,0.0,0,2,0,0.0,0.0,0.0,0.0,0,2,0,0.0,0.0,0.0,0.0,0,2,0,0.0,0.0,0.0,0.0,4.967200038663577e-05,0,100.0,0,0,0,0.0,0.0,0.0,0,0,0,0.0,0.0,0.0,0,0,0,0.0,0.0,0.0,0,0,0,0.0,0.0,0.0
Open Images,72157cefa7c57ec8,16,1,1,0,5,40,10,40,50,26,0,0,10,0.025711587999921903,0.009250393999991502,0.0,0.009250393999991502,0.009470928000155254,0.03537194000000454,Optimal,0,none,4.141785181363425,0,16,100.0,100.0,100.0,2.0,1,4,0,0.2,1.0,0.33333333333333337,0.801752058503448,1,4,0,0.2,1.0,0.33333333333333337,0.801752058503448,1,4,0,0.2,1.0,0.33333333333333337,0.801752058503448,1,4,0,0.2,1.0,0.33333333333333337,0.801752058503448,0.00015645099983885302,0,100.0,0,0,0,0.0,0.0,0.0,0,0,0,0.0,0.0,0.0,0,0,0,0.0,0.0,0.0,0,0,0,0.0,0.0,0.0
Open Images,7290c66c57edfdc5,5,2,3,0,2,2,4,2,6,5,0,0,4,0.02177347400038343,0.0070549600000049395,0.0,0.0070549600000049395,0.007163922000017919,0.029006182000102854,Optimal,0,none,1.3604338296254475,0,5,100.0,100.0,100.0,2.0,0,2,2,0.0,0.0,0.0,0.9537218440071089,0,2,2,0.0,0.0,0.0,0.9537218440071089,0,2,2,0.0,0.0,0.0,0.9537218440071089,0,2,2,0.0,0.0,0.0,0.9537218440071089,5.230899978414527e-05,0,100.0,0,0,0,0.0,0.0,0.0,0,0,0,0.0,0.0,0.0,0,0,0,0.0,0.0,0.0,0,0,0,0.0,0.0,0.0
Open Images,7546e007f40fb1a9,47,2,1,0,7,75,14,75,89,50,0,0,14,0.02933080999991944,0.011439432999850396,0.0,0.011439432999850396,0.01172068500000023,0.041433508999944024,Optimal,0,none,5.782237033483483,0,22,100.0,100.0,100.0,2.0,2,5,0,0.2857142857142857,1.0,0.4444444444444445,0.7303477867763056,2,5,0,0.2857142857142857,1.0,0.4444444444444445,0.7303477867763056,2,5,0,0.2857142857142857,1.0,0.4444444444444445,0.7303477867763056,2,5,0,0.2857142857142857,1.0,0.4444444444444445,0.7303477867763056,0.000334389999807172,0,100.0,0,0,0,0.0,0.0,0.0,0,0,0,0.0,0.0,0.0,0,0,0,0.0,0.0,0.0,0,0,0,0.0,0.0,0.0
Open Images,75ed7924c47f984d,19,0,5,0,1,0,2,0,2,1,0,0,2,0.017913830999987113,0.007008121999660943,0.0,0.007008121999660943,0.00709882999990441,0.025047562000054313,Optimal,0,none,0.497781507174174,0,2,100.0,100.0,100.0,2.0,0,1,0,0.0,0.0,0.0,0.0,0,1,0,0.0,0.0,0.0,0.0,0,1,0,0.0,0.0,0.0,0.0,0,1,0,0.0,0.0,0.0,0.0,2.5445999654039042e-05,0,100.0,0,0,0,0.0,0.0,0.0,0,0,0,0.0,0.0,0.0,0,0,0,0.0,0.0,0.0,0,0,0,0.0,0.0,0.0
Open Images,793b05bcb9445b1f,38,1,2,0,6,48,12,48,60,37,0,0,12,0.027437191999979404,0.010473750000073778,0.0,0.010473750000073778,0.010724850999849878,0.03839541800016377,Optimal,0,none,5.417931077620886,0,19,100.0,100.0,100.0,2.0,1,5,0,0.16666666666666666,1.0,0.2857142857142857,0.9479942182770192,1,5,0,0.16666666666666666,1.0,0.2857142857142857,0.9479942182770192,1,5,0,0.16666666666666666,1.0,0.2857142857142857,0.9479942182770192,1,5,0,0.16666666666666666,1.0,0.2857142857142857,0.9479942182770192,0.0001950379996742413,0,100.0,0,0,0,0.0,0.0,0.0,0,0,0,0.0,0.0,0.0,0,0,0,0.0,0.0,0.0,0,0,0,0.0,0.0,0.0
Open Images,7a87225ae9d63bcd,57,20,6,0,16,460,32,460,492,257,0,0,32,0.034456586000032985,0.027609760999894206,0.0,0.027609760999894206,0.028364979999878415,0.06410957199977929,Optimal,0,none,12.664070472384285,0,49,100.0,100.0,100.0,2.0,10,6,10,0.625,0.5,0.5555555555555556,0.8127016881004663,10,6,10,0.625,0.5,0.5555555555555556,0.8127016881004663,10,6,10,0.625,0.5,0.5555555555555556,0.8127016881004663,10,6,10,0.625,0.5,0.5555555555555556,0.8127016881004663,0.0011958250001953274,0,100.0,0,0,0,0.0,0.0,0.0,0,0,0,0.0,0.0,0.0,0,0,0,0.0,0.0,0.0,0,0,0,0.0,0.0,0.0
Open Images,7a9767c9f102b469,16,1,1,0,3,10,6,10,16,10,0,0,6,0.02905011100028787,0.0070556020000367425,0.0,0.0070556020000367425,0.007198114999937388,0.036338207999961014,Optimal,0,none,2.3237796974182134,0,10,100.0,100.0,100.0,2.0,1,2,0,0.3333333333333333,1.0,0.5,0.9350423873571401,1,2,0,0.3333333333333333,1.0,0.5,0.9350423873571401,1,2,0,0.3333333333333333,1.0,0.5,0.9350423873571401,1,2,0,0.3333333333333333,1.0,0.5,0.9350423873571401,6.669899994449224e-05,0,100.0,0,0,0,0.0,0.0,0.0,0,0,0,0.0,0.0,0.0,0,0,0,0.0,0.0,0.0,0,0,0,0.0,0.0,0.0
Open Images,7aff58e036d03b98,47,3,8,0,8,84,16,84,100,65,0,0,16,0.023325572999965516,0.011669585000163352,0.0,0.011669585000163352,0.011981382000158192,0.035645836999719904,Optimal,0,none,7.2004068311055525,0,25,100.0,100.0,100.0,2.0,3,5,0,0.375,1.0,0.5454545454545454,0.933787840578589,3,5,0,0.375,1.0,0.5454545454545454,0.933787840578589,3,5,0,0.375,1.0,0.5454545454545454,0.933787840578589,3,5,0,0.375,1.0,0.5454545454545454,0.933787840578589,0.0002935360002993548,0,100.0,0,0,0,0.0,0.0,0.0,0,0,0,0.0,0.0,0.0,0,0,0,0.0,0.0,0.0,0,0,0,0.0,0.0,0.0
Open Images,7b072d084f4d3198,13,0,1,0,2,4,4,4,8,5,0,0,4,0.020797205000235408,0.00756584800001292,0.0,0.00756584800001292,0.007682442000259471,0.028538874999867403,Optimal,0,none,1.3799689420064287,0,5,100.0,100.0,100.0,2.0,0,2,0,0.0,0.0,0.0,0.0,0,2,0,0.0,0.0,0.0,0.0,0,2,0,0.0,0.0,0.0,0.0,0,2,0,0.0,0.0,0.0,0.0,4.356399995231186e-05,0,100.0,0,0,0,0.0,0.0,0.0,0,0,0,0.0,0.0,0.0,0,0,0,0.0,0.0,0.0,0,0,0,0.0,0.0,0.0
Open Images,7c888d0d5fd5b56e,49,0,4,0,5,34,10,34,44,26,0,0,10,0.022963227999753144,0.008953088999987813,0.0,0.008953088999987813,0.009165068000129395,0.03236436099996354,Optimal,0,none,4.287767823573744,0,16,100.0,100.0,100.0,2.0,0,5,0,0.0,0.0,0.0,0.0,0,5,0,0.0,0.0,0.0,0.0,0,5,0,0.0,0.0,0.0,0.0,0,5,0,0.0,0.0,0.0,0.0,0.0002033169998867379,0,100.0,0,0,0,0.0,0.0,0.0,0,0,0,0.0,0.0,0.0,0,0,0,0.0,0.0,0.0,0,0,0,0.0,0.0,0.0
Open Images,7d4c46b89378b7dc,30,3,6,0,6,51,12,51,63,37,0,0,12,0.02236016599999857,0.009650376000081451,0.0,0.009650376000081451,0.009864936000212765,0.03242515800002366,Optimal,0,none,5.433702051639559,0,19,100.0,100.0,100.0,2.0,3,3,0,0.5,1.0,0.6666666666666666,0.9207150866796813,3,3,0,0.5,1.0,0.6666666666666666,0.9207150866796813,3,3,0,0.5,1.0,0.6666666666666666,0.9207150866796813,3,3,0,0.5,1.0,0.6666666666666666,0.9207150866796813,0.0001663360003476555,0,100.0,0,0,0,0.0,0.0,0.0,0,0,0,0.0,0.0,0.0,0,0,0,0.0,0.0,0.0,0,0,0,0.0,0.0,0.0
Open Images,7f8ef92c55a63b32,26,13,3,0,13,273,26,273,299,170,0,0,26,0.02360086399994543,0.018098208000083105,0.0,0.018098208000083105,0.018570899999758694,0.04296295799986183,Optimal,0,none,10.321046554028701,0,40,100.0,100.0,100.0,2.0,3,10,10,0.23076923076923078,0.23076923076923078,0.23076923076923078,0.6825302910306619,3,10,10,0.23076923076923078,0.23076923076923078,0.23076923076923078,0.6825302910306619,3,10,10,0.23076923076923078,0.23076923076923078,0.23076923076923078,0.6825302910306619,3,10,10,0.23076923076923078,0.23076923076923078,0.23076923076923078,0.6825302910306619,0.0007254819997797313,0,100.0,0,0,0,0.0,0.0,0.0,0,0,0,0.0,0.0,0.0,0,0,0,0.0,0.0,0.0,0,0,0,0.0,0.0,0.0
Open Images,7ff76c84761e761e,6,3,1,0,5,28,10,28,38,26,0,0,10,0.024146505999851797,0.009531042000162415,0.0,0.009531042000162415,0.009734730000218406,0.0340256340000451,Optimal,0,none,3.7812652738889074,0,16,100.0,100.0,100.0,2.0,3,2,0,0.6,1.0,0.7499999999999999,0.9236506900389908,3,2,0,0.6,1.0,0.7499999999999999,0.9236506900389908,3,2,0,0.6,1.0,0.7499999999999999,0.9236506900389908,3,2,0,0.6,1.0,0.7499999999999999,0.9236506900389908,0.00011405899977035006,0,100.0,0,0,0,0.0,0.0,0.0,0,0,0,0.0,0.0,0.0,0,0,0,0.0,0.0,0.0,0,0,0,0.0,0.0,0.0
Open Images,82b48c199a4d5a8c,28,0,1,0,8,104,16,104,120,65,0,0,16,0.03090120700016996,0.012254597999799444,0.0,0.012254597999799444,0.012560515000132,0.043881794000299124,Optimal,0,none,5.909799729188285,0,25,100.0,100.0,100.0,2.0,0,8,0,0.0,0.0,0.0,0.0,0,8,0,0.0,0.0,0.0,0.0,0,8,0,0.0,0.0,0.0,0.0,0,8,0,0.0,0.0,0.0,0.0,0.00037422800005515455,0,100.0,0,0,0,0.0,0.0,0.0,0,0,0,0.0,0.0,0.0,0,0,0,0.0,0.0,0.0,0,0,0,0.0,0.0,0.0
Open Images,83c97587c5cb217a,10,1,1,0,3,15,6,15,21,10,0,0,6,0.023124509999888687,0.007857598999635229,0.0,0.007857598999635229,0.008041638000122475,0.031292618999941624,Optimal,0,none,2.587553174495697,0,10,100.0,100.0,100.0,2.0,1,2,0,0.3333333333333333,1.0,0.5,0.9478839538934531,1,2,0,0.3333333333333333,1.0,0.5,0.9478839538934531,1,2,0,0.3333333333333333,1.0,0.5,0.9478839538934531,1,2,0,0.3333333333333333,1.0,0.5,0.9478839538934531,0.00010166499987462885,0,100.0,0,0,0,0.0,0.0,0.0,0,0,0,0.0,0.0,0.0,0,0,0,0.0,0.0,0.0,0,0,0,0.0,0.0,0.0
Open Images,8442ec11695b3d6f,17,1,1,0,4,18,8,18,26,17,0,0,8,0.022151834999931452,0.008571168999878864,0.0,0.008571168999878864,0.0087449010002274,0.031011168000077305,Optimal,0,none,3.0215871755282095,0,13,100.0,100.0,100.0,2.0,0,4,1,0.0,0.0,0.0,0.0,0,4,1,0.0,0.0,0.0,0.0,0,4,1,0.0,0.0,0.0,0.0,0,4,1,0.0,0.0,0.0,0.0,8.574799994676141e-05,0,100.0,0,0,0,0.0,0.0,0.0,0,0,0,0.0,0.0,0.0,0,0,0,0.0,0.0,0.0,0,0,0,0.0,0.0,0.0
Open Images,845d6ac4a4fb713c,10,0,2,0,2,4,4,4,8,5,0,0,4,0.01860588599993207,0.007431318000271858,0.0,0.007431318000271858,0.007547269000042434,0.02622089299984509,Optimal,0,none,1.299738968213399,0,5,100.0,100.0,100.0,2.0,0,2,0,0.0,0.0,0.0,0.0,0,2,0,0.0,0.0,0.0,0.0,0,2,0,0.0,0.0,0.0,0.0,0,2,0,0.0,0.0,0.0,0.0,5.123599976286641e-05,0,100.0,0,0,0,0.0,0.0,0.0,0,0,0,0.0,0.0,0.0,0,0,0,0.0,0.0,0.0,0,0,0,0.0,0.0,0.0
Open Images,857cfd128a025297,17,2,2,0,6,50,12,50,62,37,0,0,12,0.023286395000013727,0.009969116000320355,0.0,0.009969116000320355,0.010200219000125799,0.033783999999741354,Optimal,0,none,5.163930864334108,0,19,100.0,100.0,100.0,2.0,1,5,1,0.16666666666666666,0.5,0.25,0.9035436156870186,1,5,1,0.16666666666666666,0.5,0.25,0.9035436156870186,1,5,1,0.16666666666666666,0.5,0.25,0.9035436156870186,1,5,1,0.16666666666666666,0.5,0.25,0.9035436156870186,0.00025202999995599384,0,100.0,0,0,0,0.0,0.0,0.0,0,0,0,0.0,0.0,0.0,0,0,0,0.0,0.0,0.0,0,0,0,0.0,0.0,0.0
Open Images,85bcf3cd6540ec7d,8,1,2,0,2,4,4,4,8,5,0,0,4,0.021299511000052007,0.0073393379998378805,0.0,0.0073393379998378805,0.007480321000002732,0.02884517600023173,Optimal,0,none,1.5476886065800985,0,5,100.0,100.0,100.0,2.0,1,1,0,0.5,1.0,0.6666666666666666,0.982594974616466,1,1,0,0.5,1.0,0.6666666666666666,0.982594974616466,1,1,0,0.5,1.0,0.6666666666666666,0.982594974616466,1,1,0,0.5,1.0,0.6666666666666666,0.982594974616466,4.766199981531827e-05,0,100.0,0,0,0,0.0,0.0,0.0,0,0,0,0.0,0.0,0.0,0,0,0,0.0,0.0,0.0,0,0,0,0.0,0.0,0.0
Open Images,8671b9d2f05bd71e,5,0,1,0,1,0,2,0,2,1,0,0,2,0.018148520000067947,0.00679920199991102,0.0,0.00679920199991102,0.006892861999858724,0.025074353000036353,Optimal,0,none,0.5008217493693035,0,2,100.0,100.0,100.0,2.0,0,1,0,0.0,0.0,0.0,0.0,0,1,0,0.0,0.0,0.0,0.0,0,1,0,0.0,0.0,0.0,0.0,0,1,0,0.0,0.0,0.0,0.0,2.3997999960556626e-05,0,100.0,0,0,0,0.0,0.0,0.0,0,0,0,0.0,0.0,0.0,0,0,0,0.0,0.0,0.0,0,0,0,0.0,0.0,0.0
Open Images,87ea34b7a6c3838c,32,7,1,0,8,98,16,98,114,65,0,0,16,0.0254410879997522,0.012478577000365476,0.0,0.012478577000365476,0.012899253999876237,0.038718955000149435,Optimal,0,none,6.372443102200828,0,25,100.0,100.0,100.0,2.0,1,7,6,0.125,0.14285714285714285,0.13333333333333333,0.9730091350777671,1,7,6,0.125,0.14285714285714285,0.13333333333333333,0.9730091350777671,1,7,6,0.125,0.14285714285714285,0.13333333333333333,0.9730091350777671,1,7,6,0.125,0.14285714285714285,0.13333333333333333,0.9730091350777671,0.0003320020000501245,0,100.0,0,0,0,0.0,0.0,0.0,0,0,0,0.0,0.0,0.0,0,0,0,0.0,0.0,0.0,0,0,0,0.0,0.0,0.0
Open Images,884273f6f4720bc5,8,0,2,0,2,4,4,4,8,5,0,0,4,0.02265719099978014,0.0074793620001400996,0.0,0.0074793620001400996,0.007603848000144353,0.030330060999858688,Optimal,0,none,1.1624892981847128,0,5,100.0,100.0,100.0,2.0,0,2,0,0.0,0.0,0.0,0.0,0,2,0,0.0,0.0,0.0,0.0,0,2,0,0.0,0.0,0.0,0.0,0,2,0,0.0,0.0,0.0,0.0,5.204499984756694e-05,0,100.0,0,0,0,0.0,0.0,0.0,0,0,0,0.0,0.0,0.0,0,0,0,0.0,0.0,0.0,0,0,0,0.0,0.0,0.0
Open Images,890a08ff48bf62d8,25,5,1,0,9,137,18,137,155,82,0,0,18,0.026458549999915704,0.013930921999872226,0.0,0.013930921999872226,0.014313305000086984,0.041266743000051065,Optimal,0,none,7.534506759643558,0,28,100.0,100.0,100.0,2.0,4,5,1,0.4444444444444444,0.8,0.5714285714285714,0.8708478955616511,4,5,1,0.4444444444444444,0.8,0.5714285714285714,0.8708478955616511,4,5,1,0.4444444444444444,0.8,0.5714285714285714,0.8708478955616511,4,5,1,0.4444444444444444,0.8,0.5714285714285714,0.8708478955616511,0.000443908000306692,0,100.0,0,0,0,0.0,0.0,0.0,0,0,0,0.0,0.0,0.0,0,0,0,0.0,0.0,0.0,0,0,0,0.0,0.0,0.0
Open Images,8987951815d36f77,17,4,8,0,6,46,12,46,58,37,0,0,12,0.03009583199991539,0.01000048500009143,0.0,0.01000048500009143,0.010302590999799577,0.04060490599977129,Optimal,0,none,5.1981754732131975,0,19,100.0,100.0,100.0,2.0,3,3,1,0.5,0.75,0.6,0.7463455193643137,3,3,1,0.5,0.75,0.6,0.7463455193643137,3,3,1,0.5,0.75,0.6,0.7463455193643137,3,3,1,0.5,0.75,0.6,0.7463455193643137,0.00017089000039050006,0,100.0,0,0,0,0.0,0.0,0.0,0,0,0,0.0,0.0,0.0,0,0,0,0.0,0.0,0.0,0,0,0,0.0,0.0,0.0
Open Images,8c3a7ca22c0ac8d9,5,3,2,0,4,16,8,16,24,17,0,0,8,0.024703100000351697,0.008135741999922175,0.0,0.008135741999922175,0.008294334999845887,0.03310818600039056,Optimal,0,none,3.508310584227245,0,13,100.0,100.0,100.0,2.0,2,2,1,0.5,0.6666666666666666,0.5714285714285715,0.9604702956646642,2,2,1,0.5,0.6666666666666666,0.5714285714285715,0.9604702956646642,2,2,1,0.5,0.6666666666666666,0.5714285714285715,0.9604702956646642,2,2,1,0.5,0.6666666666666666,0.5714285714285715,0.9604702956646642,8.207900009438163e-05,0,100.0,0,0,0,0.0,0.0,0.0,0,0,0,0.0,0.0,0.0,0,0,0,0.0,0.0,0.0,0,0,0,0.0,0.0,0.0
Open Images,8c676b9db5bde9f4,11,0,1,0,3,6,6,6,12,10,0,0,6,0.02482494299965765,0.007175025999913487,0.0,0.007175025999913487,0.007311539000056655,0.032213081999998394,Optimal,0,none,2.5445183658599855,0,10,100.0,100.0,100.0,2.0,0,3,0,0.0,0.0,0.0,0.0,0,3,0,0.0,0.0,0.0,0.0,0,3,0,0.0,0.0,0.0,0.0,0,3,0,0.0,0.0,0.0,0.0,5.372599980546511e-05,0,100.0,0,0,0,0.0,0.0,0.0,0,0,0,0.0,0.0,0.0,0,0,0,0.0,0.0,0.0,0,0,0,0.0,0.0,0.0
Open Images,8d0b1e22cc02c96a,7,1,1,0,4,22,8,22,30,17,0,0,8,0.02628995400027634,0.007965498999965348,0.0,0.007965498999965348,0.008152663999680954,0.03455906600038361,Optimal,0,none,3.734790250460308,0,13,100.0,100.0,100.0,2.0,1,3,0,0.25,1.0,0.4,0.9762619289050203,1,3,0,0.25,1.0,0.4,0.9762619289050203,1,3,0,0.25,1.0,0.4,0.9762619289050203,1,3,0,0.25,1.0,0.4,0.9762619289050203,9.257499959858251e-05,0,100.0,0,0,0,0.0,0.0,0.0,0,0,0,0.0,0.0,0.0,0,0,0,0.0,0.0,0.0,0,0,0,0.0,0.0,0.0
Open Images,8e2b641bfa080a9a,12,0,1,0,1,0,2,0,2,1,0,0,2,0.017215583000051993,0.006923116000052687,0.0,0.006923116000052687,0.007002301999818883,0.024252580999927886,Optimal,0,none,0.37670942942301433,0,2,100.0,100.0,100.0,2.0,0,1,0,0.0,0.0,0.0,0.0,0,1,0,0.0,0.0,0.0,0.0,0,1,0,0.0,0.0,0.0,0.0,0,1,0,0.0,0.0,0.0,0.0,2.5565000214555766e-05,0,100.0,0,0,0,0.0,0.0,0.0,0,0,0,0.0,0.0,0.0,0,0,0,0.0,0.0,0.0,0,0,0,0.0,0.0,0.0
Open Images,9039a3d17b3cdd01,13,0,1,0,1,0,2,0,2,1,0,0,2,0.018549028000052203,0.006361767000271357,0.0,0.006361767000271357,0.006449603999953979,0.02502943800027424,Optimal,0,none,0.5826175371805826,0,2,100.0,100.0,100.0,2.0,0,1,0,0.0,0.0,0.0,0.0,0,1,0,0.0,0.0,0.0,0.0,0,1,0,0.0,0.0,0.0,0.0,0,1,0,0.0,0.0,0.0,0.0,2.239400009784731e-05,0,100.0,0,0,0,0.0,0.0,0.0,0,0,0,0.0,0.0,0.0,0,0,0,0.0,0.0,0.0,0,0,0,0.0,0.0,0.0
Open Images,90933aea042430bd,31,0,6,0,5,28,10,28,38,26,0,0,10,0.01940232900005867,0.008545086000140145,0.0,0.008545086000140145,0.008742418000110774,0.028300268999828404,Optimal,0,none,4.257489364941915,0,16,100.0,100.0,100.0,2.0,0,5,0,0.0,0.0,0.0,0.0,0,5,0,0.0,0.0,0.0,0.0,0,5,0,0.0,0.0,0.0,0.0,0,5,0,0.0,0.0,0.0,0.0,0.0001234399996974389,0,100.0,0,0,0,0.0,0.0,0.0,0,0,0,0.0,0.0,0.0,0,0,0,0.0,0.0,0.0,0,0,0,0.0,0.0,0.0
Open Images,91271214e694cc03,12,1,1,0,2,2,4,2,6,5,0,0,4,0.019716459999926883,0.0070909569999457744,0.0,0.0070909569999457744,0.007215625000299042,0.026990690999809885,Optimal,0,none,1.5412632354100544,0,5,100.0,100.0,100.0,2.0,1,1,0,0.5,1.0,0.6666666666666666,0.9590498380984551,1,1,0,0.5,1.0,0.6666666666666666,0.9590498380984551,1,1,0,0.5,1.0,0.6666666666666666,0.9590498380984551,1,1,0,0.5,1.0,0.6666666666666666,0.9590498380984551,4.150099994149059e-05,0,100.0,0,0,0,0.0,0.0,0.0,0,0,0,0.0,0.0,0.0,0,0,0,0.0,0.0,0.0,0,0,0,0.0,0.0,0.0
Open Images,91e09bc4c8db7631,10,2,2,0,4,23,8,23,31,17,0,0,8,0.01826448099973277,0.007818762000169954,0.0,0.007818762000169954,0.007976342000347358,0.026362380999671586,Optimal,0,none,3.2379904715220142,0,13,100.0,100.0,100.0,2.0,1,3,1,0.25,0.5,0.3333333333333333,0.7681974031442299,1,3,1,0.25,0.5,0.3333333333333333,0.7681974031442299,1,3,1,0.25,0.5,0.3333333333333333,0.7681974031442299,1,3,1,0.25,0.5,0.3333333333333333,0.7681974031442299,9.74680001490924e-05,0,100.0,0,0,0,0.0,0.0,0.0,0,0,0,0.0,0.0,0.0,0,0,0,0.0,0.0,0.0,0,0,0,0.0,0.0,0.0
Open Images,9265227e8b79f7b5,23,1,2,0,4,23,8,23,31,17,0,0,8,0.022840890000225045,0.00851161399987177,0.0,0.00851161399987177,0.008693415999914578,0.03168060699999842,Optimal,0,none,3.1490592257181813,0,13,100.0,100.0,100.0,2.0,1,3,0,0.25,1.0,0.4,0.7922073555287867,1,3,0,0.25,1.0,0.4,0.7922073555287867,1,3,0,0.25,1.0,0.4,0.7922073555287867,1,3,0,0.25,1.0,0.4,0.7922073555287867,0.00011798700006693252,0,100.0,0,0,0,0.0,0.0,0.0,0,0,0,0.0,0.0,0.0,0,0,0,0.0,0.0,0.0,0,0,0,0.0,0.0,0.0
Open Images,935ddd7147973bbe,12,0,1,0,4,31,8,31,39,17,0,0,8,0.02272660500011625,0.009189393999804452,0.0,0.009189393999804452,0.009406506000232184,0.032294575000378245,Optimal,0,none,3.203559667021919,0,13,100.0,100.0,100.0,2.0,0,4,0,0.0,0.0,0.0,0.0,0,4,0,0.0,0.0,0.0,0.0,0,4,0,0.0,0.0,0.0,0.0,0,4,0,0.0,0.0,0.0,0.0,0.00013159199988876935,0,100.0,0,0,0,0.0,0.0,0.0,0,0,0,0.0,0.0,0.0,0,0,0,0.0,0.0,0.0,0,0,0,0.0,0.0,0.0
Open Images,940e335cf9bb61ce,10,0,1,0,7,81,14,81,95,50,0,0,14,0.022882786999616656,0.011449114000242844,0.0,0.011449114000242844,0.011757389000194962,0.034920749999855616,Optimal,0,none,5.71983444372813,0,22,100.0,100.0,100.0,2.0,0,7,0,0.0,0.0,0.0,0.0,0,7,0,0.0,0.0,0.0,0.0,0,7,0,0.0,0.0,0.0,0.0,0,7,0,0.0,0.0,0.0,0.0,0.00024234500006059534,0,100.0,0,0,0,0.0,0.0,0.0,0,0,0,0.0,0.0,0.0,0,0,0,0.0,0.0,0.0,0,0,0,0.0,0.0,0.0
Open Images,976649e55a61ced7,9,0,4,0,4,22,8,22,30,17,0,0,8,0.019110980000277777,0.008477763999962917,0.0,0.008477763999962917,0.00865363899993099,0.027888614000403322,Optimal,0,none,3.5440434913012373,0,13,100.0,100.0,100.0,2.0,0,4,0,0.0,0.0,0.0,0.0,0,4,0,0.0,0.0,0.0,0.0,0,4,0,0.0,0.0,0.0,0.0,0,4,0,0.0,0.0,0.0,0.0,9.773800002221833e-05,0,100.0,0,0,0,0.0,0.0,0.0,0,0,0,0.0,0.0,0.0,0,0,0,0.0,0.0,0.0,0,0,0,0.0,0.0,0.0
Open Images,9795c20f42516f05,13,0,4,0,1,0,2,0,2,1,0,0,2,0.022518260000197188,0.006907315999796992,0.0,0.006907315999796992,0.006980634000228747,0.029529795000144077,Optimal,0,none,0.585890261332194,0,2,100.0,100.0,100.0,2.0,0,1,0,0.0,0.0,0.0,0.0,0,1,0,0.0,0.0,0.0,0.0,0,1,0,0.0,0.0,0.0,0.0,0,1,0,0.0,0.0,0.0,0.0,2.2606000129599124e-05,0,100.0,0,0,0,0.0,0.0,0.0,0,0,0,0.0,0.0,0.0,0,0,0,0.0,0.0,0.0,0,0,0,0.0,0.0,0.0
Open Images,97b57bf58e7b224d,20,1,1,0,3,10,6,10,16,10,0,0,6,0.02055600299991056,0.007386125999801152,0.0,0.007386125999801152,0.007537774999946123,0.028240092000032746,Optimal,0,none,2.5961862397193918,0,10,100.0,100.0,100.0,2.0,1,2,0,0.3333333333333333,1.0,0.5,0.9792899599784916,1,2,0,0.3333333333333333,1.0,0.5,0.9792899599784916,1,2,0,0.3333333333333333,1.0,0.5,0.9792899599784916,1,2,0,0.3333333333333333,1.0,0.5,0.9792899599784916,6.646600013482384e-05,0,100.0,0,0,0,0.0,0.0,0.0,0,0,0,0.0,0.0,0.0,0,0,0,0.0,0.0,0.0,0,0,0,0.0,0.0,0.0
Open Images,988888b4794b2981,10,1,7,0,3,12,6,12,18,10,0,0,6,0.019819956999981514,0.0075157870001021365,0.0,0.0075157870001021365,0.0076769900001636415,0.027587415000198234,Optimal,0,none,2.3341024589538577,0,10,100.0,100.0,100.0,2.0,0,3,1,0.0,0.0,0.0,0.0,0,3,1,0.0,0.0,0.0,0.0,0,3,1,0.0,0.0,0.0,0.0,0,3,1,0.0,0.0,0.0,0.0,6.841999993412173e-05,0,100.0,0,0,0,0.0,0.0,0.0,0,0,0,0.0,0.0,0.0,0,0,0,0.0,0.0,0.0,0,0,0,0.0,0.0,0.0
Open Images,98dd164dfd089339,45,2,1,0,15,332,30,332,362,226,0,0,30,0.02803782399996635,0.02181731500013484,0.0,0.02181731500013484,0.022446639000008872,0.05136187800007974,Optimal,0,none,12.446752595901492,0,46,100.0,100.0,100.0,2.0,2,13,0,0.13333333333333333,1.0,0.23529411764705882,0.6989853310331668,2,13,0,0.13333333333333333,1.0,0.23529411764705882,0.6989853310331668,2,13,0,0.13333333333333333,1.0,0.23529411764705882,0.6989853310331668,2,13,0,0.13333333333333333,1.0,0.23529411764705882,0.6989853310331668,0.0008116349999909289,0,100.0,0,0,0,0.0,0.0,0.0,0,0,0,0.0,0.0,0.0,0,0,0,0.0,0.0,0.0,0,0,0,0.0,0.0,0.0
Open Images,9998b5a9eff9472b,30,2,1,0,2,3,4,3,7,5,0,0,4,0.019925831999898946,0.007088897000357974,0.0,0.007088897000357974,0.007198755999979767,0.027181542000107584,Optimal,0,none,1.351058164437612,0,5,100.0,100.0,100.0,2.0,0,2,2,0.0,0.0,0.0,0.0,0,2,2,0.0,0.0,0.0,0.0,0,2,2,0.0,0.0,0.0,0.0,0,2,2,0.0,0.0,0.0,0.0,4.12540002798778e-05,0,100.0,0,0,0,0.0,0.0,0.0,0,0,0,0.0,0.0,0.0,0,0,0,0.0,0.0,0.0,0,0,0,0.0,0.0,0.0
Open Images,99b2f15e3e4a9d13,11,0,3,0,1,0,2,0,2,1,0,0,2,0.02465981599971201,0.007113013999969553,0.0,0.007113013999969553,0.007198273999620142,0.03189148999990721,Optimal,0,none,0.4483798662821452,0,2,100.0,100.0,100.0,2.0,0,1,0,0.0,0.0,0.0,0.0,0,1,0,0.0,0.0,0.0,0.0,0,1,0,0.0,0.0,0.0,0.0,0,1,0,0.0,0.0,0.0,0.0,2.4328999643330462e-05,0,100.0,0,0,0,0.0,0.0,0.0,0,0,0,0.0,0.0,0.0,0,0,0,0.0,0.0,0.0,0,0,0,0.0,0.0,0.0
Open Images,9aa42339174d4689,24,0,2,0,3,10,6,10,16,10,0,0,6,0.021355679999942367,0.007374785999672895,0.0,0.007374785999672895,0.007524972999817692,0.028974406000088493,Optimal,0,none,2.488413043022156,0,10,100.0,100.0,100.0,2.0,0,3,0,0.0,0.0,0.0,0.0,0,3,0,0.0,0.0,0.0,0.0,0,3,0,0.0,0.0,0.0,0.0,0,3,0,0.0,0.0,0.0,0.0,6.858899996586842e-05,0,100.0,0,0,0,0.0,0.0,0.0,0,0,0,0.0,0.0,0.0,0,0,0,0.0,0.0,0.0,0,0,0,0.0,0.0,0.0
Open Images,9abee97e903a6145,10,0,2,0,1,0,2,0,2,1,0,0,2,0.022114719999990484,0.006850203999874793,0.0,0.006850203999874793,0.006947507999939262,0.029097552000166615,Optimal,0,none,0.5132359425226847,0,2,100.0,100.0,100.0,2.0,0,1,0,0.0,0.0,0.0,0.0,0,1,0,0.0,0.0,0.0,0.0,0,1,0,0.0,0.0,0.0,0.0,0,1,0,0.0,0.0,0.0,0.0,2.5502999960735906e-05,0,100.0,0,0,0,0.0,0.0,0.0,0,0,0,0.0,0.0,0.0,0,0,0,0.0,0.0,0.0,0,0,0,0.0,0.0,0.0
Open Images,9c1ff16b1dd2125b,8,0,2,0,1,0,2,0,2,1,0,0,2,0.023781861999850662,0.007179010000072594,0.0,0.007179010000072594,0.007261277999987215,0.031077630999789108,Optimal,0,none,0.5796619335810343,0,2,100.0,100.0,100.0,2.0,0,1,0,0.0,0.0,0.0,0.0,0,1,0,0.0,0.0,0.0,0.0,0,1,0,0.0,0.0,0.0,0.0,0,1,0,0.0,0.0,0.0,0.0,2.4957999812613707e-05,0,100.0,0,0,0,0.0,0.0,0.0,0,0,0,0.0,0.0,0.0,0,0,0,0.0,0.0,0.0,0,0,0,0.0,0.0,0.0
Open Images,9d42af30c97b8e32,11,0,3,0,5,37,10,37,47,25,0,0,10,0.022093128000051365,0.00926653999977134,0.0,0.00926653999977134,0.009475812000346195,0.03181432200017298,Optimal,0,none,4.029426850953839,0,16,100.0,100.0,100.0,2.0,0,5,0,0.0,0.0,0.0,0.0,0,5,0,0.0,0.0,0.0,0.0,0,5,0,0.0,0.0,0.0,0.0,0,5,0,0.0,0.0,0.0,0.0,0.00013557200009017834,0,100.0,0,0,0,0.0,0.0,0.0,0,0,0,0.0,0.0,0.0,0,0,0,0.0,0.0,0.0,0,0,0,0.0,0.0,0.0
Open Images,9db652b99ba0d220,28,0,1,0,2,2,4,2,6,5,0,0,4,0.019584168999699614,0.007006021000051987,0.0,0.007006021000051987,0.007142061999729776,0.026786025999626872,Optimal,0,none,1.4507993586858112,0,5,100.0,100.0,100.0,2.0,0,2,0,0.0,0.0,0.0,0.0,0,2,0,0.0,0.0,0.0,0.0,0,2,0,0.0,0.0,0.0,0.0,0,2,0,0.0,0.0,0.0,0.0,4.181599979347084e-05,0,100.0,0,0,0,0.0,0.0,0.0,0,0,0,0.0,0.0,0.0,0,0,0,0.0,0.0,0.0,0,0,0,0.0,0.0,0.0
Open Images,9e34df630c2d2301,10,0,1,0,1,0,2,0,2,1,0,0,2,0.02054185499991945,0.007044815999961429,0.0,0.007044815999961429,0.007123676999981399,0.027700036000169348,Optimal,0,none,0.5820258299509684,0,2,100.0,100.0,100.0,2.0,0,1,0,0.0,0.0,0.0,0.0,0,1,0,0.0,0.0,0.0,0.0,0,1,0,0.0,0.0,0.0,0.0,0,1,0,0.0,0.0,0.0,0.0,2.5260000256821513e-05,0,100.0,0,0,0,0.0,0.0,0.0,0,0,0,0.0,0.0,0.0,0,0,0,0.0,0.0,0.0,0,0,0,0.0,0.0,0.0
Open Images,9e525d25b1f5fca7,10,0,1,0,2,5,4,5,9,5,0,0,4,0.027379160999771557,0.007539658000041527,0.0,0.007539658000041527,0.007663912999760214,0.0351280219997534,Optimal,0,none,1.3592709024747212,0,5,100.0,100.0,100.0,2.0,0,2,0,0.0,0.0,0.0,0.0,0,2,0,0.0,0.0,0.0,0.0,0,2,0,0.0,0.0,0.0,0.0,0,2,0,0.0,0.0,0.0,0.0,6.708199998683995e-05,0,100.0,0,0,0,0.0,0.0,0.0,0,0,0,0.0,0.0,0.0,0,0,0,0.0,0.0,0.0,0,0,0,0.0,0.0,0.0
Open Images,9f791f1ac0364b02,16,0,7,0,3,13,6,13,19,10,0,0,6,0.023890354000286607,0.009003398000004381,0.0,0.009003398000004381,0.009173680000003515,0.03317373600020801,Optimal,0,none,2.25735386133194,0,10,100.0,100.0,100.0,2.0,0,3,0,0.0,0.0,0.0,0.0,0,3,0,0.0,0.0,0.0,0.0,0,3,0,0.0,0.0,0.0,0.0,0,3,0,0.0,0.0,0.0,0.0,8.481700024276506e-05,0,100.0,0,0,0,0.0,0.0,0.0,0,0,0,0.0,0.0,0.0,0,0,0,0.0,0.0,0.0,0,0,0,0.0,0.0,0.0
Open Images,a03a6011b066cd73,16,2,2,0,11,174,22,174,196,122,0,0,22,0.02415229400003227,0.01604018999978507,0.0,0.01604018999978507,0.016513648999989528,0.041312176999781514,Optimal,0,none,8.562586143811547,0,34,100.0,100.0,100.0,2.0,1,10,1,0.09090909090909091,0.5,0.15384615384615385,0.9661368147589576,1,10,1,0.09090909090909091,0.5,0.15384615384615385,0.9661368147589576,1,10,1,0.09090909090909091,0.5,0.15384615384615385,0.9661368147589576,1,10,1,0.09090909090909091,0.5,0.15384615384615385,0.9661368147589576,0.0005895259996577806,0,100.0,0,0,0,0.0,0.0,0.0,0,0,0,0.0,0.0,0.0,0,0,0,0.0,0.0,0.0,0,0,0,0.0,0.0,0.0
Open Images,a144cb066f688185,41,1,2,0,7,80,14,80,94,50,0,0,14,0.020518332000392547,0.011652463000245916,0.0,0.011652463000245916,0.011949893000291922,0.03274418000000878,Optimal,0,none,5.611793363691819,0,22,100.0,100.0,100.0,2.0,0,7,1,0.0,0.0,0.0,0.0,0,7,1,0.0,0.0,0.0,0.0,0,7,1,0.0,0.0,0.0,0.0,0,7,1,0.0,0.0,0.0,0.0,0.00023977700038813055,0,100.0,0,0,0,0.0,0.0,0.0,0,0,0,0.0,0.0,0.0,0,0,0,0.0,0.0,0.0,0,0,0,0.0,0.0,0.0
Open Images,a221ec1d89638d96,8,0,1,0,2,4,4,4,8,5,0,0,4,0.02126818699980504,0.007456511000327737,0.0,0.007456511000327737,0.007572525999876234,0.02890393299958305,Optimal,0,none,1.2396826775868734,0,5,100.0,100.0,100.0,2.0,0,2,0,0.0,0.0,0.0,0.0,0,2,0,0.0,0.0,0.0,0.0,0,2,0,0.0,0.0,0.0,0.0,0,2,0,0.0,0.0,0.0,0.0,4.7076000100787496e-05,0,100.0,0,0,0,0.0,0.0,0.0,0,0,0,0.0,0.0,0.0,0,0,0,0.0,0.0,0.0,0,0,0,0.0,0.0,0.0
Open Images,a358a9eb26b043d3,5,0,2,0,4,27,8,27,35,17,0,0,8,0.02045618799957083,0.008861941999839473,0.0,0.008861941999839473,0.009135753999998997,0.029764525999780744,Optimal,0,none,3.2730471785676603,0,13,100.0,100.0,100.0,2.0,0,4,0,0.0,0.0,0.0,0.0,0,4,0,0.0,0.0,0.0,0.0,0,4,0,0.0,0.0,0.0,0.0,0,4,0,0.0,0.0,0.0,0.0,0.00014202000011209748,0,100.0,0,0,0,0.0,0.0,0.0,0,0,0,0.0,0.0,0.0,0,0,0,0.0,0.0,0.0,0,0,0,0.0,0.0,0.0
Open Images,a3e014e7509aba65,13,0,2,0,3,14,6,14,20,10,0,0,6,0.02098431900003561,0.007808415999988938,0.0,0.007808415999988938,0.00795854199986934,0.029039098000339436,Optimal,0,none,2.3304330801963813,0,10,100.0,100.0,100.0,2.0,0,3,0,0.0,0.0,0.0,0.0,0,3,0,0.0,0.0,0.0,0.0,0,3,0,0.0,0.0,0.0,0.0,0,3,0,0.0,0.0,0.0,0.0,7.426899992424296e-05,0,100.0,0,0,0,0.0,0.0,0.0,0,0,0,0.0,0.0,0.0,0,0,0,0.0,0.0,0.0,0,0,0,0.0,0.0,0.0
Open Images,a6a7dcf14dd9f0f1,13,0,1,0,1,0,2,0,2,1,0,0,2,0.024771377999968536,0.00704104600026767,0.0,0.00704104600026767,0.007133551000151783,0.03194062100010342,Optimal,0,none,0.6051945606867473,0,2,100.0,100.0,100.0,2.0,0,1,0,0.0,0.0,0.0,0.0,0,1,0,0.0,0.0,0.0,0.0,0,1,0,0.0,0.0,0.0,0.0,0,1,0,0.0,0.0,0.0,0.0,2.592900000308873e-05,0,100.0,0,0,0,0.0,0.0,0.0,0,0,0,0.0,0.0,0.0,0,0,0,0.0,0.0,0.0,0,0,0,0.0,0.0,0.0
Open Images,a6b74e491c688fbd,18,2,2,0,4,19,8,19,27,17,0,0,8,0.022899300000062794,0.008607112999925448,0.0,0.008607112999925448,0.008812187000330596,0.03183740900021803,Optimal,0,none,3.2537753269923813,0,13,100.0,100.0,100.0,2.0,1,3,1,0.25,0.5,0.3333333333333333,0.9117000468218405,1,3,1,0.25,0.5,0.3333333333333333,0.9117000468218405,1,3,1,0.25,0.5,0.3333333333333333,0.9117000468218405,1,3,1,0.25,0.5,0.3333333333333333,0.9117000468218405,9.687900001154048e-05,0,100.0,0,0,0,0.0,0.0,0.0,0,0,0,0.0,0.0,0.0,0,0,0,0.0,0.0,0.0,0,0,0,0.0,0.0,0.0
Open Images,a7f4ab4e7b501e74,9,2,5,0,8,101,16,101,117,65,0,0,16,0.02541633799955889,0.011892460000126448,0.0,0.011892460000126448,0.012253988000338722,0.0380547069999011,Optimal,0,none,6.614215892155968,0,25,100.0,100.0,100.0,2.0,2,6,0,0.25,1.0,0.4,0.7212813663764861,2,6,0,0.25,1.0,0.4,0.7212813663764861,2,6,0,0.25,1.0,0.4,0.7212813663764861,2,6,0,0.25,1.0,0.4,0.7212813663764861,0.00034138499995606253,0,100.0,0,0,0,0.0,0.0,0.0,0,0,0,0.0,0.0,0.0,0,0,0,0.0,0.0,0.0,0,0,0,0.0,0.0,0.0
Open Images,a80e58d34f5a2233,10,1,1,0,2,4,4,4,8,5,0,0,4,0.019459743999959755,0.007201966999673459,0.0,0.007201966999673459,0.007319583000025887,0.026845716000025277,Optimal,0,none,1.5806558163960776,0,5,100.0,100.0,100.0,2.0,1,1,0,0.5,1.0,0.6666666666666666,0.9850947420870974,1,1,0,0.5,1.0,0.6666666666666666,0.9850947420870974,1,1,0,0.5,1.0,0.6666666666666666,0.9850947420870974,1,1,0,0.5,1.0,0.6666666666666666,0.9850947420870974,4.931800003760145e-05,0,100.0,0,0,0,0.0,0.0,0.0,0,0,0,0.0,0.0,0.0,0,0,0,0.0,0.0,0.0,0,0,0,0.0,0.0,0.0
Open Images,a83d31d69e28914b,10,1,2,0,11,205,22,205,227,122,0,0,22,0.021632385999964754,0.017103726999721403,0.0,0.017103726999721403,0.017761699999937264,0.04039460900003178,Optimal,0,none,9.480586336474115,0,34,100.0,100.0,100.0,2.0,1,10,0,0.09090909090909091,1.0,0.16666666666666669,0.9426847728673574,1,10,0,0.09090909090909091,1.0,0.16666666666666669,0.9426847728673574,1,10,0,0.09090909090909091,1.0,0.16666666666666669,0.9426847728673574,1,10,0,0.09090909090909091,1.0,0.16666666666666669,0.9426847728673574,0.0009365400001115631,0,100.0,0,0,0,0.0,0.0,0.0,0,0,0,0.0,0.0,0.0,0,0,0,0.0,0.0,0.0,0,0,0,0.0,0.0,0.0
Open Images,a8b14d4a442bf4a8,5,0,2,0,3,12,6,12,18,10,0,0,6,0.01931861299999582,0.007520248999753676,0.0,0.007520248999753676,0.00767409200034308,0.027084095000191155,Optimal,0,none,2.4438623499870307,0,10,100.0,100.0,100.0,2.0,0,3,0,0.0,0.0,0.0,0.0,0,3,0,0.0,0.0,0.0,0.0,0,3,0,0.0,0.0,0.0,0.0,0,3,0,0.0,0.0,0.0,0.0,6.912900016686763e-05,0,100.0,0,0,0,0.0,0.0,0.0,0,0,0,0.0,0.0,0.0,0,0,0,0.0,0.0,0.0,0,0,0,0.0,0.0,0.0
Open Images,aa6c7c9bf1188b05,14,4,1,0,5,42,10,42,52,26,0,0,10,0.02945918800014624,0.010000668000429869,0.0,0.010000668000429869,0.010228465999716718,0.039975352000055864,Optimal,0,none,3.88495486577352,0,16,100.0,100.0,100.0,2.0,1,4,3,0.2,0.25,0.22222222222222224,0.8859254064672858,1,4,3,0.2,0.25,0.22222222222222224,0.8859254064672858,1,4,3,0.2,0.25,0.22222222222222224,0.8859254064672858,1,4,3,0.2,0.25,0.22222222222222224,0.8859254064672858,0.0002509820001250773,0,100.0,0,0,0,0.0,0.0,0.0,0,0,0,0.0,0.0,0.0,0,0,0,0.0,0.0,0.0,0,0,0,0.0,0.0,0.0
Open Images,aacadd9f833b7c46,38,4,2,0,9,120,18,120,138,82,0,0,18,0.02390917200000331,0.013564104000124644,0.0,0.013564104000124644,0.014026359000126831,0.03838971799996216,Optimal,0,none,7.8980106484386985,0,28,100.0,100.0,100.0,2.0,1,8,3,0.1111111111111111,0.25,0.15384615384615383,0.8917958816158086,1,8,3,0.1111111111111111,0.25,0.15384615384615383,0.8917958816158086,1,8,3,0.1111111111111111,0.25,0.15384615384615383,0.8917958816158086,1,8,3,0.1111111111111111,0.25,0.15384615384615383,0.8917958816158086,0.00040116300033332664,0,100.0,0,0,0,0.0,0.0,0.0,0,0,0,0.0,0.0,0.0,0,0,0,0.0,0.0,0.0,0,0,0,0.0,0.0,0.0
Open Images,abf1d637ed2122e8,12,0,2,0,2,4,4,4,8,5,0,0,4,0.025272759000017686,0.0075063780000164115,0.0,0.0075063780000164115,0.007644079999863607,0.032983636999688315,Optimal,0,none,1.4380087407430016,0,5,100.0,100.0,100.0,2.0,0,2,0,0.0,0.0,0.0,0.0,0,2,0,0.0,0.0,0.0,0.0,0,2,0,0.0,0.0,0.0,0.0,0,2,0,0.0,0.0,0.0,0.0,4.880899996351218e-05,0,100.0,0,0,0,0.0,0.0,0.0,0,0,0,0.0,0.0,0.0,0,0,0,0.0,0.0,0.0,0,0,0,0.0,0.0,0.0
Open Images,ad20808830930976,8,0,1,0,0,0,0,0,0,0,0,0,1,0.023032403999877715,0.005649618999996164,0.0,0.005649618999996164,0.005694941000001563,0.02874559900010354,Optimal,0,none,,0,1,100.0,0.0,0.0,0.0,0,0,0,0.0,0.0,0.0,0.0,0,0,0,0.0,0.0,0.0,0.0,0,0,0,0.0,0.0,0.0,0.0,0,0,0,0.0,0.0,0.0,0.0,1.200499991682591e-05,0,100.0,0,0,0,0.0,0.0,0.0,0,0,0,0.0,0.0,0.0,0,0,0,0.0,0.0,0.0,0,0,0,0.0,0.0,0.0
Open Images,ad6aca201fa51896,45,2,2,0,17,480,34,480,514,290,0,0,34,0.029034695999598625,0.031975848999991285,0.0,0.031975848999991285,0.03287264100026732,0.0637713179999082,Optimal,0,none,13.587470219930019,0,52,100.0,100.0,100.0,2.0,1,16,1,0.058823529411764705,0.5,0.10526315789473684,0.6153343011269216,1,16,1,0.058823529411764705,0.5,0.10526315789473684,0.6153343011269216,1,16,1,0.058823529411764705,0.5,0.10526315789473684,0.6153343011269216,1,16,1,0.058823529411764705,0.5,0.10526315789473684,0.6153343011269216,0.0016811380000945064,0,100.0,0,0,0,0.0,0.0,0.0,0,0,0,0.0,0.0,0.0,0,0,0,0.0,0.0,0.0,0,0,0,0.0,0.0,0.0
Open Images,ae3dd169da01729f,10,0,1,0,4,26,8,26,34,17,0,0,8,0.03138392099981502,0.010399326999959158,0.0,0.010399326999959158,0.010583331999896473,0.042102349999822763,Optimal,0,none,3.2000162092844655,0,13,100.0,100.0,100.0,2.0,0,4,0,0.0,0.0,0.0,0.0,0,4,0,0.0,0.0,0.0,0.0,0,4,0,0.0,0.0,0.0,0.0,0,4,0,0.0,0.0,0.0,0.0,0.0001094869999178627,0,100.0,0,0,0,0.0,0.0,0.0,0,0,0,0.0,0.0,0.0,0,0,0,0.0,0.0,0.0,0,0,0,0.0,0.0,0.0
Open Images,aecc6fdf5a5f66b9,18,0,5,0,4,17,8,17,25,17,0,0,8,0.027985838999939006,0.010657878000074561,0.0,0.010657878000074561,0.010828179999862186,0.038927243999751227,Optimal,0,none,3.5350899998346974,0,13,100.0,100.0,100.0,2.0,0,4,0,0.0,0.0,0.0,0.0,0,4,0,0.0,0.0,0.0,0.0,0,4,0,0.0,0.0,0.0,0.0,0,4,0,0.0,0.0,0.0,0.0,8.744299975660397e-05,0,100.0,0,0,0,0.0,0.0,0.0,0,0,0,0.0,0.0,0.0,0,0,0,0.0,0.0,0.0,0,0,0,0.0,0.0,0.0
Open Images,b1b9df89276a198b,10,1,3,0,3,12,6,12,18,10,0,0,6,0.06834330099991348,0.007505010999921069,0.0,0.007505010999921069,0.007654584000192699,0.0760886439998103,Optimal,0,none,2.4417875790596018,0,10,100.0,100.0,100.0,2.0,0,3,1,0.0,0.0,0.0,0.9315693441688653,0,3,1,0.0,0.0,0.0,0.9315693441688653,0,3,1,0.0,0.0,0.0,0.9315693441688653,0,3,1,0.0,0.0,0.0,0.9315693441688653,6.81699998494878e-05,0,100.0,0,0,0,0.0,0.0,0.0,0,0,0,0.0,0.0,0.0,0,0,0,0.0,0.0,0.0,0,0,0,0.0,0.0,0.0
Open Images,b379c09ba49595b4,20,0,1,0,9,129,18,129,147,82,0,0,18,0.033619759999965027,0.013789605000056326,0.0,0.013789605000056326,0.014146022000204539,0.04820358799997848,Optimal,0,none,7.633874008655551,0,28,100.0,100.0,100.0,2.0,0,9,0,0.0,0.0,0.0,0.0,0,9,0,0.0,0.0,0.0,0.0,0,9,0,0.0,0.0,0.0,0.0,0,9,0,0.0,0.0,0.0,0.0,0.00038826600030006375,0,100.0,0,0,0,0.0,0.0,0.0,0,0,0,0.0,0.0,0.0,0,0,0,0.0,0.0,0.0,0,0,0,0.0,0.0,0.0
Open Images,b4068aa9b3b58fa8,16,0,1,0,3,10,6,10,16,10,0,0,6,0.023832582000068214,0.0074760059997061035,0.0,0.0074760059997061035,0.007624125999882381,0.03154638400019394,Optimal,0,none,2.5905633163452153,0,10,100.0,100.0,100.0,2.0,0,3,0,0.0,0.0,0.0,0.0,0,3,0,0.0,0.0,0.0,0.0,0,3,0,0.0,0.0,0.0,0.0,0,3,0,0.0,0.0,0.0,0.0,6.624199977522949e-05,0,100.0,0,0,0,0.0,0.0,0.0,0,0,0,0.0,0.0,0.0,0,0,0,0.0,0.0,0.0,0,0,0,0.0,0.0,0.0
Open Images,b432735a2d626bc2,21,0,6,0,3,10,6,10,16,10,0,0,6,0.026952579999942827,0.007509688000027381,0.0,0.007509688000027381,0.00766347000035239,0.03478509199976543,Optimal,0,none,2.3020499976835485,0,10,100.0,100.0,100.0,2.0,0,3,0,0.0,0.0,0.0,0.0,0,3,0,0.0,0.0,0.0,0.0,0,3,0,0.0,0.0,0.0,0.0,0,3,0,0.0,0.0,0.0,0.0,0.0001280899996345397,0,100.0,0,0,0,0.0,0.0,0.0,0,0,0,0.0,0.0,0.0,0,0,0,0.0,0.0,0.0,0,0,0,0.0,0.0,0.0
Open Images,b4bf8713c7f34283,10,0,2,0,2,2,4,2,6,5,0,0,4,0.021939817999736988,0.007342354000229534,0.0,0.007342354000229534,0.007454287000200566,0.029450280999753886,Optimal,0,none,1.2221609719594317,0,5,100.0,100.0,100.0,2.0,0,2,0,0.0,0.0,0.0,0.0,0,2,0,0.0,0.0,0.0,0.0,0,2,0,0.0,0.0,0.0,0.0,0,2,0,0.0,0.0,0.0,0.0,3.931299988835235e-05,0,100.0,0,0,0,0.0,0.0,0.0,0,0,0,0.0,0.0,0.0,0,0,0,0.0,0.0,0.0,0,0,0,0.0,0.0,0.0
Open Images,b6d6e570eccdb5ec,10,0,3,0,1,0,2,0,2,1,0,0,2,0.01874367699974755,0.007064553999953205,0.0,0.007064553999953205,0.007153145999836852,0.025929792000169982,Optimal,0,none,0.6086383740107218,0,2,100.0,100.0,100.0,2.0,0,1,0,0.0,0.0,0.0,0.0,0,1,0,0.0,0.0,0.0,0.0,0,1,0,0.0,0.0,0.0,0.0,0,1,0,0.0,0.0,0.0,0.0,2.4247999590443214e-05,0,100.0,0,0,0,0.0,0.0,0.0,0,0,0,0.0,0.0,0.0,0,0,0,0.0,0.0,0.0,0,0,0,0.0,0.0,0.0
Open Images,b6ebb2fdb29dc778,40,1,4,0,8,82,16,82,98,65,0,0,16,0.022948988000280224,0.011409035000269796,0.0,0.011409035000269796,0.01173519700023462,0.035088980000182346,Optimal,0,none,6.685861068566642,0,25,100.0,100.0,100.0,2.0,0,8,1,0.0,0.0,0.0,0.0,0,8,1,0.0,0.0,0.0,0.0,0,8,1,0.0,0.0,0.0,0.0,0,8,1,0.0,0.0,0.0,0.0,0.0003552509997462039,0,100.0,0,0,0,0.0,0.0,0.0,0,0,0,0.0,0.0,0.0,0,0,0,0.0,0.0,0.0,0,0,0,0.0,0.0,0.0
Open Images,b7904a8837396983,19,3,10,0,5,40,10,40,50,26,0,0,10,0.0250804170000265,0.009009665000121458,0.0,0.009009665000121458,0.009236105000127282,0.03458202899992102,Optimal,0,none,4.290394254525504,0,16,100.0,100.0,100.0,2.0,0,5,3,0.0,0.0,0.0,0.0,0,5,3,0.0,0.0,0.0,0.0,0,5,3,0.0,0.0,0.0,0.0,0,5,3,0.0,0.0,0.0,0.0,0.0002257329997519264,0,100.0,0,0,0,0.0,0.0,0.0,0,0,0,0.0,0.0,0.0,0,0,0,0.0,0.0,0.0,0,0,0,0.0,0.0,0.0
Open Images,b793c3cd82e1b00e,7,1,3,0,3,11,6,11,17,10,0,0,6,0.020547055000406544,0.007517249000102311,0.0,0.007517249000102311,0.007673246000194922,0.028317805000369844,Optimal,0,none,2.6099674201011664,0,10,100.0,100.0,100.0,2.0,1,2,0,0.3333333333333333,1.0,0.5,0.6380185645318528,1,2,0,0.3333333333333333,1.0,0.5,0.6380185645318528,1,2,0,0.3333333333333333,1.0,0.5,0.6380185645318528,1,2,0,0.3333333333333333,1.0,0.5,0.6380185645318528,7.186299990280531e-05,0,100.0,0,0,0,0.0,0.0,0.0,0,0,0,0.0,0.0,0.0,0,0,0,0.0,0.0,0.0,0,0,0,0.0,0.0,0.0
Open Images,b7d604c0f497cecf,13,0,2,0,2,5,4,5,9,5,0,0,4,0.02446093100024882,0.0072606919998179364,0.0,0.0072606919998179364,0.007379842999853281,0.03197819000024538,Optimal,0,none,1.2768352301915487,0,5,100.0,100.0,100.0,2.0,0,2,0,0.0,0.0,0.0,0.0,0,2,0,0.0,0.0,0.0,0.0,0,2,0,0.0,0.0,0.0,0.0,0,2,0,0.0,0.0,0.0,0.0,0.00010650400008671568,0,100.0,0,0,0,0.0,0.0,0.0,0,0,0,0.0,0.0,0.0,0,0,0,0.0,0.0,0.0,0,0,0,0.0,0.0,0.0
Open Images,b809013feee5805a,18,0,4,0,4,20,8,20,28,17,0,0,8,0.022971537000103126,0.008620983000128035,0.0,0.008620983000128035,0.008813273000214394,0.03197061599985318,Optimal,0,none,3.5978413550059014,0,13,100.0,100.0,100.0,2.0,0,4,0,0.0,0.0,0.0,0.0,0,4,0,0.0,0.0,0.0,0.0,0,4,0,0.0,0.0,0.0,0.0,0,4,0,0.0,0.0,0.0,0.0,0.0001524680001239176,0,100.0,0,0,0,0.0,0.0,0.0,0,0,0,0.0,0.0,0.0,0,0,0,0.0,0.0,0.0,0,0,0,0.0,0.0,0.0
Open Images,b8d6dcbc1ee43a28,35,0,1,0,4,20,8,20,28,17,0,0,8,0.02657634600018355,0.008824630999697547,0.0,0.008824630999697547,0.00900846599961369,0.03571722500009855,Optimal,0,none,3.010934009043477,0,13,100.0,100.0,100.0,2.0,0,4,0,0.0,0.0,0.0,0.0,0,4,0,0.0,0.0,0.0,0.0,0,4,0,0.0,0.0,0.0,0.0,0,4,0,0.0,0.0,0.0,0.0,0.00010149199988518376,0,100.0,0,0,0,0.0,0.0,0.0,0,0,0,0.0,0.0,0.0,0,0,0,0.0,0.0,0.0,0,0,0,0.0,0.0,0.0
Open Images,ba2ce56c4a558b46,22,2,6,0,6,56,12,56,68,37,0,0,12,0.021442585999920993,0.010342016999857151,0.0,0.010342016999857151,0.010601129999940895,0.0322906179999336,Optimal,0,none,5.0988620153743724,0,19,100.0,100.0,100.0,2.0,2,4,0,0.3333333333333333,1.0,0.5,0.9574749967276619,2,4,0,0.3333333333333333,1.0,0.5,0.9574749967276619,2,4,0,0.3333333333333333,1.0,0.5,0.9574749967276619,2,4,0,0.3333333333333333,1.0,0.5,0.9574749967276619,0.00020750499970745295,0,100.0,0,0,0,0.0,0.0,0.0,0,0,0,0.0,0.0,0.0,0,0,0,0.0,0.0,0.0,0,0,0,0.0,0.0,0.0
Open Images,bb5aca7adfb2d415,21,2,2,0,3,12,6,12,18,10,0,0,6,0.02229724000017086,0.007757297000352992,0.0,0.007757297000352992,0.007917440999790415,0.030326460000196676,Optimal,0,none,2.6090494728088385,0,10,100.0,100.0,100.0,2.0,1,2,1,0.3333333333333333,0.5,0.4,0.9467081403821986,1,2,1,0.3333333333333333,0.5,0.4,0.9467081403821986,1,2,1,0.3333333333333333,0.5,0.4,0.9467081403821986,1,2,1,0.3333333333333333,0.5,0.4,0.9467081403821986,8.583999988331925e-05,0,100.0,0,0,0,0.0,0.0,0.0,0,0,0,0.0,0.0,0.0,0,0,0,0.0,0.0,0.0,0,0,0,0.0,0.0,0.0
Open Images,bb872dbf60de40a0,12,0,2,0,13,293,26,293,319,170,0,0,26,0.023353757999757363,0.020681466000041837,0.0,0.020681466000041837,0.021356465000280878,0.04567214100006822,Optimal,0,none,10.34525156498471,0,40,100.0,100.0,100.0,2.0,0,13,0,0.0,0.0,0.0,0.0,0,13,0,0.0,0.0,0.0,0.0,0,13,0,0.0,0.0,0.0,0.0,0,13,0,0.0,0.0,0.0,0.0,0.000891247000254225,0,100.0,0,0,0,0.0,0.0,0.0,0,0,0,0.0,0.0,0.0,0,0,0,0.0,0.0,0.0,0,0,0,0.0,0.0,0.0
Open Images,bd5c58974539e9ec,34,5,6,0,5,32,10,32,42,26,0,0,10,0.024446489000183647,0.009063729999979842,0.0,0.009063729999979842,0.009286918000270816,0.033898499000315496,Optimal,0,none,4.3405692776044225,0,16,100.0,100.0,100.0,2.0,3,2,2,0.6,0.6,0.6,0.8084910203078083,3,2,2,0.6,0.6,0.6,0.8084910203078083,3,2,2,0.6,0.6,0.6,0.8084910203078083,3,2,2,0.6,0.6,0.6,0.8084910203078083,0.00013322300037543755,0,100.0,0,0,0,0.0,0.0,0.0,0,0,0,0.0,0.0,0.0,0,0,0,0.0,0.0,0.0,0,0,0,0.0,0.0,0.0
Open Images,be836aa24cb54cb3,8,1,2,0,4,26,8,26,34,17,0,0,8,0.02303200400001515,0.008850044000155322,0.0,0.008850044000155322,0.009047072000157641,0.03223818600008599,Optimal,0,none,3.333680381081388,0,13,100.0,100.0,100.0,2.0,1,3,0,0.25,1.0,0.4,0.5329218691262599,1,3,0,0.25,1.0,0.4,0.5329218691262599,1,3,0,0.25,1.0,0.4,0.5329218691262599,1,3,0,0.25,1.0,0.4,0.5329218691262599,0.00012933399966641446,0,100.0,0,0,0,0.0,0.0,0.0,0,0,0,0.0,0.0,0.0,0,0,0,0.0,0.0,0.0,0,0,0,0.0,0.0,0.0
Open Images,c09a331e62a12d04,47,1,40,0,2,6,4,6,10,5,0,0,4,0.021981690999837156,0.007799246000104176,0.0,0.007799246000104176,0.007940796999719169,0.029996873999607487,Optimal,0,none,1.3552859505017598,0,5,100.0,100.0,100.0,2.0,0,2,1,0.0,0.0,0.0,0.8344733905322658,0,2,1,0.0,0.0,0.0,0.8344733905322658,0,2,1,0.0,0.0,0.0,0.8344733905322658,0,2,1,0.0,0.0,0.0,0.8344733905322658,5.7112000376946526e-05,0,100.0,0,0,0,0.0,0.0,0.0,0,0,0,0.0,0.0,0.0,0,0,0,0.0,0.0,0.0,0,0,0,0.0,0.0,0.0
Open Images,c10217d15b7b93a5,28,0,2,0,4,18,8,18,26,17,0,0,8,0.02292415100009748,0.008723887000087416,0.0,0.008723887000087416,0.00889316900020276,0.031930939000176295,Optimal,0,none,3.6324670855204273,0,13,100.0,100.0,100.0,2.0,0,4,0,0.0,0.0,0.0,0.0,0,4,0,0.0,0.0,0.0,0.0,0,4,0,0.0,0.0,0.0,0.0,0,4,0,0.0,0.0,0.0,0.0,8.647399999972549e-05,0,100.0,0,0,0,0.0,0.0,0.0,0,0,0,0.0,0.0,0.0,0,0,0,0.0,0.0,0.0,0,0,0,0.0,0.0,0.0
Open Images,c160e483b6c16f12,11,0,1,0,2,4,4,4,8,5,0,0,4,0.023397782999836636,0.008736786000099528,0.0,0.008736786000099528,0.00886500500018883,0.032331496000097104,Optimal,0,none,1.49038582166036,0,5,100.0,100.0,100.0,2.0,0,2,0,0.0,0.0,0.0,0.0,0,2,0,0.0,0.0,0.0,0.0,0,2,0,0.0,0.0,0.0,0.0,0,2,0,0.0,0.0,0.0,0.0,5.0955999995494494e-05,0,100.0,0,0,0,0.0,0.0,0.0,0,0,0,0.0,0.0,0.0,0,0,0,0.0,0.0,0.0,0,0,0,0.0,0.0,0.0
Open Images,c479beacc67d4b7d,4,1,1,0,1,0,2,0,2,1,0,0,2,0.022422316999836767,0.0068277450000096,0.0,0.0068277450000096,0.006909777999680955,0.02936713500002952,Optimal,0,none,0.45695521036783854,0,2,100.0,100.0,100.0,2.0,1,0,0,1.0,1.0,1.0,0.8570284438472607,1,0,0,1.0,1.0,1.0,0.8570284438472607,1,0,0,1.0,1.0,1.0,0.8570284438472607,1,0,0,1.0,1.0,1.0,0.8570284438472607,2.5319000087620225e-05,0,100.0,0,0,0,0.0,0.0,0.0,0,0,0,0.0,0.0,0.0,0,0,0,0.0,0.0,0.0,0,0,0,0.0,0.0,0.0
Open Images,c4a79ad7987f24b9,22,4,7,0,5,34,10,34,44,26,0,0,10,0.023016791999907582,0.008901853999759624,0.0,0.008901853999759624,0.009105528999953094,0.03227854800024943,Optimal,0,none,4.087061115105948,0,16,100.0,100.0,100.0,2.0,0,5,4,0.0,0.0,0.0,0.0,0,5,4,0.0,0.0,0.0,0.0,0,5,4,0.0,0.0,0.0,0.0,0,5,4,0.0,0.0,0.0,0.0,0.0001284159998249379,0,100.0,0,0,0,0.0,0.0,0.0,0,0,0,0.0,0.0,0.0,0,0,0,0.0,0.0,0.0,0,0,0,0.0,0.0,0.0
Open Images,c506cdf48321ee2e,5,0,1,0,4,25,8,25,33,17,0,0,8,0.02082151700005852,0.0085115539995968,0.0,0.0085115539995968,0.008713460999842937,0.029681345999961195,Optimal,0,none,3.235593005816143,0,13,100.0,100.0,100.0,2.0,0,4,0,0.0,0.0,0.0,0.0,0,4,0,0.0,0.0,0.0,0.0,0,4,0,0.0,0.0,0.0,0.0,0,4,0,0.0,0.0,0.0,0.0,0.00011954399997193832,0,100.0,0,0,0,0.0,0.0,0.0,0,0,0,0.0,0.0,0.0,0,0,0,0.0,0.0,0.0,0,0,0,0.0,0.0,0.0
Open Images,c5398214bb3f6dda,17,1,2,0,3,12,6,12,18,10,0,0,6,0.027915742000004684,0.007503124999857391,0.0,0.007503124999857391,0.00765049200026624,0.035668687999987014,Optimal,0,none,2.273373742103577,0,10,100.0,100.0,100.0,2.0,0,3,1,0.0,0.0,0.0,0.0,0,3,1,0.0,0.0,0.0,0.0,0,3,1,0.0,0.0,0.0,0.0,0,3,1,0.0,0.0,0.0,0.0,7.998999990377342e-05,0,100.0,0,0,0,0.0,0.0,0.0,0,0,0,0.0,0.0,0.0,0,0,0,0.0,0.0,0.0,0,0,0,0.0,0.0,0.0
Open Images,c705061238b1fe30,34,0,1,0,20,691,40,691,731,401,0,0,40,0.024803212000279018,0.038015129000086745,0.0,0.038015129000086745,0.03914383900018947,0.06590300800007753,Optimal,0,none,16.078878913351122,0,61,100.0,100.0,100.0,2.0,0,20,0,0.0,0.0,0.0,0.0,0,20,0,0.0,0.0,0.0,0.0,0,20,0,0.0,0.0,0.0,0.0,0,20,0,0.0,0.0,0.0,0.0,0.001856078999935562,0,100.0,0,0,0,0.0,0.0,0.0,0,0,0,0.0,0.0,0.0,0,0,0,0.0,0.0,0.0,0,0,0,0.0,0.0,0.0
Open Images,c7a6a5f2a8f674ce,24,0,1,0,10,155,20,155,175,101,0,0,20,0.022888153000167222,0.015160515999923518,0.0,0.015160515999923518,0.015575081999941176,0.03901195300022664,Optimal,0,none,8.8439592757571,0,31,100.0,100.0,100.0,2.0,0,10,0,0.0,0.0,0.0,0.0,0,10,0,0.0,0.0,0.0,0.0,0,10,0,0.0,0.0,0.0,0.0,0,10,0,0.0,0.0,0.0,0.0,0.0004909230001430842,0,100.0,0,0,0,0.0,0.0,0.0,0,0,0,0.0,0.0,0.0,0,0,0,0.0,0.0,0.0,0,0,0,0.0,0.0,0.0
Open Images,c7e7654a5c583b13,6,0,1,0,2,4,4,4,8,5,0,0,4,0.024738629000239598,0.006888164999963919,0.0,0.006888164999963919,0.007002387999818893,0.03180932500026756,Optimal,0,none,1.4377448590596518,0,5,100.0,100.0,100.0,2.0,0,2,0,0.0,0.0,0.0,0.0,0,2,0,0.0,0.0,0.0,0.0,0,2,0,0.0,0.0,0.0,0.0,0,2,0,0.0,0.0,0.0,0.0,5.405999991126009e-05,0,100.0,0,0,0,0.0,0.0,0.0,0,0,0,0.0,0.0,0.0,0,0,0,0.0,0.0,0.0,0,0,0,0.0,0.0,0.0
Open Images,c864c741b7fa44f4,8,2,1,0,6,53,12,53,65,37,0,0,12,0.022300541000277008,0.011330646000260458,0.0,0.011330646000260458,0.011611115999585309,0.03411988300013036,Optimal,0,none,5.222564690113069,0,19,100.0,100.0,100.0,2.0,2,4,0,0.3333333333333333,1.0,0.5,0.9398077433315881,2,4,0,0.3333333333333333,1.0,0.5,0.9398077433315881,2,4,0,0.3333333333333333,1.0,0.5,0.9398077433315881,2,4,0,0.3333333333333333,1.0,0.5,0.9398077433315881,0.0001724669996292505,0,100.0,0,0,0,0.0,0.0,0.0,0,0,0,0.0,0.0,0.0,0,0,0,0.0,0.0,0.0,0,0,0,0.0,0.0,0.0
Open Images,c8a4a4786eea0ec5,8,3,2,0,5,37,10,37,47,25,0,0,10,0.026743366999653517,0.009884564999993017,0.0,0.009884564999993017,0.010106059000008827,0.03702237800007424,Optimal,0,none,4.209316297372184,0,16,100.0,100.0,100.0,2.0,3,2,0,0.6,1.0,0.7499999999999999,0.9108217237091165,3,2,0,0.6,1.0,0.7499999999999999,0.9108217237091165,3,2,0,0.6,1.0,0.7499999999999999,0.9108217237091165,3,2,0,0.6,1.0,0.7499999999999999,0.9108217237091165,0.00014280300001701107,0,100.0,0,0,0,0.0,0.0,0.0,0,0,0,0.0,0.0,0.0,0,0,0,0.0,0.0,0.0,0,0,0,0.0,0.0,0.0
Open Images,c9beadfaec7b5043,21,1,1,0,3,14,6,14,20,10,0,0,6,0.029189838000093005,0.007864409999911004,0.0,0.007864409999911004,0.008032341000216547,0.03732948900005795,Optimal,0,none,2.593978986740113,0,10,100.0,100.0,100.0,2.0,1,2,0,0.3333333333333333,1.0,0.5,0.9546786715586454,1,2,0,0.3333333333333333,1.0,0.5,0.9546786715586454,1,2,0,0.3333333333333333,1.0,0.5,0.9546786715586454,1,2,0,0.3333333333333333,1.0,0.5,0.9546786715586454,8.428399996773805e-05,0,100.0,0,0,0,0.0,0.0,0.0,0,0,0,0.0,0.0,0.0,0,0,0,0.0,0.0,0.0,0,0,0,0.0,0.0,0.0
Open Images,ca3ef34d7304dd6c,13,0,4,0,1,0,2,0,2,1,0,0,2,0.02923192000025665,0.007035095999981422,0.0,0.007035095999981422,0.007130673000119714,0.03639746900034879,Optimal,0,none,0.612282148996989,0,2,100.0,100.0,100.0,2.0,0,1,0,0.0,0.0,0.0,0.0,0,1,0,0.0,0.0,0.0,0.0,0,1,0,0.0,0.0,0.0,0.0,0,1,0,0.0,0.0,0.0,0.0,2.5539000034768833e-05,0,100.0,0,0,0,0.0,0.0,0.0,0,0,0,0.0,0.0,0.0,0,0,0,0.0,0.0,0.0,0,0,0,0.0,0.0,0.0
Open Images,cca11bfdbfa9f92f,11,0,8,0,0,0,0,0,0,0,0,0,1,0.025393376000010903,0.005494474999977683,0.0,0.005494474999977683,0.00553906699997242,0.03094971300015459,Optimal,0,none,,0,1,100.0,0.0,0.0,0.0,0,0,0,0.0,0.0,0.0,0.0,0,0,0,0.0,0.0,0.0,0.0,0,0,0,0.0,0.0,0.0,0.0,0,0,0,0.0,0.0,0.0,0.0,1.0877000022446737e-05,0,100.0,0,0,0,0.0,0.0,0.0,0,0,0,0.0,0.0,0.0,0,0,0,0.0,0.0,0.0,0,0,0,0.0,0.0,0.0
Open Images,cdb2b707ef94db2c,20,0,11,0,2,4,4,4,8,5,0,0,4,0.022492910999972082,0.007231801000216365,0.0,0.007231801000216365,0.0073525809998500335,0.029911598999660782,Optimal,0,none,1.2779594691594443,0,5,100.0,100.0,100.0,2.0,0,2,0,0.0,0.0,0.0,0.0,0,2,0,0.0,0.0,0.0,0.0,0,2,0,0.0,0.0,0.0,0.0,0,2,0,0.0,0.0,0.0,0.0,4.838499990000855e-05,0,100.0,0,0,0,0.0,0.0,0.0,0,0,0,0.0,0.0,0.0,0,0,0,0.0,0.0,0.0,0,0,0,0.0,0.0,0.0
Open Images,cddd3bc1bdb5ccb8,55,2,2,0,7,68,14,68,82,50,0,0,14,0.027257905999704235,0.011234993000016402,0.0,0.011234993000016402,0.011514619000081439,0.03906662300005337,Optimal,0,none,5.9783631030718505,0,22,100.0,100.0,100.0,2.0,2,5,0,0.2857142857142857,1.0,0.4444444444444445,0.788107777537812,2,5,0,0.2857142857142857,1.0,0.4444444444444445,0.788107777537812,2,5,0,0.2857142857142857,1.0,0.4444444444444445,0.788107777537812,2,5,0,0.2857142857142857,1.0,0.4444444444444445,0.788107777537812,0.00025405800033695414,0,100.0,0,0,0,0.0,0.0,0.0,0,0,0,0.0,0.0,0.0,0,0,0,0.0,0.0,0.0,0,0,0,0.0,0.0,0.0
Open Images,ce7aa02b052cb75a,27,0,1,0,9,115,18,115,133,82,0,0,18,0.02801966100014397,0.012782042000253568,0.0,0.012782042000253568,0.013126686999839876,0.04159190700011095,Optimal,0,none,7.13356492996216,0,28,100.0,100.0,100.0,2.0,0,9,0,0.0,0.0,0.0,0.0,0,9,0,0.0,0.0,0.0,0.0,0,9,0,0.0,0.0,0.0,0.0,0,9,0,0.0,0.0,0.0,0.0,0.0003975159997935407,0,100.0,0,0,0,0.0,0.0,0.0,0,0,0,0.0,0.0,0.0,0,0,0,0.0,0.0,0.0,0,0,0,0.0,0.0,0.0
Open Images,cf97377cb331bb4d,12,0,1,0,1,0,2,0,2,1,0,0,2,0.025065691999770934,0.007099670000116021,0.0,0.007099670000116021,0.0072017530001176056,0.03230389100008324,Optimal,0,none,0.6415885845820108,0,2,100.0,100.0,100.0,2.0,0,1,0,0.0,0.0,0.0,0.0,0,1,0,0.0,0.0,0.0,0.0,0,1,0,0.0,0.0,0.0,0.0,0,1,0,0.0,0.0,0.0,0.0,2.706200029933825e-05,0,100.0,0,0,0,0.0,0.0,0.0,0,0,0,0.0,0.0,0.0,0,0,0,0.0,0.0,0.0,0,0,0,0.0,0.0,0.0
Open Images,d0d5130bf995f3dd,11,0,1,0,5,36,10,36,46,26,0,0,10,0.0364272050001091,0.0099081280000064,0.0,0.0099081280000064,0.010140105000118638,0.046746470000016416,Optimal,0,none,4.463798445065818,0,16,100.0,100.0,100.0,2.0,0,5,0,0.0,0.0,0.0,0.0,0,5,0,0.0,0.0,0.0,0.0,0,5,0,0.0,0.0,0.0,0.0,0,5,0,0.0,0.0,0.0,0.0,0.00014596399978472618,0,100.0,0,0,0,0.0,0.0,0.0,0,0,0,0.0,0.0,0.0,0,0,0,0.0,0.0,0.0,0,0,0,0.0,0.0,0.0
Open Images,d1a9733014ce4e89,22,9,1,0,6,56,12,56,68,37,0,0,12,0.04694196699983877,0.009560651999890979,0.0,0.009560651999890979,0.009812132000206475,0.05696360599995387,Optimal,0,none,5.330303592681886,0,19,100.0,100.0,100.0,2.0,5,1,4,0.8333333333333334,0.5555555555555556,0.6666666666666667,0.8579107723676322,5,1,4,0.8333333333333334,0.5555555555555556,0.6666666666666667,0.8579107723676322,5,1,4,0.8333333333333334,0.5555555555555556,0.6666666666666667,0.8579107723676322,5,1,4,0.8333333333333334,0.5555555555555556,0.6666666666666667,0.8579107723676322,0.00017756599982021726,0,100.0,0,0,0,0.0,0.0,0.0,0,0,0,0.0,0.0,0.0,0,0,0,0.0,0.0,0.0,0,0,0,0.0,0.0,0.0
Open Images,d1ef645e3687eb31,21,0,9,0,6,56,12,56,68,37,0,0,12,0.022549574000095163,0.009789432999696146,0.0,0.009789432999696146,0.010027607000210992,0.03289738800003761,Optimal,0,none,4.975363973021352,0,19,100.0,100.0,100.0,2.0,0,6,0,0.0,0.0,0.0,0.0,0,6,0,0.0,0.0,0.0,0.0,0,6,0,0.0,0.0,0.0,0.0,0,6,0,0.0,0.0,0.0,0.0,0.00028407899981175433,0,100.0,0,0,0,0.0,0.0,0.0,0,0,0,0.0,0.0,0.0,0,0,0,0.0,0.0,0.0,0,0,0,0.0,0.0,0.0
Open Images,d29f095f98aec84f,3,0,1,0,11,209,22,209,231,122,0,0,22,0.025894141000208037,0.017181280999921,0.0,0.017181280999921,0.01761926500012123,0.04414331799989668,Optimal,0,none,8.690324049858011,0,34,100.0,100.0,100.0,2.0,0,11,0,0.0,0.0,0.0,0.0,0,11,0,0.0,0.0,0.0,0.0,0,11,0,0.0,0.0,0.0,0.0,0,11,0,0.0,0.0,0.0,0.0,0.0005245480001576652,0,100.0,0,0,0,0.0,0.0,0.0,0,0,0,0.0,0.0,0.0,0,0,0,0.0,0.0,0.0,0,0,0,0.0,0.0,0.0
Open Images,d2d5e5cc2b420898,68,10,2,0,15,366,30,366,396,226,0,0,30,0.021342429000014818,0.021789208999962284,0.0,0.021789208999962284,0.022426663000260305,0.04475631500008603,Optimal,0,none,12.13721514877925,0,46,100.0,100.0,100.0,2.0,6,9,4,0.4,0.6,0.48,0.7905923475353515,6,9,4,0.4,0.6,0.48,0.7905923475353515,6,9,4,0.4,0.6,0.48,0.7905923475353515,6,9,4,0.4,0.6,0.48,0.7905923475353515,0.0009194650001518312,0,100.0,0,0,0,0.0,0.0,0.0,0,0,0,0.0,0.0,0.0,0,0,0,0.0,0.0,0.0,0,0,0,0.0,0.0,0.0
Open Images,d2fd5a5b75deb8e6,22,1,3,0,10,173,20,173,193,101,0,0,20,0.023892083000191633,0.01649838399998771,0.0,0.01649838399998771,0.016900709999845276,0.04139295499999207,Optimal,0,none,9.00402994439661,0,31,100.0,100.0,100.0,2.0,1,9,0,0.1,1.0,0.18181818181818182,0.7266174791571047,1,9,0,0.1,1.0,0.18181818181818182,0.7266174791571047,1,9,0,0.1,1.0,0.18181818181818182,0.7266174791571047,1,9,0,0.1,1.0,0.18181818181818182,0.7266174791571047,0.0005441110001811467,0,100.0,0,0,0,0.0,0.0,0.0,0,0,0,0.0,0.0,0.0,0,0,0,0.0,0.0,0.0,0,0,0,0.0,0.0,0.0
Open Images,d32f37b94e40e78a,39,1,3,0,4,19,8,19,27,17,0,0,8,0.022629907000009553,0.008605141999851185,0.0,0.008605141999851185,0.008803419999821926,0.03156066799965629,Optimal,0,none,3.561193591753643,0,13,100.0,100.0,100.0,2.0,1,3,0,0.25,1.0,0.4,0.9500045925959172,1,3,0,0.25,1.0,0.4,0.9500045925959172,1,3,0,0.25,1.0,0.4,0.9500045925959172,1,3,0,0.25,1.0,0.4,0.9500045925959172,9.900500026560621e-05,0,100.0,0,0,0,0.0,0.0,0.0,0,0,0,0.0,0.0,0.0,0,0,0,0.0,0.0,0.0,0,0,0,0.0,0.0,0.0
Open Images,d44801d0b7da712e,7,1,2,0,5,37,10,37,47,26,0,0,10,0.027058282000325562,0.009840845999860903,0.0,0.009840845999860903,0.010053749000235257,0.03734709400032443,Optimal,0,none,4.268776495540458,0,16,100.0,100.0,100.0,2.0,1,4,0,0.2,1.0,0.33333333333333337,0.9351238762362307,1,4,0,0.2,1.0,0.33333333333333337,0.9351238762362307,1,4,0,0.2,1.0,0.33333333333333337,0.9351238762362307,1,4,0,0.2,1.0,0.33333333333333337,0.9351238762362307,0.00013549499999498948,0,100.0,0,0,0,0.0,0.0,0.0,0,0,0,0.0,0.0,0.0,0,0,0,0.0,0.0,0.0,0,0,0,0.0,0.0,0.0
Open Images,d4a83afb84b0f902,5,0,4,0,3,12,6,12,18,10,0,0,6,0.020039115000145102,0.007725958000264654,0.0,0.007725958000264654,0.007878505999997287,0.028007118000004994,Optimal,0,none,2.4237831697721575,0,10,100.0,100.0,100.0,2.0,0,3,0,0.0,0.0,0.0,0.0,0,3,0,0.0,0.0,0.0,0.0,0,3,0,0.0,0.0,0.0,0.0,0,3,0,0.0,0.0,0.0,0.0,6.713399989166646e-05,0,100.0,0,0,0,0.0,0.0,0.0,0,0,0,0.0,0.0,0.0,0,0,0,0.0,0.0,0.0,0,0,0,0.0,0.0,0.0
Open Images,d4c9a417b5e7ba37,9,0,2,0,4,21,8,21,29,17,0,0,8,0.02506813299987698,0.008962554999925487,0.0,0.008962554999925487,0.009177059999728954,0.03437706100021387,Optimal,0,none,3.4705602304140735,0,13,100.0,100.0,100.0,2.0,0,4,0,0.0,0.0,0.0,0.0,0,4,0,0.0,0.0,0.0,0.0,0,4,0,0.0,0.0,0.0,0.0,0,4,0,0.0,0.0,0.0,0.0,0.00010296299979017931,0,100.0,0,0,0,0.0,0.0,0.0,0,0,0,0.0,0.0,0.0,0,0,0,0.0,0.0,0.0,0,0,0,0.0,0.0,0.0
Open Images,d5a1e51d937f330f,24,7,2,0,11,203,22,203,225,122,0,0,22,0.02171186800023861,0.016701639999610052,0.0,0.016701639999610052,0.017153793000034057,0.0394582660001106,Optimal,0,none,8.549361068241328,0,34,100.0,100.0,100.0,2.0,3,8,4,0.2727272727272727,0.42857142857142855,0.33333333333333326,0.804982075650256,3,8,4,0.2727272727272727,0.42857142857142855,0.33333333333333326,0.804982075650256,3,8,4,0.2727272727272727,0.42857142857142855,0.33333333333333326,0.804982075650256,3,8,4,0.2727272727272727,0.42857142857142855,0.33333333333333326,0.804982075650256,0.0005309410003064841,0,100.0,0,0,0,0.0,0.0,0.0,0,0,0,0.0,0.0,0.0,0,0,0,0.0,0.0,0.0,0,0,0,0.0,0.0,0.0
Open Images,d6bdc197b5645e29,4,0,2,0,4,20,8,20,28,17,0,0,8,0.02035732400008783,0.009331286999895383,0.0,0.009331286999895383,0.009516480000002048,0.030001790999904188,Optimal,0,none,3.2561595952964195,0,13,100.0,100.0,100.0,2.0,0,4,0,0.0,0.0,0.0,0.0,0,4,0,0.0,0.0,0.0,0.0,0,4,0,0.0,0.0,0.0,0.0,0,4,0,0.0,0.0,0.0,0.0,9.204799971485045e-05,0,100.0,0,0,0,0.0,0.0,0.0,0,0,0,0.0,0.0,0.0,0,0,0,0.0,0.0,0.0,0,0,0,0.0,0.0,0.0
Open Images,d7f48eef89b429ff,9,1,3,0,3,9,6,9,15,10,0,0,6,0.02451152000003276,0.009619178999855649,0.0,0.009619178999855649,0.009769837000021653,0.03437043999974776,Optimal,0,none,2.621569908874614,0,10,100.0,100.0,100.0,2.0,1,2,0,0.3333333333333333,1.0,0.5,0.8676710375603031,1,2,0,0.3333333333333333,1.0,0.5,0.8676710375603031,1,2,0,0.3333333333333333,1.0,0.5,0.8676710375603031,1,2,0,0.3333333333333333,1.0,0.5,0.8676710375603031,6.426200025089202e-05,0,100.0,0,0,0,0.0,0.0,0.0,0,0,0,0.0,0.0,0.0,0,0,0,0.0,0.0,0.0,0,0,0,0.0,0.0,0.0
Open Images,d8241d4c97b7bdc7,5,0,2,0,1,0,2,0,2,1,0,0,2,0.020795179000288044,0.006649610999829747,0.0,0.006649610999829747,0.006767913999738084,0.027611665000222274,Optimal,0,none,0.5648168961207072,0,2,100.0,100.0,100.0,2.0,0,1,0,0.0,0.0,0.0,0.0,0,1,0,0.0,0.0,0.0,0.0,0,1,0,0.0,0.0,0.0,0.0,0,1,0,0.0,0.0,0.0,0.0,3.754799990929314e-05,0,100.0,0,0,0,0.0,0.0,0.0,0,0,0,0.0,0.0,0.0,0,0,0,0.0,0.0,0.0,0,0,0,0.0,0.0,0.0
Open Images,d92f7bdf1bfbcb31,9,1,1,0,2,2,4,2,6,5,0,0,4,0.020879012000023067,0.00736087800032692,0.0,0.00736087800032692,0.007473318999927869,0.02841155699979936,Optimal,0,none,1.5245834477742513,0,5,100.0,100.0,100.0,2.0,1,1,0,0.5,1.0,0.6666666666666666,0.8427567838960937,1,1,0,0.5,1.0,0.6666666666666666,0.8427567838960937,1,1,0,0.5,1.0,0.6666666666666666,0.8427567838960937,1,1,0,0.5,1.0,0.6666666666666666,0.8427567838960937,4.2611000026226975e-05,0,100.0,0,0,0,0.0,0.0,0.0,0,0,0,0.0,0.0,0.0,0,0,0,0.0,0.0,0.0,0,0,0,0.0,0.0,0.0
Open Images,d9e9a8b9befb3f51,18,2,1,0,3,11,6,11,17,10,0,0,6,0.024172602999897208,0.007450715999766544,0.0,0.007450715999766544,0.007590020999941771,0.031852733999585325,Optimal,0,none,2.6418322638701945,0,10,100.0,100.0,100.0,2.0,1,2,1,0.3333333333333333,0.5,0.4,0.5861688015857311,1,2,1,0.3333333333333333,0.5,0.4,0.5861688015857311,1,2,1,0.3333333333333333,0.5,0.4,0.5861688015857311,1,2,1,0.3333333333333333,0.5,0.4,0.5861688015857311,6.668100013484946e-05,0,100.0,0,0,0,0.0,0.0,0.0,0,0,0,0.0,0.0,0.0,0,0,0,0.0,0.0,0.0,0,0,0,0.0,0.0,0.0
Open Images,dabd65b40c5f53fc,29,11,5,0,15,389,30,389,419,226,0,0,30,0.026053767999655975,0.02449422500012588,0.0,0.02449422500012588,0.025145889000214083,0.05222054199975901,Optimal,0,none,12.33690723152169,0,46,100.0,100.0,100.0,2.0,3,12,8,0.2,0.2727272727272727,0.23076923076923075,0.9381638459012694,3,12,8,0.2,0.2727272727272727,0.23076923076923075,0.9381638459012694,3,12,8,0.2,0.2727272727272727,0.23076923076923075,0.9381638459012694,3,12,8,0.2,0.2727272727272727,0.23076923076923075,0.9381638459012694,0.0009498439999333641,0,100.0,0,0,0,0.0,0.0,0.0,0,0,0,0.0,0.0,0.0,0,0,0,0.0,0.0,0.0,0,0,0,0.0,0.0,0.0
Open Images,db73cb1e1bbecd08,3,1,2,0,0,0,0,0,0,0,0,0,1,0.027141154000219103,0.0054592259998571535,0.0,0.0054592259998571535,0.005501150999862148,0.03265987100030543,Optimal,0,none,,0,1,100.0,0.0,0.0,0.0,0,0,1,0.0,0.0,0.0,0.0,0,0,1,0.0,0.0,0.0,0.0,0,0,1,0.0,0.0,0.0,0.0,0,0,1,0.0,0.0,0.0,0.0,1.1125999662908725e-05,0,100.0,0,0,0,0.0,0.0,0.0,0,0,0,0.0,0.0,0.0,0,0,0,0.0,0.0,0.0,0,0,0,0.0,0.0,0.0
Open Images,db9455699be59212,26,0,2,0,2,4,4,4,8,5,0,0,4,0.018597972999941703,0.007124241000383336,0.0,0.007124241000383336,0.007231384000078833,0.025885403999836853,Optimal,0,none,1.4472813876469934,0,5,100.0,100.0,100.0,2.0,0,2,0,0.0,0.0,0.0,0.0,0,2,0,0.0,0.0,0.0,0.0,0,2,0,0.0,0.0,0.0,0.0,0,2,0,0.0,0.0,0.0,0.0,4.130399975110777e-05,0,100.0,0,0,0,0.0,0.0,0.0,0,0,0,0.0,0.0,0.0,0,0,0,0.0,0.0,0.0,0,0,0,0.0,0.0,0.0
Open Images,dd1160459778fdd6,14,1,1,0,1,0,2,0,2,1,0,0,2,0.029680961999929423,0.006905637000272691,0.0,0.006905637000272691,0.006981971000186604,0.036693493999791826,Optimal,0,none,0.5929556290308635,0,2,100.0,100.0,100.0,2.0,0,1,1,0.0,0.0,0.0,0.5421153439530689,0,1,1,0.0,0.0,0.0,0.5421153439530689,0,1,1,0.0,0.0,0.0,0.5421153439530689,0,1,1,0.0,0.0,0.0,0.5421153439530689,2.2522999643115327e-05,0,100.0,0,0,0,0.0,0.0,0.0,0,0,0,0.0,0.0,0.0,0,0,0,0.0,0.0,0.0,0,0,0,0.0,0.0,0.0
Open Images,dd424886ee4db1df,44,0,1,0,6,48,12,48,60,37,0,0,12,0.032034247999945364,0.009791762000077142,0.0,0.009791762000077142,0.010044212000138941,0.0422826230001192,Optimal,0,none,5.3407501411438005,0,19,100.0,100.0,100.0,2.0,0,6,0,0.0,0.0,0.0,0.0,0,6,0,0.0,0.0,0.0,0.0,0,6,0,0.0,0.0,0.0,0.0,0,6,0,0.0,0.0,0.0,0.0,0.00017180099985125707,0,100.0,0,0,0,0.0,0.0,0.0,0,0,0,0.0,0.0,0.0,0,0,0,0.0,0.0,0.0,0,0,0,0.0,0.0,0.0
Open Images,dd5cce09d5f254cc,13,0,3,0,2,8,4,8,12,5,0,0,4,0.024244908000127907,0.007340944000134186,0.0,0.007340944000134186,0.007479946999865206,0.03180571899974893,Optimal,0,none,1.1703201206525167,0,5,100.0,100.0,100.0,2.0,0,2,0,0.0,0.0,0.0,0.0,0,2,0,0.0,0.0,0.0,0.0,0,2,0,0.0,0.0,0.0,0.0,0,2,0,0.0,0.0,0.0,0.0,6.510799994430272e-05,0,100.0,0,0,0,0.0,0.0,0.0,0,0,0,0.0,0.0,0.0,0,0,0,0.0,0.0,0.0,0,0,0,0.0,0.0,0.0
Open Images,dd7c6dbfee84e796,25,1,1,0,13,286,26,286,312,170,0,0,26,0.025928900000053545,0.01999728100008724,0.0,0.01999728100008724,0.02059048299997812,0.047365221999825735,Optimal,0,none,11.169107383886978,0,40,100.0,100.0,100.0,2.0,1,12,0,0.07692307692307693,1.0,0.14285714285714288,0.5778950859962058,1,12,0,0.07692307692307693,1.0,0.14285714285714288,0.5778950859962058,1,12,0,0.07692307692307693,1.0,0.14285714285714288,0.5778950859962058,1,12,0,0.07692307692307693,1.0,0.14285714285714288,0.5778950859962058,0.0007824330000403279,0,100.0,0,0,0,0.0,0.0,0.0,0,0,0,0.0,0.0,0.0,0,0,0,0.0,0.0,0.0,0,0,0,0.0,0.0,0.0
Open Images,ddebe5a86b2713c4,8,0,2,0,4,28,8,28,36,17,0,0,8,0.02392170699977214,0.009525306999876193,0.0,0.009525306999876193,0.009806313999888516,0.03387204499995278,Optimal,0,none,3.4527778355280567,0,13,100.0,100.0,100.0,2.0,0,4,0,0.0,0.0,0.0,0.0,0,4,0,0.0,0.0,0.0,0.0,0,4,0,0.0,0.0,0.0,0.0,0,4,0,0.0,0.0,0.0,0.0,0.00011537399996086606,0,100.0,0,0,0,0.0,0.0,0.0,0,0,0,0.0,0.0,0.0,0,0,0,0.0,0.0,0.0,0,0,0,0.0,0.0,0.0
Open Images,de578e711d5d2712,8,0,8,0,3,10,6,10,16,10,0,0,6,0.0215565210000932,0.007304247000320174,0.0,0.007304247000320174,0.007452111000020523,0.02909948099977555,Optimal,0,none,2.6471933746337895,0,10,100.0,100.0,100.0,2.0,0,3,0,0.0,0.0,0.0,0.0,0,3,0,0.0,0.0,0.0,0.0,0,3,0,0.0,0.0,0.0,0.0,0,3,0,0.0,0.0,0.0,0.0,6.724900003973744e-05,0,100.0,0,0,0,0.0,0.0,0.0,0,0,0,0.0,0.0,0.0,0,0,0,0.0,0.0,0.0,0,0,0,0.0,0.0,0.0
Open Images,df0179678dcd6762,23,3,2,0,14,365,28,365,393,197,0,0,28,0.0284606810000696,0.023070726999776525,0.0,0.023070726999776525,0.02372853099996064,0.053296208000119805,Optimal,0,none,11.706070436225621,0,43,100.0,100.0,100.0,2.0,2,12,1,0.14285714285714285,0.6666666666666666,0.23529411764705882,0.8114570350191226,2,12,1,0.14285714285714285,0.6666666666666666,0.23529411764705882,0.8114570350191226,2,12,1,0.14285714285714285,0.6666666666666666,0.23529411764705882,0.8114570350191226,2,12,1,0.14285714285714285,0.6666666666666666,0.23529411764705882,0.8114570350191226,0.00102847300013309,0,100.0,0,0,0,0.0,0.0,0.0,0,0,0,0.0,0.0,0.0,0,0,0,0.0,0.0,0.0,0,0,0,0.0,0.0,0.0
Open Images,df01a6bc5ed9029e,38,0,2,0,15,392,30,392,422,226,0,0,30,0.020981674999802635,0.025199258000156988,0.0,0.025199258000156988,0.025867539000046236,0.04789567599982547,Optimal,0,none,12.729690272014626,0,46,100.0,100.0,100.0,2.0,0,15,0,0.0,0.0,0.0,0.0,0,15,0,0.0,0.0,0.0,0.0,0,15,0,0.0,0.0,0.0,0.0,0,15,0,0.0,0.0,0.0,0.0,0.0009733280003274558,0,100.0,0,0,0,0.0,0.0,0.0,0,0,0,0.0,0.0,0.0,0,0,0,0.0,0.0,0.0,0,0,0,0.0,0.0,0.0
Open Images,e0aa41e2ede3de7d,13,0,4,0,2,6,4,6,10,5,0,0,4,0.025998283000262745,0.007451473999935843,0.0,0.007451473999935843,0.007615381000050547,0.033682571000099415,Optimal,0,none,1.3148277791341147,0,5,100.0,100.0,100.0,2.0,0,2,0,0.0,0.0,0.0,0.0,0,2,0,0.0,0.0,0.0,0.0,0,2,0,0.0,0.0,0.0,0.0,0,2,0,0.0,0.0,0.0,0.0,5.2879000122629805e-05,0,100.0,0,0,0,0.0,0.0,0.0,0,0,0,0.0,0.0,0.0,0,0,0,0.0,0.0,0.0,0,0,0,0.0,0.0,0.0
Open Images,e12d3e0517297b73,5,0,1,0,1,0,2,0,2,1,0,0,2,0.022952233999603777,0.0068996649997643544,0.0,0.0068996649997643544,0.006978528999752598,0.029962807999709185,Optimal,0,none,0.42254977623621626,0,2,100.0,100.0,100.0,2.0,0,1,0,0.0,0.0,0.0,0.0,0,1,0,0.0,0.0,0.0,0.0,0,1,0,0.0,0.0,0.0,0.0,0,1,0,0.0,0.0,0.0,0.0,2.375800022491603e-05,0,100.0,0,0,0,0.0,0.0,0.0,0,0,0,0.0,0.0,0.0,0,0,0,0.0,0.0,0.0,0,0,0,0.0,0.0,0.0
Open Images,e216dd92c7f1e961,32,5,1,0,20,691,40,691,731,401,0,0,40,0.026038773999971454,0.03620903699993505,0.0,0.03620903699993505,0.037184405000061815,0.06508213500001148,Optimal,0,none,16.349251610986066,0,61,100.0,100.0,100.0,2.0,2,18,3,0.1,0.4,0.16000000000000003,0.9043973216266097,2,18,3,0.1,0.4,0.16000000000000003,0.9043973216266097,2,18,3,0.1,0.4,0.16000000000000003,0.9043973216266097,2,18,3,0.1,0.4,0.16000000000000003,0.9043973216266097,0.0017627520001042285,0,100.0,0,0,0,0.0,0.0,0.0,0,0,0,0.0,0.0,0.0,0,0,0,0.0,0.0,0.0,0,0,0,0.0,0.0,0.0
Open Images,e3f5e554f66f6595,64,2,9,0,15,382,30,382,412,226,0,0,30,0.03276696400007495,0.024745127999722172,0.0,0.024745127999722172,0.025482069999725354,0.05937835500026267,Optimal,0,none,12.465464237635683,0,46,100.0,100.0,100.0,2.0,1,14,1,0.06666666666666667,0.5,0.11764705882352941,0.7141905851486812,1,14,1,0.06666666666666667,0.5,0.11764705882352941,0.7141905851486812,1,14,1,0.06666666666666667,0.5,0.11764705882352941,0.7141905851486812,1,14,1,0.06666666666666667,0.5,0.11764705882352941,0.7141905851486812,0.0010495390001779015,0,100.0,0,0,0,0.0,0.0,0.0,0,0,0,0.0,0.0,0.0,0,0,0,0.0,0.0,0.0,0,0,0,0.0,0.0,0.0
Open Images,e6697a9f8ec12c82,7,0,1,0,2,2,4,2,6,5,0,0,4,0.028184433999740577,0.007014965000053053,0.0,0.007014965000053053,0.007125104000351712,0.03536952800004656,Optimal,0,none,1.2469763406117755,0,5,100.0,100.0,100.0,2.0,0,2,0,0.0,0.0,0.0,0.0,0,2,0,0.0,0.0,0.0,0.0,0,2,0,0.0,0.0,0.0,0.0,0,2,0,0.0,0.0,0.0,0.0,4.2363999909866834e-05,0,100.0,0,0,0,0.0,0.0,0.0,0,0,0,0.0,0.0,0.0,0,0,0,0.0,0.0,0.0,0,0,0,0.0,0.0,0.0
Open Images,e91b89ea86367570,13,0,3,0,2,2,4,2,6,5,0,0,4,0.021503540999674442,0.007089942000220617,0.0,0.007089942000220617,0.007201700999758032,0.028764314999989438,Optimal,0,none,1.435548294385274,0,5,100.0,100.0,100.0,2.0,0,2,0,0.0,0.0,0.0,0.0,0,2,0,0.0,0.0,0.0,0.0,0,2,0,0.0,0.0,0.0,0.0,0,2,0,0.0,0.0,0.0,0.0,4.1603000227041775e-05,0,100.0,0,0,0,0.0,0.0,0.0,0,0,0,0.0,0.0,0.0,0,0,0,0.0,0.0,0.0,0,0,0,0.0,0.0,0.0
Open Images,e955e464ee18492a,17,1,1,0,2,4,4,4,8,5,0,0,4,0.0306521350003095,0.007427388999985851,0.0,0.007427388999985851,0.007548952999968606,0.038266726000074414,Optimal,0,none,1.398810246785482,0,5,100.0,100.0,100.0,2.0,1,1,0,0.5,1.0,0.6666666666666666,0.9008131454655446,1,1,0,0.5,1.0,0.6666666666666666,0.9008131454655446,1,1,0,0.5,1.0,0.6666666666666666,0.9008131454655446,1,1,0,0.5,1.0,0.6666666666666666,0.9008131454655446,4.8209999931714265e-05,0,100.0,0,0,0,0.0,0.0,0.0,0,0,0,0.0,0.0,0.0,0,0,0,0.0,0.0,0.0,0,0,0,0.0,0.0,0.0
Open Images,ea0cd65da3d17cb6,12,1,2,0,4,16,8,16,24,17,0,0,8,0.01857812299977013,0.008141141000123753,0.0,0.008141141000123753,0.008317110999996657,0.027004260000012437,Optimal,0,none,3.1796697227160147,0,13,100.0,100.0,100.0,2.0,1,3,0,0.25,1.0,0.4,0.9576826105842164,1,3,0,0.25,1.0,0.4,0.9576826105842164,1,3,0,0.25,1.0,0.4,0.9576826105842164,1,3,0,0.25,1.0,0.4,0.9576826105842164,8.287599985123961e-05,0,100.0,0,0,0,0.0,0.0,0.0,0,0,0,0.0,0.0,0.0,0,0,0,0.0,0.0,0.0,0,0,0,0.0,0.0,0.0
Open Images,ea2a84f5d29be501,8,0,2,0,3,14,6,14,20,10,0,0,6,0.029492023999864614,0.007765577999634843,0.0,0.007765577999634843,0.007920388000002276,0.03750836700010041,Optimal,0,none,2.3616968428460927,0,10,100.0,100.0,100.0,2.0,0,3,0,0.0,0.0,0.0,0.0,0,3,0,0.0,0.0,0.0,0.0,0,3,0,0.0,0.0,0.0,0.0,0,3,0,0.0,0.0,0.0,0.0,7.313099968087045e-05,0,100.0,0,0,0,0.0,0.0,0.0,0,0,0,0.0,0.0,0.0,0,0,0,0.0,0.0,0.0,0,0,0,0.0,0.0,0.0
Open Images,eadce84978423613,13,1,5,0,1,0,2,0,2,1,0,0,2,0.03139251199991122,0.007073168999795598,0.0,0.007073168999795598,0.007157925999763393,0.03859654500001852,Optimal,0,none,0.6263865629831951,0,2,100.0,100.0,100.0,2.0,0,1,1,0.0,0.0,0.0,0.0,0,1,1,0.0,0.0,0.0,0.0,0,1,1,0.0,0.0,0.0,0.0,0,1,1,0.0,0.0,0.0,0.0,3.59030000254279e-05,0,100.0,0,0,0,0.0,0.0,0.0,0,0,0,0.0,0.0,0.0,0,0,0,0.0,0.0,0.0,0,0,0,0.0,0.0,0.0
Open Images,ecbbb807ff44e14d,23,1,1,0,2,2,4,2,6,5,0,0,4,0.021952283999780775,0.007145088000015676,0.0,0.007145088000015676,0.007282116000169481,0.02929100799974549,Optimal,0,none,1.335732234319051,0,5,100.0,100.0,100.0,2.0,0,2,1,0.0,0.0,0.0,0.0,0,2,1,0.0,0.0,0.0,0.0,0,2,1,0.0,0.0,0.0,0.0,0,2,1,0.0,0.0,0.0,0.0,4.038599990963121e-05,0,100.0,0,0,0,0.0,0.0,0.0,0,0,0,0.0,0.0,0.0,0,0,0,0.0,0.0,0.0,0,0,0,0.0,0.0,0.0
Open Images,ed583cb7dc069691,40,1,1,0,2,4,4,4,8,5,0,0,4,0.027239908999945328,0.007312738000109675,0.0,0.007312738000109675,0.007454294000126538,0.0347604369999317,Optimal,0,none,1.498928033538598,0,5,100.0,100.0,100.0,2.0,0,2,1,0.0,0.0,0.0,0.0,0,2,1,0.0,0.0,0.0,0.0,0,2,1,0.0,0.0,0.0,0.0,0,2,1,0.0,0.0,0.0,0.0,4.859099999521277e-05,0,100.0,0,0,0,0.0,0.0,0.0,0,0,0,0.0,0.0,0.0,0,0,0,0.0,0.0,0.0,0,0,0,0.0,0.0,0.0
Open Images,f00d696f4d0663e1,20,0,2,0,1,0,2,0,2,1,0,0,2,0.06649366500005272,0.0075958239999636135,0.0,0.0075958239999636135,0.007675445999666408,0.07420493300014641,Optimal,0,none,0.6155933777491251,0,2,100.0,100.0,100.0,2.0,0,1,0,0.0,0.0,0.0,0.0,0,1,0,0.0,0.0,0.0,0.0,0,1,0,0.0,0.0,0.0,0.0,0,1,0,0.0,0.0,0.0,0.0,2.6542999876255635e-05,0,100.0,0,0,0,0.0,0.0,0.0,0,0,0,0.0,0.0,0.0,0,0,0,0.0,0.0,0.0,0,0,0,0.0,0.0,0.0
Open Images,f0ec9c4728c00172,8,5,5,0,3,10,6,10,16,10,0,0,6,0.024869083000339742,0.007608893999986321,0.0,0.007608893999986321,0.007768270000269695,0.03273346500009211,Optimal,0,none,2.2569396805763247,0,10,100.0,100.0,100.0,2.0,1,2,4,0.3333333333333333,0.2,0.25,0.9269897323880109,1,2,4,0.3333333333333333,0.2,0.25,0.9269897323880109,1,2,4,0.3333333333333333,0.2,0.25,0.9269897323880109,1,2,4,0.3333333333333333,0.2,0.25,0.9269897323880109,7.02659999660682e-05,0,100.0,0,0,0,0.0,0.0,0.0,0,0,0,0.0,0.0,0.0,0,0,0,0.0,0.0,0.0,0,0,0,0.0,0.0,0.0
Open Images,f185f8f2d67d0067,8,0,5,0,1,0,2,0,2,1,0,0,2,0.0215857190000861,0.006986173000314011,0.0,0.006986173000314011,0.0070664760000909155,0.02868534700019154,Optimal,0,none,0.5953720013300579,0,2,100.0,100.0,100.0,2.0,0,1,0,0.0,0.0,0.0,0.0,0,1,0,0.0,0.0,0.0,0.0,0,1,0,0.0,0.0,0.0,0.0,0,1,0,0.0,0.0,0.0,0.0,2.4252000002888963e-05,0,100.0,0,0,0,0.0,0.0,0.0,0,0,0,0.0,0.0,0.0,0,0,0,0.0,0.0,0.0,0,0,0,0.0,0.0,0.0
Open Images,f339b1c5438b5b7c,58,2,7,0,7,66,14,66,80,50,0,0,14,0.027565216999846598,0.011260172999755014,0.0,0.011260172999755014,0.011545408999609208,0.03937391999988904,Optimal,0,none,6.246626693407697,0,22,100.0,100.0,100.0,2.0,1,6,1,0.14285714285714285,0.5,0.22222222222222224,0.8079724323056396,1,6,1,0.14285714285714285,0.5,0.22222222222222224,0.8079724323056396,1,6,1,0.14285714285714285,0.5,0.22222222222222224,0.8079724323056396,1,6,1,0.14285714285714285,0.5,0.22222222222222224,0.8079724323056396,0.0002283020003233105,0,100.0,0,0,0,0.0,0.0,0.0,0,0,0,0.0,0.0,0.0,0,0,0,0.0,0.0,0.0,0,0,0,0.0,0.0,0.0
Open Images,f3e7fed441e35ccd,23,0,1,0,4,27,8,27,35,17,0,0,8,0.02690197399988392,0.009164409999812051,0.0,0.009164409999812051,0.009359277999919868,0.03639702999998917,Optimal,0,none,3.2780411746215865,0,13,100.0,100.0,100.0,2.0,0,4,0,0.0,0.0,0.0,0.0,0,4,0,0.0,0.0,0.0,0.0,0,4,0,0.0,0.0,0.0,0.0,0,4,0,0.0,0.0,0.0,0.0,0.0001082490002772829,0,100.0,0,0,0,0.0,0.0,0.0,0,0,0,0.0,0.0,0.0,0,0,0,0.0,0.0,0.0,0,0,0,0.0,0.0,0.0
Open Images,f54cecf49c0397f5,12,0,1,0,3,10,6,10,16,10,0,0,6,0.02509967800006052,0.008073702000274352,0.0,0.008073702000274352,0.008295589999761432,0.033567911999853095,Optimal,0,none,2.3627036762237554,0,10,100.0,100.0,100.0,2.0,0,3,0,0.0,0.0,0.0,0.0,0,3,0,0.0,0.0,0.0,0.0,0,3,0,0.0,0.0,0.0,0.0,0,3,0,0.0,0.0,0.0,0.0,0.0001241629997821292,0,100.0,0,0,0,0.0,0.0,0.0,0,0,0,0.0,0.0,0.0,0,0,0,0.0,0.0,0.0,0,0,0,0.0,0.0,0.0
Open Images,f88b1b035c47011b,12,3,3,0,7,74,14,74,88,50,0,0,14,0.025477520000094955,0.010588343999643257,0.0,0.010588343999643257,0.010909080000146787,0.036824941000304534,Optimal,0,none,5.71500975529353,0,22,100.0,100.0,100.0,2.0,2,5,1,0.2857142857142857,0.6666666666666666,0.4,0.7774606057760761,2,5,1,0.2857142857142857,0.6666666666666666,0.4,0.7774606057760761,2,5,1,0.2857142857142857,0.6666666666666666,0.4,0.7774606057760761,2,5,1,0.2857142857142857,0.6666666666666666,0.4,0.7774606057760761,0.000302832000215858,0,100.0,0,0,0,0.0,0.0,0.0,0,0,0,0.0,0.0,0.0,0,0,0,0.0,0.0,0.0,0,0,0,0.0,0.0,0.0
Open Images,f98e23895593ab01,23,0,3,0,5,40,10,40,50,26,0,0,10,0.02858720300037021,0.00934571900006631,0.0,0.00934571900006631,0.009564408000187541,0.03833131500005038,Optimal,0,none,3.98916116555532,0,16,100.0,100.0,100.0,2.0,0,5,0,0.0,0.0,0.0,0.0,0,5,0,0.0,0.0,0.0,0.0,0,5,0,0.0,0.0,0.0,0.0,0,5,0,0.0,0.0,0.0,0.0,0.00014899600000717328,0,100.0,0,0,0,0.0,0.0,0.0,0,0,0,0.0,0.0,0.0,0,0,0,0.0,0.0,0.0,0,0,0,0.0,0.0,0.0
Open Images,f9d76673400715e9,12,0,1,0,1,0,2,0,2,1,0,0,2,0.038563752000300155,0.007090585999776522,0.0,0.007090585999776522,0.00717484400001922,0.045783889000176714,Optimal,0,none,0.6222742716471354,0,2,100.0,100.0,100.0,2.0,0,1,0,0.0,0.0,0.0,0.0,0,1,0,0.0,0.0,0.0,0.0,0,1,0,0.0,0.0,0.0,0.0,0,1,0,0.0,0.0,0.0,0.0,3.555900002538692e-05,0,100.0,0,0,0,0.0,0.0,0.0,0,0,0,0.0,0.0,0.0,0,0,0,0.0,0.0,0.0,0,0,0,0.0,0.0,0.0
Open Images,f9e161f84d07e4c0,15,0,1,0,1,0,2,0,2,1,0,0,2,0.021133843999905366,0.006427160999919579,0.0,0.006427160999919579,0.006505755000034696,0.027673750999838376,Optimal,0,none,0.6374839941660564,0,2,100.0,100.0,100.0,2.0,0,1,0,0.0,0.0,0.0,0.0,0,1,0,0.0,0.0,0.0,0.0,0,1,0,0.0,0.0,0.0,0.0,0,1,0,0.0,0.0,0.0,0.0,2.461500025674468e-05,0,100.0,0,0,0,0.0,0.0,0.0,0,0,0,0.0,0.0,0.0,0,0,0,0.0,0.0,0.0,0,0,0,0.0,0.0,0.0
Open Images,f9e68389f2422650,11,0,6,0,1,0,2,0,2,1,0,0,2,0.024295180999615695,0.006808812000144826,0.0,0.006808812000144826,0.006890264000048774,0.03122020499995415,Optimal,0,none,0.3856588880221049,0,2,100.0,100.0,100.0,2.0,0,1,0,0.0,0.0,0.0,0.0,0,1,0,0.0,0.0,0.0,0.0,0,1,0,0.0,0.0,0.0,0.0,0,1,0,0.0,0.0,0.0,0.0,2.549700002418831e-05,0,100.0,0,0,0,0.0,0.0,0.0,0,0,0,0.0,0.0,0.0,0,0,0,0.0,0.0,0.0,0,0,0,0.0,0.0,0.0
Open Images,fb29a634ec39a4c1,33,2,2,0,11,172,22,172,194,122,0,0,22,0.022117628999694716,0.015061178999985714,0.0,0.015061178999985714,0.015537542999936704,0.03817163699977755,Optimal,0,none,8.709015622933709,0,34,100.0,100.0,100.0,2.0,1,10,1,0.09090909090909091,0.5,0.15384615384615385,0.7893374152669147,1,10,1,0.09090909090909091,0.5,0.15384615384615385,0.7893374152669147,1,10,1,0.09090909090909091,0.5,0.15384615384615385,0.7893374152669147,1,10,1,0.09090909090909091,0.5,0.15384615384615385,0.7893374152669147,0.0004645619997063477,0,100.0,0,0,0,0.0,0.0,0.0,0,0,0,0.0,0.0,0.0,0,0,0,0.0,0.0,0.0,0,0,0,0.0,0.0,0.0
Open Images,fc14f1cce131d551,28,0,3,0,4,20,8,20,28,17,0,0,8,0.02900015599971084,0.008363552999981039,0.0,0.008363552999981039,0.008545555000182503,0.0376594849999492,Optimal,0,none,3.5278924671808887,0,13,100.0,100.0,100.0,2.0,0,4,0,0.0,0.0,0.0,0.0,0,4,0,0.0,0.0,0.0,0.0,0,4,0,0.0,0.0,0.0,0.0,0,4,0,0.0,0.0,0.0,0.0,8.845299998938572e-05,0,100.0,0,0,0,0.0,0.0,0.0,0,0,0,0.0,0.0,0.0,0,0,0,0.0,0.0,0.0,0,0,0,0.0,0.0,0.0
Open Images,fcae2d2574521a1a,15,0,4,0,2,4,4,4,8,5,0,0,4,0.02773003400034213,0.0075186710000707535,0.0,0.0075186710000707535,0.007654582999748527,0.035449883000183036,Optimal,0,none,1.3626738937695824,0,5,100.0,100.0,100.0,2.0,0,2,0,0.0,0.0,0.0,0.0,0,2,0,0.0,0.0,0.0,0.0,0,2,0,0.0,0.0,0.0,0.0,0,2,0,0.0,0.0,0.0,0.0,4.7214999995048856e-05,0,100.0,0,0,0,0.0,0.0,0.0,0,0,0,0.0,0.0,0.0,0,0,0,0.0,0.0,0.0,0,0,0,0.0,0.0,0.0
Open Images,fcfbd8e754fea64f,26,0,2,0,5,32,10,32,42,26,0,0,10,0.025573734000317927,0.009129178999955911,0.0,0.009129178999955911,0.009353721999559639,0.035094663000108994,Optimal,0,none,4.295860453446707,0,16,100.0,100.0,100.0,2.0,0,5,0,0.0,0.0,0.0,0.0,0,5,0,0.0,0.0,0.0,0.0,0,5,0,0.0,0.0,0.0,0.0,0,5,0,0.0,0.0,0.0,0.0,0.00013465500023812638,0,100.0,0,0,0,0.0,0.0,0.0,0,0,0,0.0,0.0,0.0,0,0,0,0.0,0.0,0.0,0,0,0,0.0,0.0,0.0
Open Images,fd29da80d062d4df,18,0,1,0,3,10,6,10,16,10,0,0,6,0.019232783000006748,0.00749335999989853,0.0,0.00749335999989853,0.007650279000245064,0.026970838999659463,Optimal,0,none,2.3869811558723453,0,10,100.0,100.0,100.0,2.0,0,3,0,0.0,0.0,0.0,0.0,0,3,0,0.0,0.0,0.0,0.0,0,3,0,0.0,0.0,0.0,0.0,0,3,0,0.0,0.0,0.0,0.0,6.437999991248944e-05,0,100.0,0,0,0,0.0,0.0,0.0,0,0,0,0.0,0.0,0.0,0,0,0,0.0,0.0,0.0,0,0,0,0.0,0.0,0.0
Open Images,fdef6eed1051dd32,12,0,1,0,2,6,4,6,10,5,0,0,4,0.019610654000189243,0.0072139409999181225,0.0,0.0072139409999181225,0.0073322510002071795,0.027009292999991885,Optimal,0,none,1.2510389359792078,0,5,100.0,100.0,100.0,2.0,0,2,0,0.0,0.0,0.0,0.0,0,2,0,0.0,0.0,0.0,0.0,0,2,0,0.0,0.0,0.0,0.0,0,2,0,0.0,0.0,0.0,0.0,5.0522000037744874e-05,0,100.0,0,0,0,0.0,0.0,0.0,0,0,0,0.0,0.0,0.0,0,0,0,0.0,0.0,0.0,0,0,0,0.0,0.0,0.0
Open Images,fdefeec421b9a4df,42,0,1,0,22,838,44,838,882,485,0,0,44,0.03412882800012085,0.04897469399975307,0.0,0.04897469399975307,0.05026766699984364,0.0867423200002122,Optimal,0,none,18.2079258910815,0,67,100.0,100.0,100.0,2.0,0,22,0,0.0,0.0,0.0,0.0,0,22,0,0.0,0.0,0.0,0.0,0,22,0,0.0,0.0,0.0,0.0,0,22,0,0.0,0.0,0.0,0.0,0.002242714999738382,0,100.0,0,0,0,0.0,0.0,0.0,0,0,0,0.0,0.0,0.0,0,0,0,0.0,0.0,0.0,0,0,0,0.0,0.0,0.0
Open Images,fe600639ac5f36c1,30,0,2,0,6,57,12,57,69,37,0,0,12,0.018467160999989574,0.010547088999828702,0.0,0.010547088999828702,0.010916007999639987,0.029630429000008007,Optimal,0,none,5.31792480900768,0,19,100.0,100.0,100.0,2.0,0,6,0,0.0,0.0,0.0,0.0,0,6,0,0.0,0.0,0.0,0.0,0,6,0,0.0,0.0,0.0,0.0,0,6,0,0.0,0.0,0.0,0.0,0.00020894699991913512,0,100.0,0,0,0,0.0,0.0,0.0,0,0,0,0.0,0.0,0.0,0,0,0,0.0,0.0,0.0,0,0,0,0.0,0.0,0.0
Open Images,fe67317504c74466,8,0,1,0,3,14,6,14,20,10,0,0,6,0.023933735999889905,0.007838216999971337,0.0,0.007838216999971337,0.007995959000254516,0.03202850399975432,Optimal,0,none,2.3687319850921638,0,10,100.0,100.0,100.0,2.0,0,3,0,0.0,0.0,0.0,0.0,0,3,0,0.0,0.0,0.0,0.0,0,3,0,0.0,0.0,0.0,0.0,0,3,0,0.0,0.0,0.0,0.0,7.623900000908179e-05,0,100.0,0,0,0,0.0,0.0,0.0,0,0,0,0.0,0.0,0.0,0,0,0,0.0,0.0,0.0,0,0,0,0.0,0.0,0.0
Open Images,ff50b6fca1c1d54b,20,1,6,0,5,38,10,38,48,26,0,0,10,0.020974611999918125,0.009145015999820316,0.0,0.009145015999820316,0.009345277999727841,0.030495063999751437,Optimal,0,none,4.172469111283621,0,16,100.0,100.0,100.0,2.0,1,4,0,0.2,1.0,0.33333333333333337,0.6225518865899726,1,4,0,0.2,1.0,0.33333333333333337,0.6225518865899726,1,4,0,0.2,1.0,0.33333333333333337,0.6225518865899726,1,4,0,0.2,1.0,0.33333333333333337,0.6225518865899726,0.00014566599975296413,0,100.0,0,0,0,0.0,0.0,0.0,0,0,0,0.0,0.0,0.0,0,0,0,0.0,0.0,0.0,0,0,0,0.0,0.0,0.0
Open Images,ffb2640fb0b5a865,20,1,6,0,2,4,4,4,8,5,0,0,4,0.02230993499961187,0.00678893899976174,0.0,0.00678893899976174,0.00689524099971095,0.02927434799994444,Optimal,0,none,1.356599574130295,0,5,100.0,100.0,100.0,2.0,0,2,1,0.0,0.0,0.0,0.0,0,2,1,0.0,0.0,0.0,0.0,0,2,1,0.0,0.0,0.0,0.0,0,2,1,0.0,0.0,0.0,0.0,5.3377000313048484e-05,0,100.0,0,0,0,0.0,0.0,0.0,0,0,0,0.0,0.0,0.0,0,0,0,0.0,0.0,0.0,0,0,0,0.0,0.0,0.0
Open Images,ffddf3805faf3cbf,12,1,1,0,2,5,4,5,9,5,0,0,4,0.018952061000163667,0.007336931000281766,0.0,0.007336931000281766,0.0074559579998094705,0.02647521200015035,Optimal,0,none,1.4386638641756795,0,5,100.0,100.0,100.0,2.0,0,2,1,0.0,0.0,0.0,0.0,0,2,1,0.0,0.0,0.0,0.0,0,2,1,0.0,0.0,0.0,0.0,0,2,1,0.0,0.0,0.0,0.0,5.024900019634515e-05,0,100.0,0,0,0,0.0,0.0,0.0,0,0,0,0.0,0.0,0.0,0,0,0,0.0,0.0,0.0,0,0,0,0.0,0.0,0.0
